epoch,key,mask_pos_membership,topk_membership,n_pos,n_topk,n_in_gts
0,00000045#1,1,1,10,10,242
0,00000045#2,1,1,10,10,88
0,00000045#3,1,1,10,10,105
0,00000045#6,1,1,10,10,286
0,00000045#7,1,1,10,10,279
0,00000057#1,1,1,10,10,225
0,00000057#2,1,1,10,10,88
0,00000057#3,1,1,10,10,111
0,00000057#5,1,1,10,10,133
0,00000063#1,1,1,10,10,279
0,00000063#2,1,1,10,10,90
0,00000063#3,1,1,10,10,107
0,00000063#5,1,1,10,10,208
0,00000095#1,1,1,10,10,279
0,00000095#2,1,1,10,10,114
0,00000095#3,1,1,10,10,105
0,00000106#1,1,1,10,10,245
0,00000106#2,1,1,10,10,135
0,00000106#3,1,1,10,10,122
0,00000106#5,1,1,10,10,157
0,00000123#1,1,1,10,10,196
0,00000123#2,1,1,10,10,87
0,00000123#3,1,1,10,10,190
0,00000123#5,1,1,10,10,108
0,00000171#0,1,1,10,10,120
0,00000180#0,1,1,10,10,136
0,00000234#1,1,1,10,10,108
0,00000257#0,1,1,10,10,93
0,00000271#0,1,1,10,10,118
0,00000271#1,1,1,10,10,132
0,00000273#0,1,1,10,10,84
0,00000273#1,1,1,10,10,99
0,000002_080_00000048#0,1,1,10,10,69
0,000002_083_00000169#0,1,1,10,10,14
0,000002_083_00000169#1,1,1,10,10,26
0,000002_083_00000169#2,1,1,10,10,36
0,00000346#0,1,1,10,10,381
0,00000364#0,1,1,10,10,210
0,00000396#0,1,1,10,10,111
0,00000399#0,1,1,10,10,82
0,000003_081_00000171#10,1,1,10,10,76
0,000003_081_00000171#11,1,1,10,10,82
0,00000426#0,1,1,10,10,653
0,00000506#0,1,1,10,10,117
0,000005_004_00000286#4,1,1,10,10,62
0,000005_006_00000001#1,1,1,10,10,68
0,000005_006_00000001#2,1,1,10,10,25
0,000005_019_00000209#0,1,1,10,10,43
0,000005_019_00000209#1,1,1,10,10,31
0,000005_019_00000209#2,1,1,10,10,59
0,000005_027_00000493#1,1,1,10,10,34
0,000005_027_00000493#2,1,1,10,10,38
0,000005_027_00000493#3,1,1,10,10,49
0,000005_027_00000493#4,1,1,10,10,21
0,000005_027_00000493#5,1,1,10,10,25
0,000005_027_00000493#6,1,1,10,10,20
0,000005_027_00000493#7,1,1,10,10,26
0,000005_027_00000493#8,1,1,10,10,74
0,000005_028_00000001#2,1,1,10,10,77
0,000005_028_00000163#2,1,1,10,10,31
0,00000618#2,1,1,10,10,101
0,000006_010_00000389#4,1,1,10,10,58
0,000006_011_00000307#3,1,1,10,10,25
0,000006_011_00000409#8,1,1,10,10,40
0,000006_011_00000409#10,1,1,10,10,54
0,000006_012_00000001#3,1,1,10,10,38
0,000006_012_00000001#6,1,1,10,10,63
0,000006_012_00000001#11,1,1,10,10,69
0,000006_012_00000001#12,1,1,10,10,33
0,000008_003_00000235#1,1,1,10,10,76
0,000008_003_00000235#2,1,1,10,10,59
0,000008_003_00000235#3,1,1,10,10,81
0,000008_003_00000235#4,1,1,10,10,66
0,000008_003_00000235#5,1,1,10,10,68
0,000008_003_00000235#10,1,1,10,10,68
0,000008_003_00000235#11,1,1,10,10,16
0,000008_003_00000352#1,1,1,10,10,66
0,000008_003_00000352#3,1,1,10,10,80
0,000008_003_00000352#5,1,1,10,10,74
0,000008_003_00000352#7,1,1,10,10,75
0,000008_003_00000352#8,1,1,10,10,75
0,000008_003_00000352#9,1,1,10,10,76
0,000008_003_00000352#10,1,1,10,10,64
0,000008_003_00000352#12,1,1,10,10,74
0,000008_003_00000352#13,1,1,10,10,16
0,000008_003_00000469#0,1,1,10,10,85
0,000008_003_00000469#1,1,1,10,10,70
0,000008_003_00000469#2,1,1,10,10,67
0,000008_003_00000469#3,1,1,10,10,78
0,000008_003_00000469#4,1,1,10,10,85
0,000008_003_00000469#6,1,1,10,10,89
0,000008_003_00000469#9,1,1,10,10,31
0,000008_003_00000469#10,1,1,10,10,18
0,000008_004_00000665#2,1,1,10,10,34
0,000008_004_00000665#4,1,1,10,10,39
0,000008_004_00000665#11,1,1,10,10,52
0,000008_004_00000665#12,1,1,10,10,63
0,000008_004_00000665#13,1,1,10,10,37
0,000008_013_00000195#1,1,1,10,10,66
0,000008_013_00000195#2,1,1,10,10,60
0,000008_042_00000273#1,1,1,10,10,40
0,000008_045_00000001#0,1,1,10,10,48
0,000008_045_00000001#2,1,1,10,10,70
0,000008_045_00000001#3,1,1,10,10,14
0,000008_045_00000157#0,1,1,10,10,80
0,000008_045_00000157#4,1,1,10,10,17
0,000008_048_00000361#3,1,1,10,10,42
0,000008_048_00000361#4,1,1,9,10,36
0,000008_048_00000361#5,1,1,9,10,29
0,000009_008_00000241#3,1,1,10,10,78
0,000009_008_00000241#5,1,1,10,10,69
0,000009_008_00000241#6,1,1,10,10,29
0,000009_008_00000241#7,1,1,10,10,76
0,000009_008_00000241#9,1,1,10,10,84
0,000009_033_00000333#1,1,1,10,10,16
0,000009_033_00000333#2,1,1,10,10,38
0,000009_033_00000333#3,1,1,10,10,38
0,000009_033_00000333#4,1,1,10,10,36
0,000009_033_00000333#6,1,1,10,10,51
0,000012_008_00000163#3,1,1,10,10,67
0,000012_008_00000163#4,1,1,10,10,55
0,000012_008_00000163#5,1,1,10,10,48
0,000012_008_00000163#6,1,1,10,10,60
0,000012_008_00000163#8,1,1,10,10,74
0,000012_008_00000163#10,1,1,10,10,17
0,000012_008_00000163#11,1,1,10,10,26
0,000012_008_00000163#12,1,1,10,10,27
0,000012_008_00000163#13,1,1,10,10,15
0,000012_008_00000163#14,1,1,10,10,11
0,000012_009_00000244#1,1,1,10,10,71
0,000012_009_00000244#3,1,1,10,10,68
0,000012_009_00000244#4,1,1,10,10,40
0,000012_009_00000244#5,1,1,10,10,45
0,000012_009_00000244#6,1,1,10,10,21
0,000012_009_00000244#7,1,1,10,10,13
0,000012_009_00000244#8,1,1,10,10,12
0,000012_009_00000244#9,1,1,10,10,14
0,000012_009_00000244#10,1,1,10,10,34
0,000012_009_00000244#11,1,1,10,10,18
0,000012_009_00000244#12,1,1,10,10,18
0,000012_009_00000244#13,1,1,10,10,19
0,000012_009_00000244#14,1,1,8,10,8
0,000012_009_00000325#3,1,1,10,10,82
0,000012_009_00000325#4,1,1,10,10,36
0,000012_009_00000325#5,1,1,10,10,43
0,000012_009_00000325#6,1,1,10,10,28
0,000012_009_00000325#7,1,1,10,10,17
0,000012_009_00000325#8,1,1,10,10,16
0,000012_009_00000325#9,1,1,8,10,8
0,000012_009_00000325#11,1,1,10,10,28
0,000012_009_00000325#12,1,1,10,10,15
0,000012_009_00000325#14,1,1,10,10,22
0,000012_009_00000325#15,1,1,5,10,19
0,000012_009_00000325#16,1,1,10,10,35
0,000012_014_00000184#0,1,1,10,10,33
0,000012_014_00000184#1,1,1,10,10,55
0,000012_014_00000184#3,1,1,10,10,26
0,000012_019_00000151#1,1,1,10,10,59
0,000012_019_00000151#2,1,1,10,10,14
0,000012_019_00000151#4,1,1,10,10,21
0,000012_019_00000151#5,1,1,10,10,14
0,000012_022_00000090#0,1,1,10,10,64
0,000012_022_00000090#1,1,1,10,10,23
0,000012_025_00000313#1,1,1,10,10,11
0,000012_025_00000313#2,1,1,10,10,11
0,000012_025_00000313#3,1,1,10,10,13
0,000012_025_00000313#4,1,1,7,10,7
0,000012_025_00000313#5,1,1,10,10,13
0,000012_025_00000313#6,1,1,8,10,8
0,000012_028_00000250#0,1,1,10,10,64
0,000012_028_00000250#1,1,1,10,10,56
0,000013_001_00000001#1,1,1,10,10,33
0,000013_001_00000001#2,1,1,10,10,34
0,000013_001_00000001#3,1,1,10,10,31
0,000013_002_00000281#1,1,1,10,10,31
0,000013_002_00000281#2,1,1,10,10,36
0,000013_002_00000281#3,1,1,10,10,20
0,000013_023_00000075#1,1,1,10,10,56
0,000013_023_00000075#2,1,1,10,10,68
0,000013_025_00000285#0,1,1,10,10,15
0,000013_025_00000285#1,1,1,10,10,56
0,000013_025_00000285#2,1,1,10,10,20
0,000013_030_00000063#0,1,1,10,10,21
0,000013_030_00000063#1,1,1,10,10,68
0,000013_039_00000063#0,1,1,10,10,41
0,000013_039_00000063#1,1,1,10,10,32
0,000013_039_00000063#3,1,1,10,10,26
0,000013_039_00000063#5,1,1,8,10,8
0,000013_040_suppl_00000167#0,1,1,10,10,79
0,000013_040_suppl_00000333#1,1,1,10,10,50
0,000013_040_suppl_00000333#3,1,1,10,10,80
0,000013_040_suppl_00000333#4,1,1,8,10,8
0,000013_044_00000001#0,1,1,10,10,24
0,000013_044_00000001#1,1,1,10,10,31
0,000013_044_00000001#2,1,1,10,10,72
0,000013_044_00000001#4,1,1,3,10,38
0,000013_044_00000001#5,0,1,0,10,72
0,000013_044_00000001#7,1,1,10,10,62
0,000013_048_00000001#0,1,1,10,10,46
0,000013_048_00000001#1,1,1,8,10,60
0,000013_048_00000001#3,0,1,0,10,49
0,000013_048_00000001#4,1,1,2,10,69
0,000013_056_00000281#2,1,1,10,10,49
0,000013_056_00000281#3,1,1,10,10,16
0,000013_056_00000281#4,1,1,10,10,21
0,000013_056_00000281#6,1,1,10,10,11
0,000013_056_00000281#7,1,1,10,10,12
0,000013_056_00000281#8,1,1,10,10,64
0,000013_056_00000281#9,1,1,10,10,43
0,000013_056_00000281#10,1,1,10,10,32
0,000014_012_00000217#1,1,1,10,10,41
0,000014_012_00000217#2,1,1,10,10,48
0,000014_050_00000273#3,1,1,10,10,47
0,000014_050_00000273#4,1,1,10,10,57
0,000014_050_00000273#5,1,1,10,10,26
0,000014_051_suppl_00000341#2,1,1,10,10,15
0,000014_052_00000131#2,1,1,10,10,22
0,000014_052_00000131#3,1,1,10,10,13
0,000015_004_00000268#0,1,1,10,10,27
0,000015_004_suppl_00000223#2,1,1,10,10,36
0,000016_043_suppl_00000292#1,1,1,10,10,21
0,000016_043_suppl_00000292#2,1,1,10,10,56
0,000016_043_suppl_00000292#4,1,1,10,10,30
0,000016_043_suppl_00000292#5,1,1,10,10,25
0,000016_043_suppl_00000292#6,1,1,10,10,45
0,000016_043_suppl_00000292#8,1,1,10,10,26
0,000016_043_suppl_00000292#9,1,1,10,10,32
0,000016_043_suppl_00000292#10,1,1,10,10,19
0,000016_043_suppl_00000292#11,1,1,10,10,27
0,000016_043_suppl_00000292#12,1,1,10,10,32
0,000016_043_suppl_00000292#14,1,1,10,10,70
0,000016_043_suppl_00000292#17,1,1,10,10,47
0,000016_043_suppl_00000292#20,1,1,10,10,23
0,000016_044_00000085#0,1,1,10,10,83
0,000016_044_00000085#1,1,1,10,10,62
0,000016_044_00000085#3,1,1,10,10,17
0,000016_044_00000085#4,1,1,10,10,65
0,000016_044_00000085#7,1,1,10,10,67
0,000016_044_00000085#10,1,1,10,10,78
0,000016_044_00000169#1,1,1,10,10,37
0,000016_044_00000169#2,1,1,10,10,36
0,000016_044_00000169#3,1,1,10,10,16
0,000016_044_00000169#5,1,1,10,10,15
0,000016_044_00000169#6,1,1,10,10,59
0,000016_044_00000169#8,1,1,10,10,88
0,000016_044_00000169#16,1,1,10,10,73
0,000016_044_00000169#17,1,1,10,10,65
0,000017_011_00000297#3,1,1,10,10,12
0,000017_011_00000297#5,1,1,10,10,68
0,000017_011_00000297#9,1,1,10,10,26
0,000017_011_00000297#10,1,1,10,10,86
0,000017_011_00000297#11,1,1,10,10,59
0,000017_011_00000297#13,1,1,10,10,43
0,000017_012_00000135#2,1,1,10,10,36
0,000017_020_00000214#0,1,1,10,10,21
0,000017_020_00000214#2,1,1,10,10,27
0,000017_020_suppl_00000356#0,1,1,10,10,20
0,000017_020_suppl_00000356#2,1,1,10,10,20
0,000018_006_00000063#0,1,1,10,10,66
0,000019_030_00000072#1,1,1,10,10,23
0,000019_030_00000072#2,1,1,10,10,72
0,000019_030_00000072#3,1,1,10,10,54
0,000019_030_00000072#4,1,1,10,10,21
0,000019_030_00000072#5,1,1,10,10,10
0,000019_038_00000205#2,1,1,10,10,20
0,000019_038_00000205#3,1,1,10,10,25
0,000019_038_00000205#4,1,1,10,10,21
0,000019_038_00000205#5,1,1,10,10,36
0,000019_038_00000205#6,1,1,10,10,84
0,000019_038_00000205#7,1,1,10,10,70
0,000019_038_00000205#8,1,1,9,10,82
0,000019_041_00000141#2,1,1,10,10,24
0,000019_045_00000145#4,1,1,10,10,46
0,000019_045_00000145#5,1,1,10,10,42
0,000019_045_00000145#7,1,1,6,10,67
0,000020_010_00000089#1,1,1,10,10,60
0,000020_010_00000089#5,1,1,9,10,9
0,000020_010_00000089#6,1,1,10,10,20
0,000020_010_00000089#7,1,1,4,10,8
0,000020_014_00000193#2,1,1,10,10,63
0,000020_014_00000193#3,1,1,10,10,76
0,000020_014_00000193#5,1,1,10,10,54
0,000020_014_00000193#6,1,1,10,10,77
0,000020_018_00000093#0,1,1,10,10,16
0,000020_018_00000093#1,1,1,10,10,24
0,000020_018_00000093#2,1,1,10,10,81
0,000020_018_00000093#3,1,1,10,10,42
0,000021_020_00000131#2,1,1,10,10,76
0,000023_005_00000070#1,1,1,10,10,32
0,000023_005_00000070#2,1,1,10,10,87
0,000023_005_00000070#3,1,1,10,10,63
0,000023_005_00000070#4,1,1,10,10,63
0,000023_005_00000070#5,1,1,10,10,18
0,000023_005_00000070#6,1,1,10,10,23
0,000031#0,1,1,10,10,53
0,000031#1,1,1,10,10,15
0,000031#2,1,1,8,10,8
0,000031#3,1,1,10,10,15
0,000031#6,1,1,10,10,24
0,000031#8,1,1,10,10,53
0,000031#10,1,1,10,10,16
0,000031#11,1,1,10,10,21
0,000066#0,1,1,10,10,31
0,000066#1,1,1,10,10,15
0,000066#2,1,1,10,10,61
0,000066#3,1,1,10,10,39
0,000070#0,1,1,10,10,28
0,000070#1,1,1,10,10,18
0,000070#2,1,1,10,10,52
0,000070#3,1,1,10,10,67
0,000173#1,1,1,10,10,27
0,000303#2,1,1,10,10,67
0,000303#6,1,1,10,10,30
0,000303#7,1,1,10,10,16
0,000328#1,1,1,10,10,58
0,000328#3,1,1,10,10,65
0,000415#1,1,1,10,10,14
0,000415#2,1,1,8,10,9
0,000415#4,1,1,10,10,22
0,000415#5,1,1,10,10,24
0,000415#6,1,1,10,10,12
0,000415#8,1,1,10,10,10
0,000415#10,1,1,10,10,13
0,000415#11,1,1,10,10,12
0,000415#13,1,1,10,10,21
0,000415#14,1,1,10,10,13
0,000415#15,1,1,10,10,17
0,000415#16,1,1,8,10,8
0,000415#17,1,1,9,10,10
0,000415#19,1,1,10,10,37
0,000433#7,1,1,10,10,57
0,000437#0,1,1,10,10,67
0,000437#1,1,1,10,10,75
0,000437#2,1,1,10,10,26
0,000437#5,1,1,10,10,48
0,000484#2,1,1,10,10,37
0,000484#3,1,1,10,10,55
0,000500#0,1,1,10,10,14
0,000500#1,1,1,9,10,9
0,000500#2,1,1,10,10,15
0,000525#0,1,1,10,10,14
0,000525#1,1,1,10,10,30
0,000525#2,1,1,10,10,35
0,000561#0,1,1,10,10,70
0,000561#3,1,1,10,10,63
0,000561#4,1,1,10,10,38
0,000597#2,1,1,10,10,62
0,000597#3,1,1,10,10,29
0,000630#0,1,1,10,10,14
0,000680#5,1,1,10,10,69
0,000707#1,1,1,10,10,13
0,000707#2,1,1,10,10,18
0,000707#3,1,1,9,10,9
0,000707#4,1,1,10,10,25
0,000707#5,1,1,10,10,20
0,000735#1,1,1,10,10,11
0,000738#0,1,1,10,10,26
0,000738#2,1,1,8,10,9
0,000738#3,1,1,10,10,36
0,000756#4,1,1,10,10,34
0,000759#2,1,1,10,10,34
0,000780#0,1,1,10,10,22
0,000780#3,1,1,10,10,90
0,000783#0,1,1,10,10,45
0,000783#1,1,1,10,10,42
0,000783#3,1,1,10,10,38
0,000783#4,1,1,10,10,26
0,000808#1,1,1,10,10,21
0,000820#2,1,1,10,10,58
0,000820#3,1,1,10,10,45
0,000820#4,1,1,10,10,25
0,000820#5,1,1,10,10,27
0,000820#7,1,1,8,10,8
0,000889#5,1,1,10,10,84
0,000889#6,1,1,10,10,40
0,000889#7,1,1,10,10,14
0,000889#8,1,1,10,10,15
0,000889#9,1,1,10,10,22
0,000889#13,1,1,10,10,24
0,000889#14,1,1,10,10,69
0,000943#0,1,1,10,10,16
0,000943#1,1,1,10,10,14
0,000943#2,1,1,10,10,64
0,000943#3,1,1,7,10,7
0,000943#4,1,1,6,10,7
0,000943#6,1,1,9,10,18
0,000943#7,1,1,9,10,23
0,000952#0,1,1,10,10,22
0,001033#1,1,1,10,10,15
0,001033#2,1,1,10,10,31
0,001033#3,1,1,10,10,41
0,001033#9,1,1,9,10,25
0,001033#10,1,1,10,10,21
0,001035#0,1,1,10,10,19
0,001035#1,1,1,10,10,53
0,001035#2,1,1,10,10,76
0,001035#7,1,1,10,10,40
0,001035#9,1,1,10,10,22
0,001035#10,1,1,10,10,63
0,001114#5,1,1,10,10,47
0,001114#6,1,1,10,10,40
0,001114#7,1,1,10,10,12
0,001114#8,1,1,10,10,26
0,001114#10,1,1,10,10,17
0,001123#0,1,1,10,10,31
0,001123#1,1,1,10,10,76
0,001123#2,1,1,10,10,77
0,001123#4,1,1,10,10,64
0,001123#5,1,1,10,10,42
0,001123#6,1,1,10,10,79
0,001123#7,1,1,10,10,86
0,001123#8,1,1,10,10,36
0,001123#9,1,1,10,10,56
0,001123#10,1,1,10,10,62
0,001123#11,1,1,10,10,66
0,001123#12,1,1,10,10,79
0,001123#13,1,1,10,10,31
0,001123#18,1,1,8,10,9
0,001123#19,1,1,9,10,10
0,001123#20,1,1,10,10,49
0,001123#21,1,1,10,10,32
0,001123#22,1,1,10,10,33
0,001135#4,1,1,10,10,64
0,001135#6,1,1,10,10,72
0,001135#7,1,1,8,10,14
0,001157#4,1,1,10,10,14
0,001157#5,1,1,10,10,30
0,001157#8,1,1,10,10,77
0,001157#9,1,1,10,10,68
0,001202#3,1,1,10,10,72
0,001202#4,1,1,10,10,78
0,001202#8,1,1,10,10,23
0,001202#10,1,1,10,10,56
0,001202#11,1,1,10,10,57
0,001202#12,1,1,10,10,42
0,001257#0,1,1,10,10,46
0,001257#3,1,1,10,10,69
0,001257#6,1,1,10,10,27
0,001257#9,1,1,10,10,27
0,001257#10,1,1,10,10,46
0,001257#11,1,1,10,10,31
0,001276#3,1,1,10,10,58
0,001276#7,1,1,10,10,30
0,001276#9,1,1,10,10,54
0,001276#10,1,1,10,10,27
0,001276#11,1,1,10,10,31
0,001276#12,1,1,10,10,25
0,001276#13,1,1,10,10,35
0,001276#14,1,1,10,10,50
0,001276#15,1,1,10,10,25
0,001295#0,1,1,10,10,30
0,001295#1,1,1,10,10,52
0,001295#3,1,1,10,10,10
0,001295#10,1,1,10,10,55
0,001295#11,1,1,10,10,24
0,001295#12,1,1,10,10,17
0,001295#13,1,1,9,10,28
0,001295#14,1,1,10,10,36
0,001295#15,1,1,10,10,24
0,001295#17,1,1,10,10,19
0,001295#18,1,1,9,10,15
0,001295#19,1,1,10,10,17
0,001295#20,1,1,10,10,16
0,001295#21,1,1,10,10,22
0,001295#22,1,1,10,10,26
0,001295#24,1,1,10,10,26
0,001295#26,1,1,9,10,9
0,001409#0,1,1,10,10,39
0,001409#1,1,1,10,10,43
0,001415#0,1,1,10,10,42
0,001415#1,1,1,10,10,44
0,001415#2,1,1,10,10,41
0,001415#3,1,1,10,10,53
0,001443#3,1,1,10,10,53
0,001443#4,1,1,10,10,73
0,001443#6,1,1,5,10,66
0,001443#7,1,1,10,10,67
0,001443#9,1,1,10,10,27
0,001443#10,1,1,10,10,46
0,001461#2,1,1,10,10,28
0,001461#3,1,1,10,10,42
0,001461#4,1,1,10,10,64
0,001461#5,1,1,10,10,36
0,001531#1,1,1,10,10,16
0,001531#2,1,1,10,10,11
0,001531#6,1,1,10,10,28
0,001531#8,1,1,10,10,11
0,001531#10,1,1,10,10,43
0,001558#4,1,1,10,10,31
0,001683#1,1,1,10,10,83
0,001683#6,1,1,10,10,36
0,001683#7,1,1,10,10,46
0,001683#8,1,1,10,10,50
0,001694#1,1,1,10,10,28
0,001694#2,1,1,10,10,64
0,001694#7,1,1,10,10,62
0,001694#8,1,1,10,10,36
0,001694#9,1,1,10,10,50
0,001694#10,1,1,10,10,27
0,001694#11,1,1,10,10,28
0,001694#12,1,1,10,10,22
0,001694#13,1,1,10,10,27
0,001694#14,1,1,10,10,31
0,001707#1,1,1,10,10,22
0,001707#2,1,1,10,10,68
0,001707#7,1,1,10,10,62
0,001707#8,1,1,10,10,36
0,001707#9,1,1,10,10,31
0,001707#10,1,1,10,10,34
0,001707#11,1,1,10,10,57
0,001707#12,1,1,10,10,19
0,001712#1,1,1,10,10,72
0,001712#6,1,1,10,10,58
0,001712#7,1,1,10,10,16
0,001712#8,1,1,10,10,36
0,001712#9,1,1,10,10,55
0,001712#10,1,1,10,10,25
0,001712#11,1,1,10,10,23
0,001712#12,1,1,10,10,27
0,001724#1,1,1,10,10,11
0,001724#3,1,1,10,10,56
0,001724#7,1,1,10,10,84
0,001724#8,1,1,10,10,34
0,001724#9,1,1,10,10,30
0,001724#10,1,1,10,10,27
0,001724#11,1,1,10,10,34
0,001724#12,1,1,10,10,38
0,001737#3,1,1,10,10,54
0,001737#7,1,1,10,10,76
0,001737#8,1,1,8,10,8
0,001737#9,1,1,10,10,15
0,001737#10,1,1,10,10,36
0,001737#11,1,1,10,10,30
0,001737#12,1,1,10,10,38
0,001737#13,1,1,10,10,30
0,001742#0,1,1,10,10,41
0,001763#0,1,1,10,10,25
0,001785#0,1,1,10,10,50
0,001785#1,1,1,10,10,51
0,001785#2,1,1,10,10,80
0,001851#0,1,1,10,10,48
0,001851#8,1,1,10,10,25
0,001851#9,1,1,10,10,27
0,001851#10,1,1,10,10,31
0,001851#11,1,1,10,10,25
0,001851#12,1,1,10,10,27
0,001851#13,1,1,10,10,50
0,001851#14,1,1,10,10,27
0,001862#0,1,1,10,10,48
0,001862#8,1,1,10,10,21
0,001862#9,1,1,10,10,27
0,001862#10,1,1,10,10,54
0,001862#11,1,1,10,10,21
0,001862#12,1,1,10,10,20
0,001862#13,1,1,10,10,32
0,001862#14,1,1,10,10,29
0,001862#15,1,1,10,10,37
0,001873#0,1,1,10,10,48
0,001873#4,1,1,10,10,73
0,001873#8,1,1,10,10,26
0,001873#9,1,1,10,10,50
0,001873#10,1,1,10,10,14
0,001873#11,1,1,10,10,27
0,001873#12,1,1,10,10,26
0,001873#13,1,1,10,10,27
0,001881#0,1,1,10,10,48
0,001881#4,1,1,10,10,73
0,001881#8,1,1,10,10,25
0,001881#9,1,1,10,10,54
0,001881#10,1,1,10,10,22
0,001884#0,1,1,10,10,52
0,001884#4,1,1,10,10,73
0,001884#8,1,1,10,10,21
0,001884#9,1,1,10,10,57
0,001884#10,1,1,10,10,25
0,001884#11,1,1,10,10,23
0,001884#12,1,1,10,10,20
0,001884#13,1,1,10,10,17
0,001884#14,1,1,10,10,27
0,001898#0,1,1,10,10,52
0,001898#4,1,1,10,10,74
0,001898#7,1,1,10,10,22
0,001898#8,1,1,10,10,20
0,001898#9,1,1,10,10,21
0,001898#10,1,1,10,10,24
0,001898#11,1,1,10,10,36
0,001898#12,1,1,10,10,55
0,001898#13,1,1,10,10,27
0,001898#14,1,1,10,10,24
0,001970#1,1,1,10,10,73
0,001970#3,1,1,10,10,36
0,001970#7,1,1,10,10,65
0,001970#8,1,1,10,10,26
0,001970#9,1,1,10,10,41
0,001970#10,1,1,10,10,27
0,002048#2,1,1,10,10,68
0,002048#3,1,1,10,10,53
0,002048#4,1,1,10,10,76
0,002048#7,1,1,10,10,37
0,002048#8,1,1,10,10,19
0,002048#9,1,1,10,10,40
0,002048#10,1,1,10,10,41
0,002097#3,1,1,10,10,67
0,002097#4,1,1,10,10,75
0,002097#7,1,1,10,10,22
0,002097#8,1,1,10,10,29
0,002097#9,1,1,10,10,32
0,002097#10,1,1,10,10,32
0,002102#0,1,1,10,10,63
0,002102#1,1,1,10,10,67
0,002102#2,1,1,10,10,64
0,002102#3,1,1,10,10,55
0,002102#4,1,1,10,10,59
0,002102#5,1,1,10,10,40
0,002102#6,1,1,10,10,56
0,002102#7,1,1,10,10,56
0,002102#8,1,1,10,10,50
0,002156#0,1,1,10,10,40
0,002156#1,1,1,10,10,28
0,002156#2,1,1,10,10,38
0,002156#3,1,1,4,10,59
0,002156#4,1,1,10,10,81
0,002156#7,1,1,10,10,46
0,002156#8,1,1,10,10,34
0,002156#9,1,1,10,10,53
0,002207#0,1,1,9,10,11
0,002207#1,1,1,10,10,49
0,002235#3,1,1,10,10,36
0,002235#5,1,1,10,10,55
0,002235#6,1,1,5,10,17
0,002235#7,1,1,10,10,27
0,002235#10,1,1,10,10,10
0,002265#3,1,1,10,10,15
0,002265#4,1,1,10,10,13
0,002276#0,1,1,10,10,41
0,002276#1,1,1,10,10,18
0,002276#2,1,1,9,10,32
0,002276#3,1,1,10,10,53
0,002276#6,1,1,10,10,46
0,002331#2,1,1,10,10,49
0,002331#3,1,1,10,10,37
0,002331#4,1,1,10,10,75
0,002331#16,1,1,10,10,14
0,002331#18,1,1,10,10,21
0,002334#1,1,1,10,10,11
0,002334#8,1,1,10,10,56
0,002334#9,1,1,10,10,18
0,002338#0,1,1,10,10,62
0,002338#1,1,1,10,10,70
0,002338#4,1,1,10,10,73
0,002338#5,1,1,10,10,44
0,002357#0,1,1,10,10,23
0,002357#1,1,1,10,10,35
0,002357#2,1,1,10,10,72
0,002357#3,1,1,10,10,43
0,002359#0,1,1,10,10,29
0,002359#1,1,1,10,10,43
0,002359#2,1,1,10,10,45
0,002359#3,1,1,10,10,27
0,002378#0,1,1,10,10,34
0,002378#1,1,1,10,10,11
0,002378#3,1,1,10,10,66
0,002378#5,1,1,10,10,73
0,002378#6,1,1,10,10,19
0,002380#2,1,1,10,10,77
0,002380#3,1,1,10,10,55
0,002380#4,1,1,10,10,19
0,002380#5,1,1,8,10,8
0,002380#6,1,1,10,10,45
0,002380#7,1,1,10,10,14
0,002380#8,1,1,10,10,15
0,002380#9,1,1,10,10,25
0,002413#0,1,1,10,10,23
0,002517#1,1,1,10,10,48
0,002517#2,1,1,10,10,16
0,002517#4,1,1,9,10,23
0,002517#5,1,1,10,10,76
0,002584#4,1,1,8,10,11
0,002584#6,1,1,10,10,11
0,002625#6,1,1,10,10,17
0,002625#8,1,1,10,10,26
0,002625#10,1,1,10,10,27
0,002625#13,1,1,10,10,22
0,002625#14,1,1,10,10,73
0,002625#18,1,1,10,10,29
0,002625#19,1,1,10,10,13
0,002625#20,1,1,10,10,70
0,002625#21,1,1,10,10,82
0,002625#22,1,1,10,10,36
0,002625#23,1,1,10,10,34
0,002625#24,1,1,10,10,65
0,002625#25,1,1,10,10,11
0,002625#26,1,1,10,10,48
0,002625#27,1,1,2,10,25
0,002625#28,1,1,10,10,37
0,002625#29,1,1,10,10,63
0,002625#30,1,1,10,10,23
0,002625#31,1,1,10,10,34
0,002625#32,1,1,10,10,45
0,002625#33,1,1,10,10,12
0,002627#5,1,1,10,10,20
0,002627#7,1,1,10,10,17
0,002627#11,1,1,10,10,74
0,002627#12,1,1,10,10,32
0,002627#15,1,1,10,10,69
0,002627#17,1,1,10,10,73
0,002627#18,1,1,10,10,74
0,002627#19,1,1,10,10,18
0,002627#22,1,1,10,10,87
0,002627#23,1,1,10,10,71
0,002627#26,1,1,10,10,80
0,002627#27,1,1,10,10,81
0,002627#28,1,1,10,10,48
0,002627#30,1,1,10,10,39
0,002627#31,1,1,10,10,50
0,002627#32,1,1,10,10,55
0,002671#7,1,1,10,10,51
0,002671#9,1,1,10,10,25
0,002671#11,1,1,10,10,39
0,002671#12,1,1,10,10,63
0,002671#13,1,1,10,10,45
0,002671#14,1,1,10,10,30
0,002671#15,1,1,10,10,30
0,002671#16,1,1,10,10,18
0,002671#17,1,1,10,10,45
0,002671#18,1,1,10,10,18
0,002671#19,1,1,10,10,57
0,002671#20,1,1,10,10,46
0,002671#21,1,1,10,10,23
0,002671#22,1,1,10,10,23
0,002671#23,1,1,10,10,46
0,002671#24,1,1,10,10,59
0,002677#0,1,1,10,10,63
0,002677#1,1,1,10,10,40
0,002677#16,1,1,10,10,14
0,002677#17,1,1,10,10,24
0,002677#18,1,1,10,10,76
0,002707#11,1,1,10,10,22
0,002707#12,1,1,10,10,25
0,002707#13,1,1,10,10,62
0,002750#1,1,1,10,10,15
0,002750#4,1,1,8,10,42
0,002750#12,1,1,10,10,13
0,002750#13,1,1,10,10,12
0,002750#14,1,1,10,10,10
0,002750#16,1,1,8,10,8
0,002750#18,1,1,10,10,14
0,002750#19,1,1,10,10,22
0,002750#20,1,1,10,10,28
0,002750#21,1,1,10,10,28
0,002750#22,1,1,10,10,53
0,002750#23,1,1,10,10,25
0,002750#25,1,1,10,10,51
0,002762#1,1,1,10,10,17
0,002839#1,1,1,10,10,21
0,002839#2,1,1,10,10,25
0,002839#3,1,1,10,10,48
0,002839#4,1,1,10,10,31
0,002842#3,1,1,10,10,25
0,002842#4,1,1,10,10,21
0,002844#1,1,1,10,10,42
0,002844#2,1,1,10,10,21
0,002844#3,1,1,10,10,38
0,002935#0,1,1,10,10,17
0,002935#1,1,1,9,10,13
0,002955#0,1,1,10,10,72
0,002955#1,1,1,10,10,47
0,002955#4,1,1,10,10,32
0,002955#5,1,1,10,10,21
0,002955#6,1,1,10,10,37
0,002955#7,1,1,10,10,68
0,002955#8,1,1,10,10,61
0,002955#9,1,1,10,10,11
0,002955#10,1,1,10,10,42
0,002955#11,1,1,10,10,42
0,002955#12,1,1,10,10,57
0,002955#13,1,1,10,10,67
0,002955#14,1,1,10,10,73
0,002955#16,1,1,10,10,49
0,002955#17,1,1,10,10,81
0,002955#20,1,1,10,10,15
0,002955#23,1,1,10,10,29
0,002955#24,1,1,7,10,7
0,002987#0,1,1,10,10,16
0,002987#1,1,1,9,10,9
0,002987#2,1,1,10,10,23
0,002987#3,1,1,10,10,14
0,002987#4,1,1,10,10,34
0,002987#6,1,1,10,10,64
0,002987#7,1,1,10,10,73
0,002987#8,1,1,10,10,28
0,002987#9,1,1,10,10,14
0,002987#10,1,1,10,10,15
0,002987#11,1,1,10,10,15
0,002987#12,1,1,8,10,8
0,002987#13,1,1,10,10,34
0,002987#14,1,1,10,10,20
0,002987#15,1,1,10,10,37
0,003007#6,1,1,9,10,9
0,003007#8,1,1,10,10,41
0,003007#9,1,1,10,10,24
0,003013#6,1,1,10,10,20
0,003017#4,1,1,10,10,12
0,003026#4,1,1,10,10,17
0,003056#1,1,1,10,10,24
0,003056#2,1,1,10,10,15
0,003056#3,1,1,10,10,15
0,003056#4,1,1,10,10,11
0,003056#7,1,1,10,10,38
0,003056#8,1,1,9,10,9
0,003056#9,1,1,10,10,27
0,003056#10,1,1,9,10,18
0,003056#11,1,1,10,10,61
0,003148#0,1,1,10,10,61
0,003148#2,1,1,10,10,63
0,003148#3,1,1,10,10,42
0,003148#6,1,1,10,10,47
0,003148#7,1,1,8,10,8
0,003148#8,1,1,8,10,8
0,003160#0,1,1,10,10,42
0,003160#1,1,1,10,10,28
0,003160#2,1,1,10,10,31
0,003160#3,1,1,8,10,27
0,003160#4,1,1,10,10,31
0,003160#5,1,1,10,10,84
0,003160#7,1,1,10,10,37
0,003160#8,1,1,10,10,69
0,003160#9,1,1,10,10,19
0,003160#11,1,1,10,10,78
0,003160#13,1,1,10,10,37
0,003160#14,1,1,10,10,11
0,003160#15,1,1,10,10,55
0,003160#17,1,1,10,10,43
0,003160#18,1,1,10,10,72
0,003160#19,1,1,10,10,26
0,003160#20,1,1,10,10,18
0,003160#21,1,1,10,10,46
0,003198#1,1,1,10,10,64
0,003198#4,1,1,10,10,42
0,003257#5,1,1,10,10,58
0,003262#0,1,1,10,10,28
0,003262#1,1,1,8,10,31
0,003262#4,1,1,10,10,27
0,003262#14,1,1,9,10,10
0,003262#16,1,1,10,10,10
0,003262#17,1,1,10,10,14
0,003262#21,1,1,10,10,16
0,003262#23,1,1,10,10,22
0,003262#24,1,1,10,10,18
0,003262#28,1,1,10,10,50
0,003262#29,1,1,4,10,7
0,003262#30,1,1,10,10,73
0,003273#1,1,1,10,10,73
0,003273#3,1,1,10,10,68
0,003273#4,1,1,10,10,45
0,003273#5,1,1,10,10,12
0,003273#6,1,1,10,10,87
0,003273#8,1,1,10,10,35
0,003273#9,1,1,10,10,19
0,003273#10,1,1,10,10,42
0,003273#11,1,1,10,10,17
0,003273#13,1,1,10,10,20
0,003288#0,1,1,10,10,74
0,003288#3,1,1,10,10,37
0,003288#4,1,1,10,10,27
0,003288#5,1,1,10,10,20
0,003288#6,1,1,10,10,20
0,003288#7,1,1,10,10,16
0,003288#8,1,1,10,10,14
0,003288#9,1,1,10,10,16
0,003288#10,1,1,10,10,18
0,003288#11,1,1,10,10,14
0,003288#12,1,1,10,10,27
0,003288#13,1,1,10,10,33
0,003288#14,1,1,10,10,13
0,003288#16,1,1,10,10,21
0,003288#18,1,1,10,10,69
0,003304#0,1,1,10,10,42
0,003304#1,1,1,10,10,36
0,003304#2,1,1,10,10,14
0,003304#3,1,1,10,10,48
0,003304#4,1,1,10,10,20
0,003304#8,1,1,10,10,25
0,003304#9,1,1,10,10,41
0,003304#11,1,1,10,10,42
0,003304#12,1,1,10,10,30
0,003304#13,1,1,10,10,13
0,003317#1,1,1,10,10,29
0,003317#2,1,1,10,10,26
0,003317#3,1,1,10,10,29
0,003317#5,1,1,10,10,50
0,003317#6,1,1,10,10,23
0,003317#7,1,1,10,10,27
0,003317#8,1,1,10,10,49
0,003317#9,1,1,10,10,30
0,003317#12,1,1,10,10,12
0,003317#14,1,1,10,10,55
0,003317#15,1,1,10,10,70
0,003317#16,1,1,10,10,43
0,003348#0,1,1,10,10,30
0,003353#0,1,1,10,10,14
0,003408#1,1,1,10,10,22
0,003411#0,1,1,10,10,41
0,003411#1,1,1,10,10,52
0,003411#2,1,1,10,10,57
0,003411#3,1,1,10,10,50
0,003419#0,1,1,10,10,84
0,003419#5,1,1,10,10,22
0,003419#13,1,1,10,10,24
0,003419#14,1,1,10,10,30
0,003419#17,1,1,8,10,30
0,003419#18,1,1,10,10,34
0,003419#19,1,1,10,10,18
0,003419#21,1,1,10,10,36
0,003425#5,1,1,10,10,17
0,003425#6,1,1,10,10,13
0,003425#7,1,1,10,10,11
0,003425#10,1,1,10,10,18
0,003425#12,1,1,10,10,44
0,003425#13,1,1,10,10,46
0,003460#0,1,1,10,10,26
0,003460#1,1,1,10,10,64
0,003460#3,1,1,10,10,80
0,003460#5,1,1,10,10,25
0,003460#6,1,1,10,10,73
0,003472#0,1,1,10,10,31
0,003472#1,1,1,10,10,68
0,003472#2,1,1,10,10,20
0,003472#3,1,1,10,10,71
0,003475#1,1,1,10,10,41
0,003475#2,1,1,10,10,22
0,003475#3,1,1,10,10,51
0,003475#5,1,1,10,10,46
0,003475#6,1,1,10,10,70
0,003475#10,1,1,10,10,21
0,003475#11,1,1,10,10,31
0,003487#0,1,1,10,10,53
0,003487#2,1,1,10,10,62
0,003489#0,1,1,10,10,24
0,003489#2,1,1,10,10,31
0,003489#3,1,1,10,10,55
0,003489#4,1,1,10,10,25
0,003489#5,1,1,10,10,35
0,003489#9,1,1,10,10,26
0,003489#14,1,1,10,10,37
0,003526#0,1,1,10,10,18
0,003526#3,1,1,10,10,13
0,003532#0,1,1,10,10,18
0,003532#1,1,1,10,10,42
0,003546#0,1,1,10,10,27
0,003546#1,1,1,10,10,28
0,003546#2,1,1,10,10,37
0,003592#0,1,1,10,10,23
0,003592#1,1,1,10,10,23
0,003592#2,1,1,10,10,31
0,003592#3,1,1,10,10,20
0,003595#3,1,1,10,10,27
0,003595#4,1,1,10,10,30
0,003595#5,1,1,10,10,21
0,003595#6,1,1,10,10,46
0,003603#3,1,1,10,10,32
0,003653#3,1,1,10,10,15
0,003653#5,1,1,10,10,20
0,003653#6,1,1,10,10,18
0,003653#7,1,1,10,10,14
0,003653#8,1,1,10,10,11
0,003653#9,1,1,10,10,12
0,003653#11,1,1,10,10,36
0,003653#12,1,1,10,10,51
0,003653#14,1,1,8,10,8
0,003653#16,1,1,9,10,9
0,003653#17,1,1,10,10,26
0,003653#18,1,1,8,10,8
0,003679#4,1,1,10,10,50
0,003679#5,1,1,10,10,27
0,003679#7,1,1,10,10,25
0,003679#8,1,1,10,10,32
0,003703#0,1,1,10,10,50
0,003739#0,1,1,10,10,30
0,003739#1,1,1,10,10,35
0,003739#2,1,1,10,10,17
0,003739#3,1,1,10,10,11
0,003739#5,1,1,10,10,16
0,003739#6,1,1,9,10,12
0,003739#7,1,1,10,10,26
0,003739#8,1,1,10,10,16
0,003757#0,1,1,10,10,76
0,003757#7,1,1,10,10,27
0,003757#8,1,1,9,10,10
0,003757#10,1,1,10,10,21
0,003757#14,1,1,10,10,13
0,003757#15,1,1,10,10,15
0,003757#16,1,1,10,10,11
0,003769#0,1,1,10,10,56
0,003838#0,1,1,10,10,72
0,003863#1,1,1,10,10,21
0,003863#3,1,1,10,10,17
0,003863#5,1,1,10,10,33
0,003863#7,1,1,10,10,24
0,003863#9,1,1,10,10,13
0,003863#10,1,1,10,10,12
0,003863#11,1,1,10,10,18
0,003895#2,1,1,10,10,55
0,003896#0,1,1,10,10,43
0,003896#1,1,1,10,10,19
0,003902#0,1,1,10,10,41
0,003902#1,1,1,10,10,15
0,003902#3,1,1,10,10,18
0,003902#4,1,1,10,10,30
0,003902#5,1,1,10,10,18
0,003902#6,1,1,10,10,41
0,003904#0,1,1,10,10,33
0,003904#1,1,1,10,10,19
0,003941#0,1,1,10,10,27
0,003941#1,1,1,10,10,17
0,003941#3,1,1,10,10,12
0,003941#5,1,1,10,10,25
0,003941#7,1,1,10,10,20
0,003941#8,1,1,10,10,26
0,003941#10,1,1,10,10,17
0,003941#11,1,1,10,10,26
0,003941#12,1,1,10,10,17
0,003941#13,1,1,10,10,20
0,003941#14,1,1,10,10,18
0,003941#15,1,1,10,10,22
0,003941#16,1,1,10,10,69
0,003941#20,1,1,8,10,10
0,003941#21,1,1,10,10,25
0,003941#22,1,1,10,10,13
0,003941#24,1,1,10,10,37
0,003941#25,1,1,10,10,18
0,003941#26,1,1,10,10,21
0,003941#27,1,1,10,10,18
0,003941#29,1,1,10,10,17
0,003941#30,1,1,10,10,34
0,003982#5,1,1,10,10,26
0,003982#6,1,1,10,10,15
0,003982#8,1,1,10,10,13
0,003982#11,1,1,10,10,19
0,003982#14,1,1,10,10,29
0,003982#19,1,1,2,10,9
0,003982#20,1,1,10,10,10
0,003982#23,1,1,10,10,25
0,003982#24,1,1,10,10,10
0,003982#30,1,1,10,10,12
0,003982#32,1,1,10,10,14
0,003982#34,1,1,10,10,11
0,003982#36,1,1,10,10,46
0,003982#41,1,1,10,10,10
0,003982#42,1,1,10,10,11
0,003982#43,1,1,10,10,13
0,003982#47,1,1,10,10,57
0,003982#48,1,1,10,10,16
0,003982#49,1,1,10,10,69
0,003982#50,1,1,10,10,34
0,003982#53,1,1,7,10,10
0,003982#57,1,1,10,10,18
0,003982#58,1,1,10,10,18
0,003982#60,1,1,10,10,16
0,003982#61,1,1,10,10,15
0,003982#62,1,1,10,10,17
0,003987#5,1,1,10,10,32
0,003987#6,1,1,10,10,28
0,003987#10,1,1,10,10,66
0,003987#11,1,1,10,10,71
0,003987#15,1,1,10,10,33
0,003987#16,1,1,10,10,42
0,003987#23,1,1,10,10,11
0,003987#27,1,1,10,10,11
0,003987#35,1,1,10,10,26
0,003987#38,1,1,10,10,19
0,003987#39,1,1,10,10,17
0,003987#40,1,1,10,10,16
0,003987#41,1,1,10,10,13
0,003987#43,1,1,10,10,10
0,003987#46,1,1,8,10,8
0,003987#47,1,1,10,10,15
0,003987#49,1,1,10,10,12
0,003987#50,1,1,10,10,15
0,003987#51,1,1,10,10,15
0,003987#52,1,1,10,10,10
0,003987#53,1,1,10,10,19
0,003987#55,1,1,10,10,31
0,hehe_173_000002_024_00000105#2,1,1,1,10,11
0,hehe_173_000002_024_00000105#4,1,1,5,10,11
0,hehe_173_000002_024_00000105#6,1,1,10,10,23
0,hehe_173_000002_024_00000105#7,1,1,6,10,15
0,hehe_173_000002_024_00000105#9,1,1,10,10,31
0,hehe_173_000002_024_00000105#10,1,1,10,10,25
0,hehe_173_000002_024_00000105#11,1,1,10,10,11
0,hehe_173_000002_024_00000105#13,1,1,10,10,31
0,hehe_173_000002_024_00000105#15,1,1,10,10,76
0,hehe_186_000002_028_00000050#1,1,1,10,10,77
0,hehe_22_00000004#0,1,1,10,10,29
0,hehe_22_00000004#2,1,1,10,10,23
0,hehe_22_00000004#4,1,1,10,10,69
0,hehe_22_00000004#6,1,1,10,10,57
0,hehe_22_00000004#7,1,1,10,10,70
0,hehe_22_00000004#9,1,1,9,10,11
0,hehe_230_000002_043_00000061#1,1,1,10,10,69
0,hehe_230_000002_043_00000061#6,1,1,10,10,62
0,hehe_230_000002_043_00000061#7,1,1,10,10,58
0,hehe_230_000002_043_00000061#10,1,1,10,10,31
0,hehe_230_000002_043_00000061#11,1,1,10,10,37
0,hehe_230_000002_043_00000061#13,1,1,10,10,19
0,hehe_230_000002_043_00000061#14,1,1,8,10,12
0,hehe_232_000002_043_00000181#0,1,1,8,10,8
0,hehe_232_000002_043_00000181#1,1,1,10,10,22
0,hehe_232_000002_043_00000181#2,1,1,10,10,57
0,hehe_232_000002_043_00000181#3,1,1,10,10,36
0,hehe_232_000002_043_00000181#8,1,1,10,10,57
0,hehe_274_000002_060_00000105#1,1,1,10,10,67
0,hehe_274_000002_060_00000105#5,1,1,10,10,28
0,hehe_274_000002_060_00000105#6,1,1,10,10,11
0,hehe_40_00000033#1,1,1,10,10,26
0,hehe_40_00000033#2,1,1,10,10,46
0,hehe_40_00000033#3,1,1,1,10,40
0,hehe_40_00000033#5,1,1,10,10,40
0,hehe_45_00000001#2,1,1,10,10,42
0,hehe_45_00000001#4,1,1,10,10,28
0,hehe_45_00000001#5,1,1,10,10,49
0,hehe_45_00000001#6,1,1,10,10,40
0,hehe_45_00000001#7,1,1,10,10,60
0,hehe_45_00000001#8,1,1,10,10,34
0,hehe_45_00000001#9,1,1,10,10,46
0,hehe_52_00000107#0,1,1,10,10,19
0,hehe_52_00000107#1,1,1,8,10,8
0,hehe_61_00000090#2,1,1,10,10,76
0,hehe_61_00000090#3,1,1,10,10,39
0,hehe_61_00000090#4,1,1,10,10,20
0,hehe_61_00000090#9,1,1,10,10,64
0,hehe_61_00000090#10,1,1,10,10,50
0,hehe_61_00000090#11,1,1,10,10,84
0,hehe_65_00000229#2,1,1,10,10,59
0,hehe_65_00000229#3,1,1,10,10,32
0,hehe_65_00000229#4,1,1,10,10,30
0,hehe_65_00000229#6,1,1,10,10,16
0,hehe_65_00000229#7,1,1,10,10,21
0,hehe_6_00000054#0,1,1,10,10,12
0,hehe_6_00000054#2,1,1,10,10,35
0,hehe_6_00000054#3,1,1,10,10,32
0,hehe_6_00000054#4,1,1,10,10,27
0,hehe_6_00000054#6,1,1,10,10,76
0,hehe_6_00000054#13,1,1,10,10,74
0,hehe_6_00000054#16,1,1,10,10,32
0,hehe_6_00000054#17,1,1,10,10,38
0,hehe_86_00000253#0,1,1,10,10,45
0,hehe_86_00000253#3,1,1,10,10,58
0,hehe_87_00000315#1,1,1,10,10,39
0,hehe_87_00000315#2,1,1,10,10,40
0,hehe_87_00000315#3,1,1,10,10,33
0,hehe_87_00000315#4,1,1,10,10,20
0,hehe_87_00000315#5,1,1,10,10,30
0,hehe_87_00000315#6,1,1,10,10,14
0,shuming_1007_00000230#0,1,1,10,10,38
0,shuming_1007_00000230#3,1,1,10,10,43
0,shuming_1007_00000230#4,1,1,7,10,36
0,shuming_1007_00000230#5,1,1,10,10,46
0,shuming_1007_00000230#7,1,1,10,10,63
0,shuming_1007_00000230#10,1,1,10,10,62
0,shuming_1007_00000230#11,1,1,10,10,39
0,shuming_1007_00000230#12,1,1,11,10,34
0,shuming_1007_00000230#13,1,1,9,10,10
0,shuming_1007_00000230#14,1,1,5,10,7
0,shuming_1007_00000230#15,1,1,10,10,79
0,shuming_1007_00000230#16,1,1,10,10,47
0,shuming_1007_00000230#17,1,1,9,10,19
0,shuming_1007_00000230#18,1,1,10,10,13
0,shuming_1007_00000230#20,1,1,10,10,20
0,shuming_1007_00000230#21,1,1,10,10,69
0,shuming_1007_00000230#22,1,1,10,10,27
0,shuming_1007_00000230#23,1,1,10,10,22
0,shuming_1013_00000065#0,1,1,10,10,87
0,shuming_1013_00000065#1,1,1,10,10,41
0,shuming_1013_00000065#3,1,1,10,10,26
0,shuming_1028_00000411#3,1,1,10,10,55
0,shuming_1028_00000411#4,1,1,10,10,10
0,shuming_1028_00000411#5,1,1,10,10,15
0,shuming_1064_00000087#0,1,1,10,10,34
0,shuming_1064_00000087#1,1,1,10,10,55
0,shuming_1064_00000087#2,1,1,10,10,56
0,shuming_1064_00000087#3,1,1,10,10,72
0,shuming_1064_00000087#4,1,1,10,10,69
0,shuming_1064_00000087#6,1,1,10,10,26
0,shuming_1064_00000087#7,1,1,10,10,54
0,shuming_1064_00000087#8,1,1,10,10,86
0,shuming_1076_00000257#1,1,1,10,10,31
0,shuming_1076_00000257#2,1,1,10,10,29
0,shuming_1076_00000257#3,1,1,10,10,20
0,shuming_1076_00000257#4,1,1,10,10,19
0,shuming_1076_00000257#5,1,1,10,10,23
0,shuming_1079_00000233#3,1,1,10,10,18
0,shuming_1079_00000233#4,1,1,10,10,12
0,shuming_1079_00000233#6,1,1,10,10,35
0,shuming_1080_00000016#0,1,1,10,10,72
0,shuming_1080_00000016#4,1,1,10,10,10
0,shuming_1132_00000385#2,1,1,10,10,29
0,shuming_1132_00000385#3,1,1,10,10,32
0,shuming_1132_00000385#4,1,1,10,10,25
0,shuming_1135_00000213#0,1,1,10,10,76
0,shuming_1148_00000041#0,1,1,10,10,74
0,shuming_1157_00000010#0,1,1,10,10,72
0,shuming_1157_00000010#1,1,1,10,10,32
0,shuming_1157_00000010#2,1,1,10,10,18
0,shuming_1180_00000231#3,1,1,10,10,49
0,shuming_24_00000001#0,1,1,10,10,40
0,shuming_24_00000001#1,1,1,10,10,62
0,shuming_340_00000020#1,1,1,10,10,21
0,shuming_340_00000020#19,1,1,10,10,11
0,shuming_340_00000020#22,1,1,7,10,7
0,shuming_340_00000020#23,1,1,10,10,12
0,shuming_340_00000020#26,1,1,9,10,9
0,shuming_340_00000020#30,1,1,9,10,9
0,shuming_340_00000020#31,1,1,10,10,12
0,shuming_340_00000020#38,1,1,9,10,10
0,shuming_35_00000199#0,1,1,10,10,73
0,shuming_35_00000199#3,1,1,10,10,36
0,shuming_35_00000199#4,1,1,10,10,26
0,shuming_35_00000199#5,1,1,5,10,87
0,shuming_35_00000199#6,1,1,10,10,18
0,shuming_35_00000199#8,1,1,10,10,14
0,shuming_35_00000199#9,1,1,8,10,8
0,shuming_35_00000199#11,1,1,10,10,39
0,shuming_410_00000037#0,1,1,6,10,7
0,shuming_410_00000037#9,1,1,10,10,45
0,shuming_461_00000082#0,1,1,10,10,53
0,shuming_461_00000082#2,1,1,10,10,42
0,shuming_461_00000082#3,1,1,10,10,31
0,shuming_461_00000082#4,1,1,10,10,14
0,shuming_461_00000082#5,1,1,10,10,11
0,shuming_465_00000030#0,1,1,10,10,10
0,shuming_465_00000030#2,1,1,10,10,56
0,shuming_465_00000030#3,1,1,10,10,15
0,shuming_470_00000057#3,1,1,10,10,43
0,shuming_470_00000057#4,1,1,10,10,23
0,shuming_482_00000018#3,1,1,10,10,53
0,shuming_482_00000018#4,1,1,10,10,44
0,shuming_482_00000018#5,1,1,10,10,62
0,shuming_485_00000027#3,1,1,10,10,16
0,shuming_485_00000027#4,1,1,10,10,52
0,shuming_503_00000052#0,1,1,10,10,32
0,shuming_503_00000052#1,1,1,10,10,26
0,shuming_562_00000223#2,1,1,10,10,76
0,shuming_571_00000215#0,1,1,10,10,56
0,shuming_571_00000215#1,1,1,10,10,46
0,shuming_574_00000017#0,1,1,10,10,63
0,shuming_608_00000031#1,1,1,10,10,19
0,shuming_608_00000031#2,1,1,10,10,30
0,shuming_608_00000031#3,1,1,10,10,35
0,shuming_608_00000031#4,1,1,10,10,11
0,shuming_610_00000148#0,1,1,10,10,50
0,shuming_63_00000393#3,1,1,10,10,15
0,shuming_63_00000393#4,1,1,10,10,17
0,shuming_63_00000393#5,1,1,8,10,9
0,shuming_63_00000393#6,1,1,10,10,23
0,shuming_63_00000393#7,1,1,10,10,21
0,shuming_63_00000393#8,1,1,10,10,23
0,shuming_63_00000393#9,1,1,10,10,20
0,shuming_663_00000328#2,1,1,10,10,50
0,shuming_663_00000328#3,1,1,10,10,40
0,shuming_67_00000001#1,1,1,10,10,55
0,shuming_67_00000001#2,1,1,10,10,18
0,shuming_698_00000001#0,1,1,10,10,11
0,shuming_698_00000001#1,1,1,6,10,13
0,shuming_698_00000001#2,1,1,10,10,17
0,shuming_698_00000001#3,1,1,10,10,20
0,shuming_698_00000001#4,1,1,10,10,15
0,shuming_698_00000001#5,1,1,10,10,14
0,shuming_698_00000001#7,1,1,10,10,26
0,shuming_698_00000001#8,1,1,10,10,17
0,shuming_698_00000001#9,1,1,10,10,14
0,shuming_698_00000001#10,1,1,10,10,13
0,shuming_698_00000001#11,1,1,10,10,13
0,shuming_698_00000001#12,1,1,10,10,15
0,shuming_698_00000001#13,1,1,10,10,14
0,shuming_698_00000001#14,1,1,10,10,12
0,shuming_698_00000001#15,1,1,10,10,15
0,shuming_698_00000001#16,1,1,10,10,15
0,shuming_698_00000001#17,1,1,10,10,23
0,shuming_698_00000001#18,1,1,10,10,18
0,shuming_698_00000001#19,1,1,10,10,19
0,shuming_698_00000001#20,1,1,10,10,22
0,shuming_698_00000001#21,1,1,10,10,24
0,shuming_698_00000001#22,1,1,10,10,18
0,shuming_698_00000001#23,1,1,10,10,35
0,shuming_698_00000001#25,1,1,10,10,64
0,shuming_706_00000375#0,1,1,10,10,41
0,shuming_706_00000375#2,1,1,10,10,32
0,shuming_706_00000375#3,1,1,10,10,17
0,shuming_706_00000375#4,1,1,10,10,52
0,shuming_72_00000270#19,1,1,10,10,54
0,shuming_72_00000270#20,1,1,10,10,22
0,shuming_72_00000270#22,1,1,10,10,48
0,shuming_72_00000270#24,1,1,10,10,20
0,shuming_731_00000492#0,1,1,10,10,32
0,shuming_731_00000492#1,1,1,10,10,26
0,shuming_731_00000492#3,1,1,10,10,60
0,shuming_731_00000492#5,1,1,10,10,69
0,shuming_753_00000172#0,1,1,10,10,12
0,shuming_758_00000371#0,1,1,10,10,52
0,shuming_763_00000009#2,1,1,10,10,15
0,shuming_774_00000273#3,1,1,10,10,63
0,shuming_774_00000273#5,1,1,10,10,31
0,shuming_779_00000254#1,1,1,10,10,63
0,shuming_779_00000254#5,1,1,10,10,80
0,shuming_783_00000248#0,1,1,10,10,81
0,shuming_783_00000248#2,1,1,10,10,66
0,shuming_793_00000117#2,1,1,10,10,31
0,shuming_825_00000172#1,1,1,10,10,13
0,shuming_825_00000172#2,1,1,6,10,7
0,shuming_825_00000172#3,1,1,10,10,16
0,shuming_826_00000213#1,1,1,10,10,14
0,shuming_826_00000213#2,1,1,10,10,18
0,shuming_826_00000213#3,1,1,8,10,9
0,shuming_85_00000273#4,1,1,10,10,11
0,shuming_987_00000275#1,1,1,10,10,41
0,shuming_987_00000275#2,1,1,10,10,23
0,shuming_987_00000275#3,1,1,10,10,19
0,shuming_987_00000275#4,1,1,10,10,21
0,shuming_987_00000275#5,1,1,10,10,10
1,00000045#1,1,1,10,10,242
1,00000045#2,1,1,10,10,88
1,00000045#3,1,1,10,10,105
1,00000045#6,1,1,10,10,286
1,00000045#7,1,1,10,10,279
1,00000057#1,1,1,10,10,225
1,00000057#2,1,1,10,10,88
1,00000057#3,1,1,10,10,111
1,00000057#5,1,1,10,10,133
1,00000063#1,1,1,10,10,279
1,00000063#2,1,1,10,10,90
1,00000063#3,1,1,10,10,107
1,00000063#5,1,1,10,10,208
1,00000095#1,1,1,10,10,279
1,00000095#2,1,1,10,10,114
1,00000095#3,1,1,10,10,105
1,00000106#1,1,1,10,10,245
1,00000106#2,1,1,10,10,135
1,00000106#3,1,1,10,10,122
1,00000106#5,1,1,10,10,157
1,00000123#1,1,1,10,10,196
1,00000123#2,1,1,10,10,87
1,00000123#3,1,1,10,10,190
1,00000123#5,1,1,10,10,108
1,00000171#0,1,1,10,10,120
1,00000180#0,1,1,10,10,136
1,00000234#1,1,1,10,10,108
1,00000257#0,1,1,10,10,93
1,00000271#0,1,1,10,10,118
1,00000271#1,1,1,10,10,132
1,00000273#0,1,1,10,10,84
1,00000273#1,1,1,10,10,99
1,000002_080_00000048#0,1,1,10,10,69
1,000002_083_00000169#0,1,1,10,10,14
1,000002_083_00000169#1,1,1,10,10,26
1,000002_083_00000169#2,1,1,10,10,36
1,00000346#0,1,1,10,10,381
1,00000364#0,1,1,10,10,210
1,00000396#0,1,1,10,10,111
1,00000399#0,1,1,10,10,82
1,000003_081_00000171#10,1,1,10,10,76
1,000003_081_00000171#11,1,1,10,10,82
1,00000426#0,1,1,10,10,653
1,00000506#0,1,1,10,10,117
1,000005_004_00000286#4,1,1,10,10,62
1,000005_006_00000001#1,1,1,10,10,68
1,000005_006_00000001#2,1,1,10,10,25
1,000005_019_00000209#0,1,1,10,10,43
1,000005_019_00000209#1,1,1,10,10,31
1,000005_019_00000209#2,1,1,10,10,59
1,000005_027_00000493#1,1,1,10,10,34
1,000005_027_00000493#2,1,1,10,10,38
1,000005_027_00000493#3,1,1,10,10,49
1,000005_027_00000493#4,1,1,10,10,21
1,000005_027_00000493#5,1,1,10,10,25
1,000005_027_00000493#6,1,1,10,10,20
1,000005_027_00000493#7,1,1,10,10,26
1,000005_027_00000493#8,1,1,10,10,74
1,000005_028_00000001#2,1,1,10,10,77
1,000005_028_00000163#2,1,1,10,10,31
1,00000618#2,1,1,10,10,101
1,000006_010_00000389#4,1,1,10,10,58
1,000006_011_00000307#3,1,1,10,10,25
1,000006_011_00000409#8,1,1,10,10,40
1,000006_011_00000409#10,1,1,10,10,54
1,000006_012_00000001#3,1,1,10,10,38
1,000006_012_00000001#6,1,1,10,10,63
1,000006_012_00000001#11,1,1,10,10,69
1,000006_012_00000001#12,1,1,10,10,33
1,000008_003_00000235#1,1,1,10,10,76
1,000008_003_00000235#2,1,1,10,10,59
1,000008_003_00000235#3,1,1,10,10,81
1,000008_003_00000235#4,1,1,10,10,66
1,000008_003_00000235#5,1,1,10,10,68
1,000008_003_00000235#10,1,1,10,10,68
1,000008_003_00000235#11,1,1,10,10,16
1,000008_003_00000352#1,1,1,10,10,66
1,000008_003_00000352#3,1,1,10,10,80
1,000008_003_00000352#5,1,1,10,10,74
1,000008_003_00000352#7,1,1,10,10,75
1,000008_003_00000352#8,1,1,10,10,75
1,000008_003_00000352#9,1,1,10,10,76
1,000008_003_00000352#10,1,1,10,10,64
1,000008_003_00000352#12,1,1,10,10,74
1,000008_003_00000352#13,1,1,10,10,16
1,000008_003_00000469#0,1,1,10,10,85
1,000008_003_00000469#1,1,1,10,10,70
1,000008_003_00000469#2,1,1,10,10,67
1,000008_003_00000469#3,1,1,10,10,78
1,000008_003_00000469#4,1,1,10,10,85
1,000008_003_00000469#6,1,1,10,10,89
1,000008_003_00000469#9,1,1,10,10,31
1,000008_003_00000469#10,1,1,10,10,18
1,000008_004_00000665#2,1,1,10,10,34
1,000008_004_00000665#4,1,1,10,10,39
1,000008_004_00000665#11,1,1,10,10,52
1,000008_004_00000665#12,1,1,10,10,63
1,000008_004_00000665#13,1,1,10,10,37
1,000008_013_00000195#1,1,1,10,10,66
1,000008_013_00000195#2,1,1,10,10,60
1,000008_042_00000273#1,1,1,10,10,40
1,000008_045_00000001#0,1,1,10,10,48
1,000008_045_00000001#2,1,1,10,10,70
1,000008_045_00000001#3,1,1,10,10,14
1,000008_045_00000157#0,1,1,10,10,80
1,000008_045_00000157#4,1,1,10,10,17
1,000008_048_00000361#3,1,1,11,10,42
1,000008_048_00000361#4,1,1,5,10,36
1,000008_048_00000361#5,1,1,8,10,29
1,000009_008_00000241#3,1,1,10,10,78
1,000009_008_00000241#5,1,1,10,10,69
1,000009_008_00000241#6,1,1,10,10,29
1,000009_008_00000241#7,1,1,10,10,76
1,000009_008_00000241#9,1,1,10,10,84
1,000009_033_00000333#1,1,1,10,10,16
1,000009_033_00000333#2,1,1,10,10,38
1,000009_033_00000333#3,1,1,10,10,38
1,000009_033_00000333#4,1,1,10,10,36
1,000009_033_00000333#6,1,1,10,10,51
1,000012_008_00000163#3,1,1,10,10,67
1,000012_008_00000163#4,1,1,10,10,55
1,000012_008_00000163#5,1,1,10,10,48
1,000012_008_00000163#6,1,1,10,10,60
1,000012_008_00000163#8,1,1,10,10,74
1,000012_008_00000163#10,1,1,10,10,17
1,000012_008_00000163#11,1,1,10,10,26
1,000012_008_00000163#12,1,1,10,10,27
1,000012_008_00000163#13,1,1,10,10,15
1,000012_008_00000163#14,1,1,10,10,11
1,000012_009_00000244#1,1,1,10,10,71
1,000012_009_00000244#3,1,1,10,10,68
1,000012_009_00000244#4,1,1,10,10,40
1,000012_009_00000244#5,1,1,10,10,45
1,000012_009_00000244#6,1,1,10,10,21
1,000012_009_00000244#7,1,1,10,10,13
1,000012_009_00000244#8,1,1,10,10,12
1,000012_009_00000244#9,1,1,10,10,14
1,000012_009_00000244#10,1,1,10,10,34
1,000012_009_00000244#11,1,1,10,10,18
1,000012_009_00000244#12,1,1,10,10,18
1,000012_009_00000244#13,1,1,10,10,19
1,000012_009_00000244#14,1,1,8,10,8
1,000012_009_00000325#3,1,1,10,10,82
1,000012_009_00000325#4,1,1,10,10,36
1,000012_009_00000325#5,1,1,10,10,43
1,000012_009_00000325#6,1,1,10,10,28
1,000012_009_00000325#7,1,1,10,10,17
1,000012_009_00000325#8,1,1,10,10,16
1,000012_009_00000325#9,1,1,8,10,8
1,000012_009_00000325#11,1,1,10,10,28
1,000012_009_00000325#12,1,1,10,10,15
1,000012_009_00000325#14,1,1,10,10,22
1,000012_009_00000325#15,1,1,5,10,19
1,000012_009_00000325#16,1,1,10,10,35
1,000012_014_00000184#0,1,1,10,10,33
1,000012_014_00000184#1,1,1,10,10,55
1,000012_014_00000184#3,1,1,10,10,26
1,000012_019_00000151#1,1,1,10,10,59
1,000012_019_00000151#2,1,1,10,10,14
1,000012_019_00000151#4,1,1,10,10,21
1,000012_019_00000151#5,1,1,10,10,14
1,000012_022_00000090#0,1,1,10,10,64
1,000012_022_00000090#1,1,1,10,10,23
1,000012_025_00000313#1,1,1,10,10,11
1,000012_025_00000313#2,1,1,10,10,11
1,000012_025_00000313#3,1,1,10,10,13
1,000012_025_00000313#4,1,1,7,10,7
1,000012_025_00000313#5,1,1,10,10,13
1,000012_025_00000313#6,1,1,8,10,8
1,000012_028_00000250#0,1,1,10,10,64
1,000012_028_00000250#1,1,1,10,10,56
1,000013_001_00000001#1,1,1,10,10,33
1,000013_001_00000001#2,1,1,10,10,34
1,000013_001_00000001#3,1,1,10,10,31
1,000013_002_00000281#1,1,1,10,10,31
1,000013_002_00000281#2,1,1,10,10,36
1,000013_002_00000281#3,1,1,10,10,20
1,000013_023_00000075#1,1,1,10,10,56
1,000013_023_00000075#2,1,1,10,10,68
1,000013_025_00000285#0,1,1,10,10,15
1,000013_025_00000285#1,1,1,10,10,56
1,000013_025_00000285#2,1,1,10,10,20
1,000013_030_00000063#0,1,1,10,10,21
1,000013_030_00000063#1,1,1,10,10,68
1,000013_039_00000063#0,1,1,10,10,41
1,000013_039_00000063#1,1,1,10,10,32
1,000013_039_00000063#3,1,1,10,10,26
1,000013_039_00000063#5,1,1,8,10,8
1,000013_040_suppl_00000167#0,1,1,10,10,79
1,000013_040_suppl_00000333#1,1,1,10,10,50
1,000013_040_suppl_00000333#3,1,1,10,10,80
1,000013_040_suppl_00000333#4,1,1,8,10,8
1,000013_044_00000001#0,1,1,10,10,24
1,000013_044_00000001#1,1,1,10,10,31
1,000013_044_00000001#2,1,1,10,10,72
1,000013_044_00000001#4,1,1,2,10,38
1,000013_044_00000001#5,0,1,0,10,72
1,000013_044_00000001#7,1,1,10,10,62
1,000013_048_00000001#0,1,1,10,10,46
1,000013_048_00000001#1,1,1,2,10,60
1,000013_048_00000001#3,0,1,0,10,49
1,000013_048_00000001#4,1,1,9,10,69
1,000013_056_00000281#2,1,1,10,10,49
1,000013_056_00000281#3,1,1,10,10,16
1,000013_056_00000281#4,1,1,10,10,21
1,000013_056_00000281#6,1,1,10,10,11
1,000013_056_00000281#7,1,1,10,10,12
1,000013_056_00000281#8,1,1,10,10,64
1,000013_056_00000281#9,1,1,10,10,43
1,000013_056_00000281#10,1,1,10,10,32
1,000014_012_00000217#1,1,1,10,10,41
1,000014_012_00000217#2,1,1,10,10,48
1,000014_050_00000273#3,1,1,10,10,47
1,000014_050_00000273#4,1,1,10,10,57
1,000014_050_00000273#5,1,1,10,10,26
1,000014_051_suppl_00000341#2,1,1,10,10,15
1,000014_052_00000131#2,1,1,10,10,22
1,000014_052_00000131#3,1,1,10,10,13
1,000015_004_00000268#0,1,1,10,10,27
1,000015_004_suppl_00000223#2,1,1,10,10,36
1,000016_043_suppl_00000292#1,1,1,10,10,21
1,000016_043_suppl_00000292#2,1,1,10,10,56
1,000016_043_suppl_00000292#4,1,1,10,10,30
1,000016_043_suppl_00000292#5,1,1,10,10,25
1,000016_043_suppl_00000292#6,1,1,10,10,45
1,000016_043_suppl_00000292#8,1,1,10,10,26
1,000016_043_suppl_00000292#9,1,1,10,10,32
1,000016_043_suppl_00000292#10,1,1,10,10,19
1,000016_043_suppl_00000292#11,1,1,10,10,27
1,000016_043_suppl_00000292#12,1,1,10,10,32
1,000016_043_suppl_00000292#14,1,1,10,10,70
1,000016_043_suppl_00000292#17,1,1,10,10,47
1,000016_043_suppl_00000292#20,1,1,10,10,23
1,000016_044_00000085#0,1,1,10,10,83
1,000016_044_00000085#1,1,1,10,10,62
1,000016_044_00000085#3,1,1,10,10,17
1,000016_044_00000085#4,1,1,10,10,65
1,000016_044_00000085#7,1,1,10,10,67
1,000016_044_00000085#10,1,1,10,10,78
1,000016_044_00000169#1,1,1,10,10,37
1,000016_044_00000169#2,1,1,10,10,36
1,000016_044_00000169#3,1,1,10,10,16
1,000016_044_00000169#5,1,1,10,10,15
1,000016_044_00000169#6,1,1,10,10,59
1,000016_044_00000169#8,1,1,10,10,88
1,000016_044_00000169#16,1,1,10,10,73
1,000016_044_00000169#17,1,1,10,10,65
1,000017_011_00000297#3,1,1,10,10,12
1,000017_011_00000297#5,1,1,10,10,68
1,000017_011_00000297#9,1,1,10,10,26
1,000017_011_00000297#10,1,1,10,10,86
1,000017_011_00000297#11,1,1,10,10,59
1,000017_011_00000297#13,1,1,10,10,43
1,000017_012_00000135#2,1,1,10,10,36
1,000017_020_00000214#0,1,1,10,10,21
1,000017_020_00000214#2,1,1,10,10,27
1,000017_020_suppl_00000356#0,1,1,10,10,20
1,000017_020_suppl_00000356#2,1,1,10,10,20
1,000018_006_00000063#0,1,1,10,10,66
1,000019_030_00000072#1,1,1,10,10,23
1,000019_030_00000072#2,1,1,10,10,72
1,000019_030_00000072#3,1,1,10,10,54
1,000019_030_00000072#4,1,1,10,10,21
1,000019_030_00000072#5,1,1,10,10,10
1,000019_038_00000205#2,1,1,10,10,20
1,000019_038_00000205#3,1,1,10,10,25
1,000019_038_00000205#4,1,1,10,10,21
1,000019_038_00000205#5,1,1,10,10,36
1,000019_038_00000205#6,1,1,10,10,84
1,000019_038_00000205#7,1,1,10,10,70
1,000019_038_00000205#8,1,1,10,10,82
1,000019_041_00000141#2,1,1,10,10,24
1,000019_045_00000145#4,1,1,10,10,46
1,000019_045_00000145#5,1,1,10,10,42
1,000019_045_00000145#7,1,1,4,10,67
1,000020_010_00000089#1,1,1,10,10,60
1,000020_010_00000089#5,1,1,9,10,9
1,000020_010_00000089#6,1,1,10,10,20
1,000020_010_00000089#7,1,1,4,10,8
1,000020_014_00000193#2,1,1,10,10,63
1,000020_014_00000193#3,1,1,10,10,76
1,000020_014_00000193#5,1,1,10,10,54
1,000020_014_00000193#6,1,1,10,10,77
1,000020_018_00000093#0,1,1,10,10,16
1,000020_018_00000093#1,1,1,10,10,24
1,000020_018_00000093#2,1,1,10,10,81
1,000020_018_00000093#3,1,1,10,10,42
1,000021_020_00000131#2,1,1,10,10,76
1,000023_005_00000070#1,1,1,10,10,32
1,000023_005_00000070#2,1,1,10,10,87
1,000023_005_00000070#3,1,1,10,10,63
1,000023_005_00000070#4,1,1,10,10,63
1,000023_005_00000070#5,1,1,10,10,18
1,000023_005_00000070#6,1,1,10,10,23
1,000031#0,1,1,10,10,53
1,000031#1,1,1,10,10,15
1,000031#2,1,1,8,10,8
1,000031#3,1,1,10,10,15
1,000031#6,1,1,10,10,24
1,000031#8,1,1,10,10,53
1,000031#10,1,1,10,10,16
1,000031#11,1,1,10,10,21
1,000066#0,1,1,10,10,31
1,000066#1,1,1,10,10,15
1,000066#2,1,1,10,10,61
1,000066#3,1,1,10,10,39
1,000070#0,1,1,10,10,28
1,000070#1,1,1,10,10,18
1,000070#2,1,1,9,10,52
1,000070#3,1,1,9,10,67
1,000173#1,1,1,10,10,27
1,000303#2,1,1,10,10,67
1,000303#6,1,1,10,10,30
1,000303#7,1,1,10,10,16
1,000328#1,1,1,10,10,58
1,000328#3,1,1,10,10,65
1,000415#1,1,1,10,10,14
1,000415#2,1,1,8,10,9
1,000415#4,1,1,10,10,22
1,000415#5,1,1,10,10,24
1,000415#6,1,1,10,10,12
1,000415#8,1,1,10,10,10
1,000415#10,1,1,10,10,13
1,000415#11,1,1,10,10,12
1,000415#13,1,1,10,10,21
1,000415#14,1,1,10,10,13
1,000415#15,1,1,10,10,17
1,000415#16,1,1,8,10,8
1,000415#17,1,1,8,10,10
1,000415#19,1,1,10,10,37
1,000433#7,1,1,10,10,57
1,000437#0,1,1,10,10,67
1,000437#1,1,1,10,10,75
1,000437#2,1,1,10,10,26
1,000437#5,1,1,10,10,48
1,000484#2,1,1,10,10,37
1,000484#3,1,1,10,10,55
1,000500#0,1,1,10,10,14
1,000500#1,1,1,9,10,9
1,000500#2,1,1,10,10,15
1,000525#0,1,1,10,10,14
1,000525#1,1,1,10,10,30
1,000525#2,1,1,10,10,35
1,000561#0,1,1,10,10,70
1,000561#3,1,1,10,10,63
1,000561#4,1,1,10,10,38
1,000597#2,1,1,10,10,62
1,000597#3,1,1,10,10,29
1,000630#0,1,1,10,10,14
1,000680#5,1,1,10,10,69
1,000707#1,1,1,10,10,13
1,000707#2,1,1,10,10,18
1,000707#3,1,1,9,10,9
1,000707#4,1,1,10,10,25
1,000707#5,1,1,10,10,20
1,000735#1,1,1,10,10,11
1,000738#0,1,1,10,10,26
1,000738#2,1,1,8,10,9
1,000738#3,1,1,10,10,36
1,000756#4,1,1,10,10,34
1,000759#2,1,1,10,10,34
1,000780#0,1,1,10,10,22
1,000780#3,1,1,10,10,90
1,000783#0,1,1,10,10,45
1,000783#1,1,1,10,10,42
1,000783#3,1,1,10,10,38
1,000783#4,1,1,10,10,26
1,000808#1,1,1,10,10,21
1,000820#2,1,1,10,10,58
1,000820#3,1,1,10,10,45
1,000820#4,1,1,10,10,25
1,000820#5,1,1,10,10,27
1,000820#7,1,1,8,10,8
1,000889#5,1,1,10,10,84
1,000889#6,1,1,10,10,40
1,000889#7,1,1,10,10,14
1,000889#8,1,1,10,10,15
1,000889#9,1,1,10,10,22
1,000889#13,1,1,10,10,24
1,000889#14,1,1,10,10,69
1,000943#0,1,1,10,10,16
1,000943#1,1,1,10,10,14
1,000943#2,1,1,10,10,64
1,000943#3,1,1,7,10,7
1,000943#4,1,1,6,10,7
1,000943#6,1,1,7,10,18
1,000943#7,1,1,10,10,23
1,000952#0,1,1,10,10,22
1,001033#1,1,1,10,10,15
1,001033#2,1,1,10,10,31
1,001033#3,1,1,10,10,41
1,001033#9,1,1,10,10,25
1,001033#10,1,1,10,10,21
1,001035#0,1,1,10,10,19
1,001035#1,1,1,10,10,53
1,001035#2,1,1,10,10,76
1,001035#7,1,1,10,10,40
1,001035#9,1,1,10,10,22
1,001035#10,1,1,10,10,63
1,001114#5,1,1,10,10,47
1,001114#6,1,1,10,10,40
1,001114#7,1,1,10,10,12
1,001114#8,1,1,10,10,26
1,001114#10,1,1,10,10,17
1,001123#0,1,1,10,10,31
1,001123#1,1,1,10,10,76
1,001123#2,1,1,10,10,77
1,001123#4,1,1,10,10,64
1,001123#5,1,1,10,10,42
1,001123#6,1,1,10,10,79
1,001123#7,1,1,10,10,86
1,001123#8,1,1,10,10,36
1,001123#9,1,1,10,10,56
1,001123#10,1,1,10,10,62
1,001123#11,1,1,10,10,66
1,001123#12,1,1,10,10,79
1,001123#13,1,1,10,10,31
1,001123#18,1,1,9,10,9
1,001123#19,1,1,8,10,10
1,001123#20,1,1,10,10,49
1,001123#21,1,1,10,10,32
1,001123#22,1,1,10,10,33
1,001135#4,1,1,10,10,64
1,001135#6,1,1,10,10,72
1,001135#7,1,1,7,10,14
1,001157#4,1,1,10,10,14
1,001157#5,1,1,10,10,30
1,001157#8,1,1,10,10,77
1,001157#9,1,1,10,10,68
1,001202#3,1,1,10,10,72
1,001202#4,1,1,10,10,78
1,001202#8,1,1,10,10,23
1,001202#10,1,1,10,10,56
1,001202#11,1,1,10,10,57
1,001202#12,1,1,10,10,42
1,001257#0,1,1,10,10,46
1,001257#3,1,1,10,10,69
1,001257#6,1,1,10,10,27
1,001257#9,1,1,10,10,27
1,001257#10,1,1,10,10,46
1,001257#11,1,1,10,10,31
1,001276#3,1,1,10,10,58
1,001276#7,1,1,10,10,30
1,001276#9,1,1,10,10,54
1,001276#10,1,1,10,10,27
1,001276#11,1,1,10,10,31
1,001276#12,1,1,10,10,25
1,001276#13,1,1,10,10,35
1,001276#14,1,1,10,10,50
1,001276#15,1,1,10,10,25
1,001295#0,1,1,10,10,30
1,001295#1,1,1,10,10,52
1,001295#3,1,1,10,10,10
1,001295#10,1,1,10,10,55
1,001295#11,1,1,10,10,24
1,001295#12,1,1,10,10,17
1,001295#13,1,1,9,10,28
1,001295#14,1,1,10,10,36
1,001295#15,1,1,10,10,24
1,001295#17,1,1,10,10,19
1,001295#18,1,1,10,10,15
1,001295#19,1,1,10,10,17
1,001295#20,1,1,10,10,16
1,001295#21,1,1,10,10,22
1,001295#22,1,1,10,10,26
1,001295#24,1,1,10,10,26
1,001295#26,1,1,9,10,9
1,001409#0,1,1,10,10,39
1,001409#1,1,1,10,10,43
1,001415#0,1,1,10,10,42
1,001415#1,1,1,10,10,44
1,001415#2,1,1,10,10,41
1,001415#3,1,1,10,10,53
1,001443#3,1,1,10,10,53
1,001443#4,1,1,10,10,73
1,001443#6,1,1,9,10,66
1,001443#7,1,1,10,10,67
1,001443#9,1,1,10,10,27
1,001443#10,1,1,10,10,46
1,001461#2,1,1,10,10,28
1,001461#3,1,1,10,10,42
1,001461#4,1,1,10,10,64
1,001461#5,1,1,10,10,36
1,001531#1,1,1,10,10,16
1,001531#2,1,1,10,10,11
1,001531#6,1,1,10,10,28
1,001531#8,1,1,10,10,11
1,001531#10,1,1,10,10,43
1,001558#4,1,1,10,10,31
1,001683#1,1,1,10,10,83
1,001683#6,1,1,10,10,36
1,001683#7,1,1,10,10,46
1,001683#8,1,1,10,10,50
1,001694#1,1,1,10,10,28
1,001694#2,1,1,10,10,64
1,001694#7,1,1,10,10,62
1,001694#8,1,1,10,10,36
1,001694#9,1,1,10,10,50
1,001694#10,1,1,10,10,27
1,001694#11,1,1,10,10,28
1,001694#12,1,1,10,10,22
1,001694#13,1,1,10,10,27
1,001694#14,1,1,10,10,31
1,001707#1,1,1,10,10,22
1,001707#2,1,1,10,10,68
1,001707#7,1,1,10,10,62
1,001707#8,1,1,10,10,36
1,001707#9,1,1,10,10,31
1,001707#10,1,1,10,10,34
1,001707#11,1,1,10,10,57
1,001707#12,1,1,10,10,19
1,001712#1,1,1,10,10,72
1,001712#6,1,1,10,10,58
1,001712#7,1,1,10,10,16
1,001712#8,1,1,10,10,36
1,001712#9,1,1,10,10,55
1,001712#10,1,1,10,10,25
1,001712#11,1,1,10,10,23
1,001712#12,1,1,10,10,27
1,001724#1,1,1,10,10,11
1,001724#3,1,1,10,10,56
1,001724#7,1,1,10,10,84
1,001724#8,1,1,10,10,34
1,001724#9,1,1,10,10,30
1,001724#10,1,1,10,10,27
1,001724#11,1,1,10,10,34
1,001724#12,1,1,10,10,38
1,001737#3,1,1,10,10,54
1,001737#7,1,1,10,10,76
1,001737#8,1,1,8,10,8
1,001737#9,1,1,10,10,15
1,001737#10,1,1,10,10,36
1,001737#11,1,1,10,10,30
1,001737#12,1,1,10,10,38
1,001737#13,1,1,10,10,30
1,001742#0,1,1,10,10,41
1,001763#0,1,1,10,10,25
1,001785#0,1,1,10,10,50
1,001785#1,1,1,10,10,51
1,001785#2,1,1,10,10,80
1,001851#0,1,1,10,10,48
1,001851#8,1,1,10,10,25
1,001851#9,1,1,10,10,27
1,001851#10,1,1,10,10,31
1,001851#11,1,1,10,10,25
1,001851#12,1,1,10,10,27
1,001851#13,1,1,10,10,50
1,001851#14,1,1,10,10,27
1,001862#0,1,1,10,10,48
1,001862#8,1,1,10,10,21
1,001862#9,1,1,10,10,27
1,001862#10,1,1,10,10,54
1,001862#11,1,1,10,10,21
1,001862#12,1,1,10,10,20
1,001862#13,1,1,10,10,32
1,001862#14,1,1,10,10,29
1,001862#15,1,1,10,10,37
1,001873#0,1,1,10,10,48
1,001873#4,1,1,10,10,73
1,001873#8,1,1,10,10,26
1,001873#9,1,1,10,10,50
1,001873#10,1,1,10,10,14
1,001873#11,1,1,10,10,27
1,001873#12,1,1,10,10,26
1,001873#13,1,1,10,10,27
1,001881#0,1,1,10,10,48
1,001881#4,1,1,10,10,73
1,001881#8,1,1,10,10,25
1,001881#9,1,1,10,10,54
1,001881#10,1,1,10,10,22
1,001884#0,1,1,10,10,52
1,001884#4,1,1,10,10,73
1,001884#8,1,1,10,10,21
1,001884#9,1,1,10,10,57
1,001884#10,1,1,10,10,25
1,001884#11,1,1,10,10,23
1,001884#12,1,1,10,10,20
1,001884#13,1,1,10,10,17
1,001884#14,1,1,10,10,27
1,001898#0,1,1,10,10,52
1,001898#4,1,1,10,10,74
1,001898#7,1,1,10,10,22
1,001898#8,1,1,10,10,20
1,001898#9,1,1,10,10,21
1,001898#10,1,1,10,10,24
1,001898#11,1,1,10,10,36
1,001898#12,1,1,10,10,55
1,001898#13,1,1,10,10,27
1,001898#14,1,1,10,10,24
1,001970#1,1,1,10,10,73
1,001970#3,1,1,10,10,36
1,001970#7,1,1,10,10,65
1,001970#8,1,1,10,10,26
1,001970#9,1,1,10,10,41
1,001970#10,1,1,10,10,27
1,002048#2,1,1,10,10,68
1,002048#3,1,1,10,10,53
1,002048#4,1,1,10,10,76
1,002048#7,1,1,10,10,37
1,002048#8,1,1,10,10,19
1,002048#9,1,1,10,10,40
1,002048#10,1,1,10,10,41
1,002097#3,1,1,10,10,67
1,002097#4,1,1,10,10,75
1,002097#7,1,1,10,10,22
1,002097#8,1,1,10,10,29
1,002097#9,1,1,10,10,32
1,002097#10,1,1,10,10,32
1,002102#0,1,1,10,10,63
1,002102#1,1,1,10,10,67
1,002102#2,1,1,10,10,64
1,002102#3,1,1,10,10,55
1,002102#4,1,1,10,10,59
1,002102#5,1,1,10,10,40
1,002102#6,1,1,10,10,56
1,002102#7,1,1,10,10,56
1,002102#8,1,1,10,10,50
1,002156#0,1,1,10,10,40
1,002156#1,1,1,10,10,28
1,002156#2,1,1,10,10,38
1,002156#3,1,1,4,10,59
1,002156#4,1,1,10,10,81
1,002156#7,1,1,10,10,46
1,002156#8,1,1,10,10,34
1,002156#9,1,1,10,10,53
1,002207#0,1,1,7,10,11
1,002207#1,1,1,10,10,49
1,002235#3,1,1,10,10,36
1,002235#5,1,1,10,10,55
1,002235#6,1,1,4,10,17
1,002235#7,1,1,10,10,27
1,002235#10,1,1,10,10,10
1,002265#3,1,1,10,10,15
1,002265#4,1,1,10,10,13
1,002276#0,1,1,10,10,41
1,002276#1,1,1,10,10,18
1,002276#2,1,1,8,10,32
1,002276#3,1,1,10,10,53
1,002276#6,1,1,10,10,46
1,002331#2,1,1,10,10,49
1,002331#3,1,1,10,10,37
1,002331#4,1,1,10,10,75
1,002331#16,1,1,10,10,14
1,002331#18,1,1,10,10,21
1,002334#1,1,1,10,10,11
1,002334#8,1,1,10,10,56
1,002334#9,1,1,10,10,18
1,002338#0,1,1,10,10,62
1,002338#1,1,1,10,10,70
1,002338#4,1,1,10,10,73
1,002338#5,1,1,10,10,44
1,002357#0,1,1,10,10,23
1,002357#1,1,1,10,10,35
1,002357#2,1,1,10,10,72
1,002357#3,1,1,10,10,43
1,002359#0,1,1,10,10,29
1,002359#1,1,1,10,10,43
1,002359#2,1,1,10,10,45
1,002359#3,1,1,10,10,27
1,002378#0,1,1,10,10,34
1,002378#1,1,1,10,10,11
1,002378#3,1,1,10,10,66
1,002378#5,1,1,10,10,73
1,002378#6,1,1,10,10,19
1,002380#2,1,1,10,10,77
1,002380#3,1,1,10,10,55
1,002380#4,1,1,10,10,19
1,002380#5,1,1,8,10,8
1,002380#6,1,1,10,10,45
1,002380#7,1,1,10,10,14
1,002380#8,1,1,10,10,15
1,002380#9,1,1,10,10,25
1,002413#0,1,1,10,10,23
1,002517#1,1,1,10,10,48
1,002517#2,1,1,10,10,16
1,002517#4,1,1,7,10,23
1,002517#5,1,1,10,10,76
1,002584#4,1,1,9,10,11
1,002584#6,1,1,10,10,11
1,002625#6,1,1,10,10,17
1,002625#8,1,1,10,10,26
1,002625#10,1,1,10,10,27
1,002625#13,1,1,10,10,22
1,002625#14,1,1,10,10,73
1,002625#18,1,1,10,10,29
1,002625#19,1,1,10,10,13
1,002625#20,1,1,10,10,70
1,002625#21,1,1,10,10,82
1,002625#22,1,1,10,10,36
1,002625#23,1,1,10,10,34
1,002625#24,1,1,10,10,65
1,002625#25,1,1,10,10,11
1,002625#26,1,1,10,10,48
1,002625#27,1,1,3,10,25
1,002625#28,1,1,10,10,37
1,002625#29,1,1,10,10,63
1,002625#30,1,1,10,10,23
1,002625#31,1,1,10,10,34
1,002625#32,1,1,10,10,45
1,002625#33,1,1,10,10,12
1,002627#5,1,1,10,10,20
1,002627#7,1,1,10,10,17
1,002627#11,1,1,10,10,74
1,002627#12,1,1,10,10,32
1,002627#15,1,1,10,10,69
1,002627#17,1,1,10,10,73
1,002627#18,1,1,10,10,74
1,002627#19,1,1,10,10,18
1,002627#22,1,1,10,10,87
1,002627#23,1,1,10,10,71
1,002627#26,1,1,10,10,80
1,002627#27,1,1,10,10,81
1,002627#28,1,1,10,10,48
1,002627#30,1,1,10,10,39
1,002627#31,1,1,10,10,50
1,002627#32,1,1,10,10,55
1,002671#7,1,1,10,10,51
1,002671#9,1,1,10,10,25
1,002671#11,1,1,10,10,39
1,002671#12,1,1,10,10,63
1,002671#13,1,1,10,10,45
1,002671#14,1,1,10,10,30
1,002671#15,1,1,10,10,30
1,002671#16,1,1,10,10,18
1,002671#17,1,1,10,10,45
1,002671#18,1,1,10,10,18
1,002671#19,1,1,10,10,57
1,002671#20,1,1,10,10,46
1,002671#21,1,1,10,10,23
1,002671#22,1,1,10,10,23
1,002671#23,1,1,10,10,46
1,002671#24,1,1,10,10,59
1,002677#0,1,1,10,10,63
1,002677#1,1,1,10,10,40
1,002677#16,1,1,10,10,14
1,002677#17,1,1,10,10,24
1,002677#18,1,1,10,10,76
1,002707#11,1,1,10,10,22
1,002707#12,1,1,10,10,25
1,002707#13,1,1,10,10,62
1,002750#1,1,1,10,10,15
1,002750#4,1,1,10,10,42
1,002750#12,1,1,10,10,13
1,002750#13,1,1,9,10,12
1,002750#14,1,1,10,10,10
1,002750#16,1,1,8,10,8
1,002750#18,1,1,10,10,14
1,002750#19,1,1,10,10,22
1,002750#20,1,1,10,10,28
1,002750#21,1,1,10,10,28
1,002750#22,1,1,10,10,53
1,002750#23,1,1,10,10,25
1,002750#25,1,1,10,10,51
1,002762#1,1,1,10,10,17
1,002839#1,1,1,10,10,21
1,002839#2,1,1,10,10,25
1,002839#3,1,1,10,10,48
1,002839#4,1,1,10,10,31
1,002842#3,1,1,10,10,25
1,002842#4,1,1,10,10,21
1,002844#1,1,1,10,10,42
1,002844#2,1,1,10,10,21
1,002844#3,1,1,10,10,38
1,002935#0,1,1,10,10,17
1,002935#1,1,1,9,10,13
1,002955#0,1,1,9,10,72
1,002955#1,1,1,10,10,47
1,002955#4,1,1,10,10,32
1,002955#5,1,1,10,10,21
1,002955#6,1,1,10,10,37
1,002955#7,1,1,10,10,68
1,002955#8,1,1,10,10,61
1,002955#9,1,1,10,10,11
1,002955#10,1,1,10,10,42
1,002955#11,1,1,10,10,42
1,002955#12,1,1,10,10,57
1,002955#13,1,1,10,10,67
1,002955#14,1,1,10,10,73
1,002955#16,1,1,10,10,49
1,002955#17,1,1,10,10,81
1,002955#20,1,1,10,10,15
1,002955#23,1,1,10,10,29
1,002955#24,1,1,7,10,7
1,002987#0,1,1,10,10,16
1,002987#1,1,1,9,10,9
1,002987#2,1,1,10,10,23
1,002987#3,1,1,10,10,14
1,002987#4,1,1,10,10,34
1,002987#6,1,1,10,10,64
1,002987#7,1,1,10,10,73
1,002987#8,1,1,10,10,28
1,002987#9,1,1,10,10,14
1,002987#10,1,1,10,10,15
1,002987#11,1,1,10,10,15
1,002987#12,1,1,8,10,8
1,002987#13,1,1,10,10,34
1,002987#14,1,1,10,10,20
1,002987#15,1,1,10,10,37
1,003007#6,1,1,9,10,9
1,003007#8,1,1,10,10,41
1,003007#9,1,1,10,10,24
1,003013#6,1,1,10,10,20
1,003017#4,1,1,10,10,12
1,003026#4,1,1,9,10,17
1,003056#1,1,1,10,10,24
1,003056#2,1,1,10,10,15
1,003056#3,1,1,10,10,15
1,003056#4,1,1,10,10,11
1,003056#7,1,1,10,10,38
1,003056#8,1,1,9,10,9
1,003056#9,1,1,10,10,27
1,003056#10,1,1,9,10,18
1,003056#11,1,1,10,10,61
1,003148#0,1,1,10,10,61
1,003148#2,1,1,10,10,63
1,003148#3,1,1,10,10,42
1,003148#6,1,1,10,10,47
1,003148#7,1,1,8,10,8
1,003148#8,1,1,8,10,8
1,003160#0,1,1,10,10,42
1,003160#1,1,1,10,10,28
1,003160#2,1,1,10,10,31
1,003160#3,1,1,9,10,27
1,003160#4,1,1,10,10,31
1,003160#5,1,1,10,10,84
1,003160#7,1,1,10,10,37
1,003160#8,1,1,10,10,69
1,003160#9,1,1,10,10,19
1,003160#11,1,1,10,10,78
1,003160#13,1,1,10,10,37
1,003160#14,1,1,10,10,11
1,003160#15,1,1,10,10,55
1,003160#17,1,1,10,10,43
1,003160#18,1,1,10,10,72
1,003160#19,1,1,10,10,26
1,003160#20,1,1,10,10,18
1,003160#21,1,1,10,10,46
1,003198#1,1,1,10,10,64
1,003198#4,1,1,10,10,42
1,003257#5,1,1,10,10,58
1,003262#0,1,1,10,10,28
1,003262#1,1,1,9,10,31
1,003262#4,1,1,10,10,27
1,003262#14,1,1,8,10,10
1,003262#16,1,1,10,10,10
1,003262#17,1,1,10,10,14
1,003262#21,1,1,9,10,16
1,003262#23,1,1,10,10,22
1,003262#24,1,1,10,10,18
1,003262#28,1,1,10,10,50
1,003262#29,1,1,4,10,7
1,003262#30,1,1,10,10,73
1,003273#1,1,1,10,10,73
1,003273#3,1,1,10,10,68
1,003273#4,1,1,10,10,45
1,003273#5,1,1,10,10,12
1,003273#6,1,1,10,10,87
1,003273#8,1,1,10,10,35
1,003273#9,1,1,10,10,19
1,003273#10,1,1,10,10,42
1,003273#11,1,1,10,10,17
1,003273#13,1,1,10,10,20
1,003288#0,1,1,10,10,74
1,003288#3,1,1,10,10,37
1,003288#4,1,1,10,10,27
1,003288#5,1,1,10,10,20
1,003288#6,1,1,10,10,20
1,003288#7,1,1,10,10,16
1,003288#8,1,1,10,10,14
1,003288#9,1,1,10,10,16
1,003288#10,1,1,10,10,18
1,003288#11,1,1,10,10,14
1,003288#12,1,1,10,10,27
1,003288#13,1,1,10,10,33
1,003288#14,1,1,10,10,13
1,003288#16,1,1,10,10,21
1,003288#18,1,1,10,10,69
1,003304#0,1,1,10,10,42
1,003304#1,1,1,10,10,36
1,003304#2,1,1,10,10,14
1,003304#3,1,1,10,10,48
1,003304#4,1,1,10,10,20
1,003304#8,1,1,10,10,25
1,003304#9,1,1,10,10,41
1,003304#11,1,1,10,10,42
1,003304#12,1,1,10,10,30
1,003304#13,1,1,10,10,13
1,003317#1,1,1,10,10,29
1,003317#2,1,1,10,10,26
1,003317#3,1,1,10,10,29
1,003317#5,1,1,10,10,50
1,003317#6,1,1,10,10,23
1,003317#7,1,1,10,10,27
1,003317#8,1,1,10,10,49
1,003317#9,1,1,10,10,30
1,003317#12,1,1,10,10,12
1,003317#14,1,1,8,10,55
1,003317#15,1,1,10,10,70
1,003317#16,1,1,10,10,43
1,003348#0,1,1,10,10,30
1,003353#0,1,1,10,10,14
1,003408#1,1,1,10,10,22
1,003411#0,1,1,10,10,41
1,003411#1,1,1,10,10,52
1,003411#2,1,1,10,10,57
1,003411#3,1,1,10,10,50
1,003419#0,1,1,10,10,84
1,003419#5,1,1,10,10,22
1,003419#13,1,1,10,10,24
1,003419#14,1,1,10,10,30
1,003419#17,1,1,6,10,30
1,003419#18,1,1,10,10,34
1,003419#19,1,1,10,10,18
1,003419#21,1,1,10,10,36
1,003425#5,1,1,10,10,17
1,003425#6,1,1,10,10,13
1,003425#7,1,1,10,10,11
1,003425#10,1,1,10,10,18
1,003425#12,1,1,10,10,44
1,003425#13,1,1,10,10,46
1,003460#0,1,1,10,10,26
1,003460#1,1,1,10,10,64
1,003460#3,1,1,10,10,80
1,003460#5,1,1,10,10,25
1,003460#6,1,1,10,10,73
1,003472#0,1,1,10,10,31
1,003472#1,1,1,10,10,68
1,003472#2,1,1,10,10,20
1,003472#3,1,1,10,10,71
1,003475#1,1,1,10,10,41
1,003475#2,1,1,10,10,22
1,003475#3,1,1,10,10,51
1,003475#5,1,1,10,10,46
1,003475#6,1,1,10,10,70
1,003475#10,1,1,10,10,21
1,003475#11,1,1,10,10,31
1,003487#0,1,1,10,10,53
1,003487#2,1,1,10,10,62
1,003489#0,1,1,10,10,24
1,003489#2,1,1,10,10,31
1,003489#3,1,1,10,10,55
1,003489#4,1,1,10,10,25
1,003489#5,1,1,10,10,35
1,003489#9,1,1,10,10,26
1,003489#14,1,1,10,10,37
1,003526#0,1,1,10,10,18
1,003526#3,1,1,10,10,13
1,003532#0,1,1,10,10,18
1,003532#1,1,1,10,10,42
1,003546#0,1,1,10,10,27
1,003546#1,1,1,10,10,28
1,003546#2,1,1,10,10,37
1,003592#0,1,1,10,10,23
1,003592#1,1,1,10,10,23
1,003592#2,1,1,10,10,31
1,003592#3,1,1,10,10,20
1,003595#3,1,1,10,10,27
1,003595#4,1,1,10,10,30
1,003595#5,1,1,10,10,21
1,003595#6,1,1,10,10,46
1,003603#3,1,1,10,10,32
1,003653#3,1,1,10,10,15
1,003653#5,1,1,10,10,20
1,003653#6,1,1,10,10,18
1,003653#7,1,1,10,10,14
1,003653#8,1,1,10,10,11
1,003653#9,1,1,10,10,12
1,003653#11,1,1,10,10,36
1,003653#12,1,1,10,10,51
1,003653#14,1,1,8,10,8
1,003653#16,1,1,9,10,9
1,003653#17,1,1,10,10,26
1,003653#18,1,1,8,10,8
1,003679#4,1,1,10,10,50
1,003679#5,1,1,10,10,27
1,003679#7,1,1,10,10,25
1,003679#8,1,1,10,10,32
1,003703#0,1,1,10,10,50
1,003739#0,1,1,10,10,30
1,003739#1,1,1,10,10,35
1,003739#2,1,1,10,10,17
1,003739#3,1,1,10,10,11
1,003739#5,1,1,10,10,16
1,003739#6,1,1,10,10,12
1,003739#7,1,1,10,10,26
1,003739#8,1,1,10,10,16
1,003757#0,1,1,10,10,76
1,003757#7,1,1,10,10,27
1,003757#8,1,1,9,10,10
1,003757#10,1,1,10,10,21
1,003757#14,1,1,10,10,13
1,003757#15,1,1,10,10,15
1,003757#16,1,1,10,10,11
1,003769#0,1,1,10,10,56
1,003838#0,1,1,10,10,72
1,003863#1,1,1,10,10,21
1,003863#3,1,1,10,10,17
1,003863#5,1,1,10,10,33
1,003863#7,1,1,10,10,24
1,003863#9,1,1,10,10,13
1,003863#10,1,1,10,10,12
1,003863#11,1,1,10,10,18
1,003895#2,1,1,10,10,55
1,003896#0,1,1,10,10,43
1,003896#1,1,1,10,10,19
1,003902#0,1,1,10,10,41
1,003902#1,1,1,10,10,15
1,003902#3,1,1,10,10,18
1,003902#4,1,1,10,10,30
1,003902#5,1,1,10,10,18
1,003902#6,1,1,10,10,41
1,003904#0,1,1,10,10,33
1,003904#1,1,1,10,10,19
1,003941#0,1,1,10,10,27
1,003941#1,1,1,10,10,17
1,003941#3,1,1,10,10,12
1,003941#5,1,1,10,10,25
1,003941#7,1,1,10,10,20
1,003941#8,1,1,10,10,26
1,003941#10,1,1,10,10,17
1,003941#11,1,1,10,10,26
1,003941#12,1,1,10,10,17
1,003941#13,1,1,10,10,20
1,003941#14,1,1,10,10,18
1,003941#15,1,1,10,10,22
1,003941#16,1,1,10,10,69
1,003941#20,1,1,10,10,10
1,003941#21,1,1,8,10,25
1,003941#22,1,1,10,10,13
1,003941#24,1,1,10,10,37
1,003941#25,1,1,10,10,18
1,003941#26,1,1,10,10,21
1,003941#27,1,1,10,10,18
1,003941#29,1,1,10,10,17
1,003941#30,1,1,10,10,34
1,003982#5,1,1,10,10,26
1,003982#6,1,1,10,10,15
1,003982#8,1,1,9,10,13
1,003982#11,1,1,10,10,19
1,003982#14,1,1,10,10,29
1,003982#19,1,1,8,10,9
1,003982#20,1,1,4,10,10
1,003982#23,1,1,10,10,25
1,003982#24,1,1,10,10,10
1,003982#30,1,1,10,10,12
1,003982#32,1,1,10,10,14
1,003982#34,1,1,10,10,11
1,003982#36,1,1,9,10,46
1,003982#41,1,1,9,10,10
1,003982#42,1,1,10,10,11
1,003982#43,1,1,10,10,13
1,003982#47,1,1,10,10,57
1,003982#48,1,1,10,10,16
1,003982#49,1,1,10,10,69
1,003982#50,1,1,10,10,34
1,003982#53,1,1,6,10,10
1,003982#57,1,1,10,10,18
1,003982#58,1,1,10,10,18
1,003982#60,1,1,10,10,16
1,003982#61,1,1,10,10,15
1,003982#62,1,1,10,10,17
1,003987#5,1,1,10,10,32
1,003987#6,1,1,10,10,28
1,003987#10,1,1,10,10,66
1,003987#11,1,1,10,10,71
1,003987#15,1,1,10,10,33
1,003987#16,1,1,10,10,42
1,003987#23,1,1,9,10,11
1,003987#27,1,1,10,10,11
1,003987#35,1,1,10,10,26
1,003987#38,1,1,10,10,19
1,003987#39,1,1,10,10,17
1,003987#40,1,1,10,10,16
1,003987#41,1,1,10,10,13
1,003987#43,1,1,10,10,10
1,003987#46,1,1,8,10,8
1,003987#47,1,1,10,10,15
1,003987#49,1,1,10,10,12
1,003987#50,1,1,10,10,15
1,003987#51,1,1,10,10,15
1,003987#52,1,1,10,10,10
1,003987#53,1,1,10,10,19
1,003987#55,1,1,10,10,31
1,hehe_173_000002_024_00000105#2,0,1,0,10,11
1,hehe_173_000002_024_00000105#4,1,1,7,10,11
1,hehe_173_000002_024_00000105#6,1,1,10,10,23
1,hehe_173_000002_024_00000105#7,1,1,6,10,15
1,hehe_173_000002_024_00000105#9,1,1,10,10,31
1,hehe_173_000002_024_00000105#10,1,1,10,10,25
1,hehe_173_000002_024_00000105#11,1,1,10,10,11
1,hehe_173_000002_024_00000105#13,1,1,10,10,31
1,hehe_173_000002_024_00000105#15,1,1,10,10,76
1,hehe_186_000002_028_00000050#1,1,1,10,10,77
1,hehe_22_00000004#0,1,1,10,10,29
1,hehe_22_00000004#2,1,1,10,10,23
1,hehe_22_00000004#4,1,1,10,10,69
1,hehe_22_00000004#6,1,1,10,10,57
1,hehe_22_00000004#7,1,1,10,10,70
1,hehe_22_00000004#9,1,1,8,10,11
1,hehe_230_000002_043_00000061#1,1,1,10,10,69
1,hehe_230_000002_043_00000061#6,1,1,10,10,62
1,hehe_230_000002_043_00000061#7,1,1,10,10,58
1,hehe_230_000002_043_00000061#10,1,1,10,10,31
1,hehe_230_000002_043_00000061#11,1,1,10,10,37
1,hehe_230_000002_043_00000061#13,1,1,10,10,19
1,hehe_230_000002_043_00000061#14,1,1,7,10,12
1,hehe_232_000002_043_00000181#0,1,1,7,10,8
1,hehe_232_000002_043_00000181#1,1,1,10,10,22
1,hehe_232_000002_043_00000181#2,1,1,10,10,57
1,hehe_232_000002_043_00000181#3,1,1,10,10,36
1,hehe_232_000002_043_00000181#8,1,1,10,10,57
1,hehe_274_000002_060_00000105#1,1,1,10,10,67
1,hehe_274_000002_060_00000105#5,1,1,10,10,28
1,hehe_274_000002_060_00000105#6,1,1,10,10,11
1,hehe_40_00000033#1,1,1,10,10,26
1,hehe_40_00000033#2,1,1,1,10,46
1,hehe_40_00000033#3,1,1,10,10,40
1,hehe_40_00000033#5,1,1,10,10,40
1,hehe_45_00000001#2,1,1,10,10,42
1,hehe_45_00000001#4,1,1,10,10,28
1,hehe_45_00000001#5,1,1,10,10,49
1,hehe_45_00000001#6,1,1,10,10,40
1,hehe_45_00000001#7,1,1,10,10,60
1,hehe_45_00000001#8,1,1,10,10,34
1,hehe_45_00000001#9,1,1,10,10,46
1,hehe_52_00000107#0,1,1,10,10,19
1,hehe_52_00000107#1,1,1,8,10,8
1,hehe_61_00000090#2,1,1,10,10,76
1,hehe_61_00000090#3,1,1,10,10,39
1,hehe_61_00000090#4,1,1,10,10,20
1,hehe_61_00000090#9,1,1,10,10,64
1,hehe_61_00000090#10,1,1,10,10,50
1,hehe_61_00000090#11,1,1,10,10,84
1,hehe_65_00000229#2,1,1,10,10,59
1,hehe_65_00000229#3,1,1,10,10,32
1,hehe_65_00000229#4,1,1,10,10,30
1,hehe_65_00000229#6,1,1,10,10,16
1,hehe_65_00000229#7,1,1,10,10,21
1,hehe_6_00000054#0,1,1,10,10,12
1,hehe_6_00000054#2,1,1,10,10,35
1,hehe_6_00000054#3,1,1,10,10,32
1,hehe_6_00000054#4,1,1,10,10,27
1,hehe_6_00000054#6,1,1,10,10,76
1,hehe_6_00000054#13,1,1,9,10,74
1,hehe_6_00000054#16,1,1,10,10,32
1,hehe_6_00000054#17,1,1,10,10,38
1,hehe_86_00000253#0,1,1,10,10,45
1,hehe_86_00000253#3,1,1,10,10,58
1,hehe_87_00000315#1,1,1,10,10,39
1,hehe_87_00000315#2,1,1,10,10,40
1,hehe_87_00000315#3,1,1,10,10,33
1,hehe_87_00000315#4,1,1,10,10,20
1,hehe_87_00000315#5,1,1,10,10,30
1,hehe_87_00000315#6,1,1,10,10,14
1,shuming_1007_00000230#0,1,1,10,10,38
1,shuming_1007_00000230#3,1,1,10,10,43
1,shuming_1007_00000230#4,1,1,10,10,36
1,shuming_1007_00000230#5,1,1,10,10,46
1,shuming_1007_00000230#7,1,1,10,10,63
1,shuming_1007_00000230#10,1,1,10,10,62
1,shuming_1007_00000230#11,1,1,10,10,39
1,shuming_1007_00000230#12,1,1,10,10,34
1,shuming_1007_00000230#13,1,1,7,10,10
1,shuming_1007_00000230#14,1,1,3,10,7
1,shuming_1007_00000230#15,1,1,10,10,79
1,shuming_1007_00000230#16,1,1,10,10,47
1,shuming_1007_00000230#17,1,1,10,10,19
1,shuming_1007_00000230#18,1,1,10,10,13
1,shuming_1007_00000230#20,1,1,10,10,20
1,shuming_1007_00000230#21,1,1,10,10,69
1,shuming_1007_00000230#22,1,1,10,10,27
1,shuming_1007_00000230#23,1,1,10,10,22
1,shuming_1013_00000065#0,1,1,10,10,87
1,shuming_1013_00000065#1,1,1,10,10,41
1,shuming_1013_00000065#3,1,1,10,10,26
1,shuming_1028_00000411#3,1,1,10,10,55
1,shuming_1028_00000411#4,1,1,9,10,10
1,shuming_1028_00000411#5,1,1,10,10,15
1,shuming_1064_00000087#0,1,1,10,10,34
1,shuming_1064_00000087#1,1,1,10,10,55
1,shuming_1064_00000087#2,1,1,10,10,56
1,shuming_1064_00000087#3,1,1,10,10,72
1,shuming_1064_00000087#4,1,1,10,10,69
1,shuming_1064_00000087#6,1,1,10,10,26
1,shuming_1064_00000087#7,1,1,10,10,54
1,shuming_1064_00000087#8,1,1,10,10,86
1,shuming_1076_00000257#1,1,1,10,10,31
1,shuming_1076_00000257#2,1,1,10,10,29
1,shuming_1076_00000257#3,1,1,10,10,20
1,shuming_1076_00000257#4,1,1,10,10,19
1,shuming_1076_00000257#5,1,1,10,10,23
1,shuming_1079_00000233#3,1,1,10,10,18
1,shuming_1079_00000233#4,1,1,10,10,12
1,shuming_1079_00000233#6,1,1,10,10,35
1,shuming_1080_00000016#0,1,1,10,10,72
1,shuming_1080_00000016#4,1,1,10,10,10
1,shuming_1132_00000385#2,1,1,10,10,29
1,shuming_1132_00000385#3,1,1,10,10,32
1,shuming_1132_00000385#4,1,1,10,10,25
1,shuming_1135_00000213#0,1,1,10,10,76
1,shuming_1148_00000041#0,1,1,10,10,74
1,shuming_1157_00000010#0,1,1,10,10,72
1,shuming_1157_00000010#1,1,1,10,10,32
1,shuming_1157_00000010#2,1,1,10,10,18
1,shuming_1180_00000231#3,1,1,10,10,49
1,shuming_24_00000001#0,1,1,10,10,40
1,shuming_24_00000001#1,1,1,10,10,62
1,shuming_340_00000020#1,1,1,10,10,21
1,shuming_340_00000020#19,1,1,10,10,11
1,shuming_340_00000020#22,1,1,7,10,7
1,shuming_340_00000020#23,1,1,10,10,12
1,shuming_340_00000020#26,1,1,8,10,9
1,shuming_340_00000020#30,1,1,9,10,9
1,shuming_340_00000020#31,1,1,10,10,12
1,shuming_340_00000020#38,1,1,9,10,10
1,shuming_35_00000199#0,1,1,10,10,73
1,shuming_35_00000199#3,1,1,10,10,36
1,shuming_35_00000199#4,1,1,10,10,26
1,shuming_35_00000199#5,1,1,3,10,87
1,shuming_35_00000199#6,1,1,10,10,18
1,shuming_35_00000199#8,1,1,10,10,14
1,shuming_35_00000199#9,1,1,8,10,8
1,shuming_35_00000199#11,1,1,10,10,39
1,shuming_410_00000037#0,1,1,6,10,7
1,shuming_410_00000037#9,1,1,10,10,45
1,shuming_461_00000082#0,1,1,10,10,53
1,shuming_461_00000082#2,1,1,10,10,42
1,shuming_461_00000082#3,1,1,10,10,31
1,shuming_461_00000082#4,1,1,10,10,14
1,shuming_461_00000082#5,1,1,10,10,11
1,shuming_465_00000030#0,1,1,10,10,10
1,shuming_465_00000030#2,1,1,10,10,56
1,shuming_465_00000030#3,1,1,10,10,15
1,shuming_470_00000057#3,1,1,10,10,43
1,shuming_470_00000057#4,1,1,10,10,23
1,shuming_482_00000018#3,1,1,10,10,53
1,shuming_482_00000018#4,1,1,10,10,44
1,shuming_482_00000018#5,1,1,10,10,62
1,shuming_485_00000027#3,1,1,10,10,16
1,shuming_485_00000027#4,1,1,10,10,52
1,shuming_503_00000052#0,1,1,10,10,32
1,shuming_503_00000052#1,1,1,10,10,26
1,shuming_562_00000223#2,1,1,10,10,76
1,shuming_571_00000215#0,1,1,10,10,56
1,shuming_571_00000215#1,1,1,10,10,46
1,shuming_574_00000017#0,1,1,10,10,63
1,shuming_608_00000031#1,1,1,10,10,19
1,shuming_608_00000031#2,1,1,10,10,30
1,shuming_608_00000031#3,1,1,10,10,35
1,shuming_608_00000031#4,1,1,10,10,11
1,shuming_610_00000148#0,1,1,10,10,50
1,shuming_63_00000393#3,1,1,10,10,15
1,shuming_63_00000393#4,1,1,10,10,17
1,shuming_63_00000393#5,1,1,9,10,9
1,shuming_63_00000393#6,1,1,10,10,23
1,shuming_63_00000393#7,1,1,10,10,21
1,shuming_63_00000393#8,1,1,10,10,23
1,shuming_63_00000393#9,1,1,10,10,20
1,shuming_663_00000328#2,1,1,10,10,50
1,shuming_663_00000328#3,1,1,10,10,40
1,shuming_67_00000001#1,1,1,10,10,55
1,shuming_67_00000001#2,1,1,10,10,18
1,shuming_698_00000001#0,1,1,10,10,11
1,shuming_698_00000001#1,1,1,6,10,13
1,shuming_698_00000001#2,1,1,10,10,17
1,shuming_698_00000001#3,1,1,10,10,20
1,shuming_698_00000001#4,1,1,10,10,15
1,shuming_698_00000001#5,1,1,10,10,14
1,shuming_698_00000001#7,1,1,10,10,26
1,shuming_698_00000001#8,1,1,10,10,17
1,shuming_698_00000001#9,1,1,10,10,14
1,shuming_698_00000001#10,1,1,10,10,13
1,shuming_698_00000001#11,1,1,10,10,13
1,shuming_698_00000001#12,1,1,10,10,15
1,shuming_698_00000001#13,1,1,10,10,14
1,shuming_698_00000001#14,1,1,10,10,12
1,shuming_698_00000001#15,1,1,10,10,15
1,shuming_698_00000001#16,1,1,10,10,15
1,shuming_698_00000001#17,1,1,10,10,23
1,shuming_698_00000001#18,1,1,10,10,18
1,shuming_698_00000001#19,1,1,10,10,19
1,shuming_698_00000001#20,1,1,10,10,22
1,shuming_698_00000001#21,1,1,10,10,24
1,shuming_698_00000001#22,1,1,10,10,18
1,shuming_698_00000001#23,1,1,10,10,35
1,shuming_698_00000001#25,1,1,10,10,64
1,shuming_706_00000375#0,1,1,9,10,41
1,shuming_706_00000375#2,1,1,10,10,32
1,shuming_706_00000375#3,1,1,10,10,17
1,shuming_706_00000375#4,1,1,10,10,52
1,shuming_72_00000270#19,1,1,10,10,54
1,shuming_72_00000270#20,1,1,10,10,22
1,shuming_72_00000270#22,1,1,10,10,48
1,shuming_72_00000270#24,1,1,10,10,20
1,shuming_731_00000492#0,1,1,10,10,32
1,shuming_731_00000492#1,1,1,10,10,26
1,shuming_731_00000492#3,1,1,10,10,60
1,shuming_731_00000492#5,1,1,10,10,69
1,shuming_753_00000172#0,1,1,10,10,12
1,shuming_758_00000371#0,1,1,10,10,52
1,shuming_763_00000009#2,1,1,10,10,15
1,shuming_774_00000273#3,1,1,10,10,63
1,shuming_774_00000273#5,1,1,10,10,31
1,shuming_779_00000254#1,1,1,10,10,63
1,shuming_779_00000254#5,1,1,10,10,80
1,shuming_783_00000248#0,1,1,10,10,81
1,shuming_783_00000248#2,1,1,10,10,66
1,shuming_793_00000117#2,1,1,10,10,31
1,shuming_825_00000172#1,1,1,10,10,13
1,shuming_825_00000172#2,1,1,6,10,7
1,shuming_825_00000172#3,1,1,10,10,16
1,shuming_826_00000213#1,1,1,10,10,14
1,shuming_826_00000213#2,1,1,10,10,18
1,shuming_826_00000213#3,1,1,9,10,9
1,shuming_85_00000273#4,1,1,10,10,11
1,shuming_987_00000275#1,1,1,10,10,41
1,shuming_987_00000275#2,1,1,10,10,23
1,shuming_987_00000275#3,1,1,10,10,19
1,shuming_987_00000275#4,1,1,10,10,21
1,shuming_987_00000275#5,1,1,10,10,10
2,00000045#1,1,1,10,10,242
2,00000045#2,1,1,10,10,88
2,00000045#3,1,1,10,10,105
2,00000045#6,1,1,10,10,286
2,00000045#7,1,1,10,10,279
2,00000057#1,1,1,10,10,225
2,00000057#2,1,1,10,10,88
2,00000057#3,1,1,10,10,111
2,00000057#5,1,1,10,10,133
2,00000063#1,1,1,10,10,279
2,00000063#2,1,1,10,10,90
2,00000063#3,1,1,10,10,107
2,00000063#5,1,1,10,10,208
2,00000095#1,1,1,10,10,279
2,00000095#2,1,1,10,10,114
2,00000095#3,1,1,10,10,105
2,00000106#1,1,1,10,10,245
2,00000106#2,1,1,10,10,135
2,00000106#3,1,1,10,10,122
2,00000106#5,1,1,10,10,157
2,00000123#1,1,1,10,10,196
2,00000123#2,1,1,10,10,87
2,00000123#3,1,1,10,10,190
2,00000123#5,1,1,10,10,108
2,00000171#0,1,1,10,10,120
2,00000180#0,1,1,10,10,136
2,00000234#1,1,1,10,10,108
2,00000257#0,1,1,10,10,93
2,00000271#0,1,1,10,10,118
2,00000271#1,1,1,10,10,132
2,00000273#0,1,1,10,10,84
2,00000273#1,1,1,10,10,99
2,000002_080_00000048#0,1,1,10,10,69
2,000002_083_00000169#0,1,1,10,10,14
2,000002_083_00000169#1,1,1,10,10,26
2,000002_083_00000169#2,1,1,10,10,36
2,00000346#0,1,1,10,10,381
2,00000364#0,1,1,10,10,210
2,00000396#0,1,1,10,10,111
2,00000399#0,1,1,10,10,82
2,000003_081_00000171#10,1,1,10,10,76
2,000003_081_00000171#11,1,1,10,10,82
2,00000426#0,1,1,10,10,653
2,00000506#0,1,1,10,10,117
2,000005_004_00000286#4,1,1,10,10,62
2,000005_006_00000001#1,1,1,10,10,68
2,000005_006_00000001#2,1,1,10,10,25
2,000005_019_00000209#0,1,1,10,10,43
2,000005_019_00000209#1,1,1,10,10,31
2,000005_019_00000209#2,1,1,10,10,59
2,000005_027_00000493#1,1,1,10,10,34
2,000005_027_00000493#2,1,1,10,10,38
2,000005_027_00000493#3,1,1,10,10,49
2,000005_027_00000493#4,1,1,10,10,21
2,000005_027_00000493#5,1,1,10,10,25
2,000005_027_00000493#6,1,1,10,10,20
2,000005_027_00000493#7,1,1,10,10,26
2,000005_027_00000493#8,1,1,10,10,74
2,000005_028_00000001#2,1,1,10,10,77
2,000005_028_00000163#2,1,1,10,10,31
2,00000618#2,1,1,10,10,101
2,000006_010_00000389#4,1,1,10,10,58
2,000006_011_00000307#3,1,1,10,10,25
2,000006_011_00000409#8,1,1,10,10,40
2,000006_011_00000409#10,1,1,10,10,54
2,000006_012_00000001#3,1,1,10,10,38
2,000006_012_00000001#6,1,1,10,10,63
2,000006_012_00000001#11,1,1,10,10,69
2,000006_012_00000001#12,1,1,10,10,33
2,000008_003_00000235#1,1,1,10,10,76
2,000008_003_00000235#2,1,1,10,10,59
2,000008_003_00000235#3,1,1,10,10,81
2,000008_003_00000235#4,1,1,10,10,66
2,000008_003_00000235#5,1,1,10,10,68
2,000008_003_00000235#10,1,1,10,10,68
2,000008_003_00000235#11,1,1,10,10,16
2,000008_003_00000352#1,1,1,10,10,66
2,000008_003_00000352#3,1,1,10,10,80
2,000008_003_00000352#5,1,1,10,10,74
2,000008_003_00000352#7,1,1,10,10,75
2,000008_003_00000352#8,1,1,10,10,75
2,000008_003_00000352#9,1,1,10,10,76
2,000008_003_00000352#10,1,1,10,10,64
2,000008_003_00000352#12,1,1,10,10,74
2,000008_003_00000352#13,1,1,10,10,16
2,000008_003_00000469#0,1,1,10,10,85
2,000008_003_00000469#1,1,1,10,10,70
2,000008_003_00000469#2,1,1,10,10,67
2,000008_003_00000469#3,1,1,10,10,78
2,000008_003_00000469#4,1,1,10,10,85
2,000008_003_00000469#6,1,1,10,10,89
2,000008_003_00000469#9,1,1,10,10,31
2,000008_003_00000469#10,1,1,10,10,18
2,000008_004_00000665#2,1,1,10,10,34
2,000008_004_00000665#4,1,1,10,10,39
2,000008_004_00000665#11,1,1,10,10,52
2,000008_004_00000665#12,1,1,10,10,63
2,000008_004_00000665#13,1,1,10,10,37
2,000008_013_00000195#1,1,1,10,10,66
2,000008_013_00000195#2,1,1,10,10,60
2,000008_042_00000273#1,1,1,10,10,40
2,000008_045_00000001#0,1,1,10,10,48
2,000008_045_00000001#2,1,1,10,10,70
2,000008_045_00000001#3,1,1,10,10,14
2,000008_045_00000157#0,1,1,10,10,80
2,000008_045_00000157#4,1,1,10,10,17
2,000008_048_00000361#3,1,1,10,10,42
2,000008_048_00000361#4,1,1,10,10,36
2,000008_048_00000361#5,1,1,9,10,29
2,000009_008_00000241#3,1,1,10,10,78
2,000009_008_00000241#5,1,1,10,10,69
2,000009_008_00000241#6,1,1,10,10,29
2,000009_008_00000241#7,1,1,10,10,76
2,000009_008_00000241#9,1,1,10,10,84
2,000009_033_00000333#1,1,1,10,10,16
2,000009_033_00000333#2,1,1,10,10,38
2,000009_033_00000333#3,1,1,10,10,38
2,000009_033_00000333#4,1,1,10,10,36
2,000009_033_00000333#6,1,1,10,10,51
2,000012_008_00000163#3,1,1,10,10,67
2,000012_008_00000163#4,1,1,10,10,55
2,000012_008_00000163#5,1,1,10,10,48
2,000012_008_00000163#6,1,1,10,10,60
2,000012_008_00000163#8,1,1,10,10,74
2,000012_008_00000163#10,1,1,10,10,17
2,000012_008_00000163#11,1,1,10,10,26
2,000012_008_00000163#12,1,1,10,10,27
2,000012_008_00000163#13,1,1,10,10,15
2,000012_008_00000163#14,1,1,10,10,11
2,000012_009_00000244#1,1,1,10,10,71
2,000012_009_00000244#3,1,1,10,10,68
2,000012_009_00000244#4,1,1,10,10,40
2,000012_009_00000244#5,1,1,10,10,45
2,000012_009_00000244#6,1,1,10,10,21
2,000012_009_00000244#7,1,1,10,10,13
2,000012_009_00000244#8,1,1,10,10,12
2,000012_009_00000244#9,1,1,10,10,14
2,000012_009_00000244#10,1,1,10,10,34
2,000012_009_00000244#11,1,1,10,10,18
2,000012_009_00000244#12,1,1,10,10,18
2,000012_009_00000244#13,1,1,10,10,19
2,000012_009_00000244#14,1,1,8,10,8
2,000012_009_00000325#3,1,1,10,10,82
2,000012_009_00000325#4,1,1,10,10,36
2,000012_009_00000325#5,1,1,10,10,43
2,000012_009_00000325#6,1,1,10,10,28
2,000012_009_00000325#7,1,1,10,10,17
2,000012_009_00000325#8,1,1,10,10,16
2,000012_009_00000325#9,1,1,8,10,8
2,000012_009_00000325#11,1,1,10,10,28
2,000012_009_00000325#12,1,1,10,10,15
2,000012_009_00000325#14,1,1,10,10,22
2,000012_009_00000325#15,1,1,5,10,19
2,000012_009_00000325#16,1,1,10,10,35
2,000012_014_00000184#0,1,1,10,10,33
2,000012_014_00000184#1,1,1,10,10,55
2,000012_014_00000184#3,1,1,10,10,26
2,000012_019_00000151#1,1,1,10,10,59
2,000012_019_00000151#2,1,1,10,10,14
2,000012_019_00000151#4,1,1,10,10,21
2,000012_019_00000151#5,1,1,10,10,14
2,000012_022_00000090#0,1,1,10,10,64
2,000012_022_00000090#1,1,1,10,10,23
2,000012_025_00000313#1,1,1,10,10,11
2,000012_025_00000313#2,1,1,10,10,11
2,000012_025_00000313#3,1,1,10,10,13
2,000012_025_00000313#4,1,1,7,10,7
2,000012_025_00000313#5,1,1,10,10,13
2,000012_025_00000313#6,1,1,8,10,8
2,000012_028_00000250#0,1,1,10,10,64
2,000012_028_00000250#1,1,1,10,10,56
2,000013_001_00000001#1,1,1,10,10,33
2,000013_001_00000001#2,1,1,10,10,34
2,000013_001_00000001#3,1,1,10,10,31
2,000013_002_00000281#1,1,1,10,10,31
2,000013_002_00000281#2,1,1,10,10,36
2,000013_002_00000281#3,1,1,10,10,20
2,000013_023_00000075#1,1,1,10,10,56
2,000013_023_00000075#2,1,1,10,10,68
2,000013_025_00000285#0,1,1,10,10,15
2,000013_025_00000285#1,1,1,10,10,56
2,000013_025_00000285#2,1,1,10,10,20
2,000013_030_00000063#0,1,1,10,10,21
2,000013_030_00000063#1,1,1,10,10,68
2,000013_039_00000063#0,1,1,10,10,41
2,000013_039_00000063#1,1,1,10,10,32
2,000013_039_00000063#3,1,1,10,10,26
2,000013_039_00000063#5,1,1,8,10,8
2,000013_040_suppl_00000167#0,1,1,10,10,79
2,000013_040_suppl_00000333#1,1,1,10,10,50
2,000013_040_suppl_00000333#3,1,1,10,10,80
2,000013_040_suppl_00000333#4,1,1,8,10,8
2,000013_044_00000001#0,1,1,10,10,24
2,000013_044_00000001#1,1,1,3,10,31
2,000013_044_00000001#2,1,1,10,10,72
2,000013_044_00000001#4,1,1,7,10,38
2,000013_044_00000001#5,0,1,0,10,72
2,000013_044_00000001#7,1,1,10,10,62
2,000013_048_00000001#0,1,1,10,10,46
2,000013_048_00000001#1,1,1,4,10,60
2,000013_048_00000001#3,0,1,0,10,49
2,000013_048_00000001#4,1,1,6,10,69
2,000013_056_00000281#2,1,1,10,10,49
2,000013_056_00000281#3,1,1,10,10,16
2,000013_056_00000281#4,1,1,10,10,21
2,000013_056_00000281#6,1,1,10,10,11
2,000013_056_00000281#7,1,1,10,10,12
2,000013_056_00000281#8,1,1,10,10,64
2,000013_056_00000281#9,1,1,10,10,43
2,000013_056_00000281#10,1,1,10,10,32
2,000014_012_00000217#1,1,1,10,10,41
2,000014_012_00000217#2,1,1,10,10,48
2,000014_050_00000273#3,1,1,10,10,47
2,000014_050_00000273#4,1,1,10,10,57
2,000014_050_00000273#5,1,1,10,10,26
2,000014_051_suppl_00000341#2,1,1,10,10,15
2,000014_052_00000131#2,1,1,10,10,22
2,000014_052_00000131#3,1,1,10,10,13
2,000015_004_00000268#0,1,1,10,10,27
2,000015_004_suppl_00000223#2,1,1,10,10,36
2,000016_043_suppl_00000292#1,1,1,10,10,21
2,000016_043_suppl_00000292#2,1,1,10,10,56
2,000016_043_suppl_00000292#4,1,1,10,10,30
2,000016_043_suppl_00000292#5,1,1,10,10,25
2,000016_043_suppl_00000292#6,1,1,10,10,45
2,000016_043_suppl_00000292#8,1,1,10,10,26
2,000016_043_suppl_00000292#9,1,1,10,10,32
2,000016_043_suppl_00000292#10,1,1,10,10,19
2,000016_043_suppl_00000292#11,1,1,10,10,27
2,000016_043_suppl_00000292#12,1,1,10,10,32
2,000016_043_suppl_00000292#14,1,1,10,10,70
2,000016_043_suppl_00000292#17,1,1,10,10,47
2,000016_043_suppl_00000292#20,1,1,10,10,23
2,000016_044_00000085#0,1,1,10,10,83
2,000016_044_00000085#1,1,1,10,10,62
2,000016_044_00000085#3,1,1,10,10,17
2,000016_044_00000085#4,1,1,10,10,65
2,000016_044_00000085#7,1,1,10,10,67
2,000016_044_00000085#10,1,1,10,10,78
2,000016_044_00000169#1,1,1,10,10,37
2,000016_044_00000169#2,1,1,10,10,36
2,000016_044_00000169#3,1,1,10,10,16
2,000016_044_00000169#5,1,1,10,10,15
2,000016_044_00000169#6,1,1,10,10,59
2,000016_044_00000169#8,1,1,10,10,88
2,000016_044_00000169#16,1,1,10,10,73
2,000016_044_00000169#17,1,1,10,10,65
2,000017_011_00000297#3,1,1,10,10,12
2,000017_011_00000297#5,1,1,10,10,68
2,000017_011_00000297#9,1,1,10,10,26
2,000017_011_00000297#10,1,1,10,10,86
2,000017_011_00000297#11,1,1,10,10,59
2,000017_011_00000297#13,1,1,10,10,43
2,000017_012_00000135#2,1,1,10,10,36
2,000017_020_00000214#0,1,1,10,10,21
2,000017_020_00000214#2,1,1,10,10,27
2,000017_020_suppl_00000356#0,1,1,10,10,20
2,000017_020_suppl_00000356#2,1,1,10,10,20
2,000018_006_00000063#0,1,1,10,10,66
2,000019_030_00000072#1,1,1,10,10,23
2,000019_030_00000072#2,1,1,10,10,72
2,000019_030_00000072#3,1,1,10,10,54
2,000019_030_00000072#4,1,1,10,10,21
2,000019_030_00000072#5,1,1,10,10,10
2,000019_038_00000205#2,1,1,10,10,20
2,000019_038_00000205#3,1,1,10,10,25
2,000019_038_00000205#4,1,1,10,10,21
2,000019_038_00000205#5,1,1,10,10,36
2,000019_038_00000205#6,1,1,10,10,84
2,000019_038_00000205#7,1,1,10,10,70
2,000019_038_00000205#8,1,1,10,10,82
2,000019_041_00000141#2,1,1,10,10,24
2,000019_045_00000145#4,1,1,10,10,46
2,000019_045_00000145#5,1,1,10,10,42
2,000019_045_00000145#7,1,1,3,10,67
2,000020_010_00000089#1,1,1,10,10,60
2,000020_010_00000089#5,1,1,9,10,9
2,000020_010_00000089#6,1,1,10,10,20
2,000020_010_00000089#7,1,1,4,10,8
2,000020_014_00000193#2,1,1,10,10,63
2,000020_014_00000193#3,1,1,10,10,76
2,000020_014_00000193#5,1,1,10,10,54
2,000020_014_00000193#6,1,1,10,10,77
2,000020_018_00000093#0,1,1,10,10,16
2,000020_018_00000093#1,1,1,10,10,24
2,000020_018_00000093#2,1,1,10,10,81
2,000020_018_00000093#3,1,1,10,10,42
2,000021_020_00000131#2,1,1,10,10,76
2,000023_005_00000070#1,1,1,10,10,32
2,000023_005_00000070#2,1,1,10,10,87
2,000023_005_00000070#3,1,1,10,10,63
2,000023_005_00000070#4,1,1,10,10,63
2,000023_005_00000070#5,1,1,10,10,18
2,000023_005_00000070#6,1,1,10,10,23
2,000031#0,1,1,10,10,53
2,000031#1,1,1,10,10,15
2,000031#2,1,1,8,10,8
2,000031#3,1,1,10,10,15
2,000031#6,1,1,10,10,24
2,000031#8,1,1,10,10,53
2,000031#10,1,1,10,10,16
2,000031#11,1,1,10,10,21
2,000066#0,1,1,10,10,31
2,000066#1,1,1,10,10,15
2,000066#2,1,1,10,10,61
2,000066#3,1,1,10,10,39
2,000070#0,1,1,10,10,28
2,000070#1,1,1,10,10,18
2,000070#2,1,1,9,10,52
2,000070#3,1,1,10,10,67
2,000173#1,1,1,10,10,27
2,000303#2,1,1,10,10,67
2,000303#6,1,1,10,10,30
2,000303#7,1,1,10,10,16
2,000328#1,1,1,10,10,58
2,000328#3,1,1,10,10,65
2,000415#1,1,1,10,10,14
2,000415#2,1,1,9,10,9
2,000415#4,1,1,10,10,22
2,000415#5,1,1,10,10,24
2,000415#6,1,1,10,10,12
2,000415#8,1,1,10,10,10
2,000415#10,1,1,10,10,13
2,000415#11,1,1,10,10,12
2,000415#13,1,1,10,10,21
2,000415#14,1,1,10,10,13
2,000415#15,1,1,10,10,17
2,000415#16,1,1,8,10,8
2,000415#17,1,1,7,10,10
2,000415#19,1,1,10,10,37
2,000433#7,1,1,10,10,57
2,000437#0,1,1,10,10,67
2,000437#1,1,1,10,10,75
2,000437#2,1,1,10,10,26
2,000437#5,1,1,10,10,48
2,000484#2,1,1,10,10,37
2,000484#3,1,1,10,10,55
2,000500#0,1,1,10,10,14
2,000500#1,1,1,9,10,9
2,000500#2,1,1,10,10,15
2,000525#0,1,1,10,10,14
2,000525#1,1,1,10,10,30
2,000525#2,1,1,10,10,35
2,000561#0,1,1,10,10,70
2,000561#3,1,1,10,10,63
2,000561#4,1,1,10,10,38
2,000597#2,1,1,10,10,62
2,000597#3,1,1,7,10,29
2,000630#0,1,1,10,10,14
2,000680#5,1,1,10,10,69
2,000707#1,1,1,10,10,13
2,000707#2,1,1,10,10,18
2,000707#3,1,1,9,10,9
2,000707#4,1,1,10,10,25
2,000707#5,1,1,10,10,20
2,000735#1,1,1,10,10,11
2,000738#0,1,1,10,10,26
2,000738#2,1,1,9,10,9
2,000738#3,1,1,10,10,36
2,000756#4,1,1,10,10,34
2,000759#2,1,1,10,10,34
2,000780#0,1,1,10,10,22
2,000780#3,1,1,10,10,90
2,000783#0,1,1,10,10,45
2,000783#1,1,1,10,10,42
2,000783#3,1,1,10,10,38
2,000783#4,1,1,10,10,26
2,000808#1,1,1,10,10,21
2,000820#2,1,1,10,10,58
2,000820#3,1,1,10,10,45
2,000820#4,1,1,10,10,25
2,000820#5,1,1,10,10,27
2,000820#7,1,1,8,10,8
2,000889#5,1,1,10,10,84
2,000889#6,1,1,10,10,40
2,000889#7,1,1,10,10,14
2,000889#8,1,1,10,10,15
2,000889#9,1,1,10,10,22
2,000889#13,1,1,10,10,24
2,000889#14,1,1,10,10,69
2,000943#0,1,1,10,10,16
2,000943#1,1,1,10,10,14
2,000943#2,1,1,10,10,64
2,000943#3,1,1,7,10,7
2,000943#4,1,1,7,10,7
2,000943#6,1,1,7,10,18
2,000943#7,1,1,10,10,23
2,000952#0,1,1,10,10,22
2,001033#1,1,1,10,10,15
2,001033#2,1,1,10,10,31
2,001033#3,1,1,10,10,41
2,001033#9,1,1,8,10,25
2,001033#10,1,1,10,10,21
2,001035#0,1,1,10,10,19
2,001035#1,1,1,10,10,53
2,001035#2,1,1,10,10,76
2,001035#7,1,1,10,10,40
2,001035#9,1,1,10,10,22
2,001035#10,1,1,10,10,63
2,001114#5,1,1,10,10,47
2,001114#6,1,1,10,10,40
2,001114#7,1,1,10,10,12
2,001114#8,1,1,10,10,26
2,001114#10,1,1,10,10,17
2,001123#0,1,1,10,10,31
2,001123#1,1,1,10,10,76
2,001123#2,1,1,10,10,77
2,001123#4,1,1,10,10,64
2,001123#5,1,1,10,10,42
2,001123#6,1,1,10,10,79
2,001123#7,1,1,10,10,86
2,001123#8,1,1,8,10,36
2,001123#9,1,1,10,10,56
2,001123#10,1,1,10,10,62
2,001123#11,1,1,10,10,66
2,001123#12,1,1,10,10,79
2,001123#13,1,1,10,10,31
2,001123#18,1,1,9,10,9
2,001123#19,1,1,8,10,10
2,001123#20,1,1,10,10,49
2,001123#21,1,1,10,10,32
2,001123#22,1,1,10,10,33
2,001135#4,1,1,10,10,64
2,001135#6,1,1,10,10,72
2,001135#7,1,1,6,10,14
2,001157#4,1,1,10,10,14
2,001157#5,1,1,10,10,30
2,001157#8,1,1,10,10,77
2,001157#9,1,1,10,10,68
2,001202#3,1,1,10,10,72
2,001202#4,1,1,10,10,78
2,001202#8,1,1,10,10,23
2,001202#10,1,1,10,10,56
2,001202#11,1,1,10,10,57
2,001202#12,1,1,10,10,42
2,001257#0,1,1,10,10,46
2,001257#3,1,1,10,10,69
2,001257#6,1,1,10,10,27
2,001257#9,1,1,10,10,27
2,001257#10,1,1,10,10,46
2,001257#11,1,1,10,10,31
2,001276#3,1,1,10,10,58
2,001276#7,1,1,10,10,30
2,001276#9,1,1,10,10,54
2,001276#10,1,1,10,10,27
2,001276#11,1,1,10,10,31
2,001276#12,1,1,10,10,25
2,001276#13,1,1,10,10,35
2,001276#14,1,1,10,10,50
2,001276#15,1,1,10,10,25
2,001295#0,1,1,10,10,30
2,001295#1,1,1,10,10,52
2,001295#3,1,1,10,10,10
2,001295#10,1,1,10,10,55
2,001295#11,1,1,10,10,24
2,001295#12,1,1,9,10,17
2,001295#13,1,1,9,10,28
2,001295#14,1,1,10,10,36
2,001295#15,1,1,10,10,24
2,001295#17,1,1,10,10,19
2,001295#18,1,1,10,10,15
2,001295#19,1,1,10,10,17
2,001295#20,1,1,10,10,16
2,001295#21,1,1,10,10,22
2,001295#22,1,1,10,10,26
2,001295#24,1,1,10,10,26
2,001295#26,1,1,9,10,9
2,001409#0,1,1,10,10,39
2,001409#1,1,1,10,10,43
2,001415#0,1,1,10,10,42
2,001415#1,1,1,10,10,44
2,001415#2,1,1,10,10,41
2,001415#3,1,1,10,10,53
2,001443#3,1,1,10,10,53
2,001443#4,1,1,10,10,73
2,001443#6,1,1,5,10,66
2,001443#7,1,1,10,10,67
2,001443#9,1,1,10,10,27
2,001443#10,1,1,10,10,46
2,001461#2,1,1,10,10,28
2,001461#3,1,1,10,10,42
2,001461#4,1,1,10,10,64
2,001461#5,1,1,10,10,36
2,001531#1,1,1,10,10,16
2,001531#2,1,1,10,10,11
2,001531#6,1,1,10,10,28
2,001531#8,1,1,10,10,11
2,001531#10,1,1,10,10,43
2,001558#4,1,1,10,10,31
2,001683#1,1,1,10,10,83
2,001683#6,1,1,10,10,36
2,001683#7,1,1,10,10,46
2,001683#8,1,1,10,10,50
2,001694#1,1,1,10,10,28
2,001694#2,1,1,10,10,64
2,001694#7,1,1,10,10,62
2,001694#8,1,1,10,10,36
2,001694#9,1,1,10,10,50
2,001694#10,1,1,10,10,27
2,001694#11,1,1,10,10,28
2,001694#12,1,1,10,10,22
2,001694#13,1,1,10,10,27
2,001694#14,1,1,10,10,31
2,001707#1,1,1,10,10,22
2,001707#2,1,1,10,10,68
2,001707#7,1,1,10,10,62
2,001707#8,1,1,10,10,36
2,001707#9,1,1,10,10,31
2,001707#10,1,1,10,10,34
2,001707#11,1,1,10,10,57
2,001707#12,1,1,10,10,19
2,001712#1,1,1,10,10,72
2,001712#6,1,1,10,10,58
2,001712#7,1,1,10,10,16
2,001712#8,1,1,10,10,36
2,001712#9,1,1,10,10,55
2,001712#10,1,1,10,10,25
2,001712#11,1,1,10,10,23
2,001712#12,1,1,10,10,27
2,001724#1,1,1,10,10,11
2,001724#3,1,1,10,10,56
2,001724#7,1,1,10,10,84
2,001724#8,1,1,10,10,34
2,001724#9,1,1,10,10,30
2,001724#10,1,1,10,10,27
2,001724#11,1,1,10,10,34
2,001724#12,1,1,10,10,38
2,001737#3,1,1,10,10,54
2,001737#7,1,1,10,10,76
2,001737#8,1,1,8,10,8
2,001737#9,1,1,10,10,15
2,001737#10,1,1,10,10,36
2,001737#11,1,1,10,10,30
2,001737#12,1,1,10,10,38
2,001737#13,1,1,10,10,30
2,001742#0,1,1,10,10,41
2,001763#0,1,1,10,10,25
2,001785#0,1,1,10,10,50
2,001785#1,1,1,10,10,51
2,001785#2,1,1,10,10,80
2,001851#0,1,1,10,10,48
2,001851#8,1,1,10,10,25
2,001851#9,1,1,10,10,27
2,001851#10,1,1,10,10,31
2,001851#11,1,1,10,10,25
2,001851#12,1,1,10,10,27
2,001851#13,1,1,10,10,50
2,001851#14,1,1,10,10,27
2,001862#0,1,1,10,10,48
2,001862#8,1,1,10,10,21
2,001862#9,1,1,10,10,27
2,001862#10,1,1,10,10,54
2,001862#11,1,1,10,10,21
2,001862#12,1,1,10,10,20
2,001862#13,1,1,10,10,32
2,001862#14,1,1,10,10,29
2,001862#15,1,1,10,10,37
2,001873#0,1,1,10,10,48
2,001873#4,1,1,10,10,73
2,001873#8,1,1,10,10,26
2,001873#9,1,1,10,10,50
2,001873#10,1,1,10,10,14
2,001873#11,1,1,10,10,27
2,001873#12,1,1,10,10,26
2,001873#13,1,1,10,10,27
2,001881#0,1,1,10,10,48
2,001881#4,1,1,10,10,73
2,001881#8,1,1,10,10,25
2,001881#9,1,1,10,10,54
2,001881#10,1,1,10,10,22
2,001884#0,1,1,10,10,52
2,001884#4,1,1,10,10,73
2,001884#8,1,1,10,10,21
2,001884#9,1,1,10,10,57
2,001884#10,1,1,10,10,25
2,001884#11,1,1,10,10,23
2,001884#12,1,1,10,10,20
2,001884#13,1,1,10,10,17
2,001884#14,1,1,10,10,27
2,001898#0,1,1,10,10,52
2,001898#4,1,1,10,10,74
2,001898#7,1,1,10,10,22
2,001898#8,1,1,10,10,20
2,001898#9,1,1,10,10,21
2,001898#10,1,1,10,10,24
2,001898#11,1,1,10,10,36
2,001898#12,1,1,10,10,55
2,001898#13,1,1,10,10,27
2,001898#14,1,1,10,10,24
2,001970#1,1,1,10,10,73
2,001970#3,1,1,10,10,36
2,001970#7,1,1,10,10,65
2,001970#8,1,1,10,10,26
2,001970#9,1,1,10,10,41
2,001970#10,1,1,10,10,27
2,002048#2,1,1,10,10,68
2,002048#3,1,1,10,10,53
2,002048#4,1,1,10,10,76
2,002048#7,1,1,10,10,37
2,002048#8,1,1,10,10,19
2,002048#9,1,1,10,10,40
2,002048#10,1,1,10,10,41
2,002097#3,1,1,10,10,67
2,002097#4,1,1,10,10,75
2,002097#7,1,1,10,10,22
2,002097#8,1,1,10,10,29
2,002097#9,1,1,10,10,32
2,002097#10,1,1,10,10,32
2,002102#0,1,1,10,10,63
2,002102#1,1,1,10,10,67
2,002102#2,1,1,10,10,64
2,002102#3,1,1,10,10,55
2,002102#4,1,1,10,10,59
2,002102#5,1,1,10,10,40
2,002102#6,1,1,10,10,56
2,002102#7,1,1,10,10,56
2,002102#8,1,1,10,10,50
2,002156#0,1,1,10,10,40
2,002156#1,1,1,10,10,28
2,002156#2,1,1,10,10,38
2,002156#3,1,1,6,10,59
2,002156#4,1,1,10,10,81
2,002156#7,1,1,10,10,46
2,002156#8,1,1,10,10,34
2,002156#9,1,1,10,10,53
2,002207#0,1,1,9,10,11
2,002207#1,1,1,10,10,49
2,002235#3,1,1,10,10,36
2,002235#5,1,1,10,10,55
2,002235#6,1,1,6,10,17
2,002235#7,1,1,10,10,27
2,002235#10,1,1,10,10,10
2,002265#3,1,1,10,10,15
2,002265#4,1,1,10,10,13
2,002276#0,1,1,10,10,41
2,002276#1,1,1,8,10,18
2,002276#2,1,1,10,10,32
2,002276#3,1,1,10,10,53
2,002276#6,1,1,10,10,46
2,002331#2,1,1,10,10,49
2,002331#3,1,1,10,10,37
2,002331#4,1,1,10,10,75
2,002331#16,1,1,10,10,14
2,002331#18,1,1,10,10,21
2,002334#1,1,1,10,10,11
2,002334#8,1,1,10,10,56
2,002334#9,1,1,10,10,18
2,002338#0,1,1,10,10,62
2,002338#1,1,1,10,10,70
2,002338#4,1,1,10,10,73
2,002338#5,1,1,10,10,44
2,002357#0,1,1,10,10,23
2,002357#1,1,1,10,10,35
2,002357#2,1,1,10,10,72
2,002357#3,1,1,10,10,43
2,002359#0,1,1,10,10,29
2,002359#1,1,1,10,10,43
2,002359#2,1,1,10,10,45
2,002359#3,1,1,10,10,27
2,002378#0,1,1,10,10,34
2,002378#1,1,1,10,10,11
2,002378#3,1,1,10,10,66
2,002378#5,1,1,10,10,73
2,002378#6,1,1,10,10,19
2,002380#2,1,1,10,10,77
2,002380#3,1,1,10,10,55
2,002380#4,1,1,10,10,19
2,002380#5,1,1,8,10,8
2,002380#6,1,1,10,10,45
2,002380#7,1,1,10,10,14
2,002380#8,1,1,10,10,15
2,002380#9,1,1,10,10,25
2,002413#0,1,1,10,10,23
2,002517#1,1,1,10,10,48
2,002517#2,1,1,10,10,16
2,002517#4,1,1,10,10,23
2,002517#5,1,1,10,10,76
2,002584#4,1,1,9,10,11
2,002584#6,1,1,10,10,11
2,002625#6,1,1,10,10,17
2,002625#8,1,1,10,10,26
2,002625#10,1,1,10,10,27
2,002625#13,1,1,10,10,22
2,002625#14,1,1,10,10,73
2,002625#18,1,1,10,10,29
2,002625#19,1,1,9,10,13
2,002625#20,1,1,10,10,70
2,002625#21,1,1,10,10,82
2,002625#22,1,1,10,10,36
2,002625#23,1,1,10,10,34
2,002625#24,1,1,10,10,65
2,002625#25,1,1,9,10,11
2,002625#26,1,1,10,10,48
2,002625#27,1,1,5,10,25
2,002625#28,1,1,10,10,37
2,002625#29,1,1,10,10,63
2,002625#30,1,1,10,10,23
2,002625#31,1,1,10,10,34
2,002625#32,1,1,10,10,45
2,002625#33,1,1,10,10,12
2,002627#5,1,1,10,10,20
2,002627#7,1,1,10,10,17
2,002627#11,1,1,10,10,74
2,002627#12,1,1,10,10,32
2,002627#15,1,1,10,10,69
2,002627#17,1,1,10,10,73
2,002627#18,1,1,10,10,74
2,002627#19,1,1,10,10,18
2,002627#22,1,1,10,10,87
2,002627#23,1,1,10,10,71
2,002627#26,1,1,10,10,80
2,002627#27,1,1,10,10,81
2,002627#28,1,1,10,10,48
2,002627#30,1,1,10,10,39
2,002627#31,1,1,10,10,50
2,002627#32,1,1,10,10,55
2,002671#7,1,1,10,10,51
2,002671#9,1,1,10,10,25
2,002671#11,1,1,10,10,39
2,002671#12,1,1,10,10,63
2,002671#13,1,1,10,10,45
2,002671#14,1,1,10,10,30
2,002671#15,1,1,10,10,30
2,002671#16,1,1,10,10,18
2,002671#17,1,1,10,10,45
2,002671#18,1,1,10,10,18
2,002671#19,1,1,10,10,57
2,002671#20,1,1,10,10,46
2,002671#21,1,1,10,10,23
2,002671#22,1,1,10,10,23
2,002671#23,1,1,10,10,46
2,002671#24,1,1,10,10,59
2,002677#0,1,1,10,10,63
2,002677#1,1,1,10,10,40
2,002677#16,1,1,10,10,14
2,002677#17,1,1,10,10,24
2,002677#18,1,1,10,10,76
2,002707#11,1,1,10,10,22
2,002707#12,1,1,10,10,25
2,002707#13,1,1,10,10,62
2,002750#1,1,1,10,10,15
2,002750#4,1,1,10,10,42
2,002750#12,1,1,10,10,13
2,002750#13,1,1,9,10,12
2,002750#14,1,1,10,10,10
2,002750#16,1,1,8,10,8
2,002750#18,1,1,10,10,14
2,002750#19,1,1,10,10,22
2,002750#20,1,1,10,10,28
2,002750#21,1,1,10,10,28
2,002750#22,1,1,10,10,53
2,002750#23,1,1,10,10,25
2,002750#25,1,1,10,10,51
2,002762#1,1,1,10,10,17
2,002839#1,1,1,10,10,21
2,002839#2,1,1,10,10,25
2,002839#3,1,1,10,10,48
2,002839#4,1,1,10,10,31
2,002842#3,1,1,10,10,25
2,002842#4,1,1,10,10,21
2,002844#1,1,1,10,10,42
2,002844#2,1,1,10,10,21
2,002844#3,1,1,10,10,38
2,002935#0,1,1,7,10,17
2,002935#1,1,1,8,10,13
2,002955#0,1,1,10,10,72
2,002955#1,1,1,10,10,47
2,002955#4,1,1,10,10,32
2,002955#5,1,1,10,10,21
2,002955#6,1,1,10,10,37
2,002955#7,1,1,10,10,68
2,002955#8,1,1,10,10,61
2,002955#9,1,1,10,10,11
2,002955#10,1,1,10,10,42
2,002955#11,1,1,10,10,42
2,002955#12,1,1,10,10,57
2,002955#13,1,1,10,10,67
2,002955#14,1,1,10,10,73
2,002955#16,1,1,10,10,49
2,002955#17,1,1,10,10,81
2,002955#20,1,1,10,10,15
2,002955#23,1,1,10,10,29
2,002955#24,1,1,7,10,7
2,002987#0,1,1,10,10,16
2,002987#1,1,1,9,10,9
2,002987#2,1,1,10,10,23
2,002987#3,1,1,10,10,14
2,002987#4,1,1,10,10,34
2,002987#6,1,1,10,10,64
2,002987#7,1,1,10,10,73
2,002987#8,1,1,10,10,28
2,002987#9,1,1,10,10,14
2,002987#10,1,1,10,10,15
2,002987#11,1,1,10,10,15
2,002987#12,1,1,8,10,8
2,002987#13,1,1,10,10,34
2,002987#14,1,1,10,10,20
2,002987#15,1,1,10,10,37
2,003007#6,1,1,9,10,9
2,003007#8,1,1,10,10,41
2,003007#9,1,1,10,10,24
2,003013#6,1,1,10,10,20
2,003017#4,1,1,10,10,12
2,003026#4,1,1,10,10,17
2,003056#1,1,1,10,10,24
2,003056#2,1,1,10,10,15
2,003056#3,1,1,10,10,15
2,003056#4,1,1,10,10,11
2,003056#7,1,1,10,10,38
2,003056#8,1,1,9,10,9
2,003056#9,1,1,10,10,27
2,003056#10,1,1,10,10,18
2,003056#11,1,1,10,10,61
2,003148#0,1,1,10,10,61
2,003148#2,1,1,10,10,63
2,003148#3,1,1,10,10,42
2,003148#6,1,1,10,10,47
2,003148#7,1,1,7,10,8
2,003148#8,1,1,8,10,8
2,003160#0,1,1,10,10,42
2,003160#1,1,1,10,10,28
2,003160#2,1,1,10,10,31
2,003160#3,1,1,8,10,27
2,003160#4,1,1,10,10,31
2,003160#5,1,1,10,10,84
2,003160#7,1,1,10,10,37
2,003160#8,1,1,10,10,69
2,003160#9,1,1,10,10,19
2,003160#11,1,1,9,10,78
2,003160#13,1,1,10,10,37
2,003160#14,1,1,10,10,11
2,003160#15,1,1,10,10,55
2,003160#17,1,1,10,10,43
2,003160#18,1,1,10,10,72
2,003160#19,1,1,10,10,26
2,003160#20,1,1,10,10,18
2,003160#21,1,1,10,10,46
2,003198#1,1,1,10,10,64
2,003198#4,1,1,10,10,42
2,003257#5,1,1,10,10,58
2,003262#0,1,1,10,10,28
2,003262#1,1,1,9,10,31
2,003262#4,1,1,10,10,27
2,003262#14,1,1,8,10,10
2,003262#16,1,1,10,10,10
2,003262#17,1,1,10,10,14
2,003262#21,1,1,8,10,16
2,003262#23,1,1,10,10,22
2,003262#24,1,1,10,10,18
2,003262#28,1,1,10,10,50
2,003262#29,1,1,4,10,7
2,003262#30,1,1,10,10,73
2,003273#1,1,1,10,10,73
2,003273#3,1,1,10,10,68
2,003273#4,1,1,10,10,45
2,003273#5,1,1,10,10,12
2,003273#6,1,1,10,10,87
2,003273#8,1,1,10,10,35
2,003273#9,1,1,10,10,19
2,003273#10,1,1,10,10,42
2,003273#11,1,1,10,10,17
2,003273#13,1,1,10,10,20
2,003288#0,1,1,10,10,74
2,003288#3,1,1,10,10,37
2,003288#4,1,1,10,10,27
2,003288#5,1,1,10,10,20
2,003288#6,1,1,10,10,20
2,003288#7,1,1,10,10,16
2,003288#8,1,1,10,10,14
2,003288#9,1,1,10,10,16
2,003288#10,1,1,10,10,18
2,003288#11,1,1,10,10,14
2,003288#12,1,1,10,10,27
2,003288#13,1,1,10,10,33
2,003288#14,1,1,10,10,13
2,003288#16,1,1,10,10,21
2,003288#18,1,1,10,10,69
2,003304#0,1,1,10,10,42
2,003304#1,1,1,10,10,36
2,003304#2,1,1,10,10,14
2,003304#3,1,1,10,10,48
2,003304#4,1,1,10,10,20
2,003304#8,1,1,10,10,25
2,003304#9,1,1,10,10,41
2,003304#11,1,1,10,10,42
2,003304#12,1,1,10,10,30
2,003304#13,1,1,10,10,13
2,003317#1,1,1,10,10,29
2,003317#2,1,1,10,10,26
2,003317#3,1,1,10,10,29
2,003317#5,1,1,10,10,50
2,003317#6,1,1,10,10,23
2,003317#7,1,1,10,10,27
2,003317#8,1,1,10,10,49
2,003317#9,1,1,10,10,30
2,003317#12,1,1,10,10,12
2,003317#14,1,1,10,10,55
2,003317#15,1,1,10,10,70
2,003317#16,1,1,10,10,43
2,003348#0,1,1,10,10,30
2,003353#0,1,1,10,10,14
2,003408#1,1,1,10,10,22
2,003411#0,1,1,10,10,41
2,003411#1,1,1,10,10,52
2,003411#2,1,1,10,10,57
2,003411#3,1,1,10,10,50
2,003419#0,1,1,10,10,84
2,003419#5,1,1,10,10,22
2,003419#13,1,1,10,10,24
2,003419#14,1,1,10,10,30
2,003419#17,1,1,10,10,30
2,003419#18,1,1,10,10,34
2,003419#19,1,1,10,10,18
2,003419#21,1,1,10,10,36
2,003425#5,1,1,10,10,17
2,003425#6,1,1,9,10,13
2,003425#7,1,1,10,10,11
2,003425#10,1,1,10,10,18
2,003425#12,1,1,10,10,44
2,003425#13,1,1,10,10,46
2,003460#0,1,1,10,10,26
2,003460#1,1,1,10,10,64
2,003460#3,1,1,10,10,80
2,003460#5,1,1,10,10,25
2,003460#6,1,1,10,10,73
2,003472#0,1,1,10,10,31
2,003472#1,1,1,10,10,68
2,003472#2,1,1,10,10,20
2,003472#3,1,1,10,10,71
2,003475#1,1,1,10,10,41
2,003475#2,1,1,10,10,22
2,003475#3,1,1,10,10,51
2,003475#5,1,1,10,10,46
2,003475#6,1,1,10,10,70
2,003475#10,1,1,10,10,21
2,003475#11,1,1,10,10,31
2,003487#0,1,1,10,10,53
2,003487#2,1,1,10,10,62
2,003489#0,1,1,10,10,24
2,003489#2,1,1,10,10,31
2,003489#3,1,1,10,10,55
2,003489#4,1,1,10,10,25
2,003489#5,1,1,10,10,35
2,003489#9,1,1,10,10,26
2,003489#14,1,1,10,10,37
2,003526#0,1,1,10,10,18
2,003526#3,1,1,10,10,13
2,003532#0,1,1,10,10,18
2,003532#1,1,1,10,10,42
2,003546#0,1,1,10,10,27
2,003546#1,1,1,10,10,28
2,003546#2,1,1,10,10,37
2,003592#0,1,1,10,10,23
2,003592#1,1,1,10,10,23
2,003592#2,1,1,10,10,31
2,003592#3,1,1,10,10,20
2,003595#3,1,1,10,10,27
2,003595#4,1,1,10,10,30
2,003595#5,1,1,10,10,21
2,003595#6,1,1,10,10,46
2,003603#3,1,1,10,10,32
2,003653#3,1,1,10,10,15
2,003653#5,1,1,10,10,20
2,003653#6,1,1,10,10,18
2,003653#7,1,1,10,10,14
2,003653#8,1,1,10,10,11
2,003653#9,1,1,10,10,12
2,003653#11,1,1,10,10,36
2,003653#12,1,1,10,10,51
2,003653#14,1,1,8,10,8
2,003653#16,1,1,9,10,9
2,003653#17,1,1,10,10,26
2,003653#18,1,1,8,10,8
2,003679#4,1,1,10,10,50
2,003679#5,1,1,10,10,27
2,003679#7,1,1,10,10,25
2,003679#8,1,1,10,10,32
2,003703#0,1,1,10,10,50
2,003739#0,1,1,10,10,30
2,003739#1,1,1,10,10,35
2,003739#2,1,1,10,10,17
2,003739#3,1,1,10,10,11
2,003739#5,1,1,10,10,16
2,003739#6,1,1,10,10,12
2,003739#7,1,1,10,10,26
2,003739#8,1,1,10,10,16
2,003757#0,1,1,10,10,76
2,003757#7,1,1,10,10,27
2,003757#8,1,1,9,10,10
2,003757#10,1,1,10,10,21
2,003757#14,1,1,10,10,13
2,003757#15,1,1,10,10,15
2,003757#16,1,1,10,10,11
2,003769#0,1,1,10,10,56
2,003838#0,1,1,10,10,72
2,003863#1,1,1,10,10,21
2,003863#3,1,1,10,10,17
2,003863#5,1,1,10,10,33
2,003863#7,1,1,10,10,24
2,003863#9,1,1,10,10,13
2,003863#10,1,1,10,10,12
2,003863#11,1,1,10,10,18
2,003895#2,1,1,10,10,55
2,003896#0,1,1,10,10,43
2,003896#1,1,1,10,10,19
2,003902#0,1,1,10,10,41
2,003902#1,1,1,10,10,15
2,003902#3,1,1,10,10,18
2,003902#4,1,1,10,10,30
2,003902#5,1,1,10,10,18
2,003902#6,1,1,10,10,41
2,003904#0,1,1,10,10,33
2,003904#1,1,1,10,10,19
2,003941#0,1,1,10,10,27
2,003941#1,1,1,10,10,17
2,003941#3,1,1,8,10,12
2,003941#5,1,1,10,10,25
2,003941#7,1,1,10,10,20
2,003941#8,1,1,10,10,26
2,003941#10,1,1,10,10,17
2,003941#11,1,1,10,10,26
2,003941#12,1,1,10,10,17
2,003941#13,1,1,10,10,20
2,003941#14,1,1,10,10,18
2,003941#15,1,1,10,10,22
2,003941#16,1,1,10,10,69
2,003941#20,1,1,10,10,10
2,003941#21,1,1,10,10,25
2,003941#22,1,1,10,10,13
2,003941#24,1,1,10,10,37
2,003941#25,1,1,10,10,18
2,003941#26,1,1,10,10,21
2,003941#27,1,1,10,10,18
2,003941#29,1,1,10,10,17
2,003941#30,1,1,10,10,34
2,003982#5,1,1,10,10,26
2,003982#6,1,1,10,10,15
2,003982#8,1,1,9,10,13
2,003982#11,1,1,10,10,19
2,003982#14,1,1,10,10,29
2,003982#19,1,1,3,10,9
2,003982#20,1,1,9,10,10
2,003982#23,1,1,10,10,25
2,003982#24,1,1,10,10,10
2,003982#30,1,1,10,10,12
2,003982#32,1,1,10,10,14
2,003982#34,1,1,10,10,11
2,003982#36,1,1,9,10,46
2,003982#41,1,1,9,10,10
2,003982#42,1,1,10,10,11
2,003982#43,1,1,10,10,13
2,003982#47,1,1,10,10,57
2,003982#48,1,1,10,10,16
2,003982#49,1,1,10,10,69
2,003982#50,1,1,10,10,34
2,003982#53,1,1,7,10,10
2,003982#57,1,1,10,10,18
2,003982#58,1,1,10,10,18
2,003982#60,1,1,10,10,16
2,003982#61,1,1,10,10,15
2,003982#62,1,1,10,10,17
2,003987#5,1,1,10,10,32
2,003987#6,1,1,10,10,28
2,003987#10,1,1,10,10,66
2,003987#11,1,1,10,10,71
2,003987#15,1,1,10,10,33
2,003987#16,1,1,9,10,42
2,003987#23,1,1,8,10,11
2,003987#27,1,1,10,10,11
2,003987#35,1,1,10,10,26
2,003987#38,1,1,10,10,19
2,003987#39,1,1,10,10,17
2,003987#40,1,1,10,10,16
2,003987#41,1,1,10,10,13
2,003987#43,1,1,10,10,10
2,003987#46,1,1,8,10,8
2,003987#47,1,1,10,10,15
2,003987#49,1,1,10,10,12
2,003987#50,1,1,10,10,15
2,003987#51,1,1,10,10,15
2,003987#52,1,1,10,10,10
2,003987#53,1,1,10,10,19
2,003987#55,1,1,10,10,31
2,hehe_173_000002_024_00000105#2,1,1,1,10,11
2,hehe_173_000002_024_00000105#4,1,1,4,10,11
2,hehe_173_000002_024_00000105#6,1,1,11,10,23
2,hehe_173_000002_024_00000105#7,1,1,7,10,15
2,hehe_173_000002_024_00000105#9,1,1,10,10,31
2,hehe_173_000002_024_00000105#10,1,1,10,10,25
2,hehe_173_000002_024_00000105#11,1,1,9,10,11
2,hehe_173_000002_024_00000105#13,1,1,10,10,31
2,hehe_173_000002_024_00000105#15,1,1,10,10,76
2,hehe_186_000002_028_00000050#1,1,1,10,10,77
2,hehe_22_00000004#0,1,1,10,10,29
2,hehe_22_00000004#2,1,1,10,10,23
2,hehe_22_00000004#4,1,1,10,10,69
2,hehe_22_00000004#6,1,1,10,10,57
2,hehe_22_00000004#7,1,1,10,10,70
2,hehe_22_00000004#9,1,1,8,10,11
2,hehe_230_000002_043_00000061#1,1,1,10,10,69
2,hehe_230_000002_043_00000061#6,1,1,10,10,62
2,hehe_230_000002_043_00000061#7,1,1,10,10,58
2,hehe_230_000002_043_00000061#10,1,1,10,10,31
2,hehe_230_000002_043_00000061#11,1,1,10,10,37
2,hehe_230_000002_043_00000061#13,1,1,10,10,19
2,hehe_230_000002_043_00000061#14,1,1,9,10,12
2,hehe_232_000002_043_00000181#0,1,1,8,10,8
2,hehe_232_000002_043_00000181#1,1,1,10,10,22
2,hehe_232_000002_043_00000181#2,1,1,10,10,57
2,hehe_232_000002_043_00000181#3,1,1,10,10,36
2,hehe_232_000002_043_00000181#8,1,1,10,10,57
2,hehe_274_000002_060_00000105#1,1,1,10,10,67
2,hehe_274_000002_060_00000105#5,1,1,10,10,28
2,hehe_274_000002_060_00000105#6,1,1,10,10,11
2,hehe_40_00000033#1,1,1,10,10,26
2,hehe_40_00000033#2,1,1,5,10,46
2,hehe_40_00000033#3,1,1,7,10,40
2,hehe_40_00000033#5,1,1,10,10,40
2,hehe_45_00000001#2,1,1,10,10,42
2,hehe_45_00000001#4,1,1,10,10,28
2,hehe_45_00000001#5,1,1,10,10,49
2,hehe_45_00000001#6,1,1,10,10,40
2,hehe_45_00000001#7,1,1,10,10,60
2,hehe_45_00000001#8,1,1,10,10,34
2,hehe_45_00000001#9,1,1,10,10,46
2,hehe_52_00000107#0,1,1,10,10,19
2,hehe_52_00000107#1,1,1,8,10,8
2,hehe_61_00000090#2,1,1,10,10,76
2,hehe_61_00000090#3,1,1,10,10,39
2,hehe_61_00000090#4,1,1,10,10,20
2,hehe_61_00000090#9,1,1,10,10,64
2,hehe_61_00000090#10,1,1,10,10,50
2,hehe_61_00000090#11,1,1,10,10,84
2,hehe_65_00000229#2,1,1,10,10,59
2,hehe_65_00000229#3,1,1,10,10,32
2,hehe_65_00000229#4,1,1,10,10,30
2,hehe_65_00000229#6,1,1,9,10,16
2,hehe_65_00000229#7,1,1,10,10,21
2,hehe_6_00000054#0,1,1,10,10,12
2,hehe_6_00000054#2,1,1,10,10,35
2,hehe_6_00000054#3,1,1,10,10,32
2,hehe_6_00000054#4,1,1,10,10,27
2,hehe_6_00000054#6,1,1,10,10,76
2,hehe_6_00000054#13,1,1,10,10,74
2,hehe_6_00000054#16,1,1,10,10,32
2,hehe_6_00000054#17,1,1,10,10,38
2,hehe_86_00000253#0,1,1,10,10,45
2,hehe_86_00000253#3,1,1,10,10,58
2,hehe_87_00000315#1,1,1,10,10,39
2,hehe_87_00000315#2,1,1,10,10,40
2,hehe_87_00000315#3,1,1,10,10,33
2,hehe_87_00000315#4,1,1,10,10,20
2,hehe_87_00000315#5,1,1,8,10,30
2,hehe_87_00000315#6,1,1,10,10,14
2,shuming_1007_00000230#0,1,1,10,10,38
2,shuming_1007_00000230#3,1,1,8,10,43
2,shuming_1007_00000230#4,1,1,10,10,36
2,shuming_1007_00000230#5,1,1,10,10,46
2,shuming_1007_00000230#7,1,1,10,10,63
2,shuming_1007_00000230#10,1,1,10,10,62
2,shuming_1007_00000230#11,1,1,10,10,39
2,shuming_1007_00000230#12,1,1,11,10,34
2,shuming_1007_00000230#13,1,1,8,10,10
2,shuming_1007_00000230#14,1,1,3,10,7
2,shuming_1007_00000230#15,1,1,10,10,79
2,shuming_1007_00000230#16,1,1,10,10,47
2,shuming_1007_00000230#17,1,1,10,10,19
2,shuming_1007_00000230#18,1,1,10,10,13
2,shuming_1007_00000230#20,1,1,10,10,20
2,shuming_1007_00000230#21,1,1,10,10,69
2,shuming_1007_00000230#22,1,1,10,10,27
2,shuming_1007_00000230#23,1,1,10,10,22
2,shuming_1013_00000065#0,1,1,10,10,87
2,shuming_1013_00000065#1,1,1,10,10,41
2,shuming_1013_00000065#3,1,1,10,10,26
2,shuming_1028_00000411#3,1,1,10,10,55
2,shuming_1028_00000411#4,1,1,9,10,10
2,shuming_1028_00000411#5,1,1,10,10,15
2,shuming_1064_00000087#0,1,1,10,10,34
2,shuming_1064_00000087#1,1,1,10,10,55
2,shuming_1064_00000087#2,1,1,10,10,56
2,shuming_1064_00000087#3,1,1,10,10,72
2,shuming_1064_00000087#4,1,1,10,10,69
2,shuming_1064_00000087#6,1,1,10,10,26
2,shuming_1064_00000087#7,1,1,10,10,54
2,shuming_1064_00000087#8,1,1,10,10,86
2,shuming_1076_00000257#1,1,1,10,10,31
2,shuming_1076_00000257#2,1,1,10,10,29
2,shuming_1076_00000257#3,1,1,10,10,20
2,shuming_1076_00000257#4,1,1,10,10,19
2,shuming_1076_00000257#5,1,1,10,10,23
2,shuming_1079_00000233#3,1,1,10,10,18
2,shuming_1079_00000233#4,1,1,10,10,12
2,shuming_1079_00000233#6,1,1,10,10,35
2,shuming_1080_00000016#0,1,1,10,10,72
2,shuming_1080_00000016#4,1,1,10,10,10
2,shuming_1132_00000385#2,1,1,10,10,29
2,shuming_1132_00000385#3,1,1,8,10,32
2,shuming_1132_00000385#4,1,1,10,10,25
2,shuming_1135_00000213#0,1,1,10,10,76
2,shuming_1148_00000041#0,1,1,10,10,74
2,shuming_1157_00000010#0,1,1,10,10,72
2,shuming_1157_00000010#1,1,1,10,10,32
2,shuming_1157_00000010#2,1,1,10,10,18
2,shuming_1180_00000231#3,1,1,10,10,49
2,shuming_24_00000001#0,1,1,10,10,40
2,shuming_24_00000001#1,1,1,10,10,62
2,shuming_340_00000020#1,1,1,10,10,21
2,shuming_340_00000020#19,1,1,10,10,11
2,shuming_340_00000020#22,1,1,7,10,7
2,shuming_340_00000020#23,1,1,10,10,12
2,shuming_340_00000020#26,1,1,9,10,9
2,shuming_340_00000020#30,1,1,9,10,9
2,shuming_340_00000020#31,1,1,10,10,12
2,shuming_340_00000020#38,1,1,9,10,10
2,shuming_35_00000199#0,1,1,10,10,73
2,shuming_35_00000199#3,1,1,10,10,36
2,shuming_35_00000199#4,1,1,10,10,26
2,shuming_35_00000199#5,1,1,5,10,87
2,shuming_35_00000199#6,1,1,10,10,18
2,shuming_35_00000199#8,1,1,10,10,14
2,shuming_35_00000199#9,1,1,8,10,8
2,shuming_35_00000199#11,1,1,10,10,39
2,shuming_410_00000037#0,1,1,6,10,7
2,shuming_410_00000037#9,1,1,10,10,45
2,shuming_461_00000082#0,1,1,10,10,53
2,shuming_461_00000082#2,1,1,10,10,42
2,shuming_461_00000082#3,1,1,10,10,31
2,shuming_461_00000082#4,1,1,10,10,14
2,shuming_461_00000082#5,1,1,10,10,11
2,shuming_465_00000030#0,1,1,10,10,10
2,shuming_465_00000030#2,1,1,10,10,56
2,shuming_465_00000030#3,1,1,10,10,15
2,shuming_470_00000057#3,1,1,10,10,43
2,shuming_470_00000057#4,1,1,10,10,23
2,shuming_482_00000018#3,1,1,10,10,53
2,shuming_482_00000018#4,1,1,10,10,44
2,shuming_482_00000018#5,1,1,10,10,62
2,shuming_485_00000027#3,1,1,10,10,16
2,shuming_485_00000027#4,1,1,10,10,52
2,shuming_503_00000052#0,1,1,10,10,32
2,shuming_503_00000052#1,1,1,10,10,26
2,shuming_562_00000223#2,1,1,10,10,76
2,shuming_571_00000215#0,1,1,10,10,56
2,shuming_571_00000215#1,1,1,10,10,46
2,shuming_574_00000017#0,1,1,10,10,63
2,shuming_608_00000031#1,1,1,10,10,19
2,shuming_608_00000031#2,1,1,10,10,30
2,shuming_608_00000031#3,1,1,10,10,35
2,shuming_608_00000031#4,1,1,10,10,11
2,shuming_610_00000148#0,1,1,10,10,50
2,shuming_63_00000393#3,1,1,10,10,15
2,shuming_63_00000393#4,1,1,10,10,17
2,shuming_63_00000393#5,1,1,8,10,9
2,shuming_63_00000393#6,1,1,10,10,23
2,shuming_63_00000393#7,1,1,10,10,21
2,shuming_63_00000393#8,1,1,10,10,23
2,shuming_63_00000393#9,1,1,10,10,20
2,shuming_663_00000328#2,1,1,10,10,50
2,shuming_663_00000328#3,1,1,10,10,40
2,shuming_67_00000001#1,1,1,10,10,55
2,shuming_67_00000001#2,1,1,10,10,18
2,shuming_698_00000001#0,1,1,10,10,11
2,shuming_698_00000001#1,1,1,5,10,13
2,shuming_698_00000001#2,1,1,10,10,17
2,shuming_698_00000001#3,1,1,10,10,20
2,shuming_698_00000001#4,1,1,10,10,15
2,shuming_698_00000001#5,1,1,10,10,14
2,shuming_698_00000001#7,1,1,10,10,26
2,shuming_698_00000001#8,1,1,10,10,17
2,shuming_698_00000001#9,1,1,10,10,14
2,shuming_698_00000001#10,1,1,10,10,13
2,shuming_698_00000001#11,1,1,10,10,13
2,shuming_698_00000001#12,1,1,10,10,15
2,shuming_698_00000001#13,1,1,10,10,14
2,shuming_698_00000001#14,1,1,10,10,12
2,shuming_698_00000001#15,1,1,10,10,15
2,shuming_698_00000001#16,1,1,10,10,15
2,shuming_698_00000001#17,1,1,10,10,23
2,shuming_698_00000001#18,1,1,10,10,18
2,shuming_698_00000001#19,1,1,10,10,19
2,shuming_698_00000001#20,1,1,10,10,22
2,shuming_698_00000001#21,1,1,10,10,24
2,shuming_698_00000001#22,1,1,10,10,18
2,shuming_698_00000001#23,1,1,10,10,35
2,shuming_698_00000001#25,1,1,10,10,64
2,shuming_706_00000375#0,1,1,10,10,41
2,shuming_706_00000375#2,1,1,10,10,32
2,shuming_706_00000375#3,1,1,10,10,17
2,shuming_706_00000375#4,1,1,10,10,52
2,shuming_72_00000270#19,1,1,10,10,54
2,shuming_72_00000270#20,1,1,10,10,22
2,shuming_72_00000270#22,1,1,10,10,48
2,shuming_72_00000270#24,1,1,10,10,20
2,shuming_731_00000492#0,1,1,10,10,32
2,shuming_731_00000492#1,1,1,10,10,26
2,shuming_731_00000492#3,1,1,10,10,60
2,shuming_731_00000492#5,1,1,10,10,69
2,shuming_753_00000172#0,1,1,10,10,12
2,shuming_758_00000371#0,1,1,10,10,52
2,shuming_763_00000009#2,1,1,10,10,15
2,shuming_774_00000273#3,1,1,10,10,63
2,shuming_774_00000273#5,1,1,10,10,31
2,shuming_779_00000254#1,1,1,10,10,63
2,shuming_779_00000254#5,1,1,10,10,80
2,shuming_783_00000248#0,1,1,10,10,81
2,shuming_783_00000248#2,1,1,10,10,66
2,shuming_793_00000117#2,1,1,10,10,31
2,shuming_825_00000172#1,1,1,10,10,13
2,shuming_825_00000172#2,1,1,7,10,7
2,shuming_825_00000172#3,1,1,10,10,16
2,shuming_826_00000213#1,1,1,10,10,14
2,shuming_826_00000213#2,1,1,10,10,18
2,shuming_826_00000213#3,1,1,9,10,9
2,shuming_85_00000273#4,1,1,10,10,11
2,shuming_987_00000275#1,1,1,10,10,41
2,shuming_987_00000275#2,1,1,10,10,23
2,shuming_987_00000275#3,1,1,10,10,19
2,shuming_987_00000275#4,1,1,10,10,21
2,shuming_987_00000275#5,1,1,10,10,10
5,00000045#1,1,1,10,10,242
5,00000045#2,1,1,10,10,88
5,00000045#3,1,1,10,10,105
5,00000045#6,1,1,10,10,286
5,00000045#7,1,1,10,10,279
5,00000057#1,1,1,10,10,225
5,00000057#2,1,1,10,10,88
5,00000057#3,1,1,10,10,111
5,00000057#5,1,1,10,10,133
5,00000063#1,1,1,10,10,279
5,00000063#2,1,1,10,10,90
5,00000063#3,1,1,10,10,107
5,00000063#5,1,1,10,10,208
5,00000095#1,1,1,10,10,279
5,00000095#2,1,1,10,10,114
5,00000095#3,1,1,10,10,105
5,00000106#1,1,1,10,10,245
5,00000106#2,1,1,10,10,135
5,00000106#3,1,1,10,10,122
5,00000106#5,1,1,10,10,157
5,00000123#1,1,1,10,10,196
5,00000123#2,1,1,10,10,87
5,00000123#3,1,1,10,10,190
5,00000123#5,1,1,10,10,108
5,00000171#0,1,1,10,10,120
5,00000180#0,1,1,10,10,136
5,00000234#1,1,1,10,10,108
5,00000257#0,1,1,10,10,93
5,00000271#0,1,1,10,10,118
5,00000271#1,1,1,10,10,132
5,00000273#0,1,1,10,10,84
5,00000273#1,1,1,10,10,99
5,000002_080_00000048#0,1,1,10,10,69
5,000002_083_00000169#0,1,1,10,10,14
5,000002_083_00000169#1,1,1,10,10,26
5,000002_083_00000169#2,1,1,10,10,36
5,00000346#0,1,1,10,10,381
5,00000364#0,1,1,10,10,210
5,00000396#0,1,1,10,10,111
5,00000399#0,1,1,10,10,82
5,000003_081_00000171#10,1,1,10,10,76
5,000003_081_00000171#11,1,1,10,10,82
5,00000426#0,1,1,10,10,653
5,00000506#0,1,1,10,10,117
5,000005_004_00000286#4,1,1,10,10,62
5,000005_006_00000001#1,1,1,10,10,68
5,000005_006_00000001#2,1,1,10,10,25
5,000005_019_00000209#0,1,1,10,10,43
5,000005_019_00000209#1,1,1,10,10,31
5,000005_019_00000209#2,1,1,10,10,59
5,000005_027_00000493#1,1,1,10,10,34
5,000005_027_00000493#2,1,1,10,10,38
5,000005_027_00000493#3,1,1,10,10,49
5,000005_027_00000493#4,1,1,10,10,21
5,000005_027_00000493#5,1,1,10,10,25
5,000005_027_00000493#6,1,1,10,10,20
5,000005_027_00000493#7,1,1,10,10,26
5,000005_027_00000493#8,1,1,10,10,74
5,000005_028_00000001#2,1,1,10,10,77
5,000005_028_00000163#2,1,1,10,10,31
5,00000618#2,1,1,10,10,101
5,000006_010_00000389#4,1,1,10,10,58
5,000006_011_00000307#3,1,1,10,10,25
5,000006_011_00000409#8,1,1,10,10,40
5,000006_011_00000409#10,1,1,10,10,54
5,000006_012_00000001#3,1,1,10,10,38
5,000006_012_00000001#6,1,1,10,10,63
5,000006_012_00000001#11,1,1,10,10,69
5,000006_012_00000001#12,1,1,10,10,33
5,000008_003_00000235#1,1,1,10,10,76
5,000008_003_00000235#2,1,1,10,10,59
5,000008_003_00000235#3,1,1,10,10,81
5,000008_003_00000235#4,1,1,10,10,66
5,000008_003_00000235#5,1,1,10,10,68
5,000008_003_00000235#10,1,1,10,10,68
5,000008_003_00000235#11,1,1,10,10,16
5,000008_003_00000352#1,1,1,10,10,66
5,000008_003_00000352#3,1,1,10,10,80
5,000008_003_00000352#5,1,1,10,10,74
5,000008_003_00000352#7,1,1,10,10,75
5,000008_003_00000352#8,1,1,10,10,75
5,000008_003_00000352#9,1,1,10,10,76
5,000008_003_00000352#10,1,1,10,10,64
5,000008_003_00000352#12,1,1,10,10,74
5,000008_003_00000352#13,1,1,10,10,16
5,000008_003_00000469#0,1,1,10,10,85
5,000008_003_00000469#1,1,1,10,10,70
5,000008_003_00000469#2,1,1,10,10,67
5,000008_003_00000469#3,1,1,10,10,78
5,000008_003_00000469#4,1,1,10,10,85
5,000008_003_00000469#6,1,1,10,10,89
5,000008_003_00000469#9,1,1,10,10,31
5,000008_003_00000469#10,1,1,10,10,18
5,000008_004_00000665#2,1,1,10,10,34
5,000008_004_00000665#4,1,1,10,10,39
5,000008_004_00000665#11,1,1,10,10,52
5,000008_004_00000665#12,1,1,10,10,63
5,000008_004_00000665#13,1,1,10,10,37
5,000008_013_00000195#1,1,1,10,10,66
5,000008_013_00000195#2,1,1,10,10,60
5,000008_042_00000273#1,1,1,10,10,40
5,000008_045_00000001#0,1,1,10,10,48
5,000008_045_00000001#2,1,1,10,10,70
5,000008_045_00000001#3,1,1,10,10,14
5,000008_045_00000157#0,1,1,10,10,80
5,000008_045_00000157#4,1,1,10,10,17
5,000008_048_00000361#3,1,1,10,10,42
5,000008_048_00000361#4,1,1,10,10,36
5,000008_048_00000361#5,1,1,9,10,29
5,000009_008_00000241#3,1,1,10,10,78
5,000009_008_00000241#5,1,1,10,10,69
5,000009_008_00000241#6,1,1,10,10,29
5,000009_008_00000241#7,1,1,10,10,76
5,000009_008_00000241#9,1,1,10,10,84
5,000009_033_00000333#1,1,1,10,10,16
5,000009_033_00000333#2,1,1,10,10,38
5,000009_033_00000333#3,1,1,10,10,38
5,000009_033_00000333#4,1,1,10,10,36
5,000009_033_00000333#6,1,1,10,10,51
5,000012_008_00000163#3,1,1,10,10,67
5,000012_008_00000163#4,1,1,10,10,55
5,000012_008_00000163#5,1,1,10,10,48
5,000012_008_00000163#6,1,1,10,10,60
5,000012_008_00000163#8,1,1,10,10,74
5,000012_008_00000163#10,1,1,10,10,17
5,000012_008_00000163#11,1,1,10,10,26
5,000012_008_00000163#12,1,1,10,10,27
5,000012_008_00000163#13,1,1,10,10,15
5,000012_008_00000163#14,1,1,10,10,11
5,000012_009_00000244#1,1,1,10,10,71
5,000012_009_00000244#3,1,1,10,10,68
5,000012_009_00000244#4,1,1,10,10,40
5,000012_009_00000244#5,1,1,10,10,45
5,000012_009_00000244#6,1,1,10,10,21
5,000012_009_00000244#7,1,1,10,10,13
5,000012_009_00000244#8,1,1,10,10,12
5,000012_009_00000244#9,1,1,10,10,14
5,000012_009_00000244#10,1,1,10,10,34
5,000012_009_00000244#11,1,1,10,10,18
5,000012_009_00000244#12,1,1,10,10,18
5,000012_009_00000244#13,1,1,10,10,19
5,000012_009_00000244#14,1,1,8,10,8
5,000012_009_00000325#3,1,1,10,10,82
5,000012_009_00000325#4,1,1,10,10,36
5,000012_009_00000325#5,1,1,10,10,43
5,000012_009_00000325#6,1,1,10,10,28
5,000012_009_00000325#7,1,1,10,10,17
5,000012_009_00000325#8,1,1,10,10,16
5,000012_009_00000325#9,1,1,8,10,8
5,000012_009_00000325#11,1,1,10,10,28
5,000012_009_00000325#12,1,1,10,10,15
5,000012_009_00000325#14,1,1,10,10,22
5,000012_009_00000325#15,1,1,6,10,19
5,000012_009_00000325#16,1,1,10,10,35
5,000012_014_00000184#0,1,1,10,10,33
5,000012_014_00000184#1,1,1,10,10,55
5,000012_014_00000184#3,1,1,10,10,26
5,000012_019_00000151#1,1,1,10,10,59
5,000012_019_00000151#2,1,1,10,10,14
5,000012_019_00000151#4,1,1,10,10,21
5,000012_019_00000151#5,1,1,10,10,14
5,000012_022_00000090#0,1,1,10,10,64
5,000012_022_00000090#1,1,1,10,10,23
5,000012_025_00000313#1,1,1,10,10,11
5,000012_025_00000313#2,1,1,10,10,11
5,000012_025_00000313#3,1,1,10,10,13
5,000012_025_00000313#4,1,1,7,10,7
5,000012_025_00000313#5,1,1,10,10,13
5,000012_025_00000313#6,1,1,8,10,8
5,000012_028_00000250#0,1,1,10,10,64
5,000012_028_00000250#1,1,1,10,10,56
5,000013_001_00000001#1,1,1,10,10,33
5,000013_001_00000001#2,1,1,10,10,34
5,000013_001_00000001#3,1,1,10,10,31
5,000013_002_00000281#1,1,1,10,10,31
5,000013_002_00000281#2,1,1,10,10,36
5,000013_002_00000281#3,1,1,10,10,20
5,000013_023_00000075#1,1,1,10,10,56
5,000013_023_00000075#2,1,1,10,10,68
5,000013_025_00000285#0,1,1,10,10,15
5,000013_025_00000285#1,1,1,10,10,56
5,000013_025_00000285#2,1,1,10,10,20
5,000013_030_00000063#0,1,1,10,10,21
5,000013_030_00000063#1,1,1,10,10,68
5,000013_039_00000063#0,1,1,10,10,41
5,000013_039_00000063#1,1,1,10,10,32
5,000013_039_00000063#3,1,1,10,10,26
5,000013_039_00000063#5,1,1,8,10,8
5,000013_040_suppl_00000167#0,1,1,10,10,79
5,000013_040_suppl_00000333#1,1,1,10,10,50
5,000013_040_suppl_00000333#3,1,1,10,10,80
5,000013_040_suppl_00000333#4,1,1,8,10,8
5,000013_044_00000001#0,1,1,10,10,24
5,000013_044_00000001#1,1,1,10,10,31
5,000013_044_00000001#2,1,1,9,10,72
5,000013_044_00000001#4,1,1,1,10,38
5,000013_044_00000001#5,1,1,2,10,72
5,000013_044_00000001#7,1,1,10,10,62
5,000013_048_00000001#0,1,1,10,10,46
5,000013_048_00000001#1,1,1,7,10,60
5,000013_048_00000001#3,0,1,0,10,49
5,000013_048_00000001#4,1,1,3,10,69
5,000013_056_00000281#2,1,1,10,10,49
5,000013_056_00000281#3,1,1,10,10,16
5,000013_056_00000281#4,1,1,10,10,21
5,000013_056_00000281#6,1,1,10,10,11
5,000013_056_00000281#7,1,1,10,10,12
5,000013_056_00000281#8,1,1,10,10,64
5,000013_056_00000281#9,1,1,10,10,43
5,000013_056_00000281#10,1,1,10,10,32
5,000014_012_00000217#1,1,1,10,10,41
5,000014_012_00000217#2,1,1,10,10,48
5,000014_050_00000273#3,1,1,10,10,47
5,000014_050_00000273#4,1,1,10,10,57
5,000014_050_00000273#5,1,1,10,10,26
5,000014_051_suppl_00000341#2,1,1,10,10,15
5,000014_052_00000131#2,1,1,10,10,22
5,000014_052_00000131#3,1,1,10,10,13
5,000015_004_00000268#0,1,1,10,10,27
5,000015_004_suppl_00000223#2,1,1,10,10,36
5,000016_043_suppl_00000292#1,1,1,10,10,21
5,000016_043_suppl_00000292#2,1,1,10,10,56
5,000016_043_suppl_00000292#4,1,1,10,10,30
5,000016_043_suppl_00000292#5,1,1,10,10,25
5,000016_043_suppl_00000292#6,1,1,10,10,45
5,000016_043_suppl_00000292#8,1,1,10,10,26
5,000016_043_suppl_00000292#9,1,1,10,10,32
5,000016_043_suppl_00000292#10,1,1,10,10,19
5,000016_043_suppl_00000292#11,1,1,10,10,27
5,000016_043_suppl_00000292#12,1,1,10,10,32
5,000016_043_suppl_00000292#14,1,1,10,10,70
5,000016_043_suppl_00000292#17,1,1,10,10,47
5,000016_043_suppl_00000292#20,1,1,10,10,23
5,000016_044_00000085#0,1,1,10,10,83
5,000016_044_00000085#1,1,1,10,10,62
5,000016_044_00000085#3,1,1,10,10,17
5,000016_044_00000085#4,1,1,10,10,65
5,000016_044_00000085#7,1,1,10,10,67
5,000016_044_00000085#10,1,1,10,10,78
5,000016_044_00000169#1,1,1,10,10,37
5,000016_044_00000169#2,1,1,10,10,36
5,000016_044_00000169#3,1,1,10,10,16
5,000016_044_00000169#5,1,1,10,10,15
5,000016_044_00000169#6,1,1,9,10,59
5,000016_044_00000169#8,1,1,10,10,88
5,000016_044_00000169#16,1,1,10,10,73
5,000016_044_00000169#17,1,1,10,10,65
5,000017_011_00000297#3,1,1,10,10,12
5,000017_011_00000297#5,1,1,10,10,68
5,000017_011_00000297#9,1,1,10,10,26
5,000017_011_00000297#10,1,1,10,10,86
5,000017_011_00000297#11,1,1,10,10,59
5,000017_011_00000297#13,1,1,10,10,43
5,000017_012_00000135#2,1,1,10,10,36
5,000017_020_00000214#0,1,1,10,10,21
5,000017_020_00000214#2,1,1,10,10,27
5,000017_020_suppl_00000356#0,1,1,10,10,20
5,000017_020_suppl_00000356#2,1,1,10,10,20
5,000018_006_00000063#0,1,1,10,10,66
5,000019_030_00000072#1,1,1,10,10,23
5,000019_030_00000072#2,1,1,10,10,72
5,000019_030_00000072#3,1,1,10,10,54
5,000019_030_00000072#4,1,1,10,10,21
5,000019_030_00000072#5,1,1,10,10,10
5,000019_038_00000205#2,1,1,10,10,20
5,000019_038_00000205#3,1,1,10,10,25
5,000019_038_00000205#4,1,1,10,10,21
5,000019_038_00000205#5,1,1,10,10,36
5,000019_038_00000205#6,1,1,10,10,84
5,000019_038_00000205#7,1,1,10,10,70
5,000019_038_00000205#8,1,1,10,10,82
5,000019_041_00000141#2,1,1,10,10,24
5,000019_045_00000145#4,1,1,10,10,46
5,000019_045_00000145#5,1,1,10,10,42
5,000019_045_00000145#7,1,1,5,10,67
5,000020_010_00000089#1,1,1,10,10,60
5,000020_010_00000089#5,1,1,9,10,9
5,000020_010_00000089#6,1,1,10,10,20
5,000020_010_00000089#7,1,1,7,10,8
5,000020_014_00000193#2,1,1,10,10,63
5,000020_014_00000193#3,1,1,10,10,76
5,000020_014_00000193#5,1,1,10,10,54
5,000020_014_00000193#6,1,1,10,10,77
5,000020_018_00000093#0,1,1,10,10,16
5,000020_018_00000093#1,1,1,10,10,24
5,000020_018_00000093#2,1,1,10,10,81
5,000020_018_00000093#3,1,1,10,10,42
5,000021_020_00000131#2,1,1,10,10,76
5,000023_005_00000070#1,1,1,10,10,32
5,000023_005_00000070#2,1,1,10,10,87
5,000023_005_00000070#3,1,1,10,10,63
5,000023_005_00000070#4,1,1,10,10,63
5,000023_005_00000070#5,1,1,10,10,18
5,000023_005_00000070#6,1,1,10,10,23
5,000031#0,1,1,10,10,53
5,000031#1,1,1,10,10,15
5,000031#2,1,1,8,10,8
5,000031#3,1,1,10,10,15
5,000031#6,1,1,10,10,24
5,000031#8,1,1,10,10,53
5,000031#10,1,1,10,10,16
5,000031#11,1,1,10,10,21
5,000066#0,1,1,10,10,31
5,000066#1,1,1,10,10,15
5,000066#2,1,1,10,10,61
5,000066#3,1,1,10,10,39
5,000070#0,1,1,10,10,28
5,000070#1,1,1,10,10,18
5,000070#2,1,1,5,10,52
5,000070#3,1,1,10,10,67
5,000173#1,1,1,10,10,27
5,000303#2,1,1,10,10,67
5,000303#6,1,1,10,10,30
5,000303#7,1,1,10,10,16
5,000328#1,1,1,10,10,58
5,000328#3,1,1,10,10,65
5,000415#1,1,1,9,10,14
5,000415#2,1,1,9,10,9
5,000415#4,1,1,10,10,22
5,000415#5,1,1,10,10,24
5,000415#6,1,1,10,10,12
5,000415#8,1,1,10,10,10
5,000415#10,1,1,10,10,13
5,000415#11,1,1,10,10,12
5,000415#13,1,1,10,10,21
5,000415#14,1,1,10,10,13
5,000415#15,1,1,10,10,17
5,000415#16,1,1,7,10,8
5,000415#17,1,1,7,10,10
5,000415#19,1,1,10,10,37
5,000433#7,1,1,10,10,57
5,000437#0,1,1,10,10,67
5,000437#1,1,1,10,10,75
5,000437#2,1,1,10,10,26
5,000437#5,1,1,10,10,48
5,000484#2,1,1,10,10,37
5,000484#3,1,1,10,10,55
5,000500#0,1,1,10,10,14
5,000500#1,1,1,9,10,9
5,000500#2,1,1,10,10,15
5,000525#0,1,1,10,10,14
5,000525#1,1,1,10,10,30
5,000525#2,1,1,10,10,35
5,000561#0,1,1,10,10,70
5,000561#3,1,1,10,10,63
5,000561#4,1,1,10,10,38
5,000597#2,1,1,10,10,62
5,000597#3,1,1,10,10,29
5,000630#0,1,1,10,10,14
5,000680#5,1,1,10,10,69
5,000707#1,1,1,10,10,13
5,000707#2,1,1,10,10,18
5,000707#3,1,1,9,10,9
5,000707#4,1,1,10,10,25
5,000707#5,1,1,10,10,20
5,000735#1,1,1,10,10,11
5,000738#0,1,1,10,10,26
5,000738#2,1,1,9,10,9
5,000738#3,1,1,10,10,36
5,000756#4,1,1,10,10,34
5,000759#2,1,1,10,10,34
5,000780#0,1,1,10,10,22
5,000780#3,1,1,10,10,90
5,000783#0,1,1,10,10,45
5,000783#1,1,1,10,10,42
5,000783#3,1,1,10,10,38
5,000783#4,1,1,10,10,26
5,000808#1,1,1,10,10,21
5,000820#2,1,1,10,10,58
5,000820#3,1,1,10,10,45
5,000820#4,1,1,10,10,25
5,000820#5,1,1,10,10,27
5,000820#7,1,1,8,10,8
5,000889#5,1,1,10,10,84
5,000889#6,1,1,10,10,40
5,000889#7,1,1,10,10,14
5,000889#8,1,1,10,10,15
5,000889#9,1,1,10,10,22
5,000889#13,1,1,10,10,24
5,000889#14,1,1,10,10,69
5,000943#0,1,1,10,10,16
5,000943#1,1,1,10,10,14
5,000943#2,1,1,10,10,64
5,000943#3,1,1,7,10,7
5,000943#4,1,1,7,10,7
5,000943#6,1,1,7,10,18
5,000943#7,1,1,10,10,23
5,000952#0,1,1,10,10,22
5,001033#1,1,1,10,10,15
5,001033#2,1,1,10,10,31
5,001033#3,1,1,10,10,41
5,001033#9,1,1,8,10,25
5,001033#10,1,1,10,10,21
5,001035#0,1,1,10,10,19
5,001035#1,1,1,10,10,53
5,001035#2,1,1,10,10,76
5,001035#7,1,1,10,10,40
5,001035#9,1,1,10,10,22
5,001035#10,1,1,10,10,63
5,001114#5,1,1,10,10,47
5,001114#6,1,1,10,10,40
5,001114#7,1,1,10,10,12
5,001114#8,1,1,10,10,26
5,001114#10,1,1,10,10,17
5,001123#0,1,1,10,10,31
5,001123#1,1,1,10,10,76
5,001123#2,1,1,10,10,77
5,001123#4,1,1,10,10,64
5,001123#5,1,1,10,10,42
5,001123#6,1,1,10,10,79
5,001123#7,1,1,10,10,86
5,001123#8,1,1,7,10,36
5,001123#9,1,1,10,10,56
5,001123#10,1,1,10,10,62
5,001123#11,1,1,10,10,66
5,001123#12,1,1,10,10,79
5,001123#13,1,1,10,10,31
5,001123#18,1,1,9,10,9
5,001123#19,1,1,9,10,10
5,001123#20,1,1,10,10,49
5,001123#21,1,1,10,10,32
5,001123#22,1,1,10,10,33
5,001135#4,1,1,10,10,64
5,001135#6,1,1,10,10,72
5,001135#7,1,1,6,10,14
5,001157#4,1,1,10,10,14
5,001157#5,1,1,10,10,30
5,001157#8,1,1,10,10,77
5,001157#9,1,1,10,10,68
5,001202#3,1,1,10,10,72
5,001202#4,1,1,10,10,78
5,001202#8,1,1,10,10,23
5,001202#10,1,1,10,10,56
5,001202#11,1,1,10,10,57
5,001202#12,1,1,10,10,42
5,001257#0,1,1,10,10,46
5,001257#3,1,1,10,10,69
5,001257#6,1,1,10,10,27
5,001257#9,1,1,10,10,27
5,001257#10,1,1,10,10,46
5,001257#11,1,1,10,10,31
5,001276#3,1,1,10,10,58
5,001276#7,1,1,10,10,30
5,001276#9,1,1,10,10,54
5,001276#10,1,1,10,10,27
5,001276#11,1,1,10,10,31
5,001276#12,1,1,10,10,25
5,001276#13,1,1,10,10,35
5,001276#14,1,1,10,10,50
5,001276#15,1,1,10,10,25
5,001295#0,1,1,10,10,30
5,001295#1,1,1,10,10,52
5,001295#3,1,1,10,10,10
5,001295#10,1,1,10,10,55
5,001295#11,1,1,10,10,24
5,001295#12,1,1,10,10,17
5,001295#13,1,1,8,10,28
5,001295#14,1,1,10,10,36
5,001295#15,1,1,10,10,24
5,001295#17,1,1,10,10,19
5,001295#18,1,1,10,10,15
5,001295#19,1,1,10,10,17
5,001295#20,1,1,9,10,16
5,001295#21,1,1,10,10,22
5,001295#22,1,1,10,10,26
5,001295#24,1,1,10,10,26
5,001295#26,1,1,9,10,9
5,001409#0,1,1,10,10,39
5,001409#1,1,1,10,10,43
5,001415#0,1,1,10,10,42
5,001415#1,1,1,10,10,44
5,001415#2,1,1,10,10,41
5,001415#3,1,1,10,10,53
5,001443#3,1,1,10,10,53
5,001443#4,1,1,10,10,73
5,001443#6,1,1,10,10,66
5,001443#7,1,1,10,10,67
5,001443#9,1,1,10,10,27
5,001443#10,1,1,10,10,46
5,001461#2,1,1,10,10,28
5,001461#3,1,1,10,10,42
5,001461#4,1,1,10,10,64
5,001461#5,1,1,10,10,36
5,001531#1,1,1,10,10,16
5,001531#2,1,1,10,10,11
5,001531#6,1,1,10,10,28
5,001531#8,1,1,10,10,11
5,001531#10,1,1,10,10,43
5,001558#4,1,1,10,10,31
5,001683#1,1,1,10,10,83
5,001683#6,1,1,10,10,36
5,001683#7,1,1,10,10,46
5,001683#8,1,1,10,10,50
5,001694#1,1,1,10,10,28
5,001694#2,1,1,10,10,64
5,001694#7,1,1,10,10,62
5,001694#8,1,1,10,10,36
5,001694#9,1,1,10,10,50
5,001694#10,1,1,10,10,27
5,001694#11,1,1,10,10,28
5,001694#12,1,1,10,10,22
5,001694#13,1,1,10,10,27
5,001694#14,1,1,10,10,31
5,001707#1,1,1,10,10,22
5,001707#2,1,1,10,10,68
5,001707#7,1,1,10,10,62
5,001707#8,1,1,10,10,36
5,001707#9,1,1,10,10,31
5,001707#10,1,1,10,10,34
5,001707#11,1,1,10,10,57
5,001707#12,1,1,10,10,19
5,001712#1,1,1,10,10,72
5,001712#6,1,1,10,10,58
5,001712#7,1,1,10,10,16
5,001712#8,1,1,10,10,36
5,001712#9,1,1,10,10,55
5,001712#10,1,1,10,10,25
5,001712#11,1,1,10,10,23
5,001712#12,1,1,10,10,27
5,001724#1,1,1,10,10,11
5,001724#3,1,1,10,10,56
5,001724#7,1,1,10,10,84
5,001724#8,1,1,10,10,34
5,001724#9,1,1,10,10,30
5,001724#10,1,1,10,10,27
5,001724#11,1,1,10,10,34
5,001724#12,1,1,10,10,38
5,001737#3,1,1,10,10,54
5,001737#7,1,1,10,10,76
5,001737#8,1,1,8,10,8
5,001737#9,1,1,10,10,15
5,001737#10,1,1,10,10,36
5,001737#11,1,1,10,10,30
5,001737#12,1,1,10,10,38
5,001737#13,1,1,10,10,30
5,001742#0,1,1,10,10,41
5,001763#0,1,1,10,10,25
5,001785#0,1,1,10,10,50
5,001785#1,1,1,10,10,51
5,001785#2,1,1,10,10,80
5,001851#0,1,1,10,10,48
5,001851#8,1,1,10,10,25
5,001851#9,1,1,10,10,27
5,001851#10,1,1,10,10,31
5,001851#11,1,1,10,10,25
5,001851#12,1,1,10,10,27
5,001851#13,1,1,10,10,50
5,001851#14,1,1,10,10,27
5,001862#0,1,1,10,10,48
5,001862#8,1,1,10,10,21
5,001862#9,1,1,10,10,27
5,001862#10,1,1,10,10,54
5,001862#11,1,1,10,10,21
5,001862#12,1,1,10,10,20
5,001862#13,1,1,10,10,32
5,001862#14,1,1,10,10,29
5,001862#15,1,1,10,10,37
5,001873#0,1,1,10,10,48
5,001873#4,1,1,10,10,73
5,001873#8,1,1,10,10,26
5,001873#9,1,1,10,10,50
5,001873#10,1,1,10,10,14
5,001873#11,1,1,10,10,27
5,001873#12,1,1,10,10,26
5,001873#13,1,1,10,10,27
5,001881#0,1,1,10,10,48
5,001881#4,1,1,10,10,73
5,001881#8,1,1,10,10,25
5,001881#9,1,1,10,10,54
5,001881#10,1,1,10,10,22
5,001884#0,1,1,10,10,52
5,001884#4,1,1,10,10,73
5,001884#8,1,1,10,10,21
5,001884#9,1,1,10,10,57
5,001884#10,1,1,10,10,25
5,001884#11,1,1,10,10,23
5,001884#12,1,1,10,10,20
5,001884#13,1,1,10,10,17
5,001884#14,1,1,10,10,27
5,001898#0,1,1,10,10,52
5,001898#4,1,1,10,10,74
5,001898#7,1,1,10,10,22
5,001898#8,1,1,10,10,20
5,001898#9,1,1,10,10,21
5,001898#10,1,1,10,10,24
5,001898#11,1,1,10,10,36
5,001898#12,1,1,10,10,55
5,001898#13,1,1,10,10,27
5,001898#14,1,1,10,10,24
5,001970#1,1,1,10,10,73
5,001970#3,1,1,10,10,36
5,001970#7,1,1,10,10,65
5,001970#8,1,1,10,10,26
5,001970#9,1,1,10,10,41
5,001970#10,1,1,10,10,27
5,002048#2,1,1,10,10,68
5,002048#3,1,1,10,10,53
5,002048#4,1,1,10,10,76
5,002048#7,1,1,10,10,37
5,002048#8,1,1,10,10,19
5,002048#9,1,1,10,10,40
5,002048#10,1,1,10,10,41
5,002097#3,1,1,10,10,67
5,002097#4,1,1,10,10,75
5,002097#7,1,1,10,10,22
5,002097#8,1,1,10,10,29
5,002097#9,1,1,10,10,32
5,002097#10,1,1,10,10,32
5,002102#0,1,1,10,10,63
5,002102#1,1,1,10,10,67
5,002102#2,1,1,10,10,64
5,002102#3,1,1,10,10,55
5,002102#4,1,1,10,10,59
5,002102#5,1,1,10,10,40
5,002102#6,1,1,10,10,56
5,002102#7,1,1,10,10,56
5,002102#8,1,1,10,10,50
5,002156#0,1,1,10,10,40
5,002156#1,1,1,10,10,28
5,002156#2,1,1,10,10,38
5,002156#3,1,1,10,10,59
5,002156#4,1,1,10,10,81
5,002156#7,1,1,10,10,46
5,002156#8,1,1,10,10,34
5,002156#9,1,1,10,10,53
5,002207#0,1,1,10,10,11
5,002207#1,1,1,10,10,49
5,002235#3,1,1,10,10,36
5,002235#5,1,1,10,10,55
5,002235#6,1,1,3,10,17
5,002235#7,1,1,10,10,27
5,002235#10,1,1,10,10,10
5,002265#3,1,1,10,10,15
5,002265#4,1,1,10,10,13
5,002276#0,1,1,10,10,41
5,002276#1,1,1,10,10,18
5,002276#2,1,1,10,10,32
5,002276#3,1,1,10,10,53
5,002276#6,1,1,10,10,46
5,002331#2,1,1,10,10,49
5,002331#3,1,1,10,10,37
5,002331#4,1,1,10,10,75
5,002331#16,1,1,10,10,14
5,002331#18,1,1,10,10,21
5,002334#1,1,1,10,10,11
5,002334#8,1,1,10,10,56
5,002334#9,1,1,10,10,18
5,002338#0,1,1,10,10,62
5,002338#1,1,1,10,10,70
5,002338#4,1,1,10,10,73
5,002338#5,1,1,10,10,44
5,002357#0,1,1,10,10,23
5,002357#1,1,1,10,10,35
5,002357#2,1,1,10,10,72
5,002357#3,1,1,10,10,43
5,002359#0,1,1,10,10,29
5,002359#1,1,1,10,10,43
5,002359#2,1,1,10,10,45
5,002359#3,1,1,10,10,27
5,002378#0,1,1,10,10,34
5,002378#1,1,1,10,10,11
5,002378#3,1,1,10,10,66
5,002378#5,1,1,10,10,73
5,002378#6,1,1,10,10,19
5,002380#2,1,1,10,10,77
5,002380#3,1,1,10,10,55
5,002380#4,1,1,10,10,19
5,002380#5,1,1,8,10,8
5,002380#6,1,1,10,10,45
5,002380#7,1,1,10,10,14
5,002380#8,1,1,10,10,15
5,002380#9,1,1,10,10,25
5,002413#0,1,1,10,10,23
5,002517#1,1,1,10,10,48
5,002517#2,1,1,10,10,16
5,002517#4,1,1,9,10,23
5,002517#5,1,1,10,10,76
5,002584#4,1,1,9,10,11
5,002584#6,1,1,10,10,11
5,002625#6,1,1,10,10,17
5,002625#8,1,1,10,10,26
5,002625#10,1,1,10,10,27
5,002625#13,1,1,10,10,22
5,002625#14,1,1,10,10,73
5,002625#18,1,1,10,10,29
5,002625#19,1,1,10,10,13
5,002625#20,1,1,10,10,70
5,002625#21,1,1,10,10,82
5,002625#22,1,1,10,10,36
5,002625#23,1,1,10,10,34
5,002625#24,1,1,10,10,65
5,002625#25,1,1,10,10,11
5,002625#26,1,1,10,10,48
5,002625#27,1,1,4,10,25
5,002625#28,1,1,10,10,37
5,002625#29,1,1,10,10,63
5,002625#30,1,1,10,10,23
5,002625#31,1,1,10,10,34
5,002625#32,1,1,10,10,45
5,002625#33,1,1,10,10,12
5,002627#5,1,1,10,10,20
5,002627#7,1,1,10,10,17
5,002627#11,1,1,10,10,74
5,002627#12,1,1,10,10,32
5,002627#15,1,1,10,10,69
5,002627#17,1,1,10,10,73
5,002627#18,1,1,10,10,74
5,002627#19,1,1,10,10,18
5,002627#22,1,1,10,10,87
5,002627#23,1,1,10,10,71
5,002627#26,1,1,10,10,80
5,002627#27,1,1,10,10,81
5,002627#28,1,1,10,10,48
5,002627#30,1,1,10,10,39
5,002627#31,1,1,10,10,50
5,002627#32,1,1,10,10,55
5,002671#7,1,1,10,10,51
5,002671#9,1,1,10,10,25
5,002671#11,1,1,10,10,39
5,002671#12,1,1,10,10,63
5,002671#13,1,1,10,10,45
5,002671#14,1,1,10,10,30
5,002671#15,1,1,10,10,30
5,002671#16,1,1,10,10,18
5,002671#17,1,1,10,10,45
5,002671#18,1,1,10,10,18
5,002671#19,1,1,10,10,57
5,002671#20,1,1,10,10,46
5,002671#21,1,1,10,10,23
5,002671#22,1,1,10,10,23
5,002671#23,1,1,10,10,46
5,002671#24,1,1,10,10,59
5,002677#0,1,1,10,10,63
5,002677#1,1,1,10,10,40
5,002677#16,1,1,10,10,14
5,002677#17,1,1,10,10,24
5,002677#18,1,1,10,10,76
5,002707#11,1,1,10,10,22
5,002707#12,1,1,10,10,25
5,002707#13,1,1,10,10,62
5,002750#1,1,1,10,10,15
5,002750#4,1,1,10,10,42
5,002750#12,1,1,10,10,13
5,002750#13,1,1,10,10,12
5,002750#14,1,1,10,10,10
5,002750#16,1,1,8,10,8
5,002750#18,1,1,10,10,14
5,002750#19,1,1,10,10,22
5,002750#20,1,1,10,10,28
5,002750#21,1,1,10,10,28
5,002750#22,1,1,10,10,53
5,002750#23,1,1,10,10,25
5,002750#25,1,1,10,10,51
5,002762#1,1,1,10,10,17
5,002839#1,1,1,10,10,21
5,002839#2,1,1,10,10,25
5,002839#3,1,1,10,10,48
5,002839#4,1,1,10,10,31
5,002842#3,1,1,10,10,25
5,002842#4,1,1,10,10,21
5,002844#1,1,1,10,10,42
5,002844#2,1,1,10,10,21
5,002844#3,1,1,10,10,38
5,002935#0,1,1,10,10,17
5,002935#1,1,1,6,10,13
5,002955#0,1,1,10,10,72
5,002955#1,1,1,10,10,47
5,002955#4,1,1,10,10,32
5,002955#5,1,1,10,10,21
5,002955#6,1,1,10,10,37
5,002955#7,1,1,10,10,68
5,002955#8,1,1,10,10,61
5,002955#9,1,1,10,10,11
5,002955#10,1,1,10,10,42
5,002955#11,1,1,10,10,42
5,002955#12,1,1,10,10,57
5,002955#13,1,1,10,10,67
5,002955#14,1,1,10,10,73
5,002955#16,1,1,10,10,49
5,002955#17,1,1,10,10,81
5,002955#20,1,1,9,10,15
5,002955#23,1,1,10,10,29
5,002955#24,1,1,7,10,7
5,002987#0,1,1,10,10,16
5,002987#1,1,1,9,10,9
5,002987#2,1,1,10,10,23
5,002987#3,1,1,10,10,14
5,002987#4,1,1,10,10,34
5,002987#6,1,1,10,10,64
5,002987#7,1,1,10,10,73
5,002987#8,1,1,10,10,28
5,002987#9,1,1,10,10,14
5,002987#10,1,1,10,10,15
5,002987#11,1,1,10,10,15
5,002987#12,1,1,8,10,8
5,002987#13,1,1,10,10,34
5,002987#14,1,1,10,10,20
5,002987#15,1,1,10,10,37
5,003007#6,1,1,9,10,9
5,003007#8,1,1,10,10,41
5,003007#9,1,1,10,10,24
5,003013#6,1,1,10,10,20
5,003017#4,1,1,10,10,12
5,003026#4,1,1,10,10,17
5,003056#1,1,1,10,10,24
5,003056#2,1,1,10,10,15
5,003056#3,1,1,10,10,15
5,003056#4,1,1,10,10,11
5,003056#7,1,1,10,10,38
5,003056#8,1,1,9,10,9
5,003056#9,1,1,10,10,27
5,003056#10,1,1,10,10,18
5,003056#11,1,1,10,10,61
5,003148#0,1,1,10,10,61
5,003148#2,1,1,10,10,63
5,003148#3,1,1,10,10,42
5,003148#6,1,1,10,10,47
5,003148#7,1,1,7,10,8
5,003148#8,1,1,7,10,8
5,003160#0,1,1,10,10,42
5,003160#1,1,1,10,10,28
5,003160#2,1,1,9,10,31
5,003160#3,1,1,10,10,27
5,003160#4,1,1,9,10,31
5,003160#5,1,1,10,10,84
5,003160#7,1,1,10,10,37
5,003160#8,1,1,10,10,69
5,003160#9,1,1,10,10,19
5,003160#11,1,1,10,10,78
5,003160#13,1,1,10,10,37
5,003160#14,1,1,10,10,11
5,003160#15,1,1,10,10,55
5,003160#17,1,1,10,10,43
5,003160#18,1,1,10,10,72
5,003160#19,1,1,10,10,26
5,003160#20,1,1,10,10,18
5,003160#21,1,1,10,10,46
5,003198#1,1,1,10,10,64
5,003198#4,1,1,10,10,42
5,003257#5,1,1,10,10,58
5,003262#0,1,1,9,10,28
5,003262#1,1,1,9,10,31
5,003262#4,1,1,10,10,27
5,003262#14,1,1,10,10,10
5,003262#16,1,1,9,10,10
5,003262#17,1,1,10,10,14
5,003262#21,1,1,8,10,16
5,003262#23,1,1,10,10,22
5,003262#24,1,1,10,10,18
5,003262#28,1,1,10,10,50
5,003262#29,1,1,5,10,7
5,003262#30,1,1,10,10,73
5,003273#1,1,1,10,10,73
5,003273#3,1,1,10,10,68
5,003273#4,1,1,10,10,45
5,003273#5,1,1,10,10,12
5,003273#6,1,1,10,10,87
5,003273#8,1,1,10,10,35
5,003273#9,1,1,10,10,19
5,003273#10,1,1,10,10,42
5,003273#11,1,1,10,10,17
5,003273#13,1,1,10,10,20
5,003288#0,1,1,10,10,74
5,003288#3,1,1,10,10,37
5,003288#4,1,1,10,10,27
5,003288#5,1,1,10,10,20
5,003288#6,1,1,10,10,20
5,003288#7,1,1,10,10,16
5,003288#8,1,1,10,10,14
5,003288#9,1,1,10,10,16
5,003288#10,1,1,10,10,18
5,003288#11,1,1,10,10,14
5,003288#12,1,1,10,10,27
5,003288#13,1,1,10,10,33
5,003288#14,1,1,10,10,13
5,003288#16,1,1,10,10,21
5,003288#18,1,1,10,10,69
5,003304#0,1,1,10,10,42
5,003304#1,1,1,10,10,36
5,003304#2,1,1,10,10,14
5,003304#3,1,1,10,10,48
5,003304#4,1,1,10,10,20
5,003304#8,1,1,10,10,25
5,003304#9,1,1,10,10,41
5,003304#11,1,1,10,10,42
5,003304#12,1,1,10,10,30
5,003304#13,1,1,10,10,13
5,003317#1,1,1,10,10,29
5,003317#2,1,1,10,10,26
5,003317#3,1,1,10,10,29
5,003317#5,1,1,10,10,50
5,003317#6,1,1,10,10,23
5,003317#7,1,1,10,10,27
5,003317#8,1,1,10,10,49
5,003317#9,1,1,10,10,30
5,003317#12,1,1,10,10,12
5,003317#14,1,1,10,10,55
5,003317#15,1,1,10,10,70
5,003317#16,1,1,10,10,43
5,003348#0,1,1,10,10,30
5,003353#0,1,1,10,10,14
5,003408#1,1,1,10,10,22
5,003411#0,1,1,10,10,41
5,003411#1,1,1,10,10,52
5,003411#2,1,1,10,10,57
5,003411#3,1,1,10,10,50
5,003419#0,1,1,10,10,84
5,003419#5,1,1,10,10,22
5,003419#13,1,1,9,10,24
5,003419#14,1,1,10,10,30
5,003419#17,1,1,8,10,30
5,003419#18,1,1,10,10,34
5,003419#19,1,1,10,10,18
5,003419#21,1,1,10,10,36
5,003425#5,1,1,10,10,17
5,003425#6,1,1,10,10,13
5,003425#7,1,1,10,10,11
5,003425#10,1,1,10,10,18
5,003425#12,1,1,10,10,44
5,003425#13,1,1,10,10,46
5,003460#0,1,1,10,10,26
5,003460#1,1,1,10,10,64
5,003460#3,1,1,10,10,80
5,003460#5,1,1,10,10,25
5,003460#6,1,1,10,10,73
5,003472#0,1,1,10,10,31
5,003472#1,1,1,10,10,68
5,003472#2,1,1,10,10,20
5,003472#3,1,1,10,10,71
5,003475#1,1,1,10,10,41
5,003475#2,1,1,10,10,22
5,003475#3,1,1,10,10,51
5,003475#5,1,1,10,10,46
5,003475#6,1,1,10,10,70
5,003475#10,1,1,10,10,21
5,003475#11,1,1,10,10,31
5,003487#0,1,1,10,10,53
5,003487#2,1,1,10,10,62
5,003489#0,1,1,10,10,24
5,003489#2,1,1,10,10,31
5,003489#3,1,1,10,10,55
5,003489#4,1,1,10,10,25
5,003489#5,1,1,10,10,35
5,003489#9,1,1,10,10,26
5,003489#14,1,1,10,10,37
5,003526#0,1,1,10,10,18
5,003526#3,1,1,10,10,13
5,003532#0,1,1,10,10,18
5,003532#1,1,1,10,10,42
5,003546#0,1,1,10,10,27
5,003546#1,1,1,10,10,28
5,003546#2,1,1,10,10,37
5,003592#0,1,1,10,10,23
5,003592#1,1,1,10,10,23
5,003592#2,1,1,10,10,31
5,003592#3,1,1,10,10,20
5,003595#3,1,1,10,10,27
5,003595#4,1,1,10,10,30
5,003595#5,1,1,10,10,21
5,003595#6,1,1,10,10,46
5,003603#3,1,1,10,10,32
5,003653#3,1,1,10,10,15
5,003653#5,1,1,10,10,20
5,003653#6,1,1,10,10,18
5,003653#7,1,1,9,10,14
5,003653#8,1,1,10,10,11
5,003653#9,1,1,10,10,12
5,003653#11,1,1,10,10,36
5,003653#12,1,1,10,10,51
5,003653#14,1,1,8,10,8
5,003653#16,1,1,9,10,9
5,003653#17,1,1,10,10,26
5,003653#18,1,1,8,10,8
5,003679#4,1,1,10,10,50
5,003679#5,1,1,10,10,27
5,003679#7,1,1,10,10,25
5,003679#8,1,1,10,10,32
5,003703#0,1,1,10,10,50
5,003739#0,1,1,10,10,30
5,003739#1,1,1,10,10,35
5,003739#2,1,1,10,10,17
5,003739#3,1,1,10,10,11
5,003739#5,1,1,10,10,16
5,003739#6,1,1,10,10,12
5,003739#7,1,1,10,10,26
5,003739#8,1,1,10,10,16
5,003757#0,1,1,10,10,76
5,003757#7,1,1,10,10,27
5,003757#8,1,1,9,10,10
5,003757#10,1,1,10,10,21
5,003757#14,1,1,10,10,13
5,003757#15,1,1,10,10,15
5,003757#16,1,1,9,10,11
5,003769#0,1,1,10,10,56
5,003838#0,1,1,10,10,72
5,003863#1,1,1,10,10,21
5,003863#3,1,1,10,10,17
5,003863#5,1,1,10,10,33
5,003863#7,1,1,10,10,24
5,003863#9,1,1,10,10,13
5,003863#10,1,1,10,10,12
5,003863#11,1,1,10,10,18
5,003895#2,1,1,10,10,55
5,003896#0,1,1,10,10,43
5,003896#1,1,1,10,10,19
5,003902#0,1,1,10,10,41
5,003902#1,1,1,10,10,15
5,003902#3,1,1,10,10,18
5,003902#4,1,1,10,10,30
5,003902#5,1,1,10,10,18
5,003902#6,1,1,10,10,41
5,003904#0,1,1,10,10,33
5,003904#1,1,1,10,10,19
5,003941#0,1,1,10,10,27
5,003941#1,1,1,10,10,17
5,003941#3,1,1,10,10,12
5,003941#5,1,1,10,10,25
5,003941#7,1,1,10,10,20
5,003941#8,1,1,10,10,26
5,003941#10,1,1,10,10,17
5,003941#11,1,1,10,10,26
5,003941#12,1,1,10,10,17
5,003941#13,1,1,10,10,20
5,003941#14,1,1,10,10,18
5,003941#15,1,1,10,10,22
5,003941#16,1,1,10,10,69
5,003941#20,1,1,10,10,10
5,003941#21,1,1,10,10,25
5,003941#22,1,1,10,10,13
5,003941#24,1,1,10,10,37
5,003941#25,1,1,10,10,18
5,003941#26,1,1,10,10,21
5,003941#27,1,1,10,10,18
5,003941#29,1,1,10,10,17
5,003941#30,1,1,10,10,34
5,003982#5,1,1,10,10,26
5,003982#6,1,1,10,10,15
5,003982#8,1,1,10,10,13
5,003982#11,1,1,10,10,19
5,003982#14,1,1,10,10,29
5,003982#19,1,1,4,10,9
5,003982#20,1,1,8,10,10
5,003982#23,1,1,10,10,25
5,003982#24,1,1,10,10,10
5,003982#30,1,1,10,10,12
5,003982#32,1,1,10,10,14
5,003982#34,1,1,10,10,11
5,003982#36,1,1,10,10,46
5,003982#41,1,1,10,10,10
5,003982#42,1,1,10,10,11
5,003982#43,1,1,10,10,13
5,003982#47,1,1,10,10,57
5,003982#48,1,1,10,10,16
5,003982#49,1,1,10,10,69
5,003982#50,1,1,10,10,34
5,003982#53,1,1,7,10,10
5,003982#57,1,1,10,10,18
5,003982#58,1,1,10,10,18
5,003982#60,1,1,10,10,16
5,003982#61,1,1,10,10,15
5,003982#62,1,1,10,10,17
5,003987#5,1,1,10,10,32
5,003987#6,1,1,10,10,28
5,003987#10,1,1,10,10,66
5,003987#11,1,1,10,10,71
5,003987#15,1,1,10,10,33
5,003987#16,1,1,10,10,42
5,003987#23,1,1,7,10,11
5,003987#27,1,1,10,10,11
5,003987#35,1,1,10,10,26
5,003987#38,1,1,10,10,19
5,003987#39,1,1,10,10,17
5,003987#40,1,1,10,10,16
5,003987#41,1,1,10,10,13
5,003987#43,1,1,10,10,10
5,003987#46,1,1,8,10,8
5,003987#47,1,1,10,10,15
5,003987#49,1,1,10,10,12
5,003987#50,1,1,10,10,15
5,003987#51,1,1,10,10,15
5,003987#52,1,1,10,10,10
5,003987#53,1,1,10,10,19
5,003987#55,1,1,10,10,31
5,hehe_173_000002_024_00000105#2,0,1,0,10,11
5,hehe_173_000002_024_00000105#4,1,1,7,10,11
5,hehe_173_000002_024_00000105#6,1,1,10,10,23
5,hehe_173_000002_024_00000105#7,1,1,11,10,15
5,hehe_173_000002_024_00000105#9,1,1,10,10,31
5,hehe_173_000002_024_00000105#10,1,1,10,10,25
5,hehe_173_000002_024_00000105#11,1,1,9,10,11
5,hehe_173_000002_024_00000105#13,1,1,10,10,31
5,hehe_173_000002_024_00000105#15,1,1,10,10,76
5,hehe_186_000002_028_00000050#1,1,1,10,10,77
5,hehe_22_00000004#0,1,1,10,10,29
5,hehe_22_00000004#2,1,1,10,10,23
5,hehe_22_00000004#4,1,1,10,10,69
5,hehe_22_00000004#6,1,1,10,10,57
5,hehe_22_00000004#7,1,1,10,10,70
5,hehe_22_00000004#9,1,1,9,10,11
5,hehe_230_000002_043_00000061#1,1,1,10,10,69
5,hehe_230_000002_043_00000061#6,1,1,10,10,62
5,hehe_230_000002_043_00000061#7,1,1,10,10,58
5,hehe_230_000002_043_00000061#10,1,1,10,10,31
5,hehe_230_000002_043_00000061#11,1,1,10,10,37
5,hehe_230_000002_043_00000061#13,1,1,10,10,19
5,hehe_230_000002_043_00000061#14,1,1,7,10,12
5,hehe_232_000002_043_00000181#0,1,1,7,10,8
5,hehe_232_000002_043_00000181#1,1,1,10,10,22
5,hehe_232_000002_043_00000181#2,1,1,10,10,57
5,hehe_232_000002_043_00000181#3,1,1,10,10,36
5,hehe_232_000002_043_00000181#8,1,1,10,10,57
5,hehe_274_000002_060_00000105#1,1,1,10,10,67
5,hehe_274_000002_060_00000105#5,1,1,10,10,28
5,hehe_274_000002_060_00000105#6,1,1,10,10,11
5,hehe_40_00000033#1,1,1,10,10,26
5,hehe_40_00000033#2,1,1,4,10,46
5,hehe_40_00000033#3,1,1,8,10,40
5,hehe_40_00000033#5,1,1,10,10,40
5,hehe_45_00000001#2,1,1,10,10,42
5,hehe_45_00000001#4,1,1,10,10,28
5,hehe_45_00000001#5,1,1,10,10,49
5,hehe_45_00000001#6,1,1,10,10,40
5,hehe_45_00000001#7,1,1,10,10,60
5,hehe_45_00000001#8,1,1,10,10,34
5,hehe_45_00000001#9,1,1,10,10,46
5,hehe_52_00000107#0,1,1,10,10,19
5,hehe_52_00000107#1,1,1,8,10,8
5,hehe_61_00000090#2,1,1,10,10,76
5,hehe_61_00000090#3,1,1,10,10,39
5,hehe_61_00000090#4,1,1,10,10,20
5,hehe_61_00000090#9,1,1,10,10,64
5,hehe_61_00000090#10,1,1,10,10,50
5,hehe_61_00000090#11,1,1,10,10,84
5,hehe_65_00000229#2,1,1,10,10,59
5,hehe_65_00000229#3,1,1,10,10,32
5,hehe_65_00000229#4,1,1,10,10,30
5,hehe_65_00000229#6,1,1,9,10,16
5,hehe_65_00000229#7,1,1,10,10,21
5,hehe_6_00000054#0,1,1,10,10,12
5,hehe_6_00000054#2,1,1,10,10,35
5,hehe_6_00000054#3,1,1,10,10,32
5,hehe_6_00000054#4,1,1,10,10,27
5,hehe_6_00000054#6,1,1,10,10,76
5,hehe_6_00000054#13,1,1,10,10,74
5,hehe_6_00000054#16,1,1,10,10,32
5,hehe_6_00000054#17,1,1,10,10,38
5,hehe_86_00000253#0,1,1,10,10,45
5,hehe_86_00000253#3,1,1,10,10,58
5,hehe_87_00000315#1,1,1,10,10,39
5,hehe_87_00000315#2,1,1,10,10,40
5,hehe_87_00000315#3,1,1,10,10,33
5,hehe_87_00000315#4,1,1,10,10,20
5,hehe_87_00000315#5,1,1,8,10,30
5,hehe_87_00000315#6,1,1,8,10,14
5,shuming_1007_00000230#0,1,1,10,10,38
5,shuming_1007_00000230#3,1,1,10,10,43
5,shuming_1007_00000230#4,1,1,10,10,36
5,shuming_1007_00000230#5,1,1,10,10,46
5,shuming_1007_00000230#7,1,1,10,10,63
5,shuming_1007_00000230#10,1,1,10,10,62
5,shuming_1007_00000230#11,1,1,10,10,39
5,shuming_1007_00000230#12,1,1,10,10,34
5,shuming_1007_00000230#13,1,1,10,10,10
5,shuming_1007_00000230#14,1,1,5,10,7
5,shuming_1007_00000230#15,1,1,10,10,79
5,shuming_1007_00000230#16,1,1,10,10,47
5,shuming_1007_00000230#17,1,1,10,10,19
5,shuming_1007_00000230#18,1,1,10,10,13
5,shuming_1007_00000230#20,1,1,10,10,20
5,shuming_1007_00000230#21,1,1,10,10,69
5,shuming_1007_00000230#22,1,1,10,10,27
5,shuming_1007_00000230#23,1,1,10,10,22
5,shuming_1013_00000065#0,1,1,10,10,87
5,shuming_1013_00000065#1,1,1,10,10,41
5,shuming_1013_00000065#3,1,1,10,10,26
5,shuming_1028_00000411#3,1,1,10,10,55
5,shuming_1028_00000411#4,1,1,9,10,10
5,shuming_1028_00000411#5,1,1,10,10,15
5,shuming_1064_00000087#0,1,1,10,10,34
5,shuming_1064_00000087#1,1,1,10,10,55
5,shuming_1064_00000087#2,1,1,10,10,56
5,shuming_1064_00000087#3,1,1,10,10,72
5,shuming_1064_00000087#4,1,1,10,10,69
5,shuming_1064_00000087#6,1,1,10,10,26
5,shuming_1064_00000087#7,1,1,10,10,54
5,shuming_1064_00000087#8,1,1,10,10,86
5,shuming_1076_00000257#1,1,1,10,10,31
5,shuming_1076_00000257#2,1,1,10,10,29
5,shuming_1076_00000257#3,1,1,10,10,20
5,shuming_1076_00000257#4,1,1,10,10,19
5,shuming_1076_00000257#5,1,1,10,10,23
5,shuming_1079_00000233#3,1,1,10,10,18
5,shuming_1079_00000233#4,1,1,10,10,12
5,shuming_1079_00000233#6,1,1,10,10,35
5,shuming_1080_00000016#0,1,1,10,10,72
5,shuming_1080_00000016#4,1,1,10,10,10
5,shuming_1132_00000385#2,1,1,10,10,29
5,shuming_1132_00000385#3,1,1,6,10,32
5,shuming_1132_00000385#4,1,1,10,10,25
5,shuming_1135_00000213#0,1,1,10,10,76
5,shuming_1148_00000041#0,1,1,10,10,74
5,shuming_1157_00000010#0,1,1,10,10,72
5,shuming_1157_00000010#1,1,1,10,10,32
5,shuming_1157_00000010#2,1,1,10,10,18
5,shuming_1180_00000231#3,1,1,10,10,49
5,shuming_24_00000001#0,1,1,10,10,40
5,shuming_24_00000001#1,1,1,10,10,62
5,shuming_340_00000020#1,1,1,10,10,21
5,shuming_340_00000020#19,1,1,10,10,11
5,shuming_340_00000020#22,1,1,7,10,7
5,shuming_340_00000020#23,1,1,10,10,12
5,shuming_340_00000020#26,1,1,8,10,9
5,shuming_340_00000020#30,1,1,9,10,9
5,shuming_340_00000020#31,1,1,10,10,12
5,shuming_340_00000020#38,1,1,10,10,10
5,shuming_35_00000199#0,1,1,10,10,73
5,shuming_35_00000199#3,1,1,10,10,36
5,shuming_35_00000199#4,1,1,10,10,26
5,shuming_35_00000199#5,1,1,6,10,87
5,shuming_35_00000199#6,1,1,10,10,18
5,shuming_35_00000199#8,1,1,10,10,14
5,shuming_35_00000199#9,1,1,8,10,8
5,shuming_35_00000199#11,1,1,10,10,39
5,shuming_410_00000037#0,1,1,6,10,7
5,shuming_410_00000037#9,1,1,10,10,45
5,shuming_461_00000082#0,1,1,10,10,53
5,shuming_461_00000082#2,1,1,10,10,42
5,shuming_461_00000082#3,1,1,10,10,31
5,shuming_461_00000082#4,1,1,10,10,14
5,shuming_461_00000082#5,1,1,10,10,11
5,shuming_465_00000030#0,1,1,10,10,10
5,shuming_465_00000030#2,1,1,10,10,56
5,shuming_465_00000030#3,1,1,10,10,15
5,shuming_470_00000057#3,1,1,10,10,43
5,shuming_470_00000057#4,1,1,10,10,23
5,shuming_482_00000018#3,1,1,10,10,53
5,shuming_482_00000018#4,1,1,10,10,44
5,shuming_482_00000018#5,1,1,10,10,62
5,shuming_485_00000027#3,1,1,10,10,16
5,shuming_485_00000027#4,1,1,10,10,52
5,shuming_503_00000052#0,1,1,10,10,32
5,shuming_503_00000052#1,1,1,10,10,26
5,shuming_562_00000223#2,1,1,10,10,76
5,shuming_571_00000215#0,1,1,10,10,56
5,shuming_571_00000215#1,1,1,10,10,46
5,shuming_574_00000017#0,1,1,10,10,63
5,shuming_608_00000031#1,1,1,10,10,19
5,shuming_608_00000031#2,1,1,10,10,30
5,shuming_608_00000031#3,1,1,10,10,35
5,shuming_608_00000031#4,1,1,10,10,11
5,shuming_610_00000148#0,1,1,10,10,50
5,shuming_63_00000393#3,1,1,10,10,15
5,shuming_63_00000393#4,1,1,10,10,17
5,shuming_63_00000393#5,1,1,8,10,9
5,shuming_63_00000393#6,1,1,10,10,23
5,shuming_63_00000393#7,1,1,10,10,21
5,shuming_63_00000393#8,1,1,10,10,23
5,shuming_63_00000393#9,1,1,10,10,20
5,shuming_663_00000328#2,1,1,10,10,50
5,shuming_663_00000328#3,1,1,10,10,40
5,shuming_67_00000001#1,1,1,10,10,55
5,shuming_67_00000001#2,1,1,10,10,18
5,shuming_698_00000001#0,1,1,10,10,11
5,shuming_698_00000001#1,1,1,6,10,13
5,shuming_698_00000001#2,1,1,10,10,17
5,shuming_698_00000001#3,1,1,10,10,20
5,shuming_698_00000001#4,1,1,10,10,15
5,shuming_698_00000001#5,1,1,10,10,14
5,shuming_698_00000001#7,1,1,10,10,26
5,shuming_698_00000001#8,1,1,10,10,17
5,shuming_698_00000001#9,1,1,10,10,14
5,shuming_698_00000001#10,1,1,10,10,13
5,shuming_698_00000001#11,1,1,10,10,13
5,shuming_698_00000001#12,1,1,10,10,15
5,shuming_698_00000001#13,1,1,10,10,14
5,shuming_698_00000001#14,1,1,10,10,12
5,shuming_698_00000001#15,1,1,10,10,15
5,shuming_698_00000001#16,1,1,10,10,15
5,shuming_698_00000001#17,1,1,10,10,23
5,shuming_698_00000001#18,1,1,10,10,18
5,shuming_698_00000001#19,1,1,10,10,19
5,shuming_698_00000001#20,1,1,10,10,22
5,shuming_698_00000001#21,1,1,10,10,24
5,shuming_698_00000001#22,1,1,10,10,18
5,shuming_698_00000001#23,1,1,10,10,35
5,shuming_698_00000001#25,1,1,10,10,64
5,shuming_706_00000375#0,1,1,9,10,41
5,shuming_706_00000375#2,1,1,10,10,32
5,shuming_706_00000375#3,1,1,10,10,17
5,shuming_706_00000375#4,1,1,10,10,52
5,shuming_72_00000270#19,1,1,10,10,54
5,shuming_72_00000270#20,1,1,10,10,22
5,shuming_72_00000270#22,1,1,10,10,48
5,shuming_72_00000270#24,1,1,10,10,20
5,shuming_731_00000492#0,1,1,10,10,32
5,shuming_731_00000492#1,1,1,10,10,26
5,shuming_731_00000492#3,1,1,10,10,60
5,shuming_731_00000492#5,1,1,10,10,69
5,shuming_753_00000172#0,1,1,10,10,12
5,shuming_758_00000371#0,1,1,10,10,52
5,shuming_763_00000009#2,1,1,10,10,15
5,shuming_774_00000273#3,1,1,10,10,63
5,shuming_774_00000273#5,1,1,10,10,31
5,shuming_779_00000254#1,1,1,10,10,63
5,shuming_779_00000254#5,1,1,10,10,80
5,shuming_783_00000248#0,1,1,10,10,81
5,shuming_783_00000248#2,1,1,10,10,66
5,shuming_793_00000117#2,1,1,10,10,31
5,shuming_825_00000172#1,1,1,10,10,13
5,shuming_825_00000172#2,1,1,6,10,7
5,shuming_825_00000172#3,1,1,10,10,16
5,shuming_826_00000213#1,1,1,10,10,14
5,shuming_826_00000213#2,1,1,10,10,18
5,shuming_826_00000213#3,1,1,9,10,9
5,shuming_85_00000273#4,1,1,10,10,11
5,shuming_987_00000275#1,1,1,10,10,41
5,shuming_987_00000275#2,1,1,10,10,23
5,shuming_987_00000275#3,1,1,10,10,19
5,shuming_987_00000275#4,1,1,10,10,21
5,shuming_987_00000275#5,1,1,10,10,10
10,00000045#1,1,1,10,10,242
10,00000045#2,1,1,10,10,88
10,00000045#3,1,1,10,10,105
10,00000045#6,1,1,10,10,286
10,00000045#7,1,1,10,10,279
10,00000057#1,1,1,10,10,225
10,00000057#2,1,1,10,10,88
10,00000057#3,1,1,10,10,111
10,00000057#5,1,1,10,10,133
10,00000063#1,1,1,10,10,279
10,00000063#2,1,1,10,10,90
10,00000063#3,1,1,10,10,107
10,00000063#5,1,1,10,10,208
10,00000095#1,1,1,10,10,279
10,00000095#2,1,1,10,10,114
10,00000095#3,1,1,10,10,105
10,00000106#1,1,1,10,10,245
10,00000106#2,1,1,10,10,135
10,00000106#3,1,1,10,10,122
10,00000106#5,1,1,10,10,157
10,00000123#1,1,1,10,10,196
10,00000123#2,1,1,10,10,87
10,00000123#3,1,1,10,10,190
10,00000123#5,1,1,10,10,108
10,00000171#0,1,1,10,10,120
10,00000180#0,1,1,10,10,136
10,00000234#1,1,1,10,10,108
10,00000257#0,1,1,10,10,93
10,00000271#0,1,1,10,10,118
10,00000271#1,1,1,10,10,132
10,00000273#0,1,1,10,10,84
10,00000273#1,1,1,10,10,99
10,000002_080_00000048#0,1,1,10,10,69
10,000002_083_00000169#0,1,1,10,10,14
10,000002_083_00000169#1,1,1,10,10,26
10,000002_083_00000169#2,1,1,10,10,36
10,00000346#0,1,1,10,10,381
10,00000364#0,1,1,10,10,210
10,00000396#0,1,1,10,10,111
10,00000399#0,1,1,10,10,82
10,000003_081_00000171#10,1,1,10,10,76
10,000003_081_00000171#11,1,1,10,10,82
10,00000426#0,1,1,10,10,653
10,00000506#0,1,1,10,10,117
10,000005_004_00000286#4,1,1,10,10,62
10,000005_006_00000001#1,1,1,10,10,68
10,000005_006_00000001#2,1,1,10,10,25
10,000005_019_00000209#0,1,1,10,10,43
10,000005_019_00000209#1,1,1,10,10,31
10,000005_019_00000209#2,1,1,10,10,59
10,000005_027_00000493#1,1,1,10,10,34
10,000005_027_00000493#2,1,1,10,10,38
10,000005_027_00000493#3,1,1,10,10,49
10,000005_027_00000493#4,1,1,10,10,21
10,000005_027_00000493#5,1,1,10,10,25
10,000005_027_00000493#6,1,1,10,10,20
10,000005_027_00000493#7,1,1,10,10,26
10,000005_027_00000493#8,1,1,10,10,74
10,000005_028_00000001#2,1,1,10,10,77
10,000005_028_00000163#2,1,1,10,10,31
10,00000618#2,1,1,10,10,101
10,000006_010_00000389#4,1,1,10,10,58
10,000006_011_00000307#3,1,1,10,10,25
10,000006_011_00000409#8,1,1,10,10,40
10,000006_011_00000409#10,1,1,10,10,54
10,000006_012_00000001#3,1,1,10,10,38
10,000006_012_00000001#6,1,1,10,10,63
10,000006_012_00000001#11,1,1,10,10,69
10,000006_012_00000001#12,1,1,10,10,33
10,000008_003_00000235#1,1,1,10,10,76
10,000008_003_00000235#2,1,1,10,10,59
10,000008_003_00000235#3,1,1,10,10,81
10,000008_003_00000235#4,1,1,10,10,66
10,000008_003_00000235#5,1,1,10,10,68
10,000008_003_00000235#10,1,1,10,10,68
10,000008_003_00000235#11,1,1,10,10,16
10,000008_003_00000352#1,1,1,10,10,66
10,000008_003_00000352#3,1,1,10,10,80
10,000008_003_00000352#5,1,1,10,10,74
10,000008_003_00000352#7,1,1,10,10,75
10,000008_003_00000352#8,1,1,10,10,75
10,000008_003_00000352#9,1,1,10,10,76
10,000008_003_00000352#10,1,1,10,10,64
10,000008_003_00000352#12,1,1,10,10,74
10,000008_003_00000352#13,1,1,10,10,16
10,000008_003_00000469#0,1,1,10,10,85
10,000008_003_00000469#1,1,1,10,10,70
10,000008_003_00000469#2,1,1,10,10,67
10,000008_003_00000469#3,1,1,10,10,78
10,000008_003_00000469#4,1,1,10,10,85
10,000008_003_00000469#6,1,1,10,10,89
10,000008_003_00000469#9,1,1,10,10,31
10,000008_003_00000469#10,1,1,10,10,18
10,000008_004_00000665#2,1,1,10,10,34
10,000008_004_00000665#4,1,1,10,10,39
10,000008_004_00000665#11,1,1,10,10,52
10,000008_004_00000665#12,1,1,10,10,63
10,000008_004_00000665#13,1,1,10,10,37
10,000008_013_00000195#1,1,1,10,10,66
10,000008_013_00000195#2,1,1,10,10,60
10,000008_042_00000273#1,1,1,10,10,40
10,000008_045_00000001#0,1,1,10,10,48
10,000008_045_00000001#2,1,1,10,10,70
10,000008_045_00000001#3,1,1,10,10,14
10,000008_045_00000157#0,1,1,10,10,80
10,000008_045_00000157#4,1,1,10,10,17
10,000008_048_00000361#3,1,1,10,10,42
10,000008_048_00000361#4,1,1,10,10,36
10,000008_048_00000361#5,1,1,4,10,29
10,000009_008_00000241#3,1,1,10,10,78
10,000009_008_00000241#5,1,1,10,10,69
10,000009_008_00000241#6,1,1,10,10,29
10,000009_008_00000241#7,1,1,10,10,76
10,000009_008_00000241#9,1,1,10,10,84
10,000009_033_00000333#1,1,1,10,10,16
10,000009_033_00000333#2,1,1,10,10,38
10,000009_033_00000333#3,1,1,10,10,38
10,000009_033_00000333#4,1,1,10,10,36
10,000009_033_00000333#6,1,1,10,10,51
10,000012_008_00000163#3,1,1,10,10,67
10,000012_008_00000163#4,1,1,10,10,55
10,000012_008_00000163#5,1,1,10,10,48
10,000012_008_00000163#6,1,1,10,10,60
10,000012_008_00000163#8,1,1,10,10,74
10,000012_008_00000163#10,1,1,10,10,17
10,000012_008_00000163#11,1,1,10,10,26
10,000012_008_00000163#12,1,1,10,10,27
10,000012_008_00000163#13,1,1,10,10,15
10,000012_008_00000163#14,1,1,10,10,11
10,000012_009_00000244#1,1,1,10,10,71
10,000012_009_00000244#3,1,1,10,10,68
10,000012_009_00000244#4,1,1,10,10,40
10,000012_009_00000244#5,1,1,10,10,45
10,000012_009_00000244#6,1,1,10,10,21
10,000012_009_00000244#7,1,1,10,10,13
10,000012_009_00000244#8,1,1,10,10,12
10,000012_009_00000244#9,1,1,10,10,14
10,000012_009_00000244#10,1,1,10,10,34
10,000012_009_00000244#11,1,1,10,10,18
10,000012_009_00000244#12,1,1,10,10,18
10,000012_009_00000244#13,1,1,10,10,19
10,000012_009_00000244#14,1,1,8,10,8
10,000012_009_00000325#3,1,1,10,10,82
10,000012_009_00000325#4,1,1,10,10,36
10,000012_009_00000325#5,1,1,10,10,43
10,000012_009_00000325#6,1,1,10,10,28
10,000012_009_00000325#7,1,1,10,10,17
10,000012_009_00000325#8,1,1,10,10,16
10,000012_009_00000325#9,1,1,7,10,8
10,000012_009_00000325#11,1,1,10,10,28
10,000012_009_00000325#12,1,1,10,10,15
10,000012_009_00000325#14,1,1,10,10,22
10,000012_009_00000325#15,1,1,5,10,19
10,000012_009_00000325#16,1,1,10,10,35
10,000012_014_00000184#0,1,1,10,10,33
10,000012_014_00000184#1,1,1,10,10,55
10,000012_014_00000184#3,1,1,10,10,26
10,000012_019_00000151#1,1,1,10,10,59
10,000012_019_00000151#2,1,1,10,10,14
10,000012_019_00000151#4,1,1,10,10,21
10,000012_019_00000151#5,1,1,10,10,14
10,000012_022_00000090#0,1,1,10,10,64
10,000012_022_00000090#1,1,1,10,10,23
10,000012_025_00000313#1,1,1,10,10,11
10,000012_025_00000313#2,1,1,10,10,11
10,000012_025_00000313#3,1,1,10,10,13
10,000012_025_00000313#4,1,1,7,10,7
10,000012_025_00000313#5,1,1,10,10,13
10,000012_025_00000313#6,1,1,8,10,8
10,000012_028_00000250#0,1,1,10,10,64
10,000012_028_00000250#1,1,1,10,10,56
10,000013_001_00000001#1,1,1,10,10,33
10,000013_001_00000001#2,1,1,10,10,34
10,000013_001_00000001#3,1,1,10,10,31
10,000013_002_00000281#1,1,1,10,10,31
10,000013_002_00000281#2,1,1,10,10,36
10,000013_002_00000281#3,1,1,10,10,20
10,000013_023_00000075#1,1,1,10,10,56
10,000013_023_00000075#2,1,1,10,10,68
10,000013_025_00000285#0,1,1,10,10,15
10,000013_025_00000285#1,1,1,10,10,56
10,000013_025_00000285#2,1,1,10,10,20
10,000013_030_00000063#0,1,1,10,10,21
10,000013_030_00000063#1,1,1,10,10,68
10,000013_039_00000063#0,1,1,10,10,41
10,000013_039_00000063#1,1,1,10,10,32
10,000013_039_00000063#3,1,1,10,10,26
10,000013_039_00000063#5,1,1,8,10,8
10,000013_040_suppl_00000167#0,1,1,10,10,79
10,000013_040_suppl_00000333#1,1,1,10,10,50
10,000013_040_suppl_00000333#3,1,1,10,10,80
10,000013_040_suppl_00000333#4,1,1,8,10,8
10,000013_044_00000001#0,1,1,10,10,24
10,000013_044_00000001#1,1,1,10,10,31
10,000013_044_00000001#2,1,1,6,10,72
10,000013_044_00000001#4,0,1,0,10,38
10,000013_044_00000001#5,1,1,4,10,72
10,000013_044_00000001#7,1,1,10,10,62
10,000013_048_00000001#0,1,1,10,10,46
10,000013_048_00000001#1,1,1,1,10,60
10,000013_048_00000001#3,0,1,0,10,49
10,000013_048_00000001#4,1,1,10,10,69
10,000013_056_00000281#2,1,1,10,10,49
10,000013_056_00000281#3,1,1,10,10,16
10,000013_056_00000281#4,1,1,10,10,21
10,000013_056_00000281#6,1,1,10,10,11
10,000013_056_00000281#7,1,1,10,10,12
10,000013_056_00000281#8,1,1,10,10,64
10,000013_056_00000281#9,1,1,10,10,43
10,000013_056_00000281#10,1,1,10,10,32
10,000014_012_00000217#1,1,1,10,10,41
10,000014_012_00000217#2,1,1,10,10,48
10,000014_050_00000273#3,1,1,10,10,47
10,000014_050_00000273#4,1,1,10,10,57
10,000014_050_00000273#5,1,1,10,10,26
10,000014_051_suppl_00000341#2,1,1,10,10,15
10,000014_052_00000131#2,1,1,9,10,22
10,000014_052_00000131#3,1,1,9,10,13
10,000015_004_00000268#0,1,1,10,10,27
10,000015_004_suppl_00000223#2,1,1,10,10,36
10,000016_043_suppl_00000292#1,1,1,10,10,21
10,000016_043_suppl_00000292#2,1,1,10,10,56
10,000016_043_suppl_00000292#4,1,1,10,10,30
10,000016_043_suppl_00000292#5,1,1,10,10,25
10,000016_043_suppl_00000292#6,1,1,10,10,45
10,000016_043_suppl_00000292#8,1,1,10,10,26
10,000016_043_suppl_00000292#9,1,1,10,10,32
10,000016_043_suppl_00000292#10,1,1,10,10,19
10,000016_043_suppl_00000292#11,1,1,10,10,27
10,000016_043_suppl_00000292#12,1,1,10,10,32
10,000016_043_suppl_00000292#14,1,1,10,10,70
10,000016_043_suppl_00000292#17,1,1,10,10,47
10,000016_043_suppl_00000292#20,1,1,10,10,23
10,000016_044_00000085#0,1,1,10,10,83
10,000016_044_00000085#1,1,1,10,10,62
10,000016_044_00000085#3,1,1,10,10,17
10,000016_044_00000085#4,1,1,10,10,65
10,000016_044_00000085#7,1,1,10,10,67
10,000016_044_00000085#10,1,1,10,10,78
10,000016_044_00000169#1,1,1,10,10,37
10,000016_044_00000169#2,1,1,10,10,36
10,000016_044_00000169#3,1,1,10,10,16
10,000016_044_00000169#5,1,1,10,10,15
10,000016_044_00000169#6,1,1,8,10,59
10,000016_044_00000169#8,1,1,10,10,88
10,000016_044_00000169#16,1,1,10,10,73
10,000016_044_00000169#17,1,1,10,10,65
10,000017_011_00000297#3,1,1,10,10,12
10,000017_011_00000297#5,1,1,10,10,68
10,000017_011_00000297#9,1,1,10,10,26
10,000017_011_00000297#10,1,1,10,10,86
10,000017_011_00000297#11,1,1,10,10,59
10,000017_011_00000297#13,1,1,10,10,43
10,000017_012_00000135#2,1,1,10,10,36
10,000017_020_00000214#0,1,1,10,10,21
10,000017_020_00000214#2,1,1,10,10,27
10,000017_020_suppl_00000356#0,1,1,10,10,20
10,000017_020_suppl_00000356#2,1,1,10,10,20
10,000018_006_00000063#0,1,1,10,10,66
10,000019_030_00000072#1,1,1,10,10,23
10,000019_030_00000072#2,1,1,10,10,72
10,000019_030_00000072#3,1,1,10,10,54
10,000019_030_00000072#4,1,1,10,10,21
10,000019_030_00000072#5,1,1,10,10,10
10,000019_038_00000205#2,1,1,10,10,20
10,000019_038_00000205#3,1,1,10,10,25
10,000019_038_00000205#4,1,1,10,10,21
10,000019_038_00000205#5,1,1,10,10,36
10,000019_038_00000205#6,1,1,10,10,84
10,000019_038_00000205#7,1,1,10,10,70
10,000019_038_00000205#8,1,1,10,10,82
10,000019_041_00000141#2,1,1,10,10,24
10,000019_045_00000145#4,1,1,10,10,46
10,000019_045_00000145#5,1,1,10,10,42
10,000019_045_00000145#7,1,1,10,10,67
10,000020_010_00000089#1,1,1,10,10,60
10,000020_010_00000089#5,1,1,9,10,9
10,000020_010_00000089#6,1,1,10,10,20
10,000020_010_00000089#7,1,1,5,10,8
10,000020_014_00000193#2,1,1,10,10,63
10,000020_014_00000193#3,1,1,10,10,76
10,000020_014_00000193#5,1,1,10,10,54
10,000020_014_00000193#6,1,1,10,10,77
10,000020_018_00000093#0,1,1,10,10,16
10,000020_018_00000093#1,1,1,10,10,24
10,000020_018_00000093#2,1,1,10,10,81
10,000020_018_00000093#3,1,1,10,10,42
10,000021_020_00000131#2,1,1,10,10,76
10,000023_005_00000070#1,1,1,10,10,32
10,000023_005_00000070#2,1,1,10,10,87
10,000023_005_00000070#3,1,1,10,10,63
10,000023_005_00000070#4,1,1,10,10,63
10,000023_005_00000070#5,1,1,10,10,18
10,000023_005_00000070#6,1,1,10,10,23
10,000031#0,1,1,10,10,53
10,000031#1,1,1,10,10,15
10,000031#2,1,1,8,10,8
10,000031#3,1,1,10,10,15
10,000031#6,1,1,10,10,24
10,000031#8,1,1,10,10,53
10,000031#10,1,1,10,10,16
10,000031#11,1,1,10,10,21
10,000066#0,1,1,10,10,31
10,000066#1,1,1,10,10,15
10,000066#2,1,1,10,10,61
10,000066#3,1,1,10,10,39
10,000070#0,1,1,10,10,28
10,000070#1,1,1,10,10,18
10,000070#2,1,1,10,10,52
10,000070#3,1,1,10,10,67
10,000173#1,1,1,10,10,27
10,000303#2,1,1,10,10,67
10,000303#6,1,1,10,10,30
10,000303#7,1,1,10,10,16
10,000328#1,1,1,10,10,58
10,000328#3,1,1,10,10,65
10,000415#1,1,1,10,10,14
10,000415#2,1,1,9,10,9
10,000415#4,1,1,10,10,22
10,000415#5,1,1,10,10,24
10,000415#6,1,1,10,10,12
10,000415#8,1,1,10,10,10
10,000415#10,1,1,10,10,13
10,000415#11,1,1,10,10,12
10,000415#13,1,1,10,10,21
10,000415#14,1,1,10,10,13
10,000415#15,1,1,10,10,17
10,000415#16,1,1,7,10,8
10,000415#17,1,1,8,10,10
10,000415#19,1,1,10,10,37
10,000433#7,1,1,10,10,57
10,000437#0,1,1,10,10,67
10,000437#1,1,1,10,10,75
10,000437#2,1,1,10,10,26
10,000437#5,1,1,10,10,48
10,000484#2,1,1,10,10,37
10,000484#3,1,1,10,10,55
10,000500#0,1,1,10,10,14
10,000500#1,1,1,9,10,9
10,000500#2,1,1,10,10,15
10,000525#0,1,1,10,10,14
10,000525#1,1,1,10,10,30
10,000525#2,1,1,10,10,35
10,000561#0,1,1,10,10,70
10,000561#3,1,1,10,10,63
10,000561#4,1,1,10,10,38
10,000597#2,1,1,10,10,62
10,000597#3,1,1,8,10,29
10,000630#0,1,1,10,10,14
10,000680#5,1,1,10,10,69
10,000707#1,1,1,10,10,13
10,000707#2,1,1,10,10,18
10,000707#3,1,1,8,10,9
10,000707#4,1,1,10,10,25
10,000707#5,1,1,10,10,20
10,000735#1,1,1,10,10,11
10,000738#0,1,1,10,10,26
10,000738#2,1,1,9,10,9
10,000738#3,1,1,10,10,36
10,000756#4,1,1,10,10,34
10,000759#2,1,1,10,10,34
10,000780#0,1,1,10,10,22
10,000780#3,1,1,10,10,90
10,000783#0,1,1,10,10,45
10,000783#1,1,1,10,10,42
10,000783#3,1,1,10,10,38
10,000783#4,1,1,10,10,26
10,000808#1,1,1,10,10,21
10,000820#2,1,1,10,10,58
10,000820#3,1,1,10,10,45
10,000820#4,1,1,10,10,25
10,000820#5,1,1,10,10,27
10,000820#7,1,1,8,10,8
10,000889#5,1,1,10,10,84
10,000889#6,1,1,10,10,40
10,000889#7,1,1,10,10,14
10,000889#8,1,1,10,10,15
10,000889#9,1,1,10,10,22
10,000889#13,1,1,10,10,24
10,000889#14,1,1,10,10,69
10,000943#0,1,1,10,10,16
10,000943#1,1,1,10,10,14
10,000943#2,1,1,10,10,64
10,000943#3,1,1,6,10,7
10,000943#4,1,1,6,10,7
10,000943#6,1,1,9,10,18
10,000943#7,1,1,9,10,23
10,000952#0,1,1,10,10,22
10,001033#1,1,1,10,10,15
10,001033#2,1,1,10,10,31
10,001033#3,1,1,10,10,41
10,001033#9,1,1,10,10,25
10,001033#10,1,1,7,10,21
10,001035#0,1,1,10,10,19
10,001035#1,1,1,10,10,53
10,001035#2,1,1,10,10,76
10,001035#7,1,1,10,10,40
10,001035#9,1,1,10,10,22
10,001035#10,1,1,10,10,63
10,001114#5,1,1,10,10,47
10,001114#6,1,1,10,10,40
10,001114#7,1,1,10,10,12
10,001114#8,1,1,10,10,26
10,001114#10,1,1,10,10,17
10,001123#0,1,1,10,10,31
10,001123#1,1,1,10,10,76
10,001123#2,1,1,10,10,77
10,001123#4,1,1,10,10,64
10,001123#5,1,1,10,10,42
10,001123#6,1,1,10,10,79
10,001123#7,1,1,10,10,86
10,001123#8,1,1,7,10,36
10,001123#9,1,1,10,10,56
10,001123#10,1,1,10,10,62
10,001123#11,1,1,10,10,66
10,001123#12,1,1,10,10,79
10,001123#13,1,1,10,10,31
10,001123#18,1,1,9,10,9
10,001123#19,1,1,10,10,10
10,001123#20,1,1,10,10,49
10,001123#21,1,1,10,10,32
10,001123#22,1,1,10,10,33
10,001135#4,1,1,10,10,64
10,001135#6,1,1,10,10,72
10,001135#7,1,1,5,10,14
10,001157#4,1,1,10,10,14
10,001157#5,1,1,10,10,30
10,001157#8,1,1,10,10,77
10,001157#9,1,1,10,10,68
10,001202#3,1,1,10,10,72
10,001202#4,1,1,10,10,78
10,001202#8,1,1,10,10,23
10,001202#10,1,1,10,10,56
10,001202#11,1,1,10,10,57
10,001202#12,1,1,10,10,42
10,001257#0,1,1,10,10,46
10,001257#3,1,1,10,10,69
10,001257#6,1,1,10,10,27
10,001257#9,1,1,10,10,27
10,001257#10,1,1,10,10,46
10,001257#11,1,1,10,10,31
10,001276#3,1,1,10,10,58
10,001276#7,1,1,10,10,30
10,001276#9,1,1,10,10,54
10,001276#10,1,1,10,10,27
10,001276#11,1,1,10,10,31
10,001276#12,1,1,10,10,25
10,001276#13,1,1,10,10,35
10,001276#14,1,1,10,10,50
10,001276#15,1,1,10,10,25
10,001295#0,1,1,10,10,30
10,001295#1,1,1,10,10,52
10,001295#3,1,1,10,10,10
10,001295#10,1,1,10,10,55
10,001295#11,1,1,10,10,24
10,001295#12,1,1,10,10,17
10,001295#13,1,1,10,10,28
10,001295#14,1,1,10,10,36
10,001295#15,1,1,10,10,24
10,001295#17,1,1,10,10,19
10,001295#18,1,1,10,10,15
10,001295#19,1,1,10,10,17
10,001295#20,1,1,10,10,16
10,001295#21,1,1,10,10,22
10,001295#22,1,1,10,10,26
10,001295#24,1,1,10,10,26
10,001295#26,1,1,9,10,9
10,001409#0,1,1,10,10,39
10,001409#1,1,1,10,10,43
10,001415#0,1,1,10,10,42
10,001415#1,1,1,10,10,44
10,001415#2,1,1,10,10,41
10,001415#3,1,1,10,10,53
10,001443#3,1,1,10,10,53
10,001443#4,1,1,10,10,73
10,001443#6,1,1,10,10,66
10,001443#7,1,1,10,10,67
10,001443#9,1,1,10,10,27
10,001443#10,1,1,10,10,46
10,001461#2,1,1,10,10,28
10,001461#3,1,1,10,10,42
10,001461#4,1,1,10,10,64
10,001461#5,1,1,10,10,36
10,001531#1,1,1,10,10,16
10,001531#2,1,1,10,10,11
10,001531#6,1,1,10,10,28
10,001531#8,1,1,10,10,11
10,001531#10,1,1,10,10,43
10,001558#4,1,1,10,10,31
10,001683#1,1,1,10,10,83
10,001683#6,1,1,10,10,36
10,001683#7,1,1,10,10,46
10,001683#8,1,1,10,10,50
10,001694#1,1,1,10,10,28
10,001694#2,1,1,10,10,64
10,001694#7,1,1,10,10,62
10,001694#8,1,1,10,10,36
10,001694#9,1,1,10,10,50
10,001694#10,1,1,10,10,27
10,001694#11,1,1,10,10,28
10,001694#12,1,1,10,10,22
10,001694#13,1,1,10,10,27
10,001694#14,1,1,10,10,31
10,001707#1,1,1,10,10,22
10,001707#2,1,1,10,10,68
10,001707#7,1,1,10,10,62
10,001707#8,1,1,10,10,36
10,001707#9,1,1,10,10,31
10,001707#10,1,1,10,10,34
10,001707#11,1,1,10,10,57
10,001707#12,1,1,10,10,19
10,001712#1,1,1,10,10,72
10,001712#6,1,1,10,10,58
10,001712#7,1,1,10,10,16
10,001712#8,1,1,10,10,36
10,001712#9,1,1,10,10,55
10,001712#10,1,1,10,10,25
10,001712#11,1,1,10,10,23
10,001712#12,1,1,10,10,27
10,001724#1,1,1,10,10,11
10,001724#3,1,1,10,10,56
10,001724#7,1,1,10,10,84
10,001724#8,1,1,10,10,34
10,001724#9,1,1,10,10,30
10,001724#10,1,1,10,10,27
10,001724#11,1,1,10,10,34
10,001724#12,1,1,10,10,38
10,001737#3,1,1,10,10,54
10,001737#7,1,1,10,10,76
10,001737#8,1,1,8,10,8
10,001737#9,1,1,10,10,15
10,001737#10,1,1,10,10,36
10,001737#11,1,1,10,10,30
10,001737#12,1,1,10,10,38
10,001737#13,1,1,10,10,30
10,001742#0,1,1,10,10,41
10,001763#0,1,1,10,10,25
10,001785#0,1,1,10,10,50
10,001785#1,1,1,10,10,51
10,001785#2,1,1,10,10,80
10,001851#0,1,1,10,10,48
10,001851#8,1,1,10,10,25
10,001851#9,1,1,10,10,27
10,001851#10,1,1,10,10,31
10,001851#11,1,1,10,10,25
10,001851#12,1,1,10,10,27
10,001851#13,1,1,10,10,50
10,001851#14,1,1,10,10,27
10,001862#0,1,1,10,10,48
10,001862#8,1,1,10,10,21
10,001862#9,1,1,10,10,27
10,001862#10,1,1,10,10,54
10,001862#11,1,1,10,10,21
10,001862#12,1,1,10,10,20
10,001862#13,1,1,10,10,32
10,001862#14,1,1,10,10,29
10,001862#15,1,1,10,10,37
10,001873#0,1,1,10,10,48
10,001873#4,1,1,10,10,73
10,001873#8,1,1,10,10,26
10,001873#9,1,1,10,10,50
10,001873#10,1,1,10,10,14
10,001873#11,1,1,10,10,27
10,001873#12,1,1,10,10,26
10,001873#13,1,1,10,10,27
10,001881#0,1,1,10,10,48
10,001881#4,1,1,10,10,73
10,001881#8,1,1,10,10,25
10,001881#9,1,1,10,10,54
10,001881#10,1,1,10,10,22
10,001884#0,1,1,10,10,52
10,001884#4,1,1,10,10,73
10,001884#8,1,1,10,10,21
10,001884#9,1,1,10,10,57
10,001884#10,1,1,10,10,25
10,001884#11,1,1,10,10,23
10,001884#12,1,1,10,10,20
10,001884#13,1,1,10,10,17
10,001884#14,1,1,10,10,27
10,001898#0,1,1,10,10,52
10,001898#4,1,1,10,10,74
10,001898#7,1,1,10,10,22
10,001898#8,1,1,10,10,20
10,001898#9,1,1,10,10,21
10,001898#10,1,1,10,10,24
10,001898#11,1,1,10,10,36
10,001898#12,1,1,10,10,55
10,001898#13,1,1,10,10,27
10,001898#14,1,1,10,10,24
10,001970#1,1,1,10,10,73
10,001970#3,1,1,10,10,36
10,001970#7,1,1,10,10,65
10,001970#8,1,1,10,10,26
10,001970#9,1,1,10,10,41
10,001970#10,1,1,10,10,27
10,002048#2,1,1,10,10,68
10,002048#3,1,1,10,10,53
10,002048#4,1,1,10,10,76
10,002048#7,1,1,10,10,37
10,002048#8,1,1,10,10,19
10,002048#9,1,1,10,10,40
10,002048#10,1,1,10,10,41
10,002097#3,1,1,10,10,67
10,002097#4,1,1,10,10,75
10,002097#7,1,1,10,10,22
10,002097#8,1,1,10,10,29
10,002097#9,1,1,10,10,32
10,002097#10,1,1,10,10,32
10,002102#0,1,1,10,10,63
10,002102#1,1,1,10,10,67
10,002102#2,1,1,10,10,64
10,002102#3,1,1,10,10,55
10,002102#4,1,1,10,10,59
10,002102#5,1,1,10,10,40
10,002102#6,1,1,10,10,56
10,002102#7,1,1,10,10,56
10,002102#8,1,1,10,10,50
10,002156#0,1,1,10,10,40
10,002156#1,1,1,10,10,28
10,002156#2,1,1,10,10,38
10,002156#3,1,1,10,10,59
10,002156#4,1,1,10,10,81
10,002156#7,1,1,10,10,46
10,002156#8,1,1,10,10,34
10,002156#9,1,1,10,10,53
10,002207#0,1,1,10,10,11
10,002207#1,1,1,10,10,49
10,002235#3,1,1,10,10,36
10,002235#5,1,1,10,10,55
10,002235#6,1,1,3,10,17
10,002235#7,1,1,10,10,27
10,002235#10,1,1,10,10,10
10,002265#3,1,1,10,10,15
10,002265#4,1,1,10,10,13
10,002276#0,1,1,10,10,41
10,002276#1,1,1,10,10,18
10,002276#2,1,1,10,10,32
10,002276#3,1,1,10,10,53
10,002276#6,1,1,10,10,46
10,002331#2,1,1,10,10,49
10,002331#3,1,1,10,10,37
10,002331#4,1,1,10,10,75
10,002331#16,1,1,10,10,14
10,002331#18,1,1,8,10,21
10,002334#1,1,1,10,10,11
10,002334#8,1,1,10,10,56
10,002334#9,1,1,10,10,18
10,002338#0,1,1,10,10,62
10,002338#1,1,1,10,10,70
10,002338#4,1,1,10,10,73
10,002338#5,1,1,10,10,44
10,002357#0,1,1,10,10,23
10,002357#1,1,1,10,10,35
10,002357#2,1,1,10,10,72
10,002357#3,1,1,10,10,43
10,002359#0,1,1,10,10,29
10,002359#1,1,1,10,10,43
10,002359#2,1,1,10,10,45
10,002359#3,1,1,10,10,27
10,002378#0,1,1,10,10,34
10,002378#1,1,1,10,10,11
10,002378#3,1,1,10,10,66
10,002378#5,1,1,10,10,73
10,002378#6,1,1,10,10,19
10,002380#2,1,1,10,10,77
10,002380#3,1,1,10,10,55
10,002380#4,1,1,10,10,19
10,002380#5,1,1,8,10,8
10,002380#6,1,1,10,10,45
10,002380#7,1,1,10,10,14
10,002380#8,1,1,10,10,15
10,002380#9,1,1,10,10,25
10,002413#0,1,1,10,10,23
10,002517#1,1,1,10,10,48
10,002517#2,1,1,10,10,16
10,002517#4,1,1,10,10,23
10,002517#5,1,1,10,10,76
10,002584#4,1,1,8,10,11
10,002584#6,1,1,10,10,11
10,002625#6,1,1,10,10,17
10,002625#8,1,1,10,10,26
10,002625#10,1,1,10,10,27
10,002625#13,1,1,10,10,22
10,002625#14,1,1,10,10,73
10,002625#18,1,1,10,10,29
10,002625#19,1,1,10,10,13
10,002625#20,1,1,10,10,70
10,002625#21,1,1,10,10,82
10,002625#22,1,1,10,10,36
10,002625#23,1,1,10,10,34
10,002625#24,1,1,10,10,65
10,002625#25,1,1,10,10,11
10,002625#26,1,1,10,10,48
10,002625#27,1,1,3,10,25
10,002625#28,1,1,10,10,37
10,002625#29,1,1,10,10,63
10,002625#30,1,1,10,10,23
10,002625#31,1,1,10,10,34
10,002625#32,1,1,10,10,45
10,002625#33,1,1,10,10,12
10,002627#5,1,1,10,10,20
10,002627#7,1,1,10,10,17
10,002627#11,1,1,10,10,74
10,002627#12,1,1,10,10,32
10,002627#15,1,1,10,10,69
10,002627#17,1,1,10,10,73
10,002627#18,1,1,10,10,74
10,002627#19,1,1,10,10,18
10,002627#22,1,1,10,10,87
10,002627#23,1,1,10,10,71
10,002627#26,1,1,10,10,80
10,002627#27,1,1,10,10,81
10,002627#28,1,1,10,10,48
10,002627#30,1,1,10,10,39
10,002627#31,1,1,10,10,50
10,002627#32,1,1,10,10,55
10,002671#7,1,1,10,10,51
10,002671#9,1,1,10,10,25
10,002671#11,1,1,10,10,39
10,002671#12,1,1,10,10,63
10,002671#13,1,1,10,10,45
10,002671#14,1,1,10,10,30
10,002671#15,1,1,10,10,30
10,002671#16,1,1,10,10,18
10,002671#17,1,1,10,10,45
10,002671#18,1,1,10,10,18
10,002671#19,1,1,10,10,57
10,002671#20,1,1,10,10,46
10,002671#21,1,1,10,10,23
10,002671#22,1,1,10,10,23
10,002671#23,1,1,10,10,46
10,002671#24,1,1,10,10,59
10,002677#0,1,1,10,10,63
10,002677#1,1,1,10,10,40
10,002677#16,1,1,10,10,14
10,002677#17,1,1,10,10,24
10,002677#18,1,1,10,10,76
10,002707#11,1,1,10,10,22
10,002707#12,1,1,10,10,25
10,002707#13,1,1,10,10,62
10,002750#1,1,1,10,10,15
10,002750#4,1,1,10,10,42
10,002750#12,1,1,9,10,13
10,002750#13,1,1,10,10,12
10,002750#14,1,1,10,10,10
10,002750#16,1,1,8,10,8
10,002750#18,1,1,10,10,14
10,002750#19,1,1,10,10,22
10,002750#20,1,1,10,10,28
10,002750#21,1,1,10,10,28
10,002750#22,1,1,10,10,53
10,002750#23,1,1,10,10,25
10,002750#25,1,1,10,10,51
10,002762#1,1,1,10,10,17
10,002839#1,1,1,10,10,21
10,002839#2,1,1,10,10,25
10,002839#3,1,1,10,10,48
10,002839#4,1,1,10,10,31
10,002842#3,1,1,10,10,25
10,002842#4,1,1,10,10,21
10,002844#1,1,1,10,10,42
10,002844#2,1,1,10,10,21
10,002844#3,1,1,10,10,38
10,002935#0,1,1,10,10,17
10,002935#1,1,1,7,10,13
10,002955#0,1,1,10,10,72
10,002955#1,1,1,10,10,47
10,002955#4,1,1,10,10,32
10,002955#5,1,1,10,10,21
10,002955#6,1,1,10,10,37
10,002955#7,1,1,10,10,68
10,002955#8,1,1,10,10,61
10,002955#9,1,1,10,10,11
10,002955#10,1,1,10,10,42
10,002955#11,1,1,10,10,42
10,002955#12,1,1,10,10,57
10,002955#13,1,1,10,10,67
10,002955#14,1,1,10,10,73
10,002955#16,1,1,10,10,49
10,002955#17,1,1,10,10,81
10,002955#20,1,1,10,10,15
10,002955#23,1,1,10,10,29
10,002955#24,1,1,7,10,7
10,002987#0,1,1,10,10,16
10,002987#1,1,1,9,10,9
10,002987#2,1,1,10,10,23
10,002987#3,1,1,10,10,14
10,002987#4,1,1,10,10,34
10,002987#6,1,1,10,10,64
10,002987#7,1,1,10,10,73
10,002987#8,1,1,10,10,28
10,002987#9,1,1,10,10,14
10,002987#10,1,1,10,10,15
10,002987#11,1,1,10,10,15
10,002987#12,1,1,8,10,8
10,002987#13,1,1,10,10,34
10,002987#14,1,1,10,10,20
10,002987#15,1,1,10,10,37
10,003007#6,1,1,8,10,9
10,003007#8,1,1,10,10,41
10,003007#9,1,1,10,10,24
10,003013#6,1,1,10,10,20
10,003017#4,1,1,10,10,12
10,003026#4,1,1,9,10,17
10,003056#1,1,1,10,10,24
10,003056#2,1,1,10,10,15
10,003056#3,1,1,10,10,15
10,003056#4,1,1,10,10,11
10,003056#7,1,1,10,10,38
10,003056#8,1,1,9,10,9
10,003056#9,1,1,10,10,27
10,003056#10,1,1,10,10,18
10,003056#11,1,1,10,10,61
10,003148#0,1,1,10,10,61
10,003148#2,1,1,10,10,63
10,003148#3,1,1,10,10,42
10,003148#6,1,1,10,10,47
10,003148#7,1,1,7,10,8
10,003148#8,1,1,7,10,8
10,003160#0,1,1,10,10,42
10,003160#1,1,1,10,10,28
10,003160#2,1,1,9,10,31
10,003160#3,1,1,10,10,27
10,003160#4,1,1,9,10,31
10,003160#5,1,1,10,10,84
10,003160#7,1,1,10,10,37
10,003160#8,1,1,10,10,69
10,003160#9,1,1,10,10,19
10,003160#11,1,1,10,10,78
10,003160#13,1,1,10,10,37
10,003160#14,1,1,10,10,11
10,003160#15,1,1,10,10,55
10,003160#17,1,1,10,10,43
10,003160#18,1,1,10,10,72
10,003160#19,1,1,10,10,26
10,003160#20,1,1,10,10,18
10,003160#21,1,1,10,10,46
10,003198#1,1,1,10,10,64
10,003198#4,1,1,10,10,42
10,003257#5,1,1,10,10,58
10,003262#0,1,1,10,10,28
10,003262#1,1,1,8,10,31
10,003262#4,1,1,10,10,27
10,003262#14,1,1,10,10,10
10,003262#16,1,1,9,10,10
10,003262#17,1,1,10,10,14
10,003262#21,1,1,9,10,16
10,003262#23,1,1,10,10,22
10,003262#24,1,1,10,10,18
10,003262#28,1,1,10,10,50
10,003262#29,1,1,5,10,7
10,003262#30,1,1,10,10,73
10,003273#1,1,1,10,10,73
10,003273#3,1,1,10,10,68
10,003273#4,1,1,10,10,45
10,003273#5,1,1,10,10,12
10,003273#6,1,1,10,10,87
10,003273#8,1,1,10,10,35
10,003273#9,1,1,10,10,19
10,003273#10,1,1,10,10,42
10,003273#11,1,1,10,10,17
10,003273#13,1,1,10,10,20
10,003288#0,1,1,10,10,74
10,003288#3,1,1,10,10,37
10,003288#4,1,1,10,10,27
10,003288#5,1,1,10,10,20
10,003288#6,1,1,10,10,20
10,003288#7,1,1,10,10,16
10,003288#8,1,1,10,10,14
10,003288#9,1,1,10,10,16
10,003288#10,1,1,10,10,18
10,003288#11,1,1,10,10,14
10,003288#12,1,1,10,10,27
10,003288#13,1,1,10,10,33
10,003288#14,1,1,9,10,13
10,003288#16,1,1,10,10,21
10,003288#18,1,1,10,10,69
10,003304#0,1,1,10,10,42
10,003304#1,1,1,10,10,36
10,003304#2,1,1,10,10,14
10,003304#3,1,1,10,10,48
10,003304#4,1,1,10,10,20
10,003304#8,1,1,10,10,25
10,003304#9,1,1,10,10,41
10,003304#11,1,1,10,10,42
10,003304#12,1,1,10,10,30
10,003304#13,1,1,10,10,13
10,003317#1,1,1,10,10,29
10,003317#2,1,1,9,10,26
10,003317#3,1,1,10,10,29
10,003317#5,1,1,10,10,50
10,003317#6,1,1,10,10,23
10,003317#7,1,1,10,10,27
10,003317#8,1,1,10,10,49
10,003317#9,1,1,10,10,30
10,003317#12,1,1,10,10,12
10,003317#14,1,1,7,10,55
10,003317#15,1,1,10,10,70
10,003317#16,1,1,10,10,43
10,003348#0,1,1,10,10,30
10,003353#0,1,1,10,10,14
10,003408#1,1,1,10,10,22
10,003411#0,1,1,10,10,41
10,003411#1,1,1,10,10,52
10,003411#2,1,1,10,10,57
10,003411#3,1,1,10,10,50
10,003419#0,1,1,10,10,84
10,003419#5,1,1,10,10,22
10,003419#13,1,1,9,10,24
10,003419#14,1,1,10,10,30
10,003419#17,1,1,10,10,30
10,003419#18,1,1,10,10,34
10,003419#19,1,1,10,10,18
10,003419#21,1,1,10,10,36
10,003425#5,1,1,10,10,17
10,003425#6,1,1,9,10,13
10,003425#7,1,1,10,10,11
10,003425#10,1,1,10,10,18
10,003425#12,1,1,10,10,44
10,003425#13,1,1,10,10,46
10,003460#0,1,1,10,10,26
10,003460#1,1,1,10,10,64
10,003460#3,1,1,10,10,80
10,003460#5,1,1,10,10,25
10,003460#6,1,1,10,10,73
10,003472#0,1,1,10,10,31
10,003472#1,1,1,10,10,68
10,003472#2,1,1,10,10,20
10,003472#3,1,1,10,10,71
10,003475#1,1,1,10,10,41
10,003475#2,1,1,10,10,22
10,003475#3,1,1,10,10,51
10,003475#5,1,1,10,10,46
10,003475#6,1,1,10,10,70
10,003475#10,1,1,10,10,21
10,003475#11,1,1,10,10,31
10,003487#0,1,1,10,10,53
10,003487#2,1,1,10,10,62
10,003489#0,1,1,10,10,24
10,003489#2,1,1,10,10,31
10,003489#3,1,1,10,10,55
10,003489#4,1,1,10,10,25
10,003489#5,1,1,10,10,35
10,003489#9,1,1,10,10,26
10,003489#14,1,1,10,10,37
10,003526#0,1,1,10,10,18
10,003526#3,1,1,10,10,13
10,003532#0,1,1,10,10,18
10,003532#1,1,1,10,10,42
10,003546#0,1,1,10,10,27
10,003546#1,1,1,10,10,28
10,003546#2,1,1,10,10,37
10,003592#0,1,1,10,10,23
10,003592#1,1,1,10,10,23
10,003592#2,1,1,10,10,31
10,003592#3,1,1,10,10,20
10,003595#3,1,1,10,10,27
10,003595#4,1,1,10,10,30
10,003595#5,1,1,10,10,21
10,003595#6,1,1,10,10,46
10,003603#3,1,1,10,10,32
10,003653#3,1,1,10,10,15
10,003653#5,1,1,10,10,20
10,003653#6,1,1,10,10,18
10,003653#7,1,1,10,10,14
10,003653#8,1,1,10,10,11
10,003653#9,1,1,10,10,12
10,003653#11,1,1,10,10,36
10,003653#12,1,1,10,10,51
10,003653#14,1,1,8,10,8
10,003653#16,1,1,9,10,9
10,003653#17,1,1,10,10,26
10,003653#18,1,1,8,10,8
10,003679#4,1,1,10,10,50
10,003679#5,1,1,10,10,27
10,003679#7,1,1,10,10,25
10,003679#8,1,1,10,10,32
10,003703#0,1,1,10,10,50
10,003739#0,1,1,10,10,30
10,003739#1,1,1,10,10,35
10,003739#2,1,1,10,10,17
10,003739#3,1,1,10,10,11
10,003739#5,1,1,10,10,16
10,003739#6,1,1,8,10,12
10,003739#7,1,1,10,10,26
10,003739#8,1,1,10,10,16
10,003757#0,1,1,10,10,76
10,003757#7,1,1,10,10,27
10,003757#8,1,1,9,10,10
10,003757#10,1,1,10,10,21
10,003757#14,1,1,10,10,13
10,003757#15,1,1,10,10,15
10,003757#16,1,1,8,10,11
10,003769#0,1,1,10,10,56
10,003838#0,1,1,10,10,72
10,003863#1,1,1,10,10,21
10,003863#3,1,1,10,10,17
10,003863#5,1,1,10,10,33
10,003863#7,1,1,10,10,24
10,003863#9,1,1,10,10,13
10,003863#10,1,1,10,10,12
10,003863#11,1,1,10,10,18
10,003895#2,1,1,10,10,55
10,003896#0,1,1,10,10,43
10,003896#1,1,1,10,10,19
10,003902#0,1,1,10,10,41
10,003902#1,1,1,10,10,15
10,003902#3,1,1,10,10,18
10,003902#4,1,1,10,10,30
10,003902#5,1,1,10,10,18
10,003902#6,1,1,10,10,41
10,003904#0,1,1,10,10,33
10,003904#1,1,1,10,10,19
10,003941#0,1,1,10,10,27
10,003941#1,1,1,10,10,17
10,003941#3,1,1,10,10,12
10,003941#5,1,1,10,10,25
10,003941#7,1,1,10,10,20
10,003941#8,1,1,10,10,26
10,003941#10,1,1,10,10,17
10,003941#11,1,1,10,10,26
10,003941#12,1,1,10,10,17
10,003941#13,1,1,10,10,20
10,003941#14,1,1,10,10,18
10,003941#15,1,1,10,10,22
10,003941#16,1,1,10,10,69
10,003941#20,1,1,8,10,10
10,003941#21,1,1,10,10,25
10,003941#22,1,1,10,10,13
10,003941#24,1,1,10,10,37
10,003941#25,1,1,10,10,18
10,003941#26,1,1,10,10,21
10,003941#27,1,1,10,10,18
10,003941#29,1,1,10,10,17
10,003941#30,1,1,10,10,34
10,003982#5,1,1,10,10,26
10,003982#6,1,1,10,10,15
10,003982#8,1,1,10,10,13
10,003982#11,1,1,10,10,19
10,003982#14,1,1,10,10,29
10,003982#19,1,1,6,10,9
10,003982#20,1,1,6,10,10
10,003982#23,1,1,10,10,25
10,003982#24,1,1,10,10,10
10,003982#30,1,1,10,10,12
10,003982#32,1,1,8,10,14
10,003982#34,1,1,10,10,11
10,003982#36,1,1,10,10,46
10,003982#41,1,1,10,10,10
10,003982#42,1,1,10,10,11
10,003982#43,1,1,10,10,13
10,003982#47,1,1,10,10,57
10,003982#48,1,1,10,10,16
10,003982#49,1,1,10,10,69
10,003982#50,1,1,10,10,34
10,003982#53,1,1,7,10,10
10,003982#57,1,1,10,10,18
10,003982#58,1,1,10,10,18
10,003982#60,1,1,10,10,16
10,003982#61,1,1,10,10,15
10,003982#62,1,1,10,10,17
10,003987#5,1,1,10,10,32
10,003987#6,1,1,10,10,28
10,003987#10,1,1,10,10,66
10,003987#11,1,1,10,10,71
10,003987#15,1,1,10,10,33
10,003987#16,1,1,10,10,42
10,003987#23,1,1,9,10,11
10,003987#27,1,1,10,10,11
10,003987#35,1,1,10,10,26
10,003987#38,1,1,10,10,19
10,003987#39,1,1,10,10,17
10,003987#40,1,1,10,10,16
10,003987#41,1,1,10,10,13
10,003987#43,1,1,10,10,10
10,003987#46,1,1,8,10,8
10,003987#47,1,1,10,10,15
10,003987#49,1,1,10,10,12
10,003987#50,1,1,10,10,15
10,003987#51,1,1,10,10,15
10,003987#52,1,1,10,10,10
10,003987#53,1,1,10,10,19
10,003987#55,1,1,10,10,31
10,hehe_173_000002_024_00000105#2,1,1,1,10,11
10,hehe_173_000002_024_00000105#4,1,1,6,10,11
10,hehe_173_000002_024_00000105#6,1,1,10,10,23
10,hehe_173_000002_024_00000105#7,1,1,10,10,15
10,hehe_173_000002_024_00000105#9,1,1,10,10,31
10,hehe_173_000002_024_00000105#10,1,1,10,10,25
10,hehe_173_000002_024_00000105#11,1,1,10,10,11
10,hehe_173_000002_024_00000105#13,1,1,10,10,31
10,hehe_173_000002_024_00000105#15,1,1,10,10,76
10,hehe_186_000002_028_00000050#1,1,1,10,10,77
10,hehe_22_00000004#0,1,1,10,10,29
10,hehe_22_00000004#2,1,1,10,10,23
10,hehe_22_00000004#4,1,1,10,10,69
10,hehe_22_00000004#6,1,1,10,10,57
10,hehe_22_00000004#7,1,1,10,10,70
10,hehe_22_00000004#9,1,1,10,10,11
10,hehe_230_000002_043_00000061#1,1,1,10,10,69
10,hehe_230_000002_043_00000061#6,1,1,10,10,62
10,hehe_230_000002_043_00000061#7,1,1,10,10,58
10,hehe_230_000002_043_00000061#10,1,1,10,10,31
10,hehe_230_000002_043_00000061#11,1,1,10,10,37
10,hehe_230_000002_043_00000061#13,1,1,10,10,19
10,hehe_230_000002_043_00000061#14,1,1,8,10,12
10,hehe_232_000002_043_00000181#0,1,1,8,10,8
10,hehe_232_000002_043_00000181#1,1,1,10,10,22
10,hehe_232_000002_043_00000181#2,1,1,10,10,57
10,hehe_232_000002_043_00000181#3,1,1,10,10,36
10,hehe_232_000002_043_00000181#8,1,1,10,10,57
10,hehe_274_000002_060_00000105#1,1,1,10,10,67
10,hehe_274_000002_060_00000105#5,1,1,10,10,28
10,hehe_274_000002_060_00000105#6,1,1,10,10,11
10,hehe_40_00000033#1,1,1,10,10,26
10,hehe_40_00000033#2,1,1,7,10,46
10,hehe_40_00000033#3,1,1,4,10,40
10,hehe_40_00000033#5,1,1,10,10,40
10,hehe_45_00000001#2,1,1,10,10,42
10,hehe_45_00000001#4,1,1,10,10,28
10,hehe_45_00000001#5,1,1,10,10,49
10,hehe_45_00000001#6,1,1,10,10,40
10,hehe_45_00000001#7,1,1,10,10,60
10,hehe_45_00000001#8,1,1,10,10,34
10,hehe_45_00000001#9,1,1,10,10,46
10,hehe_52_00000107#0,1,1,10,10,19
10,hehe_52_00000107#1,1,1,8,10,8
10,hehe_61_00000090#2,1,1,10,10,76
10,hehe_61_00000090#3,1,1,10,10,39
10,hehe_61_00000090#4,1,1,10,10,20
10,hehe_61_00000090#9,1,1,10,10,64
10,hehe_61_00000090#10,1,1,10,10,50
10,hehe_61_00000090#11,1,1,10,10,84
10,hehe_65_00000229#2,1,1,10,10,59
10,hehe_65_00000229#3,1,1,10,10,32
10,hehe_65_00000229#4,1,1,10,10,30
10,hehe_65_00000229#6,1,1,10,10,16
10,hehe_65_00000229#7,1,1,10,10,21
10,hehe_6_00000054#0,1,1,10,10,12
10,hehe_6_00000054#2,1,1,10,10,35
10,hehe_6_00000054#3,1,1,10,10,32
10,hehe_6_00000054#4,1,1,10,10,27
10,hehe_6_00000054#6,1,1,10,10,76
10,hehe_6_00000054#13,1,1,9,10,74
10,hehe_6_00000054#16,1,1,10,10,32
10,hehe_6_00000054#17,1,1,10,10,38
10,hehe_86_00000253#0,1,1,10,10,45
10,hehe_86_00000253#3,1,1,10,10,58
10,hehe_87_00000315#1,1,1,10,10,39
10,hehe_87_00000315#2,1,1,10,10,40
10,hehe_87_00000315#3,1,1,10,10,33
10,hehe_87_00000315#4,1,1,10,10,20
10,hehe_87_00000315#5,1,1,10,10,30
10,hehe_87_00000315#6,1,1,10,10,14
10,shuming_1007_00000230#0,1,1,10,10,38
10,shuming_1007_00000230#3,1,1,10,10,43
10,shuming_1007_00000230#4,1,1,8,10,36
10,shuming_1007_00000230#5,1,1,10,10,46
10,shuming_1007_00000230#7,1,1,10,10,63
10,shuming_1007_00000230#10,1,1,10,10,62
10,shuming_1007_00000230#11,1,1,10,10,39
10,shuming_1007_00000230#12,1,1,10,10,34
10,shuming_1007_00000230#13,1,1,10,10,10
10,shuming_1007_00000230#14,1,1,6,10,7
10,shuming_1007_00000230#15,1,1,10,10,79
10,shuming_1007_00000230#16,1,1,10,10,47
10,shuming_1007_00000230#17,1,1,9,10,19
10,shuming_1007_00000230#18,1,1,10,10,13
10,shuming_1007_00000230#20,1,1,10,10,20
10,shuming_1007_00000230#21,1,1,10,10,69
10,shuming_1007_00000230#22,1,1,10,10,27
10,shuming_1007_00000230#23,1,1,10,10,22
10,shuming_1013_00000065#0,1,1,10,10,87
10,shuming_1013_00000065#1,1,1,10,10,41
10,shuming_1013_00000065#3,1,1,10,10,26
10,shuming_1028_00000411#3,1,1,10,10,55
10,shuming_1028_00000411#4,1,1,10,10,10
10,shuming_1028_00000411#5,1,1,10,10,15
10,shuming_1064_00000087#0,1,1,10,10,34
10,shuming_1064_00000087#1,1,1,10,10,55
10,shuming_1064_00000087#2,1,1,10,10,56
10,shuming_1064_00000087#3,1,1,10,10,72
10,shuming_1064_00000087#4,1,1,10,10,69
10,shuming_1064_00000087#6,1,1,10,10,26
10,shuming_1064_00000087#7,1,1,10,10,54
10,shuming_1064_00000087#8,1,1,10,10,86
10,shuming_1076_00000257#1,1,1,10,10,31
10,shuming_1076_00000257#2,1,1,10,10,29
10,shuming_1076_00000257#3,1,1,10,10,20
10,shuming_1076_00000257#4,1,1,10,10,19
10,shuming_1076_00000257#5,1,1,10,10,23
10,shuming_1079_00000233#3,1,1,10,10,18
10,shuming_1079_00000233#4,1,1,10,10,12
10,shuming_1079_00000233#6,1,1,10,10,35
10,shuming_1080_00000016#0,1,1,10,10,72
10,shuming_1080_00000016#4,1,1,10,10,10
10,shuming_1132_00000385#2,1,1,10,10,29
10,shuming_1132_00000385#3,1,1,9,10,32
10,shuming_1132_00000385#4,1,1,10,10,25
10,shuming_1135_00000213#0,1,1,10,10,76
10,shuming_1148_00000041#0,1,1,10,10,74
10,shuming_1157_00000010#0,1,1,10,10,72
10,shuming_1157_00000010#1,1,1,10,10,32
10,shuming_1157_00000010#2,1,1,10,10,18
10,shuming_1180_00000231#3,1,1,10,10,49
10,shuming_24_00000001#0,1,1,10,10,40
10,shuming_24_00000001#1,1,1,10,10,62
10,shuming_340_00000020#1,1,1,10,10,21
10,shuming_340_00000020#19,1,1,10,10,11
10,shuming_340_00000020#22,1,1,7,10,7
10,shuming_340_00000020#23,1,1,10,10,12
10,shuming_340_00000020#26,1,1,9,10,9
10,shuming_340_00000020#30,1,1,9,10,9
10,shuming_340_00000020#31,1,1,10,10,12
10,shuming_340_00000020#38,1,1,10,10,10
10,shuming_35_00000199#0,1,1,10,10,73
10,shuming_35_00000199#3,1,1,10,10,36
10,shuming_35_00000199#4,1,1,10,10,26
10,shuming_35_00000199#5,1,1,5,10,87
10,shuming_35_00000199#6,1,1,10,10,18
10,shuming_35_00000199#8,1,1,10,10,14
10,shuming_35_00000199#9,1,1,8,10,8
10,shuming_35_00000199#11,1,1,10,10,39
10,shuming_410_00000037#0,1,1,6,10,7
10,shuming_410_00000037#9,1,1,10,10,45
10,shuming_461_00000082#0,1,1,10,10,53
10,shuming_461_00000082#2,1,1,10,10,42
10,shuming_461_00000082#3,1,1,10,10,31
10,shuming_461_00000082#4,1,1,10,10,14
10,shuming_461_00000082#5,1,1,10,10,11
10,shuming_465_00000030#0,1,1,10,10,10
10,shuming_465_00000030#2,1,1,10,10,56
10,shuming_465_00000030#3,1,1,10,10,15
10,shuming_470_00000057#3,1,1,10,10,43
10,shuming_470_00000057#4,1,1,10,10,23
10,shuming_482_00000018#3,1,1,10,10,53
10,shuming_482_00000018#4,1,1,10,10,44
10,shuming_482_00000018#5,1,1,10,10,62
10,shuming_485_00000027#3,1,1,10,10,16
10,shuming_485_00000027#4,1,1,10,10,52
10,shuming_503_00000052#0,1,1,10,10,32
10,shuming_503_00000052#1,1,1,10,10,26
10,shuming_562_00000223#2,1,1,10,10,76
10,shuming_571_00000215#0,1,1,10,10,56
10,shuming_571_00000215#1,1,1,10,10,46
10,shuming_574_00000017#0,1,1,10,10,63
10,shuming_608_00000031#1,1,1,10,10,19
10,shuming_608_00000031#2,1,1,10,10,30
10,shuming_608_00000031#3,1,1,10,10,35
10,shuming_608_00000031#4,1,1,10,10,11
10,shuming_610_00000148#0,1,1,10,10,50
10,shuming_63_00000393#3,1,1,10,10,15
10,shuming_63_00000393#4,1,1,10,10,17
10,shuming_63_00000393#5,1,1,8,10,9
10,shuming_63_00000393#6,1,1,10,10,23
10,shuming_63_00000393#7,1,1,10,10,21
10,shuming_63_00000393#8,1,1,10,10,23
10,shuming_63_00000393#9,1,1,10,10,20
10,shuming_663_00000328#2,1,1,10,10,50
10,shuming_663_00000328#3,1,1,10,10,40
10,shuming_67_00000001#1,1,1,10,10,55
10,shuming_67_00000001#2,1,1,10,10,18
10,shuming_698_00000001#0,1,1,10,10,11
10,shuming_698_00000001#1,1,1,6,10,13
10,shuming_698_00000001#2,1,1,10,10,17
10,shuming_698_00000001#3,1,1,10,10,20
10,shuming_698_00000001#4,1,1,10,10,15
10,shuming_698_00000001#5,1,1,10,10,14
10,shuming_698_00000001#7,1,1,10,10,26
10,shuming_698_00000001#8,1,1,10,10,17
10,shuming_698_00000001#9,1,1,10,10,14
10,shuming_698_00000001#10,1,1,10,10,13
10,shuming_698_00000001#11,1,1,10,10,13
10,shuming_698_00000001#12,1,1,10,10,15
10,shuming_698_00000001#13,1,1,10,10,14
10,shuming_698_00000001#14,1,1,10,10,12
10,shuming_698_00000001#15,1,1,10,10,15
10,shuming_698_00000001#16,1,1,10,10,15
10,shuming_698_00000001#17,1,1,10,10,23
10,shuming_698_00000001#18,1,1,10,10,18
10,shuming_698_00000001#19,1,1,10,10,19
10,shuming_698_00000001#20,1,1,10,10,22
10,shuming_698_00000001#21,1,1,10,10,24
10,shuming_698_00000001#22,1,1,10,10,18
10,shuming_698_00000001#23,1,1,10,10,35
10,shuming_698_00000001#25,1,1,10,10,64
10,shuming_706_00000375#0,1,1,8,10,41
10,shuming_706_00000375#2,1,1,10,10,32
10,shuming_706_00000375#3,1,1,10,10,17
10,shuming_706_00000375#4,1,1,10,10,52
10,shuming_72_00000270#19,1,1,10,10,54
10,shuming_72_00000270#20,1,1,10,10,22
10,shuming_72_00000270#22,1,1,10,10,48
10,shuming_72_00000270#24,1,1,10,10,20
10,shuming_731_00000492#0,1,1,10,10,32
10,shuming_731_00000492#1,1,1,10,10,26
10,shuming_731_00000492#3,1,1,10,10,60
10,shuming_731_00000492#5,1,1,10,10,69
10,shuming_753_00000172#0,1,1,10,10,12
10,shuming_758_00000371#0,1,1,10,10,52
10,shuming_763_00000009#2,1,1,10,10,15
10,shuming_774_00000273#3,1,1,10,10,63
10,shuming_774_00000273#5,1,1,10,10,31
10,shuming_779_00000254#1,1,1,10,10,63
10,shuming_779_00000254#5,1,1,10,10,80
10,shuming_783_00000248#0,1,1,10,10,81
10,shuming_783_00000248#2,1,1,10,10,66
10,shuming_793_00000117#2,1,1,10,10,31
10,shuming_825_00000172#1,1,1,10,10,13
10,shuming_825_00000172#2,1,1,7,10,7
10,shuming_825_00000172#3,1,1,10,10,16
10,shuming_826_00000213#1,1,1,10,10,14
10,shuming_826_00000213#2,1,1,10,10,18
10,shuming_826_00000213#3,1,1,9,10,9
10,shuming_85_00000273#4,1,1,10,10,11
10,shuming_987_00000275#1,1,1,10,10,41
10,shuming_987_00000275#2,1,1,10,10,23
10,shuming_987_00000275#3,1,1,10,10,19
10,shuming_987_00000275#4,1,1,10,10,21
10,shuming_987_00000275#5,1,1,10,10,10
20,00000045#1,1,1,10,10,242
20,00000045#2,1,1,10,10,88
20,00000045#3,1,1,10,10,105
20,00000045#6,1,1,10,10,286
20,00000045#7,1,1,10,10,279
20,00000057#1,1,1,10,10,225
20,00000057#2,1,1,10,10,88
20,00000057#3,1,1,10,10,111
20,00000057#5,1,1,10,10,133
20,00000063#1,1,1,10,10,279
20,00000063#2,1,1,10,10,90
20,00000063#3,1,1,10,10,107
20,00000063#5,1,1,10,10,208
20,00000095#1,1,1,10,10,279
20,00000095#2,1,1,10,10,114
20,00000095#3,1,1,10,10,105
20,00000106#1,1,1,10,10,245
20,00000106#2,1,1,10,10,135
20,00000106#3,1,1,10,10,122
20,00000106#5,1,1,10,10,157
20,00000123#1,1,1,10,10,196
20,00000123#2,1,1,10,10,87
20,00000123#3,1,1,10,10,190
20,00000123#5,1,1,10,10,108
20,00000171#0,1,1,10,10,120
20,00000180#0,1,1,10,10,136
20,00000234#1,1,1,10,10,108
20,00000257#0,1,1,10,10,93
20,00000271#0,1,1,10,10,118
20,00000271#1,1,1,10,10,132
20,00000273#0,1,1,10,10,84
20,00000273#1,1,1,10,10,99
20,000002_080_00000048#0,1,1,10,10,69
20,000002_083_00000169#0,1,1,10,10,14
20,000002_083_00000169#1,1,1,10,10,26
20,000002_083_00000169#2,1,1,10,10,36
20,00000346#0,1,1,10,10,381
20,00000364#0,1,1,10,10,210
20,00000396#0,1,1,10,10,111
20,00000399#0,1,1,10,10,82
20,000003_081_00000171#10,1,1,10,10,76
20,000003_081_00000171#11,1,1,10,10,82
20,00000426#0,1,1,10,10,653
20,00000506#0,1,1,10,10,117
20,000005_004_00000286#4,1,1,10,10,62
20,000005_006_00000001#1,1,1,10,10,68
20,000005_006_00000001#2,1,1,10,10,25
20,000005_019_00000209#0,1,1,10,10,43
20,000005_019_00000209#1,1,1,10,10,31
20,000005_019_00000209#2,1,1,10,10,59
20,000005_027_00000493#1,1,1,10,10,34
20,000005_027_00000493#2,1,1,10,10,38
20,000005_027_00000493#3,1,1,10,10,49
20,000005_027_00000493#4,1,1,10,10,21
20,000005_027_00000493#5,1,1,10,10,25
20,000005_027_00000493#6,1,1,10,10,20
20,000005_027_00000493#7,1,1,10,10,26
20,000005_027_00000493#8,1,1,10,10,74
20,000005_028_00000001#2,1,1,10,10,77
20,000005_028_00000163#2,1,1,10,10,31
20,00000618#2,1,1,10,10,101
20,000006_010_00000389#4,1,1,10,10,58
20,000006_011_00000307#3,1,1,10,10,25
20,000006_011_00000409#8,1,1,10,10,40
20,000006_011_00000409#10,1,1,10,10,54
20,000006_012_00000001#3,1,1,10,10,38
20,000006_012_00000001#6,1,1,10,10,63
20,000006_012_00000001#11,1,1,10,10,69
20,000006_012_00000001#12,1,1,10,10,33
20,000008_003_00000235#1,1,1,10,10,76
20,000008_003_00000235#2,1,1,10,10,59
20,000008_003_00000235#3,1,1,10,10,81
20,000008_003_00000235#4,1,1,10,10,66
20,000008_003_00000235#5,1,1,10,10,68
20,000008_003_00000235#10,1,1,10,10,68
20,000008_003_00000235#11,1,1,10,10,16
20,000008_003_00000352#1,1,1,10,10,66
20,000008_003_00000352#3,1,1,10,10,80
20,000008_003_00000352#5,1,1,10,10,74
20,000008_003_00000352#7,1,1,10,10,75
20,000008_003_00000352#8,1,1,10,10,75
20,000008_003_00000352#9,1,1,10,10,76
20,000008_003_00000352#10,1,1,10,10,64
20,000008_003_00000352#12,1,1,10,10,74
20,000008_003_00000352#13,1,1,10,10,16
20,000008_003_00000469#0,1,1,10,10,85
20,000008_003_00000469#1,1,1,10,10,70
20,000008_003_00000469#2,1,1,10,10,67
20,000008_003_00000469#3,1,1,10,10,78
20,000008_003_00000469#4,1,1,10,10,85
20,000008_003_00000469#6,1,1,10,10,89
20,000008_003_00000469#9,1,1,10,10,31
20,000008_003_00000469#10,1,1,10,10,18
20,000008_004_00000665#2,1,1,10,10,34
20,000008_004_00000665#4,1,1,10,10,39
20,000008_004_00000665#11,1,1,10,10,52
20,000008_004_00000665#12,1,1,10,10,63
20,000008_004_00000665#13,1,1,10,10,37
20,000008_013_00000195#1,1,1,10,10,66
20,000008_013_00000195#2,1,1,10,10,60
20,000008_042_00000273#1,1,1,10,10,40
20,000008_045_00000001#0,1,1,10,10,48
20,000008_045_00000001#2,1,1,10,10,70
20,000008_045_00000001#3,1,1,10,10,14
20,000008_045_00000157#0,1,1,10,10,80
20,000008_045_00000157#4,1,1,10,10,17
20,000008_048_00000361#3,1,1,10,10,42
20,000008_048_00000361#4,1,1,9,10,36
20,000008_048_00000361#5,1,1,8,10,29
20,000009_008_00000241#3,1,1,10,10,78
20,000009_008_00000241#5,1,1,10,10,69
20,000009_008_00000241#6,1,1,10,10,29
20,000009_008_00000241#7,1,1,10,10,76
20,000009_008_00000241#9,1,1,10,10,84
20,000009_033_00000333#1,1,1,10,10,16
20,000009_033_00000333#2,1,1,10,10,38
20,000009_033_00000333#3,1,1,10,10,38
20,000009_033_00000333#4,1,1,10,10,36
20,000009_033_00000333#6,1,1,10,10,51
20,000012_008_00000163#3,1,1,10,10,67
20,000012_008_00000163#4,1,1,10,10,55
20,000012_008_00000163#5,1,1,10,10,48
20,000012_008_00000163#6,1,1,10,10,60
20,000012_008_00000163#8,1,1,10,10,74
20,000012_008_00000163#10,1,1,10,10,17
20,000012_008_00000163#11,1,1,10,10,26
20,000012_008_00000163#12,1,1,10,10,27
20,000012_008_00000163#13,1,1,10,10,15
20,000012_008_00000163#14,1,1,10,10,11
20,000012_009_00000244#1,1,1,10,10,71
20,000012_009_00000244#3,1,1,10,10,68
20,000012_009_00000244#4,1,1,10,10,40
20,000012_009_00000244#5,1,1,10,10,45
20,000012_009_00000244#6,1,1,10,10,21
20,000012_009_00000244#7,1,1,10,10,13
20,000012_009_00000244#8,1,1,10,10,12
20,000012_009_00000244#9,1,1,10,10,14
20,000012_009_00000244#10,1,1,10,10,34
20,000012_009_00000244#11,1,1,10,10,18
20,000012_009_00000244#12,1,1,10,10,18
20,000012_009_00000244#13,1,1,10,10,19
20,000012_009_00000244#14,1,1,8,10,8
20,000012_009_00000325#3,1,1,10,10,82
20,000012_009_00000325#4,1,1,10,10,36
20,000012_009_00000325#5,1,1,10,10,43
20,000012_009_00000325#6,1,1,10,10,28
20,000012_009_00000325#7,1,1,10,10,17
20,000012_009_00000325#8,1,1,10,10,16
20,000012_009_00000325#9,1,1,7,10,8
20,000012_009_00000325#11,1,1,10,10,28
20,000012_009_00000325#12,1,1,10,10,15
20,000012_009_00000325#14,1,1,10,10,22
20,000012_009_00000325#15,1,1,3,10,19
20,000012_009_00000325#16,1,1,10,10,35
20,000012_014_00000184#0,1,1,10,10,33
20,000012_014_00000184#1,1,1,10,10,55
20,000012_014_00000184#3,1,1,10,10,26
20,000012_019_00000151#1,1,1,10,10,59
20,000012_019_00000151#2,1,1,10,10,14
20,000012_019_00000151#4,1,1,10,10,21
20,000012_019_00000151#5,1,1,10,10,14
20,000012_022_00000090#0,1,1,10,10,64
20,000012_022_00000090#1,1,1,10,10,23
20,000012_025_00000313#1,1,1,10,10,11
20,000012_025_00000313#2,1,1,10,10,11
20,000012_025_00000313#3,1,1,10,10,13
20,000012_025_00000313#4,1,1,7,10,7
20,000012_025_00000313#5,1,1,10,10,13
20,000012_025_00000313#6,1,1,8,10,8
20,000012_028_00000250#0,1,1,10,10,64
20,000012_028_00000250#1,1,1,10,10,56
20,000013_001_00000001#1,1,1,10,10,33
20,000013_001_00000001#2,1,1,10,10,34
20,000013_001_00000001#3,1,1,10,10,31
20,000013_002_00000281#1,1,1,10,10,31
20,000013_002_00000281#2,1,1,10,10,36
20,000013_002_00000281#3,1,1,10,10,20
20,000013_023_00000075#1,1,1,10,10,56
20,000013_023_00000075#2,1,1,10,10,68
20,000013_025_00000285#0,1,1,10,10,15
20,000013_025_00000285#1,1,1,10,10,56
20,000013_025_00000285#2,1,1,10,10,20
20,000013_030_00000063#0,1,1,10,10,21
20,000013_030_00000063#1,1,1,10,10,68
20,000013_039_00000063#0,1,1,10,10,41
20,000013_039_00000063#1,1,1,10,10,32
20,000013_039_00000063#3,1,1,10,10,26
20,000013_039_00000063#5,1,1,8,10,8
20,000013_040_suppl_00000167#0,1,1,10,10,79
20,000013_040_suppl_00000333#1,1,1,10,10,50
20,000013_040_suppl_00000333#3,1,1,10,10,80
20,000013_040_suppl_00000333#4,1,1,8,10,8
20,000013_044_00000001#0,1,1,10,10,24
20,000013_044_00000001#1,1,1,10,10,31
20,000013_044_00000001#2,1,1,10,10,72
20,000013_044_00000001#4,1,1,1,10,38
20,000013_044_00000001#5,0,1,0,10,72
20,000013_044_00000001#7,1,1,10,10,62
20,000013_048_00000001#0,1,1,7,10,46
20,000013_048_00000001#1,0,1,0,10,60
20,000013_048_00000001#3,1,1,3,10,49
20,000013_048_00000001#4,1,1,10,10,69
20,000013_056_00000281#2,1,1,10,10,49
20,000013_056_00000281#3,1,1,10,10,16
20,000013_056_00000281#4,1,1,10,10,21
20,000013_056_00000281#6,1,1,10,10,11
20,000013_056_00000281#7,1,1,10,10,12
20,000013_056_00000281#8,1,1,10,10,64
20,000013_056_00000281#9,1,1,10,10,43
20,000013_056_00000281#10,1,1,10,10,32
20,000014_012_00000217#1,1,1,10,10,41
20,000014_012_00000217#2,1,1,10,10,48
20,000014_050_00000273#3,1,1,10,10,47
20,000014_050_00000273#4,1,1,10,10,57
20,000014_050_00000273#5,1,1,10,10,26
20,000014_051_suppl_00000341#2,1,1,10,10,15
20,000014_052_00000131#2,1,1,8,10,22
20,000014_052_00000131#3,1,1,10,10,13
20,000015_004_00000268#0,1,1,10,10,27
20,000015_004_suppl_00000223#2,1,1,10,10,36
20,000016_043_suppl_00000292#1,1,1,10,10,21
20,000016_043_suppl_00000292#2,1,1,10,10,56
20,000016_043_suppl_00000292#4,1,1,10,10,30
20,000016_043_suppl_00000292#5,1,1,10,10,25
20,000016_043_suppl_00000292#6,1,1,10,10,45
20,000016_043_suppl_00000292#8,1,1,10,10,26
20,000016_043_suppl_00000292#9,1,1,10,10,32
20,000016_043_suppl_00000292#10,1,1,10,10,19
20,000016_043_suppl_00000292#11,1,1,10,10,27
20,000016_043_suppl_00000292#12,1,1,10,10,32
20,000016_043_suppl_00000292#14,1,1,10,10,70
20,000016_043_suppl_00000292#17,1,1,10,10,47
20,000016_043_suppl_00000292#20,1,1,10,10,23
20,000016_044_00000085#0,1,1,10,10,83
20,000016_044_00000085#1,1,1,10,10,62
20,000016_044_00000085#3,1,1,10,10,17
20,000016_044_00000085#4,1,1,10,10,65
20,000016_044_00000085#7,1,1,10,10,67
20,000016_044_00000085#10,1,1,10,10,78
20,000016_044_00000169#1,1,1,10,10,37
20,000016_044_00000169#2,1,1,10,10,36
20,000016_044_00000169#3,1,1,10,10,16
20,000016_044_00000169#5,1,1,10,10,15
20,000016_044_00000169#6,1,1,9,10,59
20,000016_044_00000169#8,1,1,10,10,88
20,000016_044_00000169#16,1,1,10,10,73
20,000016_044_00000169#17,1,1,10,10,65
20,000017_011_00000297#3,1,1,10,10,12
20,000017_011_00000297#5,1,1,10,10,68
20,000017_011_00000297#9,1,1,10,10,26
20,000017_011_00000297#10,1,1,10,10,86
20,000017_011_00000297#11,1,1,10,10,59
20,000017_011_00000297#13,1,1,10,10,43
20,000017_012_00000135#2,1,1,10,10,36
20,000017_020_00000214#0,1,1,10,10,21
20,000017_020_00000214#2,1,1,10,10,27
20,000017_020_suppl_00000356#0,1,1,10,10,20
20,000017_020_suppl_00000356#2,1,1,10,10,20
20,000018_006_00000063#0,1,1,10,10,66
20,000019_030_00000072#1,1,1,10,10,23
20,000019_030_00000072#2,1,1,10,10,72
20,000019_030_00000072#3,1,1,10,10,54
20,000019_030_00000072#4,1,1,10,10,21
20,000019_030_00000072#5,1,1,10,10,10
20,000019_038_00000205#2,1,1,10,10,20
20,000019_038_00000205#3,1,1,10,10,25
20,000019_038_00000205#4,1,1,10,10,21
20,000019_038_00000205#5,1,1,10,10,36
20,000019_038_00000205#6,1,1,10,10,84
20,000019_038_00000205#7,1,1,8,10,70
20,000019_038_00000205#8,1,1,10,10,82
20,000019_041_00000141#2,1,1,10,10,24
20,000019_045_00000145#4,1,1,10,10,46
20,000019_045_00000145#5,1,1,10,10,42
20,000019_045_00000145#7,1,1,8,10,67
20,000020_010_00000089#1,1,1,10,10,60
20,000020_010_00000089#5,1,1,8,10,9
20,000020_010_00000089#6,1,1,10,10,20
20,000020_010_00000089#7,1,1,5,10,8
20,000020_014_00000193#2,1,1,10,10,63
20,000020_014_00000193#3,1,1,10,10,76
20,000020_014_00000193#5,1,1,10,10,54
20,000020_014_00000193#6,1,1,10,10,77
20,000020_018_00000093#0,1,1,10,10,16
20,000020_018_00000093#1,1,1,10,10,24
20,000020_018_00000093#2,1,1,10,10,81
20,000020_018_00000093#3,1,1,10,10,42
20,000021_020_00000131#2,1,1,10,10,76
20,000023_005_00000070#1,1,1,10,10,32
20,000023_005_00000070#2,1,1,10,10,87
20,000023_005_00000070#3,1,1,10,10,63
20,000023_005_00000070#4,1,1,10,10,63
20,000023_005_00000070#5,1,1,10,10,18
20,000023_005_00000070#6,1,1,10,10,23
20,000031#0,1,1,10,10,53
20,000031#1,1,1,10,10,15
20,000031#2,1,1,8,10,8
20,000031#3,1,1,10,10,15
20,000031#6,1,1,10,10,24
20,000031#8,1,1,10,10,53
20,000031#10,1,1,10,10,16
20,000031#11,1,1,7,10,21
20,000066#0,1,1,10,10,31
20,000066#1,1,1,10,10,15
20,000066#2,1,1,10,10,61
20,000066#3,1,1,10,10,39
20,000070#0,1,1,10,10,28
20,000070#1,1,1,10,10,18
20,000070#2,1,1,9,10,52
20,000070#3,1,1,10,10,67
20,000173#1,1,1,10,10,27
20,000303#2,1,1,10,10,67
20,000303#6,1,1,10,10,30
20,000303#7,1,1,10,10,16
20,000328#1,1,1,10,10,58
20,000328#3,1,1,10,10,65
20,000415#1,1,1,10,10,14
20,000415#2,1,1,8,10,9
20,000415#4,1,1,10,10,22
20,000415#5,1,1,10,10,24
20,000415#6,1,1,10,10,12
20,000415#8,1,1,10,10,10
20,000415#10,1,1,10,10,13
20,000415#11,1,1,10,10,12
20,000415#13,1,1,10,10,21
20,000415#14,1,1,10,10,13
20,000415#15,1,1,10,10,17
20,000415#16,1,1,7,10,8
20,000415#17,1,1,7,10,10
20,000415#19,1,1,10,10,37
20,000433#7,1,1,10,10,57
20,000437#0,1,1,10,10,67
20,000437#1,1,1,10,10,75
20,000437#2,1,1,10,10,26
20,000437#5,1,1,10,10,48
20,000484#2,1,1,10,10,37
20,000484#3,1,1,10,10,55
20,000500#0,1,1,10,10,14
20,000500#1,1,1,9,10,9
20,000500#2,1,1,10,10,15
20,000525#0,1,1,10,10,14
20,000525#1,1,1,10,10,30
20,000525#2,1,1,10,10,35
20,000561#0,1,1,10,10,70
20,000561#3,1,1,10,10,63
20,000561#4,1,1,10,10,38
20,000597#2,1,1,10,10,62
20,000597#3,1,1,8,10,29
20,000630#0,1,1,10,10,14
20,000680#5,1,1,10,10,69
20,000707#1,1,1,10,10,13
20,000707#2,1,1,10,10,18
20,000707#3,1,1,9,10,9
20,000707#4,1,1,10,10,25
20,000707#5,1,1,10,10,20
20,000735#1,1,1,10,10,11
20,000738#0,1,1,10,10,26
20,000738#2,1,1,9,10,9
20,000738#3,1,1,10,10,36
20,000756#4,1,1,10,10,34
20,000759#2,1,1,10,10,34
20,000780#0,1,1,10,10,22
20,000780#3,1,1,10,10,90
20,000783#0,1,1,10,10,45
20,000783#1,1,1,10,10,42
20,000783#3,1,1,10,10,38
20,000783#4,1,1,10,10,26
20,000808#1,1,1,10,10,21
20,000820#2,1,1,10,10,58
20,000820#3,1,1,10,10,45
20,000820#4,1,1,10,10,25
20,000820#5,1,1,10,10,27
20,000820#7,1,1,8,10,8
20,000889#5,1,1,10,10,84
20,000889#6,1,1,10,10,40
20,000889#7,1,1,10,10,14
20,000889#8,1,1,10,10,15
20,000889#9,1,1,10,10,22
20,000889#13,1,1,10,10,24
20,000889#14,1,1,10,10,69
20,000943#0,1,1,10,10,16
20,000943#1,1,1,10,10,14
20,000943#2,1,1,10,10,64
20,000943#3,1,1,7,10,7
20,000943#4,1,1,6,10,7
20,000943#6,1,1,6,10,18
20,000943#7,1,1,10,10,23
20,000952#0,1,1,10,10,22
20,001033#1,1,1,10,10,15
20,001033#2,1,1,10,10,31
20,001033#3,1,1,10,10,41
20,001033#9,1,1,10,10,25
20,001033#10,1,1,10,10,21
20,001035#0,1,1,10,10,19
20,001035#1,1,1,10,10,53
20,001035#2,1,1,10,10,76
20,001035#7,1,1,10,10,40
20,001035#9,1,1,10,10,22
20,001035#10,1,1,10,10,63
20,001114#5,1,1,10,10,47
20,001114#6,1,1,10,10,40
20,001114#7,1,1,10,10,12
20,001114#8,1,1,10,10,26
20,001114#10,1,1,10,10,17
20,001123#0,1,1,10,10,31
20,001123#1,1,1,10,10,76
20,001123#2,1,1,10,10,77
20,001123#4,1,1,10,10,64
20,001123#5,1,1,10,10,42
20,001123#6,1,1,10,10,79
20,001123#7,1,1,10,10,86
20,001123#8,1,1,6,10,36
20,001123#9,1,1,10,10,56
20,001123#10,1,1,10,10,62
20,001123#11,1,1,10,10,66
20,001123#12,1,1,10,10,79
20,001123#13,1,1,10,10,31
20,001123#18,1,1,9,10,9
20,001123#19,1,1,10,10,10
20,001123#20,1,1,10,10,49
20,001123#21,1,1,10,10,32
20,001123#22,1,1,10,10,33
20,001135#4,1,1,10,10,64
20,001135#6,1,1,10,10,72
20,001135#7,1,1,5,10,14
20,001157#4,1,1,10,10,14
20,001157#5,1,1,10,10,30
20,001157#8,1,1,10,10,77
20,001157#9,1,1,10,10,68
20,001202#3,1,1,10,10,72
20,001202#4,1,1,10,10,78
20,001202#8,1,1,10,10,23
20,001202#10,1,1,10,10,56
20,001202#11,1,1,10,10,57
20,001202#12,1,1,10,10,42
20,001257#0,1,1,10,10,46
20,001257#3,1,1,10,10,69
20,001257#6,1,1,10,10,27
20,001257#9,1,1,10,10,27
20,001257#10,1,1,10,10,46
20,001257#11,1,1,10,10,31
20,001276#3,1,1,10,10,58
20,001276#7,1,1,10,10,30
20,001276#9,1,1,10,10,54
20,001276#10,1,1,10,10,27
20,001276#11,1,1,10,10,31
20,001276#12,1,1,10,10,25
20,001276#13,1,1,10,10,35
20,001276#14,1,1,10,10,50
20,001276#15,1,1,10,10,25
20,001295#0,1,1,10,10,30
20,001295#1,1,1,10,10,52
20,001295#3,1,1,10,10,10
20,001295#10,1,1,10,10,55
20,001295#11,1,1,10,10,24
20,001295#12,1,1,10,10,17
20,001295#13,1,1,10,10,28
20,001295#14,1,1,10,10,36
20,001295#15,1,1,10,10,24
20,001295#17,1,1,10,10,19
20,001295#18,1,1,10,10,15
20,001295#19,1,1,10,10,17
20,001295#20,1,1,10,10,16
20,001295#21,1,1,10,10,22
20,001295#22,1,1,10,10,26
20,001295#24,1,1,10,10,26
20,001295#26,1,1,9,10,9
20,001409#0,1,1,10,10,39
20,001409#1,1,1,10,10,43
20,001415#0,1,1,10,10,42
20,001415#1,1,1,10,10,44
20,001415#2,1,1,10,10,41
20,001415#3,1,1,10,10,53
20,001443#3,1,1,10,10,53
20,001443#4,1,1,10,10,73
20,001443#6,1,1,10,10,66
20,001443#7,1,1,10,10,67
20,001443#9,1,1,10,10,27
20,001443#10,1,1,10,10,46
20,001461#2,1,1,10,10,28
20,001461#3,1,1,10,10,42
20,001461#4,1,1,10,10,64
20,001461#5,1,1,10,10,36
20,001531#1,1,1,10,10,16
20,001531#2,1,1,10,10,11
20,001531#6,1,1,10,10,28
20,001531#8,1,1,10,10,11
20,001531#10,1,1,10,10,43
20,001558#4,1,1,10,10,31
20,001683#1,1,1,10,10,83
20,001683#6,1,1,10,10,36
20,001683#7,1,1,10,10,46
20,001683#8,1,1,10,10,50
20,001694#1,1,1,10,10,28
20,001694#2,1,1,10,10,64
20,001694#7,1,1,10,10,62
20,001694#8,1,1,10,10,36
20,001694#9,1,1,10,10,50
20,001694#10,1,1,10,10,27
20,001694#11,1,1,10,10,28
20,001694#12,1,1,10,10,22
20,001694#13,1,1,10,10,27
20,001694#14,1,1,10,10,31
20,001707#1,1,1,10,10,22
20,001707#2,1,1,10,10,68
20,001707#7,1,1,10,10,62
20,001707#8,1,1,10,10,36
20,001707#9,1,1,10,10,31
20,001707#10,1,1,10,10,34
20,001707#11,1,1,10,10,57
20,001707#12,1,1,10,10,19
20,001712#1,1,1,10,10,72
20,001712#6,1,1,10,10,58
20,001712#7,1,1,10,10,16
20,001712#8,1,1,10,10,36
20,001712#9,1,1,10,10,55
20,001712#10,1,1,10,10,25
20,001712#11,1,1,10,10,23
20,001712#12,1,1,10,10,27
20,001724#1,1,1,10,10,11
20,001724#3,1,1,10,10,56
20,001724#7,1,1,10,10,84
20,001724#8,1,1,10,10,34
20,001724#9,1,1,10,10,30
20,001724#10,1,1,10,10,27
20,001724#11,1,1,10,10,34
20,001724#12,1,1,10,10,38
20,001737#3,1,1,10,10,54
20,001737#7,1,1,10,10,76
20,001737#8,1,1,8,10,8
20,001737#9,1,1,10,10,15
20,001737#10,1,1,10,10,36
20,001737#11,1,1,10,10,30
20,001737#12,1,1,10,10,38
20,001737#13,1,1,10,10,30
20,001742#0,1,1,10,10,41
20,001763#0,1,1,10,10,25
20,001785#0,1,1,10,10,50
20,001785#1,1,1,10,10,51
20,001785#2,1,1,10,10,80
20,001851#0,1,1,10,10,48
20,001851#8,1,1,10,10,25
20,001851#9,1,1,10,10,27
20,001851#10,1,1,10,10,31
20,001851#11,1,1,10,10,25
20,001851#12,1,1,10,10,27
20,001851#13,1,1,10,10,50
20,001851#14,1,1,10,10,27
20,001862#0,1,1,10,10,48
20,001862#8,1,1,10,10,21
20,001862#9,1,1,10,10,27
20,001862#10,1,1,10,10,54
20,001862#11,1,1,10,10,21
20,001862#12,1,1,10,10,20
20,001862#13,1,1,10,10,32
20,001862#14,1,1,10,10,29
20,001862#15,1,1,10,10,37
20,001873#0,1,1,10,10,48
20,001873#4,1,1,10,10,73
20,001873#8,1,1,10,10,26
20,001873#9,1,1,10,10,50
20,001873#10,1,1,10,10,14
20,001873#11,1,1,10,10,27
20,001873#12,1,1,10,10,26
20,001873#13,1,1,10,10,27
20,001881#0,1,1,10,10,48
20,001881#4,1,1,10,10,73
20,001881#8,1,1,10,10,25
20,001881#9,1,1,10,10,54
20,001881#10,1,1,10,10,22
20,001884#0,1,1,10,10,52
20,001884#4,1,1,10,10,73
20,001884#8,1,1,10,10,21
20,001884#9,1,1,10,10,57
20,001884#10,1,1,10,10,25
20,001884#11,1,1,10,10,23
20,001884#12,1,1,10,10,20
20,001884#13,1,1,10,10,17
20,001884#14,1,1,10,10,27
20,001898#0,1,1,10,10,52
20,001898#4,1,1,10,10,74
20,001898#7,1,1,10,10,22
20,001898#8,1,1,10,10,20
20,001898#9,1,1,10,10,21
20,001898#10,1,1,10,10,24
20,001898#11,1,1,10,10,36
20,001898#12,1,1,10,10,55
20,001898#13,1,1,10,10,27
20,001898#14,1,1,10,10,24
20,001970#1,1,1,10,10,73
20,001970#3,1,1,10,10,36
20,001970#7,1,1,10,10,65
20,001970#8,1,1,10,10,26
20,001970#9,1,1,10,10,41
20,001970#10,1,1,10,10,27
20,002048#2,1,1,10,10,68
20,002048#3,1,1,10,10,53
20,002048#4,1,1,10,10,76
20,002048#7,1,1,10,10,37
20,002048#8,1,1,10,10,19
20,002048#9,1,1,10,10,40
20,002048#10,1,1,10,10,41
20,002097#3,1,1,10,10,67
20,002097#4,1,1,10,10,75
20,002097#7,1,1,10,10,22
20,002097#8,1,1,10,10,29
20,002097#9,1,1,10,10,32
20,002097#10,1,1,10,10,32
20,002102#0,1,1,10,10,63
20,002102#1,1,1,10,10,67
20,002102#2,1,1,10,10,64
20,002102#3,1,1,10,10,55
20,002102#4,1,1,10,10,59
20,002102#5,1,1,10,10,40
20,002102#6,1,1,10,10,56
20,002102#7,1,1,10,10,56
20,002102#8,1,1,10,10,50
20,002156#0,1,1,10,10,40
20,002156#1,1,1,10,10,28
20,002156#2,1,1,10,10,38
20,002156#3,1,1,10,10,59
20,002156#4,1,1,10,10,81
20,002156#7,1,1,10,10,46
20,002156#8,1,1,10,10,34
20,002156#9,1,1,10,10,53
20,002207#0,1,1,10,10,11
20,002207#1,1,1,10,10,49
20,002235#3,1,1,10,10,36
20,002235#5,1,1,10,10,55
20,002235#6,1,1,5,10,17
20,002235#7,1,1,10,10,27
20,002235#10,1,1,10,10,10
20,002265#3,1,1,10,10,15
20,002265#4,1,1,10,10,13
20,002276#0,1,1,10,10,41
20,002276#1,1,1,10,10,18
20,002276#2,1,1,10,10,32
20,002276#3,1,1,10,10,53
20,002276#6,1,1,10,10,46
20,002331#2,1,1,10,10,49
20,002331#3,1,1,10,10,37
20,002331#4,1,1,10,10,75
20,002331#16,1,1,10,10,14
20,002331#18,1,1,9,10,21
20,002334#1,1,1,10,10,11
20,002334#8,1,1,10,10,56
20,002334#9,1,1,10,10,18
20,002338#0,1,1,10,10,62
20,002338#1,1,1,10,10,70
20,002338#4,1,1,10,10,73
20,002338#5,1,1,10,10,44
20,002357#0,1,1,10,10,23
20,002357#1,1,1,10,10,35
20,002357#2,1,1,10,10,72
20,002357#3,1,1,10,10,43
20,002359#0,1,1,10,10,29
20,002359#1,1,1,10,10,43
20,002359#2,1,1,10,10,45
20,002359#3,1,1,10,10,27
20,002378#0,1,1,10,10,34
20,002378#1,1,1,10,10,11
20,002378#3,1,1,10,10,66
20,002378#5,1,1,10,10,73
20,002378#6,1,1,10,10,19
20,002380#2,1,1,10,10,77
20,002380#3,1,1,10,10,55
20,002380#4,1,1,10,10,19
20,002380#5,1,1,8,10,8
20,002380#6,1,1,10,10,45
20,002380#7,1,1,10,10,14
20,002380#8,1,1,10,10,15
20,002380#9,1,1,10,10,25
20,002413#0,1,1,10,10,23
20,002517#1,1,1,10,10,48
20,002517#2,1,1,10,10,16
20,002517#4,1,1,10,10,23
20,002517#5,1,1,10,10,76
20,002584#4,1,1,10,10,11
20,002584#6,1,1,10,10,11
20,002625#6,1,1,10,10,17
20,002625#8,1,1,10,10,26
20,002625#10,1,1,10,10,27
20,002625#13,1,1,10,10,22
20,002625#14,1,1,10,10,73
20,002625#18,1,1,10,10,29
20,002625#19,1,1,9,10,13
20,002625#20,1,1,10,10,70
20,002625#21,1,1,10,10,82
20,002625#22,1,1,10,10,36
20,002625#23,1,1,10,10,34
20,002625#24,1,1,10,10,65
20,002625#25,1,1,10,10,11
20,002625#26,1,1,10,10,48
20,002625#27,1,1,4,10,25
20,002625#28,1,1,10,10,37
20,002625#29,1,1,10,10,63
20,002625#30,1,1,10,10,23
20,002625#31,1,1,10,10,34
20,002625#32,1,1,10,10,45
20,002625#33,1,1,10,10,12
20,002627#5,1,1,10,10,20
20,002627#7,1,1,10,10,17
20,002627#11,1,1,8,10,74
20,002627#12,1,1,10,10,32
20,002627#15,1,1,10,10,69
20,002627#17,1,1,10,10,73
20,002627#18,1,1,10,10,74
20,002627#19,1,1,10,10,18
20,002627#22,1,1,10,10,87
20,002627#23,1,1,10,10,71
20,002627#26,1,1,10,10,80
20,002627#27,1,1,10,10,81
20,002627#28,1,1,10,10,48
20,002627#30,1,1,10,10,39
20,002627#31,1,1,10,10,50
20,002627#32,1,1,10,10,55
20,002671#7,1,1,10,10,51
20,002671#9,1,1,10,10,25
20,002671#11,1,1,10,10,39
20,002671#12,1,1,10,10,63
20,002671#13,1,1,10,10,45
20,002671#14,1,1,10,10,30
20,002671#15,1,1,10,10,30
20,002671#16,1,1,10,10,18
20,002671#17,1,1,10,10,45
20,002671#18,1,1,10,10,18
20,002671#19,1,1,10,10,57
20,002671#20,1,1,10,10,46
20,002671#21,1,1,10,10,23
20,002671#22,1,1,10,10,23
20,002671#23,1,1,10,10,46
20,002671#24,1,1,10,10,59
20,002677#0,1,1,10,10,63
20,002677#1,1,1,10,10,40
20,002677#16,1,1,10,10,14
20,002677#17,1,1,10,10,24
20,002677#18,1,1,10,10,76
20,002707#11,1,1,10,10,22
20,002707#12,1,1,10,10,25
20,002707#13,1,1,10,10,62
20,002750#1,1,1,10,10,15
20,002750#4,1,1,10,10,42
20,002750#12,1,1,10,10,13
20,002750#13,1,1,10,10,12
20,002750#14,1,1,10,10,10
20,002750#16,1,1,8,10,8
20,002750#18,1,1,10,10,14
20,002750#19,1,1,10,10,22
20,002750#20,1,1,10,10,28
20,002750#21,1,1,10,10,28
20,002750#22,1,1,10,10,53
20,002750#23,1,1,10,10,25
20,002750#25,1,1,10,10,51
20,002762#1,1,1,10,10,17
20,002839#1,1,1,10,10,21
20,002839#2,1,1,10,10,25
20,002839#3,1,1,10,10,48
20,002839#4,1,1,10,10,31
20,002842#3,1,1,10,10,25
20,002842#4,1,1,10,10,21
20,002844#1,1,1,10,10,42
20,002844#2,1,1,10,10,21
20,002844#3,1,1,10,10,38
20,002935#0,1,1,8,10,17
20,002935#1,1,1,9,10,13
20,002955#0,1,1,10,10,72
20,002955#1,1,1,10,10,47
20,002955#4,1,1,10,10,32
20,002955#5,1,1,10,10,21
20,002955#6,1,1,10,10,37
20,002955#7,1,1,10,10,68
20,002955#8,1,1,10,10,61
20,002955#9,1,1,10,10,11
20,002955#10,1,1,10,10,42
20,002955#11,1,1,10,10,42
20,002955#12,1,1,10,10,57
20,002955#13,1,1,10,10,67
20,002955#14,1,1,10,10,73
20,002955#16,1,1,10,10,49
20,002955#17,1,1,10,10,81
20,002955#20,1,1,10,10,15
20,002955#23,1,1,10,10,29
20,002955#24,1,1,7,10,7
20,002987#0,1,1,10,10,16
20,002987#1,1,1,9,10,9
20,002987#2,1,1,10,10,23
20,002987#3,1,1,10,10,14
20,002987#4,1,1,10,10,34
20,002987#6,1,1,10,10,64
20,002987#7,1,1,10,10,73
20,002987#8,1,1,10,10,28
20,002987#9,1,1,10,10,14
20,002987#10,1,1,10,10,15
20,002987#11,1,1,10,10,15
20,002987#12,1,1,8,10,8
20,002987#13,1,1,10,10,34
20,002987#14,1,1,10,10,20
20,002987#15,1,1,10,10,37
20,003007#6,1,1,9,10,9
20,003007#8,1,1,10,10,41
20,003007#9,1,1,10,10,24
20,003013#6,1,1,10,10,20
20,003017#4,1,1,10,10,12
20,003026#4,1,1,9,10,17
20,003056#1,1,1,10,10,24
20,003056#2,1,1,10,10,15
20,003056#3,1,1,10,10,15
20,003056#4,1,1,10,10,11
20,003056#7,1,1,10,10,38
20,003056#8,1,1,9,10,9
20,003056#9,1,1,10,10,27
20,003056#10,1,1,8,10,18
20,003056#11,1,1,10,10,61
20,003148#0,1,1,10,10,61
20,003148#2,1,1,10,10,63
20,003148#3,1,1,10,10,42
20,003148#6,1,1,10,10,47
20,003148#7,1,1,7,10,8
20,003148#8,1,1,7,10,8
20,003160#0,1,1,10,10,42
20,003160#1,1,1,10,10,28
20,003160#2,1,1,10,10,31
20,003160#3,1,1,10,10,27
20,003160#4,1,1,10,10,31
20,003160#5,1,1,10,10,84
20,003160#7,1,1,10,10,37
20,003160#8,1,1,10,10,69
20,003160#9,1,1,10,10,19
20,003160#11,1,1,10,10,78
20,003160#13,1,1,10,10,37
20,003160#14,1,1,10,10,11
20,003160#15,1,1,10,10,55
20,003160#17,1,1,10,10,43
20,003160#18,1,1,10,10,72
20,003160#19,1,1,10,10,26
20,003160#20,1,1,10,10,18
20,003160#21,1,1,10,10,46
20,003198#1,1,1,10,10,64
20,003198#4,1,1,10,10,42
20,003257#5,1,1,10,10,58
20,003262#0,1,1,10,10,28
20,003262#1,1,1,10,10,31
20,003262#4,1,1,10,10,27
20,003262#14,1,1,8,10,10
20,003262#16,1,1,9,10,10
20,003262#17,1,1,10,10,14
20,003262#21,1,1,8,10,16
20,003262#23,1,1,10,10,22
20,003262#24,1,1,10,10,18
20,003262#28,1,1,10,10,50
20,003262#29,1,1,5,10,7
20,003262#30,1,1,10,10,73
20,003273#1,1,1,10,10,73
20,003273#3,1,1,10,10,68
20,003273#4,1,1,10,10,45
20,003273#5,1,1,10,10,12
20,003273#6,1,1,10,10,87
20,003273#8,1,1,10,10,35
20,003273#9,1,1,10,10,19
20,003273#10,1,1,10,10,42
20,003273#11,1,1,10,10,17
20,003273#13,1,1,10,10,20
20,003288#0,1,1,10,10,74
20,003288#3,1,1,10,10,37
20,003288#4,1,1,10,10,27
20,003288#5,1,1,10,10,20
20,003288#6,1,1,10,10,20
20,003288#7,1,1,10,10,16
20,003288#8,1,1,10,10,14
20,003288#9,1,1,10,10,16
20,003288#10,1,1,10,10,18
20,003288#11,1,1,10,10,14
20,003288#12,1,1,10,10,27
20,003288#13,1,1,10,10,33
20,003288#14,1,1,10,10,13
20,003288#16,1,1,10,10,21
20,003288#18,1,1,10,10,69
20,003304#0,1,1,10,10,42
20,003304#1,1,1,10,10,36
20,003304#2,1,1,10,10,14
20,003304#3,1,1,10,10,48
20,003304#4,1,1,10,10,20
20,003304#8,1,1,10,10,25
20,003304#9,1,1,10,10,41
20,003304#11,1,1,10,10,42
20,003304#12,1,1,10,10,30
20,003304#13,1,1,10,10,13
20,003317#1,1,1,10,10,29
20,003317#2,1,1,10,10,26
20,003317#3,1,1,10,10,29
20,003317#5,1,1,10,10,50
20,003317#6,1,1,10,10,23
20,003317#7,1,1,10,10,27
20,003317#8,1,1,10,10,49
20,003317#9,1,1,10,10,30
20,003317#12,1,1,10,10,12
20,003317#14,1,1,10,10,55
20,003317#15,1,1,10,10,70
20,003317#16,1,1,10,10,43
20,003348#0,1,1,10,10,30
20,003353#0,1,1,10,10,14
20,003408#1,1,1,10,10,22
20,003411#0,1,1,10,10,41
20,003411#1,1,1,10,10,52
20,003411#2,1,1,10,10,57
20,003411#3,1,1,10,10,50
20,003419#0,1,1,10,10,84
20,003419#5,1,1,10,10,22
20,003419#13,1,1,7,10,24
20,003419#14,1,1,10,10,30
20,003419#17,1,1,10,10,30
20,003419#18,1,1,10,10,34
20,003419#19,1,1,10,10,18
20,003419#21,1,1,10,10,36
20,003425#5,1,1,10,10,17
20,003425#6,1,1,9,10,13
20,003425#7,1,1,10,10,11
20,003425#10,1,1,10,10,18
20,003425#12,1,1,10,10,44
20,003425#13,1,1,10,10,46
20,003460#0,1,1,10,10,26
20,003460#1,1,1,10,10,64
20,003460#3,1,1,10,10,80
20,003460#5,1,1,10,10,25
20,003460#6,1,1,10,10,73
20,003472#0,1,1,10,10,31
20,003472#1,1,1,10,10,68
20,003472#2,1,1,10,10,20
20,003472#3,1,1,10,10,71
20,003475#1,1,1,10,10,41
20,003475#2,1,1,10,10,22
20,003475#3,1,1,10,10,51
20,003475#5,1,1,10,10,46
20,003475#6,1,1,10,10,70
20,003475#10,1,1,10,10,21
20,003475#11,1,1,10,10,31
20,003487#0,1,1,10,10,53
20,003487#2,1,1,10,10,62
20,003489#0,1,1,10,10,24
20,003489#2,1,1,10,10,31
20,003489#3,1,1,10,10,55
20,003489#4,1,1,10,10,25
20,003489#5,1,1,10,10,35
20,003489#9,1,1,10,10,26
20,003489#14,1,1,10,10,37
20,003526#0,1,1,10,10,18
20,003526#3,1,1,10,10,13
20,003532#0,1,1,10,10,18
20,003532#1,1,1,10,10,42
20,003546#0,1,1,10,10,27
20,003546#1,1,1,10,10,28
20,003546#2,1,1,10,10,37
20,003592#0,1,1,10,10,23
20,003592#1,1,1,10,10,23
20,003592#2,1,1,10,10,31
20,003592#3,1,1,10,10,20
20,003595#3,1,1,10,10,27
20,003595#4,1,1,10,10,30
20,003595#5,1,1,10,10,21
20,003595#6,1,1,10,10,46
20,003603#3,1,1,10,10,32
20,003653#3,1,1,10,10,15
20,003653#5,1,1,10,10,20
20,003653#6,1,1,9,10,18
20,003653#7,1,1,9,10,14
20,003653#8,1,1,10,10,11
20,003653#9,1,1,10,10,12
20,003653#11,1,1,10,10,36
20,003653#12,1,1,10,10,51
20,003653#14,1,1,8,10,8
20,003653#16,1,1,9,10,9
20,003653#17,1,1,10,10,26
20,003653#18,1,1,8,10,8
20,003679#4,1,1,10,10,50
20,003679#5,1,1,10,10,27
20,003679#7,1,1,10,10,25
20,003679#8,1,1,10,10,32
20,003703#0,1,1,10,10,50
20,003739#0,1,1,10,10,30
20,003739#1,1,1,10,10,35
20,003739#2,1,1,10,10,17
20,003739#3,1,1,10,10,11
20,003739#5,1,1,10,10,16
20,003739#6,1,1,10,10,12
20,003739#7,1,1,10,10,26
20,003739#8,1,1,10,10,16
20,003757#0,1,1,10,10,76
20,003757#7,1,1,10,10,27
20,003757#8,1,1,9,10,10
20,003757#10,1,1,10,10,21
20,003757#14,1,1,10,10,13
20,003757#15,1,1,10,10,15
20,003757#16,1,1,9,10,11
20,003769#0,1,1,10,10,56
20,003838#0,1,1,10,10,72
20,003863#1,1,1,10,10,21
20,003863#3,1,1,10,10,17
20,003863#5,1,1,10,10,33
20,003863#7,1,1,10,10,24
20,003863#9,1,1,10,10,13
20,003863#10,1,1,10,10,12
20,003863#11,1,1,10,10,18
20,003895#2,1,1,10,10,55
20,003896#0,1,1,10,10,43
20,003896#1,1,1,10,10,19
20,003902#0,1,1,10,10,41
20,003902#1,1,1,10,10,15
20,003902#3,1,1,10,10,18
20,003902#4,1,1,10,10,30
20,003902#5,1,1,10,10,18
20,003902#6,1,1,10,10,41
20,003904#0,1,1,10,10,33
20,003904#1,1,1,10,10,19
20,003941#0,1,1,10,10,27
20,003941#1,1,1,10,10,17
20,003941#3,1,1,10,10,12
20,003941#5,1,1,10,10,25
20,003941#7,1,1,10,10,20
20,003941#8,1,1,10,10,26
20,003941#10,1,1,10,10,17
20,003941#11,1,1,10,10,26
20,003941#12,1,1,10,10,17
20,003941#13,1,1,10,10,20
20,003941#14,1,1,10,10,18
20,003941#15,1,1,10,10,22
20,003941#16,1,1,10,10,69
20,003941#20,1,1,9,10,10
20,003941#21,1,1,10,10,25
20,003941#22,1,1,10,10,13
20,003941#24,1,1,10,10,37
20,003941#25,1,1,10,10,18
20,003941#26,1,1,10,10,21
20,003941#27,1,1,10,10,18
20,003941#29,1,1,10,10,17
20,003941#30,1,1,10,10,34
20,003982#5,1,1,10,10,26
20,003982#6,1,1,10,10,15
20,003982#8,1,1,10,10,13
20,003982#11,1,1,10,10,19
20,003982#14,1,1,10,10,29
20,003982#19,1,1,9,10,9
20,003982#20,1,1,3,10,10
20,003982#23,1,1,10,10,25
20,003982#24,1,1,10,10,10
20,003982#30,1,1,10,10,12
20,003982#32,1,1,8,10,14
20,003982#34,1,1,10,10,11
20,003982#36,1,1,7,10,46
20,003982#41,1,1,9,10,10
20,003982#42,1,1,10,10,11
20,003982#43,1,1,10,10,13
20,003982#47,1,1,10,10,57
20,003982#48,1,1,10,10,16
20,003982#49,1,1,10,10,69
20,003982#50,1,1,10,10,34
20,003982#53,1,1,7,10,10
20,003982#57,1,1,10,10,18
20,003982#58,1,1,10,10,18
20,003982#60,1,1,10,10,16
20,003982#61,1,1,10,10,15
20,003982#62,1,1,10,10,17
20,003987#5,1,1,10,10,32
20,003987#6,1,1,10,10,28
20,003987#10,1,1,10,10,66
20,003987#11,1,1,10,10,71
20,003987#15,1,1,10,10,33
20,003987#16,1,1,10,10,42
20,003987#23,1,1,7,10,11
20,003987#27,1,1,10,10,11
20,003987#35,1,1,10,10,26
20,003987#38,1,1,10,10,19
20,003987#39,1,1,10,10,17
20,003987#40,1,1,10,10,16
20,003987#41,1,1,10,10,13
20,003987#43,1,1,10,10,10
20,003987#46,1,1,8,10,8
20,003987#47,1,1,10,10,15
20,003987#49,1,1,10,10,12
20,003987#50,1,1,10,10,15
20,003987#51,1,1,10,10,15
20,003987#52,1,1,10,10,10
20,003987#53,1,1,10,10,19
20,003987#55,1,1,10,10,31
20,hehe_173_000002_024_00000105#2,0,1,0,10,11
20,hehe_173_000002_024_00000105#4,1,1,6,10,11
20,hehe_173_000002_024_00000105#6,1,1,10,10,23
20,hehe_173_000002_024_00000105#7,1,1,11,10,15
20,hehe_173_000002_024_00000105#9,1,1,10,10,31
20,hehe_173_000002_024_00000105#10,1,1,10,10,25
20,hehe_173_000002_024_00000105#11,1,1,10,10,11
20,hehe_173_000002_024_00000105#13,1,1,10,10,31
20,hehe_173_000002_024_00000105#15,1,1,10,10,76
20,hehe_186_000002_028_00000050#1,1,1,10,10,77
20,hehe_22_00000004#0,1,1,10,10,29
20,hehe_22_00000004#2,1,1,10,10,23
20,hehe_22_00000004#4,1,1,10,10,69
20,hehe_22_00000004#6,1,1,10,10,57
20,hehe_22_00000004#7,1,1,10,10,70
20,hehe_22_00000004#9,1,1,7,10,11
20,hehe_230_000002_043_00000061#1,1,1,10,10,69
20,hehe_230_000002_043_00000061#6,1,1,10,10,62
20,hehe_230_000002_043_00000061#7,1,1,10,10,58
20,hehe_230_000002_043_00000061#10,1,1,10,10,31
20,hehe_230_000002_043_00000061#11,1,1,10,10,37
20,hehe_230_000002_043_00000061#13,1,1,10,10,19
20,hehe_230_000002_043_00000061#14,1,1,5,10,12
20,hehe_232_000002_043_00000181#0,1,1,8,10,8
20,hehe_232_000002_043_00000181#1,1,1,10,10,22
20,hehe_232_000002_043_00000181#2,1,1,10,10,57
20,hehe_232_000002_043_00000181#3,1,1,10,10,36
20,hehe_232_000002_043_00000181#8,1,1,10,10,57
20,hehe_274_000002_060_00000105#1,1,1,10,10,67
20,hehe_274_000002_060_00000105#5,1,1,10,10,28
20,hehe_274_000002_060_00000105#6,1,1,10,10,11
20,hehe_40_00000033#1,1,1,10,10,26
20,hehe_40_00000033#2,1,1,10,10,46
20,hehe_40_00000033#3,0,1,0,10,40
20,hehe_40_00000033#5,1,1,10,10,40
20,hehe_45_00000001#2,1,1,10,10,42
20,hehe_45_00000001#4,1,1,10,10,28
20,hehe_45_00000001#5,1,1,10,10,49
20,hehe_45_00000001#6,1,1,10,10,40
20,hehe_45_00000001#7,1,1,10,10,60
20,hehe_45_00000001#8,1,1,10,10,34
20,hehe_45_00000001#9,1,1,10,10,46
20,hehe_52_00000107#0,1,1,10,10,19
20,hehe_52_00000107#1,1,1,8,10,8
20,hehe_61_00000090#2,1,1,10,10,76
20,hehe_61_00000090#3,1,1,10,10,39
20,hehe_61_00000090#4,1,1,10,10,20
20,hehe_61_00000090#9,1,1,10,10,64
20,hehe_61_00000090#10,1,1,10,10,50
20,hehe_61_00000090#11,1,1,10,10,84
20,hehe_65_00000229#2,1,1,10,10,59
20,hehe_65_00000229#3,1,1,10,10,32
20,hehe_65_00000229#4,1,1,10,10,30
20,hehe_65_00000229#6,1,1,10,10,16
20,hehe_65_00000229#7,1,1,10,10,21
20,hehe_6_00000054#0,1,1,10,10,12
20,hehe_6_00000054#2,1,1,10,10,35
20,hehe_6_00000054#3,1,1,10,10,32
20,hehe_6_00000054#4,1,1,10,10,27
20,hehe_6_00000054#6,1,1,10,10,76
20,hehe_6_00000054#13,1,1,10,10,74
20,hehe_6_00000054#16,1,1,10,10,32
20,hehe_6_00000054#17,1,1,10,10,38
20,hehe_86_00000253#0,1,1,10,10,45
20,hehe_86_00000253#3,1,1,10,10,58
20,hehe_87_00000315#1,1,1,10,10,39
20,hehe_87_00000315#2,1,1,10,10,40
20,hehe_87_00000315#3,1,1,10,10,33
20,hehe_87_00000315#4,1,1,10,10,20
20,hehe_87_00000315#5,1,1,10,10,30
20,hehe_87_00000315#6,1,1,8,10,14
20,shuming_1007_00000230#0,1,1,10,10,38
20,shuming_1007_00000230#3,1,1,10,10,43
20,shuming_1007_00000230#4,1,1,9,10,36
20,shuming_1007_00000230#5,1,1,10,10,46
20,shuming_1007_00000230#7,1,1,10,10,63
20,shuming_1007_00000230#10,1,1,10,10,62
20,shuming_1007_00000230#11,1,1,10,10,39
20,shuming_1007_00000230#12,1,1,10,10,34
20,shuming_1007_00000230#13,1,1,10,10,10
20,shuming_1007_00000230#14,1,1,6,10,7
20,shuming_1007_00000230#15,1,1,10,10,79
20,shuming_1007_00000230#16,1,1,10,10,47
20,shuming_1007_00000230#17,1,1,10,10,19
20,shuming_1007_00000230#18,1,1,9,10,13
20,shuming_1007_00000230#20,1,1,10,10,20
20,shuming_1007_00000230#21,1,1,10,10,69
20,shuming_1007_00000230#22,1,1,10,10,27
20,shuming_1007_00000230#23,1,1,10,10,22
20,shuming_1013_00000065#0,1,1,10,10,87
20,shuming_1013_00000065#1,1,1,10,10,41
20,shuming_1013_00000065#3,1,1,10,10,26
20,shuming_1028_00000411#3,1,1,10,10,55
20,shuming_1028_00000411#4,1,1,10,10,10
20,shuming_1028_00000411#5,1,1,10,10,15
20,shuming_1064_00000087#0,1,1,10,10,34
20,shuming_1064_00000087#1,1,1,10,10,55
20,shuming_1064_00000087#2,1,1,10,10,56
20,shuming_1064_00000087#3,1,1,10,10,72
20,shuming_1064_00000087#4,1,1,10,10,69
20,shuming_1064_00000087#6,1,1,10,10,26
20,shuming_1064_00000087#7,1,1,10,10,54
20,shuming_1064_00000087#8,1,1,10,10,86
20,shuming_1076_00000257#1,1,1,10,10,31
20,shuming_1076_00000257#2,1,1,10,10,29
20,shuming_1076_00000257#3,1,1,10,10,20
20,shuming_1076_00000257#4,1,1,10,10,19
20,shuming_1076_00000257#5,1,1,10,10,23
20,shuming_1079_00000233#3,1,1,10,10,18
20,shuming_1079_00000233#4,1,1,10,10,12
20,shuming_1079_00000233#6,1,1,10,10,35
20,shuming_1080_00000016#0,1,1,10,10,72
20,shuming_1080_00000016#4,1,1,10,10,10
20,shuming_1132_00000385#2,1,1,10,10,29
20,shuming_1132_00000385#3,1,1,10,10,32
20,shuming_1132_00000385#4,1,1,10,10,25
20,shuming_1135_00000213#0,1,1,10,10,76
20,shuming_1148_00000041#0,1,1,10,10,74
20,shuming_1157_00000010#0,1,1,10,10,72
20,shuming_1157_00000010#1,1,1,10,10,32
20,shuming_1157_00000010#2,1,1,10,10,18
20,shuming_1180_00000231#3,1,1,10,10,49
20,shuming_24_00000001#0,1,1,10,10,40
20,shuming_24_00000001#1,1,1,10,10,62
20,shuming_340_00000020#1,1,1,10,10,21
20,shuming_340_00000020#19,1,1,10,10,11
20,shuming_340_00000020#22,1,1,7,10,7
20,shuming_340_00000020#23,1,1,10,10,12
20,shuming_340_00000020#26,1,1,9,10,9
20,shuming_340_00000020#30,1,1,9,10,9
20,shuming_340_00000020#31,1,1,10,10,12
20,shuming_340_00000020#38,1,1,10,10,10
20,shuming_35_00000199#0,1,1,10,10,73
20,shuming_35_00000199#3,1,1,10,10,36
20,shuming_35_00000199#4,1,1,10,10,26
20,shuming_35_00000199#5,1,1,3,10,87
20,shuming_35_00000199#6,1,1,10,10,18
20,shuming_35_00000199#8,1,1,10,10,14
20,shuming_35_00000199#9,1,1,8,10,8
20,shuming_35_00000199#11,1,1,10,10,39
20,shuming_410_00000037#0,1,1,6,10,7
20,shuming_410_00000037#9,1,1,10,10,45
20,shuming_461_00000082#0,1,1,10,10,53
20,shuming_461_00000082#2,1,1,10,10,42
20,shuming_461_00000082#3,1,1,10,10,31
20,shuming_461_00000082#4,1,1,10,10,14
20,shuming_461_00000082#5,1,1,10,10,11
20,shuming_465_00000030#0,1,1,10,10,10
20,shuming_465_00000030#2,1,1,10,10,56
20,shuming_465_00000030#3,1,1,10,10,15
20,shuming_470_00000057#3,1,1,10,10,43
20,shuming_470_00000057#4,1,1,10,10,23
20,shuming_482_00000018#3,1,1,10,10,53
20,shuming_482_00000018#4,1,1,10,10,44
20,shuming_482_00000018#5,1,1,10,10,62
20,shuming_485_00000027#3,1,1,10,10,16
20,shuming_485_00000027#4,1,1,10,10,52
20,shuming_503_00000052#0,1,1,10,10,32
20,shuming_503_00000052#1,1,1,10,10,26
20,shuming_562_00000223#2,1,1,10,10,76
20,shuming_571_00000215#0,1,1,10,10,56
20,shuming_571_00000215#1,1,1,10,10,46
20,shuming_574_00000017#0,1,1,10,10,63
20,shuming_608_00000031#1,1,1,10,10,19
20,shuming_608_00000031#2,1,1,10,10,30
20,shuming_608_00000031#3,1,1,10,10,35
20,shuming_608_00000031#4,1,1,10,10,11
20,shuming_610_00000148#0,1,1,10,10,50
20,shuming_63_00000393#3,1,1,10,10,15
20,shuming_63_00000393#4,1,1,10,10,17
20,shuming_63_00000393#5,1,1,9,10,9
20,shuming_63_00000393#6,1,1,10,10,23
20,shuming_63_00000393#7,1,1,10,10,21
20,shuming_63_00000393#8,1,1,10,10,23
20,shuming_63_00000393#9,1,1,10,10,20
20,shuming_663_00000328#2,1,1,10,10,50
20,shuming_663_00000328#3,1,1,10,10,40
20,shuming_67_00000001#1,1,1,10,10,55
20,shuming_67_00000001#2,1,1,10,10,18
20,shuming_698_00000001#0,1,1,10,10,11
20,shuming_698_00000001#1,1,1,5,10,13
20,shuming_698_00000001#2,1,1,10,10,17
20,shuming_698_00000001#3,1,1,10,10,20
20,shuming_698_00000001#4,1,1,10,10,15
20,shuming_698_00000001#5,1,1,10,10,14
20,shuming_698_00000001#7,1,1,10,10,26
20,shuming_698_00000001#8,1,1,10,10,17
20,shuming_698_00000001#9,1,1,10,10,14
20,shuming_698_00000001#10,1,1,10,10,13
20,shuming_698_00000001#11,1,1,10,10,13
20,shuming_698_00000001#12,1,1,10,10,15
20,shuming_698_00000001#13,1,1,10,10,14
20,shuming_698_00000001#14,1,1,10,10,12
20,shuming_698_00000001#15,1,1,10,10,15
20,shuming_698_00000001#16,1,1,10,10,15
20,shuming_698_00000001#17,1,1,10,10,23
20,shuming_698_00000001#18,1,1,10,10,18
20,shuming_698_00000001#19,1,1,10,10,19
20,shuming_698_00000001#20,1,1,10,10,22
20,shuming_698_00000001#21,1,1,10,10,24
20,shuming_698_00000001#22,1,1,10,10,18
20,shuming_698_00000001#23,1,1,10,10,35
20,shuming_698_00000001#25,1,1,10,10,64
20,shuming_706_00000375#0,1,1,9,10,41
20,shuming_706_00000375#2,1,1,10,10,32
20,shuming_706_00000375#3,1,1,8,10,17
20,shuming_706_00000375#4,1,1,10,10,52
20,shuming_72_00000270#19,1,1,10,10,54
20,shuming_72_00000270#20,1,1,10,10,22
20,shuming_72_00000270#22,1,1,10,10,48
20,shuming_72_00000270#24,1,1,10,10,20
20,shuming_731_00000492#0,1,1,10,10,32
20,shuming_731_00000492#1,1,1,10,10,26
20,shuming_731_00000492#3,1,1,10,10,60
20,shuming_731_00000492#5,1,1,10,10,69
20,shuming_753_00000172#0,1,1,10,10,12
20,shuming_758_00000371#0,1,1,10,10,52
20,shuming_763_00000009#2,1,1,10,10,15
20,shuming_774_00000273#3,1,1,10,10,63
20,shuming_774_00000273#5,1,1,10,10,31
20,shuming_779_00000254#1,1,1,10,10,63
20,shuming_779_00000254#5,1,1,10,10,80
20,shuming_783_00000248#0,1,1,10,10,81
20,shuming_783_00000248#2,1,1,10,10,66
20,shuming_793_00000117#2,1,1,10,10,31
20,shuming_825_00000172#1,1,1,10,10,13
20,shuming_825_00000172#2,1,1,7,10,7
20,shuming_825_00000172#3,1,1,10,10,16
20,shuming_826_00000213#1,1,1,10,10,14
20,shuming_826_00000213#2,1,1,10,10,18
20,shuming_826_00000213#3,1,1,9,10,9
20,shuming_85_00000273#4,1,1,10,10,11
20,shuming_987_00000275#1,1,1,10,10,41
20,shuming_987_00000275#2,1,1,10,10,23
20,shuming_987_00000275#3,1,1,10,10,19
20,shuming_987_00000275#4,1,1,10,10,21
20,shuming_987_00000275#5,1,1,10,10,10
30,00000045#1,1,1,10,10,242
30,00000045#2,1,1,10,10,88
30,00000045#3,1,1,10,10,105
30,00000045#6,1,1,10,10,286
30,00000045#7,1,1,10,10,279
30,00000057#1,1,1,10,10,225
30,00000057#2,1,1,10,10,88
30,00000057#3,1,1,10,10,111
30,00000057#5,1,1,10,10,133
30,00000063#1,1,1,10,10,279
30,00000063#2,1,1,10,10,90
30,00000063#3,1,1,10,10,107
30,00000063#5,1,1,10,10,208
30,00000095#1,1,1,10,10,279
30,00000095#2,1,1,10,10,114
30,00000095#3,1,1,10,10,105
30,00000106#1,1,1,10,10,245
30,00000106#2,1,1,10,10,135
30,00000106#3,1,1,10,10,122
30,00000106#5,1,1,10,10,157
30,00000123#1,1,1,10,10,196
30,00000123#2,1,1,10,10,87
30,00000123#3,1,1,10,10,190
30,00000123#5,1,1,10,10,108
30,00000171#0,1,1,10,10,120
30,00000180#0,1,1,10,10,136
30,00000234#1,1,1,10,10,108
30,00000257#0,1,1,10,10,93
30,00000271#0,1,1,10,10,118
30,00000271#1,1,1,10,10,132
30,00000273#0,1,1,10,10,84
30,00000273#1,1,1,10,10,99
30,000002_080_00000048#0,1,1,10,10,69
30,000002_083_00000169#0,1,1,10,10,14
30,000002_083_00000169#1,1,1,10,10,26
30,000002_083_00000169#2,1,1,10,10,36
30,00000346#0,1,1,10,10,381
30,00000364#0,1,1,10,10,210
30,00000396#0,1,1,10,10,111
30,00000399#0,1,1,10,10,82
30,000003_081_00000171#10,1,1,10,10,76
30,000003_081_00000171#11,1,1,10,10,82
30,00000426#0,1,1,10,10,653
30,00000506#0,1,1,10,10,117
30,000005_004_00000286#4,1,1,10,10,62
30,000005_006_00000001#1,1,1,10,10,68
30,000005_006_00000001#2,1,1,10,10,25
30,000005_019_00000209#0,1,1,10,10,43
30,000005_019_00000209#1,1,1,10,10,31
30,000005_019_00000209#2,1,1,10,10,59
30,000005_027_00000493#1,1,1,10,10,34
30,000005_027_00000493#2,1,1,10,10,38
30,000005_027_00000493#3,1,1,10,10,49
30,000005_027_00000493#4,1,1,10,10,21
30,000005_027_00000493#5,1,1,10,10,25
30,000005_027_00000493#6,1,1,10,10,20
30,000005_027_00000493#7,1,1,10,10,26
30,000005_027_00000493#8,1,1,10,10,74
30,000005_028_00000001#2,1,1,10,10,77
30,000005_028_00000163#2,1,1,10,10,31
30,00000618#2,1,1,10,10,101
30,000006_010_00000389#4,1,1,10,10,58
30,000006_011_00000307#3,1,1,10,10,25
30,000006_011_00000409#8,1,1,10,10,40
30,000006_011_00000409#10,1,1,10,10,54
30,000006_012_00000001#3,1,1,10,10,38
30,000006_012_00000001#6,1,1,10,10,63
30,000006_012_00000001#11,1,1,10,10,69
30,000006_012_00000001#12,1,1,10,10,33
30,000008_003_00000235#1,1,1,10,10,76
30,000008_003_00000235#2,1,1,10,10,59
30,000008_003_00000235#3,1,1,10,10,81
30,000008_003_00000235#4,1,1,10,10,66
30,000008_003_00000235#5,1,1,10,10,68
30,000008_003_00000235#10,1,1,10,10,68
30,000008_003_00000235#11,1,1,10,10,16
30,000008_003_00000352#1,1,1,10,10,66
30,000008_003_00000352#3,1,1,10,10,80
30,000008_003_00000352#5,1,1,10,10,74
30,000008_003_00000352#7,1,1,10,10,75
30,000008_003_00000352#8,1,1,10,10,75
30,000008_003_00000352#9,1,1,10,10,76
30,000008_003_00000352#10,1,1,10,10,64
30,000008_003_00000352#12,1,1,10,10,74
30,000008_003_00000352#13,1,1,10,10,16
30,000008_003_00000469#0,1,1,10,10,85
30,000008_003_00000469#1,1,1,10,10,70
30,000008_003_00000469#2,1,1,10,10,67
30,000008_003_00000469#3,1,1,10,10,78
30,000008_003_00000469#4,1,1,10,10,85
30,000008_003_00000469#6,1,1,10,10,89
30,000008_003_00000469#9,1,1,10,10,31
30,000008_003_00000469#10,1,1,10,10,18
30,000008_004_00000665#2,1,1,10,10,34
30,000008_004_00000665#4,1,1,10,10,39
30,000008_004_00000665#11,1,1,10,10,52
30,000008_004_00000665#12,1,1,10,10,63
30,000008_004_00000665#13,1,1,10,10,37
30,000008_013_00000195#1,1,1,10,10,66
30,000008_013_00000195#2,1,1,10,10,60
30,000008_042_00000273#1,1,1,10,10,40
30,000008_045_00000001#0,1,1,10,10,48
30,000008_045_00000001#2,1,1,10,10,70
30,000008_045_00000001#3,1,1,10,10,14
30,000008_045_00000157#0,1,1,10,10,80
30,000008_045_00000157#4,1,1,10,10,17
30,000008_048_00000361#3,1,1,10,10,42
30,000008_048_00000361#4,1,1,10,10,36
30,000008_048_00000361#5,1,1,8,10,29
30,000009_008_00000241#3,1,1,10,10,78
30,000009_008_00000241#5,1,1,10,10,69
30,000009_008_00000241#6,1,1,10,10,29
30,000009_008_00000241#7,1,1,10,10,76
30,000009_008_00000241#9,1,1,10,10,84
30,000009_033_00000333#1,1,1,10,10,16
30,000009_033_00000333#2,1,1,10,10,38
30,000009_033_00000333#3,1,1,10,10,38
30,000009_033_00000333#4,1,1,10,10,36
30,000009_033_00000333#6,1,1,10,10,51
30,000012_008_00000163#3,1,1,10,10,67
30,000012_008_00000163#4,1,1,10,10,55
30,000012_008_00000163#5,1,1,10,10,48
30,000012_008_00000163#6,1,1,10,10,60
30,000012_008_00000163#8,1,1,10,10,74
30,000012_008_00000163#10,1,1,10,10,17
30,000012_008_00000163#11,1,1,10,10,26
30,000012_008_00000163#12,1,1,10,10,27
30,000012_008_00000163#13,1,1,10,10,15
30,000012_008_00000163#14,1,1,10,10,11
30,000012_009_00000244#1,1,1,10,10,71
30,000012_009_00000244#3,1,1,10,10,68
30,000012_009_00000244#4,1,1,10,10,40
30,000012_009_00000244#5,1,1,10,10,45
30,000012_009_00000244#6,1,1,10,10,21
30,000012_009_00000244#7,1,1,10,10,13
30,000012_009_00000244#8,1,1,10,10,12
30,000012_009_00000244#9,1,1,10,10,14
30,000012_009_00000244#10,1,1,10,10,34
30,000012_009_00000244#11,1,1,10,10,18
30,000012_009_00000244#12,1,1,10,10,18
30,000012_009_00000244#13,1,1,10,10,19
30,000012_009_00000244#14,1,1,8,10,8
30,000012_009_00000325#3,1,1,10,10,82
30,000012_009_00000325#4,1,1,10,10,36
30,000012_009_00000325#5,1,1,10,10,43
30,000012_009_00000325#6,1,1,10,10,28
30,000012_009_00000325#7,1,1,10,10,17
30,000012_009_00000325#8,1,1,10,10,16
30,000012_009_00000325#9,1,1,7,10,8
30,000012_009_00000325#11,1,1,10,10,28
30,000012_009_00000325#12,1,1,10,10,15
30,000012_009_00000325#14,1,1,10,10,22
30,000012_009_00000325#15,1,1,3,10,19
30,000012_009_00000325#16,1,1,10,10,35
30,000012_014_00000184#0,1,1,10,10,33
30,000012_014_00000184#1,1,1,10,10,55
30,000012_014_00000184#3,1,1,10,10,26
30,000012_019_00000151#1,1,1,10,10,59
30,000012_019_00000151#2,1,1,10,10,14
30,000012_019_00000151#4,1,1,10,10,21
30,000012_019_00000151#5,1,1,10,10,14
30,000012_022_00000090#0,1,1,10,10,64
30,000012_022_00000090#1,1,1,10,10,23
30,000012_025_00000313#1,1,1,10,10,11
30,000012_025_00000313#2,1,1,10,10,11
30,000012_025_00000313#3,1,1,10,10,13
30,000012_025_00000313#4,1,1,7,10,7
30,000012_025_00000313#5,1,1,10,10,13
30,000012_025_00000313#6,1,1,8,10,8
30,000012_028_00000250#0,1,1,10,10,64
30,000012_028_00000250#1,1,1,10,10,56
30,000013_001_00000001#1,1,1,10,10,33
30,000013_001_00000001#2,1,1,10,10,34
30,000013_001_00000001#3,1,1,10,10,31
30,000013_002_00000281#1,1,1,10,10,31
30,000013_002_00000281#2,1,1,10,10,36
30,000013_002_00000281#3,1,1,10,10,20
30,000013_023_00000075#1,1,1,10,10,56
30,000013_023_00000075#2,1,1,10,10,68
30,000013_025_00000285#0,1,1,10,10,15
30,000013_025_00000285#1,1,1,10,10,56
30,000013_025_00000285#2,1,1,10,10,20
30,000013_030_00000063#0,1,1,10,10,21
30,000013_030_00000063#1,1,1,10,10,68
30,000013_039_00000063#0,1,1,10,10,41
30,000013_039_00000063#1,1,1,10,10,32
30,000013_039_00000063#3,1,1,10,10,26
30,000013_039_00000063#5,1,1,8,10,8
30,000013_040_suppl_00000167#0,1,1,10,10,79
30,000013_040_suppl_00000333#1,1,1,10,10,50
30,000013_040_suppl_00000333#3,1,1,10,10,80
30,000013_040_suppl_00000333#4,1,1,8,10,8
30,000013_044_00000001#0,1,1,10,10,24
30,000013_044_00000001#1,1,1,10,10,31
30,000013_044_00000001#2,0,1,0,10,72
30,000013_044_00000001#4,0,1,0,10,38
30,000013_044_00000001#5,1,1,10,10,72
30,000013_044_00000001#7,1,1,10,10,62
30,000013_048_00000001#0,1,1,10,10,46
30,000013_048_00000001#1,1,1,3,10,60
30,000013_048_00000001#3,0,1,0,10,49
30,000013_048_00000001#4,1,1,7,10,69
30,000013_056_00000281#2,1,1,10,10,49
30,000013_056_00000281#3,1,1,10,10,16
30,000013_056_00000281#4,1,1,10,10,21
30,000013_056_00000281#6,1,1,10,10,11
30,000013_056_00000281#7,1,1,10,10,12
30,000013_056_00000281#8,1,1,10,10,64
30,000013_056_00000281#9,1,1,10,10,43
30,000013_056_00000281#10,1,1,10,10,32
30,000014_012_00000217#1,1,1,10,10,41
30,000014_012_00000217#2,1,1,10,10,48
30,000014_050_00000273#3,1,1,10,10,47
30,000014_050_00000273#4,1,1,10,10,57
30,000014_050_00000273#5,1,1,10,10,26
30,000014_051_suppl_00000341#2,1,1,10,10,15
30,000014_052_00000131#2,1,1,10,10,22
30,000014_052_00000131#3,1,1,10,10,13
30,000015_004_00000268#0,1,1,10,10,27
30,000015_004_suppl_00000223#2,1,1,10,10,36
30,000016_043_suppl_00000292#1,1,1,10,10,21
30,000016_043_suppl_00000292#2,1,1,10,10,56
30,000016_043_suppl_00000292#4,1,1,10,10,30
30,000016_043_suppl_00000292#5,1,1,10,10,25
30,000016_043_suppl_00000292#6,1,1,10,10,45
30,000016_043_suppl_00000292#8,1,1,10,10,26
30,000016_043_suppl_00000292#9,1,1,10,10,32
30,000016_043_suppl_00000292#10,1,1,10,10,19
30,000016_043_suppl_00000292#11,1,1,10,10,27
30,000016_043_suppl_00000292#12,1,1,10,10,32
30,000016_043_suppl_00000292#14,1,1,10,10,70
30,000016_043_suppl_00000292#17,1,1,10,10,47
30,000016_043_suppl_00000292#20,1,1,10,10,23
30,000016_044_00000085#0,1,1,10,10,83
30,000016_044_00000085#1,1,1,10,10,62
30,000016_044_00000085#3,1,1,10,10,17
30,000016_044_00000085#4,1,1,10,10,65
30,000016_044_00000085#7,1,1,10,10,67
30,000016_044_00000085#10,1,1,10,10,78
30,000016_044_00000169#1,1,1,10,10,37
30,000016_044_00000169#2,1,1,10,10,36
30,000016_044_00000169#3,1,1,10,10,16
30,000016_044_00000169#5,1,1,10,10,15
30,000016_044_00000169#6,1,1,10,10,59
30,000016_044_00000169#8,1,1,10,10,88
30,000016_044_00000169#16,1,1,10,10,73
30,000016_044_00000169#17,1,1,10,10,65
30,000017_011_00000297#3,1,1,10,10,12
30,000017_011_00000297#5,1,1,10,10,68
30,000017_011_00000297#9,1,1,10,10,26
30,000017_011_00000297#10,1,1,10,10,86
30,000017_011_00000297#11,1,1,10,10,59
30,000017_011_00000297#13,1,1,10,10,43
30,000017_012_00000135#2,1,1,10,10,36
30,000017_020_00000214#0,1,1,10,10,21
30,000017_020_00000214#2,1,1,10,10,27
30,000017_020_suppl_00000356#0,1,1,10,10,20
30,000017_020_suppl_00000356#2,1,1,10,10,20
30,000018_006_00000063#0,1,1,10,10,66
30,000019_030_00000072#1,1,1,10,10,23
30,000019_030_00000072#2,1,1,10,10,72
30,000019_030_00000072#3,1,1,10,10,54
30,000019_030_00000072#4,1,1,10,10,21
30,000019_030_00000072#5,1,1,10,10,10
30,000019_038_00000205#2,1,1,10,10,20
30,000019_038_00000205#3,1,1,10,10,25
30,000019_038_00000205#4,1,1,10,10,21
30,000019_038_00000205#5,1,1,10,10,36
30,000019_038_00000205#6,1,1,10,10,84
30,000019_038_00000205#7,1,1,9,10,70
30,000019_038_00000205#8,1,1,10,10,82
30,000019_041_00000141#2,1,1,10,10,24
30,000019_045_00000145#4,1,1,10,10,46
30,000019_045_00000145#5,1,1,10,10,42
30,000019_045_00000145#7,1,1,3,10,67
30,000020_010_00000089#1,1,1,10,10,60
30,000020_010_00000089#5,1,1,9,10,9
30,000020_010_00000089#6,1,1,10,10,20
30,000020_010_00000089#7,1,1,7,10,8
30,000020_014_00000193#2,1,1,10,10,63
30,000020_014_00000193#3,1,1,10,10,76
30,000020_014_00000193#5,1,1,10,10,54
30,000020_014_00000193#6,1,1,10,10,77
30,000020_018_00000093#0,1,1,10,10,16
30,000020_018_00000093#1,1,1,10,10,24
30,000020_018_00000093#2,1,1,10,10,81
30,000020_018_00000093#3,1,1,10,10,42
30,000021_020_00000131#2,1,1,10,10,76
30,000023_005_00000070#1,1,1,10,10,32
30,000023_005_00000070#2,1,1,10,10,87
30,000023_005_00000070#3,1,1,10,10,63
30,000023_005_00000070#4,1,1,10,10,63
30,000023_005_00000070#5,1,1,10,10,18
30,000023_005_00000070#6,1,1,10,10,23
30,000031#0,1,1,10,10,53
30,000031#1,1,1,10,10,15
30,000031#2,1,1,8,10,8
30,000031#3,1,1,10,10,15
30,000031#6,1,1,10,10,24
30,000031#8,1,1,10,10,53
30,000031#10,1,1,10,10,16
30,000031#11,1,1,10,10,21
30,000066#0,1,1,10,10,31
30,000066#1,1,1,10,10,15
30,000066#2,1,1,9,10,61
30,000066#3,1,1,10,10,39
30,000070#0,1,1,10,10,28
30,000070#1,1,1,10,10,18
30,000070#2,1,1,10,10,52
30,000070#3,1,1,10,10,67
30,000173#1,1,1,10,10,27
30,000303#2,1,1,10,10,67
30,000303#6,1,1,10,10,30
30,000303#7,1,1,10,10,16
30,000328#1,1,1,10,10,58
30,000328#3,1,1,10,10,65
30,000415#1,1,1,10,10,14
30,000415#2,1,1,7,10,9
30,000415#4,1,1,10,10,22
30,000415#5,1,1,10,10,24
30,000415#6,1,1,10,10,12
30,000415#8,1,1,10,10,10
30,000415#10,1,1,10,10,13
30,000415#11,1,1,10,10,12
30,000415#13,1,1,10,10,21
30,000415#14,1,1,10,10,13
30,000415#15,1,1,10,10,17
30,000415#16,1,1,6,10,8
30,000415#17,1,1,9,10,10
30,000415#19,1,1,10,10,37
30,000433#7,1,1,10,10,57
30,000437#0,1,1,10,10,67
30,000437#1,1,1,10,10,75
30,000437#2,1,1,10,10,26
30,000437#5,1,1,10,10,48
30,000484#2,1,1,10,10,37
30,000484#3,1,1,10,10,55
30,000500#0,1,1,10,10,14
30,000500#1,1,1,9,10,9
30,000500#2,1,1,10,10,15
30,000525#0,1,1,10,10,14
30,000525#1,1,1,10,10,30
30,000525#2,1,1,10,10,35
30,000561#0,1,1,10,10,70
30,000561#3,1,1,10,10,63
30,000561#4,1,1,10,10,38
30,000597#2,1,1,10,10,62
30,000597#3,1,1,5,10,29
30,000630#0,1,1,10,10,14
30,000680#5,1,1,10,10,69
30,000707#1,1,1,10,10,13
30,000707#2,1,1,10,10,18
30,000707#3,1,1,9,10,9
30,000707#4,1,1,10,10,25
30,000707#5,1,1,10,10,20
30,000735#1,1,1,10,10,11
30,000738#0,1,1,10,10,26
30,000738#2,1,1,9,10,9
30,000738#3,1,1,10,10,36
30,000756#4,1,1,10,10,34
30,000759#2,1,1,10,10,34
30,000780#0,1,1,10,10,22
30,000780#3,1,1,10,10,90
30,000783#0,1,1,10,10,45
30,000783#1,1,1,10,10,42
30,000783#3,1,1,10,10,38
30,000783#4,1,1,10,10,26
30,000808#1,1,1,10,10,21
30,000820#2,1,1,10,10,58
30,000820#3,1,1,10,10,45
30,000820#4,1,1,10,10,25
30,000820#5,1,1,10,10,27
30,000820#7,1,1,8,10,8
30,000889#5,1,1,10,10,84
30,000889#6,1,1,10,10,40
30,000889#7,1,1,10,10,14
30,000889#8,1,1,10,10,15
30,000889#9,1,1,10,10,22
30,000889#13,1,1,10,10,24
30,000889#14,1,1,10,10,69
30,000943#0,1,1,10,10,16
30,000943#1,1,1,10,10,14
30,000943#2,1,1,10,10,64
30,000943#3,1,1,6,10,7
30,000943#4,1,1,7,10,7
30,000943#6,1,1,9,10,18
30,000943#7,1,1,10,10,23
30,000952#0,1,1,10,10,22
30,001033#1,1,1,10,10,15
30,001033#2,1,1,10,10,31
30,001033#3,1,1,10,10,41
30,001033#9,1,1,10,10,25
30,001033#10,1,1,10,10,21
30,001035#0,1,1,10,10,19
30,001035#1,1,1,10,10,53
30,001035#2,1,1,10,10,76
30,001035#7,1,1,10,10,40
30,001035#9,1,1,10,10,22
30,001035#10,1,1,10,10,63
30,001114#5,1,1,10,10,47
30,001114#6,1,1,10,10,40
30,001114#7,1,1,10,10,12
30,001114#8,1,1,10,10,26
30,001114#10,1,1,10,10,17
30,001123#0,1,1,10,10,31
30,001123#1,1,1,10,10,76
30,001123#2,1,1,10,10,77
30,001123#4,1,1,10,10,64
30,001123#5,1,1,10,10,42
30,001123#6,1,1,10,10,79
30,001123#7,1,1,10,10,86
30,001123#8,1,1,3,10,36
30,001123#9,1,1,10,10,56
30,001123#10,1,1,10,10,62
30,001123#11,1,1,10,10,66
30,001123#12,1,1,10,10,79
30,001123#13,1,1,10,10,31
30,001123#18,1,1,9,10,9
30,001123#19,1,1,9,10,10
30,001123#20,1,1,10,10,49
30,001123#21,1,1,10,10,32
30,001123#22,1,1,10,10,33
30,001135#4,1,1,10,10,64
30,001135#6,1,1,10,10,72
30,001135#7,1,1,8,10,14
30,001157#4,1,1,10,10,14
30,001157#5,1,1,10,10,30
30,001157#8,1,1,10,10,77
30,001157#9,1,1,10,10,68
30,001202#3,1,1,10,10,72
30,001202#4,1,1,10,10,78
30,001202#8,1,1,10,10,23
30,001202#10,1,1,10,10,56
30,001202#11,1,1,10,10,57
30,001202#12,1,1,10,10,42
30,001257#0,1,1,10,10,46
30,001257#3,1,1,10,10,69
30,001257#6,1,1,10,10,27
30,001257#9,1,1,10,10,27
30,001257#10,1,1,10,10,46
30,001257#11,1,1,10,10,31
30,001276#3,1,1,10,10,58
30,001276#7,1,1,10,10,30
30,001276#9,1,1,10,10,54
30,001276#10,1,1,10,10,27
30,001276#11,1,1,10,10,31
30,001276#12,1,1,10,10,25
30,001276#13,1,1,10,10,35
30,001276#14,1,1,10,10,50
30,001276#15,1,1,10,10,25
30,001295#0,1,1,10,10,30
30,001295#1,1,1,10,10,52
30,001295#3,1,1,10,10,10
30,001295#10,1,1,10,10,55
30,001295#11,1,1,10,10,24
30,001295#12,1,1,10,10,17
30,001295#13,1,1,10,10,28
30,001295#14,1,1,10,10,36
30,001295#15,1,1,10,10,24
30,001295#17,1,1,10,10,19
30,001295#18,1,1,10,10,15
30,001295#19,1,1,10,10,17
30,001295#20,1,1,10,10,16
30,001295#21,1,1,10,10,22
30,001295#22,1,1,10,10,26
30,001295#24,1,1,10,10,26
30,001295#26,1,1,9,10,9
30,001409#0,1,1,10,10,39
30,001409#1,1,1,10,10,43
30,001415#0,1,1,10,10,42
30,001415#1,1,1,10,10,44
30,001415#2,1,1,10,10,41
30,001415#3,1,1,10,10,53
30,001443#3,1,1,10,10,53
30,001443#4,1,1,10,10,73
30,001443#6,1,1,3,10,66
30,001443#7,1,1,10,10,67
30,001443#9,1,1,10,10,27
30,001443#10,1,1,10,10,46
30,001461#2,1,1,10,10,28
30,001461#3,1,1,10,10,42
30,001461#4,1,1,10,10,64
30,001461#5,1,1,10,10,36
30,001531#1,1,1,10,10,16
30,001531#2,1,1,10,10,11
30,001531#6,1,1,10,10,28
30,001531#8,1,1,10,10,11
30,001531#10,1,1,10,10,43
30,001558#4,1,1,10,10,31
30,001683#1,1,1,10,10,83
30,001683#6,1,1,10,10,36
30,001683#7,1,1,10,10,46
30,001683#8,1,1,10,10,50
30,001694#1,1,1,10,10,28
30,001694#2,1,1,10,10,64
30,001694#7,1,1,10,10,62
30,001694#8,1,1,10,10,36
30,001694#9,1,1,10,10,50
30,001694#10,1,1,10,10,27
30,001694#11,1,1,10,10,28
30,001694#12,1,1,10,10,22
30,001694#13,1,1,10,10,27
30,001694#14,1,1,10,10,31
30,001707#1,1,1,10,10,22
30,001707#2,1,1,10,10,68
30,001707#7,1,1,10,10,62
30,001707#8,1,1,10,10,36
30,001707#9,1,1,10,10,31
30,001707#10,1,1,10,10,34
30,001707#11,1,1,10,10,57
30,001707#12,1,1,10,10,19
30,001712#1,1,1,10,10,72
30,001712#6,1,1,10,10,58
30,001712#7,1,1,10,10,16
30,001712#8,1,1,10,10,36
30,001712#9,1,1,10,10,55
30,001712#10,1,1,10,10,25
30,001712#11,1,1,10,10,23
30,001712#12,1,1,10,10,27
30,001724#1,1,1,10,10,11
30,001724#3,1,1,10,10,56
30,001724#7,1,1,10,10,84
30,001724#8,1,1,10,10,34
30,001724#9,1,1,10,10,30
30,001724#10,1,1,10,10,27
30,001724#11,1,1,10,10,34
30,001724#12,1,1,10,10,38
30,001737#3,1,1,10,10,54
30,001737#7,1,1,10,10,76
30,001737#8,1,1,8,10,8
30,001737#9,1,1,10,10,15
30,001737#10,1,1,10,10,36
30,001737#11,1,1,10,10,30
30,001737#12,1,1,10,10,38
30,001737#13,1,1,10,10,30
30,001742#0,1,1,10,10,41
30,001763#0,1,1,10,10,25
30,001785#0,1,1,10,10,50
30,001785#1,1,1,10,10,51
30,001785#2,1,1,10,10,80
30,001851#0,1,1,10,10,48
30,001851#8,1,1,10,10,25
30,001851#9,1,1,10,10,27
30,001851#10,1,1,10,10,31
30,001851#11,1,1,10,10,25
30,001851#12,1,1,10,10,27
30,001851#13,1,1,10,10,50
30,001851#14,1,1,10,10,27
30,001862#0,1,1,10,10,48
30,001862#8,1,1,10,10,21
30,001862#9,1,1,10,10,27
30,001862#10,1,1,10,10,54
30,001862#11,1,1,10,10,21
30,001862#12,1,1,10,10,20
30,001862#13,1,1,10,10,32
30,001862#14,1,1,10,10,29
30,001862#15,1,1,10,10,37
30,001873#0,1,1,10,10,48
30,001873#4,1,1,10,10,73
30,001873#8,1,1,10,10,26
30,001873#9,1,1,10,10,50
30,001873#10,1,1,10,10,14
30,001873#11,1,1,10,10,27
30,001873#12,1,1,10,10,26
30,001873#13,1,1,10,10,27
30,001881#0,1,1,10,10,48
30,001881#4,1,1,10,10,73
30,001881#8,1,1,10,10,25
30,001881#9,1,1,10,10,54
30,001881#10,1,1,10,10,22
30,001884#0,1,1,10,10,52
30,001884#4,1,1,10,10,73
30,001884#8,1,1,10,10,21
30,001884#9,1,1,10,10,57
30,001884#10,1,1,10,10,25
30,001884#11,1,1,10,10,23
30,001884#12,1,1,10,10,20
30,001884#13,1,1,10,10,17
30,001884#14,1,1,10,10,27
30,001898#0,1,1,10,10,52
30,001898#4,1,1,10,10,74
30,001898#7,1,1,10,10,22
30,001898#8,1,1,10,10,20
30,001898#9,1,1,10,10,21
30,001898#10,1,1,10,10,24
30,001898#11,1,1,10,10,36
30,001898#12,1,1,10,10,55
30,001898#13,1,1,10,10,27
30,001898#14,1,1,10,10,24
30,001970#1,1,1,10,10,73
30,001970#3,1,1,10,10,36
30,001970#7,1,1,10,10,65
30,001970#8,1,1,10,10,26
30,001970#9,1,1,10,10,41
30,001970#10,1,1,10,10,27
30,002048#2,1,1,10,10,68
30,002048#3,1,1,10,10,53
30,002048#4,1,1,10,10,76
30,002048#7,1,1,10,10,37
30,002048#8,1,1,10,10,19
30,002048#9,1,1,10,10,40
30,002048#10,1,1,10,10,41
30,002097#3,1,1,10,10,67
30,002097#4,1,1,10,10,75
30,002097#7,1,1,10,10,22
30,002097#8,1,1,10,10,29
30,002097#9,1,1,10,10,32
30,002097#10,1,1,10,10,32
30,002102#0,1,1,10,10,63
30,002102#1,1,1,10,10,67
30,002102#2,1,1,10,10,64
30,002102#3,1,1,10,10,55
30,002102#4,1,1,10,10,59
30,002102#5,1,1,10,10,40
30,002102#6,1,1,10,10,56
30,002102#7,1,1,10,10,56
30,002102#8,1,1,10,10,50
30,002156#0,1,1,10,10,40
30,002156#1,1,1,10,10,28
30,002156#2,1,1,10,10,38
30,002156#3,1,1,10,10,59
30,002156#4,1,1,10,10,81
30,002156#7,1,1,10,10,46
30,002156#8,1,1,10,10,34
30,002156#9,1,1,10,10,53
30,002207#0,1,1,10,10,11
30,002207#1,1,1,10,10,49
30,002235#3,1,1,10,10,36
30,002235#5,1,1,10,10,55
30,002235#6,1,1,5,10,17
30,002235#7,1,1,10,10,27
30,002235#10,1,1,10,10,10
30,002265#3,1,1,10,10,15
30,002265#4,1,1,10,10,13
30,002276#0,1,1,10,10,41
30,002276#1,1,1,10,10,18
30,002276#2,1,1,10,10,32
30,002276#3,1,1,10,10,53
30,002276#6,1,1,10,10,46
30,002331#2,1,1,10,10,49
30,002331#3,1,1,10,10,37
30,002331#4,1,1,10,10,75
30,002331#16,1,1,10,10,14
30,002331#18,1,1,8,10,21
30,002334#1,1,1,10,10,11
30,002334#8,1,1,10,10,56
30,002334#9,1,1,10,10,18
30,002338#0,1,1,10,10,62
30,002338#1,1,1,10,10,70
30,002338#4,1,1,10,10,73
30,002338#5,1,1,10,10,44
30,002357#0,1,1,10,10,23
30,002357#1,1,1,10,10,35
30,002357#2,1,1,10,10,72
30,002357#3,1,1,10,10,43
30,002359#0,1,1,10,10,29
30,002359#1,1,1,10,10,43
30,002359#2,1,1,10,10,45
30,002359#3,1,1,10,10,27
30,002378#0,1,1,10,10,34
30,002378#1,1,1,10,10,11
30,002378#3,1,1,10,10,66
30,002378#5,1,1,10,10,73
30,002378#6,1,1,10,10,19
30,002380#2,1,1,10,10,77
30,002380#3,1,1,10,10,55
30,002380#4,1,1,10,10,19
30,002380#5,1,1,8,10,8
30,002380#6,1,1,10,10,45
30,002380#7,1,1,10,10,14
30,002380#8,1,1,10,10,15
30,002380#9,1,1,10,10,25
30,002413#0,1,1,10,10,23
30,002517#1,1,1,10,10,48
30,002517#2,1,1,10,10,16
30,002517#4,1,1,10,10,23
30,002517#5,1,1,10,10,76
30,002584#4,1,1,7,10,11
30,002584#6,1,1,10,10,11
30,002625#6,1,1,10,10,17
30,002625#8,1,1,10,10,26
30,002625#10,1,1,10,10,27
30,002625#13,1,1,10,10,22
30,002625#14,1,1,10,10,73
30,002625#18,1,1,10,10,29
30,002625#19,1,1,9,10,13
30,002625#20,1,1,10,10,70
30,002625#21,1,1,10,10,82
30,002625#22,1,1,10,10,36
30,002625#23,1,1,10,10,34
30,002625#24,1,1,10,10,65
30,002625#25,1,1,10,10,11
30,002625#26,1,1,10,10,48
30,002625#27,1,1,5,10,25
30,002625#28,1,1,10,10,37
30,002625#29,1,1,10,10,63
30,002625#30,1,1,10,10,23
30,002625#31,1,1,10,10,34
30,002625#32,1,1,10,10,45
30,002625#33,1,1,10,10,12
30,002627#5,1,1,10,10,20
30,002627#7,1,1,10,10,17
30,002627#11,1,1,10,10,74
30,002627#12,1,1,10,10,32
30,002627#15,1,1,10,10,69
30,002627#17,1,1,10,10,73
30,002627#18,1,1,10,10,74
30,002627#19,1,1,10,10,18
30,002627#22,1,1,10,10,87
30,002627#23,1,1,10,10,71
30,002627#26,1,1,10,10,80
30,002627#27,1,1,10,10,81
30,002627#28,1,1,10,10,48
30,002627#30,1,1,10,10,39
30,002627#31,1,1,10,10,50
30,002627#32,1,1,10,10,55
30,002671#7,1,1,10,10,51
30,002671#9,1,1,10,10,25
30,002671#11,1,1,10,10,39
30,002671#12,1,1,10,10,63
30,002671#13,1,1,10,10,45
30,002671#14,1,1,10,10,30
30,002671#15,1,1,10,10,30
30,002671#16,1,1,10,10,18
30,002671#17,1,1,10,10,45
30,002671#18,1,1,10,10,18
30,002671#19,1,1,10,10,57
30,002671#20,1,1,10,10,46
30,002671#21,1,1,10,10,23
30,002671#22,1,1,10,10,23
30,002671#23,1,1,10,10,46
30,002671#24,1,1,10,10,59
30,002677#0,1,1,10,10,63
30,002677#1,1,1,10,10,40
30,002677#16,1,1,10,10,14
30,002677#17,1,1,10,10,24
30,002677#18,1,1,10,10,76
30,002707#11,1,1,10,10,22
30,002707#12,1,1,10,10,25
30,002707#13,1,1,10,10,62
30,002750#1,1,1,10,10,15
30,002750#4,1,1,10,10,42
30,002750#12,1,1,10,10,13
30,002750#13,1,1,8,10,12
30,002750#14,1,1,10,10,10
30,002750#16,1,1,8,10,8
30,002750#18,1,1,10,10,14
30,002750#19,1,1,10,10,22
30,002750#20,1,1,10,10,28
30,002750#21,1,1,10,10,28
30,002750#22,1,1,10,10,53
30,002750#23,1,1,10,10,25
30,002750#25,1,1,10,10,51
30,002762#1,1,1,10,10,17
30,002839#1,1,1,10,10,21
30,002839#2,1,1,10,10,25
30,002839#3,1,1,10,10,48
30,002839#4,1,1,10,10,31
30,002842#3,1,1,10,10,25
30,002842#4,1,1,10,10,21
30,002844#1,1,1,10,10,42
30,002844#2,1,1,10,10,21
30,002844#3,1,1,10,10,38
30,002935#0,1,1,9,10,17
30,002935#1,1,1,10,10,13
30,002955#0,1,1,10,10,72
30,002955#1,1,1,10,10,47
30,002955#4,1,1,10,10,32
30,002955#5,1,1,10,10,21
30,002955#6,1,1,10,10,37
30,002955#7,1,1,10,10,68
30,002955#8,1,1,10,10,61
30,002955#9,1,1,10,10,11
30,002955#10,1,1,10,10,42
30,002955#11,1,1,10,10,42
30,002955#12,1,1,10,10,57
30,002955#13,1,1,10,10,67
30,002955#14,1,1,10,10,73
30,002955#16,1,1,10,10,49
30,002955#17,1,1,10,10,81
30,002955#20,1,1,10,10,15
30,002955#23,1,1,10,10,29
30,002955#24,1,1,7,10,7
30,002987#0,1,1,10,10,16
30,002987#1,1,1,9,10,9
30,002987#2,1,1,10,10,23
30,002987#3,1,1,10,10,14
30,002987#4,1,1,10,10,34
30,002987#6,1,1,10,10,64
30,002987#7,1,1,10,10,73
30,002987#8,1,1,10,10,28
30,002987#9,1,1,10,10,14
30,002987#10,1,1,10,10,15
30,002987#11,1,1,10,10,15
30,002987#12,1,1,8,10,8
30,002987#13,1,1,10,10,34
30,002987#14,1,1,10,10,20
30,002987#15,1,1,10,10,37
30,003007#6,1,1,9,10,9
30,003007#8,1,1,10,10,41
30,003007#9,1,1,10,10,24
30,003013#6,1,1,10,10,20
30,003017#4,1,1,10,10,12
30,003026#4,1,1,10,10,17
30,003056#1,1,1,10,10,24
30,003056#2,1,1,10,10,15
30,003056#3,1,1,10,10,15
30,003056#4,1,1,10,10,11
30,003056#7,1,1,10,10,38
30,003056#8,1,1,8,10,9
30,003056#9,1,1,10,10,27
30,003056#10,1,1,9,10,18
30,003056#11,1,1,10,10,61
30,003148#0,1,1,10,10,61
30,003148#2,1,1,10,10,63
30,003148#3,1,1,10,10,42
30,003148#6,1,1,10,10,47
30,003148#7,1,1,7,10,8
30,003148#8,1,1,7,10,8
30,003160#0,1,1,10,10,42
30,003160#1,1,1,10,10,28
30,003160#2,1,1,10,10,31
30,003160#3,1,1,7,10,27
30,003160#4,1,1,10,10,31
30,003160#5,1,1,10,10,84
30,003160#7,1,1,10,10,37
30,003160#8,1,1,10,10,69
30,003160#9,1,1,10,10,19
30,003160#11,1,1,10,10,78
30,003160#13,1,1,10,10,37
30,003160#14,1,1,10,10,11
30,003160#15,1,1,10,10,55
30,003160#17,1,1,10,10,43
30,003160#18,1,1,10,10,72
30,003160#19,1,1,10,10,26
30,003160#20,1,1,10,10,18
30,003160#21,1,1,10,10,46
30,003198#1,1,1,10,10,64
30,003198#4,1,1,10,10,42
30,003257#5,1,1,10,10,58
30,003262#0,1,1,10,10,28
30,003262#1,1,1,10,10,31
30,003262#4,1,1,10,10,27
30,003262#14,1,1,10,10,10
30,003262#16,1,1,9,10,10
30,003262#17,1,1,10,10,14
30,003262#21,1,1,9,10,16
30,003262#23,1,1,10,10,22
30,003262#24,1,1,10,10,18
30,003262#28,1,1,10,10,50
30,003262#29,1,1,5,10,7
30,003262#30,1,1,10,10,73
30,003273#1,1,1,10,10,73
30,003273#3,1,1,10,10,68
30,003273#4,1,1,10,10,45
30,003273#5,1,1,10,10,12
30,003273#6,1,1,10,10,87
30,003273#8,1,1,10,10,35
30,003273#9,1,1,10,10,19
30,003273#10,1,1,10,10,42
30,003273#11,1,1,10,10,17
30,003273#13,1,1,10,10,20
30,003288#0,1,1,10,10,74
30,003288#3,1,1,10,10,37
30,003288#4,1,1,10,10,27
30,003288#5,1,1,10,10,20
30,003288#6,1,1,10,10,20
30,003288#7,1,1,10,10,16
30,003288#8,1,1,10,10,14
30,003288#9,1,1,10,10,16
30,003288#10,1,1,10,10,18
30,003288#11,1,1,10,10,14
30,003288#12,1,1,10,10,27
30,003288#13,1,1,10,10,33
30,003288#14,1,1,8,10,13
30,003288#16,1,1,10,10,21
30,003288#18,1,1,10,10,69
30,003304#0,1,1,10,10,42
30,003304#1,1,1,10,10,36
30,003304#2,1,1,10,10,14
30,003304#3,1,1,10,10,48
30,003304#4,1,1,10,10,20
30,003304#8,1,1,10,10,25
30,003304#9,1,1,10,10,41
30,003304#11,1,1,10,10,42
30,003304#12,1,1,10,10,30
30,003304#13,1,1,10,10,13
30,003317#1,1,1,8,10,29
30,003317#2,1,1,10,10,26
30,003317#3,1,1,10,10,29
30,003317#5,1,1,10,10,50
30,003317#6,1,1,10,10,23
30,003317#7,1,1,10,10,27
30,003317#8,1,1,10,10,49
30,003317#9,1,1,10,10,30
30,003317#12,1,1,10,10,12
30,003317#14,1,1,10,10,55
30,003317#15,1,1,10,10,70
30,003317#16,1,1,10,10,43
30,003348#0,1,1,10,10,30
30,003353#0,1,1,10,10,14
30,003408#1,1,1,10,10,22
30,003411#0,1,1,10,10,41
30,003411#1,1,1,10,10,52
30,003411#2,1,1,10,10,57
30,003411#3,1,1,10,10,50
30,003419#0,1,1,10,10,84
30,003419#5,1,1,10,10,22
30,003419#13,1,1,10,10,24
30,003419#14,1,1,10,10,30
30,003419#17,1,1,8,10,30
30,003419#18,1,1,10,10,34
30,003419#19,1,1,10,10,18
30,003419#21,1,1,10,10,36
30,003425#5,1,1,10,10,17
30,003425#6,1,1,10,10,13
30,003425#7,1,1,10,10,11
30,003425#10,1,1,10,10,18
30,003425#12,1,1,10,10,44
30,003425#13,1,1,10,10,46
30,003460#0,1,1,10,10,26
30,003460#1,1,1,10,10,64
30,003460#3,1,1,10,10,80
30,003460#5,1,1,10,10,25
30,003460#6,1,1,10,10,73
30,003472#0,1,1,10,10,31
30,003472#1,1,1,10,10,68
30,003472#2,1,1,10,10,20
30,003472#3,1,1,10,10,71
30,003475#1,1,1,10,10,41
30,003475#2,1,1,10,10,22
30,003475#3,1,1,10,10,51
30,003475#5,1,1,10,10,46
30,003475#6,1,1,10,10,70
30,003475#10,1,1,10,10,21
30,003475#11,1,1,10,10,31
30,003487#0,1,1,10,10,53
30,003487#2,1,1,10,10,62
30,003489#0,1,1,10,10,24
30,003489#2,1,1,10,10,31
30,003489#3,1,1,10,10,55
30,003489#4,1,1,10,10,25
30,003489#5,1,1,10,10,35
30,003489#9,1,1,10,10,26
30,003489#14,1,1,10,10,37
30,003526#0,1,1,10,10,18
30,003526#3,1,1,10,10,13
30,003532#0,1,1,10,10,18
30,003532#1,1,1,10,10,42
30,003546#0,1,1,10,10,27
30,003546#1,1,1,10,10,28
30,003546#2,1,1,10,10,37
30,003592#0,1,1,10,10,23
30,003592#1,1,1,10,10,23
30,003592#2,1,1,10,10,31
30,003592#3,1,1,10,10,20
30,003595#3,1,1,10,10,27
30,003595#4,1,1,10,10,30
30,003595#5,1,1,10,10,21
30,003595#6,1,1,10,10,46
30,003603#3,1,1,10,10,32
30,003653#3,1,1,10,10,15
30,003653#5,1,1,10,10,20
30,003653#6,1,1,10,10,18
30,003653#7,1,1,10,10,14
30,003653#8,1,1,10,10,11
30,003653#9,1,1,10,10,12
30,003653#11,1,1,10,10,36
30,003653#12,1,1,10,10,51
30,003653#14,1,1,8,10,8
30,003653#16,1,1,8,10,9
30,003653#17,1,1,10,10,26
30,003653#18,1,1,8,10,8
30,003679#4,1,1,10,10,50
30,003679#5,1,1,10,10,27
30,003679#7,1,1,10,10,25
30,003679#8,1,1,10,10,32
30,003703#0,1,1,10,10,50
30,003739#0,1,1,10,10,30
30,003739#1,1,1,10,10,35
30,003739#2,1,1,10,10,17
30,003739#3,1,1,10,10,11
30,003739#5,1,1,10,10,16
30,003739#6,1,1,10,10,12
30,003739#7,1,1,10,10,26
30,003739#8,1,1,10,10,16
30,003757#0,1,1,10,10,76
30,003757#7,1,1,10,10,27
30,003757#8,1,1,9,10,10
30,003757#10,1,1,10,10,21
30,003757#14,1,1,10,10,13
30,003757#15,1,1,10,10,15
30,003757#16,1,1,10,10,11
30,003769#0,1,1,10,10,56
30,003838#0,1,1,10,10,72
30,003863#1,1,1,10,10,21
30,003863#3,1,1,10,10,17
30,003863#5,1,1,10,10,33
30,003863#7,1,1,10,10,24
30,003863#9,1,1,10,10,13
30,003863#10,1,1,10,10,12
30,003863#11,1,1,10,10,18
30,003895#2,1,1,10,10,55
30,003896#0,1,1,10,10,43
30,003896#1,1,1,10,10,19
30,003902#0,1,1,10,10,41
30,003902#1,1,1,10,10,15
30,003902#3,1,1,10,10,18
30,003902#4,1,1,10,10,30
30,003902#5,1,1,10,10,18
30,003902#6,1,1,10,10,41
30,003904#0,1,1,10,10,33
30,003904#1,1,1,10,10,19
30,003941#0,1,1,10,10,27
30,003941#1,1,1,10,10,17
30,003941#3,1,1,10,10,12
30,003941#5,1,1,10,10,25
30,003941#7,1,1,10,10,20
30,003941#8,1,1,10,10,26
30,003941#10,1,1,10,10,17
30,003941#11,1,1,10,10,26
30,003941#12,1,1,10,10,17
30,003941#13,1,1,10,10,20
30,003941#14,1,1,10,10,18
30,003941#15,1,1,10,10,22
30,003941#16,1,1,10,10,69
30,003941#20,1,1,10,10,10
30,003941#21,1,1,10,10,25
30,003941#22,1,1,10,10,13
30,003941#24,1,1,10,10,37
30,003941#25,1,1,10,10,18
30,003941#26,1,1,10,10,21
30,003941#27,1,1,10,10,18
30,003941#29,1,1,10,10,17
30,003941#30,1,1,10,10,34
30,003982#5,1,1,10,10,26
30,003982#6,1,1,10,10,15
30,003982#8,1,1,10,10,13
30,003982#11,1,1,10,10,19
30,003982#14,1,1,10,10,29
30,003982#19,1,1,6,10,9
30,003982#20,1,1,6,10,10
30,003982#23,1,1,10,10,25
30,003982#24,1,1,10,10,10
30,003982#30,1,1,10,10,12
30,003982#32,1,1,10,10,14
30,003982#34,1,1,10,10,11
30,003982#36,1,1,10,10,46
30,003982#41,1,1,9,10,10
30,003982#42,1,1,10,10,11
30,003982#43,1,1,10,10,13
30,003982#47,1,1,10,10,57
30,003982#48,1,1,10,10,16
30,003982#49,1,1,10,10,69
30,003982#50,1,1,10,10,34
30,003982#53,1,1,7,10,10
30,003982#57,1,1,10,10,18
30,003982#58,1,1,10,10,18
30,003982#60,1,1,10,10,16
30,003982#61,1,1,10,10,15
30,003982#62,1,1,10,10,17
30,003987#5,1,1,10,10,32
30,003987#6,1,1,10,10,28
30,003987#10,1,1,10,10,66
30,003987#11,1,1,10,10,71
30,003987#15,1,1,10,10,33
30,003987#16,1,1,10,10,42
30,003987#23,1,1,7,10,11
30,003987#27,1,1,10,10,11
30,003987#35,1,1,10,10,26
30,003987#38,1,1,10,10,19
30,003987#39,1,1,10,10,17
30,003987#40,1,1,10,10,16
30,003987#41,1,1,10,10,13
30,003987#43,1,1,10,10,10
30,003987#46,1,1,8,10,8
30,003987#47,1,1,10,10,15
30,003987#49,1,1,10,10,12
30,003987#50,1,1,10,10,15
30,003987#51,1,1,10,10,15
30,003987#52,1,1,10,10,10
30,003987#53,1,1,10,10,19
30,003987#55,1,1,10,10,31
30,hehe_173_000002_024_00000105#2,0,1,0,10,11
30,hehe_173_000002_024_00000105#4,1,1,5,10,11
30,hehe_173_000002_024_00000105#6,1,1,11,10,23
30,hehe_173_000002_024_00000105#7,1,1,10,10,15
30,hehe_173_000002_024_00000105#9,1,1,10,10,31
30,hehe_173_000002_024_00000105#10,1,1,10,10,25
30,hehe_173_000002_024_00000105#11,1,1,9,10,11
30,hehe_173_000002_024_00000105#13,1,1,10,10,31
30,hehe_173_000002_024_00000105#15,1,1,10,10,76
30,hehe_186_000002_028_00000050#1,1,1,10,10,77
30,hehe_22_00000004#0,1,1,10,10,29
30,hehe_22_00000004#2,1,1,10,10,23
30,hehe_22_00000004#4,1,1,10,10,69
30,hehe_22_00000004#6,1,1,10,10,57
30,hehe_22_00000004#7,1,1,10,10,70
30,hehe_22_00000004#9,1,1,6,10,11
30,hehe_230_000002_043_00000061#1,1,1,10,10,69
30,hehe_230_000002_043_00000061#6,1,1,10,10,62
30,hehe_230_000002_043_00000061#7,1,1,10,10,58
30,hehe_230_000002_043_00000061#10,1,1,10,10,31
30,hehe_230_000002_043_00000061#11,1,1,10,10,37
30,hehe_230_000002_043_00000061#13,1,1,10,10,19
30,hehe_230_000002_043_00000061#14,1,1,6,10,12
30,hehe_232_000002_043_00000181#0,1,1,8,10,8
30,hehe_232_000002_043_00000181#1,1,1,10,10,22
30,hehe_232_000002_043_00000181#2,1,1,10,10,57
30,hehe_232_000002_043_00000181#3,1,1,10,10,36
30,hehe_232_000002_043_00000181#8,1,1,10,10,57
30,hehe_274_000002_060_00000105#1,1,1,10,10,67
30,hehe_274_000002_060_00000105#5,1,1,10,10,28
30,hehe_274_000002_060_00000105#6,1,1,10,10,11
30,hehe_40_00000033#1,1,1,10,10,26
30,hehe_40_00000033#2,1,1,9,10,46
30,hehe_40_00000033#3,1,1,1,10,40
30,hehe_40_00000033#5,1,1,10,10,40
30,hehe_45_00000001#2,1,1,10,10,42
30,hehe_45_00000001#4,1,1,10,10,28
30,hehe_45_00000001#5,1,1,10,10,49
30,hehe_45_00000001#6,1,1,10,10,40
30,hehe_45_00000001#7,1,1,10,10,60
30,hehe_45_00000001#8,1,1,10,10,34
30,hehe_45_00000001#9,1,1,10,10,46
30,hehe_52_00000107#0,1,1,10,10,19
30,hehe_52_00000107#1,1,1,8,10,8
30,hehe_61_00000090#2,1,1,10,10,76
30,hehe_61_00000090#3,1,1,10,10,39
30,hehe_61_00000090#4,1,1,10,10,20
30,hehe_61_00000090#9,1,1,10,10,64
30,hehe_61_00000090#10,1,1,10,10,50
30,hehe_61_00000090#11,1,1,10,10,84
30,hehe_65_00000229#2,1,1,10,10,59
30,hehe_65_00000229#3,1,1,10,10,32
30,hehe_65_00000229#4,1,1,10,10,30
30,hehe_65_00000229#6,1,1,10,10,16
30,hehe_65_00000229#7,1,1,10,10,21
30,hehe_6_00000054#0,1,1,10,10,12
30,hehe_6_00000054#2,1,1,10,10,35
30,hehe_6_00000054#3,1,1,10,10,32
30,hehe_6_00000054#4,1,1,10,10,27
30,hehe_6_00000054#6,1,1,10,10,76
30,hehe_6_00000054#13,1,1,10,10,74
30,hehe_6_00000054#16,1,1,10,10,32
30,hehe_6_00000054#17,1,1,10,10,38
30,hehe_86_00000253#0,1,1,10,10,45
30,hehe_86_00000253#3,1,1,10,10,58
30,hehe_87_00000315#1,1,1,10,10,39
30,hehe_87_00000315#2,1,1,10,10,40
30,hehe_87_00000315#3,1,1,10,10,33
30,hehe_87_00000315#4,1,1,10,10,20
30,hehe_87_00000315#5,1,1,10,10,30
30,hehe_87_00000315#6,1,1,9,10,14
30,shuming_1007_00000230#0,1,1,10,10,38
30,shuming_1007_00000230#3,1,1,10,10,43
30,shuming_1007_00000230#4,1,1,4,10,36
30,shuming_1007_00000230#5,1,1,10,10,46
30,shuming_1007_00000230#7,1,1,10,10,63
30,shuming_1007_00000230#10,1,1,10,10,62
30,shuming_1007_00000230#11,1,1,10,10,39
30,shuming_1007_00000230#12,1,1,10,10,34
30,shuming_1007_00000230#13,1,1,10,10,10
30,shuming_1007_00000230#14,1,1,5,10,7
30,shuming_1007_00000230#15,1,1,10,10,79
30,shuming_1007_00000230#16,1,1,10,10,47
30,shuming_1007_00000230#17,1,1,10,10,19
30,shuming_1007_00000230#18,1,1,9,10,13
30,shuming_1007_00000230#20,1,1,10,10,20
30,shuming_1007_00000230#21,1,1,10,10,69
30,shuming_1007_00000230#22,1,1,10,10,27
30,shuming_1007_00000230#23,1,1,10,10,22
30,shuming_1013_00000065#0,1,1,10,10,87
30,shuming_1013_00000065#1,1,1,10,10,41
30,shuming_1013_00000065#3,1,1,10,10,26
30,shuming_1028_00000411#3,1,1,10,10,55
30,shuming_1028_00000411#4,1,1,10,10,10
30,shuming_1028_00000411#5,1,1,10,10,15
30,shuming_1064_00000087#0,1,1,10,10,34
30,shuming_1064_00000087#1,1,1,10,10,55
30,shuming_1064_00000087#2,1,1,10,10,56
30,shuming_1064_00000087#3,1,1,10,10,72
30,shuming_1064_00000087#4,1,1,10,10,69
30,shuming_1064_00000087#6,1,1,10,10,26
30,shuming_1064_00000087#7,1,1,10,10,54
30,shuming_1064_00000087#8,1,1,10,10,86
30,shuming_1076_00000257#1,1,1,10,10,31
30,shuming_1076_00000257#2,1,1,10,10,29
30,shuming_1076_00000257#3,1,1,10,10,20
30,shuming_1076_00000257#4,1,1,10,10,19
30,shuming_1076_00000257#5,1,1,10,10,23
30,shuming_1079_00000233#3,1,1,10,10,18
30,shuming_1079_00000233#4,1,1,10,10,12
30,shuming_1079_00000233#6,1,1,10,10,35
30,shuming_1080_00000016#0,1,1,10,10,72
30,shuming_1080_00000016#4,1,1,10,10,10
30,shuming_1132_00000385#2,1,1,10,10,29
30,shuming_1132_00000385#3,1,1,6,10,32
30,shuming_1132_00000385#4,1,1,10,10,25
30,shuming_1135_00000213#0,1,1,10,10,76
30,shuming_1148_00000041#0,1,1,10,10,74
30,shuming_1157_00000010#0,1,1,10,10,72
30,shuming_1157_00000010#1,1,1,10,10,32
30,shuming_1157_00000010#2,1,1,10,10,18
30,shuming_1180_00000231#3,1,1,10,10,49
30,shuming_24_00000001#0,1,1,10,10,40
30,shuming_24_00000001#1,1,1,10,10,62
30,shuming_340_00000020#1,1,1,10,10,21
30,shuming_340_00000020#19,1,1,10,10,11
30,shuming_340_00000020#22,1,1,7,10,7
30,shuming_340_00000020#23,1,1,10,10,12
30,shuming_340_00000020#26,1,1,9,10,9
30,shuming_340_00000020#30,1,1,9,10,9
30,shuming_340_00000020#31,1,1,10,10,12
30,shuming_340_00000020#38,1,1,10,10,10
30,shuming_35_00000199#0,1,1,10,10,73
30,shuming_35_00000199#3,1,1,10,10,36
30,shuming_35_00000199#4,1,1,10,10,26
30,shuming_35_00000199#5,1,1,3,10,87
30,shuming_35_00000199#6,1,1,10,10,18
30,shuming_35_00000199#8,1,1,10,10,14
30,shuming_35_00000199#9,1,1,8,10,8
30,shuming_35_00000199#11,1,1,10,10,39
30,shuming_410_00000037#0,1,1,6,10,7
30,shuming_410_00000037#9,1,1,10,10,45
30,shuming_461_00000082#0,1,1,10,10,53
30,shuming_461_00000082#2,1,1,10,10,42
30,shuming_461_00000082#3,1,1,10,10,31
30,shuming_461_00000082#4,1,1,10,10,14
30,shuming_461_00000082#5,1,1,10,10,11
30,shuming_465_00000030#0,1,1,10,10,10
30,shuming_465_00000030#2,1,1,10,10,56
30,shuming_465_00000030#3,1,1,10,10,15
30,shuming_470_00000057#3,1,1,10,10,43
30,shuming_470_00000057#4,1,1,10,10,23
30,shuming_482_00000018#3,1,1,10,10,53
30,shuming_482_00000018#4,1,1,10,10,44
30,shuming_482_00000018#5,1,1,10,10,62
30,shuming_485_00000027#3,1,1,10,10,16
30,shuming_485_00000027#4,1,1,10,10,52
30,shuming_503_00000052#0,1,1,10,10,32
30,shuming_503_00000052#1,1,1,10,10,26
30,shuming_562_00000223#2,1,1,10,10,76
30,shuming_571_00000215#0,1,1,10,10,56
30,shuming_571_00000215#1,1,1,10,10,46
30,shuming_574_00000017#0,1,1,10,10,63
30,shuming_608_00000031#1,1,1,10,10,19
30,shuming_608_00000031#2,1,1,10,10,30
30,shuming_608_00000031#3,1,1,10,10,35
30,shuming_608_00000031#4,1,1,10,10,11
30,shuming_610_00000148#0,1,1,10,10,50
30,shuming_63_00000393#3,1,1,10,10,15
30,shuming_63_00000393#4,1,1,10,10,17
30,shuming_63_00000393#5,1,1,9,10,9
30,shuming_63_00000393#6,1,1,10,10,23
30,shuming_63_00000393#7,1,1,10,10,21
30,shuming_63_00000393#8,1,1,10,10,23
30,shuming_63_00000393#9,1,1,10,10,20
30,shuming_663_00000328#2,1,1,10,10,50
30,shuming_663_00000328#3,1,1,10,10,40
30,shuming_67_00000001#1,1,1,10,10,55
30,shuming_67_00000001#2,1,1,10,10,18
30,shuming_698_00000001#0,1,1,10,10,11
30,shuming_698_00000001#1,1,1,5,10,13
30,shuming_698_00000001#2,1,1,10,10,17
30,shuming_698_00000001#3,1,1,10,10,20
30,shuming_698_00000001#4,1,1,10,10,15
30,shuming_698_00000001#5,1,1,10,10,14
30,shuming_698_00000001#7,1,1,10,10,26
30,shuming_698_00000001#8,1,1,10,10,17
30,shuming_698_00000001#9,1,1,10,10,14
30,shuming_698_00000001#10,1,1,10,10,13
30,shuming_698_00000001#11,1,1,10,10,13
30,shuming_698_00000001#12,1,1,10,10,15
30,shuming_698_00000001#13,1,1,10,10,14
30,shuming_698_00000001#14,1,1,10,10,12
30,shuming_698_00000001#15,1,1,10,10,15
30,shuming_698_00000001#16,1,1,10,10,15
30,shuming_698_00000001#17,1,1,10,10,23
30,shuming_698_00000001#18,1,1,10,10,18
30,shuming_698_00000001#19,1,1,10,10,19
30,shuming_698_00000001#20,1,1,10,10,22
30,shuming_698_00000001#21,1,1,10,10,24
30,shuming_698_00000001#22,1,1,10,10,18
30,shuming_698_00000001#23,1,1,10,10,35
30,shuming_698_00000001#25,1,1,10,10,64
30,shuming_706_00000375#0,1,1,8,10,41
30,shuming_706_00000375#2,1,1,10,10,32
30,shuming_706_00000375#3,1,1,8,10,17
30,shuming_706_00000375#4,1,1,10,10,52
30,shuming_72_00000270#19,1,1,10,10,54
30,shuming_72_00000270#20,1,1,10,10,22
30,shuming_72_00000270#22,1,1,10,10,48
30,shuming_72_00000270#24,1,1,10,10,20
30,shuming_731_00000492#0,1,1,10,10,32
30,shuming_731_00000492#1,1,1,10,10,26
30,shuming_731_00000492#3,1,1,10,10,60
30,shuming_731_00000492#5,1,1,10,10,69
30,shuming_753_00000172#0,1,1,10,10,12
30,shuming_758_00000371#0,1,1,10,10,52
30,shuming_763_00000009#2,1,1,10,10,15
30,shuming_774_00000273#3,1,1,10,10,63
30,shuming_774_00000273#5,1,1,10,10,31
30,shuming_779_00000254#1,1,1,10,10,63
30,shuming_779_00000254#5,1,1,10,10,80
30,shuming_783_00000248#0,1,1,10,10,81
30,shuming_783_00000248#2,1,1,10,10,66
30,shuming_793_00000117#2,1,1,10,10,31
30,shuming_825_00000172#1,1,1,10,10,13
30,shuming_825_00000172#2,1,1,7,10,7
30,shuming_825_00000172#3,1,1,10,10,16
30,shuming_826_00000213#1,1,1,10,10,14
30,shuming_826_00000213#2,1,1,10,10,18
30,shuming_826_00000213#3,1,1,9,10,9
30,shuming_85_00000273#4,1,1,10,10,11
30,shuming_987_00000275#1,1,1,10,10,41
30,shuming_987_00000275#2,1,1,10,10,23
30,shuming_987_00000275#3,1,1,10,10,19
30,shuming_987_00000275#4,1,1,10,10,21
30,shuming_987_00000275#5,1,1,10,10,10
50,00000045#1,1,1,10,10,242
50,00000045#2,1,1,10,10,88
50,00000045#3,1,1,10,10,105
50,00000045#6,1,1,10,10,286
50,00000045#7,1,1,10,10,279
50,00000057#1,1,1,10,10,225
50,00000057#2,1,1,10,10,88
50,00000057#3,1,1,10,10,111
50,00000057#5,1,1,10,10,133
50,00000063#1,1,1,10,10,279
50,00000063#2,1,1,10,10,90
50,00000063#3,1,1,10,10,107
50,00000063#5,1,1,10,10,208
50,00000095#1,1,1,10,10,279
50,00000095#2,1,1,10,10,114
50,00000095#3,1,1,10,10,105
50,00000106#1,1,1,10,10,245
50,00000106#2,1,1,10,10,135
50,00000106#3,1,1,10,10,122
50,00000106#5,1,1,10,10,157
50,00000123#1,1,1,10,10,196
50,00000123#2,1,1,10,10,87
50,00000123#3,1,1,10,10,190
50,00000123#5,1,1,10,10,108
50,00000171#0,1,1,10,10,120
50,00000180#0,1,1,10,10,136
50,00000234#1,1,1,10,10,108
50,00000257#0,1,1,10,10,93
50,00000271#0,1,1,10,10,118
50,00000271#1,1,1,10,10,132
50,00000273#0,1,1,10,10,84
50,00000273#1,1,1,10,10,99
50,000002_080_00000048#0,1,1,10,10,69
50,000002_083_00000169#0,1,1,10,10,14
50,000002_083_00000169#1,1,1,10,10,26
50,000002_083_00000169#2,1,1,10,10,36
50,00000346#0,1,1,10,10,381
50,00000364#0,1,1,10,10,210
50,00000396#0,1,1,10,10,111
50,00000399#0,1,1,10,10,82
50,000003_081_00000171#10,1,1,10,10,76
50,000003_081_00000171#11,1,1,10,10,82
50,00000426#0,1,1,10,10,653
50,00000506#0,1,1,10,10,117
50,000005_004_00000286#4,1,1,10,10,62
50,000005_006_00000001#1,1,1,10,10,68
50,000005_006_00000001#2,1,1,5,10,25
50,000005_019_00000209#0,1,1,10,10,43
50,000005_019_00000209#1,1,1,10,10,31
50,000005_019_00000209#2,1,1,10,10,59
50,000005_027_00000493#1,1,1,10,10,34
50,000005_027_00000493#2,1,1,10,10,38
50,000005_027_00000493#3,1,1,10,10,49
50,000005_027_00000493#4,1,1,10,10,21
50,000005_027_00000493#5,1,1,10,10,25
50,000005_027_00000493#6,1,1,10,10,20
50,000005_027_00000493#7,1,1,10,10,26
50,000005_027_00000493#8,1,1,10,10,74
50,000005_028_00000001#2,1,1,10,10,77
50,000005_028_00000163#2,1,1,10,10,31
50,00000618#2,1,1,10,10,101
50,000006_010_00000389#4,1,1,10,10,58
50,000006_011_00000307#3,1,1,10,10,25
50,000006_011_00000409#8,1,1,10,10,40
50,000006_011_00000409#10,1,1,7,10,54
50,000006_012_00000001#3,1,1,10,10,38
50,000006_012_00000001#6,1,1,10,10,63
50,000006_012_00000001#11,1,1,10,10,69
50,000006_012_00000001#12,1,1,10,10,33
50,000008_003_00000235#1,1,1,10,10,76
50,000008_003_00000235#2,1,1,10,10,59
50,000008_003_00000235#3,1,1,10,10,81
50,000008_003_00000235#4,1,1,10,10,66
50,000008_003_00000235#5,1,1,10,10,68
50,000008_003_00000235#10,1,1,10,10,68
50,000008_003_00000235#11,1,1,10,10,16
50,000008_003_00000352#1,1,1,10,10,66
50,000008_003_00000352#3,1,1,10,10,80
50,000008_003_00000352#5,1,1,10,10,74
50,000008_003_00000352#7,1,1,10,10,75
50,000008_003_00000352#8,1,1,10,10,75
50,000008_003_00000352#9,1,1,10,10,76
50,000008_003_00000352#10,1,1,10,10,64
50,000008_003_00000352#12,1,1,10,10,74
50,000008_003_00000352#13,1,1,10,10,16
50,000008_003_00000469#0,1,1,10,10,85
50,000008_003_00000469#1,1,1,10,10,70
50,000008_003_00000469#2,1,1,10,10,67
50,000008_003_00000469#3,1,1,10,10,78
50,000008_003_00000469#4,1,1,10,10,85
50,000008_003_00000469#6,1,1,10,10,89
50,000008_003_00000469#9,1,1,10,10,31
50,000008_003_00000469#10,1,1,10,10,18
50,000008_004_00000665#2,1,1,10,10,34
50,000008_004_00000665#4,1,1,10,10,39
50,000008_004_00000665#11,1,1,10,10,52
50,000008_004_00000665#12,1,1,10,10,63
50,000008_004_00000665#13,1,1,10,10,37
50,000008_013_00000195#1,1,1,10,10,66
50,000008_013_00000195#2,1,1,10,10,60
50,000008_042_00000273#1,1,1,10,10,40
50,000008_045_00000001#0,1,1,10,10,48
50,000008_045_00000001#2,1,1,10,10,70
50,000008_045_00000001#3,1,1,10,10,14
50,000008_045_00000157#0,1,1,10,10,80
50,000008_045_00000157#4,1,1,10,10,17
50,000008_048_00000361#3,1,1,10,10,42
50,000008_048_00000361#4,1,1,10,10,36
50,000008_048_00000361#5,1,1,9,10,29
50,000009_008_00000241#3,1,1,10,10,78
50,000009_008_00000241#5,1,1,10,10,69
50,000009_008_00000241#6,1,1,10,10,29
50,000009_008_00000241#7,1,1,10,10,76
50,000009_008_00000241#9,1,1,10,10,84
50,000009_033_00000333#1,1,1,10,10,16
50,000009_033_00000333#2,1,1,10,10,38
50,000009_033_00000333#3,1,1,10,10,38
50,000009_033_00000333#4,1,1,10,10,36
50,000009_033_00000333#6,1,1,10,10,51
50,000012_008_00000163#3,1,1,10,10,67
50,000012_008_00000163#4,1,1,10,10,55
50,000012_008_00000163#5,1,1,10,10,48
50,000012_008_00000163#6,1,1,10,10,60
50,000012_008_00000163#8,1,1,10,10,74
50,000012_008_00000163#10,1,1,10,10,17
50,000012_008_00000163#11,1,1,10,10,26
50,000012_008_00000163#12,1,1,10,10,27
50,000012_008_00000163#13,1,1,10,10,15
50,000012_008_00000163#14,1,1,10,10,11
50,000012_009_00000244#1,1,1,10,10,71
50,000012_009_00000244#3,1,1,10,10,68
50,000012_009_00000244#4,1,1,10,10,40
50,000012_009_00000244#5,1,1,10,10,45
50,000012_009_00000244#6,1,1,10,10,21
50,000012_009_00000244#7,1,1,10,10,13
50,000012_009_00000244#8,1,1,10,10,12
50,000012_009_00000244#9,1,1,10,10,14
50,000012_009_00000244#10,1,1,10,10,34
50,000012_009_00000244#11,1,1,10,10,18
50,000012_009_00000244#12,1,1,10,10,18
50,000012_009_00000244#13,1,1,10,10,19
50,000012_009_00000244#14,1,1,8,10,8
50,000012_009_00000325#3,1,1,10,10,82
50,000012_009_00000325#4,1,1,10,10,36
50,000012_009_00000325#5,1,1,10,10,43
50,000012_009_00000325#6,1,1,10,10,28
50,000012_009_00000325#7,1,1,10,10,17
50,000012_009_00000325#8,1,1,10,10,16
50,000012_009_00000325#9,1,1,7,10,8
50,000012_009_00000325#11,1,1,10,10,28
50,000012_009_00000325#12,1,1,10,10,15
50,000012_009_00000325#14,1,1,10,10,22
50,000012_009_00000325#15,1,1,2,10,19
50,000012_009_00000325#16,1,1,10,10,35
50,000012_014_00000184#0,1,1,10,10,33
50,000012_014_00000184#1,1,1,10,10,55
50,000012_014_00000184#3,1,1,10,10,26
50,000012_019_00000151#1,1,1,10,10,59
50,000012_019_00000151#2,1,1,10,10,14
50,000012_019_00000151#4,1,1,10,10,21
50,000012_019_00000151#5,1,1,10,10,14
50,000012_022_00000090#0,1,1,10,10,64
50,000012_022_00000090#1,1,1,10,10,23
50,000012_025_00000313#1,1,1,10,10,11
50,000012_025_00000313#2,1,1,10,10,11
50,000012_025_00000313#3,1,1,10,10,13
50,000012_025_00000313#4,1,1,7,10,7
50,000012_025_00000313#5,1,1,10,10,13
50,000012_025_00000313#6,1,1,8,10,8
50,000012_028_00000250#0,1,1,10,10,64
50,000012_028_00000250#1,1,1,10,10,56
50,000013_001_00000001#1,1,1,10,10,33
50,000013_001_00000001#2,1,1,10,10,34
50,000013_001_00000001#3,1,1,10,10,31
50,000013_002_00000281#1,1,1,10,10,31
50,000013_002_00000281#2,1,1,10,10,36
50,000013_002_00000281#3,1,1,10,10,20
50,000013_023_00000075#1,1,1,10,10,56
50,000013_023_00000075#2,1,1,10,10,68
50,000013_025_00000285#0,1,1,10,10,15
50,000013_025_00000285#1,1,1,10,10,56
50,000013_025_00000285#2,1,1,10,10,20
50,000013_030_00000063#0,1,1,10,10,21
50,000013_030_00000063#1,1,1,10,10,68
50,000013_039_00000063#0,1,1,10,10,41
50,000013_039_00000063#1,1,1,10,10,32
50,000013_039_00000063#3,1,1,10,10,26
50,000013_039_00000063#5,1,1,8,10,8
50,000013_040_suppl_00000167#0,1,1,10,10,79
50,000013_040_suppl_00000333#1,1,1,10,10,50
50,000013_040_suppl_00000333#3,1,1,10,10,80
50,000013_040_suppl_00000333#4,1,1,7,10,8
50,000013_044_00000001#0,1,1,10,10,24
50,000013_044_00000001#1,1,1,10,10,31
50,000013_044_00000001#2,0,1,0,10,72
50,000013_044_00000001#4,0,1,0,10,38
50,000013_044_00000001#5,1,1,10,10,72
50,000013_044_00000001#7,1,1,10,10,62
50,000013_048_00000001#0,1,1,9,10,46
50,000013_048_00000001#1,0,1,0,10,60
50,000013_048_00000001#3,1,1,1,10,49
50,000013_048_00000001#4,1,1,10,10,69
50,000013_056_00000281#2,1,1,10,10,49
50,000013_056_00000281#3,1,1,10,10,16
50,000013_056_00000281#4,1,1,10,10,21
50,000013_056_00000281#6,1,1,10,10,11
50,000013_056_00000281#7,1,1,10,10,12
50,000013_056_00000281#8,1,1,10,10,64
50,000013_056_00000281#9,1,1,10,10,43
50,000013_056_00000281#10,1,1,10,10,32
50,000014_012_00000217#1,1,1,10,10,41
50,000014_012_00000217#2,1,1,10,10,48
50,000014_050_00000273#3,1,1,10,10,47
50,000014_050_00000273#4,1,1,10,10,57
50,000014_050_00000273#5,1,1,10,10,26
50,000014_051_suppl_00000341#2,1,1,10,10,15
50,000014_052_00000131#2,1,1,10,10,22
50,000014_052_00000131#3,1,1,10,10,13
50,000015_004_00000268#0,1,1,10,10,27
50,000015_004_suppl_00000223#2,1,1,10,10,36
50,000016_043_suppl_00000292#1,1,1,10,10,21
50,000016_043_suppl_00000292#2,1,1,10,10,56
50,000016_043_suppl_00000292#4,1,1,10,10,30
50,000016_043_suppl_00000292#5,1,1,10,10,25
50,000016_043_suppl_00000292#6,1,1,10,10,45
50,000016_043_suppl_00000292#8,1,1,10,10,26
50,000016_043_suppl_00000292#9,1,1,10,10,32
50,000016_043_suppl_00000292#10,1,1,10,10,19
50,000016_043_suppl_00000292#11,1,1,10,10,27
50,000016_043_suppl_00000292#12,1,1,10,10,32
50,000016_043_suppl_00000292#14,1,1,10,10,70
50,000016_043_suppl_00000292#17,1,1,10,10,47
50,000016_043_suppl_00000292#20,1,1,10,10,23
50,000016_044_00000085#0,1,1,10,10,83
50,000016_044_00000085#1,1,1,10,10,62
50,000016_044_00000085#3,1,1,10,10,17
50,000016_044_00000085#4,1,1,10,10,65
50,000016_044_00000085#7,1,1,10,10,67
50,000016_044_00000085#10,1,1,10,10,78
50,000016_044_00000169#1,1,1,10,10,37
50,000016_044_00000169#2,1,1,10,10,36
50,000016_044_00000169#3,1,1,10,10,16
50,000016_044_00000169#5,1,1,10,10,15
50,000016_044_00000169#6,1,1,10,10,59
50,000016_044_00000169#8,1,1,10,10,88
50,000016_044_00000169#16,1,1,10,10,73
50,000016_044_00000169#17,1,1,10,10,65
50,000017_011_00000297#3,1,1,10,10,12
50,000017_011_00000297#5,1,1,10,10,68
50,000017_011_00000297#9,1,1,10,10,26
50,000017_011_00000297#10,1,1,10,10,86
50,000017_011_00000297#11,1,1,10,10,59
50,000017_011_00000297#13,1,1,10,10,43
50,000017_012_00000135#2,1,1,10,10,36
50,000017_020_00000214#0,1,1,10,10,21
50,000017_020_00000214#2,1,1,10,10,27
50,000017_020_suppl_00000356#0,1,1,10,10,20
50,000017_020_suppl_00000356#2,1,1,10,10,20
50,000018_006_00000063#0,1,1,10,10,66
50,000019_030_00000072#1,1,1,10,10,23
50,000019_030_00000072#2,1,1,10,10,72
50,000019_030_00000072#3,1,1,10,10,54
50,000019_030_00000072#4,1,1,10,10,21
50,000019_030_00000072#5,1,1,10,10,10
50,000019_038_00000205#2,1,1,10,10,20
50,000019_038_00000205#3,1,1,10,10,25
50,000019_038_00000205#4,1,1,10,10,21
50,000019_038_00000205#5,1,1,10,10,36
50,000019_038_00000205#6,1,1,10,10,84
50,000019_038_00000205#7,1,1,9,10,70
50,000019_038_00000205#8,1,1,10,10,82
50,000019_041_00000141#2,1,1,10,10,24
50,000019_045_00000145#4,1,1,10,10,46
50,000019_045_00000145#5,1,1,10,10,42
50,000019_045_00000145#7,1,1,7,10,67
50,000020_010_00000089#1,1,1,10,10,60
50,000020_010_00000089#5,1,1,9,10,9
50,000020_010_00000089#6,1,1,10,10,20
50,000020_010_00000089#7,1,1,5,10,8
50,000020_014_00000193#2,1,1,10,10,63
50,000020_014_00000193#3,1,1,10,10,76
50,000020_014_00000193#5,1,1,10,10,54
50,000020_014_00000193#6,1,1,10,10,77
50,000020_018_00000093#0,1,1,10,10,16
50,000020_018_00000093#1,1,1,10,10,24
50,000020_018_00000093#2,1,1,10,10,81
50,000020_018_00000093#3,1,1,10,10,42
50,000021_020_00000131#2,1,1,10,10,76
50,000023_005_00000070#1,1,1,10,10,32
50,000023_005_00000070#2,1,1,10,10,87
50,000023_005_00000070#3,1,1,10,10,63
50,000023_005_00000070#4,1,1,10,10,63
50,000023_005_00000070#5,1,1,10,10,18
50,000023_005_00000070#6,1,1,10,10,23
50,000031#0,1,1,10,10,53
50,000031#1,1,1,10,10,15
50,000031#2,1,1,8,10,8
50,000031#3,1,1,10,10,15
50,000031#6,1,1,10,10,24
50,000031#8,1,1,10,10,53
50,000031#10,1,1,10,10,16
50,000031#11,1,1,10,10,21
50,000066#0,1,1,10,10,31
50,000066#1,1,1,10,10,15
50,000066#2,1,1,10,10,61
50,000066#3,1,1,10,10,39
50,000070#0,1,1,10,10,28
50,000070#1,1,1,10,10,18
50,000070#2,1,1,8,10,52
50,000070#3,1,1,10,10,67
50,000173#1,1,1,10,10,27
50,000303#2,1,1,10,10,67
50,000303#6,1,1,10,10,30
50,000303#7,1,1,10,10,16
50,000328#1,1,1,10,10,58
50,000328#3,1,1,10,10,65
50,000415#1,1,1,10,10,14
50,000415#2,1,1,8,10,9
50,000415#4,1,1,10,10,22
50,000415#5,1,1,10,10,24
50,000415#6,1,1,10,10,12
50,000415#8,1,1,10,10,10
50,000415#10,1,1,10,10,13
50,000415#11,1,1,10,10,12
50,000415#13,1,1,10,10,21
50,000415#14,1,1,10,10,13
50,000415#15,1,1,10,10,17
50,000415#16,1,1,7,10,8
50,000415#17,1,1,9,10,10
50,000415#19,1,1,10,10,37
50,000433#7,1,1,10,10,57
50,000437#0,1,1,10,10,67
50,000437#1,1,1,10,10,75
50,000437#2,1,1,10,10,26
50,000437#5,1,1,10,10,48
50,000484#2,1,1,10,10,37
50,000484#3,1,1,10,10,55
50,000500#0,1,1,10,10,14
50,000500#1,1,1,9,10,9
50,000500#2,1,1,10,10,15
50,000525#0,1,1,10,10,14
50,000525#1,1,1,10,10,30
50,000525#2,1,1,10,10,35
50,000561#0,1,1,10,10,70
50,000561#3,1,1,10,10,63
50,000561#4,1,1,10,10,38
50,000597#2,1,1,10,10,62
50,000597#3,1,1,6,10,29
50,000630#0,1,1,10,10,14
50,000680#5,1,1,10,10,69
50,000707#1,1,1,10,10,13
50,000707#2,1,1,10,10,18
50,000707#3,1,1,9,10,9
50,000707#4,1,1,10,10,25
50,000707#5,1,1,10,10,20
50,000735#1,1,1,10,10,11
50,000738#0,1,1,10,10,26
50,000738#2,1,1,9,10,9
50,000738#3,1,1,10,10,36
50,000756#4,1,1,10,10,34
50,000759#2,1,1,10,10,34
50,000780#0,1,1,10,10,22
50,000780#3,1,1,10,10,90
50,000783#0,1,1,10,10,45
50,000783#1,1,1,10,10,42
50,000783#3,1,1,10,10,38
50,000783#4,1,1,10,10,26
50,000808#1,1,1,10,10,21
50,000820#2,1,1,10,10,58
50,000820#3,1,1,10,10,45
50,000820#4,1,1,10,10,25
50,000820#5,1,1,10,10,27
50,000820#7,1,1,7,10,8
50,000889#5,1,1,10,10,84
50,000889#6,1,1,10,10,40
50,000889#7,1,1,10,10,14
50,000889#8,1,1,10,10,15
50,000889#9,1,1,10,10,22
50,000889#13,1,1,10,10,24
50,000889#14,1,1,10,10,69
50,000943#0,1,1,10,10,16
50,000943#1,1,1,10,10,14
50,000943#2,1,1,10,10,64
50,000943#3,1,1,6,10,7
50,000943#4,1,1,7,10,7
50,000943#6,1,1,9,10,18
50,000943#7,1,1,10,10,23
50,000952#0,1,1,10,10,22
50,001033#1,1,1,10,10,15
50,001033#2,1,1,10,10,31
50,001033#3,1,1,10,10,41
50,001033#9,1,1,10,10,25
50,001033#10,1,1,6,10,21
50,001035#0,1,1,10,10,19
50,001035#1,1,1,10,10,53
50,001035#2,1,1,10,10,76
50,001035#7,1,1,10,10,40
50,001035#9,1,1,10,10,22
50,001035#10,1,1,10,10,63
50,001114#5,1,1,10,10,47
50,001114#6,1,1,10,10,40
50,001114#7,1,1,9,10,12
50,001114#8,1,1,10,10,26
50,001114#10,1,1,10,10,17
50,001123#0,1,1,10,10,31
50,001123#1,1,1,10,10,76
50,001123#2,1,1,10,10,77
50,001123#4,1,1,10,10,64
50,001123#5,1,1,10,10,42
50,001123#6,1,1,10,10,79
50,001123#7,1,1,10,10,86
50,001123#8,1,1,5,10,36
50,001123#9,1,1,10,10,56
50,001123#10,1,1,10,10,62
50,001123#11,1,1,10,10,66
50,001123#12,1,1,10,10,79
50,001123#13,1,1,10,10,31
50,001123#18,1,1,9,10,9
50,001123#19,1,1,9,10,10
50,001123#20,1,1,10,10,49
50,001123#21,1,1,10,10,32
50,001123#22,1,1,10,10,33
50,001135#4,1,1,10,10,64
50,001135#6,1,1,10,10,72
50,001135#7,1,1,8,10,14
50,001157#4,1,1,10,10,14
50,001157#5,1,1,10,10,30
50,001157#8,1,1,10,10,77
50,001157#9,1,1,10,10,68
50,001202#3,1,1,10,10,72
50,001202#4,1,1,10,10,78
50,001202#8,1,1,10,10,23
50,001202#10,1,1,10,10,56
50,001202#11,1,1,10,10,57
50,001202#12,1,1,10,10,42
50,001257#0,1,1,10,10,46
50,001257#3,1,1,10,10,69
50,001257#6,1,1,10,10,27
50,001257#9,1,1,10,10,27
50,001257#10,1,1,10,10,46
50,001257#11,1,1,10,10,31
50,001276#3,1,1,10,10,58
50,001276#7,1,1,10,10,30
50,001276#9,1,1,10,10,54
50,001276#10,1,1,10,10,27
50,001276#11,1,1,10,10,31
50,001276#12,1,1,10,10,25
50,001276#13,1,1,10,10,35
50,001276#14,1,1,10,10,50
50,001276#15,1,1,10,10,25
50,001295#0,1,1,10,10,30
50,001295#1,1,1,10,10,52
50,001295#3,1,1,10,10,10
50,001295#10,1,1,10,10,55
50,001295#11,1,1,10,10,24
50,001295#12,1,1,10,10,17
50,001295#13,1,1,7,10,28
50,001295#14,1,1,10,10,36
50,001295#15,1,1,10,10,24
50,001295#17,1,1,10,10,19
50,001295#18,1,1,10,10,15
50,001295#19,1,1,10,10,17
50,001295#20,1,1,9,10,16
50,001295#21,1,1,10,10,22
50,001295#22,1,1,10,10,26
50,001295#24,1,1,10,10,26
50,001295#26,1,1,8,10,9
50,001409#0,1,1,10,10,39
50,001409#1,1,1,10,10,43
50,001415#0,1,1,10,10,42
50,001415#1,1,1,10,10,44
50,001415#2,1,1,10,10,41
50,001415#3,1,1,10,10,53
50,001443#3,1,1,10,10,53
50,001443#4,1,1,10,10,73
50,001443#6,1,1,5,10,66
50,001443#7,1,1,10,10,67
50,001443#9,1,1,10,10,27
50,001443#10,1,1,10,10,46
50,001461#2,1,1,10,10,28
50,001461#3,1,1,10,10,42
50,001461#4,1,1,10,10,64
50,001461#5,1,1,10,10,36
50,001531#1,1,1,10,10,16
50,001531#2,1,1,10,10,11
50,001531#6,1,1,10,10,28
50,001531#8,1,1,10,10,11
50,001531#10,1,1,10,10,43
50,001558#4,1,1,10,10,31
50,001683#1,1,1,10,10,83
50,001683#6,1,1,10,10,36
50,001683#7,1,1,10,10,46
50,001683#8,1,1,10,10,50
50,001694#1,1,1,10,10,28
50,001694#2,1,1,10,10,64
50,001694#7,1,1,10,10,62
50,001694#8,1,1,10,10,36
50,001694#9,1,1,10,10,50
50,001694#10,1,1,10,10,27
50,001694#11,1,1,10,10,28
50,001694#12,1,1,10,10,22
50,001694#13,1,1,10,10,27
50,001694#14,1,1,10,10,31
50,001707#1,1,1,10,10,22
50,001707#2,1,1,10,10,68
50,001707#7,1,1,10,10,62
50,001707#8,1,1,10,10,36
50,001707#9,1,1,10,10,31
50,001707#10,1,1,10,10,34
50,001707#11,1,1,10,10,57
50,001707#12,1,1,10,10,19
50,001712#1,1,1,10,10,72
50,001712#6,1,1,10,10,58
50,001712#7,1,1,10,10,16
50,001712#8,1,1,10,10,36
50,001712#9,1,1,10,10,55
50,001712#10,1,1,10,10,25
50,001712#11,1,1,10,10,23
50,001712#12,1,1,10,10,27
50,001724#1,1,1,10,10,11
50,001724#3,1,1,10,10,56
50,001724#7,1,1,10,10,84
50,001724#8,1,1,10,10,34
50,001724#9,1,1,10,10,30
50,001724#10,1,1,10,10,27
50,001724#11,1,1,10,10,34
50,001724#12,1,1,10,10,38
50,001737#3,1,1,10,10,54
50,001737#7,1,1,10,10,76
50,001737#8,1,1,8,10,8
50,001737#9,1,1,10,10,15
50,001737#10,1,1,10,10,36
50,001737#11,1,1,10,10,30
50,001737#12,1,1,10,10,38
50,001737#13,1,1,10,10,30
50,001742#0,1,1,10,10,41
50,001763#0,1,1,10,10,25
50,001785#0,1,1,10,10,50
50,001785#1,1,1,10,10,51
50,001785#2,1,1,10,10,80
50,001851#0,1,1,10,10,48
50,001851#8,1,1,10,10,25
50,001851#9,1,1,10,10,27
50,001851#10,1,1,10,10,31
50,001851#11,1,1,10,10,25
50,001851#12,1,1,10,10,27
50,001851#13,1,1,10,10,50
50,001851#14,1,1,10,10,27
50,001862#0,1,1,10,10,48
50,001862#8,1,1,10,10,21
50,001862#9,1,1,10,10,27
50,001862#10,1,1,10,10,54
50,001862#11,1,1,10,10,21
50,001862#12,1,1,10,10,20
50,001862#13,1,1,10,10,32
50,001862#14,1,1,10,10,29
50,001862#15,1,1,10,10,37
50,001873#0,1,1,10,10,48
50,001873#4,1,1,10,10,73
50,001873#8,1,1,10,10,26
50,001873#9,1,1,10,10,50
50,001873#10,1,1,10,10,14
50,001873#11,1,1,10,10,27
50,001873#12,1,1,10,10,26
50,001873#13,1,1,10,10,27
50,001881#0,1,1,10,10,48
50,001881#4,1,1,10,10,73
50,001881#8,1,1,10,10,25
50,001881#9,1,1,10,10,54
50,001881#10,1,1,10,10,22
50,001884#0,1,1,10,10,52
50,001884#4,1,1,10,10,73
50,001884#8,1,1,10,10,21
50,001884#9,1,1,10,10,57
50,001884#10,1,1,10,10,25
50,001884#11,1,1,10,10,23
50,001884#12,1,1,10,10,20
50,001884#13,1,1,10,10,17
50,001884#14,1,1,10,10,27
50,001898#0,1,1,10,10,52
50,001898#4,1,1,10,10,74
50,001898#7,1,1,10,10,22
50,001898#8,1,1,10,10,20
50,001898#9,1,1,10,10,21
50,001898#10,1,1,10,10,24
50,001898#11,1,1,10,10,36
50,001898#12,1,1,10,10,55
50,001898#13,1,1,10,10,27
50,001898#14,1,1,10,10,24
50,001970#1,1,1,10,10,73
50,001970#3,1,1,10,10,36
50,001970#7,1,1,10,10,65
50,001970#8,1,1,10,10,26
50,001970#9,1,1,10,10,41
50,001970#10,1,1,10,10,27
50,002048#2,1,1,10,10,68
50,002048#3,1,1,10,10,53
50,002048#4,1,1,10,10,76
50,002048#7,1,1,10,10,37
50,002048#8,1,1,10,10,19
50,002048#9,1,1,10,10,40
50,002048#10,1,1,10,10,41
50,002097#3,1,1,10,10,67
50,002097#4,1,1,10,10,75
50,002097#7,1,1,10,10,22
50,002097#8,1,1,10,10,29
50,002097#9,1,1,10,10,32
50,002097#10,1,1,10,10,32
50,002102#0,1,1,10,10,63
50,002102#1,1,1,10,10,67
50,002102#2,1,1,10,10,64
50,002102#3,1,1,10,10,55
50,002102#4,1,1,10,10,59
50,002102#5,1,1,10,10,40
50,002102#6,1,1,10,10,56
50,002102#7,1,1,10,10,56
50,002102#8,1,1,10,10,50
50,002156#0,1,1,10,10,40
50,002156#1,1,1,10,10,28
50,002156#2,1,1,10,10,38
50,002156#3,1,1,10,10,59
50,002156#4,1,1,10,10,81
50,002156#7,1,1,10,10,46
50,002156#8,1,1,10,10,34
50,002156#9,1,1,10,10,53
50,002207#0,1,1,10,10,11
50,002207#1,1,1,10,10,49
50,002235#3,1,1,10,10,36
50,002235#5,1,1,10,10,55
50,002235#6,1,1,5,10,17
50,002235#7,1,1,10,10,27
50,002235#10,1,1,10,10,10
50,002265#3,1,1,10,10,15
50,002265#4,1,1,10,10,13
50,002276#0,1,1,10,10,41
50,002276#1,1,1,10,10,18
50,002276#2,1,1,10,10,32
50,002276#3,1,1,10,10,53
50,002276#6,1,1,10,10,46
50,002331#2,1,1,10,10,49
50,002331#3,1,1,10,10,37
50,002331#4,1,1,10,10,75
50,002331#16,1,1,10,10,14
50,002331#18,1,1,10,10,21
50,002334#1,1,1,10,10,11
50,002334#8,1,1,10,10,56
50,002334#9,1,1,10,10,18
50,002338#0,1,1,10,10,62
50,002338#1,1,1,10,10,70
50,002338#4,1,1,10,10,73
50,002338#5,1,1,10,10,44
50,002357#0,1,1,10,10,23
50,002357#1,1,1,10,10,35
50,002357#2,1,1,10,10,72
50,002357#3,1,1,10,10,43
50,002359#0,1,1,10,10,29
50,002359#1,1,1,10,10,43
50,002359#2,1,1,10,10,45
50,002359#3,1,1,10,10,27
50,002378#0,1,1,10,10,34
50,002378#1,1,1,10,10,11
50,002378#3,1,1,10,10,66
50,002378#5,1,1,10,10,73
50,002378#6,1,1,10,10,19
50,002380#2,1,1,10,10,77
50,002380#3,1,1,10,10,55
50,002380#4,1,1,10,10,19
50,002380#5,1,1,8,10,8
50,002380#6,1,1,10,10,45
50,002380#7,1,1,10,10,14
50,002380#8,1,1,10,10,15
50,002380#9,1,1,10,10,25
50,002413#0,1,1,10,10,23
50,002517#1,1,1,10,10,48
50,002517#2,1,1,10,10,16
50,002517#4,1,1,10,10,23
50,002517#5,1,1,10,10,76
50,002584#4,1,1,9,10,11
50,002584#6,1,1,10,10,11
50,002625#6,1,1,10,10,17
50,002625#8,1,1,10,10,26
50,002625#10,1,1,10,10,27
50,002625#13,1,1,10,10,22
50,002625#14,1,1,10,10,73
50,002625#18,1,1,10,10,29
50,002625#19,1,1,9,10,13
50,002625#20,1,1,10,10,70
50,002625#21,1,1,10,10,82
50,002625#22,1,1,10,10,36
50,002625#23,1,1,10,10,34
50,002625#24,1,1,10,10,65
50,002625#25,1,1,10,10,11
50,002625#26,1,1,10,10,48
50,002625#27,1,1,5,10,25
50,002625#28,1,1,10,10,37
50,002625#29,1,1,10,10,63
50,002625#30,1,1,10,10,23
50,002625#31,1,1,10,10,34
50,002625#32,1,1,10,10,45
50,002625#33,1,1,10,10,12
50,002627#5,1,1,10,10,20
50,002627#7,1,1,10,10,17
50,002627#11,1,1,10,10,74
50,002627#12,1,1,10,10,32
50,002627#15,1,1,10,10,69
50,002627#17,1,1,10,10,73
50,002627#18,1,1,10,10,74
50,002627#19,1,1,10,10,18
50,002627#22,1,1,10,10,87
50,002627#23,1,1,10,10,71
50,002627#26,1,1,10,10,80
50,002627#27,1,1,10,10,81
50,002627#28,1,1,10,10,48
50,002627#30,1,1,10,10,39
50,002627#31,1,1,10,10,50
50,002627#32,1,1,10,10,55
50,002671#7,1,1,10,10,51
50,002671#9,1,1,10,10,25
50,002671#11,1,1,10,10,39
50,002671#12,1,1,10,10,63
50,002671#13,1,1,10,10,45
50,002671#14,1,1,10,10,30
50,002671#15,1,1,10,10,30
50,002671#16,1,1,10,10,18
50,002671#17,1,1,10,10,45
50,002671#18,1,1,10,10,18
50,002671#19,1,1,10,10,57
50,002671#20,1,1,10,10,46
50,002671#21,1,1,10,10,23
50,002671#22,1,1,10,10,23
50,002671#23,1,1,10,10,46
50,002671#24,1,1,10,10,59
50,002677#0,1,1,10,10,63
50,002677#1,1,1,10,10,40
50,002677#16,1,1,10,10,14
50,002677#17,1,1,10,10,24
50,002677#18,1,1,10,10,76
50,002707#11,1,1,10,10,22
50,002707#12,1,1,10,10,25
50,002707#13,1,1,10,10,62
50,002750#1,1,1,10,10,15
50,002750#4,1,1,10,10,42
50,002750#12,1,1,9,10,13
50,002750#13,1,1,10,10,12
50,002750#14,1,1,10,10,10
50,002750#16,1,1,8,10,8
50,002750#18,1,1,10,10,14
50,002750#19,1,1,10,10,22
50,002750#20,1,1,10,10,28
50,002750#21,1,1,10,10,28
50,002750#22,1,1,10,10,53
50,002750#23,1,1,10,10,25
50,002750#25,1,1,10,10,51
50,002762#1,1,1,10,10,17
50,002839#1,1,1,10,10,21
50,002839#2,1,1,10,10,25
50,002839#3,1,1,10,10,48
50,002839#4,1,1,10,10,31
50,002842#3,1,1,10,10,25
50,002842#4,1,1,10,10,21
50,002844#1,1,1,10,10,42
50,002844#2,1,1,10,10,21
50,002844#3,1,1,10,10,38
50,002935#0,1,1,10,10,17
50,002935#1,1,1,8,10,13
50,002955#0,1,1,10,10,72
50,002955#1,1,1,10,10,47
50,002955#4,1,1,10,10,32
50,002955#5,1,1,10,10,21
50,002955#6,1,1,10,10,37
50,002955#7,1,1,10,10,68
50,002955#8,1,1,10,10,61
50,002955#9,1,1,9,10,11
50,002955#10,1,1,10,10,42
50,002955#11,1,1,10,10,42
50,002955#12,1,1,10,10,57
50,002955#13,1,1,10,10,67
50,002955#14,1,1,10,10,73
50,002955#16,1,1,10,10,49
50,002955#17,1,1,10,10,81
50,002955#20,1,1,10,10,15
50,002955#23,1,1,10,10,29
50,002955#24,1,1,7,10,7
50,002987#0,1,1,10,10,16
50,002987#1,1,1,9,10,9
50,002987#2,1,1,10,10,23
50,002987#3,1,1,10,10,14
50,002987#4,1,1,10,10,34
50,002987#6,1,1,10,10,64
50,002987#7,1,1,10,10,73
50,002987#8,1,1,10,10,28
50,002987#9,1,1,10,10,14
50,002987#10,1,1,10,10,15
50,002987#11,1,1,10,10,15
50,002987#12,1,1,8,10,8
50,002987#13,1,1,10,10,34
50,002987#14,1,1,10,10,20
50,002987#15,1,1,10,10,37
50,003007#6,1,1,9,10,9
50,003007#8,1,1,10,10,41
50,003007#9,1,1,10,10,24
50,003013#6,1,1,10,10,20
50,003017#4,1,1,10,10,12
50,003026#4,1,1,10,10,17
50,003056#1,1,1,10,10,24
50,003056#2,1,1,10,10,15
50,003056#3,1,1,10,10,15
50,003056#4,1,1,10,10,11
50,003056#7,1,1,10,10,38
50,003056#8,1,1,8,10,9
50,003056#9,1,1,10,10,27
50,003056#10,1,1,9,10,18
50,003056#11,1,1,10,10,61
50,003148#0,1,1,10,10,61
50,003148#2,1,1,10,10,63
50,003148#3,1,1,10,10,42
50,003148#6,1,1,10,10,47
50,003148#7,1,1,7,10,8
50,003148#8,1,1,7,10,8
50,003160#0,1,1,10,10,42
50,003160#1,1,1,10,10,28
50,003160#2,1,1,10,10,31
50,003160#3,1,1,7,10,27
50,003160#4,1,1,6,10,31
50,003160#5,1,1,10,10,84
50,003160#7,1,1,10,10,37
50,003160#8,1,1,10,10,69
50,003160#9,1,1,10,10,19
50,003160#11,1,1,10,10,78
50,003160#13,1,1,10,10,37
50,003160#14,1,1,10,10,11
50,003160#15,1,1,10,10,55
50,003160#17,1,1,10,10,43
50,003160#18,1,1,10,10,72
50,003160#19,1,1,10,10,26
50,003160#20,1,1,10,10,18
50,003160#21,1,1,10,10,46
50,003198#1,1,1,10,10,64
50,003198#4,1,1,10,10,42
50,003257#5,1,1,8,10,58
50,003262#0,1,1,10,10,28
50,003262#1,1,1,10,10,31
50,003262#4,1,1,10,10,27
50,003262#14,1,1,10,10,10
50,003262#16,1,1,9,10,10
50,003262#17,1,1,10,10,14
50,003262#21,1,1,9,10,16
50,003262#23,1,1,10,10,22
50,003262#24,1,1,10,10,18
50,003262#28,1,1,10,10,50
50,003262#29,1,1,4,10,7
50,003262#30,1,1,10,10,73
50,003273#1,1,1,10,10,73
50,003273#3,1,1,10,10,68
50,003273#4,1,1,10,10,45
50,003273#5,1,1,10,10,12
50,003273#6,1,1,10,10,87
50,003273#8,1,1,10,10,35
50,003273#9,1,1,10,10,19
50,003273#10,1,1,10,10,42
50,003273#11,1,1,10,10,17
50,003273#13,1,1,10,10,20
50,003288#0,1,1,10,10,74
50,003288#3,1,1,10,10,37
50,003288#4,1,1,10,10,27
50,003288#5,1,1,10,10,20
50,003288#6,1,1,10,10,20
50,003288#7,1,1,10,10,16
50,003288#8,1,1,10,10,14
50,003288#9,1,1,10,10,16
50,003288#10,1,1,10,10,18
50,003288#11,1,1,10,10,14
50,003288#12,1,1,10,10,27
50,003288#13,1,1,10,10,33
50,003288#14,1,1,10,10,13
50,003288#16,1,1,10,10,21
50,003288#18,1,1,10,10,69
50,003304#0,1,1,10,10,42
50,003304#1,1,1,10,10,36
50,003304#2,1,1,10,10,14
50,003304#3,1,1,10,10,48
50,003304#4,1,1,10,10,20
50,003304#8,1,1,10,10,25
50,003304#9,1,1,10,10,41
50,003304#11,1,1,10,10,42
50,003304#12,1,1,10,10,30
50,003304#13,1,1,10,10,13
50,003317#1,1,1,8,10,29
50,003317#2,1,1,10,10,26
50,003317#3,1,1,10,10,29
50,003317#5,1,1,10,10,50
50,003317#6,1,1,10,10,23
50,003317#7,1,1,10,10,27
50,003317#8,1,1,10,10,49
50,003317#9,1,1,10,10,30
50,003317#12,1,1,10,10,12
50,003317#14,1,1,8,10,55
50,003317#15,1,1,10,10,70
50,003317#16,1,1,10,10,43
50,003348#0,1,1,10,10,30
50,003353#0,1,1,10,10,14
50,003408#1,1,1,10,10,22
50,003411#0,1,1,10,10,41
50,003411#1,1,1,10,10,52
50,003411#2,1,1,10,10,57
50,003411#3,1,1,10,10,50
50,003419#0,1,1,10,10,84
50,003419#5,1,1,10,10,22
50,003419#13,1,1,9,10,24
50,003419#14,1,1,10,10,30
50,003419#17,1,1,9,10,30
50,003419#18,1,1,10,10,34
50,003419#19,1,1,10,10,18
50,003419#21,1,1,10,10,36
50,003425#5,1,1,10,10,17
50,003425#6,1,1,10,10,13
50,003425#7,1,1,10,10,11
50,003425#10,1,1,10,10,18
50,003425#12,1,1,10,10,44
50,003425#13,1,1,10,10,46
50,003460#0,1,1,10,10,26
50,003460#1,1,1,10,10,64
50,003460#3,1,1,10,10,80
50,003460#5,1,1,10,10,25
50,003460#6,1,1,10,10,73
50,003472#0,1,1,10,10,31
50,003472#1,1,1,10,10,68
50,003472#2,1,1,10,10,20
50,003472#3,1,1,10,10,71
50,003475#1,1,1,10,10,41
50,003475#2,1,1,10,10,22
50,003475#3,1,1,10,10,51
50,003475#5,1,1,10,10,46
50,003475#6,1,1,10,10,70
50,003475#10,1,1,10,10,21
50,003475#11,1,1,10,10,31
50,003487#0,1,1,10,10,53
50,003487#2,1,1,10,10,62
50,003489#0,1,1,10,10,24
50,003489#2,1,1,10,10,31
50,003489#3,1,1,10,10,55
50,003489#4,1,1,10,10,25
50,003489#5,1,1,10,10,35
50,003489#9,1,1,10,10,26
50,003489#14,1,1,10,10,37
50,003526#0,1,1,10,10,18
50,003526#3,1,1,10,10,13
50,003532#0,1,1,10,10,18
50,003532#1,1,1,10,10,42
50,003546#0,1,1,10,10,27
50,003546#1,1,1,10,10,28
50,003546#2,1,1,10,10,37
50,003592#0,1,1,10,10,23
50,003592#1,1,1,10,10,23
50,003592#2,1,1,10,10,31
50,003592#3,1,1,10,10,20
50,003595#3,1,1,10,10,27
50,003595#4,1,1,10,10,30
50,003595#5,1,1,10,10,21
50,003595#6,1,1,10,10,46
50,003603#3,1,1,10,10,32
50,003653#3,1,1,10,10,15
50,003653#5,1,1,10,10,20
50,003653#6,1,1,10,10,18
50,003653#7,1,1,10,10,14
50,003653#8,1,1,10,10,11
50,003653#9,1,1,10,10,12
50,003653#11,1,1,10,10,36
50,003653#12,1,1,10,10,51
50,003653#14,1,1,8,10,8
50,003653#16,1,1,9,10,9
50,003653#17,1,1,10,10,26
50,003653#18,1,1,8,10,8
50,003679#4,1,1,10,10,50
50,003679#5,1,1,10,10,27
50,003679#7,1,1,10,10,25
50,003679#8,1,1,10,10,32
50,003703#0,1,1,10,10,50
50,003739#0,1,1,10,10,30
50,003739#1,1,1,10,10,35
50,003739#2,1,1,10,10,17
50,003739#3,1,1,10,10,11
50,003739#5,1,1,10,10,16
50,003739#6,1,1,6,10,12
50,003739#7,1,1,10,10,26
50,003739#8,1,1,10,10,16
50,003757#0,1,1,10,10,76
50,003757#7,1,1,10,10,27
50,003757#8,1,1,9,10,10
50,003757#10,1,1,9,10,21
50,003757#14,1,1,10,10,13
50,003757#15,1,1,10,10,15
50,003757#16,1,1,9,10,11
50,003769#0,1,1,10,10,56
50,003838#0,1,1,10,10,72
50,003863#1,1,1,10,10,21
50,003863#3,1,1,10,10,17
50,003863#5,1,1,10,10,33
50,003863#7,1,1,10,10,24
50,003863#9,1,1,10,10,13
50,003863#10,1,1,10,10,12
50,003863#11,1,1,10,10,18
50,003895#2,1,1,10,10,55
50,003896#0,1,1,10,10,43
50,003896#1,1,1,10,10,19
50,003902#0,1,1,10,10,41
50,003902#1,1,1,10,10,15
50,003902#3,1,1,10,10,18
50,003902#4,1,1,10,10,30
50,003902#5,1,1,10,10,18
50,003902#6,1,1,10,10,41
50,003904#0,1,1,10,10,33
50,003904#1,1,1,10,10,19
50,003941#0,1,1,10,10,27
50,003941#1,1,1,10,10,17
50,003941#3,1,1,10,10,12
50,003941#5,1,1,10,10,25
50,003941#7,1,1,10,10,20
50,003941#8,1,1,10,10,26
50,003941#10,1,1,10,10,17
50,003941#11,1,1,10,10,26
50,003941#12,1,1,10,10,17
50,003941#13,1,1,10,10,20
50,003941#14,1,1,10,10,18
50,003941#15,1,1,10,10,22
50,003941#16,1,1,10,10,69
50,003941#20,1,1,9,10,10
50,003941#21,1,1,10,10,25
50,003941#22,1,1,10,10,13
50,003941#24,1,1,10,10,37
50,003941#25,1,1,10,10,18
50,003941#26,1,1,10,10,21
50,003941#27,1,1,10,10,18
50,003941#29,1,1,10,10,17
50,003941#30,1,1,10,10,34
50,003982#5,1,1,10,10,26
50,003982#6,1,1,8,10,15
50,003982#8,1,1,10,10,13
50,003982#11,1,1,10,10,19
50,003982#14,1,1,10,10,29
50,003982#19,1,1,4,10,9
50,003982#20,1,1,8,10,10
50,003982#23,1,1,10,10,25
50,003982#24,1,1,10,10,10
50,003982#30,1,1,10,10,12
50,003982#32,1,1,9,10,14
50,003982#34,1,1,10,10,11
50,003982#36,1,1,8,10,46
50,003982#41,1,1,9,10,10
50,003982#42,1,1,10,10,11
50,003982#43,1,1,10,10,13
50,003982#47,1,1,10,10,57
50,003982#48,1,1,10,10,16
50,003982#49,1,1,10,10,69
50,003982#50,1,1,10,10,34
50,003982#53,1,1,7,10,10
50,003982#57,1,1,10,10,18
50,003982#58,1,1,10,10,18
50,003982#60,1,1,10,10,16
50,003982#61,1,1,10,10,15
50,003982#62,1,1,10,10,17
50,003987#5,1,1,10,10,32
50,003987#6,1,1,10,10,28
50,003987#10,1,1,10,10,66
50,003987#11,1,1,10,10,71
50,003987#15,1,1,10,10,33
50,003987#16,1,1,10,10,42
50,003987#23,1,1,7,10,11
50,003987#27,1,1,10,10,11
50,003987#35,1,1,10,10,26
50,003987#38,1,1,10,10,19
50,003987#39,1,1,10,10,17
50,003987#40,1,1,10,10,16
50,003987#41,1,1,10,10,13
50,003987#43,1,1,10,10,10
50,003987#46,1,1,8,10,8
50,003987#47,1,1,10,10,15
50,003987#49,1,1,10,10,12
50,003987#50,1,1,10,10,15
50,003987#51,1,1,10,10,15
50,003987#52,1,1,10,10,10
50,003987#53,1,1,10,10,19
50,003987#55,1,1,10,10,31
50,hehe_173_000002_024_00000105#2,1,1,1,10,11
50,hehe_173_000002_024_00000105#4,1,1,5,10,11
50,hehe_173_000002_024_00000105#6,1,1,11,10,23
50,hehe_173_000002_024_00000105#7,1,1,6,10,15
50,hehe_173_000002_024_00000105#9,1,1,10,10,31
50,hehe_173_000002_024_00000105#10,1,1,10,10,25
50,hehe_173_000002_024_00000105#11,1,1,10,10,11
50,hehe_173_000002_024_00000105#13,1,1,10,10,31
50,hehe_173_000002_024_00000105#15,1,1,10,10,76
50,hehe_186_000002_028_00000050#1,1,1,10,10,77
50,hehe_22_00000004#0,1,1,10,10,29
50,hehe_22_00000004#2,1,1,10,10,23
50,hehe_22_00000004#4,1,1,10,10,69
50,hehe_22_00000004#6,1,1,10,10,57
50,hehe_22_00000004#7,1,1,10,10,70
50,hehe_22_00000004#9,1,1,8,10,11
50,hehe_230_000002_043_00000061#1,1,1,10,10,69
50,hehe_230_000002_043_00000061#6,1,1,10,10,62
50,hehe_230_000002_043_00000061#7,1,1,10,10,58
50,hehe_230_000002_043_00000061#10,1,1,10,10,31
50,hehe_230_000002_043_00000061#11,1,1,10,10,37
50,hehe_230_000002_043_00000061#13,1,1,10,10,19
50,hehe_230_000002_043_00000061#14,1,1,6,10,12
50,hehe_232_000002_043_00000181#0,1,1,8,10,8
50,hehe_232_000002_043_00000181#1,1,1,10,10,22
50,hehe_232_000002_043_00000181#2,1,1,10,10,57
50,hehe_232_000002_043_00000181#3,1,1,10,10,36
50,hehe_232_000002_043_00000181#8,1,1,10,10,57
50,hehe_274_000002_060_00000105#1,1,1,10,10,67
50,hehe_274_000002_060_00000105#5,1,1,10,10,28
50,hehe_274_000002_060_00000105#6,1,1,10,10,11
50,hehe_40_00000033#1,1,1,10,10,26
50,hehe_40_00000033#2,1,1,9,10,46
50,hehe_40_00000033#3,1,1,2,10,40
50,hehe_40_00000033#5,1,1,10,10,40
50,hehe_45_00000001#2,1,1,10,10,42
50,hehe_45_00000001#4,1,1,10,10,28
50,hehe_45_00000001#5,1,1,10,10,49
50,hehe_45_00000001#6,1,1,10,10,40
50,hehe_45_00000001#7,1,1,10,10,60
50,hehe_45_00000001#8,1,1,10,10,34
50,hehe_45_00000001#9,1,1,10,10,46
50,hehe_52_00000107#0,1,1,10,10,19
50,hehe_52_00000107#1,1,1,8,10,8
50,hehe_61_00000090#2,1,1,10,10,76
50,hehe_61_00000090#3,1,1,10,10,39
50,hehe_61_00000090#4,1,1,10,10,20
50,hehe_61_00000090#9,1,1,10,10,64
50,hehe_61_00000090#10,1,1,10,10,50
50,hehe_61_00000090#11,1,1,10,10,84
50,hehe_65_00000229#2,1,1,10,10,59
50,hehe_65_00000229#3,1,1,10,10,32
50,hehe_65_00000229#4,1,1,10,10,30
50,hehe_65_00000229#6,1,1,10,10,16
50,hehe_65_00000229#7,1,1,10,10,21
50,hehe_6_00000054#0,1,1,10,10,12
50,hehe_6_00000054#2,1,1,10,10,35
50,hehe_6_00000054#3,1,1,10,10,32
50,hehe_6_00000054#4,1,1,10,10,27
50,hehe_6_00000054#6,1,1,10,10,76
50,hehe_6_00000054#13,1,1,8,10,74
50,hehe_6_00000054#16,1,1,10,10,32
50,hehe_6_00000054#17,1,1,10,10,38
50,hehe_86_00000253#0,1,1,10,10,45
50,hehe_86_00000253#3,1,1,10,10,58
50,hehe_87_00000315#1,1,1,10,10,39
50,hehe_87_00000315#2,1,1,10,10,40
50,hehe_87_00000315#3,1,1,10,10,33
50,hehe_87_00000315#4,1,1,10,10,20
50,hehe_87_00000315#5,1,1,10,10,30
50,hehe_87_00000315#6,1,1,6,10,14
50,shuming_1007_00000230#0,1,1,10,10,38
50,shuming_1007_00000230#3,1,1,9,10,43
50,shuming_1007_00000230#4,1,1,4,10,36
50,shuming_1007_00000230#5,1,1,10,10,46
50,shuming_1007_00000230#7,1,1,10,10,63
50,shuming_1007_00000230#10,1,1,10,10,62
50,shuming_1007_00000230#11,1,1,10,10,39
50,shuming_1007_00000230#12,1,1,11,10,34
50,shuming_1007_00000230#13,1,1,9,10,10
50,shuming_1007_00000230#14,1,1,5,10,7
50,shuming_1007_00000230#15,1,1,10,10,79
50,shuming_1007_00000230#16,1,1,10,10,47
50,shuming_1007_00000230#17,1,1,10,10,19
50,shuming_1007_00000230#18,1,1,10,10,13
50,shuming_1007_00000230#20,1,1,10,10,20
50,shuming_1007_00000230#21,1,1,10,10,69
50,shuming_1007_00000230#22,1,1,10,10,27
50,shuming_1007_00000230#23,1,1,10,10,22
50,shuming_1013_00000065#0,1,1,10,10,87
50,shuming_1013_00000065#1,1,1,10,10,41
50,shuming_1013_00000065#3,1,1,10,10,26
50,shuming_1028_00000411#3,1,1,10,10,55
50,shuming_1028_00000411#4,1,1,10,10,10
50,shuming_1028_00000411#5,1,1,10,10,15
50,shuming_1064_00000087#0,1,1,10,10,34
50,shuming_1064_00000087#1,1,1,10,10,55
50,shuming_1064_00000087#2,1,1,10,10,56
50,shuming_1064_00000087#3,1,1,10,10,72
50,shuming_1064_00000087#4,1,1,10,10,69
50,shuming_1064_00000087#6,1,1,10,10,26
50,shuming_1064_00000087#7,1,1,10,10,54
50,shuming_1064_00000087#8,1,1,10,10,86
50,shuming_1076_00000257#1,1,1,10,10,31
50,shuming_1076_00000257#2,1,1,10,10,29
50,shuming_1076_00000257#3,1,1,10,10,20
50,shuming_1076_00000257#4,1,1,10,10,19
50,shuming_1076_00000257#5,1,1,10,10,23
50,shuming_1079_00000233#3,1,1,10,10,18
50,shuming_1079_00000233#4,1,1,10,10,12
50,shuming_1079_00000233#6,1,1,10,10,35
50,shuming_1080_00000016#0,1,1,10,10,72
50,shuming_1080_00000016#4,1,1,10,10,10
50,shuming_1132_00000385#2,1,1,10,10,29
50,shuming_1132_00000385#3,1,1,10,10,32
50,shuming_1132_00000385#4,1,1,10,10,25
50,shuming_1135_00000213#0,1,1,10,10,76
50,shuming_1148_00000041#0,1,1,10,10,74
50,shuming_1157_00000010#0,1,1,10,10,72
50,shuming_1157_00000010#1,1,1,10,10,32
50,shuming_1157_00000010#2,1,1,10,10,18
50,shuming_1180_00000231#3,1,1,10,10,49
50,shuming_24_00000001#0,1,1,10,10,40
50,shuming_24_00000001#1,1,1,10,10,62
50,shuming_340_00000020#1,1,1,10,10,21
50,shuming_340_00000020#19,1,1,10,10,11
50,shuming_340_00000020#22,1,1,7,10,7
50,shuming_340_00000020#23,1,1,10,10,12
50,shuming_340_00000020#26,1,1,9,10,9
50,shuming_340_00000020#30,1,1,9,10,9
50,shuming_340_00000020#31,1,1,10,10,12
50,shuming_340_00000020#38,1,1,10,10,10
50,shuming_35_00000199#0,1,1,10,10,73
50,shuming_35_00000199#3,1,1,10,10,36
50,shuming_35_00000199#4,1,1,10,10,26
50,shuming_35_00000199#5,1,1,4,10,87
50,shuming_35_00000199#6,1,1,10,10,18
50,shuming_35_00000199#8,1,1,10,10,14
50,shuming_35_00000199#9,1,1,8,10,8
50,shuming_35_00000199#11,1,1,10,10,39
50,shuming_410_00000037#0,1,1,6,10,7
50,shuming_410_00000037#9,1,1,10,10,45
50,shuming_461_00000082#0,1,1,10,10,53
50,shuming_461_00000082#2,1,1,10,10,42
50,shuming_461_00000082#3,1,1,10,10,31
50,shuming_461_00000082#4,1,1,10,10,14
50,shuming_461_00000082#5,1,1,10,10,11
50,shuming_465_00000030#0,1,1,10,10,10
50,shuming_465_00000030#2,1,1,10,10,56
50,shuming_465_00000030#3,1,1,10,10,15
50,shuming_470_00000057#3,1,1,10,10,43
50,shuming_470_00000057#4,1,1,10,10,23
50,shuming_482_00000018#3,1,1,10,10,53
50,shuming_482_00000018#4,1,1,10,10,44
50,shuming_482_00000018#5,1,1,10,10,62
50,shuming_485_00000027#3,1,1,10,10,16
50,shuming_485_00000027#4,1,1,10,10,52
50,shuming_503_00000052#0,1,1,10,10,32
50,shuming_503_00000052#1,1,1,10,10,26
50,shuming_562_00000223#2,1,1,10,10,76
50,shuming_571_00000215#0,1,1,10,10,56
50,shuming_571_00000215#1,1,1,10,10,46
50,shuming_574_00000017#0,1,1,10,10,63
50,shuming_608_00000031#1,1,1,10,10,19
50,shuming_608_00000031#2,1,1,10,10,30
50,shuming_608_00000031#3,1,1,10,10,35
50,shuming_608_00000031#4,1,1,10,10,11
50,shuming_610_00000148#0,1,1,10,10,50
50,shuming_63_00000393#3,1,1,10,10,15
50,shuming_63_00000393#4,1,1,10,10,17
50,shuming_63_00000393#5,1,1,9,10,9
50,shuming_63_00000393#6,1,1,10,10,23
50,shuming_63_00000393#7,1,1,10,10,21
50,shuming_63_00000393#8,1,1,10,10,23
50,shuming_63_00000393#9,1,1,10,10,20
50,shuming_663_00000328#2,1,1,10,10,50
50,shuming_663_00000328#3,1,1,10,10,40
50,shuming_67_00000001#1,1,1,10,10,55
50,shuming_67_00000001#2,1,1,10,10,18
50,shuming_698_00000001#0,1,1,10,10,11
50,shuming_698_00000001#1,1,1,3,10,13
50,shuming_698_00000001#2,1,1,10,10,17
50,shuming_698_00000001#3,1,1,10,10,20
50,shuming_698_00000001#4,1,1,10,10,15
50,shuming_698_00000001#5,1,1,10,10,14
50,shuming_698_00000001#7,1,1,10,10,26
50,shuming_698_00000001#8,1,1,10,10,17
50,shuming_698_00000001#9,1,1,10,10,14
50,shuming_698_00000001#10,1,1,10,10,13
50,shuming_698_00000001#11,1,1,10,10,13
50,shuming_698_00000001#12,1,1,10,10,15
50,shuming_698_00000001#13,1,1,10,10,14
50,shuming_698_00000001#14,1,1,10,10,12
50,shuming_698_00000001#15,1,1,10,10,15
50,shuming_698_00000001#16,1,1,10,10,15
50,shuming_698_00000001#17,1,1,10,10,23
50,shuming_698_00000001#18,1,1,10,10,18
50,shuming_698_00000001#19,1,1,10,10,19
50,shuming_698_00000001#20,1,1,10,10,22
50,shuming_698_00000001#21,1,1,10,10,24
50,shuming_698_00000001#22,1,1,10,10,18
50,shuming_698_00000001#23,1,1,10,10,35
50,shuming_698_00000001#25,1,1,10,10,64
50,shuming_706_00000375#0,1,1,10,10,41
50,shuming_706_00000375#2,1,1,10,10,32
50,shuming_706_00000375#3,1,1,8,10,17
50,shuming_706_00000375#4,1,1,10,10,52
50,shuming_72_00000270#19,1,1,10,10,54
50,shuming_72_00000270#20,1,1,10,10,22
50,shuming_72_00000270#22,1,1,10,10,48
50,shuming_72_00000270#24,1,1,10,10,20
50,shuming_731_00000492#0,1,1,10,10,32
50,shuming_731_00000492#1,1,1,10,10,26
50,shuming_731_00000492#3,1,1,10,10,60
50,shuming_731_00000492#5,1,1,10,10,69
50,shuming_753_00000172#0,1,1,10,10,12
50,shuming_758_00000371#0,1,1,10,10,52
50,shuming_763_00000009#2,1,1,10,10,15
50,shuming_774_00000273#3,1,1,10,10,63
50,shuming_774_00000273#5,1,1,10,10,31
50,shuming_779_00000254#1,1,1,10,10,63
50,shuming_779_00000254#5,1,1,10,10,80
50,shuming_783_00000248#0,1,1,10,10,81
50,shuming_783_00000248#2,1,1,10,10,66
50,shuming_793_00000117#2,1,1,10,10,31
50,shuming_825_00000172#1,1,1,10,10,13
50,shuming_825_00000172#2,1,1,7,10,7
50,shuming_825_00000172#3,1,1,10,10,16
50,shuming_826_00000213#1,1,1,10,10,14
50,shuming_826_00000213#2,1,1,10,10,18
50,shuming_826_00000213#3,1,1,9,10,9
50,shuming_85_00000273#4,1,1,10,10,11
50,shuming_987_00000275#1,1,1,10,10,41
50,shuming_987_00000275#2,1,1,10,10,23
50,shuming_987_00000275#3,1,1,10,10,19
50,shuming_987_00000275#4,1,1,10,10,21
50,shuming_987_00000275#5,1,1,10,10,10
75,00000045#1,1,1,10,10,242
75,00000045#2,1,1,10,10,88
75,00000045#3,1,1,10,10,105
75,00000045#6,1,1,10,10,286
75,00000045#7,1,1,10,10,279
75,00000057#1,1,1,10,10,225
75,00000057#2,1,1,10,10,88
75,00000057#3,1,1,10,10,111
75,00000057#5,1,1,10,10,133
75,00000063#1,1,1,10,10,279
75,00000063#2,1,1,10,10,90
75,00000063#3,1,1,10,10,107
75,00000063#5,1,1,10,10,208
75,00000095#1,1,1,10,10,279
75,00000095#2,1,1,10,10,114
75,00000095#3,1,1,10,10,105
75,00000106#1,1,1,10,10,245
75,00000106#2,1,1,10,10,135
75,00000106#3,1,1,10,10,122
75,00000106#5,1,1,10,10,157
75,00000123#1,1,1,10,10,196
75,00000123#2,1,1,10,10,87
75,00000123#3,1,1,10,10,190
75,00000123#5,1,1,10,10,108
75,00000171#0,1,1,10,10,120
75,00000180#0,1,1,10,10,136
75,00000234#1,1,1,10,10,108
75,00000257#0,1,1,10,10,93
75,00000271#0,1,1,10,10,118
75,00000271#1,1,1,10,10,132
75,00000273#0,1,1,10,10,84
75,00000273#1,1,1,10,10,99
75,000002_080_00000048#0,1,1,10,10,69
75,000002_083_00000169#0,1,1,10,10,14
75,000002_083_00000169#1,1,1,10,10,26
75,000002_083_00000169#2,1,1,10,10,36
75,00000346#0,1,1,10,10,381
75,00000364#0,1,1,10,10,210
75,00000396#0,1,1,10,10,111
75,00000399#0,1,1,10,10,82
75,000003_081_00000171#10,1,1,10,10,76
75,000003_081_00000171#11,1,1,10,10,82
75,00000426#0,1,1,10,10,653
75,00000506#0,1,1,10,10,117
75,000005_004_00000286#4,1,1,10,10,62
75,000005_006_00000001#1,1,1,10,10,68
75,000005_006_00000001#2,1,1,10,10,25
75,000005_019_00000209#0,1,1,10,10,43
75,000005_019_00000209#1,1,1,10,10,31
75,000005_019_00000209#2,1,1,10,10,59
75,000005_027_00000493#1,1,1,10,10,34
75,000005_027_00000493#2,1,1,10,10,38
75,000005_027_00000493#3,1,1,10,10,49
75,000005_027_00000493#4,1,1,10,10,21
75,000005_027_00000493#5,1,1,10,10,25
75,000005_027_00000493#6,1,1,10,10,20
75,000005_027_00000493#7,1,1,10,10,26
75,000005_027_00000493#8,1,1,10,10,74
75,000005_028_00000001#2,1,1,10,10,77
75,000005_028_00000163#2,1,1,10,10,31
75,00000618#2,1,1,10,10,101
75,000006_010_00000389#4,1,1,10,10,58
75,000006_011_00000307#3,1,1,10,10,25
75,000006_011_00000409#8,1,1,10,10,40
75,000006_011_00000409#10,1,1,3,10,54
75,000006_012_00000001#3,1,1,10,10,38
75,000006_012_00000001#6,1,1,10,10,63
75,000006_012_00000001#11,1,1,10,10,69
75,000006_012_00000001#12,1,1,10,10,33
75,000008_003_00000235#1,1,1,10,10,76
75,000008_003_00000235#2,1,1,10,10,59
75,000008_003_00000235#3,1,1,10,10,81
75,000008_003_00000235#4,1,1,10,10,66
75,000008_003_00000235#5,1,1,10,10,68
75,000008_003_00000235#10,1,1,10,10,68
75,000008_003_00000235#11,1,1,10,10,16
75,000008_003_00000352#1,1,1,10,10,66
75,000008_003_00000352#3,1,1,10,10,80
75,000008_003_00000352#5,1,1,10,10,74
75,000008_003_00000352#7,1,1,10,10,75
75,000008_003_00000352#8,1,1,10,10,75
75,000008_003_00000352#9,1,1,10,10,76
75,000008_003_00000352#10,1,1,10,10,64
75,000008_003_00000352#12,1,1,10,10,74
75,000008_003_00000352#13,1,1,10,10,16
75,000008_003_00000469#0,1,1,10,10,85
75,000008_003_00000469#1,1,1,10,10,70
75,000008_003_00000469#2,1,1,10,10,67
75,000008_003_00000469#3,1,1,10,10,78
75,000008_003_00000469#4,1,1,10,10,85
75,000008_003_00000469#6,1,1,10,10,89
75,000008_003_00000469#9,1,1,10,10,31
75,000008_003_00000469#10,1,1,10,10,18
75,000008_004_00000665#2,1,1,10,10,34
75,000008_004_00000665#4,1,1,10,10,39
75,000008_004_00000665#11,1,1,10,10,52
75,000008_004_00000665#12,1,1,10,10,63
75,000008_004_00000665#13,1,1,10,10,37
75,000008_013_00000195#1,1,1,10,10,66
75,000008_013_00000195#2,1,1,10,10,60
75,000008_042_00000273#1,1,1,10,10,40
75,000008_045_00000001#0,1,1,10,10,48
75,000008_045_00000001#2,1,1,10,10,70
75,000008_045_00000001#3,1,1,10,10,14
75,000008_045_00000157#0,1,1,10,10,80
75,000008_045_00000157#4,1,1,10,10,17
75,000008_048_00000361#3,1,1,10,10,42
75,000008_048_00000361#4,1,1,10,10,36
75,000008_048_00000361#5,1,1,10,10,29
75,000009_008_00000241#3,1,1,10,10,78
75,000009_008_00000241#5,1,1,10,10,69
75,000009_008_00000241#6,1,1,10,10,29
75,000009_008_00000241#7,1,1,10,10,76
75,000009_008_00000241#9,1,1,10,10,84
75,000009_033_00000333#1,1,1,10,10,16
75,000009_033_00000333#2,1,1,10,10,38
75,000009_033_00000333#3,1,1,10,10,38
75,000009_033_00000333#4,1,1,10,10,36
75,000009_033_00000333#6,1,1,10,10,51
75,000012_008_00000163#3,1,1,10,10,67
75,000012_008_00000163#4,1,1,10,10,55
75,000012_008_00000163#5,1,1,10,10,48
75,000012_008_00000163#6,1,1,10,10,60
75,000012_008_00000163#8,1,1,10,10,74
75,000012_008_00000163#10,1,1,10,10,17
75,000012_008_00000163#11,1,1,10,10,26
75,000012_008_00000163#12,1,1,10,10,27
75,000012_008_00000163#13,1,1,10,10,15
75,000012_008_00000163#14,1,1,10,10,11
75,000012_009_00000244#1,1,1,10,10,71
75,000012_009_00000244#3,1,1,10,10,68
75,000012_009_00000244#4,1,1,10,10,40
75,000012_009_00000244#5,1,1,10,10,45
75,000012_009_00000244#6,1,1,10,10,21
75,000012_009_00000244#7,1,1,10,10,13
75,000012_009_00000244#8,1,1,10,10,12
75,000012_009_00000244#9,1,1,10,10,14
75,000012_009_00000244#10,1,1,10,10,34
75,000012_009_00000244#11,1,1,10,10,18
75,000012_009_00000244#12,1,1,10,10,18
75,000012_009_00000244#13,1,1,10,10,19
75,000012_009_00000244#14,1,1,8,10,8
75,000012_009_00000325#3,1,1,10,10,82
75,000012_009_00000325#4,1,1,10,10,36
75,000012_009_00000325#5,1,1,10,10,43
75,000012_009_00000325#6,1,1,10,10,28
75,000012_009_00000325#7,1,1,10,10,17
75,000012_009_00000325#8,1,1,10,10,16
75,000012_009_00000325#9,1,1,8,10,8
75,000012_009_00000325#11,1,1,10,10,28
75,000012_009_00000325#12,1,1,10,10,15
75,000012_009_00000325#14,1,1,10,10,22
75,000012_009_00000325#15,1,1,2,10,19
75,000012_009_00000325#16,1,1,10,10,35
75,000012_014_00000184#0,1,1,10,10,33
75,000012_014_00000184#1,1,1,10,10,55
75,000012_014_00000184#3,1,1,10,10,26
75,000012_019_00000151#1,1,1,10,10,59
75,000012_019_00000151#2,1,1,10,10,14
75,000012_019_00000151#4,1,1,10,10,21
75,000012_019_00000151#5,1,1,10,10,14
75,000012_022_00000090#0,1,1,10,10,64
75,000012_022_00000090#1,1,1,10,10,23
75,000012_025_00000313#1,1,1,10,10,11
75,000012_025_00000313#2,1,1,10,10,11
75,000012_025_00000313#3,1,1,10,10,13
75,000012_025_00000313#4,1,1,7,10,7
75,000012_025_00000313#5,1,1,10,10,13
75,000012_025_00000313#6,1,1,8,10,8
75,000012_028_00000250#0,1,1,10,10,64
75,000012_028_00000250#1,1,1,10,10,56
75,000013_001_00000001#1,1,1,10,10,33
75,000013_001_00000001#2,1,1,10,10,34
75,000013_001_00000001#3,1,1,10,10,31
75,000013_002_00000281#1,1,1,10,10,31
75,000013_002_00000281#2,1,1,10,10,36
75,000013_002_00000281#3,1,1,10,10,20
75,000013_023_00000075#1,1,1,10,10,56
75,000013_023_00000075#2,1,1,10,10,68
75,000013_025_00000285#0,1,1,10,10,15
75,000013_025_00000285#1,1,1,10,10,56
75,000013_025_00000285#2,1,1,10,10,20
75,000013_030_00000063#0,1,1,10,10,21
75,000013_030_00000063#1,1,1,10,10,68
75,000013_039_00000063#0,1,1,10,10,41
75,000013_039_00000063#1,1,1,10,10,32
75,000013_039_00000063#3,1,1,10,10,26
75,000013_039_00000063#5,1,1,8,10,8
75,000013_040_suppl_00000167#0,1,1,10,10,79
75,000013_040_suppl_00000333#1,1,1,10,10,50
75,000013_040_suppl_00000333#3,1,1,10,10,80
75,000013_040_suppl_00000333#4,1,1,8,10,8
75,000013_044_00000001#0,1,1,10,10,24
75,000013_044_00000001#1,1,1,10,10,31
75,000013_044_00000001#2,1,1,4,10,72
75,000013_044_00000001#4,0,1,0,10,38
75,000013_044_00000001#5,1,1,7,10,72
75,000013_044_00000001#7,1,1,10,10,62
75,000013_048_00000001#0,1,1,10,10,46
75,000013_048_00000001#1,1,1,8,10,60
75,000013_048_00000001#3,0,1,0,10,49
75,000013_048_00000001#4,1,1,2,10,69
75,000013_056_00000281#2,1,1,10,10,49
75,000013_056_00000281#3,1,1,10,10,16
75,000013_056_00000281#4,1,1,10,10,21
75,000013_056_00000281#6,1,1,10,10,11
75,000013_056_00000281#7,1,1,10,10,12
75,000013_056_00000281#8,1,1,10,10,64
75,000013_056_00000281#9,1,1,10,10,43
75,000013_056_00000281#10,1,1,10,10,32
75,000014_012_00000217#1,1,1,10,10,41
75,000014_012_00000217#2,1,1,10,10,48
75,000014_050_00000273#3,1,1,10,10,47
75,000014_050_00000273#4,1,1,10,10,57
75,000014_050_00000273#5,1,1,10,10,26
75,000014_051_suppl_00000341#2,1,1,10,10,15
75,000014_052_00000131#2,1,1,10,10,22
75,000014_052_00000131#3,1,1,10,10,13
75,000015_004_00000268#0,1,1,10,10,27
75,000015_004_suppl_00000223#2,1,1,10,10,36
75,000016_043_suppl_00000292#1,1,1,10,10,21
75,000016_043_suppl_00000292#2,1,1,10,10,56
75,000016_043_suppl_00000292#4,1,1,10,10,30
75,000016_043_suppl_00000292#5,1,1,10,10,25
75,000016_043_suppl_00000292#6,1,1,10,10,45
75,000016_043_suppl_00000292#8,1,1,10,10,26
75,000016_043_suppl_00000292#9,1,1,10,10,32
75,000016_043_suppl_00000292#10,1,1,10,10,19
75,000016_043_suppl_00000292#11,1,1,10,10,27
75,000016_043_suppl_00000292#12,1,1,10,10,32
75,000016_043_suppl_00000292#14,1,1,10,10,70
75,000016_043_suppl_00000292#17,1,1,10,10,47
75,000016_043_suppl_00000292#20,1,1,10,10,23
75,000016_044_00000085#0,1,1,10,10,83
75,000016_044_00000085#1,1,1,10,10,62
75,000016_044_00000085#3,1,1,10,10,17
75,000016_044_00000085#4,1,1,10,10,65
75,000016_044_00000085#7,1,1,10,10,67
75,000016_044_00000085#10,1,1,10,10,78
75,000016_044_00000169#1,1,1,10,10,37
75,000016_044_00000169#2,1,1,10,10,36
75,000016_044_00000169#3,1,1,10,10,16
75,000016_044_00000169#5,1,1,10,10,15
75,000016_044_00000169#6,1,1,10,10,59
75,000016_044_00000169#8,1,1,10,10,88
75,000016_044_00000169#16,1,1,10,10,73
75,000016_044_00000169#17,1,1,10,10,65
75,000017_011_00000297#3,1,1,10,10,12
75,000017_011_00000297#5,1,1,10,10,68
75,000017_011_00000297#9,1,1,10,10,26
75,000017_011_00000297#10,1,1,10,10,86
75,000017_011_00000297#11,1,1,10,10,59
75,000017_011_00000297#13,1,1,10,10,43
75,000017_012_00000135#2,1,1,10,10,36
75,000017_020_00000214#0,1,1,10,10,21
75,000017_020_00000214#2,1,1,10,10,27
75,000017_020_suppl_00000356#0,1,1,10,10,20
75,000017_020_suppl_00000356#2,1,1,10,10,20
75,000018_006_00000063#0,1,1,10,10,66
75,000019_030_00000072#1,1,1,10,10,23
75,000019_030_00000072#2,1,1,10,10,72
75,000019_030_00000072#3,1,1,10,10,54
75,000019_030_00000072#4,1,1,10,10,21
75,000019_030_00000072#5,1,1,10,10,10
75,000019_038_00000205#2,1,1,10,10,20
75,000019_038_00000205#3,1,1,10,10,25
75,000019_038_00000205#4,1,1,10,10,21
75,000019_038_00000205#5,1,1,10,10,36
75,000019_038_00000205#6,1,1,10,10,84
75,000019_038_00000205#7,1,1,10,10,70
75,000019_038_00000205#8,1,1,10,10,82
75,000019_041_00000141#2,1,1,10,10,24
75,000019_045_00000145#4,1,1,10,10,46
75,000019_045_00000145#5,1,1,10,10,42
75,000019_045_00000145#7,1,1,4,10,67
75,000020_010_00000089#1,1,1,10,10,60
75,000020_010_00000089#5,1,1,9,10,9
75,000020_010_00000089#6,1,1,10,10,20
75,000020_010_00000089#7,1,1,4,10,8
75,000020_014_00000193#2,1,1,10,10,63
75,000020_014_00000193#3,1,1,10,10,76
75,000020_014_00000193#5,1,1,10,10,54
75,000020_014_00000193#6,1,1,10,10,77
75,000020_018_00000093#0,1,1,10,10,16
75,000020_018_00000093#1,1,1,10,10,24
75,000020_018_00000093#2,1,1,10,10,81
75,000020_018_00000093#3,1,1,10,10,42
75,000021_020_00000131#2,1,1,10,10,76
75,000023_005_00000070#1,1,1,10,10,32
75,000023_005_00000070#2,1,1,10,10,87
75,000023_005_00000070#3,1,1,10,10,63
75,000023_005_00000070#4,1,1,10,10,63
75,000023_005_00000070#5,1,1,10,10,18
75,000023_005_00000070#6,1,1,10,10,23
75,000031#0,1,1,10,10,53
75,000031#1,1,1,10,10,15
75,000031#2,1,1,8,10,8
75,000031#3,1,1,10,10,15
75,000031#6,1,1,10,10,24
75,000031#8,1,1,10,10,53
75,000031#10,1,1,10,10,16
75,000031#11,1,1,10,10,21
75,000066#0,1,1,10,10,31
75,000066#1,1,1,10,10,15
75,000066#2,1,1,10,10,61
75,000066#3,1,1,10,10,39
75,000070#0,1,1,10,10,28
75,000070#1,1,1,10,10,18
75,000070#2,1,1,9,10,52
75,000070#3,1,1,9,10,67
75,000173#1,1,1,10,10,27
75,000303#2,1,1,10,10,67
75,000303#6,1,1,10,10,30
75,000303#7,1,1,10,10,16
75,000328#1,1,1,10,10,58
75,000328#3,1,1,10,10,65
75,000415#1,1,1,10,10,14
75,000415#2,1,1,9,10,9
75,000415#4,1,1,10,10,22
75,000415#5,1,1,10,10,24
75,000415#6,1,1,10,10,12
75,000415#8,1,1,10,10,10
75,000415#10,1,1,10,10,13
75,000415#11,1,1,10,10,12
75,000415#13,1,1,10,10,21
75,000415#14,1,1,10,10,13
75,000415#15,1,1,10,10,17
75,000415#16,1,1,8,10,8
75,000415#17,1,1,10,10,10
75,000415#19,1,1,10,10,37
75,000433#7,1,1,10,10,57
75,000437#0,1,1,10,10,67
75,000437#1,1,1,10,10,75
75,000437#2,1,1,10,10,26
75,000437#5,1,1,10,10,48
75,000484#2,1,1,10,10,37
75,000484#3,1,1,10,10,55
75,000500#0,1,1,10,10,14
75,000500#1,1,1,9,10,9
75,000500#2,1,1,10,10,15
75,000525#0,1,1,10,10,14
75,000525#1,1,1,10,10,30
75,000525#2,1,1,10,10,35
75,000561#0,1,1,10,10,70
75,000561#3,1,1,10,10,63
75,000561#4,1,1,10,10,38
75,000597#2,1,1,10,10,62
75,000597#3,1,1,5,10,29
75,000630#0,1,1,10,10,14
75,000680#5,1,1,10,10,69
75,000707#1,1,1,10,10,13
75,000707#2,1,1,10,10,18
75,000707#3,1,1,9,10,9
75,000707#4,1,1,10,10,25
75,000707#5,1,1,10,10,20
75,000735#1,1,1,10,10,11
75,000738#0,1,1,10,10,26
75,000738#2,1,1,9,10,9
75,000738#3,1,1,10,10,36
75,000756#4,1,1,10,10,34
75,000759#2,1,1,10,10,34
75,000780#0,1,1,10,10,22
75,000780#3,1,1,10,10,90
75,000783#0,1,1,10,10,45
75,000783#1,1,1,10,10,42
75,000783#3,1,1,10,10,38
75,000783#4,1,1,10,10,26
75,000808#1,1,1,10,10,21
75,000820#2,1,1,10,10,58
75,000820#3,1,1,10,10,45
75,000820#4,1,1,10,10,25
75,000820#5,1,1,10,10,27
75,000820#7,1,1,8,10,8
75,000889#5,1,1,10,10,84
75,000889#6,1,1,10,10,40
75,000889#7,1,1,10,10,14
75,000889#8,1,1,10,10,15
75,000889#9,1,1,10,10,22
75,000889#13,1,1,10,10,24
75,000889#14,1,1,10,10,69
75,000943#0,1,1,10,10,16
75,000943#1,1,1,10,10,14
75,000943#2,1,1,10,10,64
75,000943#3,1,1,6,10,7
75,000943#4,1,1,7,10,7
75,000943#6,1,1,8,10,18
75,000943#7,1,1,10,10,23
75,000952#0,1,1,10,10,22
75,001033#1,1,1,10,10,15
75,001033#2,1,1,10,10,31
75,001033#3,1,1,10,10,41
75,001033#9,1,1,10,10,25
75,001033#10,1,1,10,10,21
75,001035#0,1,1,10,10,19
75,001035#1,1,1,10,10,53
75,001035#2,1,1,10,10,76
75,001035#7,1,1,10,10,40
75,001035#9,1,1,10,10,22
75,001035#10,1,1,10,10,63
75,001114#5,1,1,10,10,47
75,001114#6,1,1,10,10,40
75,001114#7,1,1,10,10,12
75,001114#8,1,1,10,10,26
75,001114#10,1,1,10,10,17
75,001123#0,1,1,10,10,31
75,001123#1,1,1,10,10,76
75,001123#2,1,1,10,10,77
75,001123#4,1,1,10,10,64
75,001123#5,1,1,10,10,42
75,001123#6,1,1,10,10,79
75,001123#7,1,1,10,10,86
75,001123#8,1,1,6,10,36
75,001123#9,1,1,10,10,56
75,001123#10,1,1,10,10,62
75,001123#11,1,1,10,10,66
75,001123#12,1,1,10,10,79
75,001123#13,1,1,10,10,31
75,001123#18,1,1,9,10,9
75,001123#19,1,1,10,10,10
75,001123#20,1,1,10,10,49
75,001123#21,1,1,10,10,32
75,001123#22,1,1,10,10,33
75,001135#4,1,1,10,10,64
75,001135#6,1,1,10,10,72
75,001135#7,1,1,9,10,14
75,001157#4,1,1,10,10,14
75,001157#5,1,1,10,10,30
75,001157#8,1,1,10,10,77
75,001157#9,1,1,10,10,68
75,001202#3,1,1,10,10,72
75,001202#4,1,1,10,10,78
75,001202#8,1,1,10,10,23
75,001202#10,1,1,10,10,56
75,001202#11,1,1,10,10,57
75,001202#12,1,1,10,10,42
75,001257#0,1,1,10,10,46
75,001257#3,1,1,10,10,69
75,001257#6,1,1,10,10,27
75,001257#9,1,1,10,10,27
75,001257#10,1,1,10,10,46
75,001257#11,1,1,10,10,31
75,001276#3,1,1,10,10,58
75,001276#7,1,1,10,10,30
75,001276#9,1,1,10,10,54
75,001276#10,1,1,10,10,27
75,001276#11,1,1,10,10,31
75,001276#12,1,1,10,10,25
75,001276#13,1,1,10,10,35
75,001276#14,1,1,10,10,50
75,001276#15,1,1,10,10,25
75,001295#0,1,1,10,10,30
75,001295#1,1,1,10,10,52
75,001295#3,1,1,10,10,10
75,001295#10,1,1,10,10,55
75,001295#11,1,1,10,10,24
75,001295#12,1,1,10,10,17
75,001295#13,1,1,10,10,28
75,001295#14,1,1,10,10,36
75,001295#15,1,1,10,10,24
75,001295#17,1,1,10,10,19
75,001295#18,1,1,10,10,15
75,001295#19,1,1,10,10,17
75,001295#20,1,1,10,10,16
75,001295#21,1,1,10,10,22
75,001295#22,1,1,10,10,26
75,001295#24,1,1,10,10,26
75,001295#26,1,1,9,10,9
75,001409#0,1,1,10,10,39
75,001409#1,1,1,10,10,43
75,001415#0,1,1,10,10,42
75,001415#1,1,1,10,10,44
75,001415#2,1,1,10,10,41
75,001415#3,1,1,10,10,53
75,001443#3,1,1,10,10,53
75,001443#4,1,1,10,10,73
75,001443#6,1,1,10,10,66
75,001443#7,1,1,10,10,67
75,001443#9,1,1,10,10,27
75,001443#10,1,1,10,10,46
75,001461#2,1,1,10,10,28
75,001461#3,1,1,10,10,42
75,001461#4,1,1,10,10,64
75,001461#5,1,1,10,10,36
75,001531#1,1,1,10,10,16
75,001531#2,1,1,10,10,11
75,001531#6,1,1,10,10,28
75,001531#8,1,1,10,10,11
75,001531#10,1,1,10,10,43
75,001558#4,1,1,10,10,31
75,001683#1,1,1,10,10,83
75,001683#6,1,1,10,10,36
75,001683#7,1,1,10,10,46
75,001683#8,1,1,10,10,50
75,001694#1,1,1,10,10,28
75,001694#2,1,1,10,10,64
75,001694#7,1,1,10,10,62
75,001694#8,1,1,10,10,36
75,001694#9,1,1,10,10,50
75,001694#10,1,1,10,10,27
75,001694#11,1,1,10,10,28
75,001694#12,1,1,10,10,22
75,001694#13,1,1,10,10,27
75,001694#14,1,1,10,10,31
75,001707#1,1,1,10,10,22
75,001707#2,1,1,10,10,68
75,001707#7,1,1,10,10,62
75,001707#8,1,1,10,10,36
75,001707#9,1,1,10,10,31
75,001707#10,1,1,10,10,34
75,001707#11,1,1,10,10,57
75,001707#12,1,1,10,10,19
75,001712#1,1,1,10,10,72
75,001712#6,1,1,10,10,58
75,001712#7,1,1,10,10,16
75,001712#8,1,1,10,10,36
75,001712#9,1,1,10,10,55
75,001712#10,1,1,10,10,25
75,001712#11,1,1,10,10,23
75,001712#12,1,1,10,10,27
75,001724#1,1,1,10,10,11
75,001724#3,1,1,10,10,56
75,001724#7,1,1,10,10,84
75,001724#8,1,1,10,10,34
75,001724#9,1,1,10,10,30
75,001724#10,1,1,10,10,27
75,001724#11,1,1,10,10,34
75,001724#12,1,1,10,10,38
75,001737#3,1,1,10,10,54
75,001737#7,1,1,10,10,76
75,001737#8,1,1,8,10,8
75,001737#9,1,1,10,10,15
75,001737#10,1,1,10,10,36
75,001737#11,1,1,10,10,30
75,001737#12,1,1,10,10,38
75,001737#13,1,1,10,10,30
75,001742#0,1,1,10,10,41
75,001763#0,1,1,10,10,25
75,001785#0,1,1,10,10,50
75,001785#1,1,1,10,10,51
75,001785#2,1,1,10,10,80
75,001851#0,1,1,10,10,48
75,001851#8,1,1,10,10,25
75,001851#9,1,1,10,10,27
75,001851#10,1,1,10,10,31
75,001851#11,1,1,10,10,25
75,001851#12,1,1,10,10,27
75,001851#13,1,1,10,10,50
75,001851#14,1,1,10,10,27
75,001862#0,1,1,10,10,48
75,001862#8,1,1,10,10,21
75,001862#9,1,1,10,10,27
75,001862#10,1,1,10,10,54
75,001862#11,1,1,10,10,21
75,001862#12,1,1,10,10,20
75,001862#13,1,1,10,10,32
75,001862#14,1,1,10,10,29
75,001862#15,1,1,10,10,37
75,001873#0,1,1,10,10,48
75,001873#4,1,1,10,10,73
75,001873#8,1,1,10,10,26
75,001873#9,1,1,10,10,50
75,001873#10,1,1,10,10,14
75,001873#11,1,1,10,10,27
75,001873#12,1,1,10,10,26
75,001873#13,1,1,10,10,27
75,001881#0,1,1,10,10,48
75,001881#4,1,1,10,10,73
75,001881#8,1,1,10,10,25
75,001881#9,1,1,10,10,54
75,001881#10,1,1,10,10,22
75,001884#0,1,1,10,10,52
75,001884#4,1,1,10,10,73
75,001884#8,1,1,10,10,21
75,001884#9,1,1,10,10,57
75,001884#10,1,1,10,10,25
75,001884#11,1,1,10,10,23
75,001884#12,1,1,10,10,20
75,001884#13,1,1,10,10,17
75,001884#14,1,1,10,10,27
75,001898#0,1,1,10,10,52
75,001898#4,1,1,10,10,74
75,001898#7,1,1,10,10,22
75,001898#8,1,1,10,10,20
75,001898#9,1,1,10,10,21
75,001898#10,1,1,10,10,24
75,001898#11,1,1,10,10,36
75,001898#12,1,1,10,10,55
75,001898#13,1,1,10,10,27
75,001898#14,1,1,10,10,24
75,001970#1,1,1,10,10,73
75,001970#3,1,1,10,10,36
75,001970#7,1,1,10,10,65
75,001970#8,1,1,10,10,26
75,001970#9,1,1,10,10,41
75,001970#10,1,1,10,10,27
75,002048#2,1,1,10,10,68
75,002048#3,1,1,10,10,53
75,002048#4,1,1,10,10,76
75,002048#7,1,1,10,10,37
75,002048#8,1,1,10,10,19
75,002048#9,1,1,10,10,40
75,002048#10,1,1,10,10,41
75,002097#3,1,1,10,10,67
75,002097#4,1,1,10,10,75
75,002097#7,1,1,10,10,22
75,002097#8,1,1,10,10,29
75,002097#9,1,1,10,10,32
75,002097#10,1,1,10,10,32
75,002102#0,1,1,10,10,63
75,002102#1,1,1,10,10,67
75,002102#2,1,1,10,10,64
75,002102#3,1,1,10,10,55
75,002102#4,1,1,10,10,59
75,002102#5,1,1,10,10,40
75,002102#6,1,1,10,10,56
75,002102#7,1,1,10,10,56
75,002102#8,1,1,10,10,50
75,002156#0,1,1,10,10,40
75,002156#1,1,1,10,10,28
75,002156#2,1,1,10,10,38
75,002156#3,1,1,10,10,59
75,002156#4,1,1,10,10,81
75,002156#7,1,1,10,10,46
75,002156#8,1,1,10,10,34
75,002156#9,1,1,10,10,53
75,002207#0,1,1,10,10,11
75,002207#1,1,1,10,10,49
75,002235#3,1,1,10,10,36
75,002235#5,1,1,10,10,55
75,002235#6,1,1,5,10,17
75,002235#7,1,1,10,10,27
75,002235#10,1,1,10,10,10
75,002265#3,1,1,10,10,15
75,002265#4,1,1,10,10,13
75,002276#0,1,1,10,10,41
75,002276#1,1,1,10,10,18
75,002276#2,1,1,10,10,32
75,002276#3,1,1,10,10,53
75,002276#6,1,1,10,10,46
75,002331#2,1,1,10,10,49
75,002331#3,1,1,10,10,37
75,002331#4,1,1,10,10,75
75,002331#16,1,1,10,10,14
75,002331#18,1,1,7,10,21
75,002334#1,1,1,10,10,11
75,002334#8,1,1,10,10,56
75,002334#9,1,1,10,10,18
75,002338#0,1,1,10,10,62
75,002338#1,1,1,10,10,70
75,002338#4,1,1,10,10,73
75,002338#5,1,1,10,10,44
75,002357#0,1,1,10,10,23
75,002357#1,1,1,10,10,35
75,002357#2,1,1,10,10,72
75,002357#3,1,1,10,10,43
75,002359#0,1,1,10,10,29
75,002359#1,1,1,10,10,43
75,002359#2,1,1,10,10,45
75,002359#3,1,1,10,10,27
75,002378#0,1,1,10,10,34
75,002378#1,1,1,10,10,11
75,002378#3,1,1,10,10,66
75,002378#5,1,1,10,10,73
75,002378#6,1,1,10,10,19
75,002380#2,1,1,10,10,77
75,002380#3,1,1,10,10,55
75,002380#4,1,1,10,10,19
75,002380#5,1,1,8,10,8
75,002380#6,1,1,10,10,45
75,002380#7,1,1,10,10,14
75,002380#8,1,1,10,10,15
75,002380#9,1,1,10,10,25
75,002413#0,1,1,10,10,23
75,002517#1,1,1,10,10,48
75,002517#2,1,1,10,10,16
75,002517#4,1,1,10,10,23
75,002517#5,1,1,10,10,76
75,002584#4,1,1,7,10,11
75,002584#6,1,1,10,10,11
75,002625#6,1,1,10,10,17
75,002625#8,1,1,10,10,26
75,002625#10,1,1,10,10,27
75,002625#13,1,1,10,10,22
75,002625#14,1,1,10,10,73
75,002625#18,1,1,10,10,29
75,002625#19,1,1,9,10,13
75,002625#20,1,1,10,10,70
75,002625#21,1,1,10,10,82
75,002625#22,1,1,10,10,36
75,002625#23,1,1,10,10,34
75,002625#24,1,1,10,10,65
75,002625#25,1,1,10,10,11
75,002625#26,1,1,10,10,48
75,002625#27,1,1,4,10,25
75,002625#28,1,1,10,10,37
75,002625#29,1,1,10,10,63
75,002625#30,1,1,10,10,23
75,002625#31,1,1,10,10,34
75,002625#32,1,1,10,10,45
75,002625#33,1,1,10,10,12
75,002627#5,1,1,10,10,20
75,002627#7,1,1,10,10,17
75,002627#11,1,1,10,10,74
75,002627#12,1,1,10,10,32
75,002627#15,1,1,10,10,69
75,002627#17,1,1,10,10,73
75,002627#18,1,1,10,10,74
75,002627#19,1,1,10,10,18
75,002627#22,1,1,10,10,87
75,002627#23,1,1,10,10,71
75,002627#26,1,1,10,10,80
75,002627#27,1,1,10,10,81
75,002627#28,1,1,10,10,48
75,002627#30,1,1,10,10,39
75,002627#31,1,1,10,10,50
75,002627#32,1,1,10,10,55
75,002671#7,1,1,10,10,51
75,002671#9,1,1,10,10,25
75,002671#11,1,1,10,10,39
75,002671#12,1,1,10,10,63
75,002671#13,1,1,10,10,45
75,002671#14,1,1,10,10,30
75,002671#15,1,1,10,10,30
75,002671#16,1,1,10,10,18
75,002671#17,1,1,10,10,45
75,002671#18,1,1,10,10,18
75,002671#19,1,1,10,10,57
75,002671#20,1,1,10,10,46
75,002671#21,1,1,10,10,23
75,002671#22,1,1,10,10,23
75,002671#23,1,1,10,10,46
75,002671#24,1,1,10,10,59
75,002677#0,1,1,10,10,63
75,002677#1,1,1,10,10,40
75,002677#16,1,1,10,10,14
75,002677#17,1,1,10,10,24
75,002677#18,1,1,10,10,76
75,002707#11,1,1,10,10,22
75,002707#12,1,1,10,10,25
75,002707#13,1,1,10,10,62
75,002750#1,1,1,10,10,15
75,002750#4,1,1,10,10,42
75,002750#12,1,1,10,10,13
75,002750#13,1,1,10,10,12
75,002750#14,1,1,10,10,10
75,002750#16,1,1,8,10,8
75,002750#18,1,1,10,10,14
75,002750#19,1,1,10,10,22
75,002750#20,1,1,10,10,28
75,002750#21,1,1,10,10,28
75,002750#22,1,1,10,10,53
75,002750#23,1,1,10,10,25
75,002750#25,1,1,10,10,51
75,002762#1,1,1,10,10,17
75,002839#1,1,1,10,10,21
75,002839#2,1,1,10,10,25
75,002839#3,1,1,10,10,48
75,002839#4,1,1,10,10,31
75,002842#3,1,1,10,10,25
75,002842#4,1,1,10,10,21
75,002844#1,1,1,10,10,42
75,002844#2,1,1,10,10,21
75,002844#3,1,1,10,10,38
75,002935#0,1,1,10,10,17
75,002935#1,1,1,6,10,13
75,002955#0,1,1,10,10,72
75,002955#1,1,1,10,10,47
75,002955#4,1,1,10,10,32
75,002955#5,1,1,10,10,21
75,002955#6,1,1,10,10,37
75,002955#7,1,1,10,10,68
75,002955#8,1,1,10,10,61
75,002955#9,1,1,10,10,11
75,002955#10,1,1,10,10,42
75,002955#11,1,1,10,10,42
75,002955#12,1,1,10,10,57
75,002955#13,1,1,10,10,67
75,002955#14,1,1,10,10,73
75,002955#16,1,1,10,10,49
75,002955#17,1,1,10,10,81
75,002955#20,1,1,10,10,15
75,002955#23,1,1,10,10,29
75,002955#24,1,1,7,10,7
75,002987#0,1,1,10,10,16
75,002987#1,1,1,9,10,9
75,002987#2,1,1,10,10,23
75,002987#3,1,1,10,10,14
75,002987#4,1,1,10,10,34
75,002987#6,1,1,10,10,64
75,002987#7,1,1,10,10,73
75,002987#8,1,1,10,10,28
75,002987#9,1,1,10,10,14
75,002987#10,1,1,10,10,15
75,002987#11,1,1,10,10,15
75,002987#12,1,1,8,10,8
75,002987#13,1,1,10,10,34
75,002987#14,1,1,10,10,20
75,002987#15,1,1,10,10,37
75,003007#6,1,1,9,10,9
75,003007#8,1,1,10,10,41
75,003007#9,1,1,10,10,24
75,003013#6,1,1,10,10,20
75,003017#4,1,1,10,10,12
75,003026#4,1,1,10,10,17
75,003056#1,1,1,10,10,24
75,003056#2,1,1,10,10,15
75,003056#3,1,1,10,10,15
75,003056#4,1,1,10,10,11
75,003056#7,1,1,10,10,38
75,003056#8,1,1,9,10,9
75,003056#9,1,1,10,10,27
75,003056#10,1,1,10,10,18
75,003056#11,1,1,10,10,61
75,003148#0,1,1,10,10,61
75,003148#2,1,1,10,10,63
75,003148#3,1,1,10,10,42
75,003148#6,1,1,10,10,47
75,003148#7,1,1,7,10,8
75,003148#8,1,1,7,10,8
75,003160#0,1,1,10,10,42
75,003160#1,1,1,10,10,28
75,003160#2,1,1,9,10,31
75,003160#3,1,1,7,10,27
75,003160#4,1,1,10,10,31
75,003160#5,1,1,10,10,84
75,003160#7,1,1,10,10,37
75,003160#8,1,1,10,10,69
75,003160#9,1,1,10,10,19
75,003160#11,1,1,10,10,78
75,003160#13,1,1,10,10,37
75,003160#14,1,1,10,10,11
75,003160#15,1,1,10,10,55
75,003160#17,1,1,10,10,43
75,003160#18,1,1,10,10,72
75,003160#19,1,1,10,10,26
75,003160#20,1,1,10,10,18
75,003160#21,1,1,10,10,46
75,003198#1,1,1,10,10,64
75,003198#4,1,1,10,10,42
75,003257#5,1,1,10,10,58
75,003262#0,1,1,10,10,28
75,003262#1,1,1,7,10,31
75,003262#4,1,1,10,10,27
75,003262#14,1,1,10,10,10
75,003262#16,1,1,9,10,10
75,003262#17,1,1,10,10,14
75,003262#21,1,1,10,10,16
75,003262#23,1,1,10,10,22
75,003262#24,1,1,10,10,18
75,003262#28,1,1,10,10,50
75,003262#29,1,1,5,10,7
75,003262#30,1,1,10,10,73
75,003273#1,1,1,10,10,73
75,003273#3,1,1,10,10,68
75,003273#4,1,1,10,10,45
75,003273#5,1,1,10,10,12
75,003273#6,1,1,10,10,87
75,003273#8,1,1,10,10,35
75,003273#9,1,1,10,10,19
75,003273#10,1,1,10,10,42
75,003273#11,1,1,10,10,17
75,003273#13,1,1,10,10,20
75,003288#0,1,1,10,10,74
75,003288#3,1,1,10,10,37
75,003288#4,1,1,10,10,27
75,003288#5,1,1,10,10,20
75,003288#6,1,1,10,10,20
75,003288#7,1,1,10,10,16
75,003288#8,1,1,10,10,14
75,003288#9,1,1,10,10,16
75,003288#10,1,1,10,10,18
75,003288#11,1,1,10,10,14
75,003288#12,1,1,10,10,27
75,003288#13,1,1,10,10,33
75,003288#14,1,1,10,10,13
75,003288#16,1,1,10,10,21
75,003288#18,1,1,10,10,69
75,003304#0,1,1,10,10,42
75,003304#1,1,1,10,10,36
75,003304#2,1,1,10,10,14
75,003304#3,1,1,10,10,48
75,003304#4,1,1,10,10,20
75,003304#8,1,1,10,10,25
75,003304#9,1,1,10,10,41
75,003304#11,1,1,10,10,42
75,003304#12,1,1,10,10,30
75,003304#13,1,1,10,10,13
75,003317#1,1,1,10,10,29
75,003317#2,1,1,10,10,26
75,003317#3,1,1,10,10,29
75,003317#5,1,1,10,10,50
75,003317#6,1,1,10,10,23
75,003317#7,1,1,10,10,27
75,003317#8,1,1,10,10,49
75,003317#9,1,1,10,10,30
75,003317#12,1,1,10,10,12
75,003317#14,1,1,10,10,55
75,003317#15,1,1,10,10,70
75,003317#16,1,1,10,10,43
75,003348#0,1,1,10,10,30
75,003353#0,1,1,10,10,14
75,003408#1,1,1,10,10,22
75,003411#0,1,1,10,10,41
75,003411#1,1,1,10,10,52
75,003411#2,1,1,10,10,57
75,003411#3,1,1,10,10,50
75,003419#0,1,1,10,10,84
75,003419#5,1,1,10,10,22
75,003419#13,1,1,6,10,24
75,003419#14,1,1,10,10,30
75,003419#17,1,1,10,10,30
75,003419#18,1,1,10,10,34
75,003419#19,1,1,10,10,18
75,003419#21,1,1,10,10,36
75,003425#5,1,1,10,10,17
75,003425#6,1,1,10,10,13
75,003425#7,1,1,10,10,11
75,003425#10,1,1,10,10,18
75,003425#12,1,1,10,10,44
75,003425#13,1,1,10,10,46
75,003460#0,1,1,10,10,26
75,003460#1,1,1,10,10,64
75,003460#3,1,1,7,10,80
75,003460#5,1,1,10,10,25
75,003460#6,1,1,10,10,73
75,003472#0,1,1,10,10,31
75,003472#1,1,1,10,10,68
75,003472#2,1,1,10,10,20
75,003472#3,1,1,10,10,71
75,003475#1,1,1,10,10,41
75,003475#2,1,1,10,10,22
75,003475#3,1,1,10,10,51
75,003475#5,1,1,10,10,46
75,003475#6,1,1,10,10,70
75,003475#10,1,1,10,10,21
75,003475#11,1,1,10,10,31
75,003487#0,1,1,10,10,53
75,003487#2,1,1,10,10,62
75,003489#0,1,1,10,10,24
75,003489#2,1,1,10,10,31
75,003489#3,1,1,10,10,55
75,003489#4,1,1,10,10,25
75,003489#5,1,1,10,10,35
75,003489#9,1,1,10,10,26
75,003489#14,1,1,10,10,37
75,003526#0,1,1,10,10,18
75,003526#3,1,1,10,10,13
75,003532#0,1,1,10,10,18
75,003532#1,1,1,10,10,42
75,003546#0,1,1,10,10,27
75,003546#1,1,1,10,10,28
75,003546#2,1,1,10,10,37
75,003592#0,1,1,10,10,23
75,003592#1,1,1,10,10,23
75,003592#2,1,1,10,10,31
75,003592#3,1,1,10,10,20
75,003595#3,1,1,10,10,27
75,003595#4,1,1,10,10,30
75,003595#5,1,1,10,10,21
75,003595#6,1,1,10,10,46
75,003603#3,1,1,10,10,32
75,003653#3,1,1,10,10,15
75,003653#5,1,1,10,10,20
75,003653#6,1,1,10,10,18
75,003653#7,1,1,10,10,14
75,003653#8,1,1,10,10,11
75,003653#9,1,1,10,10,12
75,003653#11,1,1,10,10,36
75,003653#12,1,1,10,10,51
75,003653#14,1,1,8,10,8
75,003653#16,1,1,9,10,9
75,003653#17,1,1,10,10,26
75,003653#18,1,1,8,10,8
75,003679#4,1,1,10,10,50
75,003679#5,1,1,10,10,27
75,003679#7,1,1,10,10,25
75,003679#8,1,1,10,10,32
75,003703#0,1,1,10,10,50
75,003739#0,1,1,10,10,30
75,003739#1,1,1,10,10,35
75,003739#2,1,1,10,10,17
75,003739#3,1,1,10,10,11
75,003739#5,1,1,10,10,16
75,003739#6,1,1,6,10,12
75,003739#7,1,1,10,10,26
75,003739#8,1,1,10,10,16
75,003757#0,1,1,10,10,76
75,003757#7,1,1,10,10,27
75,003757#8,1,1,9,10,10
75,003757#10,1,1,9,10,21
75,003757#14,1,1,10,10,13
75,003757#15,1,1,10,10,15
75,003757#16,1,1,10,10,11
75,003769#0,1,1,10,10,56
75,003838#0,1,1,10,10,72
75,003863#1,1,1,10,10,21
75,003863#3,1,1,10,10,17
75,003863#5,1,1,10,10,33
75,003863#7,1,1,10,10,24
75,003863#9,1,1,10,10,13
75,003863#10,1,1,10,10,12
75,003863#11,1,1,10,10,18
75,003895#2,1,1,10,10,55
75,003896#0,1,1,10,10,43
75,003896#1,1,1,10,10,19
75,003902#0,1,1,10,10,41
75,003902#1,1,1,10,10,15
75,003902#3,1,1,10,10,18
75,003902#4,1,1,10,10,30
75,003902#5,1,1,10,10,18
75,003902#6,1,1,10,10,41
75,003904#0,1,1,10,10,33
75,003904#1,1,1,10,10,19
75,003941#0,1,1,10,10,27
75,003941#1,1,1,10,10,17
75,003941#3,1,1,9,10,12
75,003941#5,1,1,10,10,25
75,003941#7,1,1,10,10,20
75,003941#8,1,1,10,10,26
75,003941#10,1,1,10,10,17
75,003941#11,1,1,10,10,26
75,003941#12,1,1,10,10,17
75,003941#13,1,1,10,10,20
75,003941#14,1,1,10,10,18
75,003941#15,1,1,10,10,22
75,003941#16,1,1,10,10,69
75,003941#20,1,1,10,10,10
75,003941#21,1,1,10,10,25
75,003941#22,1,1,10,10,13
75,003941#24,1,1,10,10,37
75,003941#25,1,1,10,10,18
75,003941#26,1,1,10,10,21
75,003941#27,1,1,10,10,18
75,003941#29,1,1,10,10,17
75,003941#30,1,1,10,10,34
75,003982#5,1,1,10,10,26
75,003982#6,1,1,9,10,15
75,003982#8,1,1,10,10,13
75,003982#11,1,1,10,10,19
75,003982#14,1,1,10,10,29
75,003982#19,1,1,3,10,9
75,003982#20,1,1,9,10,10
75,003982#23,1,1,10,10,25
75,003982#24,1,1,10,10,10
75,003982#30,1,1,10,10,12
75,003982#32,1,1,10,10,14
75,003982#34,1,1,10,10,11
75,003982#36,1,1,6,10,46
75,003982#41,1,1,9,10,10
75,003982#42,1,1,10,10,11
75,003982#43,1,1,10,10,13
75,003982#47,1,1,10,10,57
75,003982#48,1,1,10,10,16
75,003982#49,1,1,10,10,69
75,003982#50,1,1,10,10,34
75,003982#53,1,1,7,10,10
75,003982#57,1,1,10,10,18
75,003982#58,1,1,10,10,18
75,003982#60,1,1,10,10,16
75,003982#61,1,1,10,10,15
75,003982#62,1,1,10,10,17
75,003987#5,1,1,10,10,32
75,003987#6,1,1,10,10,28
75,003987#10,1,1,10,10,66
75,003987#11,1,1,10,10,71
75,003987#15,1,1,10,10,33
75,003987#16,1,1,10,10,42
75,003987#23,1,1,7,10,11
75,003987#27,1,1,10,10,11
75,003987#35,1,1,10,10,26
75,003987#38,1,1,10,10,19
75,003987#39,1,1,10,10,17
75,003987#40,1,1,10,10,16
75,003987#41,1,1,10,10,13
75,003987#43,1,1,10,10,10
75,003987#46,1,1,8,10,8
75,003987#47,1,1,10,10,15
75,003987#49,1,1,10,10,12
75,003987#50,1,1,10,10,15
75,003987#51,1,1,10,10,15
75,003987#52,1,1,10,10,10
75,003987#53,1,1,10,10,19
75,003987#55,1,1,10,10,31
75,hehe_173_000002_024_00000105#2,1,1,1,10,11
75,hehe_173_000002_024_00000105#4,1,1,6,10,11
75,hehe_173_000002_024_00000105#6,1,1,10,10,23
75,hehe_173_000002_024_00000105#7,1,1,11,10,15
75,hehe_173_000002_024_00000105#9,1,1,10,10,31
75,hehe_173_000002_024_00000105#10,1,1,10,10,25
75,hehe_173_000002_024_00000105#11,1,1,10,10,11
75,hehe_173_000002_024_00000105#13,1,1,10,10,31
75,hehe_173_000002_024_00000105#15,1,1,10,10,76
75,hehe_186_000002_028_00000050#1,1,1,10,10,77
75,hehe_22_00000004#0,1,1,10,10,29
75,hehe_22_00000004#2,1,1,10,10,23
75,hehe_22_00000004#4,1,1,10,10,69
75,hehe_22_00000004#6,1,1,10,10,57
75,hehe_22_00000004#7,1,1,10,10,70
75,hehe_22_00000004#9,1,1,6,10,11
75,hehe_230_000002_043_00000061#1,1,1,10,10,69
75,hehe_230_000002_043_00000061#6,1,1,10,10,62
75,hehe_230_000002_043_00000061#7,1,1,10,10,58
75,hehe_230_000002_043_00000061#10,1,1,10,10,31
75,hehe_230_000002_043_00000061#11,1,1,10,10,37
75,hehe_230_000002_043_00000061#13,1,1,10,10,19
75,hehe_230_000002_043_00000061#14,1,1,5,10,12
75,hehe_232_000002_043_00000181#0,1,1,8,10,8
75,hehe_232_000002_043_00000181#1,1,1,10,10,22
75,hehe_232_000002_043_00000181#2,1,1,10,10,57
75,hehe_232_000002_043_00000181#3,1,1,10,10,36
75,hehe_232_000002_043_00000181#8,1,1,10,10,57
75,hehe_274_000002_060_00000105#1,1,1,10,10,67
75,hehe_274_000002_060_00000105#5,1,1,10,10,28
75,hehe_274_000002_060_00000105#6,1,1,10,10,11
75,hehe_40_00000033#1,1,1,10,10,26
75,hehe_40_00000033#2,1,1,10,10,46
75,hehe_40_00000033#3,1,1,1,10,40
75,hehe_40_00000033#5,1,1,10,10,40
75,hehe_45_00000001#2,1,1,10,10,42
75,hehe_45_00000001#4,1,1,10,10,28
75,hehe_45_00000001#5,1,1,10,10,49
75,hehe_45_00000001#6,1,1,10,10,40
75,hehe_45_00000001#7,1,1,10,10,60
75,hehe_45_00000001#8,1,1,10,10,34
75,hehe_45_00000001#9,1,1,10,10,46
75,hehe_52_00000107#0,1,1,10,10,19
75,hehe_52_00000107#1,1,1,8,10,8
75,hehe_61_00000090#2,1,1,10,10,76
75,hehe_61_00000090#3,1,1,10,10,39
75,hehe_61_00000090#4,1,1,10,10,20
75,hehe_61_00000090#9,1,1,10,10,64
75,hehe_61_00000090#10,1,1,10,10,50
75,hehe_61_00000090#11,1,1,10,10,84
75,hehe_65_00000229#2,1,1,10,10,59
75,hehe_65_00000229#3,1,1,10,10,32
75,hehe_65_00000229#4,1,1,10,10,30
75,hehe_65_00000229#6,1,1,10,10,16
75,hehe_65_00000229#7,1,1,10,10,21
75,hehe_6_00000054#0,1,1,9,10,12
75,hehe_6_00000054#2,1,1,10,10,35
75,hehe_6_00000054#3,1,1,10,10,32
75,hehe_6_00000054#4,1,1,10,10,27
75,hehe_6_00000054#6,1,1,10,10,76
75,hehe_6_00000054#13,1,1,10,10,74
75,hehe_6_00000054#16,1,1,10,10,32
75,hehe_6_00000054#17,1,1,10,10,38
75,hehe_86_00000253#0,1,1,10,10,45
75,hehe_86_00000253#3,1,1,10,10,58
75,hehe_87_00000315#1,1,1,10,10,39
75,hehe_87_00000315#2,1,1,10,10,40
75,hehe_87_00000315#3,1,1,10,10,33
75,hehe_87_00000315#4,1,1,10,10,20
75,hehe_87_00000315#5,1,1,10,10,30
75,hehe_87_00000315#6,1,1,5,10,14
75,shuming_1007_00000230#0,1,1,10,10,38
75,shuming_1007_00000230#3,1,1,10,10,43
75,shuming_1007_00000230#4,1,1,7,10,36
75,shuming_1007_00000230#5,1,1,10,10,46
75,shuming_1007_00000230#7,1,1,10,10,63
75,shuming_1007_00000230#10,1,1,10,10,62
75,shuming_1007_00000230#11,1,1,10,10,39
75,shuming_1007_00000230#12,1,1,10,10,34
75,shuming_1007_00000230#13,1,1,10,10,10
75,shuming_1007_00000230#14,1,1,6,10,7
75,shuming_1007_00000230#15,1,1,10,10,79
75,shuming_1007_00000230#16,1,1,10,10,47
75,shuming_1007_00000230#17,1,1,10,10,19
75,shuming_1007_00000230#18,1,1,10,10,13
75,shuming_1007_00000230#20,1,1,10,10,20
75,shuming_1007_00000230#21,1,1,10,10,69
75,shuming_1007_00000230#22,1,1,10,10,27
75,shuming_1007_00000230#23,1,1,10,10,22
75,shuming_1013_00000065#0,1,1,10,10,87
75,shuming_1013_00000065#1,1,1,10,10,41
75,shuming_1013_00000065#3,1,1,10,10,26
75,shuming_1028_00000411#3,1,1,10,10,55
75,shuming_1028_00000411#4,1,1,10,10,10
75,shuming_1028_00000411#5,1,1,10,10,15
75,shuming_1064_00000087#0,1,1,10,10,34
75,shuming_1064_00000087#1,1,1,10,10,55
75,shuming_1064_00000087#2,1,1,10,10,56
75,shuming_1064_00000087#3,1,1,10,10,72
75,shuming_1064_00000087#4,1,1,10,10,69
75,shuming_1064_00000087#6,1,1,10,10,26
75,shuming_1064_00000087#7,1,1,10,10,54
75,shuming_1064_00000087#8,1,1,10,10,86
75,shuming_1076_00000257#1,1,1,10,10,31
75,shuming_1076_00000257#2,1,1,10,10,29
75,shuming_1076_00000257#3,1,1,10,10,20
75,shuming_1076_00000257#4,1,1,10,10,19
75,shuming_1076_00000257#5,1,1,10,10,23
75,shuming_1079_00000233#3,1,1,10,10,18
75,shuming_1079_00000233#4,1,1,10,10,12
75,shuming_1079_00000233#6,1,1,10,10,35
75,shuming_1080_00000016#0,1,1,10,10,72
75,shuming_1080_00000016#4,1,1,10,10,10
75,shuming_1132_00000385#2,1,1,10,10,29
75,shuming_1132_00000385#3,1,1,6,10,32
75,shuming_1132_00000385#4,1,1,10,10,25
75,shuming_1135_00000213#0,1,1,10,10,76
75,shuming_1148_00000041#0,1,1,10,10,74
75,shuming_1157_00000010#0,1,1,10,10,72
75,shuming_1157_00000010#1,1,1,10,10,32
75,shuming_1157_00000010#2,1,1,10,10,18
75,shuming_1180_00000231#3,1,1,10,10,49
75,shuming_24_00000001#0,1,1,10,10,40
75,shuming_24_00000001#1,1,1,10,10,62
75,shuming_340_00000020#1,1,1,10,10,21
75,shuming_340_00000020#19,1,1,10,10,11
75,shuming_340_00000020#22,1,1,7,10,7
75,shuming_340_00000020#23,1,1,10,10,12
75,shuming_340_00000020#26,1,1,9,10,9
75,shuming_340_00000020#30,1,1,9,10,9
75,shuming_340_00000020#31,1,1,10,10,12
75,shuming_340_00000020#38,1,1,10,10,10
75,shuming_35_00000199#0,1,1,10,10,73
75,shuming_35_00000199#3,1,1,10,10,36
75,shuming_35_00000199#4,1,1,10,10,26
75,shuming_35_00000199#5,1,1,2,10,87
75,shuming_35_00000199#6,1,1,10,10,18
75,shuming_35_00000199#8,1,1,10,10,14
75,shuming_35_00000199#9,1,1,8,10,8
75,shuming_35_00000199#11,1,1,10,10,39
75,shuming_410_00000037#0,1,1,6,10,7
75,shuming_410_00000037#9,1,1,10,10,45
75,shuming_461_00000082#0,1,1,10,10,53
75,shuming_461_00000082#2,1,1,10,10,42
75,shuming_461_00000082#3,1,1,10,10,31
75,shuming_461_00000082#4,1,1,10,10,14
75,shuming_461_00000082#5,1,1,10,10,11
75,shuming_465_00000030#0,1,1,10,10,10
75,shuming_465_00000030#2,1,1,10,10,56
75,shuming_465_00000030#3,1,1,10,10,15
75,shuming_470_00000057#3,1,1,10,10,43
75,shuming_470_00000057#4,1,1,10,10,23
75,shuming_482_00000018#3,1,1,10,10,53
75,shuming_482_00000018#4,1,1,10,10,44
75,shuming_482_00000018#5,1,1,10,10,62
75,shuming_485_00000027#3,1,1,10,10,16
75,shuming_485_00000027#4,1,1,10,10,52
75,shuming_503_00000052#0,1,1,10,10,32
75,shuming_503_00000052#1,1,1,10,10,26
75,shuming_562_00000223#2,1,1,10,10,76
75,shuming_571_00000215#0,1,1,10,10,56
75,shuming_571_00000215#1,1,1,10,10,46
75,shuming_574_00000017#0,1,1,10,10,63
75,shuming_608_00000031#1,1,1,10,10,19
75,shuming_608_00000031#2,1,1,10,10,30
75,shuming_608_00000031#3,1,1,10,10,35
75,shuming_608_00000031#4,1,1,10,10,11
75,shuming_610_00000148#0,1,1,10,10,50
75,shuming_63_00000393#3,1,1,10,10,15
75,shuming_63_00000393#4,1,1,10,10,17
75,shuming_63_00000393#5,1,1,9,10,9
75,shuming_63_00000393#6,1,1,10,10,23
75,shuming_63_00000393#7,1,1,10,10,21
75,shuming_63_00000393#8,1,1,10,10,23
75,shuming_63_00000393#9,1,1,10,10,20
75,shuming_663_00000328#2,1,1,10,10,50
75,shuming_663_00000328#3,1,1,10,10,40
75,shuming_67_00000001#1,1,1,10,10,55
75,shuming_67_00000001#2,1,1,10,10,18
75,shuming_698_00000001#0,1,1,10,10,11
75,shuming_698_00000001#1,1,1,1,10,13
75,shuming_698_00000001#2,1,1,10,10,17
75,shuming_698_00000001#3,1,1,10,10,20
75,shuming_698_00000001#4,1,1,10,10,15
75,shuming_698_00000001#5,1,1,10,10,14
75,shuming_698_00000001#7,1,1,10,10,26
75,shuming_698_00000001#8,1,1,10,10,17
75,shuming_698_00000001#9,1,1,10,10,14
75,shuming_698_00000001#10,1,1,10,10,13
75,shuming_698_00000001#11,1,1,10,10,13
75,shuming_698_00000001#12,1,1,10,10,15
75,shuming_698_00000001#13,1,1,10,10,14
75,shuming_698_00000001#14,1,1,10,10,12
75,shuming_698_00000001#15,1,1,10,10,15
75,shuming_698_00000001#16,1,1,10,10,15
75,shuming_698_00000001#17,1,1,10,10,23
75,shuming_698_00000001#18,1,1,10,10,18
75,shuming_698_00000001#19,1,1,10,10,19
75,shuming_698_00000001#20,1,1,10,10,22
75,shuming_698_00000001#21,1,1,10,10,24
75,shuming_698_00000001#22,1,1,10,10,18
75,shuming_698_00000001#23,1,1,10,10,35
75,shuming_698_00000001#25,1,1,10,10,64
75,shuming_706_00000375#0,1,1,9,10,41
75,shuming_706_00000375#2,1,1,10,10,32
75,shuming_706_00000375#3,1,1,9,10,17
75,shuming_706_00000375#4,1,1,10,10,52
75,shuming_72_00000270#19,1,1,10,10,54
75,shuming_72_00000270#20,1,1,10,10,22
75,shuming_72_00000270#22,1,1,10,10,48
75,shuming_72_00000270#24,1,1,10,10,20
75,shuming_731_00000492#0,1,1,10,10,32
75,shuming_731_00000492#1,1,1,10,10,26
75,shuming_731_00000492#3,1,1,10,10,60
75,shuming_731_00000492#5,1,1,10,10,69
75,shuming_753_00000172#0,1,1,10,10,12
75,shuming_758_00000371#0,1,1,10,10,52
75,shuming_763_00000009#2,1,1,10,10,15
75,shuming_774_00000273#3,1,1,10,10,63
75,shuming_774_00000273#5,1,1,10,10,31
75,shuming_779_00000254#1,1,1,10,10,63
75,shuming_779_00000254#5,1,1,10,10,80
75,shuming_783_00000248#0,1,1,10,10,81
75,shuming_783_00000248#2,1,1,10,10,66
75,shuming_793_00000117#2,1,1,10,10,31
75,shuming_825_00000172#1,1,1,10,10,13
75,shuming_825_00000172#2,1,1,7,10,7
75,shuming_825_00000172#3,1,1,10,10,16
75,shuming_826_00000213#1,1,1,10,10,14
75,shuming_826_00000213#2,1,1,10,10,18
75,shuming_826_00000213#3,1,1,9,10,9
75,shuming_85_00000273#4,1,1,10,10,11
75,shuming_987_00000275#1,1,1,10,10,41
75,shuming_987_00000275#2,1,1,10,10,23
75,shuming_987_00000275#3,1,1,10,10,19
75,shuming_987_00000275#4,1,1,10,10,21
75,shuming_987_00000275#5,1,1,10,10,10
100,00000045#1,1,1,10,10,242
100,00000045#2,1,1,10,10,88
100,00000045#3,1,1,10,10,105
100,00000045#6,1,1,10,10,286
100,00000045#7,1,1,10,10,279
100,00000057#1,1,1,10,10,225
100,00000057#2,1,1,10,10,88
100,00000057#3,1,1,10,10,111
100,00000057#5,1,1,10,10,133
100,00000063#1,1,1,10,10,279
100,00000063#2,1,1,10,10,90
100,00000063#3,1,1,10,10,107
100,00000063#5,1,1,10,10,208
100,00000095#1,1,1,10,10,279
100,00000095#2,1,1,10,10,114
100,00000095#3,1,1,10,10,105
100,00000106#1,1,1,10,10,245
100,00000106#2,1,1,10,10,135
100,00000106#3,1,1,10,10,122
100,00000106#5,1,1,10,10,157
100,00000123#1,1,1,10,10,196
100,00000123#2,1,1,10,10,87
100,00000123#3,1,1,10,10,190
100,00000123#5,1,1,10,10,108
100,00000171#0,1,1,10,10,120
100,00000180#0,1,1,10,10,136
100,00000234#1,1,1,10,10,108
100,00000257#0,1,1,10,10,93
100,00000271#0,1,1,10,10,118
100,00000271#1,1,1,10,10,132
100,00000273#0,1,1,10,10,84
100,00000273#1,1,1,10,10,99
100,000002_080_00000048#0,1,1,10,10,69
100,000002_083_00000169#0,1,1,10,10,14
100,000002_083_00000169#1,1,1,10,10,26
100,000002_083_00000169#2,1,1,10,10,36
100,00000346#0,1,1,10,10,381
100,00000364#0,1,1,10,10,210
100,00000396#0,1,1,10,10,111
100,00000399#0,1,1,10,10,82
100,000003_081_00000171#10,1,1,10,10,76
100,000003_081_00000171#11,1,1,10,10,82
100,00000426#0,1,1,10,10,653
100,00000506#0,1,1,10,10,117
100,000005_004_00000286#4,1,1,10,10,62
100,000005_006_00000001#1,1,1,10,10,68
100,000005_006_00000001#2,1,1,10,10,25
100,000005_019_00000209#0,1,1,10,10,43
100,000005_019_00000209#1,1,1,10,10,31
100,000005_019_00000209#2,1,1,10,10,59
100,000005_027_00000493#1,1,1,10,10,34
100,000005_027_00000493#2,1,1,10,10,38
100,000005_027_00000493#3,1,1,10,10,49
100,000005_027_00000493#4,1,1,10,10,21
100,000005_027_00000493#5,1,1,10,10,25
100,000005_027_00000493#6,1,1,10,10,20
100,000005_027_00000493#7,1,1,10,10,26
100,000005_027_00000493#8,1,1,10,10,74
100,000005_028_00000001#2,1,1,10,10,77
100,000005_028_00000163#2,1,1,10,10,31
100,00000618#2,1,1,10,10,101
100,000006_010_00000389#4,1,1,10,10,58
100,000006_011_00000307#3,1,1,10,10,25
100,000006_011_00000409#8,1,1,10,10,40
100,000006_011_00000409#10,1,1,10,10,54
100,000006_012_00000001#3,1,1,10,10,38
100,000006_012_00000001#6,1,1,10,10,63
100,000006_012_00000001#11,1,1,10,10,69
100,000006_012_00000001#12,1,1,10,10,33
100,000008_003_00000235#1,1,1,10,10,76
100,000008_003_00000235#2,1,1,10,10,59
100,000008_003_00000235#3,1,1,10,10,81
100,000008_003_00000235#4,1,1,10,10,66
100,000008_003_00000235#5,1,1,10,10,68
100,000008_003_00000235#10,1,1,10,10,68
100,000008_003_00000235#11,1,1,10,10,16
100,000008_003_00000352#1,1,1,10,10,66
100,000008_003_00000352#3,1,1,10,10,80
100,000008_003_00000352#5,1,1,10,10,74
100,000008_003_00000352#7,1,1,10,10,75
100,000008_003_00000352#8,1,1,10,10,75
100,000008_003_00000352#9,1,1,10,10,76
100,000008_003_00000352#10,1,1,10,10,64
100,000008_003_00000352#12,1,1,10,10,74
100,000008_003_00000352#13,1,1,10,10,16
100,000008_003_00000469#0,1,1,10,10,85
100,000008_003_00000469#1,1,1,10,10,70
100,000008_003_00000469#2,1,1,10,10,67
100,000008_003_00000469#3,1,1,10,10,78
100,000008_003_00000469#4,1,1,10,10,85
100,000008_003_00000469#6,1,1,10,10,89
100,000008_003_00000469#9,1,1,10,10,31
100,000008_003_00000469#10,1,1,10,10,18
100,000008_004_00000665#2,1,1,10,10,34
100,000008_004_00000665#4,1,1,10,10,39
100,000008_004_00000665#11,1,1,10,10,52
100,000008_004_00000665#12,1,1,10,10,63
100,000008_004_00000665#13,1,1,10,10,37
100,000008_013_00000195#1,1,1,10,10,66
100,000008_013_00000195#2,1,1,10,10,60
100,000008_042_00000273#1,1,1,10,10,40
100,000008_045_00000001#0,1,1,10,10,48
100,000008_045_00000001#2,1,1,10,10,70
100,000008_045_00000001#3,1,1,10,10,14
100,000008_045_00000157#0,1,1,10,10,80
100,000008_045_00000157#4,1,1,10,10,17
100,000008_048_00000361#3,1,1,10,10,42
100,000008_048_00000361#4,1,1,10,10,36
100,000008_048_00000361#5,1,1,10,10,29
100,000009_008_00000241#3,1,1,10,10,78
100,000009_008_00000241#5,1,1,10,10,69
100,000009_008_00000241#6,1,1,10,10,29
100,000009_008_00000241#7,1,1,10,10,76
100,000009_008_00000241#9,1,1,10,10,84
100,000009_033_00000333#1,1,1,10,10,16
100,000009_033_00000333#2,1,1,10,10,38
100,000009_033_00000333#3,1,1,10,10,38
100,000009_033_00000333#4,1,1,10,10,36
100,000009_033_00000333#6,1,1,10,10,51
100,000012_008_00000163#3,1,1,10,10,67
100,000012_008_00000163#4,1,1,10,10,55
100,000012_008_00000163#5,1,1,10,10,48
100,000012_008_00000163#6,1,1,10,10,60
100,000012_008_00000163#8,1,1,10,10,74
100,000012_008_00000163#10,1,1,10,10,17
100,000012_008_00000163#11,1,1,10,10,26
100,000012_008_00000163#12,1,1,10,10,27
100,000012_008_00000163#13,1,1,10,10,15
100,000012_008_00000163#14,1,1,10,10,11
100,000012_009_00000244#1,1,1,10,10,71
100,000012_009_00000244#3,1,1,10,10,68
100,000012_009_00000244#4,1,1,10,10,40
100,000012_009_00000244#5,1,1,10,10,45
100,000012_009_00000244#6,1,1,10,10,21
100,000012_009_00000244#7,1,1,10,10,13
100,000012_009_00000244#8,1,1,10,10,12
100,000012_009_00000244#9,1,1,10,10,14
100,000012_009_00000244#10,1,1,10,10,34
100,000012_009_00000244#11,1,1,10,10,18
100,000012_009_00000244#12,1,1,10,10,18
100,000012_009_00000244#13,1,1,10,10,19
100,000012_009_00000244#14,1,1,8,10,8
100,000012_009_00000325#3,1,1,10,10,82
100,000012_009_00000325#4,1,1,10,10,36
100,000012_009_00000325#5,1,1,10,10,43
100,000012_009_00000325#6,1,1,10,10,28
100,000012_009_00000325#7,1,1,10,10,17
100,000012_009_00000325#8,1,1,10,10,16
100,000012_009_00000325#9,1,1,8,10,8
100,000012_009_00000325#11,1,1,10,10,28
100,000012_009_00000325#12,1,1,10,10,15
100,000012_009_00000325#14,1,1,10,10,22
100,000012_009_00000325#15,1,1,2,10,19
100,000012_009_00000325#16,1,1,10,10,35
100,000012_014_00000184#0,1,1,10,10,33
100,000012_014_00000184#1,1,1,10,10,55
100,000012_014_00000184#3,1,1,10,10,26
100,000012_019_00000151#1,1,1,10,10,59
100,000012_019_00000151#2,1,1,10,10,14
100,000012_019_00000151#4,1,1,10,10,21
100,000012_019_00000151#5,1,1,10,10,14
100,000012_022_00000090#0,1,1,10,10,64
100,000012_022_00000090#1,1,1,10,10,23
100,000012_025_00000313#1,1,1,10,10,11
100,000012_025_00000313#2,1,1,10,10,11
100,000012_025_00000313#3,1,1,10,10,13
100,000012_025_00000313#4,1,1,7,10,7
100,000012_025_00000313#5,1,1,10,10,13
100,000012_025_00000313#6,1,1,8,10,8
100,000012_028_00000250#0,1,1,10,10,64
100,000012_028_00000250#1,1,1,10,10,56
100,000013_001_00000001#1,1,1,10,10,33
100,000013_001_00000001#2,1,1,10,10,34
100,000013_001_00000001#3,1,1,10,10,31
100,000013_002_00000281#1,1,1,10,10,31
100,000013_002_00000281#2,1,1,10,10,36
100,000013_002_00000281#3,1,1,10,10,20
100,000013_023_00000075#1,1,1,10,10,56
100,000013_023_00000075#2,1,1,10,10,68
100,000013_025_00000285#0,1,1,10,10,15
100,000013_025_00000285#1,1,1,10,10,56
100,000013_025_00000285#2,1,1,10,10,20
100,000013_030_00000063#0,1,1,10,10,21
100,000013_030_00000063#1,1,1,10,10,68
100,000013_039_00000063#0,1,1,10,10,41
100,000013_039_00000063#1,1,1,10,10,32
100,000013_039_00000063#3,1,1,10,10,26
100,000013_039_00000063#5,1,1,8,10,8
100,000013_040_suppl_00000167#0,1,1,10,10,79
100,000013_040_suppl_00000333#1,1,1,10,10,50
100,000013_040_suppl_00000333#3,1,1,10,10,80
100,000013_040_suppl_00000333#4,1,1,8,10,8
100,000013_044_00000001#0,1,1,10,10,24
100,000013_044_00000001#1,1,1,10,10,31
100,000013_044_00000001#2,1,1,1,10,72
100,000013_044_00000001#4,0,1,0,10,38
100,000013_044_00000001#5,1,1,9,10,72
100,000013_044_00000001#7,1,1,10,10,62
100,000013_048_00000001#0,1,1,10,10,46
100,000013_048_00000001#1,1,1,3,10,60
100,000013_048_00000001#3,0,1,0,10,49
100,000013_048_00000001#4,1,1,7,10,69
100,000013_056_00000281#2,1,1,10,10,49
100,000013_056_00000281#3,1,1,10,10,16
100,000013_056_00000281#4,1,1,10,10,21
100,000013_056_00000281#6,1,1,10,10,11
100,000013_056_00000281#7,1,1,10,10,12
100,000013_056_00000281#8,1,1,10,10,64
100,000013_056_00000281#9,1,1,10,10,43
100,000013_056_00000281#10,1,1,10,10,32
100,000014_012_00000217#1,1,1,10,10,41
100,000014_012_00000217#2,1,1,10,10,48
100,000014_050_00000273#3,1,1,10,10,47
100,000014_050_00000273#4,1,1,10,10,57
100,000014_050_00000273#5,1,1,10,10,26
100,000014_051_suppl_00000341#2,1,1,10,10,15
100,000014_052_00000131#2,1,1,10,10,22
100,000014_052_00000131#3,1,1,10,10,13
100,000015_004_00000268#0,1,1,10,10,27
100,000015_004_suppl_00000223#2,1,1,10,10,36
100,000016_043_suppl_00000292#1,1,1,10,10,21
100,000016_043_suppl_00000292#2,1,1,10,10,56
100,000016_043_suppl_00000292#4,1,1,10,10,30
100,000016_043_suppl_00000292#5,1,1,10,10,25
100,000016_043_suppl_00000292#6,1,1,10,10,45
100,000016_043_suppl_00000292#8,1,1,10,10,26
100,000016_043_suppl_00000292#9,1,1,10,10,32
100,000016_043_suppl_00000292#10,1,1,10,10,19
100,000016_043_suppl_00000292#11,1,1,10,10,27
100,000016_043_suppl_00000292#12,1,1,10,10,32
100,000016_043_suppl_00000292#14,1,1,10,10,70
100,000016_043_suppl_00000292#17,1,1,10,10,47
100,000016_043_suppl_00000292#20,1,1,10,10,23
100,000016_044_00000085#0,1,1,10,10,83
100,000016_044_00000085#1,1,1,10,10,62
100,000016_044_00000085#3,1,1,10,10,17
100,000016_044_00000085#4,1,1,10,10,65
100,000016_044_00000085#7,1,1,10,10,67
100,000016_044_00000085#10,1,1,10,10,78
100,000016_044_00000169#1,1,1,10,10,37
100,000016_044_00000169#2,1,1,10,10,36
100,000016_044_00000169#3,1,1,10,10,16
100,000016_044_00000169#5,1,1,10,10,15
100,000016_044_00000169#6,1,1,10,10,59
100,000016_044_00000169#8,1,1,10,10,88
100,000016_044_00000169#16,1,1,10,10,73
100,000016_044_00000169#17,1,1,10,10,65
100,000017_011_00000297#3,1,1,10,10,12
100,000017_011_00000297#5,1,1,10,10,68
100,000017_011_00000297#9,1,1,10,10,26
100,000017_011_00000297#10,1,1,10,10,86
100,000017_011_00000297#11,1,1,10,10,59
100,000017_011_00000297#13,1,1,10,10,43
100,000017_012_00000135#2,1,1,10,10,36
100,000017_020_00000214#0,1,1,10,10,21
100,000017_020_00000214#2,1,1,10,10,27
100,000017_020_suppl_00000356#0,1,1,10,10,20
100,000017_020_suppl_00000356#2,1,1,10,10,20
100,000018_006_00000063#0,1,1,10,10,66
100,000019_030_00000072#1,1,1,10,10,23
100,000019_030_00000072#2,1,1,10,10,72
100,000019_030_00000072#3,1,1,10,10,54
100,000019_030_00000072#4,1,1,10,10,21
100,000019_030_00000072#5,1,1,10,10,10
100,000019_038_00000205#2,1,1,10,10,20
100,000019_038_00000205#3,1,1,10,10,25
100,000019_038_00000205#4,1,1,10,10,21
100,000019_038_00000205#5,1,1,10,10,36
100,000019_038_00000205#6,1,1,10,10,84
100,000019_038_00000205#7,1,1,6,10,70
100,000019_038_00000205#8,1,1,10,10,82
100,000019_041_00000141#2,1,1,10,10,24
100,000019_045_00000145#4,1,1,10,10,46
100,000019_045_00000145#5,1,1,10,10,42
100,000019_045_00000145#7,1,1,1,10,67
100,000020_010_00000089#1,1,1,10,10,60
100,000020_010_00000089#5,1,1,9,10,9
100,000020_010_00000089#6,1,1,10,10,20
100,000020_010_00000089#7,1,1,4,10,8
100,000020_014_00000193#2,1,1,10,10,63
100,000020_014_00000193#3,1,1,10,10,76
100,000020_014_00000193#5,1,1,10,10,54
100,000020_014_00000193#6,1,1,10,10,77
100,000020_018_00000093#0,1,1,10,10,16
100,000020_018_00000093#1,1,1,10,10,24
100,000020_018_00000093#2,1,1,10,10,81
100,000020_018_00000093#3,1,1,10,10,42
100,000021_020_00000131#2,1,1,10,10,76
100,000023_005_00000070#1,1,1,10,10,32
100,000023_005_00000070#2,1,1,10,10,87
100,000023_005_00000070#3,1,1,10,10,63
100,000023_005_00000070#4,1,1,10,10,63
100,000023_005_00000070#5,1,1,10,10,18
100,000023_005_00000070#6,1,1,10,10,23
100,000031#0,1,1,10,10,53
100,000031#1,1,1,10,10,15
100,000031#2,1,1,8,10,8
100,000031#3,1,1,10,10,15
100,000031#6,1,1,10,10,24
100,000031#8,1,1,10,10,53
100,000031#10,1,1,10,10,16
100,000031#11,1,1,10,10,21
100,000066#0,1,1,10,10,31
100,000066#1,1,1,10,10,15
100,000066#2,1,1,10,10,61
100,000066#3,1,1,10,10,39
100,000070#0,1,1,10,10,28
100,000070#1,1,1,10,10,18
100,000070#2,1,1,9,10,52
100,000070#3,1,1,10,10,67
100,000173#1,1,1,10,10,27
100,000303#2,1,1,10,10,67
100,000303#6,1,1,10,10,30
100,000303#7,1,1,10,10,16
100,000328#1,1,1,10,10,58
100,000328#3,1,1,10,10,65
100,000415#1,1,1,10,10,14
100,000415#2,1,1,8,10,9
100,000415#4,1,1,10,10,22
100,000415#5,1,1,10,10,24
100,000415#6,1,1,10,10,12
100,000415#8,1,1,10,10,10
100,000415#10,1,1,10,10,13
100,000415#11,1,1,10,10,12
100,000415#13,1,1,10,10,21
100,000415#14,1,1,10,10,13
100,000415#15,1,1,10,10,17
100,000415#16,1,1,6,10,8
100,000415#17,1,1,10,10,10
100,000415#19,1,1,10,10,37
100,000433#7,1,1,10,10,57
100,000437#0,1,1,10,10,67
100,000437#1,1,1,10,10,75
100,000437#2,1,1,10,10,26
100,000437#5,1,1,10,10,48
100,000484#2,1,1,10,10,37
100,000484#3,1,1,10,10,55
100,000500#0,1,1,10,10,14
100,000500#1,1,1,9,10,9
100,000500#2,1,1,10,10,15
100,000525#0,1,1,10,10,14
100,000525#1,1,1,10,10,30
100,000525#2,1,1,10,10,35
100,000561#0,1,1,10,10,70
100,000561#3,1,1,10,10,63
100,000561#4,1,1,10,10,38
100,000597#2,1,1,10,10,62
100,000597#3,1,1,5,10,29
100,000630#0,1,1,10,10,14
100,000680#5,1,1,10,10,69
100,000707#1,1,1,10,10,13
100,000707#2,1,1,10,10,18
100,000707#3,1,1,9,10,9
100,000707#4,1,1,10,10,25
100,000707#5,1,1,10,10,20
100,000735#1,1,1,10,10,11
100,000738#0,1,1,10,10,26
100,000738#2,1,1,9,10,9
100,000738#3,1,1,10,10,36
100,000756#4,1,1,10,10,34
100,000759#2,1,1,10,10,34
100,000780#0,1,1,10,10,22
100,000780#3,1,1,10,10,90
100,000783#0,1,1,10,10,45
100,000783#1,1,1,10,10,42
100,000783#3,1,1,10,10,38
100,000783#4,1,1,10,10,26
100,000808#1,1,1,10,10,21
100,000820#2,1,1,10,10,58
100,000820#3,1,1,10,10,45
100,000820#4,1,1,10,10,25
100,000820#5,1,1,10,10,27
100,000820#7,1,1,8,10,8
100,000889#5,1,1,10,10,84
100,000889#6,1,1,10,10,40
100,000889#7,1,1,10,10,14
100,000889#8,1,1,10,10,15
100,000889#9,1,1,10,10,22
100,000889#13,1,1,10,10,24
100,000889#14,1,1,10,10,69
100,000943#0,1,1,10,10,16
100,000943#1,1,1,10,10,14
100,000943#2,1,1,10,10,64
100,000943#3,1,1,7,10,7
100,000943#4,1,1,7,10,7
100,000943#6,1,1,8,10,18
100,000943#7,1,1,10,10,23
100,000952#0,1,1,10,10,22
100,001033#1,1,1,10,10,15
100,001033#2,1,1,10,10,31
100,001033#3,1,1,10,10,41
100,001033#9,1,1,10,10,25
100,001033#10,1,1,10,10,21
100,001035#0,1,1,10,10,19
100,001035#1,1,1,10,10,53
100,001035#2,1,1,10,10,76
100,001035#7,1,1,10,10,40
100,001035#9,1,1,10,10,22
100,001035#10,1,1,10,10,63
100,001114#5,1,1,10,10,47
100,001114#6,1,1,10,10,40
100,001114#7,1,1,10,10,12
100,001114#8,1,1,10,10,26
100,001114#10,1,1,10,10,17
100,001123#0,1,1,10,10,31
100,001123#1,1,1,10,10,76
100,001123#2,1,1,10,10,77
100,001123#4,1,1,10,10,64
100,001123#5,1,1,10,10,42
100,001123#6,1,1,10,10,79
100,001123#7,1,1,10,10,86
100,001123#8,1,1,5,10,36
100,001123#9,1,1,10,10,56
100,001123#10,1,1,10,10,62
100,001123#11,1,1,10,10,66
100,001123#12,1,1,10,10,79
100,001123#13,1,1,10,10,31
100,001123#18,1,1,9,10,9
100,001123#19,1,1,10,10,10
100,001123#20,1,1,10,10,49
100,001123#21,1,1,10,10,32
100,001123#22,1,1,10,10,33
100,001135#4,1,1,10,10,64
100,001135#6,1,1,10,10,72
100,001135#7,1,1,10,10,14
100,001157#4,1,1,10,10,14
100,001157#5,1,1,10,10,30
100,001157#8,1,1,10,10,77
100,001157#9,1,1,10,10,68
100,001202#3,1,1,10,10,72
100,001202#4,1,1,10,10,78
100,001202#8,1,1,10,10,23
100,001202#10,1,1,10,10,56
100,001202#11,1,1,10,10,57
100,001202#12,1,1,10,10,42
100,001257#0,1,1,10,10,46
100,001257#3,1,1,10,10,69
100,001257#6,1,1,10,10,27
100,001257#9,1,1,10,10,27
100,001257#10,1,1,10,10,46
100,001257#11,1,1,10,10,31
100,001276#3,1,1,10,10,58
100,001276#7,1,1,10,10,30
100,001276#9,1,1,10,10,54
100,001276#10,1,1,10,10,27
100,001276#11,1,1,10,10,31
100,001276#12,1,1,10,10,25
100,001276#13,1,1,10,10,35
100,001276#14,1,1,10,10,50
100,001276#15,1,1,10,10,25
100,001295#0,1,1,10,10,30
100,001295#1,1,1,10,10,52
100,001295#3,1,1,10,10,10
100,001295#10,1,1,10,10,55
100,001295#11,1,1,10,10,24
100,001295#12,1,1,10,10,17
100,001295#13,1,1,10,10,28
100,001295#14,1,1,10,10,36
100,001295#15,1,1,10,10,24
100,001295#17,1,1,10,10,19
100,001295#18,1,1,10,10,15
100,001295#19,1,1,10,10,17
100,001295#20,1,1,9,10,16
100,001295#21,1,1,10,10,22
100,001295#22,1,1,10,10,26
100,001295#24,1,1,10,10,26
100,001295#26,1,1,9,10,9
100,001409#0,1,1,10,10,39
100,001409#1,1,1,10,10,43
100,001415#0,1,1,10,10,42
100,001415#1,1,1,10,10,44
100,001415#2,1,1,10,10,41
100,001415#3,1,1,10,10,53
100,001443#3,1,1,10,10,53
100,001443#4,1,1,10,10,73
100,001443#6,1,1,10,10,66
100,001443#7,1,1,10,10,67
100,001443#9,1,1,10,10,27
100,001443#10,1,1,10,10,46
100,001461#2,1,1,10,10,28
100,001461#3,1,1,10,10,42
100,001461#4,1,1,10,10,64
100,001461#5,1,1,10,10,36
100,001531#1,1,1,10,10,16
100,001531#2,1,1,10,10,11
100,001531#6,1,1,10,10,28
100,001531#8,1,1,10,10,11
100,001531#10,1,1,10,10,43
100,001558#4,1,1,10,10,31
100,001683#1,1,1,10,10,83
100,001683#6,1,1,10,10,36
100,001683#7,1,1,10,10,46
100,001683#8,1,1,10,10,50
100,001694#1,1,1,10,10,28
100,001694#2,1,1,10,10,64
100,001694#7,1,1,10,10,62
100,001694#8,1,1,10,10,36
100,001694#9,1,1,10,10,50
100,001694#10,1,1,10,10,27
100,001694#11,1,1,10,10,28
100,001694#12,1,1,10,10,22
100,001694#13,1,1,10,10,27
100,001694#14,1,1,10,10,31
100,001707#1,1,1,10,10,22
100,001707#2,1,1,10,10,68
100,001707#7,1,1,10,10,62
100,001707#8,1,1,10,10,36
100,001707#9,1,1,10,10,31
100,001707#10,1,1,10,10,34
100,001707#11,1,1,10,10,57
100,001707#12,1,1,10,10,19
100,001712#1,1,1,10,10,72
100,001712#6,1,1,10,10,58
100,001712#7,1,1,10,10,16
100,001712#8,1,1,10,10,36
100,001712#9,1,1,10,10,55
100,001712#10,1,1,10,10,25
100,001712#11,1,1,10,10,23
100,001712#12,1,1,10,10,27
100,001724#1,1,1,10,10,11
100,001724#3,1,1,10,10,56
100,001724#7,1,1,10,10,84
100,001724#8,1,1,10,10,34
100,001724#9,1,1,10,10,30
100,001724#10,1,1,10,10,27
100,001724#11,1,1,10,10,34
100,001724#12,1,1,10,10,38
100,001737#3,1,1,10,10,54
100,001737#7,1,1,10,10,76
100,001737#8,1,1,8,10,8
100,001737#9,1,1,10,10,15
100,001737#10,1,1,10,10,36
100,001737#11,1,1,10,10,30
100,001737#12,1,1,10,10,38
100,001737#13,1,1,10,10,30
100,001742#0,1,1,10,10,41
100,001763#0,1,1,10,10,25
100,001785#0,1,1,10,10,50
100,001785#1,1,1,10,10,51
100,001785#2,1,1,10,10,80
100,001851#0,1,1,10,10,48
100,001851#8,1,1,10,10,25
100,001851#9,1,1,10,10,27
100,001851#10,1,1,10,10,31
100,001851#11,1,1,10,10,25
100,001851#12,1,1,10,10,27
100,001851#13,1,1,10,10,50
100,001851#14,1,1,10,10,27
100,001862#0,1,1,10,10,48
100,001862#8,1,1,10,10,21
100,001862#9,1,1,10,10,27
100,001862#10,1,1,10,10,54
100,001862#11,1,1,10,10,21
100,001862#12,1,1,10,10,20
100,001862#13,1,1,10,10,32
100,001862#14,1,1,10,10,29
100,001862#15,1,1,10,10,37
100,001873#0,1,1,10,10,48
100,001873#4,1,1,10,10,73
100,001873#8,1,1,10,10,26
100,001873#9,1,1,10,10,50
100,001873#10,1,1,10,10,14
100,001873#11,1,1,10,10,27
100,001873#12,1,1,10,10,26
100,001873#13,1,1,10,10,27
100,001881#0,1,1,10,10,48
100,001881#4,1,1,10,10,73
100,001881#8,1,1,10,10,25
100,001881#9,1,1,10,10,54
100,001881#10,1,1,10,10,22
100,001884#0,1,1,10,10,52
100,001884#4,1,1,10,10,73
100,001884#8,1,1,10,10,21
100,001884#9,1,1,10,10,57
100,001884#10,1,1,10,10,25
100,001884#11,1,1,10,10,23
100,001884#12,1,1,10,10,20
100,001884#13,1,1,10,10,17
100,001884#14,1,1,10,10,27
100,001898#0,1,1,10,10,52
100,001898#4,1,1,10,10,74
100,001898#7,1,1,10,10,22
100,001898#8,1,1,10,10,20
100,001898#9,1,1,10,10,21
100,001898#10,1,1,10,10,24
100,001898#11,1,1,10,10,36
100,001898#12,1,1,10,10,55
100,001898#13,1,1,10,10,27
100,001898#14,1,1,10,10,24
100,001970#1,1,1,10,10,73
100,001970#3,1,1,10,10,36
100,001970#7,1,1,10,10,65
100,001970#8,1,1,10,10,26
100,001970#9,1,1,10,10,41
100,001970#10,1,1,10,10,27
100,002048#2,1,1,10,10,68
100,002048#3,1,1,10,10,53
100,002048#4,1,1,10,10,76
100,002048#7,1,1,10,10,37
100,002048#8,1,1,10,10,19
100,002048#9,1,1,10,10,40
100,002048#10,1,1,10,10,41
100,002097#3,1,1,10,10,67
100,002097#4,1,1,10,10,75
100,002097#7,1,1,10,10,22
100,002097#8,1,1,10,10,29
100,002097#9,1,1,10,10,32
100,002097#10,1,1,10,10,32
100,002102#0,1,1,10,10,63
100,002102#1,1,1,10,10,67
100,002102#2,1,1,10,10,64
100,002102#3,1,1,10,10,55
100,002102#4,1,1,10,10,59
100,002102#5,1,1,10,10,40
100,002102#6,1,1,10,10,56
100,002102#7,1,1,10,10,56
100,002102#8,1,1,10,10,50
100,002156#0,1,1,10,10,40
100,002156#1,1,1,10,10,28
100,002156#2,1,1,10,10,38
100,002156#3,1,1,10,10,59
100,002156#4,1,1,10,10,81
100,002156#7,1,1,10,10,46
100,002156#8,1,1,10,10,34
100,002156#9,1,1,10,10,53
100,002207#0,1,1,10,10,11
100,002207#1,1,1,10,10,49
100,002235#3,1,1,10,10,36
100,002235#5,1,1,10,10,55
100,002235#6,1,1,6,10,17
100,002235#7,1,1,10,10,27
100,002235#10,1,1,10,10,10
100,002265#3,1,1,10,10,15
100,002265#4,1,1,10,10,13
100,002276#0,1,1,10,10,41
100,002276#1,1,1,10,10,18
100,002276#2,1,1,10,10,32
100,002276#3,1,1,10,10,53
100,002276#6,1,1,10,10,46
100,002331#2,1,1,10,10,49
100,002331#3,1,1,10,10,37
100,002331#4,1,1,10,10,75
100,002331#16,1,1,10,10,14
100,002331#18,1,1,10,10,21
100,002334#1,1,1,10,10,11
100,002334#8,1,1,10,10,56
100,002334#9,1,1,10,10,18
100,002338#0,1,1,10,10,62
100,002338#1,1,1,10,10,70
100,002338#4,1,1,10,10,73
100,002338#5,1,1,10,10,44
100,002357#0,1,1,10,10,23
100,002357#1,1,1,10,10,35
100,002357#2,1,1,10,10,72
100,002357#3,1,1,10,10,43
100,002359#0,1,1,10,10,29
100,002359#1,1,1,10,10,43
100,002359#2,1,1,10,10,45
100,002359#3,1,1,10,10,27
100,002378#0,1,1,10,10,34
100,002378#1,1,1,10,10,11
100,002378#3,1,1,10,10,66
100,002378#5,1,1,10,10,73
100,002378#6,1,1,10,10,19
100,002380#2,1,1,10,10,77
100,002380#3,1,1,10,10,55
100,002380#4,1,1,10,10,19
100,002380#5,1,1,8,10,8
100,002380#6,1,1,10,10,45
100,002380#7,1,1,10,10,14
100,002380#8,1,1,10,10,15
100,002380#9,1,1,10,10,25
100,002413#0,1,1,10,10,23
100,002517#1,1,1,10,10,48
100,002517#2,1,1,10,10,16
100,002517#4,1,1,10,10,23
100,002517#5,1,1,10,10,76
100,002584#4,1,1,6,10,11
100,002584#6,1,1,10,10,11
100,002625#6,1,1,10,10,17
100,002625#8,1,1,10,10,26
100,002625#10,1,1,10,10,27
100,002625#13,1,1,10,10,22
100,002625#14,1,1,10,10,73
100,002625#18,1,1,10,10,29
100,002625#19,1,1,9,10,13
100,002625#20,1,1,10,10,70
100,002625#21,1,1,10,10,82
100,002625#22,1,1,10,10,36
100,002625#23,1,1,10,10,34
100,002625#24,1,1,10,10,65
100,002625#25,1,1,10,10,11
100,002625#26,1,1,10,10,48
100,002625#27,1,1,2,10,25
100,002625#28,1,1,10,10,37
100,002625#29,1,1,10,10,63
100,002625#30,1,1,10,10,23
100,002625#31,1,1,10,10,34
100,002625#32,1,1,10,10,45
100,002625#33,1,1,10,10,12
100,002627#5,1,1,10,10,20
100,002627#7,1,1,10,10,17
100,002627#11,1,1,10,10,74
100,002627#12,1,1,10,10,32
100,002627#15,1,1,10,10,69
100,002627#17,1,1,10,10,73
100,002627#18,1,1,10,10,74
100,002627#19,1,1,10,10,18
100,002627#22,1,1,10,10,87
100,002627#23,1,1,10,10,71
100,002627#26,1,1,10,10,80
100,002627#27,1,1,10,10,81
100,002627#28,1,1,10,10,48
100,002627#30,1,1,10,10,39
100,002627#31,1,1,10,10,50
100,002627#32,1,1,10,10,55
100,002671#7,1,1,10,10,51
100,002671#9,1,1,10,10,25
100,002671#11,1,1,10,10,39
100,002671#12,1,1,10,10,63
100,002671#13,1,1,10,10,45
100,002671#14,1,1,10,10,30
100,002671#15,1,1,10,10,30
100,002671#16,1,1,10,10,18
100,002671#17,1,1,10,10,45
100,002671#18,1,1,10,10,18
100,002671#19,1,1,10,10,57
100,002671#20,1,1,10,10,46
100,002671#21,1,1,10,10,23
100,002671#22,1,1,10,10,23
100,002671#23,1,1,10,10,46
100,002671#24,1,1,10,10,59
100,002677#0,1,1,10,10,63
100,002677#1,1,1,10,10,40
100,002677#16,1,1,10,10,14
100,002677#17,1,1,10,10,24
100,002677#18,1,1,10,10,76
100,002707#11,1,1,10,10,22
100,002707#12,1,1,10,10,25
100,002707#13,1,1,10,10,62
100,002750#1,1,1,10,10,15
100,002750#4,1,1,10,10,42
100,002750#12,1,1,9,10,13
100,002750#13,1,1,10,10,12
100,002750#14,1,1,10,10,10
100,002750#16,1,1,8,10,8
100,002750#18,1,1,10,10,14
100,002750#19,1,1,10,10,22
100,002750#20,1,1,10,10,28
100,002750#21,1,1,10,10,28
100,002750#22,1,1,10,10,53
100,002750#23,1,1,10,10,25
100,002750#25,1,1,10,10,51
100,002762#1,1,1,10,10,17
100,002839#1,1,1,10,10,21
100,002839#2,1,1,10,10,25
100,002839#3,1,1,10,10,48
100,002839#4,1,1,10,10,31
100,002842#3,1,1,10,10,25
100,002842#4,1,1,10,10,21
100,002844#1,1,1,10,10,42
100,002844#2,1,1,10,10,21
100,002844#3,1,1,10,10,38
100,002935#0,1,1,10,10,17
100,002935#1,1,1,8,10,13
100,002955#0,1,1,10,10,72
100,002955#1,1,1,10,10,47
100,002955#4,1,1,10,10,32
100,002955#5,1,1,10,10,21
100,002955#6,1,1,10,10,37
100,002955#7,1,1,10,10,68
100,002955#8,1,1,10,10,61
100,002955#9,1,1,10,10,11
100,002955#10,1,1,10,10,42
100,002955#11,1,1,10,10,42
100,002955#12,1,1,10,10,57
100,002955#13,1,1,10,10,67
100,002955#14,1,1,10,10,73
100,002955#16,1,1,10,10,49
100,002955#17,1,1,10,10,81
100,002955#20,1,1,10,10,15
100,002955#23,1,1,10,10,29
100,002955#24,1,1,7,10,7
100,002987#0,1,1,10,10,16
100,002987#1,1,1,9,10,9
100,002987#2,1,1,10,10,23
100,002987#3,1,1,10,10,14
100,002987#4,1,1,10,10,34
100,002987#6,1,1,10,10,64
100,002987#7,1,1,10,10,73
100,002987#8,1,1,10,10,28
100,002987#9,1,1,10,10,14
100,002987#10,1,1,10,10,15
100,002987#11,1,1,10,10,15
100,002987#12,1,1,8,10,8
100,002987#13,1,1,10,10,34
100,002987#14,1,1,10,10,20
100,002987#15,1,1,10,10,37
100,003007#6,1,1,9,10,9
100,003007#8,1,1,10,10,41
100,003007#9,1,1,10,10,24
100,003013#6,1,1,10,10,20
100,003017#4,1,1,10,10,12
100,003026#4,1,1,9,10,17
100,003056#1,1,1,10,10,24
100,003056#2,1,1,10,10,15
100,003056#3,1,1,10,10,15
100,003056#4,1,1,10,10,11
100,003056#7,1,1,10,10,38
100,003056#8,1,1,9,10,9
100,003056#9,1,1,10,10,27
100,003056#10,1,1,10,10,18
100,003056#11,1,1,10,10,61
100,003148#0,1,1,10,10,61
100,003148#2,1,1,10,10,63
100,003148#3,1,1,10,10,42
100,003148#6,1,1,10,10,47
100,003148#7,1,1,8,10,8
100,003148#8,1,1,7,10,8
100,003160#0,1,1,10,10,42
100,003160#1,1,1,10,10,28
100,003160#2,1,1,10,10,31
100,003160#3,1,1,8,10,27
100,003160#4,1,1,6,10,31
100,003160#5,1,1,10,10,84
100,003160#7,1,1,10,10,37
100,003160#8,1,1,10,10,69
100,003160#9,1,1,10,10,19
100,003160#11,1,1,10,10,78
100,003160#13,1,1,10,10,37
100,003160#14,1,1,10,10,11
100,003160#15,1,1,10,10,55
100,003160#17,1,1,10,10,43
100,003160#18,1,1,10,10,72
100,003160#19,1,1,10,10,26
100,003160#20,1,1,10,10,18
100,003160#21,1,1,10,10,46
100,003198#1,1,1,10,10,64
100,003198#4,1,1,10,10,42
100,003257#5,1,1,10,10,58
100,003262#0,1,1,10,10,28
100,003262#1,1,1,8,10,31
100,003262#4,1,1,10,10,27
100,003262#14,1,1,10,10,10
100,003262#16,1,1,9,10,10
100,003262#17,1,1,10,10,14
100,003262#21,1,1,8,10,16
100,003262#23,1,1,10,10,22
100,003262#24,1,1,10,10,18
100,003262#28,1,1,10,10,50
100,003262#29,1,1,5,10,7
100,003262#30,1,1,10,10,73
100,003273#1,1,1,10,10,73
100,003273#3,1,1,10,10,68
100,003273#4,1,1,10,10,45
100,003273#5,1,1,10,10,12
100,003273#6,1,1,10,10,87
100,003273#8,1,1,10,10,35
100,003273#9,1,1,10,10,19
100,003273#10,1,1,10,10,42
100,003273#11,1,1,10,10,17
100,003273#13,1,1,10,10,20
100,003288#0,1,1,10,10,74
100,003288#3,1,1,10,10,37
100,003288#4,1,1,10,10,27
100,003288#5,1,1,10,10,20
100,003288#6,1,1,10,10,20
100,003288#7,1,1,10,10,16
100,003288#8,1,1,10,10,14
100,003288#9,1,1,10,10,16
100,003288#10,1,1,10,10,18
100,003288#11,1,1,10,10,14
100,003288#12,1,1,10,10,27
100,003288#13,1,1,10,10,33
100,003288#14,1,1,10,10,13
100,003288#16,1,1,10,10,21
100,003288#18,1,1,10,10,69
100,003304#0,1,1,10,10,42
100,003304#1,1,1,10,10,36
100,003304#2,1,1,10,10,14
100,003304#3,1,1,10,10,48
100,003304#4,1,1,10,10,20
100,003304#8,1,1,10,10,25
100,003304#9,1,1,10,10,41
100,003304#11,1,1,10,10,42
100,003304#12,1,1,10,10,30
100,003304#13,1,1,10,10,13
100,003317#1,1,1,10,10,29
100,003317#2,1,1,10,10,26
100,003317#3,1,1,10,10,29
100,003317#5,1,1,10,10,50
100,003317#6,1,1,10,10,23
100,003317#7,1,1,10,10,27
100,003317#8,1,1,10,10,49
100,003317#9,1,1,10,10,30
100,003317#12,1,1,10,10,12
100,003317#14,1,1,10,10,55
100,003317#15,1,1,10,10,70
100,003317#16,1,1,10,10,43
100,003348#0,1,1,10,10,30
100,003353#0,1,1,10,10,14
100,003408#1,1,1,10,10,22
100,003411#0,1,1,10,10,41
100,003411#1,1,1,10,10,52
100,003411#2,1,1,10,10,57
100,003411#3,1,1,10,10,50
100,003419#0,1,1,10,10,84
100,003419#5,1,1,10,10,22
100,003419#13,1,1,6,10,24
100,003419#14,1,1,10,10,30
100,003419#17,1,1,10,10,30
100,003419#18,1,1,10,10,34
100,003419#19,1,1,10,10,18
100,003419#21,1,1,10,10,36
100,003425#5,1,1,10,10,17
100,003425#6,1,1,9,10,13
100,003425#7,1,1,10,10,11
100,003425#10,1,1,10,10,18
100,003425#12,1,1,10,10,44
100,003425#13,1,1,10,10,46
100,003460#0,1,1,10,10,26
100,003460#1,1,1,10,10,64
100,003460#3,1,1,10,10,80
100,003460#5,1,1,10,10,25
100,003460#6,1,1,10,10,73
100,003472#0,1,1,10,10,31
100,003472#1,1,1,10,10,68
100,003472#2,1,1,10,10,20
100,003472#3,1,1,10,10,71
100,003475#1,1,1,10,10,41
100,003475#2,1,1,10,10,22
100,003475#3,1,1,10,10,51
100,003475#5,1,1,10,10,46
100,003475#6,1,1,10,10,70
100,003475#10,1,1,10,10,21
100,003475#11,1,1,10,10,31
100,003487#0,1,1,10,10,53
100,003487#2,1,1,10,10,62
100,003489#0,1,1,10,10,24
100,003489#2,1,1,10,10,31
100,003489#3,1,1,10,10,55
100,003489#4,1,1,10,10,25
100,003489#5,1,1,10,10,35
100,003489#9,1,1,10,10,26
100,003489#14,1,1,10,10,37
100,003526#0,1,1,10,10,18
100,003526#3,1,1,10,10,13
100,003532#0,1,1,10,10,18
100,003532#1,1,1,10,10,42
100,003546#0,1,1,10,10,27
100,003546#1,1,1,10,10,28
100,003546#2,1,1,10,10,37
100,003592#0,1,1,10,10,23
100,003592#1,1,1,10,10,23
100,003592#2,1,1,10,10,31
100,003592#3,1,1,10,10,20
100,003595#3,1,1,10,10,27
100,003595#4,1,1,10,10,30
100,003595#5,1,1,10,10,21
100,003595#6,1,1,10,10,46
100,003603#3,1,1,10,10,32
100,003653#3,1,1,10,10,15
100,003653#5,1,1,10,10,20
100,003653#6,1,1,10,10,18
100,003653#7,1,1,10,10,14
100,003653#8,1,1,10,10,11
100,003653#9,1,1,10,10,12
100,003653#11,1,1,10,10,36
100,003653#12,1,1,10,10,51
100,003653#14,1,1,8,10,8
100,003653#16,1,1,9,10,9
100,003653#17,1,1,10,10,26
100,003653#18,1,1,8,10,8
100,003679#4,1,1,10,10,50
100,003679#5,1,1,10,10,27
100,003679#7,1,1,10,10,25
100,003679#8,1,1,10,10,32
100,003703#0,1,1,10,10,50
100,003739#0,1,1,10,10,30
100,003739#1,1,1,10,10,35
100,003739#2,1,1,10,10,17
100,003739#3,1,1,10,10,11
100,003739#5,1,1,10,10,16
100,003739#6,1,1,6,10,12
100,003739#7,1,1,10,10,26
100,003739#8,1,1,10,10,16
100,003757#0,1,1,10,10,76
100,003757#7,1,1,10,10,27
100,003757#8,1,1,9,10,10
100,003757#10,1,1,10,10,21
100,003757#14,1,1,10,10,13
100,003757#15,1,1,10,10,15
100,003757#16,1,1,9,10,11
100,003769#0,1,1,10,10,56
100,003838#0,1,1,10,10,72
100,003863#1,1,1,10,10,21
100,003863#3,1,1,10,10,17
100,003863#5,1,1,10,10,33
100,003863#7,1,1,10,10,24
100,003863#9,1,1,10,10,13
100,003863#10,1,1,10,10,12
100,003863#11,1,1,10,10,18
100,003895#2,1,1,10,10,55
100,003896#0,1,1,10,10,43
100,003896#1,1,1,10,10,19
100,003902#0,1,1,10,10,41
100,003902#1,1,1,10,10,15
100,003902#3,1,1,10,10,18
100,003902#4,1,1,10,10,30
100,003902#5,1,1,10,10,18
100,003902#6,1,1,10,10,41
100,003904#0,1,1,10,10,33
100,003904#1,1,1,10,10,19
100,003941#0,1,1,10,10,27
100,003941#1,1,1,10,10,17
100,003941#3,1,1,9,10,12
100,003941#5,1,1,10,10,25
100,003941#7,1,1,10,10,20
100,003941#8,1,1,10,10,26
100,003941#10,1,1,10,10,17
100,003941#11,1,1,10,10,26
100,003941#12,1,1,10,10,17
100,003941#13,1,1,10,10,20
100,003941#14,1,1,10,10,18
100,003941#15,1,1,10,10,22
100,003941#16,1,1,10,10,69
100,003941#20,1,1,10,10,10
100,003941#21,1,1,10,10,25
100,003941#22,1,1,10,10,13
100,003941#24,1,1,10,10,37
100,003941#25,1,1,10,10,18
100,003941#26,1,1,10,10,21
100,003941#27,1,1,10,10,18
100,003941#29,1,1,10,10,17
100,003941#30,1,1,10,10,34
100,003982#5,1,1,10,10,26
100,003982#6,1,1,10,10,15
100,003982#8,1,1,10,10,13
100,003982#11,1,1,10,10,19
100,003982#14,1,1,10,10,29
100,003982#19,1,1,8,10,9
100,003982#20,1,1,4,10,10
100,003982#23,1,1,10,10,25
100,003982#24,1,1,10,10,10
100,003982#30,1,1,10,10,12
100,003982#32,1,1,10,10,14
100,003982#34,1,1,10,10,11
100,003982#36,1,1,5,10,46
100,003982#41,1,1,9,10,10
100,003982#42,1,1,10,10,11
100,003982#43,1,1,10,10,13
100,003982#47,1,1,10,10,57
100,003982#48,1,1,10,10,16
100,003982#49,1,1,10,10,69
100,003982#50,1,1,10,10,34
100,003982#53,1,1,6,10,10
100,003982#57,1,1,10,10,18
100,003982#58,1,1,10,10,18
100,003982#60,1,1,10,10,16
100,003982#61,1,1,10,10,15
100,003982#62,1,1,10,10,17
100,003987#5,1,1,10,10,32
100,003987#6,1,1,10,10,28
100,003987#10,1,1,10,10,66
100,003987#11,1,1,10,10,71
100,003987#15,1,1,10,10,33
100,003987#16,1,1,10,10,42
100,003987#23,1,1,8,10,11
100,003987#27,1,1,10,10,11
100,003987#35,1,1,10,10,26
100,003987#38,1,1,10,10,19
100,003987#39,1,1,10,10,17
100,003987#40,1,1,10,10,16
100,003987#41,1,1,10,10,13
100,003987#43,1,1,10,10,10
100,003987#46,1,1,8,10,8
100,003987#47,1,1,10,10,15
100,003987#49,1,1,10,10,12
100,003987#50,1,1,10,10,15
100,003987#51,1,1,10,10,15
100,003987#52,1,1,10,10,10
100,003987#53,1,1,10,10,19
100,003987#55,1,1,10,10,31
100,hehe_173_000002_024_00000105#2,1,1,1,10,11
100,hehe_173_000002_024_00000105#4,1,1,4,10,11
100,hehe_173_000002_024_00000105#6,1,1,11,10,23
100,hehe_173_000002_024_00000105#7,1,1,9,10,15
100,hehe_173_000002_024_00000105#9,1,1,10,10,31
100,hehe_173_000002_024_00000105#10,1,1,10,10,25
100,hehe_173_000002_024_00000105#11,1,1,9,10,11
100,hehe_173_000002_024_00000105#13,1,1,10,10,31
100,hehe_173_000002_024_00000105#15,1,1,10,10,76
100,hehe_186_000002_028_00000050#1,1,1,10,10,77
100,hehe_22_00000004#0,1,1,10,10,29
100,hehe_22_00000004#2,1,1,10,10,23
100,hehe_22_00000004#4,1,1,10,10,69
100,hehe_22_00000004#6,1,1,10,10,57
100,hehe_22_00000004#7,1,1,10,10,70
100,hehe_22_00000004#9,1,1,7,10,11
100,hehe_230_000002_043_00000061#1,1,1,10,10,69
100,hehe_230_000002_043_00000061#6,1,1,10,10,62
100,hehe_230_000002_043_00000061#7,1,1,10,10,58
100,hehe_230_000002_043_00000061#10,1,1,10,10,31
100,hehe_230_000002_043_00000061#11,1,1,10,10,37
100,hehe_230_000002_043_00000061#13,1,1,10,10,19
100,hehe_230_000002_043_00000061#14,1,1,5,10,12
100,hehe_232_000002_043_00000181#0,1,1,8,10,8
100,hehe_232_000002_043_00000181#1,1,1,10,10,22
100,hehe_232_000002_043_00000181#2,1,1,10,10,57
100,hehe_232_000002_043_00000181#3,1,1,10,10,36
100,hehe_232_000002_043_00000181#8,1,1,10,10,57
100,hehe_274_000002_060_00000105#1,1,1,10,10,67
100,hehe_274_000002_060_00000105#5,1,1,10,10,28
100,hehe_274_000002_060_00000105#6,1,1,10,10,11
100,hehe_40_00000033#1,1,1,10,10,26
100,hehe_40_00000033#2,1,1,8,10,46
100,hehe_40_00000033#3,1,1,2,10,40
100,hehe_40_00000033#5,1,1,10,10,40
100,hehe_45_00000001#2,1,1,10,10,42
100,hehe_45_00000001#4,1,1,10,10,28
100,hehe_45_00000001#5,1,1,10,10,49
100,hehe_45_00000001#6,1,1,10,10,40
100,hehe_45_00000001#7,1,1,10,10,60
100,hehe_45_00000001#8,1,1,10,10,34
100,hehe_45_00000001#9,1,1,10,10,46
100,hehe_52_00000107#0,1,1,10,10,19
100,hehe_52_00000107#1,1,1,8,10,8
100,hehe_61_00000090#2,1,1,10,10,76
100,hehe_61_00000090#3,1,1,10,10,39
100,hehe_61_00000090#4,1,1,10,10,20
100,hehe_61_00000090#9,1,1,10,10,64
100,hehe_61_00000090#10,1,1,10,10,50
100,hehe_61_00000090#11,1,1,10,10,84
100,hehe_65_00000229#2,1,1,10,10,59
100,hehe_65_00000229#3,1,1,10,10,32
100,hehe_65_00000229#4,1,1,10,10,30
100,hehe_65_00000229#6,1,1,10,10,16
100,hehe_65_00000229#7,1,1,10,10,21
100,hehe_6_00000054#0,1,1,10,10,12
100,hehe_6_00000054#2,1,1,10,10,35
100,hehe_6_00000054#3,1,1,10,10,32
100,hehe_6_00000054#4,1,1,10,10,27
100,hehe_6_00000054#6,1,1,10,10,76
100,hehe_6_00000054#13,1,1,9,10,74
100,hehe_6_00000054#16,1,1,10,10,32
100,hehe_6_00000054#17,1,1,10,10,38
100,hehe_86_00000253#0,1,1,10,10,45
100,hehe_86_00000253#3,1,1,10,10,58
100,hehe_87_00000315#1,1,1,10,10,39
100,hehe_87_00000315#2,1,1,10,10,40
100,hehe_87_00000315#3,1,1,10,10,33
100,hehe_87_00000315#4,1,1,10,10,20
100,hehe_87_00000315#5,1,1,6,10,30
100,hehe_87_00000315#6,1,1,10,10,14
100,shuming_1007_00000230#0,1,1,10,10,38
100,shuming_1007_00000230#3,1,1,10,10,43
100,shuming_1007_00000230#4,1,1,5,10,36
100,shuming_1007_00000230#5,1,1,10,10,46
100,shuming_1007_00000230#7,1,1,10,10,63
100,shuming_1007_00000230#10,1,1,10,10,62
100,shuming_1007_00000230#11,1,1,10,10,39
100,shuming_1007_00000230#12,1,1,10,10,34
100,shuming_1007_00000230#13,1,1,10,10,10
100,shuming_1007_00000230#14,1,1,5,10,7
100,shuming_1007_00000230#15,1,1,10,10,79
100,shuming_1007_00000230#16,1,1,10,10,47
100,shuming_1007_00000230#17,1,1,10,10,19
100,shuming_1007_00000230#18,1,1,9,10,13
100,shuming_1007_00000230#20,1,1,10,10,20
100,shuming_1007_00000230#21,1,1,10,10,69
100,shuming_1007_00000230#22,1,1,10,10,27
100,shuming_1007_00000230#23,1,1,10,10,22
100,shuming_1013_00000065#0,1,1,10,10,87
100,shuming_1013_00000065#1,1,1,10,10,41
100,shuming_1013_00000065#3,1,1,10,10,26
100,shuming_1028_00000411#3,1,1,10,10,55
100,shuming_1028_00000411#4,1,1,10,10,10
100,shuming_1028_00000411#5,1,1,10,10,15
100,shuming_1064_00000087#0,1,1,10,10,34
100,shuming_1064_00000087#1,1,1,10,10,55
100,shuming_1064_00000087#2,1,1,10,10,56
100,shuming_1064_00000087#3,1,1,10,10,72
100,shuming_1064_00000087#4,1,1,10,10,69
100,shuming_1064_00000087#6,1,1,10,10,26
100,shuming_1064_00000087#7,1,1,10,10,54
100,shuming_1064_00000087#8,1,1,10,10,86
100,shuming_1076_00000257#1,1,1,10,10,31
100,shuming_1076_00000257#2,1,1,10,10,29
100,shuming_1076_00000257#3,1,1,10,10,20
100,shuming_1076_00000257#4,1,1,10,10,19
100,shuming_1076_00000257#5,1,1,10,10,23
100,shuming_1079_00000233#3,1,1,10,10,18
100,shuming_1079_00000233#4,1,1,10,10,12
100,shuming_1079_00000233#6,1,1,10,10,35
100,shuming_1080_00000016#0,1,1,10,10,72
100,shuming_1080_00000016#4,1,1,10,10,10
100,shuming_1132_00000385#2,1,1,10,10,29
100,shuming_1132_00000385#3,1,1,10,10,32
100,shuming_1132_00000385#4,1,1,8,10,25
100,shuming_1135_00000213#0,1,1,10,10,76
100,shuming_1148_00000041#0,1,1,10,10,74
100,shuming_1157_00000010#0,1,1,10,10,72
100,shuming_1157_00000010#1,1,1,10,10,32
100,shuming_1157_00000010#2,1,1,10,10,18
100,shuming_1180_00000231#3,1,1,10,10,49
100,shuming_24_00000001#0,1,1,10,10,40
100,shuming_24_00000001#1,1,1,10,10,62
100,shuming_340_00000020#1,1,1,10,10,21
100,shuming_340_00000020#19,1,1,10,10,11
100,shuming_340_00000020#22,1,1,7,10,7
100,shuming_340_00000020#23,1,1,10,10,12
100,shuming_340_00000020#26,1,1,9,10,9
100,shuming_340_00000020#30,1,1,9,10,9
100,shuming_340_00000020#31,1,1,10,10,12
100,shuming_340_00000020#38,1,1,9,10,10
100,shuming_35_00000199#0,1,1,10,10,73
100,shuming_35_00000199#3,1,1,10,10,36
100,shuming_35_00000199#4,1,1,10,10,26
100,shuming_35_00000199#5,1,1,4,10,87
100,shuming_35_00000199#6,1,1,10,10,18
100,shuming_35_00000199#8,1,1,10,10,14
100,shuming_35_00000199#9,1,1,8,10,8
100,shuming_35_00000199#11,1,1,10,10,39
100,shuming_410_00000037#0,1,1,6,10,7
100,shuming_410_00000037#9,1,1,10,10,45
100,shuming_461_00000082#0,1,1,10,10,53
100,shuming_461_00000082#2,1,1,10,10,42
100,shuming_461_00000082#3,1,1,10,10,31
100,shuming_461_00000082#4,1,1,10,10,14
100,shuming_461_00000082#5,1,1,10,10,11
100,shuming_465_00000030#0,1,1,10,10,10
100,shuming_465_00000030#2,1,1,10,10,56
100,shuming_465_00000030#3,1,1,10,10,15
100,shuming_470_00000057#3,1,1,10,10,43
100,shuming_470_00000057#4,1,1,10,10,23
100,shuming_482_00000018#3,1,1,10,10,53
100,shuming_482_00000018#4,1,1,10,10,44
100,shuming_482_00000018#5,1,1,10,10,62
100,shuming_485_00000027#3,1,1,10,10,16
100,shuming_485_00000027#4,1,1,10,10,52
100,shuming_503_00000052#0,1,1,10,10,32
100,shuming_503_00000052#1,1,1,10,10,26
100,shuming_562_00000223#2,1,1,10,10,76
100,shuming_571_00000215#0,1,1,10,10,56
100,shuming_571_00000215#1,1,1,10,10,46
100,shuming_574_00000017#0,1,1,10,10,63
100,shuming_608_00000031#1,1,1,10,10,19
100,shuming_608_00000031#2,1,1,10,10,30
100,shuming_608_00000031#3,1,1,10,10,35
100,shuming_608_00000031#4,1,1,10,10,11
100,shuming_610_00000148#0,1,1,10,10,50
100,shuming_63_00000393#3,1,1,10,10,15
100,shuming_63_00000393#4,1,1,10,10,17
100,shuming_63_00000393#5,1,1,9,10,9
100,shuming_63_00000393#6,1,1,10,10,23
100,shuming_63_00000393#7,1,1,10,10,21
100,shuming_63_00000393#8,1,1,10,10,23
100,shuming_63_00000393#9,1,1,10,10,20
100,shuming_663_00000328#2,1,1,10,10,50
100,shuming_663_00000328#3,1,1,10,10,40
100,shuming_67_00000001#1,1,1,10,10,55
100,shuming_67_00000001#2,1,1,10,10,18
100,shuming_698_00000001#0,1,1,10,10,11
100,shuming_698_00000001#1,1,1,3,10,13
100,shuming_698_00000001#2,1,1,10,10,17
100,shuming_698_00000001#3,1,1,10,10,20
100,shuming_698_00000001#4,1,1,10,10,15
100,shuming_698_00000001#5,1,1,10,10,14
100,shuming_698_00000001#7,1,1,10,10,26
100,shuming_698_00000001#8,1,1,10,10,17
100,shuming_698_00000001#9,1,1,10,10,14
100,shuming_698_00000001#10,1,1,10,10,13
100,shuming_698_00000001#11,1,1,10,10,13
100,shuming_698_00000001#12,1,1,10,10,15
100,shuming_698_00000001#13,1,1,10,10,14
100,shuming_698_00000001#14,1,1,10,10,12
100,shuming_698_00000001#15,1,1,10,10,15
100,shuming_698_00000001#16,1,1,10,10,15
100,shuming_698_00000001#17,1,1,10,10,23
100,shuming_698_00000001#18,1,1,10,10,18
100,shuming_698_00000001#19,1,1,10,10,19
100,shuming_698_00000001#20,1,1,9,10,22
100,shuming_698_00000001#21,1,1,10,10,24
100,shuming_698_00000001#22,1,1,10,10,18
100,shuming_698_00000001#23,1,1,10,10,35
100,shuming_698_00000001#25,1,1,10,10,64
100,shuming_706_00000375#0,1,1,10,10,41
100,shuming_706_00000375#2,1,1,10,10,32
100,shuming_706_00000375#3,1,1,10,10,17
100,shuming_706_00000375#4,1,1,10,10,52
100,shuming_72_00000270#19,1,1,10,10,54
100,shuming_72_00000270#20,1,1,10,10,22
100,shuming_72_00000270#22,1,1,10,10,48
100,shuming_72_00000270#24,1,1,10,10,20
100,shuming_731_00000492#0,1,1,10,10,32
100,shuming_731_00000492#1,1,1,10,10,26
100,shuming_731_00000492#3,1,1,10,10,60
100,shuming_731_00000492#5,1,1,10,10,69
100,shuming_753_00000172#0,1,1,10,10,12
100,shuming_758_00000371#0,1,1,10,10,52
100,shuming_763_00000009#2,1,1,10,10,15
100,shuming_774_00000273#3,1,1,10,10,63
100,shuming_774_00000273#5,1,1,10,10,31
100,shuming_779_00000254#1,1,1,10,10,63
100,shuming_779_00000254#5,1,1,10,10,80
100,shuming_783_00000248#0,1,1,10,10,81
100,shuming_783_00000248#2,1,1,10,10,66
100,shuming_793_00000117#2,1,1,10,10,31
100,shuming_825_00000172#1,1,1,10,10,13
100,shuming_825_00000172#2,1,1,7,10,7
100,shuming_825_00000172#3,1,1,10,10,16
100,shuming_826_00000213#1,1,1,10,10,14
100,shuming_826_00000213#2,1,1,10,10,18
100,shuming_826_00000213#3,1,1,9,10,9
100,shuming_85_00000273#4,1,1,10,10,11
100,shuming_987_00000275#1,1,1,10,10,41
100,shuming_987_00000275#2,1,1,10,10,23
100,shuming_987_00000275#3,1,1,10,10,19
100,shuming_987_00000275#4,1,1,10,10,21
100,shuming_987_00000275#5,1,1,10,10,10
125,00000045#1,1,1,10,10,242
125,00000045#2,1,1,10,10,88
125,00000045#3,1,1,10,10,105
125,00000045#6,1,1,10,10,286
125,00000045#7,1,1,10,10,279
125,00000057#1,1,1,10,10,225
125,00000057#2,1,1,10,10,88
125,00000057#3,1,1,10,10,111
125,00000057#5,1,1,10,10,133
125,00000063#1,1,1,10,10,279
125,00000063#2,1,1,10,10,90
125,00000063#3,1,1,10,10,107
125,00000063#5,1,1,10,10,208
125,00000095#1,1,1,10,10,279
125,00000095#2,1,1,10,10,114
125,00000095#3,1,1,10,10,105
125,00000106#1,1,1,10,10,245
125,00000106#2,1,1,10,10,135
125,00000106#3,1,1,10,10,122
125,00000106#5,1,1,10,10,157
125,00000123#1,1,1,10,10,196
125,00000123#2,1,1,10,10,87
125,00000123#3,1,1,10,10,190
125,00000123#5,1,1,10,10,108
125,00000171#0,1,1,10,10,120
125,00000180#0,1,1,10,10,136
125,00000234#1,1,1,10,10,108
125,00000257#0,1,1,10,10,93
125,00000271#0,1,1,10,10,118
125,00000271#1,1,1,10,10,132
125,00000273#0,1,1,10,10,84
125,00000273#1,1,1,10,10,99
125,000002_080_00000048#0,1,1,10,10,69
125,000002_083_00000169#0,1,1,10,10,14
125,000002_083_00000169#1,1,1,10,10,26
125,000002_083_00000169#2,1,1,10,10,36
125,00000346#0,1,1,10,10,381
125,00000364#0,1,1,10,10,210
125,00000396#0,1,1,10,10,111
125,00000399#0,1,1,10,10,82
125,000003_081_00000171#10,1,1,10,10,76
125,000003_081_00000171#11,1,1,10,10,82
125,00000426#0,1,1,10,10,653
125,00000506#0,1,1,10,10,117
125,000005_004_00000286#4,1,1,10,10,62
125,000005_006_00000001#1,1,1,10,10,68
125,000005_006_00000001#2,1,1,6,10,25
125,000005_019_00000209#0,1,1,10,10,43
125,000005_019_00000209#1,1,1,10,10,31
125,000005_019_00000209#2,1,1,10,10,59
125,000005_027_00000493#1,1,1,10,10,34
125,000005_027_00000493#2,1,1,10,10,38
125,000005_027_00000493#3,1,1,10,10,49
125,000005_027_00000493#4,1,1,10,10,21
125,000005_027_00000493#5,1,1,10,10,25
125,000005_027_00000493#6,1,1,10,10,20
125,000005_027_00000493#7,1,1,10,10,26
125,000005_027_00000493#8,1,1,10,10,74
125,000005_028_00000001#2,1,1,10,10,77
125,000005_028_00000163#2,1,1,10,10,31
125,00000618#2,1,1,10,10,101
125,000006_010_00000389#4,1,1,10,10,58
125,000006_011_00000307#3,1,1,10,10,25
125,000006_011_00000409#8,1,1,10,10,40
125,000006_011_00000409#10,1,1,5,10,54
125,000006_012_00000001#3,1,1,10,10,38
125,000006_012_00000001#6,1,1,10,10,63
125,000006_012_00000001#11,1,1,10,10,69
125,000006_012_00000001#12,1,1,10,10,33
125,000008_003_00000235#1,1,1,10,10,76
125,000008_003_00000235#2,1,1,10,10,59
125,000008_003_00000235#3,1,1,10,10,81
125,000008_003_00000235#4,1,1,10,10,66
125,000008_003_00000235#5,1,1,10,10,68
125,000008_003_00000235#10,1,1,10,10,68
125,000008_003_00000235#11,1,1,10,10,16
125,000008_003_00000352#1,1,1,10,10,66
125,000008_003_00000352#3,1,1,10,10,80
125,000008_003_00000352#5,1,1,10,10,74
125,000008_003_00000352#7,1,1,10,10,75
125,000008_003_00000352#8,1,1,10,10,75
125,000008_003_00000352#9,1,1,10,10,76
125,000008_003_00000352#10,1,1,10,10,64
125,000008_003_00000352#12,1,1,10,10,74
125,000008_003_00000352#13,1,1,10,10,16
125,000008_003_00000469#0,1,1,10,10,85
125,000008_003_00000469#1,1,1,10,10,70
125,000008_003_00000469#2,1,1,10,10,67
125,000008_003_00000469#3,1,1,10,10,78
125,000008_003_00000469#4,1,1,10,10,85
125,000008_003_00000469#6,1,1,10,10,89
125,000008_003_00000469#9,1,1,10,10,31
125,000008_003_00000469#10,1,1,10,10,18
125,000008_004_00000665#2,1,1,10,10,34
125,000008_004_00000665#4,1,1,10,10,39
125,000008_004_00000665#11,1,1,10,10,52
125,000008_004_00000665#12,1,1,10,10,63
125,000008_004_00000665#13,1,1,10,10,37
125,000008_013_00000195#1,1,1,10,10,66
125,000008_013_00000195#2,1,1,10,10,60
125,000008_042_00000273#1,1,1,10,10,40
125,000008_045_00000001#0,1,1,10,10,48
125,000008_045_00000001#2,1,1,10,10,70
125,000008_045_00000001#3,1,1,10,10,14
125,000008_045_00000157#0,1,1,10,10,80
125,000008_045_00000157#4,1,1,10,10,17
125,000008_048_00000361#3,1,1,10,10,42
125,000008_048_00000361#4,1,1,10,10,36
125,000008_048_00000361#5,1,1,10,10,29
125,000009_008_00000241#3,1,1,10,10,78
125,000009_008_00000241#5,1,1,10,10,69
125,000009_008_00000241#6,1,1,10,10,29
125,000009_008_00000241#7,1,1,10,10,76
125,000009_008_00000241#9,1,1,10,10,84
125,000009_033_00000333#1,1,1,10,10,16
125,000009_033_00000333#2,1,1,10,10,38
125,000009_033_00000333#3,1,1,10,10,38
125,000009_033_00000333#4,1,1,10,10,36
125,000009_033_00000333#6,1,1,10,10,51
125,000012_008_00000163#3,1,1,10,10,67
125,000012_008_00000163#4,1,1,10,10,55
125,000012_008_00000163#5,1,1,10,10,48
125,000012_008_00000163#6,1,1,10,10,60
125,000012_008_00000163#8,1,1,10,10,74
125,000012_008_00000163#10,1,1,10,10,17
125,000012_008_00000163#11,1,1,10,10,26
125,000012_008_00000163#12,1,1,10,10,27
125,000012_008_00000163#13,1,1,10,10,15
125,000012_008_00000163#14,1,1,10,10,11
125,000012_009_00000244#1,1,1,10,10,71
125,000012_009_00000244#3,1,1,10,10,68
125,000012_009_00000244#4,1,1,10,10,40
125,000012_009_00000244#5,1,1,10,10,45
125,000012_009_00000244#6,1,1,10,10,21
125,000012_009_00000244#7,1,1,10,10,13
125,000012_009_00000244#8,1,1,10,10,12
125,000012_009_00000244#9,1,1,10,10,14
125,000012_009_00000244#10,1,1,10,10,34
125,000012_009_00000244#11,1,1,10,10,18
125,000012_009_00000244#12,1,1,10,10,18
125,000012_009_00000244#13,1,1,10,10,19
125,000012_009_00000244#14,1,1,8,10,8
125,000012_009_00000325#3,1,1,10,10,82
125,000012_009_00000325#4,1,1,10,10,36
125,000012_009_00000325#5,1,1,10,10,43
125,000012_009_00000325#6,1,1,10,10,28
125,000012_009_00000325#7,1,1,10,10,17
125,000012_009_00000325#8,1,1,10,10,16
125,000012_009_00000325#9,1,1,8,10,8
125,000012_009_00000325#11,1,1,10,10,28
125,000012_009_00000325#12,1,1,10,10,15
125,000012_009_00000325#14,1,1,10,10,22
125,000012_009_00000325#15,1,1,3,10,19
125,000012_009_00000325#16,1,1,10,10,35
125,000012_014_00000184#0,1,1,10,10,33
125,000012_014_00000184#1,1,1,10,10,55
125,000012_014_00000184#3,1,1,10,10,26
125,000012_019_00000151#1,1,1,10,10,59
125,000012_019_00000151#2,1,1,10,10,14
125,000012_019_00000151#4,1,1,10,10,21
125,000012_019_00000151#5,1,1,10,10,14
125,000012_022_00000090#0,1,1,10,10,64
125,000012_022_00000090#1,1,1,10,10,23
125,000012_025_00000313#1,1,1,10,10,11
125,000012_025_00000313#2,1,1,10,10,11
125,000012_025_00000313#3,1,1,10,10,13
125,000012_025_00000313#4,1,1,7,10,7
125,000012_025_00000313#5,1,1,10,10,13
125,000012_025_00000313#6,1,1,8,10,8
125,000012_028_00000250#0,1,1,10,10,64
125,000012_028_00000250#1,1,1,10,10,56
125,000013_001_00000001#1,1,1,10,10,33
125,000013_001_00000001#2,1,1,10,10,34
125,000013_001_00000001#3,1,1,10,10,31
125,000013_002_00000281#1,1,1,10,10,31
125,000013_002_00000281#2,1,1,10,10,36
125,000013_002_00000281#3,1,1,10,10,20
125,000013_023_00000075#1,1,1,10,10,56
125,000013_023_00000075#2,1,1,10,10,68
125,000013_025_00000285#0,1,1,10,10,15
125,000013_025_00000285#1,1,1,10,10,56
125,000013_025_00000285#2,1,1,10,10,20
125,000013_030_00000063#0,1,1,10,10,21
125,000013_030_00000063#1,1,1,10,10,68
125,000013_039_00000063#0,1,1,10,10,41
125,000013_039_00000063#1,1,1,10,10,32
125,000013_039_00000063#3,1,1,10,10,26
125,000013_039_00000063#5,1,1,8,10,8
125,000013_040_suppl_00000167#0,1,1,10,10,79
125,000013_040_suppl_00000333#1,1,1,10,10,50
125,000013_040_suppl_00000333#3,1,1,10,10,80
125,000013_040_suppl_00000333#4,1,1,8,10,8
125,000013_044_00000001#0,1,1,10,10,24
125,000013_044_00000001#1,1,1,10,10,31
125,000013_044_00000001#2,1,1,1,10,72
125,000013_044_00000001#4,0,1,0,10,38
125,000013_044_00000001#5,1,1,9,10,72
125,000013_044_00000001#7,1,1,10,10,62
125,000013_048_00000001#0,1,1,10,10,46
125,000013_048_00000001#1,1,1,9,10,60
125,000013_048_00000001#3,0,1,0,10,49
125,000013_048_00000001#4,1,1,1,10,69
125,000013_056_00000281#2,1,1,10,10,49
125,000013_056_00000281#3,1,1,10,10,16
125,000013_056_00000281#4,1,1,10,10,21
125,000013_056_00000281#6,1,1,10,10,11
125,000013_056_00000281#7,1,1,10,10,12
125,000013_056_00000281#8,1,1,10,10,64
125,000013_056_00000281#9,1,1,10,10,43
125,000013_056_00000281#10,1,1,10,10,32
125,000014_012_00000217#1,1,1,10,10,41
125,000014_012_00000217#2,1,1,10,10,48
125,000014_050_00000273#3,1,1,10,10,47
125,000014_050_00000273#4,1,1,10,10,57
125,000014_050_00000273#5,1,1,10,10,26
125,000014_051_suppl_00000341#2,1,1,10,10,15
125,000014_052_00000131#2,1,1,10,10,22
125,000014_052_00000131#3,1,1,10,10,13
125,000015_004_00000268#0,1,1,10,10,27
125,000015_004_suppl_00000223#2,1,1,10,10,36
125,000016_043_suppl_00000292#1,1,1,10,10,21
125,000016_043_suppl_00000292#2,1,1,10,10,56
125,000016_043_suppl_00000292#4,1,1,10,10,30
125,000016_043_suppl_00000292#5,1,1,10,10,25
125,000016_043_suppl_00000292#6,1,1,10,10,45
125,000016_043_suppl_00000292#8,1,1,10,10,26
125,000016_043_suppl_00000292#9,1,1,10,10,32
125,000016_043_suppl_00000292#10,1,1,10,10,19
125,000016_043_suppl_00000292#11,1,1,10,10,27
125,000016_043_suppl_00000292#12,1,1,10,10,32
125,000016_043_suppl_00000292#14,1,1,10,10,70
125,000016_043_suppl_00000292#17,1,1,10,10,47
125,000016_043_suppl_00000292#20,1,1,10,10,23
125,000016_044_00000085#0,1,1,10,10,83
125,000016_044_00000085#1,1,1,10,10,62
125,000016_044_00000085#3,1,1,10,10,17
125,000016_044_00000085#4,1,1,10,10,65
125,000016_044_00000085#7,1,1,10,10,67
125,000016_044_00000085#10,1,1,10,10,78
125,000016_044_00000169#1,1,1,10,10,37
125,000016_044_00000169#2,1,1,10,10,36
125,000016_044_00000169#3,1,1,10,10,16
125,000016_044_00000169#5,1,1,10,10,15
125,000016_044_00000169#6,1,1,10,10,59
125,000016_044_00000169#8,1,1,10,10,88
125,000016_044_00000169#16,1,1,10,10,73
125,000016_044_00000169#17,1,1,9,10,65
125,000017_011_00000297#3,1,1,10,10,12
125,000017_011_00000297#5,1,1,10,10,68
125,000017_011_00000297#9,1,1,10,10,26
125,000017_011_00000297#10,1,1,10,10,86
125,000017_011_00000297#11,1,1,10,10,59
125,000017_011_00000297#13,1,1,10,10,43
125,000017_012_00000135#2,1,1,10,10,36
125,000017_020_00000214#0,1,1,10,10,21
125,000017_020_00000214#2,1,1,10,10,27
125,000017_020_suppl_00000356#0,1,1,10,10,20
125,000017_020_suppl_00000356#2,1,1,10,10,20
125,000018_006_00000063#0,1,1,10,10,66
125,000019_030_00000072#1,1,1,10,10,23
125,000019_030_00000072#2,1,1,10,10,72
125,000019_030_00000072#3,1,1,10,10,54
125,000019_030_00000072#4,1,1,10,10,21
125,000019_030_00000072#5,1,1,10,10,10
125,000019_038_00000205#2,1,1,10,10,20
125,000019_038_00000205#3,1,1,10,10,25
125,000019_038_00000205#4,1,1,10,10,21
125,000019_038_00000205#5,1,1,10,10,36
125,000019_038_00000205#6,1,1,10,10,84
125,000019_038_00000205#7,1,1,10,10,70
125,000019_038_00000205#8,1,1,10,10,82
125,000019_041_00000141#2,1,1,10,10,24
125,000019_045_00000145#4,1,1,10,10,46
125,000019_045_00000145#5,1,1,10,10,42
125,000019_045_00000145#7,1,1,3,10,67
125,000020_010_00000089#1,1,1,10,10,60
125,000020_010_00000089#5,1,1,9,10,9
125,000020_010_00000089#6,1,1,10,10,20
125,000020_010_00000089#7,1,1,4,10,8
125,000020_014_00000193#2,1,1,10,10,63
125,000020_014_00000193#3,1,1,10,10,76
125,000020_014_00000193#5,1,1,10,10,54
125,000020_014_00000193#6,1,1,10,10,77
125,000020_018_00000093#0,1,1,10,10,16
125,000020_018_00000093#1,1,1,10,10,24
125,000020_018_00000093#2,1,1,10,10,81
125,000020_018_00000093#3,1,1,10,10,42
125,000021_020_00000131#2,1,1,10,10,76
125,000023_005_00000070#1,1,1,10,10,32
125,000023_005_00000070#2,1,1,10,10,87
125,000023_005_00000070#3,1,1,10,10,63
125,000023_005_00000070#4,1,1,10,10,63
125,000023_005_00000070#5,1,1,10,10,18
125,000023_005_00000070#6,1,1,10,10,23
125,000031#0,1,1,10,10,53
125,000031#1,1,1,10,10,15
125,000031#2,1,1,8,10,8
125,000031#3,1,1,10,10,15
125,000031#6,1,1,10,10,24
125,000031#8,1,1,10,10,53
125,000031#10,1,1,10,10,16
125,000031#11,1,1,10,10,21
125,000066#0,1,1,10,10,31
125,000066#1,1,1,10,10,15
125,000066#2,1,1,10,10,61
125,000066#3,1,1,10,10,39
125,000070#0,1,1,10,10,28
125,000070#1,1,1,10,10,18
125,000070#2,1,1,10,10,52
125,000070#3,1,1,10,10,67
125,000173#1,1,1,10,10,27
125,000303#2,1,1,10,10,67
125,000303#6,1,1,10,10,30
125,000303#7,1,1,10,10,16
125,000328#1,1,1,10,10,58
125,000328#3,1,1,10,10,65
125,000415#1,1,1,10,10,14
125,000415#2,1,1,8,10,9
125,000415#4,1,1,10,10,22
125,000415#5,1,1,10,10,24
125,000415#6,1,1,10,10,12
125,000415#8,1,1,10,10,10
125,000415#10,1,1,10,10,13
125,000415#11,1,1,10,10,12
125,000415#13,1,1,10,10,21
125,000415#14,1,1,10,10,13
125,000415#15,1,1,10,10,17
125,000415#16,1,1,8,10,8
125,000415#17,1,1,10,10,10
125,000415#19,1,1,10,10,37
125,000433#7,1,1,10,10,57
125,000437#0,1,1,10,10,67
125,000437#1,1,1,10,10,75
125,000437#2,1,1,10,10,26
125,000437#5,1,1,10,10,48
125,000484#2,1,1,10,10,37
125,000484#3,1,1,10,10,55
125,000500#0,1,1,10,10,14
125,000500#1,1,1,9,10,9
125,000500#2,1,1,10,10,15
125,000525#0,1,1,10,10,14
125,000525#1,1,1,10,10,30
125,000525#2,1,1,10,10,35
125,000561#0,1,1,10,10,70
125,000561#3,1,1,10,10,63
125,000561#4,1,1,10,10,38
125,000597#2,1,1,10,10,62
125,000597#3,1,1,5,10,29
125,000630#0,1,1,10,10,14
125,000680#5,1,1,10,10,69
125,000707#1,1,1,10,10,13
125,000707#2,1,1,10,10,18
125,000707#3,1,1,9,10,9
125,000707#4,1,1,10,10,25
125,000707#5,1,1,10,10,20
125,000735#1,1,1,10,10,11
125,000738#0,1,1,10,10,26
125,000738#2,1,1,9,10,9
125,000738#3,1,1,10,10,36
125,000756#4,1,1,10,10,34
125,000759#2,1,1,10,10,34
125,000780#0,1,1,10,10,22
125,000780#3,1,1,10,10,90
125,000783#0,1,1,10,10,45
125,000783#1,1,1,10,10,42
125,000783#3,1,1,10,10,38
125,000783#4,1,1,10,10,26
125,000808#1,1,1,10,10,21
125,000820#2,1,1,10,10,58
125,000820#3,1,1,10,10,45
125,000820#4,1,1,10,10,25
125,000820#5,1,1,10,10,27
125,000820#7,1,1,8,10,8
125,000889#5,1,1,10,10,84
125,000889#6,1,1,10,10,40
125,000889#7,1,1,10,10,14
125,000889#8,1,1,10,10,15
125,000889#9,1,1,10,10,22
125,000889#13,1,1,10,10,24
125,000889#14,1,1,10,10,69
125,000943#0,1,1,10,10,16
125,000943#1,1,1,10,10,14
125,000943#2,1,1,10,10,64
125,000943#3,1,1,6,10,7
125,000943#4,1,1,5,10,7
125,000943#6,1,1,10,10,18
125,000943#7,1,1,10,10,23
125,000952#0,1,1,10,10,22
125,001033#1,1,1,10,10,15
125,001033#2,1,1,10,10,31
125,001033#3,1,1,10,10,41
125,001033#9,1,1,10,10,25
125,001033#10,1,1,10,10,21
125,001035#0,1,1,10,10,19
125,001035#1,1,1,10,10,53
125,001035#2,1,1,10,10,76
125,001035#7,1,1,10,10,40
125,001035#9,1,1,10,10,22
125,001035#10,1,1,10,10,63
125,001114#5,1,1,10,10,47
125,001114#6,1,1,10,10,40
125,001114#7,1,1,10,10,12
125,001114#8,1,1,10,10,26
125,001114#10,1,1,10,10,17
125,001123#0,1,1,10,10,31
125,001123#1,1,1,10,10,76
125,001123#2,1,1,10,10,77
125,001123#4,1,1,10,10,64
125,001123#5,1,1,10,10,42
125,001123#6,1,1,10,10,79
125,001123#7,1,1,10,10,86
125,001123#8,1,1,4,10,36
125,001123#9,1,1,10,10,56
125,001123#10,1,1,10,10,62
125,001123#11,1,1,10,10,66
125,001123#12,1,1,10,10,79
125,001123#13,1,1,10,10,31
125,001123#18,1,1,9,10,9
125,001123#19,1,1,10,10,10
125,001123#20,1,1,10,10,49
125,001123#21,1,1,10,10,32
125,001123#22,1,1,10,10,33
125,001135#4,1,1,10,10,64
125,001135#6,1,1,10,10,72
125,001135#7,1,1,10,10,14
125,001157#4,1,1,10,10,14
125,001157#5,1,1,10,10,30
125,001157#8,1,1,10,10,77
125,001157#9,1,1,10,10,68
125,001202#3,1,1,10,10,72
125,001202#4,1,1,10,10,78
125,001202#8,1,1,10,10,23
125,001202#10,1,1,10,10,56
125,001202#11,1,1,10,10,57
125,001202#12,1,1,10,10,42
125,001257#0,1,1,10,10,46
125,001257#3,1,1,10,10,69
125,001257#6,1,1,10,10,27
125,001257#9,1,1,10,10,27
125,001257#10,1,1,10,10,46
125,001257#11,1,1,10,10,31
125,001276#3,1,1,10,10,58
125,001276#7,1,1,10,10,30
125,001276#9,1,1,10,10,54
125,001276#10,1,1,10,10,27
125,001276#11,1,1,10,10,31
125,001276#12,1,1,10,10,25
125,001276#13,1,1,10,10,35
125,001276#14,1,1,10,10,50
125,001276#15,1,1,10,10,25
125,001295#0,1,1,10,10,30
125,001295#1,1,1,10,10,52
125,001295#3,1,1,10,10,10
125,001295#10,1,1,10,10,55
125,001295#11,1,1,10,10,24
125,001295#12,1,1,10,10,17
125,001295#13,1,1,10,10,28
125,001295#14,1,1,10,10,36
125,001295#15,1,1,10,10,24
125,001295#17,1,1,10,10,19
125,001295#18,1,1,10,10,15
125,001295#19,1,1,10,10,17
125,001295#20,1,1,10,10,16
125,001295#21,1,1,10,10,22
125,001295#22,1,1,10,10,26
125,001295#24,1,1,10,10,26
125,001295#26,1,1,9,10,9
125,001409#0,1,1,10,10,39
125,001409#1,1,1,10,10,43
125,001415#0,1,1,10,10,42
125,001415#1,1,1,10,10,44
125,001415#2,1,1,10,10,41
125,001415#3,1,1,10,10,53
125,001443#3,1,1,10,10,53
125,001443#4,1,1,10,10,73
125,001443#6,1,1,10,10,66
125,001443#7,1,1,10,10,67
125,001443#9,1,1,10,10,27
125,001443#10,1,1,10,10,46
125,001461#2,1,1,10,10,28
125,001461#3,1,1,10,10,42
125,001461#4,1,1,10,10,64
125,001461#5,1,1,10,10,36
125,001531#1,1,1,10,10,16
125,001531#2,1,1,10,10,11
125,001531#6,1,1,10,10,28
125,001531#8,1,1,10,10,11
125,001531#10,1,1,10,10,43
125,001558#4,1,1,10,10,31
125,001683#1,1,1,10,10,83
125,001683#6,1,1,10,10,36
125,001683#7,1,1,10,10,46
125,001683#8,1,1,10,10,50
125,001694#1,1,1,10,10,28
125,001694#2,1,1,10,10,64
125,001694#7,1,1,10,10,62
125,001694#8,1,1,10,10,36
125,001694#9,1,1,10,10,50
125,001694#10,1,1,10,10,27
125,001694#11,1,1,10,10,28
125,001694#12,1,1,10,10,22
125,001694#13,1,1,10,10,27
125,001694#14,1,1,10,10,31
125,001707#1,1,1,10,10,22
125,001707#2,1,1,10,10,68
125,001707#7,1,1,10,10,62
125,001707#8,1,1,10,10,36
125,001707#9,1,1,10,10,31
125,001707#10,1,1,10,10,34
125,001707#11,1,1,10,10,57
125,001707#12,1,1,10,10,19
125,001712#1,1,1,10,10,72
125,001712#6,1,1,10,10,58
125,001712#7,1,1,10,10,16
125,001712#8,1,1,10,10,36
125,001712#9,1,1,10,10,55
125,001712#10,1,1,10,10,25
125,001712#11,1,1,10,10,23
125,001712#12,1,1,10,10,27
125,001724#1,1,1,10,10,11
125,001724#3,1,1,10,10,56
125,001724#7,1,1,10,10,84
125,001724#8,1,1,10,10,34
125,001724#9,1,1,10,10,30
125,001724#10,1,1,10,10,27
125,001724#11,1,1,10,10,34
125,001724#12,1,1,10,10,38
125,001737#3,1,1,10,10,54
125,001737#7,1,1,10,10,76
125,001737#8,1,1,8,10,8
125,001737#9,1,1,10,10,15
125,001737#10,1,1,10,10,36
125,001737#11,1,1,10,10,30
125,001737#12,1,1,10,10,38
125,001737#13,1,1,10,10,30
125,001742#0,1,1,10,10,41
125,001763#0,1,1,10,10,25
125,001785#0,1,1,10,10,50
125,001785#1,1,1,10,10,51
125,001785#2,1,1,10,10,80
125,001851#0,1,1,10,10,48
125,001851#8,1,1,10,10,25
125,001851#9,1,1,10,10,27
125,001851#10,1,1,10,10,31
125,001851#11,1,1,10,10,25
125,001851#12,1,1,10,10,27
125,001851#13,1,1,10,10,50
125,001851#14,1,1,10,10,27
125,001862#0,1,1,10,10,48
125,001862#8,1,1,10,10,21
125,001862#9,1,1,10,10,27
125,001862#10,1,1,10,10,54
125,001862#11,1,1,10,10,21
125,001862#12,1,1,10,10,20
125,001862#13,1,1,10,10,32
125,001862#14,1,1,10,10,29
125,001862#15,1,1,10,10,37
125,001873#0,1,1,10,10,48
125,001873#4,1,1,10,10,73
125,001873#8,1,1,10,10,26
125,001873#9,1,1,10,10,50
125,001873#10,1,1,10,10,14
125,001873#11,1,1,10,10,27
125,001873#12,1,1,10,10,26
125,001873#13,1,1,10,10,27
125,001881#0,1,1,10,10,48
125,001881#4,1,1,10,10,73
125,001881#8,1,1,10,10,25
125,001881#9,1,1,10,10,54
125,001881#10,1,1,10,10,22
125,001884#0,1,1,10,10,52
125,001884#4,1,1,10,10,73
125,001884#8,1,1,10,10,21
125,001884#9,1,1,10,10,57
125,001884#10,1,1,10,10,25
125,001884#11,1,1,10,10,23
125,001884#12,1,1,10,10,20
125,001884#13,1,1,10,10,17
125,001884#14,1,1,10,10,27
125,001898#0,1,1,10,10,52
125,001898#4,1,1,10,10,74
125,001898#7,1,1,10,10,22
125,001898#8,1,1,10,10,20
125,001898#9,1,1,10,10,21
125,001898#10,1,1,10,10,24
125,001898#11,1,1,10,10,36
125,001898#12,1,1,10,10,55
125,001898#13,1,1,10,10,27
125,001898#14,1,1,10,10,24
125,001970#1,1,1,10,10,73
125,001970#3,1,1,10,10,36
125,001970#7,1,1,10,10,65
125,001970#8,1,1,10,10,26
125,001970#9,1,1,10,10,41
125,001970#10,1,1,10,10,27
125,002048#2,1,1,10,10,68
125,002048#3,1,1,10,10,53
125,002048#4,1,1,10,10,76
125,002048#7,1,1,10,10,37
125,002048#8,1,1,10,10,19
125,002048#9,1,1,10,10,40
125,002048#10,1,1,10,10,41
125,002097#3,1,1,10,10,67
125,002097#4,1,1,10,10,75
125,002097#7,1,1,10,10,22
125,002097#8,1,1,10,10,29
125,002097#9,1,1,10,10,32
125,002097#10,1,1,10,10,32
125,002102#0,1,1,10,10,63
125,002102#1,1,1,10,10,67
125,002102#2,1,1,10,10,64
125,002102#3,1,1,10,10,55
125,002102#4,1,1,10,10,59
125,002102#5,1,1,10,10,40
125,002102#6,1,1,10,10,56
125,002102#7,1,1,10,10,56
125,002102#8,1,1,10,10,50
125,002156#0,1,1,10,10,40
125,002156#1,1,1,10,10,28
125,002156#2,1,1,10,10,38
125,002156#3,1,1,4,10,59
125,002156#4,1,1,10,10,81
125,002156#7,1,1,10,10,46
125,002156#8,1,1,10,10,34
125,002156#9,1,1,10,10,53
125,002207#0,1,1,10,10,11
125,002207#1,1,1,10,10,49
125,002235#3,1,1,10,10,36
125,002235#5,1,1,10,10,55
125,002235#6,1,1,6,10,17
125,002235#7,1,1,10,10,27
125,002235#10,1,1,10,10,10
125,002265#3,1,1,10,10,15
125,002265#4,1,1,10,10,13
125,002276#0,1,1,10,10,41
125,002276#1,1,1,10,10,18
125,002276#2,1,1,10,10,32
125,002276#3,1,1,10,10,53
125,002276#6,1,1,10,10,46
125,002331#2,1,1,10,10,49
125,002331#3,1,1,10,10,37
125,002331#4,1,1,10,10,75
125,002331#16,1,1,10,10,14
125,002331#18,1,1,6,10,21
125,002334#1,1,1,10,10,11
125,002334#8,1,1,10,10,56
125,002334#9,1,1,10,10,18
125,002338#0,1,1,10,10,62
125,002338#1,1,1,10,10,70
125,002338#4,1,1,10,10,73
125,002338#5,1,1,10,10,44
125,002357#0,1,1,10,10,23
125,002357#1,1,1,10,10,35
125,002357#2,1,1,10,10,72
125,002357#3,1,1,10,10,43
125,002359#0,1,1,10,10,29
125,002359#1,1,1,10,10,43
125,002359#2,1,1,10,10,45
125,002359#3,1,1,10,10,27
125,002378#0,1,1,10,10,34
125,002378#1,1,1,10,10,11
125,002378#3,1,1,10,10,66
125,002378#5,1,1,10,10,73
125,002378#6,1,1,10,10,19
125,002380#2,1,1,10,10,77
125,002380#3,1,1,10,10,55
125,002380#4,1,1,10,10,19
125,002380#5,1,1,8,10,8
125,002380#6,1,1,10,10,45
125,002380#7,1,1,10,10,14
125,002380#8,1,1,10,10,15
125,002380#9,1,1,10,10,25
125,002413#0,1,1,10,10,23
125,002517#1,1,1,10,10,48
125,002517#2,1,1,10,10,16
125,002517#4,1,1,10,10,23
125,002517#5,1,1,10,10,76
125,002584#4,1,1,6,10,11
125,002584#6,1,1,10,10,11
125,002625#6,1,1,10,10,17
125,002625#8,1,1,10,10,26
125,002625#10,1,1,10,10,27
125,002625#13,1,1,10,10,22
125,002625#14,1,1,10,10,73
125,002625#18,1,1,10,10,29
125,002625#19,1,1,8,10,13
125,002625#20,1,1,10,10,70
125,002625#21,1,1,10,10,82
125,002625#22,1,1,10,10,36
125,002625#23,1,1,10,10,34
125,002625#24,1,1,10,10,65
125,002625#25,1,1,10,10,11
125,002625#26,1,1,10,10,48
125,002625#27,1,1,4,10,25
125,002625#28,1,1,10,10,37
125,002625#29,1,1,10,10,63
125,002625#30,1,1,10,10,23
125,002625#31,1,1,10,10,34
125,002625#32,1,1,10,10,45
125,002625#33,1,1,10,10,12
125,002627#5,1,1,10,10,20
125,002627#7,1,1,10,10,17
125,002627#11,1,1,10,10,74
125,002627#12,1,1,10,10,32
125,002627#15,1,1,10,10,69
125,002627#17,1,1,10,10,73
125,002627#18,1,1,10,10,74
125,002627#19,1,1,10,10,18
125,002627#22,1,1,10,10,87
125,002627#23,1,1,10,10,71
125,002627#26,1,1,10,10,80
125,002627#27,1,1,10,10,81
125,002627#28,1,1,10,10,48
125,002627#30,1,1,10,10,39
125,002627#31,1,1,10,10,50
125,002627#32,1,1,10,10,55
125,002671#7,1,1,10,10,51
125,002671#9,1,1,10,10,25
125,002671#11,1,1,10,10,39
125,002671#12,1,1,10,10,63
125,002671#13,1,1,10,10,45
125,002671#14,1,1,10,10,30
125,002671#15,1,1,10,10,30
125,002671#16,1,1,10,10,18
125,002671#17,1,1,10,10,45
125,002671#18,1,1,10,10,18
125,002671#19,1,1,10,10,57
125,002671#20,1,1,10,10,46
125,002671#21,1,1,10,10,23
125,002671#22,1,1,10,10,23
125,002671#23,1,1,10,10,46
125,002671#24,1,1,10,10,59
125,002677#0,1,1,10,10,63
125,002677#1,1,1,10,10,40
125,002677#16,1,1,10,10,14
125,002677#17,1,1,10,10,24
125,002677#18,1,1,10,10,76
125,002707#11,1,1,10,10,22
125,002707#12,1,1,10,10,25
125,002707#13,1,1,10,10,62
125,002750#1,1,1,10,10,15
125,002750#4,1,1,10,10,42
125,002750#12,1,1,9,10,13
125,002750#13,1,1,10,10,12
125,002750#14,1,1,10,10,10
125,002750#16,1,1,8,10,8
125,002750#18,1,1,10,10,14
125,002750#19,1,1,10,10,22
125,002750#20,1,1,10,10,28
125,002750#21,1,1,10,10,28
125,002750#22,1,1,10,10,53
125,002750#23,1,1,10,10,25
125,002750#25,1,1,10,10,51
125,002762#1,1,1,10,10,17
125,002839#1,1,1,10,10,21
125,002839#2,1,1,10,10,25
125,002839#3,1,1,10,10,48
125,002839#4,1,1,10,10,31
125,002842#3,1,1,10,10,25
125,002842#4,1,1,10,10,21
125,002844#1,1,1,10,10,42
125,002844#2,1,1,10,10,21
125,002844#3,1,1,10,10,38
125,002935#0,1,1,10,10,17
125,002935#1,1,1,10,10,13
125,002955#0,1,1,10,10,72
125,002955#1,1,1,10,10,47
125,002955#4,1,1,10,10,32
125,002955#5,1,1,10,10,21
125,002955#6,1,1,10,10,37
125,002955#7,1,1,10,10,68
125,002955#8,1,1,10,10,61
125,002955#9,1,1,10,10,11
125,002955#10,1,1,10,10,42
125,002955#11,1,1,10,10,42
125,002955#12,1,1,10,10,57
125,002955#13,1,1,10,10,67
125,002955#14,1,1,10,10,73
125,002955#16,1,1,10,10,49
125,002955#17,1,1,10,10,81
125,002955#20,1,1,10,10,15
125,002955#23,1,1,10,10,29
125,002955#24,1,1,7,10,7
125,002987#0,1,1,10,10,16
125,002987#1,1,1,9,10,9
125,002987#2,1,1,10,10,23
125,002987#3,1,1,10,10,14
125,002987#4,1,1,10,10,34
125,002987#6,1,1,10,10,64
125,002987#7,1,1,10,10,73
125,002987#8,1,1,10,10,28
125,002987#9,1,1,10,10,14
125,002987#10,1,1,10,10,15
125,002987#11,1,1,10,10,15
125,002987#12,1,1,8,10,8
125,002987#13,1,1,10,10,34
125,002987#14,1,1,10,10,20
125,002987#15,1,1,10,10,37
125,003007#6,1,1,8,10,9
125,003007#8,1,1,10,10,41
125,003007#9,1,1,10,10,24
125,003013#6,1,1,10,10,20
125,003017#4,1,1,10,10,12
125,003026#4,1,1,10,10,17
125,003056#1,1,1,10,10,24
125,003056#2,1,1,10,10,15
125,003056#3,1,1,10,10,15
125,003056#4,1,1,10,10,11
125,003056#7,1,1,10,10,38
125,003056#8,1,1,8,10,9
125,003056#9,1,1,10,10,27
125,003056#10,1,1,8,10,18
125,003056#11,1,1,10,10,61
125,003148#0,1,1,10,10,61
125,003148#2,1,1,10,10,63
125,003148#3,1,1,10,10,42
125,003148#6,1,1,10,10,47
125,003148#7,1,1,7,10,8
125,003148#8,1,1,7,10,8
125,003160#0,1,1,10,10,42
125,003160#1,1,1,10,10,28
125,003160#2,1,1,6,10,31
125,003160#3,1,1,8,10,27
125,003160#4,1,1,10,10,31
125,003160#5,1,1,10,10,84
125,003160#7,1,1,10,10,37
125,003160#8,1,1,10,10,69
125,003160#9,1,1,10,10,19
125,003160#11,1,1,10,10,78
125,003160#13,1,1,10,10,37
125,003160#14,1,1,10,10,11
125,003160#15,1,1,10,10,55
125,003160#17,1,1,10,10,43
125,003160#18,1,1,10,10,72
125,003160#19,1,1,10,10,26
125,003160#20,1,1,10,10,18
125,003160#21,1,1,10,10,46
125,003198#1,1,1,10,10,64
125,003198#4,1,1,10,10,42
125,003257#5,1,1,10,10,58
125,003262#0,1,1,9,10,28
125,003262#1,1,1,10,10,31
125,003262#4,1,1,10,10,27
125,003262#14,1,1,10,10,10
125,003262#16,1,1,9,10,10
125,003262#17,1,1,10,10,14
125,003262#21,1,1,8,10,16
125,003262#23,1,1,10,10,22
125,003262#24,1,1,10,10,18
125,003262#28,1,1,10,10,50
125,003262#29,1,1,4,10,7
125,003262#30,1,1,10,10,73
125,003273#1,1,1,10,10,73
125,003273#3,1,1,10,10,68
125,003273#4,1,1,10,10,45
125,003273#5,1,1,10,10,12
125,003273#6,1,1,10,10,87
125,003273#8,1,1,10,10,35
125,003273#9,1,1,10,10,19
125,003273#10,1,1,10,10,42
125,003273#11,1,1,10,10,17
125,003273#13,1,1,10,10,20
125,003288#0,1,1,10,10,74
125,003288#3,1,1,10,10,37
125,003288#4,1,1,10,10,27
125,003288#5,1,1,10,10,20
125,003288#6,1,1,10,10,20
125,003288#7,1,1,10,10,16
125,003288#8,1,1,10,10,14
125,003288#9,1,1,10,10,16
125,003288#10,1,1,10,10,18
125,003288#11,1,1,10,10,14
125,003288#12,1,1,10,10,27
125,003288#13,1,1,10,10,33
125,003288#14,1,1,10,10,13
125,003288#16,1,1,10,10,21
125,003288#18,1,1,10,10,69
125,003304#0,1,1,10,10,42
125,003304#1,1,1,10,10,36
125,003304#2,1,1,10,10,14
125,003304#3,1,1,10,10,48
125,003304#4,1,1,10,10,20
125,003304#8,1,1,10,10,25
125,003304#9,1,1,10,10,41
125,003304#11,1,1,10,10,42
125,003304#12,1,1,10,10,30
125,003304#13,1,1,10,10,13
125,003317#1,1,1,10,10,29
125,003317#2,1,1,10,10,26
125,003317#3,1,1,10,10,29
125,003317#5,1,1,10,10,50
125,003317#6,1,1,10,10,23
125,003317#7,1,1,10,10,27
125,003317#8,1,1,10,10,49
125,003317#9,1,1,10,10,30
125,003317#12,1,1,10,10,12
125,003317#14,1,1,10,10,55
125,003317#15,1,1,10,10,70
125,003317#16,1,1,10,10,43
125,003348#0,1,1,10,10,30
125,003353#0,1,1,10,10,14
125,003408#1,1,1,10,10,22
125,003411#0,1,1,10,10,41
125,003411#1,1,1,10,10,52
125,003411#2,1,1,10,10,57
125,003411#3,1,1,10,10,50
125,003419#0,1,1,10,10,84
125,003419#5,1,1,10,10,22
125,003419#13,1,1,10,10,24
125,003419#14,1,1,10,10,30
125,003419#17,1,1,8,10,30
125,003419#18,1,1,10,10,34
125,003419#19,1,1,10,10,18
125,003419#21,1,1,10,10,36
125,003425#5,1,1,10,10,17
125,003425#6,1,1,8,10,13
125,003425#7,1,1,10,10,11
125,003425#10,1,1,10,10,18
125,003425#12,1,1,10,10,44
125,003425#13,1,1,10,10,46
125,003460#0,1,1,10,10,26
125,003460#1,1,1,10,10,64
125,003460#3,1,1,10,10,80
125,003460#5,1,1,10,10,25
125,003460#6,1,1,10,10,73
125,003472#0,1,1,10,10,31
125,003472#1,1,1,10,10,68
125,003472#2,1,1,10,10,20
125,003472#3,1,1,10,10,71
125,003475#1,1,1,10,10,41
125,003475#2,1,1,10,10,22
125,003475#3,1,1,10,10,51
125,003475#5,1,1,10,10,46
125,003475#6,1,1,10,10,70
125,003475#10,1,1,10,10,21
125,003475#11,1,1,10,10,31
125,003487#0,1,1,10,10,53
125,003487#2,1,1,10,10,62
125,003489#0,1,1,10,10,24
125,003489#2,1,1,10,10,31
125,003489#3,1,1,10,10,55
125,003489#4,1,1,10,10,25
125,003489#5,1,1,10,10,35
125,003489#9,1,1,10,10,26
125,003489#14,1,1,10,10,37
125,003526#0,1,1,10,10,18
125,003526#3,1,1,10,10,13
125,003532#0,1,1,10,10,18
125,003532#1,1,1,10,10,42
125,003546#0,1,1,10,10,27
125,003546#1,1,1,10,10,28
125,003546#2,1,1,10,10,37
125,003592#0,1,1,10,10,23
125,003592#1,1,1,10,10,23
125,003592#2,1,1,10,10,31
125,003592#3,1,1,10,10,20
125,003595#3,1,1,10,10,27
125,003595#4,1,1,10,10,30
125,003595#5,1,1,10,10,21
125,003595#6,1,1,10,10,46
125,003603#3,1,1,10,10,32
125,003653#3,1,1,10,10,15
125,003653#5,1,1,10,10,20
125,003653#6,1,1,10,10,18
125,003653#7,1,1,10,10,14
125,003653#8,1,1,10,10,11
125,003653#9,1,1,10,10,12
125,003653#11,1,1,10,10,36
125,003653#12,1,1,10,10,51
125,003653#14,1,1,8,10,8
125,003653#16,1,1,9,10,9
125,003653#17,1,1,10,10,26
125,003653#18,1,1,8,10,8
125,003679#4,1,1,10,10,50
125,003679#5,1,1,10,10,27
125,003679#7,1,1,10,10,25
125,003679#8,1,1,10,10,32
125,003703#0,1,1,10,10,50
125,003739#0,1,1,10,10,30
125,003739#1,1,1,10,10,35
125,003739#2,1,1,10,10,17
125,003739#3,1,1,10,10,11
125,003739#5,1,1,10,10,16
125,003739#6,1,1,6,10,12
125,003739#7,1,1,10,10,26
125,003739#8,1,1,10,10,16
125,003757#0,1,1,10,10,76
125,003757#7,1,1,10,10,27
125,003757#8,1,1,9,10,10
125,003757#10,1,1,10,10,21
125,003757#14,1,1,10,10,13
125,003757#15,1,1,10,10,15
125,003757#16,1,1,10,10,11
125,003769#0,1,1,10,10,56
125,003838#0,1,1,10,10,72
125,003863#1,1,1,10,10,21
125,003863#3,1,1,10,10,17
125,003863#5,1,1,10,10,33
125,003863#7,1,1,10,10,24
125,003863#9,1,1,10,10,13
125,003863#10,1,1,10,10,12
125,003863#11,1,1,10,10,18
125,003895#2,1,1,10,10,55
125,003896#0,1,1,10,10,43
125,003896#1,1,1,10,10,19
125,003902#0,1,1,10,10,41
125,003902#1,1,1,10,10,15
125,003902#3,1,1,10,10,18
125,003902#4,1,1,10,10,30
125,003902#5,1,1,10,10,18
125,003902#6,1,1,10,10,41
125,003904#0,1,1,10,10,33
125,003904#1,1,1,10,10,19
125,003941#0,1,1,10,10,27
125,003941#1,1,1,10,10,17
125,003941#3,1,1,10,10,12
125,003941#5,1,1,10,10,25
125,003941#7,1,1,10,10,20
125,003941#8,1,1,10,10,26
125,003941#10,1,1,10,10,17
125,003941#11,1,1,10,10,26
125,003941#12,1,1,10,10,17
125,003941#13,1,1,10,10,20
125,003941#14,1,1,10,10,18
125,003941#15,1,1,10,10,22
125,003941#16,1,1,10,10,69
125,003941#20,1,1,10,10,10
125,003941#21,1,1,8,10,25
125,003941#22,1,1,10,10,13
125,003941#24,1,1,10,10,37
125,003941#25,1,1,10,10,18
125,003941#26,1,1,10,10,21
125,003941#27,1,1,10,10,18
125,003941#29,1,1,10,10,17
125,003941#30,1,1,10,10,34
125,003982#5,1,1,10,10,26
125,003982#6,1,1,10,10,15
125,003982#8,1,1,10,10,13
125,003982#11,1,1,10,10,19
125,003982#14,1,1,10,10,29
125,003982#19,1,1,8,10,9
125,003982#20,1,1,4,10,10
125,003982#23,1,1,10,10,25
125,003982#24,1,1,10,10,10
125,003982#30,1,1,10,10,12
125,003982#32,1,1,10,10,14
125,003982#34,1,1,10,10,11
125,003982#36,1,1,6,10,46
125,003982#41,1,1,10,10,10
125,003982#42,1,1,10,10,11
125,003982#43,1,1,10,10,13
125,003982#47,1,1,10,10,57
125,003982#48,1,1,10,10,16
125,003982#49,1,1,10,10,69
125,003982#50,1,1,10,10,34
125,003982#53,1,1,6,10,10
125,003982#57,1,1,10,10,18
125,003982#58,1,1,10,10,18
125,003982#60,1,1,10,10,16
125,003982#61,1,1,10,10,15
125,003982#62,1,1,10,10,17
125,003987#5,1,1,10,10,32
125,003987#6,1,1,10,10,28
125,003987#10,1,1,10,10,66
125,003987#11,1,1,10,10,71
125,003987#15,1,1,10,10,33
125,003987#16,1,1,10,10,42
125,003987#23,1,1,7,10,11
125,003987#27,1,1,10,10,11
125,003987#35,1,1,10,10,26
125,003987#38,1,1,10,10,19
125,003987#39,1,1,10,10,17
125,003987#40,1,1,10,10,16
125,003987#41,1,1,10,10,13
125,003987#43,1,1,10,10,10
125,003987#46,1,1,8,10,8
125,003987#47,1,1,10,10,15
125,003987#49,1,1,10,10,12
125,003987#50,1,1,10,10,15
125,003987#51,1,1,10,10,15
125,003987#52,1,1,10,10,10
125,003987#53,1,1,10,10,19
125,003987#55,1,1,10,10,31
125,hehe_173_000002_024_00000105#2,1,1,1,10,11
125,hehe_173_000002_024_00000105#4,1,1,5,10,11
125,hehe_173_000002_024_00000105#6,1,1,11,10,23
125,hehe_173_000002_024_00000105#7,1,1,8,10,15
125,hehe_173_000002_024_00000105#9,1,1,10,10,31
125,hehe_173_000002_024_00000105#10,1,1,10,10,25
125,hehe_173_000002_024_00000105#11,1,1,10,10,11
125,hehe_173_000002_024_00000105#13,1,1,10,10,31
125,hehe_173_000002_024_00000105#15,1,1,10,10,76
125,hehe_186_000002_028_00000050#1,1,1,10,10,77
125,hehe_22_00000004#0,1,1,10,10,29
125,hehe_22_00000004#2,1,1,10,10,23
125,hehe_22_00000004#4,1,1,10,10,69
125,hehe_22_00000004#6,1,1,10,10,57
125,hehe_22_00000004#7,1,1,10,10,70
125,hehe_22_00000004#9,1,1,7,10,11
125,hehe_230_000002_043_00000061#1,1,1,10,10,69
125,hehe_230_000002_043_00000061#6,1,1,10,10,62
125,hehe_230_000002_043_00000061#7,1,1,10,10,58
125,hehe_230_000002_043_00000061#10,1,1,10,10,31
125,hehe_230_000002_043_00000061#11,1,1,10,10,37
125,hehe_230_000002_043_00000061#13,1,1,10,10,19
125,hehe_230_000002_043_00000061#14,1,1,5,10,12
125,hehe_232_000002_043_00000181#0,1,1,8,10,8
125,hehe_232_000002_043_00000181#1,1,1,10,10,22
125,hehe_232_000002_043_00000181#2,1,1,10,10,57
125,hehe_232_000002_043_00000181#3,1,1,10,10,36
125,hehe_232_000002_043_00000181#8,1,1,10,10,57
125,hehe_274_000002_060_00000105#1,1,1,10,10,67
125,hehe_274_000002_060_00000105#5,1,1,10,10,28
125,hehe_274_000002_060_00000105#6,1,1,10,10,11
125,hehe_40_00000033#1,1,1,10,10,26
125,hehe_40_00000033#2,1,1,10,10,46
125,hehe_40_00000033#3,0,1,0,10,40
125,hehe_40_00000033#5,1,1,10,10,40
125,hehe_45_00000001#2,1,1,10,10,42
125,hehe_45_00000001#4,1,1,10,10,28
125,hehe_45_00000001#5,1,1,10,10,49
125,hehe_45_00000001#6,1,1,10,10,40
125,hehe_45_00000001#7,1,1,10,10,60
125,hehe_45_00000001#8,1,1,10,10,34
125,hehe_45_00000001#9,1,1,10,10,46
125,hehe_52_00000107#0,1,1,10,10,19
125,hehe_52_00000107#1,1,1,8,10,8
125,hehe_61_00000090#2,1,1,10,10,76
125,hehe_61_00000090#3,1,1,10,10,39
125,hehe_61_00000090#4,1,1,10,10,20
125,hehe_61_00000090#9,1,1,10,10,64
125,hehe_61_00000090#10,1,1,10,10,50
125,hehe_61_00000090#11,1,1,10,10,84
125,hehe_65_00000229#2,1,1,10,10,59
125,hehe_65_00000229#3,1,1,10,10,32
125,hehe_65_00000229#4,1,1,10,10,30
125,hehe_65_00000229#6,1,1,10,10,16
125,hehe_65_00000229#7,1,1,10,10,21
125,hehe_6_00000054#0,1,1,10,10,12
125,hehe_6_00000054#2,1,1,10,10,35
125,hehe_6_00000054#3,1,1,10,10,32
125,hehe_6_00000054#4,1,1,9,10,27
125,hehe_6_00000054#6,1,1,10,10,76
125,hehe_6_00000054#13,1,1,9,10,74
125,hehe_6_00000054#16,1,1,10,10,32
125,hehe_6_00000054#17,1,1,10,10,38
125,hehe_86_00000253#0,1,1,10,10,45
125,hehe_86_00000253#3,1,1,10,10,58
125,hehe_87_00000315#1,1,1,10,10,39
125,hehe_87_00000315#2,1,1,10,10,40
125,hehe_87_00000315#3,1,1,10,10,33
125,hehe_87_00000315#4,1,1,10,10,20
125,hehe_87_00000315#5,1,1,10,10,30
125,hehe_87_00000315#6,1,1,6,10,14
125,shuming_1007_00000230#0,1,1,10,10,38
125,shuming_1007_00000230#3,1,1,10,10,43
125,shuming_1007_00000230#4,1,1,2,10,36
125,shuming_1007_00000230#5,1,1,10,10,46
125,shuming_1007_00000230#7,1,1,10,10,63
125,shuming_1007_00000230#10,1,1,10,10,62
125,shuming_1007_00000230#11,1,1,10,10,39
125,shuming_1007_00000230#12,1,1,11,10,34
125,shuming_1007_00000230#13,1,1,9,10,10
125,shuming_1007_00000230#14,1,1,5,10,7
125,shuming_1007_00000230#15,1,1,10,10,79
125,shuming_1007_00000230#16,1,1,10,10,47
125,shuming_1007_00000230#17,1,1,10,10,19
125,shuming_1007_00000230#18,1,1,10,10,13
125,shuming_1007_00000230#20,1,1,10,10,20
125,shuming_1007_00000230#21,1,1,10,10,69
125,shuming_1007_00000230#22,1,1,10,10,27
125,shuming_1007_00000230#23,1,1,10,10,22
125,shuming_1013_00000065#0,1,1,10,10,87
125,shuming_1013_00000065#1,1,1,10,10,41
125,shuming_1013_00000065#3,1,1,10,10,26
125,shuming_1028_00000411#3,1,1,10,10,55
125,shuming_1028_00000411#4,1,1,10,10,10
125,shuming_1028_00000411#5,1,1,10,10,15
125,shuming_1064_00000087#0,1,1,10,10,34
125,shuming_1064_00000087#1,1,1,10,10,55
125,shuming_1064_00000087#2,1,1,10,10,56
125,shuming_1064_00000087#3,1,1,10,10,72
125,shuming_1064_00000087#4,1,1,10,10,69
125,shuming_1064_00000087#6,1,1,10,10,26
125,shuming_1064_00000087#7,1,1,10,10,54
125,shuming_1064_00000087#8,1,1,10,10,86
125,shuming_1076_00000257#1,1,1,10,10,31
125,shuming_1076_00000257#2,1,1,10,10,29
125,shuming_1076_00000257#3,1,1,10,10,20
125,shuming_1076_00000257#4,1,1,10,10,19
125,shuming_1076_00000257#5,1,1,10,10,23
125,shuming_1079_00000233#3,1,1,10,10,18
125,shuming_1079_00000233#4,1,1,10,10,12
125,shuming_1079_00000233#6,1,1,10,10,35
125,shuming_1080_00000016#0,1,1,10,10,72
125,shuming_1080_00000016#4,1,1,10,10,10
125,shuming_1132_00000385#2,1,1,10,10,29
125,shuming_1132_00000385#3,1,1,10,10,32
125,shuming_1132_00000385#4,1,1,10,10,25
125,shuming_1135_00000213#0,1,1,10,10,76
125,shuming_1148_00000041#0,1,1,10,10,74
125,shuming_1157_00000010#0,1,1,10,10,72
125,shuming_1157_00000010#1,1,1,10,10,32
125,shuming_1157_00000010#2,1,1,10,10,18
125,shuming_1180_00000231#3,1,1,10,10,49
125,shuming_24_00000001#0,1,1,10,10,40
125,shuming_24_00000001#1,1,1,10,10,62
125,shuming_340_00000020#1,1,1,10,10,21
125,shuming_340_00000020#19,1,1,10,10,11
125,shuming_340_00000020#22,1,1,7,10,7
125,shuming_340_00000020#23,1,1,10,10,12
125,shuming_340_00000020#26,1,1,9,10,9
125,shuming_340_00000020#30,1,1,9,10,9
125,shuming_340_00000020#31,1,1,10,10,12
125,shuming_340_00000020#38,1,1,10,10,10
125,shuming_35_00000199#0,1,1,10,10,73
125,shuming_35_00000199#3,1,1,10,10,36
125,shuming_35_00000199#4,1,1,10,10,26
125,shuming_35_00000199#5,1,1,4,10,87
125,shuming_35_00000199#6,1,1,10,10,18
125,shuming_35_00000199#8,1,1,10,10,14
125,shuming_35_00000199#9,1,1,8,10,8
125,shuming_35_00000199#11,1,1,10,10,39
125,shuming_410_00000037#0,1,1,6,10,7
125,shuming_410_00000037#9,1,1,10,10,45
125,shuming_461_00000082#0,1,1,10,10,53
125,shuming_461_00000082#2,1,1,10,10,42
125,shuming_461_00000082#3,1,1,10,10,31
125,shuming_461_00000082#4,1,1,10,10,14
125,shuming_461_00000082#5,1,1,10,10,11
125,shuming_465_00000030#0,1,1,10,10,10
125,shuming_465_00000030#2,1,1,10,10,56
125,shuming_465_00000030#3,1,1,10,10,15
125,shuming_470_00000057#3,1,1,10,10,43
125,shuming_470_00000057#4,1,1,10,10,23
125,shuming_482_00000018#3,1,1,10,10,53
125,shuming_482_00000018#4,1,1,10,10,44
125,shuming_482_00000018#5,1,1,10,10,62
125,shuming_485_00000027#3,1,1,10,10,16
125,shuming_485_00000027#4,1,1,10,10,52
125,shuming_503_00000052#0,1,1,10,10,32
125,shuming_503_00000052#1,1,1,10,10,26
125,shuming_562_00000223#2,1,1,10,10,76
125,shuming_571_00000215#0,1,1,10,10,56
125,shuming_571_00000215#1,1,1,10,10,46
125,shuming_574_00000017#0,1,1,10,10,63
125,shuming_608_00000031#1,1,1,10,10,19
125,shuming_608_00000031#2,1,1,10,10,30
125,shuming_608_00000031#3,1,1,10,10,35
125,shuming_608_00000031#4,1,1,10,10,11
125,shuming_610_00000148#0,1,1,10,10,50
125,shuming_63_00000393#3,1,1,10,10,15
125,shuming_63_00000393#4,1,1,10,10,17
125,shuming_63_00000393#5,1,1,8,10,9
125,shuming_63_00000393#6,1,1,10,10,23
125,shuming_63_00000393#7,1,1,10,10,21
125,shuming_63_00000393#8,1,1,10,10,23
125,shuming_63_00000393#9,1,1,10,10,20
125,shuming_663_00000328#2,1,1,10,10,50
125,shuming_663_00000328#3,1,1,10,10,40
125,shuming_67_00000001#1,1,1,10,10,55
125,shuming_67_00000001#2,1,1,10,10,18
125,shuming_698_00000001#0,1,1,10,10,11
125,shuming_698_00000001#1,1,1,3,10,13
125,shuming_698_00000001#2,1,1,10,10,17
125,shuming_698_00000001#3,1,1,10,10,20
125,shuming_698_00000001#4,1,1,10,10,15
125,shuming_698_00000001#5,1,1,10,10,14
125,shuming_698_00000001#7,1,1,10,10,26
125,shuming_698_00000001#8,1,1,10,10,17
125,shuming_698_00000001#9,1,1,10,10,14
125,shuming_698_00000001#10,1,1,10,10,13
125,shuming_698_00000001#11,1,1,10,10,13
125,shuming_698_00000001#12,1,1,10,10,15
125,shuming_698_00000001#13,1,1,10,10,14
125,shuming_698_00000001#14,1,1,10,10,12
125,shuming_698_00000001#15,1,1,10,10,15
125,shuming_698_00000001#16,1,1,10,10,15
125,shuming_698_00000001#17,1,1,10,10,23
125,shuming_698_00000001#18,1,1,10,10,18
125,shuming_698_00000001#19,1,1,10,10,19
125,shuming_698_00000001#20,1,1,10,10,22
125,shuming_698_00000001#21,1,1,10,10,24
125,shuming_698_00000001#22,1,1,10,10,18
125,shuming_698_00000001#23,1,1,10,10,35
125,shuming_698_00000001#25,1,1,10,10,64
125,shuming_706_00000375#0,1,1,10,10,41
125,shuming_706_00000375#2,1,1,10,10,32
125,shuming_706_00000375#3,1,1,8,10,17
125,shuming_706_00000375#4,1,1,10,10,52
125,shuming_72_00000270#19,1,1,10,10,54
125,shuming_72_00000270#20,1,1,10,10,22
125,shuming_72_00000270#22,1,1,10,10,48
125,shuming_72_00000270#24,1,1,10,10,20
125,shuming_731_00000492#0,1,1,10,10,32
125,shuming_731_00000492#1,1,1,10,10,26
125,shuming_731_00000492#3,1,1,10,10,60
125,shuming_731_00000492#5,1,1,10,10,69
125,shuming_753_00000172#0,1,1,10,10,12
125,shuming_758_00000371#0,1,1,10,10,52
125,shuming_763_00000009#2,1,1,10,10,15
125,shuming_774_00000273#3,1,1,10,10,63
125,shuming_774_00000273#5,1,1,10,10,31
125,shuming_779_00000254#1,1,1,10,10,63
125,shuming_779_00000254#5,1,1,10,10,80
125,shuming_783_00000248#0,1,1,10,10,81
125,shuming_783_00000248#2,1,1,10,10,66
125,shuming_793_00000117#2,1,1,10,10,31
125,shuming_825_00000172#1,1,1,10,10,13
125,shuming_825_00000172#2,1,1,7,10,7
125,shuming_825_00000172#3,1,1,10,10,16
125,shuming_826_00000213#1,1,1,10,10,14
125,shuming_826_00000213#2,1,1,10,10,18
125,shuming_826_00000213#3,1,1,9,10,9
125,shuming_85_00000273#4,1,1,10,10,11
125,shuming_987_00000275#1,1,1,10,10,41
125,shuming_987_00000275#2,1,1,10,10,23
125,shuming_987_00000275#3,1,1,10,10,19
125,shuming_987_00000275#4,1,1,10,10,21
125,shuming_987_00000275#5,1,1,10,10,10
150,00000045#1,1,1,10,10,242
150,00000045#2,1,1,10,10,88
150,00000045#3,1,1,10,10,105
150,00000045#6,1,1,10,10,286
150,00000045#7,1,1,10,10,279
150,00000057#1,1,1,10,10,225
150,00000057#2,1,1,10,10,88
150,00000057#3,1,1,10,10,111
150,00000057#5,1,1,10,10,133
150,00000063#1,1,1,10,10,279
150,00000063#2,1,1,10,10,90
150,00000063#3,1,1,10,10,107
150,00000063#5,1,1,10,10,208
150,00000095#1,1,1,10,10,279
150,00000095#2,1,1,10,10,114
150,00000095#3,1,1,10,10,105
150,00000106#1,1,1,10,10,245
150,00000106#2,1,1,10,10,135
150,00000106#3,1,1,10,10,122
150,00000106#5,1,1,10,10,157
150,00000123#1,1,1,10,10,196
150,00000123#2,1,1,10,10,87
150,00000123#3,1,1,10,10,190
150,00000123#5,1,1,10,10,108
150,00000171#0,1,1,10,10,120
150,00000180#0,1,1,10,10,136
150,00000234#1,1,1,10,10,108
150,00000257#0,1,1,10,10,93
150,00000271#0,1,1,10,10,118
150,00000271#1,1,1,10,10,132
150,00000273#0,1,1,10,10,84
150,00000273#1,1,1,10,10,99
150,000002_080_00000048#0,1,1,10,10,69
150,000002_083_00000169#0,1,1,10,10,14
150,000002_083_00000169#1,1,1,10,10,26
150,000002_083_00000169#2,1,1,10,10,36
150,00000346#0,1,1,10,10,381
150,00000364#0,1,1,10,10,210
150,00000396#0,1,1,10,10,111
150,00000399#0,1,1,10,10,82
150,000003_081_00000171#10,1,1,10,10,76
150,000003_081_00000171#11,1,1,10,10,82
150,00000426#0,1,1,10,10,653
150,00000506#0,1,1,10,10,117
150,000005_004_00000286#4,1,1,10,10,62
150,000005_006_00000001#1,1,1,10,10,68
150,000005_006_00000001#2,1,1,7,10,25
150,000005_019_00000209#0,1,1,10,10,43
150,000005_019_00000209#1,1,1,10,10,31
150,000005_019_00000209#2,1,1,10,10,59
150,000005_027_00000493#1,1,1,10,10,34
150,000005_027_00000493#2,1,1,10,10,38
150,000005_027_00000493#3,1,1,10,10,49
150,000005_027_00000493#4,1,1,10,10,21
150,000005_027_00000493#5,1,1,10,10,25
150,000005_027_00000493#6,1,1,10,10,20
150,000005_027_00000493#7,1,1,10,10,26
150,000005_027_00000493#8,1,1,10,10,74
150,000005_028_00000001#2,1,1,10,10,77
150,000005_028_00000163#2,1,1,10,10,31
150,00000618#2,1,1,10,10,101
150,000006_010_00000389#4,1,1,10,10,58
150,000006_011_00000307#3,1,1,10,10,25
150,000006_011_00000409#8,1,1,10,10,40
150,000006_011_00000409#10,1,1,10,10,54
150,000006_012_00000001#3,1,1,10,10,38
150,000006_012_00000001#6,1,1,10,10,63
150,000006_012_00000001#11,1,1,10,10,69
150,000006_012_00000001#12,1,1,10,10,33
150,000008_003_00000235#1,1,1,10,10,76
150,000008_003_00000235#2,1,1,10,10,59
150,000008_003_00000235#3,1,1,10,10,81
150,000008_003_00000235#4,1,1,10,10,66
150,000008_003_00000235#5,1,1,10,10,68
150,000008_003_00000235#10,1,1,10,10,68
150,000008_003_00000235#11,1,1,10,10,16
150,000008_003_00000352#1,1,1,10,10,66
150,000008_003_00000352#3,1,1,10,10,80
150,000008_003_00000352#5,1,1,10,10,74
150,000008_003_00000352#7,1,1,10,10,75
150,000008_003_00000352#8,1,1,10,10,75
150,000008_003_00000352#9,1,1,10,10,76
150,000008_003_00000352#10,1,1,10,10,64
150,000008_003_00000352#12,1,1,10,10,74
150,000008_003_00000352#13,1,1,10,10,16
150,000008_003_00000469#0,1,1,10,10,85
150,000008_003_00000469#1,1,1,10,10,70
150,000008_003_00000469#2,1,1,10,10,67
150,000008_003_00000469#3,1,1,10,10,78
150,000008_003_00000469#4,1,1,10,10,85
150,000008_003_00000469#6,1,1,10,10,89
150,000008_003_00000469#9,1,1,10,10,31
150,000008_003_00000469#10,1,1,10,10,18
150,000008_004_00000665#2,1,1,10,10,34
150,000008_004_00000665#4,1,1,10,10,39
150,000008_004_00000665#11,1,1,10,10,52
150,000008_004_00000665#12,1,1,10,10,63
150,000008_004_00000665#13,1,1,10,10,37
150,000008_013_00000195#1,1,1,10,10,66
150,000008_013_00000195#2,1,1,10,10,60
150,000008_042_00000273#1,1,1,10,10,40
150,000008_045_00000001#0,1,1,10,10,48
150,000008_045_00000001#2,1,1,10,10,70
150,000008_045_00000001#3,1,1,10,10,14
150,000008_045_00000157#0,1,1,10,10,80
150,000008_045_00000157#4,1,1,10,10,17
150,000008_048_00000361#3,1,1,10,10,42
150,000008_048_00000361#4,1,1,10,10,36
150,000008_048_00000361#5,1,1,9,10,29
150,000009_008_00000241#3,1,1,10,10,78
150,000009_008_00000241#5,1,1,10,10,69
150,000009_008_00000241#6,1,1,10,10,29
150,000009_008_00000241#7,1,1,10,10,76
150,000009_008_00000241#9,1,1,10,10,84
150,000009_033_00000333#1,1,1,10,10,16
150,000009_033_00000333#2,1,1,10,10,38
150,000009_033_00000333#3,1,1,10,10,38
150,000009_033_00000333#4,1,1,10,10,36
150,000009_033_00000333#6,1,1,10,10,51
150,000012_008_00000163#3,1,1,10,10,67
150,000012_008_00000163#4,1,1,10,10,55
150,000012_008_00000163#5,1,1,10,10,48
150,000012_008_00000163#6,1,1,10,10,60
150,000012_008_00000163#8,1,1,10,10,74
150,000012_008_00000163#10,1,1,10,10,17
150,000012_008_00000163#11,1,1,10,10,26
150,000012_008_00000163#12,1,1,10,10,27
150,000012_008_00000163#13,1,1,10,10,15
150,000012_008_00000163#14,1,1,10,10,11
150,000012_009_00000244#1,1,1,10,10,71
150,000012_009_00000244#3,1,1,10,10,68
150,000012_009_00000244#4,1,1,10,10,40
150,000012_009_00000244#5,1,1,10,10,45
150,000012_009_00000244#6,1,1,10,10,21
150,000012_009_00000244#7,1,1,10,10,13
150,000012_009_00000244#8,1,1,10,10,12
150,000012_009_00000244#9,1,1,10,10,14
150,000012_009_00000244#10,1,1,10,10,34
150,000012_009_00000244#11,1,1,10,10,18
150,000012_009_00000244#12,1,1,10,10,18
150,000012_009_00000244#13,1,1,10,10,19
150,000012_009_00000244#14,1,1,8,10,8
150,000012_009_00000325#3,1,1,10,10,82
150,000012_009_00000325#4,1,1,10,10,36
150,000012_009_00000325#5,1,1,10,10,43
150,000012_009_00000325#6,1,1,10,10,28
150,000012_009_00000325#7,1,1,10,10,17
150,000012_009_00000325#8,1,1,10,10,16
150,000012_009_00000325#9,1,1,8,10,8
150,000012_009_00000325#11,1,1,10,10,28
150,000012_009_00000325#12,1,1,10,10,15
150,000012_009_00000325#14,1,1,10,10,22
150,000012_009_00000325#15,1,1,3,10,19
150,000012_009_00000325#16,1,1,10,10,35
150,000012_014_00000184#0,1,1,10,10,33
150,000012_014_00000184#1,1,1,10,10,55
150,000012_014_00000184#3,1,1,10,10,26
150,000012_019_00000151#1,1,1,10,10,59
150,000012_019_00000151#2,1,1,10,10,14
150,000012_019_00000151#4,1,1,10,10,21
150,000012_019_00000151#5,1,1,10,10,14
150,000012_022_00000090#0,1,1,10,10,64
150,000012_022_00000090#1,1,1,10,10,23
150,000012_025_00000313#1,1,1,10,10,11
150,000012_025_00000313#2,1,1,10,10,11
150,000012_025_00000313#3,1,1,10,10,13
150,000012_025_00000313#4,1,1,7,10,7
150,000012_025_00000313#5,1,1,10,10,13
150,000012_025_00000313#6,1,1,8,10,8
150,000012_028_00000250#0,1,1,10,10,64
150,000012_028_00000250#1,1,1,10,10,56
150,000013_001_00000001#1,1,1,10,10,33
150,000013_001_00000001#2,1,1,10,10,34
150,000013_001_00000001#3,1,1,10,10,31
150,000013_002_00000281#1,1,1,10,10,31
150,000013_002_00000281#2,1,1,10,10,36
150,000013_002_00000281#3,1,1,10,10,20
150,000013_023_00000075#1,1,1,10,10,56
150,000013_023_00000075#2,1,1,10,10,68
150,000013_025_00000285#0,1,1,10,10,15
150,000013_025_00000285#1,1,1,10,10,56
150,000013_025_00000285#2,1,1,10,10,20
150,000013_030_00000063#0,1,1,10,10,21
150,000013_030_00000063#1,1,1,10,10,68
150,000013_039_00000063#0,1,1,10,10,41
150,000013_039_00000063#1,1,1,10,10,32
150,000013_039_00000063#3,1,1,10,10,26
150,000013_039_00000063#5,1,1,7,10,8
150,000013_040_suppl_00000167#0,1,1,10,10,79
150,000013_040_suppl_00000333#1,1,1,10,10,50
150,000013_040_suppl_00000333#3,1,1,10,10,80
150,000013_040_suppl_00000333#4,1,1,8,10,8
150,000013_044_00000001#0,1,1,10,10,24
150,000013_044_00000001#1,1,1,10,10,31
150,000013_044_00000001#2,0,1,0,10,72
150,000013_044_00000001#4,0,1,0,10,38
150,000013_044_00000001#5,1,1,10,10,72
150,000013_044_00000001#7,1,1,10,10,62
150,000013_048_00000001#0,1,1,10,10,46
150,000013_048_00000001#1,1,1,10,10,60
150,000013_048_00000001#3,0,1,0,10,49
150,000013_048_00000001#4,0,1,0,10,69
150,000013_056_00000281#2,1,1,10,10,49
150,000013_056_00000281#3,1,1,10,10,16
150,000013_056_00000281#4,1,1,10,10,21
150,000013_056_00000281#6,1,1,10,10,11
150,000013_056_00000281#7,1,1,10,10,12
150,000013_056_00000281#8,1,1,10,10,64
150,000013_056_00000281#9,1,1,10,10,43
150,000013_056_00000281#10,1,1,10,10,32
150,000014_012_00000217#1,1,1,10,10,41
150,000014_012_00000217#2,1,1,10,10,48
150,000014_050_00000273#3,1,1,10,10,47
150,000014_050_00000273#4,1,1,10,10,57
150,000014_050_00000273#5,1,1,10,10,26
150,000014_051_suppl_00000341#2,1,1,10,10,15
150,000014_052_00000131#2,1,1,10,10,22
150,000014_052_00000131#3,1,1,10,10,13
150,000015_004_00000268#0,1,1,10,10,27
150,000015_004_suppl_00000223#2,1,1,10,10,36
150,000016_043_suppl_00000292#1,1,1,10,10,21
150,000016_043_suppl_00000292#2,1,1,10,10,56
150,000016_043_suppl_00000292#4,1,1,10,10,30
150,000016_043_suppl_00000292#5,1,1,10,10,25
150,000016_043_suppl_00000292#6,1,1,10,10,45
150,000016_043_suppl_00000292#8,1,1,10,10,26
150,000016_043_suppl_00000292#9,1,1,10,10,32
150,000016_043_suppl_00000292#10,1,1,10,10,19
150,000016_043_suppl_00000292#11,1,1,10,10,27
150,000016_043_suppl_00000292#12,1,1,10,10,32
150,000016_043_suppl_00000292#14,1,1,10,10,70
150,000016_043_suppl_00000292#17,1,1,10,10,47
150,000016_043_suppl_00000292#20,1,1,10,10,23
150,000016_044_00000085#0,1,1,10,10,83
150,000016_044_00000085#1,1,1,10,10,62
150,000016_044_00000085#3,1,1,10,10,17
150,000016_044_00000085#4,1,1,10,10,65
150,000016_044_00000085#7,1,1,10,10,67
150,000016_044_00000085#10,1,1,10,10,78
150,000016_044_00000169#1,1,1,8,10,37
150,000016_044_00000169#2,1,1,10,10,36
150,000016_044_00000169#3,1,1,10,10,16
150,000016_044_00000169#5,1,1,10,10,15
150,000016_044_00000169#6,1,1,10,10,59
150,000016_044_00000169#8,1,1,10,10,88
150,000016_044_00000169#16,1,1,7,10,73
150,000016_044_00000169#17,1,1,10,10,65
150,000017_011_00000297#3,1,1,10,10,12
150,000017_011_00000297#5,1,1,10,10,68
150,000017_011_00000297#9,1,1,10,10,26
150,000017_011_00000297#10,1,1,10,10,86
150,000017_011_00000297#11,1,1,10,10,59
150,000017_011_00000297#13,1,1,10,10,43
150,000017_012_00000135#2,1,1,10,10,36
150,000017_020_00000214#0,1,1,10,10,21
150,000017_020_00000214#2,1,1,10,10,27
150,000017_020_suppl_00000356#0,1,1,10,10,20
150,000017_020_suppl_00000356#2,1,1,10,10,20
150,000018_006_00000063#0,1,1,10,10,66
150,000019_030_00000072#1,1,1,10,10,23
150,000019_030_00000072#2,1,1,10,10,72
150,000019_030_00000072#3,1,1,10,10,54
150,000019_030_00000072#4,1,1,10,10,21
150,000019_030_00000072#5,1,1,10,10,10
150,000019_038_00000205#2,1,1,10,10,20
150,000019_038_00000205#3,1,1,10,10,25
150,000019_038_00000205#4,1,1,10,10,21
150,000019_038_00000205#5,1,1,10,10,36
150,000019_038_00000205#6,1,1,10,10,84
150,000019_038_00000205#7,1,1,5,10,70
150,000019_038_00000205#8,1,1,10,10,82
150,000019_041_00000141#2,1,1,10,10,24
150,000019_045_00000145#4,1,1,10,10,46
150,000019_045_00000145#5,1,1,10,10,42
150,000019_045_00000145#7,1,1,1,10,67
150,000020_010_00000089#1,1,1,10,10,60
150,000020_010_00000089#5,1,1,9,10,9
150,000020_010_00000089#6,1,1,10,10,20
150,000020_010_00000089#7,1,1,4,10,8
150,000020_014_00000193#2,1,1,10,10,63
150,000020_014_00000193#3,1,1,10,10,76
150,000020_014_00000193#5,1,1,10,10,54
150,000020_014_00000193#6,1,1,10,10,77
150,000020_018_00000093#0,1,1,10,10,16
150,000020_018_00000093#1,1,1,10,10,24
150,000020_018_00000093#2,1,1,10,10,81
150,000020_018_00000093#3,1,1,10,10,42
150,000021_020_00000131#2,1,1,10,10,76
150,000023_005_00000070#1,1,1,10,10,32
150,000023_005_00000070#2,1,1,10,10,87
150,000023_005_00000070#3,1,1,10,10,63
150,000023_005_00000070#4,1,1,10,10,63
150,000023_005_00000070#5,1,1,10,10,18
150,000023_005_00000070#6,1,1,10,10,23
150,000031#0,1,1,10,10,53
150,000031#1,1,1,10,10,15
150,000031#2,1,1,8,10,8
150,000031#3,1,1,10,10,15
150,000031#6,1,1,10,10,24
150,000031#8,1,1,10,10,53
150,000031#10,1,1,10,10,16
150,000031#11,1,1,9,10,21
150,000066#0,1,1,10,10,31
150,000066#1,1,1,10,10,15
150,000066#2,1,1,10,10,61
150,000066#3,1,1,10,10,39
150,000070#0,1,1,10,10,28
150,000070#1,1,1,10,10,18
150,000070#2,1,1,10,10,52
150,000070#3,1,1,10,10,67
150,000173#1,1,1,10,10,27
150,000303#2,1,1,10,10,67
150,000303#6,1,1,10,10,30
150,000303#7,1,1,10,10,16
150,000328#1,1,1,10,10,58
150,000328#3,1,1,10,10,65
150,000415#1,1,1,10,10,14
150,000415#2,1,1,8,10,9
150,000415#4,1,1,10,10,22
150,000415#5,1,1,10,10,24
150,000415#6,1,1,10,10,12
150,000415#8,1,1,10,10,10
150,000415#10,1,1,10,10,13
150,000415#11,1,1,10,10,12
150,000415#13,1,1,10,10,21
150,000415#14,1,1,10,10,13
150,000415#15,1,1,10,10,17
150,000415#16,1,1,7,10,8
150,000415#17,1,1,10,10,10
150,000415#19,1,1,10,10,37
150,000433#7,1,1,10,10,57
150,000437#0,1,1,10,10,67
150,000437#1,1,1,10,10,75
150,000437#2,1,1,10,10,26
150,000437#5,1,1,10,10,48
150,000484#2,1,1,10,10,37
150,000484#3,1,1,10,10,55
150,000500#0,1,1,10,10,14
150,000500#1,1,1,9,10,9
150,000500#2,1,1,10,10,15
150,000525#0,1,1,10,10,14
150,000525#1,1,1,10,10,30
150,000525#2,1,1,10,10,35
150,000561#0,1,1,10,10,70
150,000561#3,1,1,10,10,63
150,000561#4,1,1,10,10,38
150,000597#2,1,1,10,10,62
150,000597#3,1,1,6,10,29
150,000630#0,1,1,10,10,14
150,000680#5,1,1,10,10,69
150,000707#1,1,1,10,10,13
150,000707#2,1,1,10,10,18
150,000707#3,1,1,9,10,9
150,000707#4,1,1,10,10,25
150,000707#5,1,1,10,10,20
150,000735#1,1,1,10,10,11
150,000738#0,1,1,10,10,26
150,000738#2,1,1,9,10,9
150,000738#3,1,1,10,10,36
150,000756#4,1,1,10,10,34
150,000759#2,1,1,10,10,34
150,000780#0,1,1,10,10,22
150,000780#3,1,1,10,10,90
150,000783#0,1,1,10,10,45
150,000783#1,1,1,10,10,42
150,000783#3,1,1,10,10,38
150,000783#4,1,1,10,10,26
150,000808#1,1,1,10,10,21
150,000820#2,1,1,10,10,58
150,000820#3,1,1,10,10,45
150,000820#4,1,1,10,10,25
150,000820#5,1,1,10,10,27
150,000820#7,1,1,8,10,8
150,000889#5,1,1,10,10,84
150,000889#6,1,1,10,10,40
150,000889#7,1,1,10,10,14
150,000889#8,1,1,10,10,15
150,000889#9,1,1,10,10,22
150,000889#13,1,1,10,10,24
150,000889#14,1,1,10,10,69
150,000943#0,1,1,10,10,16
150,000943#1,1,1,10,10,14
150,000943#2,1,1,10,10,64
150,000943#3,1,1,7,10,7
150,000943#4,1,1,6,10,7
150,000943#6,1,1,10,10,18
150,000943#7,1,1,10,10,23
150,000952#0,1,1,10,10,22
150,001033#1,1,1,10,10,15
150,001033#2,1,1,10,10,31
150,001033#3,1,1,10,10,41
150,001033#9,1,1,10,10,25
150,001033#10,1,1,10,10,21
150,001035#0,1,1,10,10,19
150,001035#1,1,1,10,10,53
150,001035#2,1,1,10,10,76
150,001035#7,1,1,10,10,40
150,001035#9,1,1,10,10,22
150,001035#10,1,1,10,10,63
150,001114#5,1,1,10,10,47
150,001114#6,1,1,10,10,40
150,001114#7,1,1,10,10,12
150,001114#8,1,1,10,10,26
150,001114#10,1,1,10,10,17
150,001123#0,1,1,10,10,31
150,001123#1,1,1,10,10,76
150,001123#2,1,1,10,10,77
150,001123#4,1,1,10,10,64
150,001123#5,1,1,10,10,42
150,001123#6,1,1,10,10,79
150,001123#7,1,1,10,10,86
150,001123#8,1,1,5,10,36
150,001123#9,1,1,10,10,56
150,001123#10,1,1,10,10,62
150,001123#11,1,1,10,10,66
150,001123#12,1,1,10,10,79
150,001123#13,1,1,10,10,31
150,001123#18,1,1,9,10,9
150,001123#19,1,1,10,10,10
150,001123#20,1,1,10,10,49
150,001123#21,1,1,10,10,32
150,001123#22,1,1,10,10,33
150,001135#4,1,1,10,10,64
150,001135#6,1,1,10,10,72
150,001135#7,1,1,8,10,14
150,001157#4,1,1,10,10,14
150,001157#5,1,1,10,10,30
150,001157#8,1,1,10,10,77
150,001157#9,1,1,10,10,68
150,001202#3,1,1,10,10,72
150,001202#4,1,1,10,10,78
150,001202#8,1,1,10,10,23
150,001202#10,1,1,10,10,56
150,001202#11,1,1,10,10,57
150,001202#12,1,1,10,10,42
150,001257#0,1,1,10,10,46
150,001257#3,1,1,10,10,69
150,001257#6,1,1,10,10,27
150,001257#9,1,1,10,10,27
150,001257#10,1,1,10,10,46
150,001257#11,1,1,10,10,31
150,001276#3,1,1,10,10,58
150,001276#7,1,1,10,10,30
150,001276#9,1,1,10,10,54
150,001276#10,1,1,10,10,27
150,001276#11,1,1,10,10,31
150,001276#12,1,1,10,10,25
150,001276#13,1,1,10,10,35
150,001276#14,1,1,10,10,50
150,001276#15,1,1,10,10,25
150,001295#0,1,1,10,10,30
150,001295#1,1,1,10,10,52
150,001295#3,1,1,10,10,10
150,001295#10,1,1,10,10,55
150,001295#11,1,1,10,10,24
150,001295#12,1,1,10,10,17
150,001295#13,1,1,10,10,28
150,001295#14,1,1,10,10,36
150,001295#15,1,1,10,10,24
150,001295#17,1,1,10,10,19
150,001295#18,1,1,10,10,15
150,001295#19,1,1,10,10,17
150,001295#20,1,1,10,10,16
150,001295#21,1,1,10,10,22
150,001295#22,1,1,10,10,26
150,001295#24,1,1,10,10,26
150,001295#26,1,1,9,10,9
150,001409#0,1,1,10,10,39
150,001409#1,1,1,10,10,43
150,001415#0,1,1,10,10,42
150,001415#1,1,1,10,10,44
150,001415#2,1,1,10,10,41
150,001415#3,1,1,10,10,53
150,001443#3,1,1,10,10,53
150,001443#4,1,1,10,10,73
150,001443#6,1,1,10,10,66
150,001443#7,1,1,10,10,67
150,001443#9,1,1,10,10,27
150,001443#10,1,1,10,10,46
150,001461#2,1,1,10,10,28
150,001461#3,1,1,10,10,42
150,001461#4,1,1,10,10,64
150,001461#5,1,1,10,10,36
150,001531#1,1,1,10,10,16
150,001531#2,1,1,10,10,11
150,001531#6,1,1,10,10,28
150,001531#8,1,1,10,10,11
150,001531#10,1,1,10,10,43
150,001558#4,1,1,10,10,31
150,001683#1,1,1,10,10,83
150,001683#6,1,1,10,10,36
150,001683#7,1,1,10,10,46
150,001683#8,1,1,10,10,50
150,001694#1,1,1,10,10,28
150,001694#2,1,1,10,10,64
150,001694#7,1,1,10,10,62
150,001694#8,1,1,10,10,36
150,001694#9,1,1,10,10,50
150,001694#10,1,1,10,10,27
150,001694#11,1,1,10,10,28
150,001694#12,1,1,10,10,22
150,001694#13,1,1,10,10,27
150,001694#14,1,1,10,10,31
150,001707#1,1,1,10,10,22
150,001707#2,1,1,10,10,68
150,001707#7,1,1,10,10,62
150,001707#8,1,1,10,10,36
150,001707#9,1,1,10,10,31
150,001707#10,1,1,10,10,34
150,001707#11,1,1,10,10,57
150,001707#12,1,1,10,10,19
150,001712#1,1,1,10,10,72
150,001712#6,1,1,10,10,58
150,001712#7,1,1,10,10,16
150,001712#8,1,1,10,10,36
150,001712#9,1,1,10,10,55
150,001712#10,1,1,10,10,25
150,001712#11,1,1,10,10,23
150,001712#12,1,1,10,10,27
150,001724#1,1,1,10,10,11
150,001724#3,1,1,10,10,56
150,001724#7,1,1,10,10,84
150,001724#8,1,1,10,10,34
150,001724#9,1,1,10,10,30
150,001724#10,1,1,10,10,27
150,001724#11,1,1,10,10,34
150,001724#12,1,1,10,10,38
150,001737#3,1,1,10,10,54
150,001737#7,1,1,10,10,76
150,001737#8,1,1,8,10,8
150,001737#9,1,1,10,10,15
150,001737#10,1,1,10,10,36
150,001737#11,1,1,10,10,30
150,001737#12,1,1,10,10,38
150,001737#13,1,1,10,10,30
150,001742#0,1,1,10,10,41
150,001763#0,1,1,10,10,25
150,001785#0,1,1,10,10,50
150,001785#1,1,1,10,10,51
150,001785#2,1,1,10,10,80
150,001851#0,1,1,10,10,48
150,001851#8,1,1,10,10,25
150,001851#9,1,1,10,10,27
150,001851#10,1,1,10,10,31
150,001851#11,1,1,10,10,25
150,001851#12,1,1,10,10,27
150,001851#13,1,1,10,10,50
150,001851#14,1,1,10,10,27
150,001862#0,1,1,10,10,48
150,001862#8,1,1,10,10,21
150,001862#9,1,1,10,10,27
150,001862#10,1,1,10,10,54
150,001862#11,1,1,10,10,21
150,001862#12,1,1,10,10,20
150,001862#13,1,1,10,10,32
150,001862#14,1,1,10,10,29
150,001862#15,1,1,10,10,37
150,001873#0,1,1,10,10,48
150,001873#4,1,1,10,10,73
150,001873#8,1,1,10,10,26
150,001873#9,1,1,10,10,50
150,001873#10,1,1,10,10,14
150,001873#11,1,1,10,10,27
150,001873#12,1,1,10,10,26
150,001873#13,1,1,10,10,27
150,001881#0,1,1,10,10,48
150,001881#4,1,1,10,10,73
150,001881#8,1,1,10,10,25
150,001881#9,1,1,10,10,54
150,001881#10,1,1,10,10,22
150,001884#0,1,1,10,10,52
150,001884#4,1,1,10,10,73
150,001884#8,1,1,10,10,21
150,001884#9,1,1,10,10,57
150,001884#10,1,1,10,10,25
150,001884#11,1,1,10,10,23
150,001884#12,1,1,10,10,20
150,001884#13,1,1,10,10,17
150,001884#14,1,1,10,10,27
150,001898#0,1,1,10,10,52
150,001898#4,1,1,10,10,74
150,001898#7,1,1,10,10,22
150,001898#8,1,1,10,10,20
150,001898#9,1,1,10,10,21
150,001898#10,1,1,10,10,24
150,001898#11,1,1,10,10,36
150,001898#12,1,1,10,10,55
150,001898#13,1,1,10,10,27
150,001898#14,1,1,10,10,24
150,001970#1,1,1,10,10,73
150,001970#3,1,1,10,10,36
150,001970#7,1,1,10,10,65
150,001970#8,1,1,10,10,26
150,001970#9,1,1,10,10,41
150,001970#10,1,1,10,10,27
150,002048#2,1,1,10,10,68
150,002048#3,1,1,10,10,53
150,002048#4,1,1,10,10,76
150,002048#7,1,1,10,10,37
150,002048#8,1,1,10,10,19
150,002048#9,1,1,10,10,40
150,002048#10,1,1,10,10,41
150,002097#3,1,1,10,10,67
150,002097#4,1,1,10,10,75
150,002097#7,1,1,10,10,22
150,002097#8,1,1,10,10,29
150,002097#9,1,1,10,10,32
150,002097#10,1,1,10,10,32
150,002102#0,1,1,10,10,63
150,002102#1,1,1,10,10,67
150,002102#2,1,1,10,10,64
150,002102#3,1,1,10,10,55
150,002102#4,1,1,10,10,59
150,002102#5,1,1,10,10,40
150,002102#6,1,1,10,10,56
150,002102#7,1,1,10,10,56
150,002102#8,1,1,10,10,50
150,002156#0,1,1,10,10,40
150,002156#1,1,1,10,10,28
150,002156#2,1,1,10,10,38
150,002156#3,1,1,10,10,59
150,002156#4,1,1,10,10,81
150,002156#7,1,1,10,10,46
150,002156#8,1,1,10,10,34
150,002156#9,1,1,10,10,53
150,002207#0,1,1,10,10,11
150,002207#1,1,1,10,10,49
150,002235#3,1,1,10,10,36
150,002235#5,1,1,10,10,55
150,002235#6,1,1,5,10,17
150,002235#7,1,1,10,10,27
150,002235#10,1,1,10,10,10
150,002265#3,1,1,10,10,15
150,002265#4,1,1,10,10,13
150,002276#0,1,1,10,10,41
150,002276#1,1,1,10,10,18
150,002276#2,1,1,10,10,32
150,002276#3,1,1,10,10,53
150,002276#6,1,1,10,10,46
150,002331#2,1,1,10,10,49
150,002331#3,1,1,10,10,37
150,002331#4,1,1,10,10,75
150,002331#16,1,1,10,10,14
150,002331#18,1,1,7,10,21
150,002334#1,1,1,10,10,11
150,002334#8,1,1,10,10,56
150,002334#9,1,1,10,10,18
150,002338#0,1,1,10,10,62
150,002338#1,1,1,10,10,70
150,002338#4,1,1,10,10,73
150,002338#5,1,1,10,10,44
150,002357#0,1,1,10,10,23
150,002357#1,1,1,10,10,35
150,002357#2,1,1,10,10,72
150,002357#3,1,1,10,10,43
150,002359#0,1,1,10,10,29
150,002359#1,1,1,10,10,43
150,002359#2,1,1,10,10,45
150,002359#3,1,1,10,10,27
150,002378#0,1,1,10,10,34
150,002378#1,1,1,10,10,11
150,002378#3,1,1,10,10,66
150,002378#5,1,1,10,10,73
150,002378#6,1,1,10,10,19
150,002380#2,1,1,10,10,77
150,002380#3,1,1,10,10,55
150,002380#4,1,1,10,10,19
150,002380#5,1,1,8,10,8
150,002380#6,1,1,10,10,45
150,002380#7,1,1,10,10,14
150,002380#8,1,1,10,10,15
150,002380#9,1,1,10,10,25
150,002413#0,1,1,10,10,23
150,002517#1,1,1,10,10,48
150,002517#2,1,1,10,10,16
150,002517#4,1,1,10,10,23
150,002517#5,1,1,10,10,76
150,002584#4,1,1,7,10,11
150,002584#6,1,1,10,10,11
150,002625#6,1,1,10,10,17
150,002625#8,1,1,10,10,26
150,002625#10,1,1,10,10,27
150,002625#13,1,1,10,10,22
150,002625#14,1,1,10,10,73
150,002625#18,1,1,10,10,29
150,002625#19,1,1,9,10,13
150,002625#20,1,1,10,10,70
150,002625#21,1,1,10,10,82
150,002625#22,1,1,10,10,36
150,002625#23,1,1,10,10,34
150,002625#24,1,1,10,10,65
150,002625#25,1,1,10,10,11
150,002625#26,1,1,10,10,48
150,002625#27,1,1,3,10,25
150,002625#28,1,1,10,10,37
150,002625#29,1,1,10,10,63
150,002625#30,1,1,10,10,23
150,002625#31,1,1,10,10,34
150,002625#32,1,1,10,10,45
150,002625#33,1,1,10,10,12
150,002627#5,1,1,10,10,20
150,002627#7,1,1,10,10,17
150,002627#11,1,1,8,10,74
150,002627#12,1,1,10,10,32
150,002627#15,1,1,10,10,69
150,002627#17,1,1,10,10,73
150,002627#18,1,1,10,10,74
150,002627#19,1,1,10,10,18
150,002627#22,1,1,10,10,87
150,002627#23,1,1,10,10,71
150,002627#26,1,1,10,10,80
150,002627#27,1,1,10,10,81
150,002627#28,1,1,10,10,48
150,002627#30,1,1,10,10,39
150,002627#31,1,1,10,10,50
150,002627#32,1,1,10,10,55
150,002671#7,1,1,10,10,51
150,002671#9,1,1,10,10,25
150,002671#11,1,1,10,10,39
150,002671#12,1,1,10,10,63
150,002671#13,1,1,10,10,45
150,002671#14,1,1,10,10,30
150,002671#15,1,1,10,10,30
150,002671#16,1,1,10,10,18
150,002671#17,1,1,10,10,45
150,002671#18,1,1,10,10,18
150,002671#19,1,1,10,10,57
150,002671#20,1,1,10,10,46
150,002671#21,1,1,10,10,23
150,002671#22,1,1,10,10,23
150,002671#23,1,1,10,10,46
150,002671#24,1,1,10,10,59
150,002677#0,1,1,10,10,63
150,002677#1,1,1,10,10,40
150,002677#16,1,1,10,10,14
150,002677#17,1,1,10,10,24
150,002677#18,1,1,10,10,76
150,002707#11,1,1,10,10,22
150,002707#12,1,1,10,10,25
150,002707#13,1,1,10,10,62
150,002750#1,1,1,10,10,15
150,002750#4,1,1,10,10,42
150,002750#12,1,1,9,10,13
150,002750#13,1,1,10,10,12
150,002750#14,1,1,10,10,10
150,002750#16,1,1,8,10,8
150,002750#18,1,1,10,10,14
150,002750#19,1,1,10,10,22
150,002750#20,1,1,10,10,28
150,002750#21,1,1,10,10,28
150,002750#22,1,1,10,10,53
150,002750#23,1,1,10,10,25
150,002750#25,1,1,10,10,51
150,002762#1,1,1,10,10,17
150,002839#1,1,1,10,10,21
150,002839#2,1,1,10,10,25
150,002839#3,1,1,10,10,48
150,002839#4,1,1,10,10,31
150,002842#3,1,1,10,10,25
150,002842#4,1,1,10,10,21
150,002844#1,1,1,10,10,42
150,002844#2,1,1,10,10,21
150,002844#3,1,1,10,10,38
150,002935#0,1,1,10,10,17
150,002935#1,1,1,10,10,13
150,002955#0,1,1,10,10,72
150,002955#1,1,1,10,10,47
150,002955#4,1,1,10,10,32
150,002955#5,1,1,10,10,21
150,002955#6,1,1,10,10,37
150,002955#7,1,1,10,10,68
150,002955#8,1,1,10,10,61
150,002955#9,1,1,10,10,11
150,002955#10,1,1,10,10,42
150,002955#11,1,1,10,10,42
150,002955#12,1,1,10,10,57
150,002955#13,1,1,10,10,67
150,002955#14,1,1,10,10,73
150,002955#16,1,1,10,10,49
150,002955#17,1,1,10,10,81
150,002955#20,1,1,10,10,15
150,002955#23,1,1,10,10,29
150,002955#24,1,1,7,10,7
150,002987#0,1,1,10,10,16
150,002987#1,1,1,9,10,9
150,002987#2,1,1,10,10,23
150,002987#3,1,1,10,10,14
150,002987#4,1,1,10,10,34
150,002987#6,1,1,10,10,64
150,002987#7,1,1,10,10,73
150,002987#8,1,1,10,10,28
150,002987#9,1,1,10,10,14
150,002987#10,1,1,10,10,15
150,002987#11,1,1,10,10,15
150,002987#12,1,1,8,10,8
150,002987#13,1,1,10,10,34
150,002987#14,1,1,10,10,20
150,002987#15,1,1,10,10,37
150,003007#6,1,1,9,10,9
150,003007#8,1,1,10,10,41
150,003007#9,1,1,10,10,24
150,003013#6,1,1,10,10,20
150,003017#4,1,1,10,10,12
150,003026#4,1,1,9,10,17
150,003056#1,1,1,10,10,24
150,003056#2,1,1,10,10,15
150,003056#3,1,1,10,10,15
150,003056#4,1,1,10,10,11
150,003056#7,1,1,10,10,38
150,003056#8,1,1,9,10,9
150,003056#9,1,1,10,10,27
150,003056#10,1,1,9,10,18
150,003056#11,1,1,10,10,61
150,003148#0,1,1,10,10,61
150,003148#2,1,1,10,10,63
150,003148#3,1,1,10,10,42
150,003148#6,1,1,10,10,47
150,003148#7,1,1,7,10,8
150,003148#8,1,1,7,10,8
150,003160#0,1,1,10,10,42
150,003160#1,1,1,10,10,28
150,003160#2,1,1,11,10,31
150,003160#3,1,1,8,10,27
150,003160#4,1,1,6,10,31
150,003160#5,1,1,10,10,84
150,003160#7,1,1,10,10,37
150,003160#8,1,1,10,10,69
150,003160#9,1,1,10,10,19
150,003160#11,1,1,10,10,78
150,003160#13,1,1,10,10,37
150,003160#14,1,1,10,10,11
150,003160#15,1,1,10,10,55
150,003160#17,1,1,10,10,43
150,003160#18,1,1,10,10,72
150,003160#19,1,1,10,10,26
150,003160#20,1,1,10,10,18
150,003160#21,1,1,10,10,46
150,003198#1,1,1,10,10,64
150,003198#4,1,1,10,10,42
150,003257#5,1,1,10,10,58
150,003262#0,1,1,10,10,28
150,003262#1,1,1,10,10,31
150,003262#4,1,1,10,10,27
150,003262#14,1,1,8,10,10
150,003262#16,1,1,9,10,10
150,003262#17,1,1,10,10,14
150,003262#21,1,1,8,10,16
150,003262#23,1,1,10,10,22
150,003262#24,1,1,10,10,18
150,003262#28,1,1,10,10,50
150,003262#29,1,1,4,10,7
150,003262#30,1,1,10,10,73
150,003273#1,1,1,10,10,73
150,003273#3,1,1,10,10,68
150,003273#4,1,1,10,10,45
150,003273#5,1,1,10,10,12
150,003273#6,1,1,10,10,87
150,003273#8,1,1,10,10,35
150,003273#9,1,1,10,10,19
150,003273#10,1,1,10,10,42
150,003273#11,1,1,10,10,17
150,003273#13,1,1,10,10,20
150,003288#0,1,1,10,10,74
150,003288#3,1,1,10,10,37
150,003288#4,1,1,10,10,27
150,003288#5,1,1,10,10,20
150,003288#6,1,1,10,10,20
150,003288#7,1,1,10,10,16
150,003288#8,1,1,10,10,14
150,003288#9,1,1,10,10,16
150,003288#10,1,1,10,10,18
150,003288#11,1,1,10,10,14
150,003288#12,1,1,10,10,27
150,003288#13,1,1,10,10,33
150,003288#14,1,1,10,10,13
150,003288#16,1,1,10,10,21
150,003288#18,1,1,10,10,69
150,003304#0,1,1,10,10,42
150,003304#1,1,1,10,10,36
150,003304#2,1,1,10,10,14
150,003304#3,1,1,10,10,48
150,003304#4,1,1,10,10,20
150,003304#8,1,1,10,10,25
150,003304#9,1,1,10,10,41
150,003304#11,1,1,10,10,42
150,003304#12,1,1,10,10,30
150,003304#13,1,1,10,10,13
150,003317#1,1,1,10,10,29
150,003317#2,1,1,10,10,26
150,003317#3,1,1,10,10,29
150,003317#5,1,1,10,10,50
150,003317#6,1,1,10,10,23
150,003317#7,1,1,10,10,27
150,003317#8,1,1,10,10,49
150,003317#9,1,1,10,10,30
150,003317#12,1,1,10,10,12
150,003317#14,1,1,8,10,55
150,003317#15,1,1,10,10,70
150,003317#16,1,1,10,10,43
150,003348#0,1,1,10,10,30
150,003353#0,1,1,10,10,14
150,003408#1,1,1,10,10,22
150,003411#0,1,1,10,10,41
150,003411#1,1,1,10,10,52
150,003411#2,1,1,10,10,57
150,003411#3,1,1,10,10,50
150,003419#0,1,1,10,10,84
150,003419#5,1,1,10,10,22
150,003419#13,1,1,10,10,24
150,003419#14,1,1,10,10,30
150,003419#17,1,1,6,10,30
150,003419#18,1,1,10,10,34
150,003419#19,1,1,10,10,18
150,003419#21,1,1,10,10,36
150,003425#5,1,1,10,10,17
150,003425#6,1,1,10,10,13
150,003425#7,1,1,10,10,11
150,003425#10,1,1,10,10,18
150,003425#12,1,1,10,10,44
150,003425#13,1,1,10,10,46
150,003460#0,1,1,10,10,26
150,003460#1,1,1,10,10,64
150,003460#3,1,1,10,10,80
150,003460#5,1,1,10,10,25
150,003460#6,1,1,10,10,73
150,003472#0,1,1,10,10,31
150,003472#1,1,1,10,10,68
150,003472#2,1,1,10,10,20
150,003472#3,1,1,10,10,71
150,003475#1,1,1,10,10,41
150,003475#2,1,1,10,10,22
150,003475#3,1,1,10,10,51
150,003475#5,1,1,10,10,46
150,003475#6,1,1,10,10,70
150,003475#10,1,1,10,10,21
150,003475#11,1,1,10,10,31
150,003487#0,1,1,10,10,53
150,003487#2,1,1,10,10,62
150,003489#0,1,1,10,10,24
150,003489#2,1,1,10,10,31
150,003489#3,1,1,10,10,55
150,003489#4,1,1,10,10,25
150,003489#5,1,1,10,10,35
150,003489#9,1,1,10,10,26
150,003489#14,1,1,10,10,37
150,003526#0,1,1,10,10,18
150,003526#3,1,1,10,10,13
150,003532#0,1,1,10,10,18
150,003532#1,1,1,10,10,42
150,003546#0,1,1,10,10,27
150,003546#1,1,1,10,10,28
150,003546#2,1,1,10,10,37
150,003592#0,1,1,10,10,23
150,003592#1,1,1,10,10,23
150,003592#2,1,1,10,10,31
150,003592#3,1,1,10,10,20
150,003595#3,1,1,10,10,27
150,003595#4,1,1,10,10,30
150,003595#5,1,1,10,10,21
150,003595#6,1,1,10,10,46
150,003603#3,1,1,10,10,32
150,003653#3,1,1,10,10,15
150,003653#5,1,1,10,10,20
150,003653#6,1,1,10,10,18
150,003653#7,1,1,10,10,14
150,003653#8,1,1,10,10,11
150,003653#9,1,1,10,10,12
150,003653#11,1,1,10,10,36
150,003653#12,1,1,10,10,51
150,003653#14,1,1,8,10,8
150,003653#16,1,1,9,10,9
150,003653#17,1,1,10,10,26
150,003653#18,1,1,8,10,8
150,003679#4,1,1,10,10,50
150,003679#5,1,1,10,10,27
150,003679#7,1,1,10,10,25
150,003679#8,1,1,10,10,32
150,003703#0,1,1,10,10,50
150,003739#0,1,1,10,10,30
150,003739#1,1,1,10,10,35
150,003739#2,1,1,10,10,17
150,003739#3,1,1,10,10,11
150,003739#5,1,1,10,10,16
150,003739#6,1,1,6,10,12
150,003739#7,1,1,10,10,26
150,003739#8,1,1,10,10,16
150,003757#0,1,1,10,10,76
150,003757#7,1,1,10,10,27
150,003757#8,1,1,9,10,10
150,003757#10,1,1,10,10,21
150,003757#14,1,1,10,10,13
150,003757#15,1,1,10,10,15
150,003757#16,1,1,10,10,11
150,003769#0,1,1,10,10,56
150,003838#0,1,1,10,10,72
150,003863#1,1,1,9,10,21
150,003863#3,1,1,10,10,17
150,003863#5,1,1,10,10,33
150,003863#7,1,1,10,10,24
150,003863#9,1,1,10,10,13
150,003863#10,1,1,10,10,12
150,003863#11,1,1,10,10,18
150,003895#2,1,1,10,10,55
150,003896#0,1,1,10,10,43
150,003896#1,1,1,10,10,19
150,003902#0,1,1,10,10,41
150,003902#1,1,1,10,10,15
150,003902#3,1,1,10,10,18
150,003902#4,1,1,10,10,30
150,003902#5,1,1,10,10,18
150,003902#6,1,1,10,10,41
150,003904#0,1,1,10,10,33
150,003904#1,1,1,10,10,19
150,003941#0,1,1,10,10,27
150,003941#1,1,1,10,10,17
150,003941#3,1,1,10,10,12
150,003941#5,1,1,10,10,25
150,003941#7,1,1,10,10,20
150,003941#8,1,1,10,10,26
150,003941#10,1,1,10,10,17
150,003941#11,1,1,10,10,26
150,003941#12,1,1,10,10,17
150,003941#13,1,1,10,10,20
150,003941#14,1,1,10,10,18
150,003941#15,1,1,10,10,22
150,003941#16,1,1,10,10,69
150,003941#20,1,1,9,10,10
150,003941#21,1,1,10,10,25
150,003941#22,1,1,10,10,13
150,003941#24,1,1,10,10,37
150,003941#25,1,1,10,10,18
150,003941#26,1,1,10,10,21
150,003941#27,1,1,10,10,18
150,003941#29,1,1,10,10,17
150,003941#30,1,1,10,10,34
150,003982#5,1,1,10,10,26
150,003982#6,1,1,9,10,15
150,003982#8,1,1,10,10,13
150,003982#11,1,1,10,10,19
150,003982#14,1,1,10,10,29
150,003982#19,1,1,9,10,9
150,003982#20,1,1,3,10,10
150,003982#23,1,1,10,10,25
150,003982#24,1,1,10,10,10
150,003982#30,1,1,10,10,12
150,003982#32,1,1,10,10,14
150,003982#34,1,1,10,10,11
150,003982#36,1,1,6,10,46
150,003982#41,1,1,9,10,10
150,003982#42,1,1,10,10,11
150,003982#43,1,1,10,10,13
150,003982#47,1,1,10,10,57
150,003982#48,1,1,10,10,16
150,003982#49,1,1,10,10,69
150,003982#50,1,1,10,10,34
150,003982#53,1,1,6,10,10
150,003982#57,1,1,10,10,18
150,003982#58,1,1,10,10,18
150,003982#60,1,1,10,10,16
150,003982#61,1,1,10,10,15
150,003982#62,1,1,10,10,17
150,003987#5,1,1,10,10,32
150,003987#6,1,1,10,10,28
150,003987#10,1,1,10,10,66
150,003987#11,1,1,10,10,71
150,003987#15,1,1,10,10,33
150,003987#16,1,1,10,10,42
150,003987#23,1,1,7,10,11
150,003987#27,1,1,10,10,11
150,003987#35,1,1,10,10,26
150,003987#38,1,1,10,10,19
150,003987#39,1,1,10,10,17
150,003987#40,1,1,10,10,16
150,003987#41,1,1,10,10,13
150,003987#43,1,1,10,10,10
150,003987#46,1,1,8,10,8
150,003987#47,1,1,10,10,15
150,003987#49,1,1,10,10,12
150,003987#50,1,1,10,10,15
150,003987#51,1,1,10,10,15
150,003987#52,1,1,10,10,10
150,003987#53,1,1,10,10,19
150,003987#55,1,1,10,10,31
150,hehe_173_000002_024_00000105#2,1,1,2,10,11
150,hehe_173_000002_024_00000105#4,1,1,5,10,11
150,hehe_173_000002_024_00000105#6,1,1,10,10,23
150,hehe_173_000002_024_00000105#7,1,1,10,10,15
150,hehe_173_000002_024_00000105#9,1,1,10,10,31
150,hehe_173_000002_024_00000105#10,1,1,10,10,25
150,hehe_173_000002_024_00000105#11,1,1,10,10,11
150,hehe_173_000002_024_00000105#13,1,1,10,10,31
150,hehe_173_000002_024_00000105#15,1,1,10,10,76
150,hehe_186_000002_028_00000050#1,1,1,10,10,77
150,hehe_22_00000004#0,1,1,10,10,29
150,hehe_22_00000004#2,1,1,10,10,23
150,hehe_22_00000004#4,1,1,10,10,69
150,hehe_22_00000004#6,1,1,10,10,57
150,hehe_22_00000004#7,1,1,10,10,70
150,hehe_22_00000004#9,1,1,6,10,11
150,hehe_230_000002_043_00000061#1,1,1,10,10,69
150,hehe_230_000002_043_00000061#6,1,1,10,10,62
150,hehe_230_000002_043_00000061#7,1,1,10,10,58
150,hehe_230_000002_043_00000061#10,1,1,10,10,31
150,hehe_230_000002_043_00000061#11,1,1,10,10,37
150,hehe_230_000002_043_00000061#13,1,1,10,10,19
150,hehe_230_000002_043_00000061#14,1,1,5,10,12
150,hehe_232_000002_043_00000181#0,1,1,8,10,8
150,hehe_232_000002_043_00000181#1,1,1,10,10,22
150,hehe_232_000002_043_00000181#2,1,1,10,10,57
150,hehe_232_000002_043_00000181#3,1,1,10,10,36
150,hehe_232_000002_043_00000181#8,1,1,10,10,57
150,hehe_274_000002_060_00000105#1,1,1,10,10,67
150,hehe_274_000002_060_00000105#5,1,1,10,10,28
150,hehe_274_000002_060_00000105#6,1,1,10,10,11
150,hehe_40_00000033#1,1,1,10,10,26
150,hehe_40_00000033#2,1,1,10,10,46
150,hehe_40_00000033#3,0,1,0,10,40
150,hehe_40_00000033#5,1,1,10,10,40
150,hehe_45_00000001#2,1,1,10,10,42
150,hehe_45_00000001#4,1,1,10,10,28
150,hehe_45_00000001#5,1,1,10,10,49
150,hehe_45_00000001#6,1,1,10,10,40
150,hehe_45_00000001#7,1,1,10,10,60
150,hehe_45_00000001#8,1,1,10,10,34
150,hehe_45_00000001#9,1,1,10,10,46
150,hehe_52_00000107#0,1,1,10,10,19
150,hehe_52_00000107#1,1,1,8,10,8
150,hehe_61_00000090#2,1,1,10,10,76
150,hehe_61_00000090#3,1,1,10,10,39
150,hehe_61_00000090#4,1,1,10,10,20
150,hehe_61_00000090#9,1,1,10,10,64
150,hehe_61_00000090#10,1,1,10,10,50
150,hehe_61_00000090#11,1,1,10,10,84
150,hehe_65_00000229#2,1,1,10,10,59
150,hehe_65_00000229#3,1,1,10,10,32
150,hehe_65_00000229#4,1,1,10,10,30
150,hehe_65_00000229#6,1,1,10,10,16
150,hehe_65_00000229#7,1,1,10,10,21
150,hehe_6_00000054#0,1,1,10,10,12
150,hehe_6_00000054#2,1,1,10,10,35
150,hehe_6_00000054#3,1,1,10,10,32
150,hehe_6_00000054#4,1,1,10,10,27
150,hehe_6_00000054#6,1,1,10,10,76
150,hehe_6_00000054#13,1,1,9,10,74
150,hehe_6_00000054#16,1,1,9,10,32
150,hehe_6_00000054#17,1,1,10,10,38
150,hehe_86_00000253#0,1,1,10,10,45
150,hehe_86_00000253#3,1,1,10,10,58
150,hehe_87_00000315#1,1,1,10,10,39
150,hehe_87_00000315#2,1,1,10,10,40
150,hehe_87_00000315#3,1,1,10,10,33
150,hehe_87_00000315#4,1,1,10,10,20
150,hehe_87_00000315#5,1,1,10,10,30
150,hehe_87_00000315#6,1,1,6,10,14
150,shuming_1007_00000230#0,1,1,10,10,38
150,shuming_1007_00000230#3,1,1,10,10,43
150,shuming_1007_00000230#4,1,1,2,10,36
150,shuming_1007_00000230#5,1,1,10,10,46
150,shuming_1007_00000230#7,1,1,10,10,63
150,shuming_1007_00000230#10,1,1,10,10,62
150,shuming_1007_00000230#11,1,1,10,10,39
150,shuming_1007_00000230#12,1,1,10,10,34
150,shuming_1007_00000230#13,1,1,10,10,10
150,shuming_1007_00000230#14,1,1,5,10,7
150,shuming_1007_00000230#15,1,1,10,10,79
150,shuming_1007_00000230#16,1,1,10,10,47
150,shuming_1007_00000230#17,1,1,10,10,19
150,shuming_1007_00000230#18,1,1,8,10,13
150,shuming_1007_00000230#20,1,1,10,10,20
150,shuming_1007_00000230#21,1,1,10,10,69
150,shuming_1007_00000230#22,1,1,10,10,27
150,shuming_1007_00000230#23,1,1,10,10,22
150,shuming_1013_00000065#0,1,1,10,10,87
150,shuming_1013_00000065#1,1,1,10,10,41
150,shuming_1013_00000065#3,1,1,10,10,26
150,shuming_1028_00000411#3,1,1,10,10,55
150,shuming_1028_00000411#4,1,1,10,10,10
150,shuming_1028_00000411#5,1,1,10,10,15
150,shuming_1064_00000087#0,1,1,10,10,34
150,shuming_1064_00000087#1,1,1,10,10,55
150,shuming_1064_00000087#2,1,1,10,10,56
150,shuming_1064_00000087#3,1,1,10,10,72
150,shuming_1064_00000087#4,1,1,10,10,69
150,shuming_1064_00000087#6,1,1,10,10,26
150,shuming_1064_00000087#7,1,1,10,10,54
150,shuming_1064_00000087#8,1,1,10,10,86
150,shuming_1076_00000257#1,1,1,10,10,31
150,shuming_1076_00000257#2,1,1,10,10,29
150,shuming_1076_00000257#3,1,1,10,10,20
150,shuming_1076_00000257#4,1,1,10,10,19
150,shuming_1076_00000257#5,1,1,10,10,23
150,shuming_1079_00000233#3,1,1,10,10,18
150,shuming_1079_00000233#4,1,1,10,10,12
150,shuming_1079_00000233#6,1,1,10,10,35
150,shuming_1080_00000016#0,1,1,10,10,72
150,shuming_1080_00000016#4,1,1,10,10,10
150,shuming_1132_00000385#2,1,1,10,10,29
150,shuming_1132_00000385#3,1,1,10,10,32
150,shuming_1132_00000385#4,1,1,5,10,25
150,shuming_1135_00000213#0,1,1,10,10,76
150,shuming_1148_00000041#0,1,1,10,10,74
150,shuming_1157_00000010#0,1,1,10,10,72
150,shuming_1157_00000010#1,1,1,10,10,32
150,shuming_1157_00000010#2,1,1,10,10,18
150,shuming_1180_00000231#3,1,1,10,10,49
150,shuming_24_00000001#0,1,1,10,10,40
150,shuming_24_00000001#1,1,1,10,10,62
150,shuming_340_00000020#1,1,1,10,10,21
150,shuming_340_00000020#19,1,1,10,10,11
150,shuming_340_00000020#22,1,1,7,10,7
150,shuming_340_00000020#23,1,1,10,10,12
150,shuming_340_00000020#26,1,1,9,10,9
150,shuming_340_00000020#30,1,1,9,10,9
150,shuming_340_00000020#31,1,1,10,10,12
150,shuming_340_00000020#38,1,1,10,10,10
150,shuming_35_00000199#0,1,1,10,10,73
150,shuming_35_00000199#3,1,1,10,10,36
150,shuming_35_00000199#4,1,1,10,10,26
150,shuming_35_00000199#5,1,1,3,10,87
150,shuming_35_00000199#6,1,1,9,10,18
150,shuming_35_00000199#8,1,1,10,10,14
150,shuming_35_00000199#9,1,1,8,10,8
150,shuming_35_00000199#11,1,1,10,10,39
150,shuming_410_00000037#0,1,1,6,10,7
150,shuming_410_00000037#9,1,1,10,10,45
150,shuming_461_00000082#0,1,1,10,10,53
150,shuming_461_00000082#2,1,1,10,10,42
150,shuming_461_00000082#3,1,1,10,10,31
150,shuming_461_00000082#4,1,1,10,10,14
150,shuming_461_00000082#5,1,1,10,10,11
150,shuming_465_00000030#0,1,1,10,10,10
150,shuming_465_00000030#2,1,1,10,10,56
150,shuming_465_00000030#3,1,1,10,10,15
150,shuming_470_00000057#3,1,1,10,10,43
150,shuming_470_00000057#4,1,1,10,10,23
150,shuming_482_00000018#3,1,1,10,10,53
150,shuming_482_00000018#4,1,1,10,10,44
150,shuming_482_00000018#5,1,1,10,10,62
150,shuming_485_00000027#3,1,1,10,10,16
150,shuming_485_00000027#4,1,1,10,10,52
150,shuming_503_00000052#0,1,1,10,10,32
150,shuming_503_00000052#1,1,1,10,10,26
150,shuming_562_00000223#2,1,1,10,10,76
150,shuming_571_00000215#0,1,1,10,10,56
150,shuming_571_00000215#1,1,1,10,10,46
150,shuming_574_00000017#0,1,1,10,10,63
150,shuming_608_00000031#1,1,1,10,10,19
150,shuming_608_00000031#2,1,1,10,10,30
150,shuming_608_00000031#3,1,1,10,10,35
150,shuming_608_00000031#4,1,1,10,10,11
150,shuming_610_00000148#0,1,1,10,10,50
150,shuming_63_00000393#3,1,1,10,10,15
150,shuming_63_00000393#4,1,1,10,10,17
150,shuming_63_00000393#5,1,1,8,10,9
150,shuming_63_00000393#6,1,1,10,10,23
150,shuming_63_00000393#7,1,1,10,10,21
150,shuming_63_00000393#8,1,1,10,10,23
150,shuming_63_00000393#9,1,1,10,10,20
150,shuming_663_00000328#2,1,1,10,10,50
150,shuming_663_00000328#3,1,1,10,10,40
150,shuming_67_00000001#1,1,1,10,10,55
150,shuming_67_00000001#2,1,1,10,10,18
150,shuming_698_00000001#0,1,1,10,10,11
150,shuming_698_00000001#1,1,1,1,10,13
150,shuming_698_00000001#2,1,1,10,10,17
150,shuming_698_00000001#3,1,1,10,10,20
150,shuming_698_00000001#4,1,1,10,10,15
150,shuming_698_00000001#5,1,1,10,10,14
150,shuming_698_00000001#7,1,1,10,10,26
150,shuming_698_00000001#8,1,1,10,10,17
150,shuming_698_00000001#9,1,1,10,10,14
150,shuming_698_00000001#10,1,1,10,10,13
150,shuming_698_00000001#11,1,1,10,10,13
150,shuming_698_00000001#12,1,1,10,10,15
150,shuming_698_00000001#13,1,1,10,10,14
150,shuming_698_00000001#14,1,1,10,10,12
150,shuming_698_00000001#15,1,1,10,10,15
150,shuming_698_00000001#16,1,1,10,10,15
150,shuming_698_00000001#17,1,1,10,10,23
150,shuming_698_00000001#18,1,1,10,10,18
150,shuming_698_00000001#19,1,1,10,10,19
150,shuming_698_00000001#20,1,1,10,10,22
150,shuming_698_00000001#21,1,1,10,10,24
150,shuming_698_00000001#22,1,1,10,10,18
150,shuming_698_00000001#23,1,1,10,10,35
150,shuming_698_00000001#25,1,1,10,10,64
150,shuming_706_00000375#0,1,1,10,10,41
150,shuming_706_00000375#2,1,1,10,10,32
150,shuming_706_00000375#3,1,1,8,10,17
150,shuming_706_00000375#4,1,1,10,10,52
150,shuming_72_00000270#19,1,1,10,10,54
150,shuming_72_00000270#20,1,1,10,10,22
150,shuming_72_00000270#22,1,1,10,10,48
150,shuming_72_00000270#24,1,1,10,10,20
150,shuming_731_00000492#0,1,1,10,10,32
150,shuming_731_00000492#1,1,1,10,10,26
150,shuming_731_00000492#3,1,1,10,10,60
150,shuming_731_00000492#5,1,1,10,10,69
150,shuming_753_00000172#0,1,1,10,10,12
150,shuming_758_00000371#0,1,1,10,10,52
150,shuming_763_00000009#2,1,1,10,10,15
150,shuming_774_00000273#3,1,1,10,10,63
150,shuming_774_00000273#5,1,1,10,10,31
150,shuming_779_00000254#1,1,1,10,10,63
150,shuming_779_00000254#5,1,1,10,10,80
150,shuming_783_00000248#0,1,1,10,10,81
150,shuming_783_00000248#2,1,1,10,10,66
150,shuming_793_00000117#2,1,1,10,10,31
150,shuming_825_00000172#1,1,1,10,10,13
150,shuming_825_00000172#2,1,1,7,10,7
150,shuming_825_00000172#3,1,1,10,10,16
150,shuming_826_00000213#1,1,1,10,10,14
150,shuming_826_00000213#2,1,1,10,10,18
150,shuming_826_00000213#3,1,1,9,10,9
150,shuming_85_00000273#4,1,1,10,10,11
150,shuming_987_00000275#1,1,1,10,10,41
150,shuming_987_00000275#2,1,1,10,10,23
150,shuming_987_00000275#3,1,1,10,10,19
150,shuming_987_00000275#4,1,1,10,10,21
150,shuming_987_00000275#5,1,1,10,10,10
175,00000045#1,1,1,10,10,242
175,00000045#2,1,1,10,10,88
175,00000045#3,1,1,10,10,105
175,00000045#6,1,1,10,10,286
175,00000045#7,1,1,10,10,279
175,00000057#1,1,1,10,10,225
175,00000057#2,1,1,10,10,88
175,00000057#3,1,1,10,10,111
175,00000057#5,1,1,10,10,133
175,00000063#1,1,1,10,10,279
175,00000063#2,1,1,10,10,90
175,00000063#3,1,1,10,10,107
175,00000063#5,1,1,10,10,208
175,00000095#1,1,1,10,10,279
175,00000095#2,1,1,10,10,114
175,00000095#3,1,1,10,10,105
175,00000106#1,1,1,10,10,245
175,00000106#2,1,1,10,10,135
175,00000106#3,1,1,10,10,122
175,00000106#5,1,1,10,10,157
175,00000123#1,1,1,10,10,196
175,00000123#2,1,1,10,10,87
175,00000123#3,1,1,10,10,190
175,00000123#5,1,1,10,10,108
175,00000171#0,1,1,10,10,120
175,00000180#0,1,1,10,10,136
175,00000234#1,1,1,10,10,108
175,00000257#0,1,1,10,10,93
175,00000271#0,1,1,10,10,118
175,00000271#1,1,1,10,10,132
175,00000273#0,1,1,10,10,84
175,00000273#1,1,1,10,10,99
175,000002_080_00000048#0,1,1,10,10,69
175,000002_083_00000169#0,1,1,10,10,14
175,000002_083_00000169#1,1,1,10,10,26
175,000002_083_00000169#2,1,1,10,10,36
175,00000346#0,1,1,10,10,381
175,00000364#0,1,1,10,10,210
175,00000396#0,1,1,10,10,111
175,00000399#0,1,1,10,10,82
175,000003_081_00000171#10,1,1,10,10,76
175,000003_081_00000171#11,1,1,10,10,82
175,00000426#0,1,1,10,10,653
175,00000506#0,1,1,10,10,117
175,000005_004_00000286#4,1,1,10,10,62
175,000005_006_00000001#1,1,1,10,10,68
175,000005_006_00000001#2,1,1,6,10,25
175,000005_019_00000209#0,1,1,10,10,43
175,000005_019_00000209#1,1,1,10,10,31
175,000005_019_00000209#2,1,1,10,10,59
175,000005_027_00000493#1,1,1,10,10,34
175,000005_027_00000493#2,1,1,10,10,38
175,000005_027_00000493#3,1,1,10,10,49
175,000005_027_00000493#4,1,1,10,10,21
175,000005_027_00000493#5,1,1,10,10,25
175,000005_027_00000493#6,1,1,10,10,20
175,000005_027_00000493#7,1,1,10,10,26
175,000005_027_00000493#8,1,1,10,10,74
175,000005_028_00000001#2,1,1,10,10,77
175,000005_028_00000163#2,1,1,10,10,31
175,00000618#2,1,1,10,10,101
175,000006_010_00000389#4,1,1,10,10,58
175,000006_011_00000307#3,1,1,10,10,25
175,000006_011_00000409#8,1,1,10,10,40
175,000006_011_00000409#10,1,1,10,10,54
175,000006_012_00000001#3,1,1,8,10,38
175,000006_012_00000001#6,1,1,10,10,63
175,000006_012_00000001#11,1,1,10,10,69
175,000006_012_00000001#12,1,1,10,10,33
175,000008_003_00000235#1,1,1,10,10,76
175,000008_003_00000235#2,1,1,10,10,59
175,000008_003_00000235#3,1,1,10,10,81
175,000008_003_00000235#4,1,1,10,10,66
175,000008_003_00000235#5,1,1,10,10,68
175,000008_003_00000235#10,1,1,10,10,68
175,000008_003_00000235#11,1,1,10,10,16
175,000008_003_00000352#1,1,1,10,10,66
175,000008_003_00000352#3,1,1,10,10,80
175,000008_003_00000352#5,1,1,10,10,74
175,000008_003_00000352#7,1,1,10,10,75
175,000008_003_00000352#8,1,1,10,10,75
175,000008_003_00000352#9,1,1,10,10,76
175,000008_003_00000352#10,1,1,10,10,64
175,000008_003_00000352#12,1,1,10,10,74
175,000008_003_00000352#13,1,1,10,10,16
175,000008_003_00000469#0,1,1,10,10,85
175,000008_003_00000469#1,1,1,10,10,70
175,000008_003_00000469#2,1,1,10,10,67
175,000008_003_00000469#3,1,1,10,10,78
175,000008_003_00000469#4,1,1,10,10,85
175,000008_003_00000469#6,1,1,10,10,89
175,000008_003_00000469#9,1,1,10,10,31
175,000008_003_00000469#10,1,1,10,10,18
175,000008_004_00000665#2,1,1,10,10,34
175,000008_004_00000665#4,1,1,10,10,39
175,000008_004_00000665#11,1,1,10,10,52
175,000008_004_00000665#12,1,1,10,10,63
175,000008_004_00000665#13,1,1,10,10,37
175,000008_013_00000195#1,1,1,10,10,66
175,000008_013_00000195#2,1,1,10,10,60
175,000008_042_00000273#1,1,1,10,10,40
175,000008_045_00000001#0,1,1,10,10,48
175,000008_045_00000001#2,1,1,10,10,70
175,000008_045_00000001#3,1,1,10,10,14
175,000008_045_00000157#0,1,1,10,10,80
175,000008_045_00000157#4,1,1,10,10,17
175,000008_048_00000361#3,1,1,10,10,42
175,000008_048_00000361#4,1,1,10,10,36
175,000008_048_00000361#5,1,1,10,10,29
175,000009_008_00000241#3,1,1,10,10,78
175,000009_008_00000241#5,1,1,10,10,69
175,000009_008_00000241#6,1,1,10,10,29
175,000009_008_00000241#7,1,1,10,10,76
175,000009_008_00000241#9,1,1,10,10,84
175,000009_033_00000333#1,1,1,10,10,16
175,000009_033_00000333#2,1,1,10,10,38
175,000009_033_00000333#3,1,1,10,10,38
175,000009_033_00000333#4,1,1,10,10,36
175,000009_033_00000333#6,1,1,10,10,51
175,000012_008_00000163#3,1,1,10,10,67
175,000012_008_00000163#4,1,1,10,10,55
175,000012_008_00000163#5,1,1,10,10,48
175,000012_008_00000163#6,1,1,10,10,60
175,000012_008_00000163#8,1,1,10,10,74
175,000012_008_00000163#10,1,1,10,10,17
175,000012_008_00000163#11,1,1,10,10,26
175,000012_008_00000163#12,1,1,10,10,27
175,000012_008_00000163#13,1,1,10,10,15
175,000012_008_00000163#14,1,1,10,10,11
175,000012_009_00000244#1,1,1,10,10,71
175,000012_009_00000244#3,1,1,10,10,68
175,000012_009_00000244#4,1,1,10,10,40
175,000012_009_00000244#5,1,1,10,10,45
175,000012_009_00000244#6,1,1,10,10,21
175,000012_009_00000244#7,1,1,10,10,13
175,000012_009_00000244#8,1,1,10,10,12
175,000012_009_00000244#9,1,1,10,10,14
175,000012_009_00000244#10,1,1,10,10,34
175,000012_009_00000244#11,1,1,10,10,18
175,000012_009_00000244#12,1,1,10,10,18
175,000012_009_00000244#13,1,1,10,10,19
175,000012_009_00000244#14,1,1,8,10,8
175,000012_009_00000325#3,1,1,10,10,82
175,000012_009_00000325#4,1,1,10,10,36
175,000012_009_00000325#5,1,1,10,10,43
175,000012_009_00000325#6,1,1,10,10,28
175,000012_009_00000325#7,1,1,10,10,17
175,000012_009_00000325#8,1,1,10,10,16
175,000012_009_00000325#9,1,1,8,10,8
175,000012_009_00000325#11,1,1,10,10,28
175,000012_009_00000325#12,1,1,10,10,15
175,000012_009_00000325#14,1,1,10,10,22
175,000012_009_00000325#15,1,1,3,10,19
175,000012_009_00000325#16,1,1,10,10,35
175,000012_014_00000184#0,1,1,10,10,33
175,000012_014_00000184#1,1,1,10,10,55
175,000012_014_00000184#3,1,1,10,10,26
175,000012_019_00000151#1,1,1,10,10,59
175,000012_019_00000151#2,1,1,10,10,14
175,000012_019_00000151#4,1,1,10,10,21
175,000012_019_00000151#5,1,1,10,10,14
175,000012_022_00000090#0,1,1,10,10,64
175,000012_022_00000090#1,1,1,10,10,23
175,000012_025_00000313#1,1,1,10,10,11
175,000012_025_00000313#2,1,1,10,10,11
175,000012_025_00000313#3,1,1,10,10,13
175,000012_025_00000313#4,1,1,7,10,7
175,000012_025_00000313#5,1,1,10,10,13
175,000012_025_00000313#6,1,1,8,10,8
175,000012_028_00000250#0,1,1,10,10,64
175,000012_028_00000250#1,1,1,10,10,56
175,000013_001_00000001#1,1,1,10,10,33
175,000013_001_00000001#2,1,1,10,10,34
175,000013_001_00000001#3,1,1,10,10,31
175,000013_002_00000281#1,1,1,10,10,31
175,000013_002_00000281#2,1,1,10,10,36
175,000013_002_00000281#3,1,1,10,10,20
175,000013_023_00000075#1,1,1,10,10,56
175,000013_023_00000075#2,1,1,10,10,68
175,000013_025_00000285#0,1,1,10,10,15
175,000013_025_00000285#1,1,1,10,10,56
175,000013_025_00000285#2,1,1,10,10,20
175,000013_030_00000063#0,1,1,10,10,21
175,000013_030_00000063#1,1,1,10,10,68
175,000013_039_00000063#0,1,1,10,10,41
175,000013_039_00000063#1,1,1,10,10,32
175,000013_039_00000063#3,1,1,10,10,26
175,000013_039_00000063#5,1,1,7,10,8
175,000013_040_suppl_00000167#0,1,1,10,10,79
175,000013_040_suppl_00000333#1,1,1,10,10,50
175,000013_040_suppl_00000333#3,1,1,10,10,80
175,000013_040_suppl_00000333#4,1,1,8,10,8
175,000013_044_00000001#0,1,1,10,10,24
175,000013_044_00000001#1,1,1,10,10,31
175,000013_044_00000001#2,0,1,0,10,72
175,000013_044_00000001#4,0,1,0,10,38
175,000013_044_00000001#5,1,1,10,10,72
175,000013_044_00000001#7,1,1,10,10,62
175,000013_048_00000001#0,1,1,10,10,46
175,000013_048_00000001#1,1,1,10,10,60
175,000013_048_00000001#3,0,1,0,10,49
175,000013_048_00000001#4,0,1,0,10,69
175,000013_056_00000281#2,1,1,10,10,49
175,000013_056_00000281#3,1,1,10,10,16
175,000013_056_00000281#4,1,1,10,10,21
175,000013_056_00000281#6,1,1,10,10,11
175,000013_056_00000281#7,1,1,10,10,12
175,000013_056_00000281#8,1,1,10,10,64
175,000013_056_00000281#9,1,1,10,10,43
175,000013_056_00000281#10,1,1,10,10,32
175,000014_012_00000217#1,1,1,10,10,41
175,000014_012_00000217#2,1,1,10,10,48
175,000014_050_00000273#3,1,1,10,10,47
175,000014_050_00000273#4,1,1,10,10,57
175,000014_050_00000273#5,1,1,10,10,26
175,000014_051_suppl_00000341#2,1,1,9,10,15
175,000014_052_00000131#2,1,1,10,10,22
175,000014_052_00000131#3,1,1,8,10,13
175,000015_004_00000268#0,1,1,10,10,27
175,000015_004_suppl_00000223#2,1,1,10,10,36
175,000016_043_suppl_00000292#1,1,1,10,10,21
175,000016_043_suppl_00000292#2,1,1,10,10,56
175,000016_043_suppl_00000292#4,1,1,10,10,30
175,000016_043_suppl_00000292#5,1,1,10,10,25
175,000016_043_suppl_00000292#6,1,1,10,10,45
175,000016_043_suppl_00000292#8,1,1,10,10,26
175,000016_043_suppl_00000292#9,1,1,10,10,32
175,000016_043_suppl_00000292#10,1,1,10,10,19
175,000016_043_suppl_00000292#11,1,1,10,10,27
175,000016_043_suppl_00000292#12,1,1,10,10,32
175,000016_043_suppl_00000292#14,1,1,10,10,70
175,000016_043_suppl_00000292#17,1,1,10,10,47
175,000016_043_suppl_00000292#20,1,1,10,10,23
175,000016_044_00000085#0,1,1,10,10,83
175,000016_044_00000085#1,1,1,10,10,62
175,000016_044_00000085#3,1,1,10,10,17
175,000016_044_00000085#4,1,1,10,10,65
175,000016_044_00000085#7,1,1,10,10,67
175,000016_044_00000085#10,1,1,10,10,78
175,000016_044_00000169#1,1,1,8,10,37
175,000016_044_00000169#2,1,1,10,10,36
175,000016_044_00000169#3,1,1,10,10,16
175,000016_044_00000169#5,1,1,10,10,15
175,000016_044_00000169#6,1,1,10,10,59
175,000016_044_00000169#8,1,1,10,10,88
175,000016_044_00000169#16,1,1,7,10,73
175,000016_044_00000169#17,1,1,10,10,65
175,000017_011_00000297#3,1,1,10,10,12
175,000017_011_00000297#5,1,1,10,10,68
175,000017_011_00000297#9,1,1,10,10,26
175,000017_011_00000297#10,1,1,10,10,86
175,000017_011_00000297#11,1,1,10,10,59
175,000017_011_00000297#13,1,1,10,10,43
175,000017_012_00000135#2,1,1,10,10,36
175,000017_020_00000214#0,1,1,10,10,21
175,000017_020_00000214#2,1,1,10,10,27
175,000017_020_suppl_00000356#0,1,1,10,10,20
175,000017_020_suppl_00000356#2,1,1,10,10,20
175,000018_006_00000063#0,1,1,10,10,66
175,000019_030_00000072#1,1,1,10,10,23
175,000019_030_00000072#2,1,1,10,10,72
175,000019_030_00000072#3,1,1,10,10,54
175,000019_030_00000072#4,1,1,10,10,21
175,000019_030_00000072#5,1,1,10,10,10
175,000019_038_00000205#2,1,1,10,10,20
175,000019_038_00000205#3,1,1,10,10,25
175,000019_038_00000205#4,1,1,10,10,21
175,000019_038_00000205#5,1,1,10,10,36
175,000019_038_00000205#6,1,1,10,10,84
175,000019_038_00000205#7,1,1,7,10,70
175,000019_038_00000205#8,1,1,10,10,82
175,000019_041_00000141#2,1,1,10,10,24
175,000019_045_00000145#4,1,1,10,10,46
175,000019_045_00000145#5,1,1,10,10,42
175,000019_045_00000145#7,1,1,3,10,67
175,000020_010_00000089#1,1,1,10,10,60
175,000020_010_00000089#5,1,1,9,10,9
175,000020_010_00000089#6,1,1,10,10,20
175,000020_010_00000089#7,1,1,5,10,8
175,000020_014_00000193#2,1,1,10,10,63
175,000020_014_00000193#3,1,1,10,10,76
175,000020_014_00000193#5,1,1,10,10,54
175,000020_014_00000193#6,1,1,10,10,77
175,000020_018_00000093#0,1,1,10,10,16
175,000020_018_00000093#1,1,1,10,10,24
175,000020_018_00000093#2,1,1,10,10,81
175,000020_018_00000093#3,1,1,10,10,42
175,000021_020_00000131#2,1,1,10,10,76
175,000023_005_00000070#1,1,1,10,10,32
175,000023_005_00000070#2,1,1,10,10,87
175,000023_005_00000070#3,1,1,10,10,63
175,000023_005_00000070#4,1,1,10,10,63
175,000023_005_00000070#5,1,1,10,10,18
175,000023_005_00000070#6,1,1,10,10,23
175,000031#0,1,1,10,10,53
175,000031#1,1,1,10,10,15
175,000031#2,1,1,8,10,8
175,000031#3,1,1,10,10,15
175,000031#6,1,1,10,10,24
175,000031#8,1,1,10,10,53
175,000031#10,1,1,10,10,16
175,000031#11,1,1,9,10,21
175,000066#0,1,1,10,10,31
175,000066#1,1,1,10,10,15
175,000066#2,1,1,10,10,61
175,000066#3,1,1,10,10,39
175,000070#0,1,1,10,10,28
175,000070#1,1,1,10,10,18
175,000070#2,1,1,10,10,52
175,000070#3,1,1,10,10,67
175,000173#1,1,1,10,10,27
175,000303#2,1,1,10,10,67
175,000303#6,1,1,10,10,30
175,000303#7,1,1,10,10,16
175,000328#1,1,1,10,10,58
175,000328#3,1,1,10,10,65
175,000415#1,1,1,10,10,14
175,000415#2,1,1,8,10,9
175,000415#4,1,1,10,10,22
175,000415#5,1,1,10,10,24
175,000415#6,1,1,10,10,12
175,000415#8,1,1,10,10,10
175,000415#10,1,1,10,10,13
175,000415#11,1,1,10,10,12
175,000415#13,1,1,10,10,21
175,000415#14,1,1,10,10,13
175,000415#15,1,1,10,10,17
175,000415#16,1,1,7,10,8
175,000415#17,1,1,10,10,10
175,000415#19,1,1,10,10,37
175,000433#7,1,1,10,10,57
175,000437#0,1,1,10,10,67
175,000437#1,1,1,10,10,75
175,000437#2,1,1,10,10,26
175,000437#5,1,1,10,10,48
175,000484#2,1,1,10,10,37
175,000484#3,1,1,10,10,55
175,000500#0,1,1,10,10,14
175,000500#1,1,1,9,10,9
175,000500#2,1,1,10,10,15
175,000525#0,1,1,10,10,14
175,000525#1,1,1,10,10,30
175,000525#2,1,1,10,10,35
175,000561#0,1,1,10,10,70
175,000561#3,1,1,10,10,63
175,000561#4,1,1,10,10,38
175,000597#2,1,1,10,10,62
175,000597#3,1,1,5,10,29
175,000630#0,1,1,10,10,14
175,000680#5,1,1,10,10,69
175,000707#1,1,1,10,10,13
175,000707#2,1,1,10,10,18
175,000707#3,1,1,9,10,9
175,000707#4,1,1,10,10,25
175,000707#5,1,1,10,10,20
175,000735#1,1,1,10,10,11
175,000738#0,1,1,10,10,26
175,000738#2,1,1,9,10,9
175,000738#3,1,1,10,10,36
175,000756#4,1,1,10,10,34
175,000759#2,1,1,10,10,34
175,000780#0,1,1,10,10,22
175,000780#3,1,1,10,10,90
175,000783#0,1,1,10,10,45
175,000783#1,1,1,10,10,42
175,000783#3,1,1,10,10,38
175,000783#4,1,1,10,10,26
175,000808#1,1,1,10,10,21
175,000820#2,1,1,10,10,58
175,000820#3,1,1,10,10,45
175,000820#4,1,1,10,10,25
175,000820#5,1,1,10,10,27
175,000820#7,1,1,8,10,8
175,000889#5,1,1,10,10,84
175,000889#6,1,1,10,10,40
175,000889#7,1,1,10,10,14
175,000889#8,1,1,10,10,15
175,000889#9,1,1,10,10,22
175,000889#13,1,1,10,10,24
175,000889#14,1,1,10,10,69
175,000943#0,1,1,10,10,16
175,000943#1,1,1,10,10,14
175,000943#2,1,1,10,10,64
175,000943#3,1,1,7,10,7
175,000943#4,1,1,7,10,7
175,000943#6,1,1,10,10,18
175,000943#7,1,1,10,10,23
175,000952#0,1,1,10,10,22
175,001033#1,1,1,10,10,15
175,001033#2,1,1,10,10,31
175,001033#3,1,1,10,10,41
175,001033#9,1,1,10,10,25
175,001033#10,1,1,10,10,21
175,001035#0,1,1,10,10,19
175,001035#1,1,1,10,10,53
175,001035#2,1,1,10,10,76
175,001035#7,1,1,10,10,40
175,001035#9,1,1,10,10,22
175,001035#10,1,1,10,10,63
175,001114#5,1,1,10,10,47
175,001114#6,1,1,10,10,40
175,001114#7,1,1,10,10,12
175,001114#8,1,1,10,10,26
175,001114#10,1,1,10,10,17
175,001123#0,1,1,10,10,31
175,001123#1,1,1,10,10,76
175,001123#2,1,1,10,10,77
175,001123#4,1,1,10,10,64
175,001123#5,1,1,10,10,42
175,001123#6,1,1,10,10,79
175,001123#7,1,1,10,10,86
175,001123#8,1,1,4,10,36
175,001123#9,1,1,10,10,56
175,001123#10,1,1,10,10,62
175,001123#11,1,1,10,10,66
175,001123#12,1,1,10,10,79
175,001123#13,1,1,10,10,31
175,001123#18,1,1,9,10,9
175,001123#19,1,1,10,10,10
175,001123#20,1,1,10,10,49
175,001123#21,1,1,10,10,32
175,001123#22,1,1,10,10,33
175,001135#4,1,1,10,10,64
175,001135#6,1,1,10,10,72
175,001135#7,1,1,8,10,14
175,001157#4,1,1,10,10,14
175,001157#5,1,1,10,10,30
175,001157#8,1,1,10,10,77
175,001157#9,1,1,10,10,68
175,001202#3,1,1,10,10,72
175,001202#4,1,1,10,10,78
175,001202#8,1,1,10,10,23
175,001202#10,1,1,10,10,56
175,001202#11,1,1,10,10,57
175,001202#12,1,1,10,10,42
175,001257#0,1,1,10,10,46
175,001257#3,1,1,10,10,69
175,001257#6,1,1,10,10,27
175,001257#9,1,1,10,10,27
175,001257#10,1,1,10,10,46
175,001257#11,1,1,10,10,31
175,001276#3,1,1,10,10,58
175,001276#7,1,1,10,10,30
175,001276#9,1,1,10,10,54
175,001276#10,1,1,10,10,27
175,001276#11,1,1,10,10,31
175,001276#12,1,1,10,10,25
175,001276#13,1,1,10,10,35
175,001276#14,1,1,10,10,50
175,001276#15,1,1,10,10,25
175,001295#0,1,1,10,10,30
175,001295#1,1,1,10,10,52
175,001295#3,1,1,10,10,10
175,001295#10,1,1,10,10,55
175,001295#11,1,1,10,10,24
175,001295#12,1,1,10,10,17
175,001295#13,1,1,10,10,28
175,001295#14,1,1,10,10,36
175,001295#15,1,1,10,10,24
175,001295#17,1,1,10,10,19
175,001295#18,1,1,10,10,15
175,001295#19,1,1,10,10,17
175,001295#20,1,1,10,10,16
175,001295#21,1,1,10,10,22
175,001295#22,1,1,10,10,26
175,001295#24,1,1,10,10,26
175,001295#26,1,1,9,10,9
175,001409#0,1,1,10,10,39
175,001409#1,1,1,10,10,43
175,001415#0,1,1,10,10,42
175,001415#1,1,1,10,10,44
175,001415#2,1,1,10,10,41
175,001415#3,1,1,10,10,53
175,001443#3,1,1,10,10,53
175,001443#4,1,1,10,10,73
175,001443#6,1,1,10,10,66
175,001443#7,1,1,10,10,67
175,001443#9,1,1,10,10,27
175,001443#10,1,1,10,10,46
175,001461#2,1,1,10,10,28
175,001461#3,1,1,10,10,42
175,001461#4,1,1,10,10,64
175,001461#5,1,1,10,10,36
175,001531#1,1,1,10,10,16
175,001531#2,1,1,10,10,11
175,001531#6,1,1,10,10,28
175,001531#8,1,1,10,10,11
175,001531#10,1,1,10,10,43
175,001558#4,1,1,10,10,31
175,001683#1,1,1,10,10,83
175,001683#6,1,1,10,10,36
175,001683#7,1,1,10,10,46
175,001683#8,1,1,10,10,50
175,001694#1,1,1,10,10,28
175,001694#2,1,1,10,10,64
175,001694#7,1,1,10,10,62
175,001694#8,1,1,10,10,36
175,001694#9,1,1,10,10,50
175,001694#10,1,1,10,10,27
175,001694#11,1,1,10,10,28
175,001694#12,1,1,10,10,22
175,001694#13,1,1,10,10,27
175,001694#14,1,1,10,10,31
175,001707#1,1,1,10,10,22
175,001707#2,1,1,10,10,68
175,001707#7,1,1,10,10,62
175,001707#8,1,1,10,10,36
175,001707#9,1,1,10,10,31
175,001707#10,1,1,10,10,34
175,001707#11,1,1,10,10,57
175,001707#12,1,1,10,10,19
175,001712#1,1,1,10,10,72
175,001712#6,1,1,10,10,58
175,001712#7,1,1,10,10,16
175,001712#8,1,1,10,10,36
175,001712#9,1,1,10,10,55
175,001712#10,1,1,10,10,25
175,001712#11,1,1,10,10,23
175,001712#12,1,1,10,10,27
175,001724#1,1,1,10,10,11
175,001724#3,1,1,10,10,56
175,001724#7,1,1,10,10,84
175,001724#8,1,1,10,10,34
175,001724#9,1,1,10,10,30
175,001724#10,1,1,10,10,27
175,001724#11,1,1,10,10,34
175,001724#12,1,1,10,10,38
175,001737#3,1,1,10,10,54
175,001737#7,1,1,10,10,76
175,001737#8,1,1,8,10,8
175,001737#9,1,1,10,10,15
175,001737#10,1,1,10,10,36
175,001737#11,1,1,10,10,30
175,001737#12,1,1,10,10,38
175,001737#13,1,1,10,10,30
175,001742#0,1,1,10,10,41
175,001763#0,1,1,10,10,25
175,001785#0,1,1,10,10,50
175,001785#1,1,1,10,10,51
175,001785#2,1,1,10,10,80
175,001851#0,1,1,10,10,48
175,001851#8,1,1,10,10,25
175,001851#9,1,1,10,10,27
175,001851#10,1,1,10,10,31
175,001851#11,1,1,10,10,25
175,001851#12,1,1,10,10,27
175,001851#13,1,1,10,10,50
175,001851#14,1,1,10,10,27
175,001862#0,1,1,10,10,48
175,001862#8,1,1,10,10,21
175,001862#9,1,1,10,10,27
175,001862#10,1,1,10,10,54
175,001862#11,1,1,10,10,21
175,001862#12,1,1,10,10,20
175,001862#13,1,1,10,10,32
175,001862#14,1,1,10,10,29
175,001862#15,1,1,10,10,37
175,001873#0,1,1,10,10,48
175,001873#4,1,1,10,10,73
175,001873#8,1,1,10,10,26
175,001873#9,1,1,10,10,50
175,001873#10,1,1,10,10,14
175,001873#11,1,1,10,10,27
175,001873#12,1,1,10,10,26
175,001873#13,1,1,10,10,27
175,001881#0,1,1,10,10,48
175,001881#4,1,1,10,10,73
175,001881#8,1,1,10,10,25
175,001881#9,1,1,10,10,54
175,001881#10,1,1,10,10,22
175,001884#0,1,1,10,10,52
175,001884#4,1,1,10,10,73
175,001884#8,1,1,10,10,21
175,001884#9,1,1,10,10,57
175,001884#10,1,1,10,10,25
175,001884#11,1,1,10,10,23
175,001884#12,1,1,10,10,20
175,001884#13,1,1,10,10,17
175,001884#14,1,1,10,10,27
175,001898#0,1,1,10,10,52
175,001898#4,1,1,10,10,74
175,001898#7,1,1,10,10,22
175,001898#8,1,1,10,10,20
175,001898#9,1,1,10,10,21
175,001898#10,1,1,10,10,24
175,001898#11,1,1,10,10,36
175,001898#12,1,1,10,10,55
175,001898#13,1,1,10,10,27
175,001898#14,1,1,10,10,24
175,001970#1,1,1,10,10,73
175,001970#3,1,1,10,10,36
175,001970#7,1,1,10,10,65
175,001970#8,1,1,10,10,26
175,001970#9,1,1,10,10,41
175,001970#10,1,1,10,10,27
175,002048#2,1,1,10,10,68
175,002048#3,1,1,10,10,53
175,002048#4,1,1,10,10,76
175,002048#7,1,1,10,10,37
175,002048#8,1,1,10,10,19
175,002048#9,1,1,10,10,40
175,002048#10,1,1,10,10,41
175,002097#3,1,1,10,10,67
175,002097#4,1,1,10,10,75
175,002097#7,1,1,10,10,22
175,002097#8,1,1,10,10,29
175,002097#9,1,1,10,10,32
175,002097#10,1,1,10,10,32
175,002102#0,1,1,10,10,63
175,002102#1,1,1,10,10,67
175,002102#2,1,1,10,10,64
175,002102#3,1,1,10,10,55
175,002102#4,1,1,10,10,59
175,002102#5,1,1,10,10,40
175,002102#6,1,1,10,10,56
175,002102#7,1,1,10,10,56
175,002102#8,1,1,10,10,50
175,002156#0,1,1,10,10,40
175,002156#1,1,1,10,10,28
175,002156#2,1,1,10,10,38
175,002156#3,1,1,10,10,59
175,002156#4,1,1,10,10,81
175,002156#7,1,1,10,10,46
175,002156#8,1,1,10,10,34
175,002156#9,1,1,10,10,53
175,002207#0,1,1,10,10,11
175,002207#1,1,1,10,10,49
175,002235#3,1,1,10,10,36
175,002235#5,1,1,10,10,55
175,002235#6,1,1,6,10,17
175,002235#7,1,1,10,10,27
175,002235#10,1,1,10,10,10
175,002265#3,1,1,10,10,15
175,002265#4,1,1,10,10,13
175,002276#0,1,1,10,10,41
175,002276#1,1,1,10,10,18
175,002276#2,1,1,10,10,32
175,002276#3,1,1,10,10,53
175,002276#6,1,1,10,10,46
175,002331#2,1,1,10,10,49
175,002331#3,1,1,10,10,37
175,002331#4,1,1,10,10,75
175,002331#16,1,1,10,10,14
175,002331#18,1,1,8,10,21
175,002334#1,1,1,10,10,11
175,002334#8,1,1,10,10,56
175,002334#9,1,1,10,10,18
175,002338#0,1,1,10,10,62
175,002338#1,1,1,10,10,70
175,002338#4,1,1,10,10,73
175,002338#5,1,1,10,10,44
175,002357#0,1,1,10,10,23
175,002357#1,1,1,10,10,35
175,002357#2,1,1,10,10,72
175,002357#3,1,1,10,10,43
175,002359#0,1,1,10,10,29
175,002359#1,1,1,10,10,43
175,002359#2,1,1,10,10,45
175,002359#3,1,1,10,10,27
175,002378#0,1,1,10,10,34
175,002378#1,1,1,10,10,11
175,002378#3,1,1,10,10,66
175,002378#5,1,1,10,10,73
175,002378#6,1,1,10,10,19
175,002380#2,1,1,10,10,77
175,002380#3,1,1,10,10,55
175,002380#4,1,1,10,10,19
175,002380#5,1,1,8,10,8
175,002380#6,1,1,10,10,45
175,002380#7,1,1,10,10,14
175,002380#8,1,1,10,10,15
175,002380#9,1,1,10,10,25
175,002413#0,1,1,10,10,23
175,002517#1,1,1,10,10,48
175,002517#2,1,1,10,10,16
175,002517#4,1,1,10,10,23
175,002517#5,1,1,10,10,76
175,002584#4,1,1,9,10,11
175,002584#6,1,1,10,10,11
175,002625#6,1,1,10,10,17
175,002625#8,1,1,10,10,26
175,002625#10,1,1,10,10,27
175,002625#13,1,1,10,10,22
175,002625#14,1,1,10,10,73
175,002625#18,1,1,10,10,29
175,002625#19,1,1,10,10,13
175,002625#20,1,1,10,10,70
175,002625#21,1,1,10,10,82
175,002625#22,1,1,10,10,36
175,002625#23,1,1,10,10,34
175,002625#24,1,1,10,10,65
175,002625#25,1,1,10,10,11
175,002625#26,1,1,10,10,48
175,002625#27,1,1,2,10,25
175,002625#28,1,1,10,10,37
175,002625#29,1,1,10,10,63
175,002625#30,1,1,10,10,23
175,002625#31,1,1,10,10,34
175,002625#32,1,1,10,10,45
175,002625#33,1,1,10,10,12
175,002627#5,1,1,10,10,20
175,002627#7,1,1,10,10,17
175,002627#11,1,1,10,10,74
175,002627#12,1,1,10,10,32
175,002627#15,1,1,10,10,69
175,002627#17,1,1,10,10,73
175,002627#18,1,1,10,10,74
175,002627#19,1,1,10,10,18
175,002627#22,1,1,10,10,87
175,002627#23,1,1,10,10,71
175,002627#26,1,1,10,10,80
175,002627#27,1,1,10,10,81
175,002627#28,1,1,10,10,48
175,002627#30,1,1,10,10,39
175,002627#31,1,1,10,10,50
175,002627#32,1,1,10,10,55
175,002671#7,1,1,10,10,51
175,002671#9,1,1,10,10,25
175,002671#11,1,1,10,10,39
175,002671#12,1,1,10,10,63
175,002671#13,1,1,10,10,45
175,002671#14,1,1,10,10,30
175,002671#15,1,1,10,10,30
175,002671#16,1,1,10,10,18
175,002671#17,1,1,10,10,45
175,002671#18,1,1,10,10,18
175,002671#19,1,1,10,10,57
175,002671#20,1,1,10,10,46
175,002671#21,1,1,10,10,23
175,002671#22,1,1,10,10,23
175,002671#23,1,1,10,10,46
175,002671#24,1,1,10,10,59
175,002677#0,1,1,10,10,63
175,002677#1,1,1,10,10,40
175,002677#16,1,1,10,10,14
175,002677#17,1,1,10,10,24
175,002677#18,1,1,10,10,76
175,002707#11,1,1,10,10,22
175,002707#12,1,1,10,10,25
175,002707#13,1,1,10,10,62
175,002750#1,1,1,10,10,15
175,002750#4,1,1,10,10,42
175,002750#12,1,1,10,10,13
175,002750#13,1,1,10,10,12
175,002750#14,1,1,10,10,10
175,002750#16,1,1,8,10,8
175,002750#18,1,1,10,10,14
175,002750#19,1,1,10,10,22
175,002750#20,1,1,10,10,28
175,002750#21,1,1,10,10,28
175,002750#22,1,1,10,10,53
175,002750#23,1,1,10,10,25
175,002750#25,1,1,10,10,51
175,002762#1,1,1,10,10,17
175,002839#1,1,1,10,10,21
175,002839#2,1,1,10,10,25
175,002839#3,1,1,10,10,48
175,002839#4,1,1,10,10,31
175,002842#3,1,1,10,10,25
175,002842#4,1,1,10,10,21
175,002844#1,1,1,10,10,42
175,002844#2,1,1,10,10,21
175,002844#3,1,1,10,10,38
175,002935#0,1,1,10,10,17
175,002935#1,1,1,9,10,13
175,002955#0,1,1,10,10,72
175,002955#1,1,1,10,10,47
175,002955#4,1,1,10,10,32
175,002955#5,1,1,10,10,21
175,002955#6,1,1,10,10,37
175,002955#7,1,1,10,10,68
175,002955#8,1,1,10,10,61
175,002955#9,1,1,10,10,11
175,002955#10,1,1,10,10,42
175,002955#11,1,1,10,10,42
175,002955#12,1,1,10,10,57
175,002955#13,1,1,10,10,67
175,002955#14,1,1,10,10,73
175,002955#16,1,1,10,10,49
175,002955#17,1,1,10,10,81
175,002955#20,1,1,10,10,15
175,002955#23,1,1,10,10,29
175,002955#24,1,1,7,10,7
175,002987#0,1,1,10,10,16
175,002987#1,1,1,9,10,9
175,002987#2,1,1,10,10,23
175,002987#3,1,1,10,10,14
175,002987#4,1,1,10,10,34
175,002987#6,1,1,10,10,64
175,002987#7,1,1,10,10,73
175,002987#8,1,1,10,10,28
175,002987#9,1,1,10,10,14
175,002987#10,1,1,10,10,15
175,002987#11,1,1,10,10,15
175,002987#12,1,1,8,10,8
175,002987#13,1,1,10,10,34
175,002987#14,1,1,10,10,20
175,002987#15,1,1,10,10,37
175,003007#6,1,1,9,10,9
175,003007#8,1,1,10,10,41
175,003007#9,1,1,10,10,24
175,003013#6,1,1,10,10,20
175,003017#4,1,1,10,10,12
175,003026#4,1,1,10,10,17
175,003056#1,1,1,10,10,24
175,003056#2,1,1,10,10,15
175,003056#3,1,1,10,10,15
175,003056#4,1,1,10,10,11
175,003056#7,1,1,10,10,38
175,003056#8,1,1,9,10,9
175,003056#9,1,1,10,10,27
175,003056#10,1,1,8,10,18
175,003056#11,1,1,10,10,61
175,003148#0,1,1,10,10,61
175,003148#2,1,1,10,10,63
175,003148#3,1,1,10,10,42
175,003148#6,1,1,10,10,47
175,003148#7,1,1,7,10,8
175,003148#8,1,1,7,10,8
175,003160#0,1,1,10,10,42
175,003160#1,1,1,10,10,28
175,003160#2,1,1,6,10,31
175,003160#3,1,1,9,10,27
175,003160#4,1,1,10,10,31
175,003160#5,1,1,10,10,84
175,003160#7,1,1,10,10,37
175,003160#8,1,1,10,10,69
175,003160#9,1,1,10,10,19
175,003160#11,1,1,10,10,78
175,003160#13,1,1,10,10,37
175,003160#14,1,1,10,10,11
175,003160#15,1,1,10,10,55
175,003160#17,1,1,10,10,43
175,003160#18,1,1,10,10,72
175,003160#19,1,1,10,10,26
175,003160#20,1,1,10,10,18
175,003160#21,1,1,10,10,46
175,003198#1,1,1,10,10,64
175,003198#4,1,1,10,10,42
175,003257#5,1,1,10,10,58
175,003262#0,1,1,10,10,28
175,003262#1,1,1,10,10,31
175,003262#4,1,1,10,10,27
175,003262#14,1,1,8,10,10
175,003262#16,1,1,8,10,10
175,003262#17,1,1,10,10,14
175,003262#21,1,1,9,10,16
175,003262#23,1,1,10,10,22
175,003262#24,1,1,10,10,18
175,003262#28,1,1,10,10,50
175,003262#29,1,1,5,10,7
175,003262#30,1,1,10,10,73
175,003273#1,1,1,10,10,73
175,003273#3,1,1,10,10,68
175,003273#4,1,1,10,10,45
175,003273#5,1,1,10,10,12
175,003273#6,1,1,10,10,87
175,003273#8,1,1,10,10,35
175,003273#9,1,1,10,10,19
175,003273#10,1,1,10,10,42
175,003273#11,1,1,10,10,17
175,003273#13,1,1,10,10,20
175,003288#0,1,1,10,10,74
175,003288#3,1,1,10,10,37
175,003288#4,1,1,10,10,27
175,003288#5,1,1,10,10,20
175,003288#6,1,1,10,10,20
175,003288#7,1,1,10,10,16
175,003288#8,1,1,10,10,14
175,003288#9,1,1,10,10,16
175,003288#10,1,1,10,10,18
175,003288#11,1,1,10,10,14
175,003288#12,1,1,10,10,27
175,003288#13,1,1,10,10,33
175,003288#14,1,1,10,10,13
175,003288#16,1,1,10,10,21
175,003288#18,1,1,10,10,69
175,003304#0,1,1,10,10,42
175,003304#1,1,1,10,10,36
175,003304#2,1,1,10,10,14
175,003304#3,1,1,10,10,48
175,003304#4,1,1,10,10,20
175,003304#8,1,1,10,10,25
175,003304#9,1,1,10,10,41
175,003304#11,1,1,10,10,42
175,003304#12,1,1,10,10,30
175,003304#13,1,1,10,10,13
175,003317#1,1,1,10,10,29
175,003317#2,1,1,10,10,26
175,003317#3,1,1,10,10,29
175,003317#5,1,1,10,10,50
175,003317#6,1,1,10,10,23
175,003317#7,1,1,10,10,27
175,003317#8,1,1,10,10,49
175,003317#9,1,1,10,10,30
175,003317#12,1,1,10,10,12
175,003317#14,1,1,10,10,55
175,003317#15,1,1,10,10,70
175,003317#16,1,1,10,10,43
175,003348#0,1,1,10,10,30
175,003353#0,1,1,10,10,14
175,003408#1,1,1,10,10,22
175,003411#0,1,1,10,10,41
175,003411#1,1,1,10,10,52
175,003411#2,1,1,10,10,57
175,003411#3,1,1,10,10,50
175,003419#0,1,1,10,10,84
175,003419#5,1,1,10,10,22
175,003419#13,1,1,10,10,24
175,003419#14,1,1,10,10,30
175,003419#17,1,1,8,10,30
175,003419#18,1,1,10,10,34
175,003419#19,1,1,10,10,18
175,003419#21,1,1,10,10,36
175,003425#5,1,1,10,10,17
175,003425#6,1,1,10,10,13
175,003425#7,1,1,10,10,11
175,003425#10,1,1,10,10,18
175,003425#12,1,1,10,10,44
175,003425#13,1,1,10,10,46
175,003460#0,1,1,10,10,26
175,003460#1,1,1,10,10,64
175,003460#3,1,1,10,10,80
175,003460#5,1,1,10,10,25
175,003460#6,1,1,10,10,73
175,003472#0,1,1,10,10,31
175,003472#1,1,1,10,10,68
175,003472#2,1,1,10,10,20
175,003472#3,1,1,10,10,71
175,003475#1,1,1,10,10,41
175,003475#2,1,1,10,10,22
175,003475#3,1,1,10,10,51
175,003475#5,1,1,10,10,46
175,003475#6,1,1,10,10,70
175,003475#10,1,1,10,10,21
175,003475#11,1,1,10,10,31
175,003487#0,1,1,10,10,53
175,003487#2,1,1,10,10,62
175,003489#0,1,1,10,10,24
175,003489#2,1,1,10,10,31
175,003489#3,1,1,10,10,55
175,003489#4,1,1,10,10,25
175,003489#5,1,1,10,10,35
175,003489#9,1,1,10,10,26
175,003489#14,1,1,10,10,37
175,003526#0,1,1,10,10,18
175,003526#3,1,1,10,10,13
175,003532#0,1,1,10,10,18
175,003532#1,1,1,10,10,42
175,003546#0,1,1,10,10,27
175,003546#1,1,1,10,10,28
175,003546#2,1,1,10,10,37
175,003592#0,1,1,10,10,23
175,003592#1,1,1,10,10,23
175,003592#2,1,1,10,10,31
175,003592#3,1,1,10,10,20
175,003595#3,1,1,10,10,27
175,003595#4,1,1,10,10,30
175,003595#5,1,1,10,10,21
175,003595#6,1,1,10,10,46
175,003603#3,1,1,10,10,32
175,003653#3,1,1,10,10,15
175,003653#5,1,1,10,10,20
175,003653#6,1,1,10,10,18
175,003653#7,1,1,10,10,14
175,003653#8,1,1,10,10,11
175,003653#9,1,1,10,10,12
175,003653#11,1,1,10,10,36
175,003653#12,1,1,10,10,51
175,003653#14,1,1,8,10,8
175,003653#16,1,1,9,10,9
175,003653#17,1,1,10,10,26
175,003653#18,1,1,8,10,8
175,003679#4,1,1,10,10,50
175,003679#5,1,1,10,10,27
175,003679#7,1,1,10,10,25
175,003679#8,1,1,10,10,32
175,003703#0,1,1,10,10,50
175,003739#0,1,1,10,10,30
175,003739#1,1,1,10,10,35
175,003739#2,1,1,10,10,17
175,003739#3,1,1,10,10,11
175,003739#5,1,1,10,10,16
175,003739#6,1,1,10,10,12
175,003739#7,1,1,10,10,26
175,003739#8,1,1,10,10,16
175,003757#0,1,1,10,10,76
175,003757#7,1,1,10,10,27
175,003757#8,1,1,9,10,10
175,003757#10,1,1,10,10,21
175,003757#14,1,1,10,10,13
175,003757#15,1,1,10,10,15
175,003757#16,1,1,10,10,11
175,003769#0,1,1,10,10,56
175,003838#0,1,1,10,10,72
175,003863#1,1,1,10,10,21
175,003863#3,1,1,10,10,17
175,003863#5,1,1,10,10,33
175,003863#7,1,1,10,10,24
175,003863#9,1,1,10,10,13
175,003863#10,1,1,10,10,12
175,003863#11,1,1,10,10,18
175,003895#2,1,1,10,10,55
175,003896#0,1,1,10,10,43
175,003896#1,1,1,10,10,19
175,003902#0,1,1,10,10,41
175,003902#1,1,1,10,10,15
175,003902#3,1,1,10,10,18
175,003902#4,1,1,10,10,30
175,003902#5,1,1,10,10,18
175,003902#6,1,1,10,10,41
175,003904#0,1,1,10,10,33
175,003904#1,1,1,10,10,19
175,003941#0,1,1,10,10,27
175,003941#1,1,1,10,10,17
175,003941#3,1,1,9,10,12
175,003941#5,1,1,10,10,25
175,003941#7,1,1,10,10,20
175,003941#8,1,1,10,10,26
175,003941#10,1,1,10,10,17
175,003941#11,1,1,10,10,26
175,003941#12,1,1,10,10,17
175,003941#13,1,1,10,10,20
175,003941#14,1,1,10,10,18
175,003941#15,1,1,10,10,22
175,003941#16,1,1,10,10,69
175,003941#20,1,1,9,10,10
175,003941#21,1,1,10,10,25
175,003941#22,1,1,10,10,13
175,003941#24,1,1,10,10,37
175,003941#25,1,1,10,10,18
175,003941#26,1,1,10,10,21
175,003941#27,1,1,10,10,18
175,003941#29,1,1,10,10,17
175,003941#30,1,1,10,10,34
175,003982#5,1,1,10,10,26
175,003982#6,1,1,10,10,15
175,003982#8,1,1,10,10,13
175,003982#11,1,1,10,10,19
175,003982#14,1,1,10,10,29
175,003982#19,1,1,7,10,9
175,003982#20,1,1,5,10,10
175,003982#23,1,1,10,10,25
175,003982#24,1,1,10,10,10
175,003982#30,1,1,10,10,12
175,003982#32,1,1,10,10,14
175,003982#34,1,1,10,10,11
175,003982#36,1,1,6,10,46
175,003982#41,1,1,9,10,10
175,003982#42,1,1,10,10,11
175,003982#43,1,1,10,10,13
175,003982#47,1,1,10,10,57
175,003982#48,1,1,10,10,16
175,003982#49,1,1,10,10,69
175,003982#50,1,1,10,10,34
175,003982#53,1,1,6,10,10
175,003982#57,1,1,10,10,18
175,003982#58,1,1,10,10,18
175,003982#60,1,1,10,10,16
175,003982#61,1,1,10,10,15
175,003982#62,1,1,10,10,17
175,003987#5,1,1,10,10,32
175,003987#6,1,1,10,10,28
175,003987#10,1,1,10,10,66
175,003987#11,1,1,10,10,71
175,003987#15,1,1,10,10,33
175,003987#16,1,1,10,10,42
175,003987#23,1,1,7,10,11
175,003987#27,1,1,10,10,11
175,003987#35,1,1,10,10,26
175,003987#38,1,1,10,10,19
175,003987#39,1,1,10,10,17
175,003987#40,1,1,10,10,16
175,003987#41,1,1,10,10,13
175,003987#43,1,1,10,10,10
175,003987#46,1,1,8,10,8
175,003987#47,1,1,10,10,15
175,003987#49,1,1,10,10,12
175,003987#50,1,1,10,10,15
175,003987#51,1,1,10,10,15
175,003987#52,1,1,10,10,10
175,003987#53,1,1,10,10,19
175,003987#55,1,1,10,10,31
175,hehe_173_000002_024_00000105#2,1,1,1,10,11
175,hehe_173_000002_024_00000105#4,1,1,7,10,11
175,hehe_173_000002_024_00000105#6,1,1,10,10,23
175,hehe_173_000002_024_00000105#7,1,1,10,10,15
175,hehe_173_000002_024_00000105#9,1,1,10,10,31
175,hehe_173_000002_024_00000105#10,1,1,10,10,25
175,hehe_173_000002_024_00000105#11,1,1,9,10,11
175,hehe_173_000002_024_00000105#13,1,1,10,10,31
175,hehe_173_000002_024_00000105#15,1,1,10,10,76
175,hehe_186_000002_028_00000050#1,1,1,10,10,77
175,hehe_22_00000004#0,1,1,10,10,29
175,hehe_22_00000004#2,1,1,10,10,23
175,hehe_22_00000004#4,1,1,10,10,69
175,hehe_22_00000004#6,1,1,10,10,57
175,hehe_22_00000004#7,1,1,10,10,70
175,hehe_22_00000004#9,1,1,6,10,11
175,hehe_230_000002_043_00000061#1,1,1,10,10,69
175,hehe_230_000002_043_00000061#6,1,1,10,10,62
175,hehe_230_000002_043_00000061#7,1,1,10,10,58
175,hehe_230_000002_043_00000061#10,1,1,10,10,31
175,hehe_230_000002_043_00000061#11,1,1,10,10,37
175,hehe_230_000002_043_00000061#13,1,1,10,10,19
175,hehe_230_000002_043_00000061#14,1,1,7,10,12
175,hehe_232_000002_043_00000181#0,1,1,8,10,8
175,hehe_232_000002_043_00000181#1,1,1,10,10,22
175,hehe_232_000002_043_00000181#2,1,1,10,10,57
175,hehe_232_000002_043_00000181#3,1,1,10,10,36
175,hehe_232_000002_043_00000181#8,1,1,10,10,57
175,hehe_274_000002_060_00000105#1,1,1,10,10,67
175,hehe_274_000002_060_00000105#5,1,1,10,10,28
175,hehe_274_000002_060_00000105#6,1,1,10,10,11
175,hehe_40_00000033#1,1,1,10,10,26
175,hehe_40_00000033#2,1,1,10,10,46
175,hehe_40_00000033#3,1,1,1,10,40
175,hehe_40_00000033#5,1,1,10,10,40
175,hehe_45_00000001#2,1,1,10,10,42
175,hehe_45_00000001#4,1,1,10,10,28
175,hehe_45_00000001#5,1,1,10,10,49
175,hehe_45_00000001#6,1,1,10,10,40
175,hehe_45_00000001#7,1,1,10,10,60
175,hehe_45_00000001#8,1,1,10,10,34
175,hehe_45_00000001#9,1,1,10,10,46
175,hehe_52_00000107#0,1,1,10,10,19
175,hehe_52_00000107#1,1,1,8,10,8
175,hehe_61_00000090#2,1,1,10,10,76
175,hehe_61_00000090#3,1,1,10,10,39
175,hehe_61_00000090#4,1,1,10,10,20
175,hehe_61_00000090#9,1,1,10,10,64
175,hehe_61_00000090#10,1,1,10,10,50
175,hehe_61_00000090#11,1,1,10,10,84
175,hehe_65_00000229#2,1,1,10,10,59
175,hehe_65_00000229#3,1,1,10,10,32
175,hehe_65_00000229#4,1,1,10,10,30
175,hehe_65_00000229#6,1,1,10,10,16
175,hehe_65_00000229#7,1,1,10,10,21
175,hehe_6_00000054#0,1,1,10,10,12
175,hehe_6_00000054#2,1,1,10,10,35
175,hehe_6_00000054#3,1,1,10,10,32
175,hehe_6_00000054#4,1,1,10,10,27
175,hehe_6_00000054#6,1,1,10,10,76
175,hehe_6_00000054#13,1,1,9,10,74
175,hehe_6_00000054#16,1,1,10,10,32
175,hehe_6_00000054#17,1,1,10,10,38
175,hehe_86_00000253#0,1,1,10,10,45
175,hehe_86_00000253#3,1,1,10,10,58
175,hehe_87_00000315#1,1,1,10,10,39
175,hehe_87_00000315#2,1,1,10,10,40
175,hehe_87_00000315#3,1,1,10,10,33
175,hehe_87_00000315#4,1,1,10,10,20
175,hehe_87_00000315#5,1,1,10,10,30
175,hehe_87_00000315#6,1,1,4,10,14
175,shuming_1007_00000230#0,1,1,10,10,38
175,shuming_1007_00000230#3,1,1,10,10,43
175,shuming_1007_00000230#4,1,1,3,10,36
175,shuming_1007_00000230#5,1,1,10,10,46
175,shuming_1007_00000230#7,1,1,10,10,63
175,shuming_1007_00000230#10,1,1,10,10,62
175,shuming_1007_00000230#11,1,1,10,10,39
175,shuming_1007_00000230#12,1,1,11,10,34
175,shuming_1007_00000230#13,1,1,9,10,10
175,shuming_1007_00000230#14,1,1,5,10,7
175,shuming_1007_00000230#15,1,1,10,10,79
175,shuming_1007_00000230#16,1,1,10,10,47
175,shuming_1007_00000230#17,1,1,10,10,19
175,shuming_1007_00000230#18,1,1,10,10,13
175,shuming_1007_00000230#20,1,1,10,10,20
175,shuming_1007_00000230#21,1,1,10,10,69
175,shuming_1007_00000230#22,1,1,10,10,27
175,shuming_1007_00000230#23,1,1,10,10,22
175,shuming_1013_00000065#0,1,1,10,10,87
175,shuming_1013_00000065#1,1,1,10,10,41
175,shuming_1013_00000065#3,1,1,10,10,26
175,shuming_1028_00000411#3,1,1,10,10,55
175,shuming_1028_00000411#4,1,1,10,10,10
175,shuming_1028_00000411#5,1,1,10,10,15
175,shuming_1064_00000087#0,1,1,10,10,34
175,shuming_1064_00000087#1,1,1,10,10,55
175,shuming_1064_00000087#2,1,1,10,10,56
175,shuming_1064_00000087#3,1,1,10,10,72
175,shuming_1064_00000087#4,1,1,10,10,69
175,shuming_1064_00000087#6,1,1,10,10,26
175,shuming_1064_00000087#7,1,1,10,10,54
175,shuming_1064_00000087#8,1,1,10,10,86
175,shuming_1076_00000257#1,1,1,10,10,31
175,shuming_1076_00000257#2,1,1,10,10,29
175,shuming_1076_00000257#3,1,1,10,10,20
175,shuming_1076_00000257#4,1,1,10,10,19
175,shuming_1076_00000257#5,1,1,10,10,23
175,shuming_1079_00000233#3,1,1,10,10,18
175,shuming_1079_00000233#4,1,1,10,10,12
175,shuming_1079_00000233#6,1,1,10,10,35
175,shuming_1080_00000016#0,1,1,10,10,72
175,shuming_1080_00000016#4,1,1,10,10,10
175,shuming_1132_00000385#2,1,1,10,10,29
175,shuming_1132_00000385#3,1,1,10,10,32
175,shuming_1132_00000385#4,1,1,10,10,25
175,shuming_1135_00000213#0,1,1,10,10,76
175,shuming_1148_00000041#0,1,1,10,10,74
175,shuming_1157_00000010#0,1,1,10,10,72
175,shuming_1157_00000010#1,1,1,10,10,32
175,shuming_1157_00000010#2,1,1,10,10,18
175,shuming_1180_00000231#3,1,1,10,10,49
175,shuming_24_00000001#0,1,1,10,10,40
175,shuming_24_00000001#1,1,1,10,10,62
175,shuming_340_00000020#1,1,1,10,10,21
175,shuming_340_00000020#19,1,1,10,10,11
175,shuming_340_00000020#22,1,1,7,10,7
175,shuming_340_00000020#23,1,1,10,10,12
175,shuming_340_00000020#26,1,1,9,10,9
175,shuming_340_00000020#30,1,1,9,10,9
175,shuming_340_00000020#31,1,1,10,10,12
175,shuming_340_00000020#38,1,1,10,10,10
175,shuming_35_00000199#0,1,1,10,10,73
175,shuming_35_00000199#3,1,1,10,10,36
175,shuming_35_00000199#4,1,1,10,10,26
175,shuming_35_00000199#5,1,1,4,10,87
175,shuming_35_00000199#6,1,1,8,10,18
175,shuming_35_00000199#8,1,1,10,10,14
175,shuming_35_00000199#9,1,1,8,10,8
175,shuming_35_00000199#11,1,1,10,10,39
175,shuming_410_00000037#0,1,1,6,10,7
175,shuming_410_00000037#9,1,1,10,10,45
175,shuming_461_00000082#0,1,1,10,10,53
175,shuming_461_00000082#2,1,1,10,10,42
175,shuming_461_00000082#3,1,1,10,10,31
175,shuming_461_00000082#4,1,1,10,10,14
175,shuming_461_00000082#5,1,1,10,10,11
175,shuming_465_00000030#0,1,1,10,10,10
175,shuming_465_00000030#2,1,1,10,10,56
175,shuming_465_00000030#3,1,1,10,10,15
175,shuming_470_00000057#3,1,1,10,10,43
175,shuming_470_00000057#4,1,1,10,10,23
175,shuming_482_00000018#3,1,1,10,10,53
175,shuming_482_00000018#4,1,1,10,10,44
175,shuming_482_00000018#5,1,1,10,10,62
175,shuming_485_00000027#3,1,1,10,10,16
175,shuming_485_00000027#4,1,1,10,10,52
175,shuming_503_00000052#0,1,1,10,10,32
175,shuming_503_00000052#1,1,1,10,10,26
175,shuming_562_00000223#2,1,1,10,10,76
175,shuming_571_00000215#0,1,1,10,10,56
175,shuming_571_00000215#1,1,1,10,10,46
175,shuming_574_00000017#0,1,1,10,10,63
175,shuming_608_00000031#1,1,1,10,10,19
175,shuming_608_00000031#2,1,1,10,10,30
175,shuming_608_00000031#3,1,1,10,10,35
175,shuming_608_00000031#4,1,1,10,10,11
175,shuming_610_00000148#0,1,1,10,10,50
175,shuming_63_00000393#3,1,1,10,10,15
175,shuming_63_00000393#4,1,1,10,10,17
175,shuming_63_00000393#5,1,1,8,10,9
175,shuming_63_00000393#6,1,1,10,10,23
175,shuming_63_00000393#7,1,1,10,10,21
175,shuming_63_00000393#8,1,1,10,10,23
175,shuming_63_00000393#9,1,1,10,10,20
175,shuming_663_00000328#2,1,1,10,10,50
175,shuming_663_00000328#3,1,1,10,10,40
175,shuming_67_00000001#1,1,1,10,10,55
175,shuming_67_00000001#2,1,1,10,10,18
175,shuming_698_00000001#0,1,1,10,10,11
175,shuming_698_00000001#1,1,1,2,10,13
175,shuming_698_00000001#2,1,1,10,10,17
175,shuming_698_00000001#3,1,1,10,10,20
175,shuming_698_00000001#4,1,1,10,10,15
175,shuming_698_00000001#5,1,1,10,10,14
175,shuming_698_00000001#7,1,1,10,10,26
175,shuming_698_00000001#8,1,1,10,10,17
175,shuming_698_00000001#9,1,1,10,10,14
175,shuming_698_00000001#10,1,1,10,10,13
175,shuming_698_00000001#11,1,1,10,10,13
175,shuming_698_00000001#12,1,1,10,10,15
175,shuming_698_00000001#13,1,1,10,10,14
175,shuming_698_00000001#14,1,1,10,10,12
175,shuming_698_00000001#15,1,1,10,10,15
175,shuming_698_00000001#16,1,1,10,10,15
175,shuming_698_00000001#17,1,1,10,10,23
175,shuming_698_00000001#18,1,1,10,10,18
175,shuming_698_00000001#19,1,1,10,10,19
175,shuming_698_00000001#20,1,1,10,10,22
175,shuming_698_00000001#21,1,1,10,10,24
175,shuming_698_00000001#22,1,1,10,10,18
175,shuming_698_00000001#23,1,1,10,10,35
175,shuming_698_00000001#25,1,1,10,10,64
175,shuming_706_00000375#0,1,1,10,10,41
175,shuming_706_00000375#2,1,1,10,10,32
175,shuming_706_00000375#3,1,1,8,10,17
175,shuming_706_00000375#4,1,1,10,10,52
175,shuming_72_00000270#19,1,1,10,10,54
175,shuming_72_00000270#20,1,1,10,10,22
175,shuming_72_00000270#22,1,1,10,10,48
175,shuming_72_00000270#24,1,1,10,10,20
175,shuming_731_00000492#0,1,1,10,10,32
175,shuming_731_00000492#1,1,1,10,10,26
175,shuming_731_00000492#3,1,1,10,10,60
175,shuming_731_00000492#5,1,1,10,10,69
175,shuming_753_00000172#0,1,1,10,10,12
175,shuming_758_00000371#0,1,1,10,10,52
175,shuming_763_00000009#2,1,1,10,10,15
175,shuming_774_00000273#3,1,1,10,10,63
175,shuming_774_00000273#5,1,1,10,10,31
175,shuming_779_00000254#1,1,1,10,10,63
175,shuming_779_00000254#5,1,1,10,10,80
175,shuming_783_00000248#0,1,1,10,10,81
175,shuming_783_00000248#2,1,1,10,10,66
175,shuming_793_00000117#2,1,1,10,10,31
175,shuming_825_00000172#1,1,1,10,10,13
175,shuming_825_00000172#2,1,1,7,10,7
175,shuming_825_00000172#3,1,1,10,10,16
175,shuming_826_00000213#1,1,1,10,10,14
175,shuming_826_00000213#2,1,1,10,10,18
175,shuming_826_00000213#3,1,1,9,10,9
175,shuming_85_00000273#4,1,1,10,10,11
175,shuming_987_00000275#1,1,1,10,10,41
175,shuming_987_00000275#2,1,1,10,10,23
175,shuming_987_00000275#3,1,1,10,10,19
175,shuming_987_00000275#4,1,1,10,10,21
175,shuming_987_00000275#5,1,1,10,10,10
200,00000045#1,1,1,10,10,242
200,00000045#2,1,1,10,10,88
200,00000045#3,1,1,10,10,105
200,00000045#6,1,1,10,10,286
200,00000045#7,1,1,10,10,279
200,00000057#1,1,1,10,10,225
200,00000057#2,1,1,10,10,88
200,00000057#3,1,1,10,10,111
200,00000057#5,1,1,10,10,133
200,00000063#1,1,1,10,10,279
200,00000063#2,1,1,10,10,90
200,00000063#3,1,1,10,10,107
200,00000063#5,1,1,10,10,208
200,00000095#1,1,1,10,10,279
200,00000095#2,1,1,10,10,114
200,00000095#3,1,1,10,10,105
200,00000106#1,1,1,10,10,245
200,00000106#2,1,1,10,10,135
200,00000106#3,1,1,10,10,122
200,00000106#5,1,1,10,10,157
200,00000123#1,1,1,10,10,196
200,00000123#2,1,1,10,10,87
200,00000123#3,1,1,10,10,190
200,00000123#5,1,1,10,10,108
200,00000171#0,1,1,10,10,120
200,00000180#0,1,1,10,10,136
200,00000234#1,1,1,10,10,108
200,00000257#0,1,1,10,10,93
200,00000271#0,1,1,10,10,118
200,00000271#1,1,1,10,10,132
200,00000273#0,1,1,10,10,84
200,00000273#1,1,1,10,10,99
200,000002_080_00000048#0,1,1,10,10,69
200,000002_083_00000169#0,1,1,10,10,14
200,000002_083_00000169#1,1,1,10,10,26
200,000002_083_00000169#2,1,1,10,10,36
200,00000346#0,1,1,10,10,381
200,00000364#0,1,1,10,10,210
200,00000396#0,1,1,10,10,111
200,00000399#0,1,1,10,10,82
200,000003_081_00000171#10,1,1,10,10,76
200,000003_081_00000171#11,1,1,10,10,82
200,00000426#0,1,1,10,10,653
200,00000506#0,1,1,10,10,117
200,000005_004_00000286#4,1,1,10,10,62
200,000005_006_00000001#1,1,1,10,10,68
200,000005_006_00000001#2,1,1,6,10,25
200,000005_019_00000209#0,1,1,10,10,43
200,000005_019_00000209#1,1,1,10,10,31
200,000005_019_00000209#2,1,1,10,10,59
200,000005_027_00000493#1,1,1,10,10,34
200,000005_027_00000493#2,1,1,10,10,38
200,000005_027_00000493#3,1,1,10,10,49
200,000005_027_00000493#4,1,1,10,10,21
200,000005_027_00000493#5,1,1,10,10,25
200,000005_027_00000493#6,1,1,10,10,20
200,000005_027_00000493#7,1,1,10,10,26
200,000005_027_00000493#8,1,1,10,10,74
200,000005_028_00000001#2,1,1,10,10,77
200,000005_028_00000163#2,1,1,10,10,31
200,00000618#2,1,1,10,10,101
200,000006_010_00000389#4,1,1,10,10,58
200,000006_011_00000307#3,1,1,10,10,25
200,000006_011_00000409#8,1,1,10,10,40
200,000006_011_00000409#10,1,1,10,10,54
200,000006_012_00000001#3,1,1,10,10,38
200,000006_012_00000001#6,1,1,10,10,63
200,000006_012_00000001#11,1,1,10,10,69
200,000006_012_00000001#12,1,1,10,10,33
200,000008_003_00000235#1,1,1,10,10,76
200,000008_003_00000235#2,1,1,10,10,59
200,000008_003_00000235#3,1,1,10,10,81
200,000008_003_00000235#4,1,1,10,10,66
200,000008_003_00000235#5,1,1,10,10,68
200,000008_003_00000235#10,1,1,10,10,68
200,000008_003_00000235#11,1,1,10,10,16
200,000008_003_00000352#1,1,1,10,10,66
200,000008_003_00000352#3,1,1,10,10,80
200,000008_003_00000352#5,1,1,10,10,74
200,000008_003_00000352#7,1,1,10,10,75
200,000008_003_00000352#8,1,1,10,10,75
200,000008_003_00000352#9,1,1,10,10,76
200,000008_003_00000352#10,1,1,10,10,64
200,000008_003_00000352#12,1,1,10,10,74
200,000008_003_00000352#13,1,1,10,10,16
200,000008_003_00000469#0,1,1,10,10,85
200,000008_003_00000469#1,1,1,10,10,70
200,000008_003_00000469#2,1,1,10,10,67
200,000008_003_00000469#3,1,1,10,10,78
200,000008_003_00000469#4,1,1,10,10,85
200,000008_003_00000469#6,1,1,10,10,89
200,000008_003_00000469#9,1,1,10,10,31
200,000008_003_00000469#10,1,1,10,10,18
200,000008_004_00000665#2,1,1,10,10,34
200,000008_004_00000665#4,1,1,10,10,39
200,000008_004_00000665#11,1,1,10,10,52
200,000008_004_00000665#12,1,1,10,10,63
200,000008_004_00000665#13,1,1,10,10,37
200,000008_013_00000195#1,1,1,10,10,66
200,000008_013_00000195#2,1,1,10,10,60
200,000008_042_00000273#1,1,1,10,10,40
200,000008_045_00000001#0,1,1,10,10,48
200,000008_045_00000001#2,1,1,10,10,70
200,000008_045_00000001#3,1,1,10,10,14
200,000008_045_00000157#0,1,1,10,10,80
200,000008_045_00000157#4,1,1,10,10,17
200,000008_048_00000361#3,1,1,10,10,42
200,000008_048_00000361#4,1,1,10,10,36
200,000008_048_00000361#5,1,1,10,10,29
200,000009_008_00000241#3,1,1,10,10,78
200,000009_008_00000241#5,1,1,10,10,69
200,000009_008_00000241#6,1,1,10,10,29
200,000009_008_00000241#7,1,1,10,10,76
200,000009_008_00000241#9,1,1,10,10,84
200,000009_033_00000333#1,1,1,10,10,16
200,000009_033_00000333#2,1,1,10,10,38
200,000009_033_00000333#3,1,1,10,10,38
200,000009_033_00000333#4,1,1,10,10,36
200,000009_033_00000333#6,1,1,10,10,51
200,000012_008_00000163#3,1,1,10,10,67
200,000012_008_00000163#4,1,1,10,10,55
200,000012_008_00000163#5,1,1,10,10,48
200,000012_008_00000163#6,1,1,10,10,60
200,000012_008_00000163#8,1,1,10,10,74
200,000012_008_00000163#10,1,1,10,10,17
200,000012_008_00000163#11,1,1,10,10,26
200,000012_008_00000163#12,1,1,10,10,27
200,000012_008_00000163#13,1,1,10,10,15
200,000012_008_00000163#14,1,1,10,10,11
200,000012_009_00000244#1,1,1,10,10,71
200,000012_009_00000244#3,1,1,10,10,68
200,000012_009_00000244#4,1,1,10,10,40
200,000012_009_00000244#5,1,1,10,10,45
200,000012_009_00000244#6,1,1,10,10,21
200,000012_009_00000244#7,1,1,10,10,13
200,000012_009_00000244#8,1,1,10,10,12
200,000012_009_00000244#9,1,1,10,10,14
200,000012_009_00000244#10,1,1,10,10,34
200,000012_009_00000244#11,1,1,10,10,18
200,000012_009_00000244#12,1,1,10,10,18
200,000012_009_00000244#13,1,1,10,10,19
200,000012_009_00000244#14,1,1,8,10,8
200,000012_009_00000325#3,1,1,10,10,82
200,000012_009_00000325#4,1,1,10,10,36
200,000012_009_00000325#5,1,1,10,10,43
200,000012_009_00000325#6,1,1,10,10,28
200,000012_009_00000325#7,1,1,10,10,17
200,000012_009_00000325#8,1,1,10,10,16
200,000012_009_00000325#9,1,1,8,10,8
200,000012_009_00000325#11,1,1,10,10,28
200,000012_009_00000325#12,1,1,10,10,15
200,000012_009_00000325#14,1,1,10,10,22
200,000012_009_00000325#15,1,1,3,10,19
200,000012_009_00000325#16,1,1,10,10,35
200,000012_014_00000184#0,1,1,10,10,33
200,000012_014_00000184#1,1,1,10,10,55
200,000012_014_00000184#3,1,1,10,10,26
200,000012_019_00000151#1,1,1,10,10,59
200,000012_019_00000151#2,1,1,10,10,14
200,000012_019_00000151#4,1,1,10,10,21
200,000012_019_00000151#5,1,1,10,10,14
200,000012_022_00000090#0,1,1,10,10,64
200,000012_022_00000090#1,1,1,10,10,23
200,000012_025_00000313#1,1,1,10,10,11
200,000012_025_00000313#2,1,1,10,10,11
200,000012_025_00000313#3,1,1,10,10,13
200,000012_025_00000313#4,1,1,7,10,7
200,000012_025_00000313#5,1,1,10,10,13
200,000012_025_00000313#6,1,1,8,10,8
200,000012_028_00000250#0,1,1,10,10,64
200,000012_028_00000250#1,1,1,10,10,56
200,000013_001_00000001#1,1,1,10,10,33
200,000013_001_00000001#2,1,1,10,10,34
200,000013_001_00000001#3,1,1,10,10,31
200,000013_002_00000281#1,1,1,10,10,31
200,000013_002_00000281#2,1,1,10,10,36
200,000013_002_00000281#3,1,1,10,10,20
200,000013_023_00000075#1,1,1,10,10,56
200,000013_023_00000075#2,1,1,10,10,68
200,000013_025_00000285#0,1,1,10,10,15
200,000013_025_00000285#1,1,1,10,10,56
200,000013_025_00000285#2,1,1,10,10,20
200,000013_030_00000063#0,1,1,10,10,21
200,000013_030_00000063#1,1,1,10,10,68
200,000013_039_00000063#0,1,1,10,10,41
200,000013_039_00000063#1,1,1,10,10,32
200,000013_039_00000063#3,1,1,10,10,26
200,000013_039_00000063#5,1,1,7,10,8
200,000013_040_suppl_00000167#0,1,1,10,10,79
200,000013_040_suppl_00000333#1,1,1,10,10,50
200,000013_040_suppl_00000333#3,1,1,10,10,80
200,000013_040_suppl_00000333#4,1,1,8,10,8
200,000013_044_00000001#0,1,1,10,10,24
200,000013_044_00000001#1,1,1,10,10,31
200,000013_044_00000001#2,0,1,0,10,72
200,000013_044_00000001#4,1,1,1,10,38
200,000013_044_00000001#5,1,1,10,10,72
200,000013_044_00000001#7,1,1,10,10,62
200,000013_048_00000001#0,1,1,10,10,46
200,000013_048_00000001#1,1,1,10,10,60
200,000013_048_00000001#3,0,1,0,10,49
200,000013_048_00000001#4,0,1,0,10,69
200,000013_056_00000281#2,1,1,10,10,49
200,000013_056_00000281#3,1,1,10,10,16
200,000013_056_00000281#4,1,1,10,10,21
200,000013_056_00000281#6,1,1,10,10,11
200,000013_056_00000281#7,1,1,10,10,12
200,000013_056_00000281#8,1,1,10,10,64
200,000013_056_00000281#9,1,1,10,10,43
200,000013_056_00000281#10,1,1,10,10,32
200,000014_012_00000217#1,1,1,10,10,41
200,000014_012_00000217#2,1,1,10,10,48
200,000014_050_00000273#3,1,1,10,10,47
200,000014_050_00000273#4,1,1,10,10,57
200,000014_050_00000273#5,1,1,10,10,26
200,000014_051_suppl_00000341#2,1,1,9,10,15
200,000014_052_00000131#2,1,1,10,10,22
200,000014_052_00000131#3,1,1,10,10,13
200,000015_004_00000268#0,1,1,10,10,27
200,000015_004_suppl_00000223#2,1,1,10,10,36
200,000016_043_suppl_00000292#1,1,1,10,10,21
200,000016_043_suppl_00000292#2,1,1,10,10,56
200,000016_043_suppl_00000292#4,1,1,10,10,30
200,000016_043_suppl_00000292#5,1,1,10,10,25
200,000016_043_suppl_00000292#6,1,1,10,10,45
200,000016_043_suppl_00000292#8,1,1,10,10,26
200,000016_043_suppl_00000292#9,1,1,10,10,32
200,000016_043_suppl_00000292#10,1,1,10,10,19
200,000016_043_suppl_00000292#11,1,1,10,10,27
200,000016_043_suppl_00000292#12,1,1,10,10,32
200,000016_043_suppl_00000292#14,1,1,10,10,70
200,000016_043_suppl_00000292#17,1,1,10,10,47
200,000016_043_suppl_00000292#20,1,1,10,10,23
200,000016_044_00000085#0,1,1,10,10,83
200,000016_044_00000085#1,1,1,10,10,62
200,000016_044_00000085#3,1,1,10,10,17
200,000016_044_00000085#4,1,1,10,10,65
200,000016_044_00000085#7,1,1,10,10,67
200,000016_044_00000085#10,1,1,10,10,78
200,000016_044_00000169#1,1,1,8,10,37
200,000016_044_00000169#2,1,1,10,10,36
200,000016_044_00000169#3,1,1,10,10,16
200,000016_044_00000169#5,1,1,10,10,15
200,000016_044_00000169#6,1,1,10,10,59
200,000016_044_00000169#8,1,1,10,10,88
200,000016_044_00000169#16,1,1,7,10,73
200,000016_044_00000169#17,1,1,10,10,65
200,000017_011_00000297#3,1,1,10,10,12
200,000017_011_00000297#5,1,1,10,10,68
200,000017_011_00000297#9,1,1,10,10,26
200,000017_011_00000297#10,1,1,10,10,86
200,000017_011_00000297#11,1,1,10,10,59
200,000017_011_00000297#13,1,1,10,10,43
200,000017_012_00000135#2,1,1,10,10,36
200,000017_020_00000214#0,1,1,10,10,21
200,000017_020_00000214#2,1,1,10,10,27
200,000017_020_suppl_00000356#0,1,1,10,10,20
200,000017_020_suppl_00000356#2,1,1,10,10,20
200,000018_006_00000063#0,1,1,10,10,66
200,000019_030_00000072#1,1,1,10,10,23
200,000019_030_00000072#2,1,1,10,10,72
200,000019_030_00000072#3,1,1,10,10,54
200,000019_030_00000072#4,1,1,10,10,21
200,000019_030_00000072#5,1,1,10,10,10
200,000019_038_00000205#2,1,1,10,10,20
200,000019_038_00000205#3,1,1,10,10,25
200,000019_038_00000205#4,1,1,10,10,21
200,000019_038_00000205#5,1,1,10,10,36
200,000019_038_00000205#6,1,1,10,10,84
200,000019_038_00000205#7,1,1,7,10,70
200,000019_038_00000205#8,1,1,10,10,82
200,000019_041_00000141#2,1,1,10,10,24
200,000019_045_00000145#4,1,1,10,10,46
200,000019_045_00000145#5,1,1,10,10,42
200,000019_045_00000145#7,1,1,6,10,67
200,000020_010_00000089#1,1,1,10,10,60
200,000020_010_00000089#5,1,1,9,10,9
200,000020_010_00000089#6,1,1,10,10,20
200,000020_010_00000089#7,1,1,5,10,8
200,000020_014_00000193#2,1,1,10,10,63
200,000020_014_00000193#3,1,1,10,10,76
200,000020_014_00000193#5,1,1,10,10,54
200,000020_014_00000193#6,1,1,10,10,77
200,000020_018_00000093#0,1,1,10,10,16
200,000020_018_00000093#1,1,1,10,10,24
200,000020_018_00000093#2,1,1,10,10,81
200,000020_018_00000093#3,1,1,10,10,42
200,000021_020_00000131#2,1,1,10,10,76
200,000023_005_00000070#1,1,1,10,10,32
200,000023_005_00000070#2,1,1,10,10,87
200,000023_005_00000070#3,1,1,10,10,63
200,000023_005_00000070#4,1,1,10,10,63
200,000023_005_00000070#5,1,1,10,10,18
200,000023_005_00000070#6,1,1,10,10,23
200,000031#0,1,1,10,10,53
200,000031#1,1,1,10,10,15
200,000031#2,1,1,8,10,8
200,000031#3,1,1,10,10,15
200,000031#6,1,1,10,10,24
200,000031#8,1,1,10,10,53
200,000031#10,1,1,10,10,16
200,000031#11,1,1,7,10,21
200,000066#0,1,1,10,10,31
200,000066#1,1,1,10,10,15
200,000066#2,1,1,10,10,61
200,000066#3,1,1,10,10,39
200,000070#0,1,1,10,10,28
200,000070#1,1,1,10,10,18
200,000070#2,1,1,8,10,52
200,000070#3,1,1,10,10,67
200,000173#1,1,1,10,10,27
200,000303#2,1,1,10,10,67
200,000303#6,1,1,10,10,30
200,000303#7,1,1,10,10,16
200,000328#1,1,1,10,10,58
200,000328#3,1,1,10,10,65
200,000415#1,1,1,10,10,14
200,000415#2,1,1,7,10,9
200,000415#4,1,1,10,10,22
200,000415#5,1,1,10,10,24
200,000415#6,1,1,10,10,12
200,000415#8,1,1,10,10,10
200,000415#10,1,1,10,10,13
200,000415#11,1,1,10,10,12
200,000415#13,1,1,10,10,21
200,000415#14,1,1,10,10,13
200,000415#15,1,1,10,10,17
200,000415#16,1,1,6,10,8
200,000415#17,1,1,9,10,10
200,000415#19,1,1,10,10,37
200,000433#7,1,1,10,10,57
200,000437#0,1,1,10,10,67
200,000437#1,1,1,10,10,75
200,000437#2,1,1,10,10,26
200,000437#5,1,1,10,10,48
200,000484#2,1,1,10,10,37
200,000484#3,1,1,10,10,55
200,000500#0,1,1,10,10,14
200,000500#1,1,1,9,10,9
200,000500#2,1,1,10,10,15
200,000525#0,1,1,10,10,14
200,000525#1,1,1,10,10,30
200,000525#2,1,1,10,10,35
200,000561#0,1,1,10,10,70
200,000561#3,1,1,10,10,63
200,000561#4,1,1,10,10,38
200,000597#2,1,1,10,10,62
200,000597#3,1,1,5,10,29
200,000630#0,1,1,10,10,14
200,000680#5,1,1,10,10,69
200,000707#1,1,1,10,10,13
200,000707#2,1,1,10,10,18
200,000707#3,1,1,9,10,9
200,000707#4,1,1,10,10,25
200,000707#5,1,1,10,10,20
200,000735#1,1,1,10,10,11
200,000738#0,1,1,10,10,26
200,000738#2,1,1,9,10,9
200,000738#3,1,1,10,10,36
200,000756#4,1,1,10,10,34
200,000759#2,1,1,10,10,34
200,000780#0,1,1,10,10,22
200,000780#3,1,1,10,10,90
200,000783#0,1,1,10,10,45
200,000783#1,1,1,10,10,42
200,000783#3,1,1,10,10,38
200,000783#4,1,1,10,10,26
200,000808#1,1,1,10,10,21
200,000820#2,1,1,10,10,58
200,000820#3,1,1,10,10,45
200,000820#4,1,1,10,10,25
200,000820#5,1,1,10,10,27
200,000820#7,1,1,8,10,8
200,000889#5,1,1,10,10,84
200,000889#6,1,1,10,10,40
200,000889#7,1,1,10,10,14
200,000889#8,1,1,10,10,15
200,000889#9,1,1,10,10,22
200,000889#13,1,1,10,10,24
200,000889#14,1,1,10,10,69
200,000943#0,1,1,10,10,16
200,000943#1,1,1,10,10,14
200,000943#2,1,1,10,10,64
200,000943#3,1,1,7,10,7
200,000943#4,1,1,7,10,7
200,000943#6,1,1,10,10,18
200,000943#7,1,1,10,10,23
200,000952#0,1,1,10,10,22
200,001033#1,1,1,10,10,15
200,001033#2,1,1,10,10,31
200,001033#3,1,1,10,10,41
200,001033#9,1,1,10,10,25
200,001033#10,1,1,10,10,21
200,001035#0,1,1,10,10,19
200,001035#1,1,1,10,10,53
200,001035#2,1,1,10,10,76
200,001035#7,1,1,10,10,40
200,001035#9,1,1,10,10,22
200,001035#10,1,1,10,10,63
200,001114#5,1,1,10,10,47
200,001114#6,1,1,10,10,40
200,001114#7,1,1,10,10,12
200,001114#8,1,1,10,10,26
200,001114#10,1,1,10,10,17
200,001123#0,1,1,10,10,31
200,001123#1,1,1,10,10,76
200,001123#2,1,1,10,10,77
200,001123#4,1,1,10,10,64
200,001123#5,1,1,10,10,42
200,001123#6,1,1,10,10,79
200,001123#7,1,1,10,10,86
200,001123#8,1,1,3,10,36
200,001123#9,1,1,10,10,56
200,001123#10,1,1,10,10,62
200,001123#11,1,1,10,10,66
200,001123#12,1,1,10,10,79
200,001123#13,1,1,10,10,31
200,001123#18,1,1,9,10,9
200,001123#19,1,1,10,10,10
200,001123#20,1,1,10,10,49
200,001123#21,1,1,10,10,32
200,001123#22,1,1,10,10,33
200,001135#4,1,1,10,10,64
200,001135#6,1,1,10,10,72
200,001135#7,1,1,9,10,14
200,001157#4,1,1,10,10,14
200,001157#5,1,1,10,10,30
200,001157#8,1,1,10,10,77
200,001157#9,1,1,10,10,68
200,001202#3,1,1,10,10,72
200,001202#4,1,1,10,10,78
200,001202#8,1,1,10,10,23
200,001202#10,1,1,10,10,56
200,001202#11,1,1,10,10,57
200,001202#12,1,1,10,10,42
200,001257#0,1,1,10,10,46
200,001257#3,1,1,10,10,69
200,001257#6,1,1,10,10,27
200,001257#9,1,1,10,10,27
200,001257#10,1,1,10,10,46
200,001257#11,1,1,10,10,31
200,001276#3,1,1,10,10,58
200,001276#7,1,1,10,10,30
200,001276#9,1,1,10,10,54
200,001276#10,1,1,10,10,27
200,001276#11,1,1,10,10,31
200,001276#12,1,1,10,10,25
200,001276#13,1,1,10,10,35
200,001276#14,1,1,10,10,50
200,001276#15,1,1,10,10,25
200,001295#0,1,1,10,10,30
200,001295#1,1,1,10,10,52
200,001295#3,1,1,10,10,10
200,001295#10,1,1,10,10,55
200,001295#11,1,1,10,10,24
200,001295#12,1,1,9,10,17
200,001295#13,1,1,10,10,28
200,001295#14,1,1,10,10,36
200,001295#15,1,1,10,10,24
200,001295#17,1,1,10,10,19
200,001295#18,1,1,10,10,15
200,001295#19,1,1,10,10,17
200,001295#20,1,1,10,10,16
200,001295#21,1,1,10,10,22
200,001295#22,1,1,10,10,26
200,001295#24,1,1,10,10,26
200,001295#26,1,1,9,10,9
200,001409#0,1,1,10,10,39
200,001409#1,1,1,10,10,43
200,001415#0,1,1,10,10,42
200,001415#1,1,1,10,10,44
200,001415#2,1,1,10,10,41
200,001415#3,1,1,10,10,53
200,001443#3,1,1,10,10,53
200,001443#4,1,1,10,10,73
200,001443#6,1,1,10,10,66
200,001443#7,1,1,10,10,67
200,001443#9,1,1,10,10,27
200,001443#10,1,1,10,10,46
200,001461#2,1,1,10,10,28
200,001461#3,1,1,10,10,42
200,001461#4,1,1,10,10,64
200,001461#5,1,1,10,10,36
200,001531#1,1,1,10,10,16
200,001531#2,1,1,10,10,11
200,001531#6,1,1,10,10,28
200,001531#8,1,1,10,10,11
200,001531#10,1,1,10,10,43
200,001558#4,1,1,10,10,31
200,001683#1,1,1,10,10,83
200,001683#6,1,1,10,10,36
200,001683#7,1,1,10,10,46
200,001683#8,1,1,10,10,50
200,001694#1,1,1,10,10,28
200,001694#2,1,1,10,10,64
200,001694#7,1,1,10,10,62
200,001694#8,1,1,10,10,36
200,001694#9,1,1,10,10,50
200,001694#10,1,1,10,10,27
200,001694#11,1,1,10,10,28
200,001694#12,1,1,10,10,22
200,001694#13,1,1,10,10,27
200,001694#14,1,1,10,10,31
200,001707#1,1,1,10,10,22
200,001707#2,1,1,10,10,68
200,001707#7,1,1,10,10,62
200,001707#8,1,1,10,10,36
200,001707#9,1,1,10,10,31
200,001707#10,1,1,10,10,34
200,001707#11,1,1,10,10,57
200,001707#12,1,1,10,10,19
200,001712#1,1,1,10,10,72
200,001712#6,1,1,10,10,58
200,001712#7,1,1,10,10,16
200,001712#8,1,1,10,10,36
200,001712#9,1,1,10,10,55
200,001712#10,1,1,10,10,25
200,001712#11,1,1,10,10,23
200,001712#12,1,1,10,10,27
200,001724#1,1,1,10,10,11
200,001724#3,1,1,10,10,56
200,001724#7,1,1,10,10,84
200,001724#8,1,1,10,10,34
200,001724#9,1,1,10,10,30
200,001724#10,1,1,10,10,27
200,001724#11,1,1,10,10,34
200,001724#12,1,1,10,10,38
200,001737#3,1,1,10,10,54
200,001737#7,1,1,10,10,76
200,001737#8,1,1,8,10,8
200,001737#9,1,1,10,10,15
200,001737#10,1,1,10,10,36
200,001737#11,1,1,10,10,30
200,001737#12,1,1,10,10,38
200,001737#13,1,1,10,10,30
200,001742#0,1,1,10,10,41
200,001763#0,1,1,10,10,25
200,001785#0,1,1,10,10,50
200,001785#1,1,1,10,10,51
200,001785#2,1,1,10,10,80
200,001851#0,1,1,10,10,48
200,001851#8,1,1,10,10,25
200,001851#9,1,1,10,10,27
200,001851#10,1,1,10,10,31
200,001851#11,1,1,10,10,25
200,001851#12,1,1,10,10,27
200,001851#13,1,1,10,10,50
200,001851#14,1,1,10,10,27
200,001862#0,1,1,10,10,48
200,001862#8,1,1,10,10,21
200,001862#9,1,1,10,10,27
200,001862#10,1,1,10,10,54
200,001862#11,1,1,10,10,21
200,001862#12,1,1,10,10,20
200,001862#13,1,1,10,10,32
200,001862#14,1,1,10,10,29
200,001862#15,1,1,10,10,37
200,001873#0,1,1,10,10,48
200,001873#4,1,1,10,10,73
200,001873#8,1,1,10,10,26
200,001873#9,1,1,10,10,50
200,001873#10,1,1,10,10,14
200,001873#11,1,1,10,10,27
200,001873#12,1,1,10,10,26
200,001873#13,1,1,10,10,27
200,001881#0,1,1,10,10,48
200,001881#4,1,1,10,10,73
200,001881#8,1,1,10,10,25
200,001881#9,1,1,10,10,54
200,001881#10,1,1,10,10,22
200,001884#0,1,1,10,10,52
200,001884#4,1,1,10,10,73
200,001884#8,1,1,10,10,21
200,001884#9,1,1,10,10,57
200,001884#10,1,1,10,10,25
200,001884#11,1,1,10,10,23
200,001884#12,1,1,10,10,20
200,001884#13,1,1,10,10,17
200,001884#14,1,1,10,10,27
200,001898#0,1,1,10,10,52
200,001898#4,1,1,10,10,74
200,001898#7,1,1,10,10,22
200,001898#8,1,1,10,10,20
200,001898#9,1,1,10,10,21
200,001898#10,1,1,10,10,24
200,001898#11,1,1,10,10,36
200,001898#12,1,1,10,10,55
200,001898#13,1,1,10,10,27
200,001898#14,1,1,10,10,24
200,001970#1,1,1,10,10,73
200,001970#3,1,1,10,10,36
200,001970#7,1,1,10,10,65
200,001970#8,1,1,10,10,26
200,001970#9,1,1,10,10,41
200,001970#10,1,1,10,10,27
200,002048#2,1,1,10,10,68
200,002048#3,1,1,10,10,53
200,002048#4,1,1,10,10,76
200,002048#7,1,1,10,10,37
200,002048#8,1,1,10,10,19
200,002048#9,1,1,10,10,40
200,002048#10,1,1,10,10,41
200,002097#3,1,1,10,10,67
200,002097#4,1,1,10,10,75
200,002097#7,1,1,10,10,22
200,002097#8,1,1,10,10,29
200,002097#9,1,1,10,10,32
200,002097#10,1,1,10,10,32
200,002102#0,1,1,10,10,63
200,002102#1,1,1,10,10,67
200,002102#2,1,1,10,10,64
200,002102#3,1,1,10,10,55
200,002102#4,1,1,10,10,59
200,002102#5,1,1,10,10,40
200,002102#6,1,1,10,10,56
200,002102#7,1,1,10,10,56
200,002102#8,1,1,10,10,50
200,002156#0,1,1,10,10,40
200,002156#1,1,1,10,10,28
200,002156#2,1,1,10,10,38
200,002156#3,1,1,10,10,59
200,002156#4,1,1,10,10,81
200,002156#7,1,1,10,10,46
200,002156#8,1,1,10,10,34
200,002156#9,1,1,10,10,53
200,002207#0,1,1,10,10,11
200,002207#1,1,1,10,10,49
200,002235#3,1,1,10,10,36
200,002235#5,1,1,10,10,55
200,002235#6,1,1,6,10,17
200,002235#7,1,1,10,10,27
200,002235#10,1,1,10,10,10
200,002265#3,1,1,10,10,15
200,002265#4,1,1,10,10,13
200,002276#0,1,1,10,10,41
200,002276#1,1,1,10,10,18
200,002276#2,1,1,10,10,32
200,002276#3,1,1,10,10,53
200,002276#6,1,1,10,10,46
200,002331#2,1,1,10,10,49
200,002331#3,1,1,10,10,37
200,002331#4,1,1,10,10,75
200,002331#16,1,1,10,10,14
200,002331#18,1,1,7,10,21
200,002334#1,1,1,10,10,11
200,002334#8,1,1,10,10,56
200,002334#9,1,1,10,10,18
200,002338#0,1,1,10,10,62
200,002338#1,1,1,10,10,70
200,002338#4,1,1,10,10,73
200,002338#5,1,1,10,10,44
200,002357#0,1,1,10,10,23
200,002357#1,1,1,10,10,35
200,002357#2,1,1,10,10,72
200,002357#3,1,1,10,10,43
200,002359#0,1,1,10,10,29
200,002359#1,1,1,10,10,43
200,002359#2,1,1,10,10,45
200,002359#3,1,1,10,10,27
200,002378#0,1,1,10,10,34
200,002378#1,1,1,10,10,11
200,002378#3,1,1,10,10,66
200,002378#5,1,1,10,10,73
200,002378#6,1,1,10,10,19
200,002380#2,1,1,10,10,77
200,002380#3,1,1,10,10,55
200,002380#4,1,1,10,10,19
200,002380#5,1,1,8,10,8
200,002380#6,1,1,10,10,45
200,002380#7,1,1,10,10,14
200,002380#8,1,1,10,10,15
200,002380#9,1,1,10,10,25
200,002413#0,1,1,10,10,23
200,002517#1,1,1,10,10,48
200,002517#2,1,1,10,10,16
200,002517#4,1,1,10,10,23
200,002517#5,1,1,10,10,76
200,002584#4,1,1,6,10,11
200,002584#6,1,1,10,10,11
200,002625#6,1,1,10,10,17
200,002625#8,1,1,10,10,26
200,002625#10,1,1,10,10,27
200,002625#13,1,1,10,10,22
200,002625#14,1,1,10,10,73
200,002625#18,1,1,10,10,29
200,002625#19,1,1,9,10,13
200,002625#20,1,1,10,10,70
200,002625#21,1,1,10,10,82
200,002625#22,1,1,10,10,36
200,002625#23,1,1,10,10,34
200,002625#24,1,1,10,10,65
200,002625#25,1,1,10,10,11
200,002625#26,1,1,10,10,48
200,002625#27,1,1,2,10,25
200,002625#28,1,1,10,10,37
200,002625#29,1,1,10,10,63
200,002625#30,1,1,10,10,23
200,002625#31,1,1,10,10,34
200,002625#32,1,1,10,10,45
200,002625#33,1,1,10,10,12
200,002627#5,1,1,10,10,20
200,002627#7,1,1,10,10,17
200,002627#11,1,1,10,10,74
200,002627#12,1,1,10,10,32
200,002627#15,1,1,10,10,69
200,002627#17,1,1,10,10,73
200,002627#18,1,1,10,10,74
200,002627#19,1,1,10,10,18
200,002627#22,1,1,10,10,87
200,002627#23,1,1,10,10,71
200,002627#26,1,1,10,10,80
200,002627#27,1,1,10,10,81
200,002627#28,1,1,10,10,48
200,002627#30,1,1,10,10,39
200,002627#31,1,1,10,10,50
200,002627#32,1,1,10,10,55
200,002671#7,1,1,10,10,51
200,002671#9,1,1,10,10,25
200,002671#11,1,1,9,10,39
200,002671#12,1,1,10,10,63
200,002671#13,1,1,10,10,45
200,002671#14,1,1,10,10,30
200,002671#15,1,1,10,10,30
200,002671#16,1,1,10,10,18
200,002671#17,1,1,10,10,45
200,002671#18,1,1,10,10,18
200,002671#19,1,1,10,10,57
200,002671#20,1,1,10,10,46
200,002671#21,1,1,10,10,23
200,002671#22,1,1,10,10,23
200,002671#23,1,1,10,10,46
200,002671#24,1,1,10,10,59
200,002677#0,1,1,10,10,63
200,002677#1,1,1,10,10,40
200,002677#16,1,1,10,10,14
200,002677#17,1,1,10,10,24
200,002677#18,1,1,10,10,76
200,002707#11,1,1,10,10,22
200,002707#12,1,1,10,10,25
200,002707#13,1,1,10,10,62
200,002750#1,1,1,10,10,15
200,002750#4,1,1,10,10,42
200,002750#12,1,1,10,10,13
200,002750#13,1,1,8,10,12
200,002750#14,1,1,10,10,10
200,002750#16,1,1,8,10,8
200,002750#18,1,1,10,10,14
200,002750#19,1,1,10,10,22
200,002750#20,1,1,10,10,28
200,002750#21,1,1,10,10,28
200,002750#22,1,1,10,10,53
200,002750#23,1,1,10,10,25
200,002750#25,1,1,10,10,51
200,002762#1,1,1,10,10,17
200,002839#1,1,1,10,10,21
200,002839#2,1,1,10,10,25
200,002839#3,1,1,10,10,48
200,002839#4,1,1,10,10,31
200,002842#3,1,1,10,10,25
200,002842#4,1,1,10,10,21
200,002844#1,1,1,10,10,42
200,002844#2,1,1,10,10,21
200,002844#3,1,1,10,10,38
200,002935#0,1,1,10,10,17
200,002935#1,1,1,9,10,13
200,002955#0,1,1,10,10,72
200,002955#1,1,1,10,10,47
200,002955#4,1,1,10,10,32
200,002955#5,1,1,10,10,21
200,002955#6,1,1,10,10,37
200,002955#7,1,1,10,10,68
200,002955#8,1,1,10,10,61
200,002955#9,1,1,10,10,11
200,002955#10,1,1,10,10,42
200,002955#11,1,1,10,10,42
200,002955#12,1,1,10,10,57
200,002955#13,1,1,10,10,67
200,002955#14,1,1,10,10,73
200,002955#16,1,1,10,10,49
200,002955#17,1,1,10,10,81
200,002955#20,1,1,10,10,15
200,002955#23,1,1,10,10,29
200,002955#24,1,1,7,10,7
200,002987#0,1,1,10,10,16
200,002987#1,1,1,9,10,9
200,002987#2,1,1,10,10,23
200,002987#3,1,1,10,10,14
200,002987#4,1,1,10,10,34
200,002987#6,1,1,10,10,64
200,002987#7,1,1,10,10,73
200,002987#8,1,1,10,10,28
200,002987#9,1,1,10,10,14
200,002987#10,1,1,10,10,15
200,002987#11,1,1,10,10,15
200,002987#12,1,1,8,10,8
200,002987#13,1,1,10,10,34
200,002987#14,1,1,10,10,20
200,002987#15,1,1,10,10,37
200,003007#6,1,1,9,10,9
200,003007#8,1,1,10,10,41
200,003007#9,1,1,10,10,24
200,003013#6,1,1,10,10,20
200,003017#4,1,1,10,10,12
200,003026#4,1,1,10,10,17
200,003056#1,1,1,10,10,24
200,003056#2,1,1,10,10,15
200,003056#3,1,1,10,10,15
200,003056#4,1,1,10,10,11
200,003056#7,1,1,10,10,38
200,003056#8,1,1,9,10,9
200,003056#9,1,1,10,10,27
200,003056#10,1,1,10,10,18
200,003056#11,1,1,10,10,61
200,003148#0,1,1,10,10,61
200,003148#2,1,1,10,10,63
200,003148#3,1,1,10,10,42
200,003148#6,1,1,10,10,47
200,003148#7,1,1,7,10,8
200,003148#8,1,1,7,10,8
200,003160#0,1,1,10,10,42
200,003160#1,1,1,10,10,28
200,003160#2,1,1,9,10,31
200,003160#3,1,1,8,10,27
200,003160#4,1,1,10,10,31
200,003160#5,1,1,10,10,84
200,003160#7,1,1,10,10,37
200,003160#8,1,1,10,10,69
200,003160#9,1,1,10,10,19
200,003160#11,1,1,10,10,78
200,003160#13,1,1,10,10,37
200,003160#14,1,1,10,10,11
200,003160#15,1,1,10,10,55
200,003160#17,1,1,10,10,43
200,003160#18,1,1,10,10,72
200,003160#19,1,1,10,10,26
200,003160#20,1,1,10,10,18
200,003160#21,1,1,10,10,46
200,003198#1,1,1,10,10,64
200,003198#4,1,1,10,10,42
200,003257#5,1,1,10,10,58
200,003262#0,1,1,10,10,28
200,003262#1,1,1,10,10,31
200,003262#4,1,1,10,10,27
200,003262#14,1,1,10,10,10
200,003262#16,1,1,9,10,10
200,003262#17,1,1,10,10,14
200,003262#21,1,1,8,10,16
200,003262#23,1,1,10,10,22
200,003262#24,1,1,10,10,18
200,003262#28,1,1,10,10,50
200,003262#29,1,1,5,10,7
200,003262#30,1,1,10,10,73
200,003273#1,1,1,10,10,73
200,003273#3,1,1,10,10,68
200,003273#4,1,1,10,10,45
200,003273#5,1,1,10,10,12
200,003273#6,1,1,10,10,87
200,003273#8,1,1,10,10,35
200,003273#9,1,1,10,10,19
200,003273#10,1,1,10,10,42
200,003273#11,1,1,10,10,17
200,003273#13,1,1,10,10,20
200,003288#0,1,1,10,10,74
200,003288#3,1,1,10,10,37
200,003288#4,1,1,10,10,27
200,003288#5,1,1,10,10,20
200,003288#6,1,1,10,10,20
200,003288#7,1,1,10,10,16
200,003288#8,1,1,10,10,14
200,003288#9,1,1,10,10,16
200,003288#10,1,1,10,10,18
200,003288#11,1,1,10,10,14
200,003288#12,1,1,10,10,27
200,003288#13,1,1,10,10,33
200,003288#14,1,1,10,10,13
200,003288#16,1,1,10,10,21
200,003288#18,1,1,10,10,69
200,003304#0,1,1,10,10,42
200,003304#1,1,1,10,10,36
200,003304#2,1,1,10,10,14
200,003304#3,1,1,10,10,48
200,003304#4,1,1,10,10,20
200,003304#8,1,1,10,10,25
200,003304#9,1,1,10,10,41
200,003304#11,1,1,10,10,42
200,003304#12,1,1,10,10,30
200,003304#13,1,1,10,10,13
200,003317#1,1,1,10,10,29
200,003317#2,1,1,10,10,26
200,003317#3,1,1,10,10,29
200,003317#5,1,1,10,10,50
200,003317#6,1,1,10,10,23
200,003317#7,1,1,10,10,27
200,003317#8,1,1,10,10,49
200,003317#9,1,1,10,10,30
200,003317#12,1,1,10,10,12
200,003317#14,1,1,10,10,55
200,003317#15,1,1,7,10,70
200,003317#16,1,1,9,10,43
200,003348#0,1,1,10,10,30
200,003353#0,1,1,10,10,14
200,003408#1,1,1,10,10,22
200,003411#0,1,1,10,10,41
200,003411#1,1,1,10,10,52
200,003411#2,1,1,10,10,57
200,003411#3,1,1,10,10,50
200,003419#0,1,1,10,10,84
200,003419#5,1,1,10,10,22
200,003419#13,1,1,10,10,24
200,003419#14,1,1,10,10,30
200,003419#17,1,1,6,10,30
200,003419#18,1,1,10,10,34
200,003419#19,1,1,10,10,18
200,003419#21,1,1,10,10,36
200,003425#5,1,1,10,10,17
200,003425#6,1,1,10,10,13
200,003425#7,1,1,10,10,11
200,003425#10,1,1,10,10,18
200,003425#12,1,1,10,10,44
200,003425#13,1,1,10,10,46
200,003460#0,1,1,10,10,26
200,003460#1,1,1,10,10,64
200,003460#3,1,1,10,10,80
200,003460#5,1,1,10,10,25
200,003460#6,1,1,10,10,73
200,003472#0,1,1,10,10,31
200,003472#1,1,1,10,10,68
200,003472#2,1,1,10,10,20
200,003472#3,1,1,10,10,71
200,003475#1,1,1,10,10,41
200,003475#2,1,1,10,10,22
200,003475#3,1,1,10,10,51
200,003475#5,1,1,10,10,46
200,003475#6,1,1,10,10,70
200,003475#10,1,1,10,10,21
200,003475#11,1,1,10,10,31
200,003487#0,1,1,10,10,53
200,003487#2,1,1,10,10,62
200,003489#0,1,1,10,10,24
200,003489#2,1,1,10,10,31
200,003489#3,1,1,10,10,55
200,003489#4,1,1,10,10,25
200,003489#5,1,1,10,10,35
200,003489#9,1,1,10,10,26
200,003489#14,1,1,10,10,37
200,003526#0,1,1,10,10,18
200,003526#3,1,1,10,10,13
200,003532#0,1,1,10,10,18
200,003532#1,1,1,10,10,42
200,003546#0,1,1,10,10,27
200,003546#1,1,1,10,10,28
200,003546#2,1,1,10,10,37
200,003592#0,1,1,10,10,23
200,003592#1,1,1,10,10,23
200,003592#2,1,1,10,10,31
200,003592#3,1,1,10,10,20
200,003595#3,1,1,10,10,27
200,003595#4,1,1,10,10,30
200,003595#5,1,1,10,10,21
200,003595#6,1,1,10,10,46
200,003603#3,1,1,10,10,32
200,003653#3,1,1,10,10,15
200,003653#5,1,1,10,10,20
200,003653#6,1,1,10,10,18
200,003653#7,1,1,10,10,14
200,003653#8,1,1,10,10,11
200,003653#9,1,1,10,10,12
200,003653#11,1,1,10,10,36
200,003653#12,1,1,10,10,51
200,003653#14,1,1,8,10,8
200,003653#16,1,1,9,10,9
200,003653#17,1,1,10,10,26
200,003653#18,1,1,8,10,8
200,003679#4,1,1,10,10,50
200,003679#5,1,1,10,10,27
200,003679#7,1,1,10,10,25
200,003679#8,1,1,10,10,32
200,003703#0,1,1,10,10,50
200,003739#0,1,1,10,10,30
200,003739#1,1,1,10,10,35
200,003739#2,1,1,10,10,17
200,003739#3,1,1,10,10,11
200,003739#5,1,1,10,10,16
200,003739#6,1,1,8,10,12
200,003739#7,1,1,10,10,26
200,003739#8,1,1,10,10,16
200,003757#0,1,1,10,10,76
200,003757#7,1,1,10,10,27
200,003757#8,1,1,9,10,10
200,003757#10,1,1,10,10,21
200,003757#14,1,1,10,10,13
200,003757#15,1,1,10,10,15
200,003757#16,1,1,10,10,11
200,003769#0,1,1,10,10,56
200,003838#0,1,1,10,10,72
200,003863#1,1,1,9,10,21
200,003863#3,1,1,10,10,17
200,003863#5,1,1,10,10,33
200,003863#7,1,1,10,10,24
200,003863#9,1,1,10,10,13
200,003863#10,1,1,10,10,12
200,003863#11,1,1,10,10,18
200,003895#2,1,1,10,10,55
200,003896#0,1,1,10,10,43
200,003896#1,1,1,10,10,19
200,003902#0,1,1,10,10,41
200,003902#1,1,1,10,10,15
200,003902#3,1,1,10,10,18
200,003902#4,1,1,10,10,30
200,003902#5,1,1,10,10,18
200,003902#6,1,1,10,10,41
200,003904#0,1,1,10,10,33
200,003904#1,1,1,10,10,19
200,003941#0,1,1,10,10,27
200,003941#1,1,1,10,10,17
200,003941#3,1,1,9,10,12
200,003941#5,1,1,9,10,25
200,003941#7,1,1,10,10,20
200,003941#8,1,1,10,10,26
200,003941#10,1,1,10,10,17
200,003941#11,1,1,10,10,26
200,003941#12,1,1,10,10,17
200,003941#13,1,1,10,10,20
200,003941#14,1,1,10,10,18
200,003941#15,1,1,10,10,22
200,003941#16,1,1,10,10,69
200,003941#20,1,1,10,10,10
200,003941#21,1,1,7,10,25
200,003941#22,1,1,10,10,13
200,003941#24,1,1,10,10,37
200,003941#25,1,1,10,10,18
200,003941#26,1,1,10,10,21
200,003941#27,1,1,10,10,18
200,003941#29,1,1,10,10,17
200,003941#30,1,1,10,10,34
200,003982#5,1,1,10,10,26
200,003982#6,1,1,10,10,15
200,003982#8,1,1,10,10,13
200,003982#11,1,1,10,10,19
200,003982#14,1,1,10,10,29
200,003982#19,1,1,7,10,9
200,003982#20,1,1,5,10,10
200,003982#23,1,1,10,10,25
200,003982#24,1,1,10,10,10
200,003982#30,1,1,10,10,12
200,003982#32,1,1,10,10,14
200,003982#34,1,1,10,10,11
200,003982#36,1,1,4,10,46
200,003982#41,1,1,9,10,10
200,003982#42,1,1,10,10,11
200,003982#43,1,1,10,10,13
200,003982#47,1,1,10,10,57
200,003982#48,1,1,10,10,16
200,003982#49,1,1,10,10,69
200,003982#50,1,1,10,10,34
200,003982#53,1,1,6,10,10
200,003982#57,1,1,10,10,18
200,003982#58,1,1,10,10,18
200,003982#60,1,1,10,10,16
200,003982#61,1,1,10,10,15
200,003982#62,1,1,10,10,17
200,003987#5,1,1,10,10,32
200,003987#6,1,1,10,10,28
200,003987#10,1,1,10,10,66
200,003987#11,1,1,10,10,71
200,003987#15,1,1,10,10,33
200,003987#16,1,1,10,10,42
200,003987#23,1,1,7,10,11
200,003987#27,1,1,10,10,11
200,003987#35,1,1,10,10,26
200,003987#38,1,1,10,10,19
200,003987#39,1,1,10,10,17
200,003987#40,1,1,10,10,16
200,003987#41,1,1,10,10,13
200,003987#43,1,1,10,10,10
200,003987#46,1,1,8,10,8
200,003987#47,1,1,10,10,15
200,003987#49,1,1,10,10,12
200,003987#50,1,1,10,10,15
200,003987#51,1,1,10,10,15
200,003987#52,1,1,10,10,10
200,003987#53,1,1,10,10,19
200,003987#55,1,1,10,10,31
200,hehe_173_000002_024_00000105#2,1,1,2,10,11
200,hehe_173_000002_024_00000105#4,1,1,5,10,11
200,hehe_173_000002_024_00000105#6,1,1,10,10,23
200,hehe_173_000002_024_00000105#7,1,1,10,10,15
200,hehe_173_000002_024_00000105#9,1,1,10,10,31
200,hehe_173_000002_024_00000105#10,1,1,10,10,25
200,hehe_173_000002_024_00000105#11,1,1,10,10,11
200,hehe_173_000002_024_00000105#13,1,1,10,10,31
200,hehe_173_000002_024_00000105#15,1,1,10,10,76
200,hehe_186_000002_028_00000050#1,1,1,10,10,77
200,hehe_22_00000004#0,1,1,10,10,29
200,hehe_22_00000004#2,1,1,10,10,23
200,hehe_22_00000004#4,1,1,10,10,69
200,hehe_22_00000004#6,1,1,10,10,57
200,hehe_22_00000004#7,1,1,10,10,70
200,hehe_22_00000004#9,1,1,6,10,11
200,hehe_230_000002_043_00000061#1,1,1,10,10,69
200,hehe_230_000002_043_00000061#6,1,1,10,10,62
200,hehe_230_000002_043_00000061#7,1,1,10,10,58
200,hehe_230_000002_043_00000061#10,1,1,10,10,31
200,hehe_230_000002_043_00000061#11,1,1,10,10,37
200,hehe_230_000002_043_00000061#13,1,1,10,10,19
200,hehe_230_000002_043_00000061#14,1,1,8,10,12
200,hehe_232_000002_043_00000181#0,1,1,8,10,8
200,hehe_232_000002_043_00000181#1,1,1,10,10,22
200,hehe_232_000002_043_00000181#2,1,1,10,10,57
200,hehe_232_000002_043_00000181#3,1,1,10,10,36
200,hehe_232_000002_043_00000181#8,1,1,10,10,57
200,hehe_274_000002_060_00000105#1,1,1,10,10,67
200,hehe_274_000002_060_00000105#5,1,1,10,10,28
200,hehe_274_000002_060_00000105#6,1,1,10,10,11
200,hehe_40_00000033#1,1,1,10,10,26
200,hehe_40_00000033#2,1,1,10,10,46
200,hehe_40_00000033#3,1,1,1,10,40
200,hehe_40_00000033#5,1,1,10,10,40
200,hehe_45_00000001#2,1,1,10,10,42
200,hehe_45_00000001#4,1,1,10,10,28
200,hehe_45_00000001#5,1,1,10,10,49
200,hehe_45_00000001#6,1,1,10,10,40
200,hehe_45_00000001#7,1,1,10,10,60
200,hehe_45_00000001#8,1,1,10,10,34
200,hehe_45_00000001#9,1,1,10,10,46
200,hehe_52_00000107#0,1,1,10,10,19
200,hehe_52_00000107#1,1,1,8,10,8
200,hehe_61_00000090#2,1,1,10,10,76
200,hehe_61_00000090#3,1,1,10,10,39
200,hehe_61_00000090#4,1,1,10,10,20
200,hehe_61_00000090#9,1,1,10,10,64
200,hehe_61_00000090#10,1,1,10,10,50
200,hehe_61_00000090#11,1,1,10,10,84
200,hehe_65_00000229#2,1,1,10,10,59
200,hehe_65_00000229#3,1,1,10,10,32
200,hehe_65_00000229#4,1,1,10,10,30
200,hehe_65_00000229#6,1,1,10,10,16
200,hehe_65_00000229#7,1,1,10,10,21
200,hehe_6_00000054#0,1,1,10,10,12
200,hehe_6_00000054#2,1,1,10,10,35
200,hehe_6_00000054#3,1,1,10,10,32
200,hehe_6_00000054#4,1,1,10,10,27
200,hehe_6_00000054#6,1,1,10,10,76
200,hehe_6_00000054#13,1,1,10,10,74
200,hehe_6_00000054#16,1,1,10,10,32
200,hehe_6_00000054#17,1,1,10,10,38
200,hehe_86_00000253#0,1,1,10,10,45
200,hehe_86_00000253#3,1,1,10,10,58
200,hehe_87_00000315#1,1,1,10,10,39
200,hehe_87_00000315#2,1,1,10,10,40
200,hehe_87_00000315#3,1,1,10,10,33
200,hehe_87_00000315#4,1,1,10,10,20
200,hehe_87_00000315#5,1,1,10,10,30
200,hehe_87_00000315#6,1,1,5,10,14
200,shuming_1007_00000230#0,1,1,10,10,38
200,shuming_1007_00000230#3,1,1,10,10,43
200,shuming_1007_00000230#4,1,1,3,10,36
200,shuming_1007_00000230#5,1,1,10,10,46
200,shuming_1007_00000230#7,1,1,10,10,63
200,shuming_1007_00000230#10,1,1,10,10,62
200,shuming_1007_00000230#11,1,1,10,10,39
200,shuming_1007_00000230#12,1,1,10,10,34
200,shuming_1007_00000230#13,1,1,10,10,10
200,shuming_1007_00000230#14,1,1,5,10,7
200,shuming_1007_00000230#15,1,1,10,10,79
200,shuming_1007_00000230#16,1,1,10,10,47
200,shuming_1007_00000230#17,1,1,10,10,19
200,shuming_1007_00000230#18,1,1,9,10,13
200,shuming_1007_00000230#20,1,1,10,10,20
200,shuming_1007_00000230#21,1,1,10,10,69
200,shuming_1007_00000230#22,1,1,10,10,27
200,shuming_1007_00000230#23,1,1,10,10,22
200,shuming_1013_00000065#0,1,1,10,10,87
200,shuming_1013_00000065#1,1,1,10,10,41
200,shuming_1013_00000065#3,1,1,10,10,26
200,shuming_1028_00000411#3,1,1,10,10,55
200,shuming_1028_00000411#4,1,1,10,10,10
200,shuming_1028_00000411#5,1,1,10,10,15
200,shuming_1064_00000087#0,1,1,10,10,34
200,shuming_1064_00000087#1,1,1,10,10,55
200,shuming_1064_00000087#2,1,1,10,10,56
200,shuming_1064_00000087#3,1,1,10,10,72
200,shuming_1064_00000087#4,1,1,10,10,69
200,shuming_1064_00000087#6,1,1,10,10,26
200,shuming_1064_00000087#7,1,1,10,10,54
200,shuming_1064_00000087#8,1,1,10,10,86
200,shuming_1076_00000257#1,1,1,10,10,31
200,shuming_1076_00000257#2,1,1,10,10,29
200,shuming_1076_00000257#3,1,1,10,10,20
200,shuming_1076_00000257#4,1,1,10,10,19
200,shuming_1076_00000257#5,1,1,10,10,23
200,shuming_1079_00000233#3,1,1,10,10,18
200,shuming_1079_00000233#4,1,1,10,10,12
200,shuming_1079_00000233#6,1,1,10,10,35
200,shuming_1080_00000016#0,1,1,10,10,72
200,shuming_1080_00000016#4,1,1,10,10,10
200,shuming_1132_00000385#2,1,1,10,10,29
200,shuming_1132_00000385#3,1,1,9,10,32
200,shuming_1132_00000385#4,1,1,10,10,25
200,shuming_1135_00000213#0,1,1,10,10,76
200,shuming_1148_00000041#0,1,1,10,10,74
200,shuming_1157_00000010#0,1,1,10,10,72
200,shuming_1157_00000010#1,1,1,10,10,32
200,shuming_1157_00000010#2,1,1,10,10,18
200,shuming_1180_00000231#3,1,1,10,10,49
200,shuming_24_00000001#0,1,1,10,10,40
200,shuming_24_00000001#1,1,1,10,10,62
200,shuming_340_00000020#1,1,1,10,10,21
200,shuming_340_00000020#19,1,1,10,10,11
200,shuming_340_00000020#22,1,1,7,10,7
200,shuming_340_00000020#23,1,1,10,10,12
200,shuming_340_00000020#26,1,1,9,10,9
200,shuming_340_00000020#30,1,1,9,10,9
200,shuming_340_00000020#31,1,1,10,10,12
200,shuming_340_00000020#38,1,1,10,10,10
200,shuming_35_00000199#0,1,1,10,10,73
200,shuming_35_00000199#3,1,1,10,10,36
200,shuming_35_00000199#4,1,1,10,10,26
200,shuming_35_00000199#5,1,1,4,10,87
200,shuming_35_00000199#6,1,1,9,10,18
200,shuming_35_00000199#8,1,1,10,10,14
200,shuming_35_00000199#9,1,1,8,10,8
200,shuming_35_00000199#11,1,1,10,10,39
200,shuming_410_00000037#0,1,1,6,10,7
200,shuming_410_00000037#9,1,1,10,10,45
200,shuming_461_00000082#0,1,1,10,10,53
200,shuming_461_00000082#2,1,1,10,10,42
200,shuming_461_00000082#3,1,1,10,10,31
200,shuming_461_00000082#4,1,1,10,10,14
200,shuming_461_00000082#5,1,1,10,10,11
200,shuming_465_00000030#0,1,1,10,10,10
200,shuming_465_00000030#2,1,1,10,10,56
200,shuming_465_00000030#3,1,1,10,10,15
200,shuming_470_00000057#3,1,1,10,10,43
200,shuming_470_00000057#4,1,1,10,10,23
200,shuming_482_00000018#3,1,1,10,10,53
200,shuming_482_00000018#4,1,1,10,10,44
200,shuming_482_00000018#5,1,1,10,10,62
200,shuming_485_00000027#3,1,1,10,10,16
200,shuming_485_00000027#4,1,1,10,10,52
200,shuming_503_00000052#0,1,1,10,10,32
200,shuming_503_00000052#1,1,1,10,10,26
200,shuming_562_00000223#2,1,1,10,10,76
200,shuming_571_00000215#0,1,1,10,10,56
200,shuming_571_00000215#1,1,1,10,10,46
200,shuming_574_00000017#0,1,1,10,10,63
200,shuming_608_00000031#1,1,1,10,10,19
200,shuming_608_00000031#2,1,1,10,10,30
200,shuming_608_00000031#3,1,1,10,10,35
200,shuming_608_00000031#4,1,1,10,10,11
200,shuming_610_00000148#0,1,1,10,10,50
200,shuming_63_00000393#3,1,1,10,10,15
200,shuming_63_00000393#4,1,1,10,10,17
200,shuming_63_00000393#5,1,1,8,10,9
200,shuming_63_00000393#6,1,1,10,10,23
200,shuming_63_00000393#7,1,1,10,10,21
200,shuming_63_00000393#8,1,1,10,10,23
200,shuming_63_00000393#9,1,1,10,10,20
200,shuming_663_00000328#2,1,1,10,10,50
200,shuming_663_00000328#3,1,1,10,10,40
200,shuming_67_00000001#1,1,1,10,10,55
200,shuming_67_00000001#2,1,1,10,10,18
200,shuming_698_00000001#0,1,1,10,10,11
200,shuming_698_00000001#1,1,1,2,10,13
200,shuming_698_00000001#2,1,1,10,10,17
200,shuming_698_00000001#3,1,1,10,10,20
200,shuming_698_00000001#4,1,1,10,10,15
200,shuming_698_00000001#5,1,1,10,10,14
200,shuming_698_00000001#7,1,1,10,10,26
200,shuming_698_00000001#8,1,1,10,10,17
200,shuming_698_00000001#9,1,1,10,10,14
200,shuming_698_00000001#10,1,1,10,10,13
200,shuming_698_00000001#11,1,1,10,10,13
200,shuming_698_00000001#12,1,1,10,10,15
200,shuming_698_00000001#13,1,1,10,10,14
200,shuming_698_00000001#14,1,1,10,10,12
200,shuming_698_00000001#15,1,1,10,10,15
200,shuming_698_00000001#16,1,1,10,10,15
200,shuming_698_00000001#17,1,1,10,10,23
200,shuming_698_00000001#18,1,1,10,10,18
200,shuming_698_00000001#19,1,1,10,10,19
200,shuming_698_00000001#20,1,1,10,10,22
200,shuming_698_00000001#21,1,1,10,10,24
200,shuming_698_00000001#22,1,1,10,10,18
200,shuming_698_00000001#23,1,1,10,10,35
200,shuming_698_00000001#25,1,1,10,10,64
200,shuming_706_00000375#0,1,1,10,10,41
200,shuming_706_00000375#2,1,1,10,10,32
200,shuming_706_00000375#3,1,1,7,10,17
200,shuming_706_00000375#4,1,1,10,10,52
200,shuming_72_00000270#19,1,1,10,10,54
200,shuming_72_00000270#20,1,1,10,10,22
200,shuming_72_00000270#22,1,1,10,10,48
200,shuming_72_00000270#24,1,1,10,10,20
200,shuming_731_00000492#0,1,1,10,10,32
200,shuming_731_00000492#1,1,1,10,10,26
200,shuming_731_00000492#3,1,1,10,10,60
200,shuming_731_00000492#5,1,1,10,10,69
200,shuming_753_00000172#0,1,1,10,10,12
200,shuming_758_00000371#0,1,1,10,10,52
200,shuming_763_00000009#2,1,1,10,10,15
200,shuming_774_00000273#3,1,1,10,10,63
200,shuming_774_00000273#5,1,1,10,10,31
200,shuming_779_00000254#1,1,1,10,10,63
200,shuming_779_00000254#5,1,1,10,10,80
200,shuming_783_00000248#0,1,1,10,10,81
200,shuming_783_00000248#2,1,1,10,10,66
200,shuming_793_00000117#2,1,1,10,10,31
200,shuming_825_00000172#1,1,1,10,10,13
200,shuming_825_00000172#2,1,1,7,10,7
200,shuming_825_00000172#3,1,1,10,10,16
200,shuming_826_00000213#1,1,1,10,10,14
200,shuming_826_00000213#2,1,1,10,10,18
200,shuming_826_00000213#3,1,1,9,10,9
200,shuming_85_00000273#4,1,1,10,10,11
200,shuming_987_00000275#1,1,1,10,10,41
200,shuming_987_00000275#2,1,1,10,10,23
200,shuming_987_00000275#3,1,1,10,10,19
200,shuming_987_00000275#4,1,1,10,10,21
200,shuming_987_00000275#5,1,1,10,10,10
225,00000045#1,1,1,10,10,242
225,00000045#2,1,1,10,10,88
225,00000045#3,1,1,10,10,105
225,00000045#6,1,1,10,10,286
225,00000045#7,1,1,10,10,279
225,00000057#1,1,1,10,10,225
225,00000057#2,1,1,10,10,88
225,00000057#3,1,1,10,10,111
225,00000057#5,1,1,10,10,133
225,00000063#1,1,1,10,10,279
225,00000063#2,1,1,10,10,90
225,00000063#3,1,1,10,10,107
225,00000063#5,1,1,10,10,208
225,00000095#1,1,1,10,10,279
225,00000095#2,1,1,10,10,114
225,00000095#3,1,1,10,10,105
225,00000106#1,1,1,10,10,245
225,00000106#2,1,1,10,10,135
225,00000106#3,1,1,10,10,122
225,00000106#5,1,1,10,10,157
225,00000123#1,1,1,10,10,196
225,00000123#2,1,1,10,10,87
225,00000123#3,1,1,10,10,190
225,00000123#5,1,1,10,10,108
225,00000171#0,1,1,10,10,120
225,00000180#0,1,1,10,10,136
225,00000234#1,1,1,10,10,108
225,00000257#0,1,1,10,10,93
225,00000271#0,1,1,10,10,118
225,00000271#1,1,1,10,10,132
225,00000273#0,1,1,10,10,84
225,00000273#1,1,1,10,10,99
225,000002_080_00000048#0,1,1,10,10,69
225,000002_083_00000169#0,1,1,10,10,14
225,000002_083_00000169#1,1,1,10,10,26
225,000002_083_00000169#2,1,1,10,10,36
225,00000346#0,1,1,10,10,381
225,00000364#0,1,1,10,10,210
225,00000396#0,1,1,10,10,111
225,00000399#0,1,1,10,10,82
225,000003_081_00000171#10,1,1,10,10,76
225,000003_081_00000171#11,1,1,10,10,82
225,00000426#0,1,1,10,10,653
225,00000506#0,1,1,10,10,117
225,000005_004_00000286#4,1,1,10,10,62
225,000005_006_00000001#1,1,1,10,10,68
225,000005_006_00000001#2,1,1,6,10,25
225,000005_019_00000209#0,1,1,10,10,43
225,000005_019_00000209#1,1,1,10,10,31
225,000005_019_00000209#2,1,1,10,10,59
225,000005_027_00000493#1,1,1,10,10,34
225,000005_027_00000493#2,1,1,10,10,38
225,000005_027_00000493#3,1,1,10,10,49
225,000005_027_00000493#4,1,1,10,10,21
225,000005_027_00000493#5,1,1,10,10,25
225,000005_027_00000493#6,1,1,10,10,20
225,000005_027_00000493#7,1,1,10,10,26
225,000005_027_00000493#8,1,1,10,10,74
225,000005_028_00000001#2,1,1,10,10,77
225,000005_028_00000163#2,1,1,10,10,31
225,00000618#2,1,1,10,10,101
225,000006_010_00000389#4,1,1,10,10,58
225,000006_011_00000307#3,1,1,10,10,25
225,000006_011_00000409#8,1,1,10,10,40
225,000006_011_00000409#10,1,1,10,10,54
225,000006_012_00000001#3,1,1,10,10,38
225,000006_012_00000001#6,1,1,10,10,63
225,000006_012_00000001#11,1,1,10,10,69
225,000006_012_00000001#12,1,1,10,10,33
225,000008_003_00000235#1,1,1,10,10,76
225,000008_003_00000235#2,1,1,10,10,59
225,000008_003_00000235#3,1,1,10,10,81
225,000008_003_00000235#4,1,1,10,10,66
225,000008_003_00000235#5,1,1,10,10,68
225,000008_003_00000235#10,1,1,10,10,68
225,000008_003_00000235#11,1,1,10,10,16
225,000008_003_00000352#1,1,1,10,10,66
225,000008_003_00000352#3,1,1,10,10,80
225,000008_003_00000352#5,1,1,10,10,74
225,000008_003_00000352#7,1,1,10,10,75
225,000008_003_00000352#8,1,1,10,10,75
225,000008_003_00000352#9,1,1,10,10,76
225,000008_003_00000352#10,1,1,10,10,64
225,000008_003_00000352#12,1,1,10,10,74
225,000008_003_00000352#13,1,1,10,10,16
225,000008_003_00000469#0,1,1,10,10,85
225,000008_003_00000469#1,1,1,10,10,70
225,000008_003_00000469#2,1,1,10,10,67
225,000008_003_00000469#3,1,1,10,10,78
225,000008_003_00000469#4,1,1,10,10,85
225,000008_003_00000469#6,1,1,10,10,89
225,000008_003_00000469#9,1,1,10,10,31
225,000008_003_00000469#10,1,1,10,10,18
225,000008_004_00000665#2,1,1,10,10,34
225,000008_004_00000665#4,1,1,10,10,39
225,000008_004_00000665#11,1,1,10,10,52
225,000008_004_00000665#12,1,1,10,10,63
225,000008_004_00000665#13,1,1,10,10,37
225,000008_013_00000195#1,1,1,10,10,66
225,000008_013_00000195#2,1,1,10,10,60
225,000008_042_00000273#1,1,1,10,10,40
225,000008_045_00000001#0,1,1,10,10,48
225,000008_045_00000001#2,1,1,10,10,70
225,000008_045_00000001#3,1,1,10,10,14
225,000008_045_00000157#0,1,1,10,10,80
225,000008_045_00000157#4,1,1,10,10,17
225,000008_048_00000361#3,1,1,10,10,42
225,000008_048_00000361#4,1,1,10,10,36
225,000008_048_00000361#5,1,1,10,10,29
225,000009_008_00000241#3,1,1,10,10,78
225,000009_008_00000241#5,1,1,10,10,69
225,000009_008_00000241#6,1,1,10,10,29
225,000009_008_00000241#7,1,1,10,10,76
225,000009_008_00000241#9,1,1,10,10,84
225,000009_033_00000333#1,1,1,10,10,16
225,000009_033_00000333#2,1,1,10,10,38
225,000009_033_00000333#3,1,1,10,10,38
225,000009_033_00000333#4,1,1,10,10,36
225,000009_033_00000333#6,1,1,10,10,51
225,000012_008_00000163#3,1,1,10,10,67
225,000012_008_00000163#4,1,1,10,10,55
225,000012_008_00000163#5,1,1,10,10,48
225,000012_008_00000163#6,1,1,10,10,60
225,000012_008_00000163#8,1,1,10,10,74
225,000012_008_00000163#10,1,1,10,10,17
225,000012_008_00000163#11,1,1,10,10,26
225,000012_008_00000163#12,1,1,10,10,27
225,000012_008_00000163#13,1,1,10,10,15
225,000012_008_00000163#14,1,1,10,10,11
225,000012_009_00000244#1,1,1,10,10,71
225,000012_009_00000244#3,1,1,10,10,68
225,000012_009_00000244#4,1,1,10,10,40
225,000012_009_00000244#5,1,1,10,10,45
225,000012_009_00000244#6,1,1,10,10,21
225,000012_009_00000244#7,1,1,10,10,13
225,000012_009_00000244#8,1,1,10,10,12
225,000012_009_00000244#9,1,1,10,10,14
225,000012_009_00000244#10,1,1,10,10,34
225,000012_009_00000244#11,1,1,10,10,18
225,000012_009_00000244#12,1,1,10,10,18
225,000012_009_00000244#13,1,1,10,10,19
225,000012_009_00000244#14,1,1,8,10,8
225,000012_009_00000325#3,1,1,10,10,82
225,000012_009_00000325#4,1,1,10,10,36
225,000012_009_00000325#5,1,1,10,10,43
225,000012_009_00000325#6,1,1,10,10,28
225,000012_009_00000325#7,1,1,10,10,17
225,000012_009_00000325#8,1,1,10,10,16
225,000012_009_00000325#9,1,1,8,10,8
225,000012_009_00000325#11,1,1,10,10,28
225,000012_009_00000325#12,1,1,10,10,15
225,000012_009_00000325#14,1,1,10,10,22
225,000012_009_00000325#15,1,1,3,10,19
225,000012_009_00000325#16,1,1,10,10,35
225,000012_014_00000184#0,1,1,10,10,33
225,000012_014_00000184#1,1,1,10,10,55
225,000012_014_00000184#3,1,1,10,10,26
225,000012_019_00000151#1,1,1,10,10,59
225,000012_019_00000151#2,1,1,10,10,14
225,000012_019_00000151#4,1,1,10,10,21
225,000012_019_00000151#5,1,1,10,10,14
225,000012_022_00000090#0,1,1,10,10,64
225,000012_022_00000090#1,1,1,10,10,23
225,000012_025_00000313#1,1,1,10,10,11
225,000012_025_00000313#2,1,1,10,10,11
225,000012_025_00000313#3,1,1,10,10,13
225,000012_025_00000313#4,1,1,7,10,7
225,000012_025_00000313#5,1,1,10,10,13
225,000012_025_00000313#6,1,1,8,10,8
225,000012_028_00000250#0,1,1,10,10,64
225,000012_028_00000250#1,1,1,10,10,56
225,000013_001_00000001#1,1,1,10,10,33
225,000013_001_00000001#2,1,1,10,10,34
225,000013_001_00000001#3,1,1,10,10,31
225,000013_002_00000281#1,1,1,10,10,31
225,000013_002_00000281#2,1,1,10,10,36
225,000013_002_00000281#3,1,1,10,10,20
225,000013_023_00000075#1,1,1,10,10,56
225,000013_023_00000075#2,1,1,10,10,68
225,000013_025_00000285#0,1,1,10,10,15
225,000013_025_00000285#1,1,1,10,10,56
225,000013_025_00000285#2,1,1,10,10,20
225,000013_030_00000063#0,1,1,10,10,21
225,000013_030_00000063#1,1,1,10,10,68
225,000013_039_00000063#0,1,1,10,10,41
225,000013_039_00000063#1,1,1,10,10,32
225,000013_039_00000063#3,1,1,10,10,26
225,000013_039_00000063#5,1,1,7,10,8
225,000013_040_suppl_00000167#0,1,1,10,10,79
225,000013_040_suppl_00000333#1,1,1,10,10,50
225,000013_040_suppl_00000333#3,1,1,10,10,80
225,000013_040_suppl_00000333#4,1,1,8,10,8
225,000013_044_00000001#0,1,1,10,10,24
225,000013_044_00000001#1,1,1,10,10,31
225,000013_044_00000001#2,0,1,0,10,72
225,000013_044_00000001#4,1,1,1,10,38
225,000013_044_00000001#5,1,1,10,10,72
225,000013_044_00000001#7,1,1,10,10,62
225,000013_048_00000001#0,1,1,10,10,46
225,000013_048_00000001#1,1,1,10,10,60
225,000013_048_00000001#3,0,1,0,10,49
225,000013_048_00000001#4,0,1,0,10,69
225,000013_056_00000281#2,1,1,10,10,49
225,000013_056_00000281#3,1,1,10,10,16
225,000013_056_00000281#4,1,1,10,10,21
225,000013_056_00000281#6,1,1,10,10,11
225,000013_056_00000281#7,1,1,10,10,12
225,000013_056_00000281#8,1,1,10,10,64
225,000013_056_00000281#9,1,1,10,10,43
225,000013_056_00000281#10,1,1,10,10,32
225,000014_012_00000217#1,1,1,10,10,41
225,000014_012_00000217#2,1,1,10,10,48
225,000014_050_00000273#3,1,1,10,10,47
225,000014_050_00000273#4,1,1,10,10,57
225,000014_050_00000273#5,1,1,10,10,26
225,000014_051_suppl_00000341#2,1,1,9,10,15
225,000014_052_00000131#2,1,1,10,10,22
225,000014_052_00000131#3,1,1,10,10,13
225,000015_004_00000268#0,1,1,10,10,27
225,000015_004_suppl_00000223#2,1,1,10,10,36
225,000016_043_suppl_00000292#1,1,1,10,10,21
225,000016_043_suppl_00000292#2,1,1,10,10,56
225,000016_043_suppl_00000292#4,1,1,10,10,30
225,000016_043_suppl_00000292#5,1,1,10,10,25
225,000016_043_suppl_00000292#6,1,1,10,10,45
225,000016_043_suppl_00000292#8,1,1,10,10,26
225,000016_043_suppl_00000292#9,1,1,10,10,32
225,000016_043_suppl_00000292#10,1,1,10,10,19
225,000016_043_suppl_00000292#11,1,1,10,10,27
225,000016_043_suppl_00000292#12,1,1,10,10,32
225,000016_043_suppl_00000292#14,1,1,10,10,70
225,000016_043_suppl_00000292#17,1,1,10,10,47
225,000016_043_suppl_00000292#20,1,1,10,10,23
225,000016_044_00000085#0,1,1,10,10,83
225,000016_044_00000085#1,1,1,10,10,62
225,000016_044_00000085#3,1,1,10,10,17
225,000016_044_00000085#4,1,1,10,10,65
225,000016_044_00000085#7,1,1,10,10,67
225,000016_044_00000085#10,1,1,10,10,78
225,000016_044_00000169#1,1,1,8,10,37
225,000016_044_00000169#2,1,1,10,10,36
225,000016_044_00000169#3,1,1,10,10,16
225,000016_044_00000169#5,1,1,10,10,15
225,000016_044_00000169#6,1,1,10,10,59
225,000016_044_00000169#8,1,1,10,10,88
225,000016_044_00000169#16,1,1,7,10,73
225,000016_044_00000169#17,1,1,10,10,65
225,000017_011_00000297#3,1,1,10,10,12
225,000017_011_00000297#5,1,1,10,10,68
225,000017_011_00000297#9,1,1,10,10,26
225,000017_011_00000297#10,1,1,10,10,86
225,000017_011_00000297#11,1,1,10,10,59
225,000017_011_00000297#13,1,1,10,10,43
225,000017_012_00000135#2,1,1,10,10,36
225,000017_020_00000214#0,1,1,10,10,21
225,000017_020_00000214#2,1,1,10,10,27
225,000017_020_suppl_00000356#0,1,1,10,10,20
225,000017_020_suppl_00000356#2,1,1,10,10,20
225,000018_006_00000063#0,1,1,10,10,66
225,000019_030_00000072#1,1,1,10,10,23
225,000019_030_00000072#2,1,1,10,10,72
225,000019_030_00000072#3,1,1,10,10,54
225,000019_030_00000072#4,1,1,10,10,21
225,000019_030_00000072#5,1,1,10,10,10
225,000019_038_00000205#2,1,1,10,10,20
225,000019_038_00000205#3,1,1,10,10,25
225,000019_038_00000205#4,1,1,10,10,21
225,000019_038_00000205#5,1,1,10,10,36
225,000019_038_00000205#6,1,1,10,10,84
225,000019_038_00000205#7,1,1,6,10,70
225,000019_038_00000205#8,1,1,10,10,82
225,000019_041_00000141#2,1,1,10,10,24
225,000019_045_00000145#4,1,1,10,10,46
225,000019_045_00000145#5,1,1,10,10,42
225,000019_045_00000145#7,1,1,7,10,67
225,000020_010_00000089#1,1,1,10,10,60
225,000020_010_00000089#5,1,1,9,10,9
225,000020_010_00000089#6,1,1,10,10,20
225,000020_010_00000089#7,1,1,4,10,8
225,000020_014_00000193#2,1,1,10,10,63
225,000020_014_00000193#3,1,1,10,10,76
225,000020_014_00000193#5,1,1,10,10,54
225,000020_014_00000193#6,1,1,10,10,77
225,000020_018_00000093#0,1,1,10,10,16
225,000020_018_00000093#1,1,1,10,10,24
225,000020_018_00000093#2,1,1,10,10,81
225,000020_018_00000093#3,1,1,10,10,42
225,000021_020_00000131#2,1,1,10,10,76
225,000023_005_00000070#1,1,1,10,10,32
225,000023_005_00000070#2,1,1,10,10,87
225,000023_005_00000070#3,1,1,10,10,63
225,000023_005_00000070#4,1,1,10,10,63
225,000023_005_00000070#5,1,1,10,10,18
225,000023_005_00000070#6,1,1,10,10,23
225,000031#0,1,1,10,10,53
225,000031#1,1,1,10,10,15
225,000031#2,1,1,8,10,8
225,000031#3,1,1,10,10,15
225,000031#6,1,1,10,10,24
225,000031#8,1,1,10,10,53
225,000031#10,1,1,10,10,16
225,000031#11,1,1,7,10,21
225,000066#0,1,1,10,10,31
225,000066#1,1,1,10,10,15
225,000066#2,1,1,10,10,61
225,000066#3,1,1,10,10,39
225,000070#0,1,1,10,10,28
225,000070#1,1,1,10,10,18
225,000070#2,1,1,9,10,52
225,000070#3,1,1,10,10,67
225,000173#1,1,1,10,10,27
225,000303#2,1,1,10,10,67
225,000303#6,1,1,10,10,30
225,000303#7,1,1,10,10,16
225,000328#1,1,1,10,10,58
225,000328#3,1,1,10,10,65
225,000415#1,1,1,10,10,14
225,000415#2,1,1,7,10,9
225,000415#4,1,1,10,10,22
225,000415#5,1,1,10,10,24
225,000415#6,1,1,10,10,12
225,000415#8,1,1,10,10,10
225,000415#10,1,1,10,10,13
225,000415#11,1,1,10,10,12
225,000415#13,1,1,10,10,21
225,000415#14,1,1,10,10,13
225,000415#15,1,1,10,10,17
225,000415#16,1,1,7,10,8
225,000415#17,1,1,9,10,10
225,000415#19,1,1,10,10,37
225,000433#7,1,1,10,10,57
225,000437#0,1,1,10,10,67
225,000437#1,1,1,10,10,75
225,000437#2,1,1,10,10,26
225,000437#5,1,1,10,10,48
225,000484#2,1,1,10,10,37
225,000484#3,1,1,10,10,55
225,000500#0,1,1,10,10,14
225,000500#1,1,1,9,10,9
225,000500#2,1,1,10,10,15
225,000525#0,1,1,10,10,14
225,000525#1,1,1,10,10,30
225,000525#2,1,1,10,10,35
225,000561#0,1,1,10,10,70
225,000561#3,1,1,10,10,63
225,000561#4,1,1,10,10,38
225,000597#2,1,1,10,10,62
225,000597#3,1,1,5,10,29
225,000630#0,1,1,10,10,14
225,000680#5,1,1,10,10,69
225,000707#1,1,1,10,10,13
225,000707#2,1,1,10,10,18
225,000707#3,1,1,9,10,9
225,000707#4,1,1,10,10,25
225,000707#5,1,1,10,10,20
225,000735#1,1,1,10,10,11
225,000738#0,1,1,10,10,26
225,000738#2,1,1,9,10,9
225,000738#3,1,1,10,10,36
225,000756#4,1,1,10,10,34
225,000759#2,1,1,10,10,34
225,000780#0,1,1,10,10,22
225,000780#3,1,1,10,10,90
225,000783#0,1,1,10,10,45
225,000783#1,1,1,10,10,42
225,000783#3,1,1,10,10,38
225,000783#4,1,1,10,10,26
225,000808#1,1,1,10,10,21
225,000820#2,1,1,10,10,58
225,000820#3,1,1,10,10,45
225,000820#4,1,1,10,10,25
225,000820#5,1,1,10,10,27
225,000820#7,1,1,8,10,8
225,000889#5,1,1,10,10,84
225,000889#6,1,1,10,10,40
225,000889#7,1,1,10,10,14
225,000889#8,1,1,10,10,15
225,000889#9,1,1,10,10,22
225,000889#13,1,1,10,10,24
225,000889#14,1,1,10,10,69
225,000943#0,1,1,10,10,16
225,000943#1,1,1,10,10,14
225,000943#2,1,1,10,10,64
225,000943#3,1,1,7,10,7
225,000943#4,1,1,6,10,7
225,000943#6,1,1,10,10,18
225,000943#7,1,1,10,10,23
225,000952#0,1,1,10,10,22
225,001033#1,1,1,10,10,15
225,001033#2,1,1,10,10,31
225,001033#3,1,1,10,10,41
225,001033#9,1,1,10,10,25
225,001033#10,1,1,10,10,21
225,001035#0,1,1,10,10,19
225,001035#1,1,1,10,10,53
225,001035#2,1,1,10,10,76
225,001035#7,1,1,10,10,40
225,001035#9,1,1,10,10,22
225,001035#10,1,1,10,10,63
225,001114#5,1,1,10,10,47
225,001114#6,1,1,10,10,40
225,001114#7,1,1,10,10,12
225,001114#8,1,1,10,10,26
225,001114#10,1,1,10,10,17
225,001123#0,1,1,10,10,31
225,001123#1,1,1,10,10,76
225,001123#2,1,1,10,10,77
225,001123#4,1,1,10,10,64
225,001123#5,1,1,10,10,42
225,001123#6,1,1,10,10,79
225,001123#7,1,1,10,10,86
225,001123#8,1,1,4,10,36
225,001123#9,1,1,10,10,56
225,001123#10,1,1,10,10,62
225,001123#11,1,1,10,10,66
225,001123#12,1,1,10,10,79
225,001123#13,1,1,10,10,31
225,001123#18,1,1,9,10,9
225,001123#19,1,1,10,10,10
225,001123#20,1,1,10,10,49
225,001123#21,1,1,10,10,32
225,001123#22,1,1,10,10,33
225,001135#4,1,1,10,10,64
225,001135#6,1,1,10,10,72
225,001135#7,1,1,9,10,14
225,001157#4,1,1,10,10,14
225,001157#5,1,1,10,10,30
225,001157#8,1,1,10,10,77
225,001157#9,1,1,10,10,68
225,001202#3,1,1,10,10,72
225,001202#4,1,1,10,10,78
225,001202#8,1,1,10,10,23
225,001202#10,1,1,10,10,56
225,001202#11,1,1,10,10,57
225,001202#12,1,1,10,10,42
225,001257#0,1,1,10,10,46
225,001257#3,1,1,10,10,69
225,001257#6,1,1,10,10,27
225,001257#9,1,1,10,10,27
225,001257#10,1,1,10,10,46
225,001257#11,1,1,10,10,31
225,001276#3,1,1,10,10,58
225,001276#7,1,1,10,10,30
225,001276#9,1,1,10,10,54
225,001276#10,1,1,10,10,27
225,001276#11,1,1,10,10,31
225,001276#12,1,1,10,10,25
225,001276#13,1,1,10,10,35
225,001276#14,1,1,10,10,50
225,001276#15,1,1,10,10,25
225,001295#0,1,1,10,10,30
225,001295#1,1,1,10,10,52
225,001295#3,1,1,10,10,10
225,001295#10,1,1,10,10,55
225,001295#11,1,1,10,10,24
225,001295#12,1,1,10,10,17
225,001295#13,1,1,10,10,28
225,001295#14,1,1,10,10,36
225,001295#15,1,1,10,10,24
225,001295#17,1,1,10,10,19
225,001295#18,1,1,10,10,15
225,001295#19,1,1,10,10,17
225,001295#20,1,1,10,10,16
225,001295#21,1,1,10,10,22
225,001295#22,1,1,10,10,26
225,001295#24,1,1,10,10,26
225,001295#26,1,1,9,10,9
225,001409#0,1,1,10,10,39
225,001409#1,1,1,10,10,43
225,001415#0,1,1,10,10,42
225,001415#1,1,1,10,10,44
225,001415#2,1,1,10,10,41
225,001415#3,1,1,10,10,53
225,001443#3,1,1,10,10,53
225,001443#4,1,1,10,10,73
225,001443#6,1,1,10,10,66
225,001443#7,1,1,10,10,67
225,001443#9,1,1,10,10,27
225,001443#10,1,1,10,10,46
225,001461#2,1,1,10,10,28
225,001461#3,1,1,10,10,42
225,001461#4,1,1,10,10,64
225,001461#5,1,1,10,10,36
225,001531#1,1,1,10,10,16
225,001531#2,1,1,10,10,11
225,001531#6,1,1,10,10,28
225,001531#8,1,1,10,10,11
225,001531#10,1,1,10,10,43
225,001558#4,1,1,10,10,31
225,001683#1,1,1,10,10,83
225,001683#6,1,1,10,10,36
225,001683#7,1,1,10,10,46
225,001683#8,1,1,10,10,50
225,001694#1,1,1,10,10,28
225,001694#2,1,1,10,10,64
225,001694#7,1,1,10,10,62
225,001694#8,1,1,10,10,36
225,001694#9,1,1,10,10,50
225,001694#10,1,1,10,10,27
225,001694#11,1,1,10,10,28
225,001694#12,1,1,10,10,22
225,001694#13,1,1,10,10,27
225,001694#14,1,1,10,10,31
225,001707#1,1,1,10,10,22
225,001707#2,1,1,10,10,68
225,001707#7,1,1,10,10,62
225,001707#8,1,1,10,10,36
225,001707#9,1,1,10,10,31
225,001707#10,1,1,10,10,34
225,001707#11,1,1,10,10,57
225,001707#12,1,1,10,10,19
225,001712#1,1,1,10,10,72
225,001712#6,1,1,10,10,58
225,001712#7,1,1,10,10,16
225,001712#8,1,1,10,10,36
225,001712#9,1,1,10,10,55
225,001712#10,1,1,10,10,25
225,001712#11,1,1,10,10,23
225,001712#12,1,1,10,10,27
225,001724#1,1,1,10,10,11
225,001724#3,1,1,10,10,56
225,001724#7,1,1,10,10,84
225,001724#8,1,1,10,10,34
225,001724#9,1,1,10,10,30
225,001724#10,1,1,10,10,27
225,001724#11,1,1,10,10,34
225,001724#12,1,1,10,10,38
225,001737#3,1,1,10,10,54
225,001737#7,1,1,10,10,76
225,001737#8,1,1,8,10,8
225,001737#9,1,1,10,10,15
225,001737#10,1,1,10,10,36
225,001737#11,1,1,10,10,30
225,001737#12,1,1,10,10,38
225,001737#13,1,1,10,10,30
225,001742#0,1,1,10,10,41
225,001763#0,1,1,10,10,25
225,001785#0,1,1,10,10,50
225,001785#1,1,1,10,10,51
225,001785#2,1,1,10,10,80
225,001851#0,1,1,10,10,48
225,001851#8,1,1,10,10,25
225,001851#9,1,1,10,10,27
225,001851#10,1,1,10,10,31
225,001851#11,1,1,10,10,25
225,001851#12,1,1,10,10,27
225,001851#13,1,1,10,10,50
225,001851#14,1,1,10,10,27
225,001862#0,1,1,10,10,48
225,001862#8,1,1,10,10,21
225,001862#9,1,1,10,10,27
225,001862#10,1,1,10,10,54
225,001862#11,1,1,10,10,21
225,001862#12,1,1,10,10,20
225,001862#13,1,1,10,10,32
225,001862#14,1,1,10,10,29
225,001862#15,1,1,10,10,37
225,001873#0,1,1,10,10,48
225,001873#4,1,1,10,10,73
225,001873#8,1,1,10,10,26
225,001873#9,1,1,10,10,50
225,001873#10,1,1,10,10,14
225,001873#11,1,1,10,10,27
225,001873#12,1,1,10,10,26
225,001873#13,1,1,10,10,27
225,001881#0,1,1,10,10,48
225,001881#4,1,1,10,10,73
225,001881#8,1,1,10,10,25
225,001881#9,1,1,10,10,54
225,001881#10,1,1,10,10,22
225,001884#0,1,1,10,10,52
225,001884#4,1,1,10,10,73
225,001884#8,1,1,10,10,21
225,001884#9,1,1,10,10,57
225,001884#10,1,1,10,10,25
225,001884#11,1,1,10,10,23
225,001884#12,1,1,10,10,20
225,001884#13,1,1,10,10,17
225,001884#14,1,1,10,10,27
225,001898#0,1,1,10,10,52
225,001898#4,1,1,10,10,74
225,001898#7,1,1,10,10,22
225,001898#8,1,1,10,10,20
225,001898#9,1,1,10,10,21
225,001898#10,1,1,10,10,24
225,001898#11,1,1,10,10,36
225,001898#12,1,1,10,10,55
225,001898#13,1,1,10,10,27
225,001898#14,1,1,10,10,24
225,001970#1,1,1,10,10,73
225,001970#3,1,1,10,10,36
225,001970#7,1,1,10,10,65
225,001970#8,1,1,10,10,26
225,001970#9,1,1,10,10,41
225,001970#10,1,1,10,10,27
225,002048#2,1,1,10,10,68
225,002048#3,1,1,10,10,53
225,002048#4,1,1,10,10,76
225,002048#7,1,1,10,10,37
225,002048#8,1,1,10,10,19
225,002048#9,1,1,10,10,40
225,002048#10,1,1,10,10,41
225,002097#3,1,1,10,10,67
225,002097#4,1,1,10,10,75
225,002097#7,1,1,10,10,22
225,002097#8,1,1,10,10,29
225,002097#9,1,1,10,10,32
225,002097#10,1,1,10,10,32
225,002102#0,1,1,10,10,63
225,002102#1,1,1,10,10,67
225,002102#2,1,1,10,10,64
225,002102#3,1,1,10,10,55
225,002102#4,1,1,10,10,59
225,002102#5,1,1,10,10,40
225,002102#6,1,1,10,10,56
225,002102#7,1,1,10,10,56
225,002102#8,1,1,10,10,50
225,002156#0,1,1,10,10,40
225,002156#1,1,1,10,10,28
225,002156#2,1,1,10,10,38
225,002156#3,1,1,10,10,59
225,002156#4,1,1,10,10,81
225,002156#7,1,1,10,10,46
225,002156#8,1,1,10,10,34
225,002156#9,1,1,10,10,53
225,002207#0,1,1,10,10,11
225,002207#1,1,1,10,10,49
225,002235#3,1,1,10,10,36
225,002235#5,1,1,10,10,55
225,002235#6,1,1,6,10,17
225,002235#7,1,1,10,10,27
225,002235#10,1,1,10,10,10
225,002265#3,1,1,10,10,15
225,002265#4,1,1,10,10,13
225,002276#0,1,1,10,10,41
225,002276#1,1,1,10,10,18
225,002276#2,1,1,10,10,32
225,002276#3,1,1,10,10,53
225,002276#6,1,1,10,10,46
225,002331#2,1,1,10,10,49
225,002331#3,1,1,10,10,37
225,002331#4,1,1,10,10,75
225,002331#16,1,1,10,10,14
225,002331#18,1,1,8,10,21
225,002334#1,1,1,10,10,11
225,002334#8,1,1,10,10,56
225,002334#9,1,1,10,10,18
225,002338#0,1,1,10,10,62
225,002338#1,1,1,10,10,70
225,002338#4,1,1,10,10,73
225,002338#5,1,1,10,10,44
225,002357#0,1,1,10,10,23
225,002357#1,1,1,10,10,35
225,002357#2,1,1,10,10,72
225,002357#3,1,1,10,10,43
225,002359#0,1,1,10,10,29
225,002359#1,1,1,10,10,43
225,002359#2,1,1,10,10,45
225,002359#3,1,1,10,10,27
225,002378#0,1,1,10,10,34
225,002378#1,1,1,10,10,11
225,002378#3,1,1,10,10,66
225,002378#5,1,1,10,10,73
225,002378#6,1,1,10,10,19
225,002380#2,1,1,10,10,77
225,002380#3,1,1,10,10,55
225,002380#4,1,1,10,10,19
225,002380#5,1,1,8,10,8
225,002380#6,1,1,10,10,45
225,002380#7,1,1,10,10,14
225,002380#8,1,1,10,10,15
225,002380#9,1,1,10,10,25
225,002413#0,1,1,10,10,23
225,002517#1,1,1,10,10,48
225,002517#2,1,1,10,10,16
225,002517#4,1,1,9,10,23
225,002517#5,1,1,10,10,76
225,002584#4,1,1,5,10,11
225,002584#6,1,1,10,10,11
225,002625#6,1,1,10,10,17
225,002625#8,1,1,10,10,26
225,002625#10,1,1,10,10,27
225,002625#13,1,1,10,10,22
225,002625#14,1,1,10,10,73
225,002625#18,1,1,10,10,29
225,002625#19,1,1,10,10,13
225,002625#20,1,1,10,10,70
225,002625#21,1,1,10,10,82
225,002625#22,1,1,10,10,36
225,002625#23,1,1,10,10,34
225,002625#24,1,1,10,10,65
225,002625#25,1,1,10,10,11
225,002625#26,1,1,10,10,48
225,002625#27,1,1,2,10,25
225,002625#28,1,1,10,10,37
225,002625#29,1,1,10,10,63
225,002625#30,1,1,10,10,23
225,002625#31,1,1,10,10,34
225,002625#32,1,1,10,10,45
225,002625#33,1,1,10,10,12
225,002627#5,1,1,10,10,20
225,002627#7,1,1,10,10,17
225,002627#11,1,1,10,10,74
225,002627#12,1,1,10,10,32
225,002627#15,1,1,10,10,69
225,002627#17,1,1,10,10,73
225,002627#18,1,1,10,10,74
225,002627#19,1,1,10,10,18
225,002627#22,1,1,10,10,87
225,002627#23,1,1,10,10,71
225,002627#26,1,1,10,10,80
225,002627#27,1,1,10,10,81
225,002627#28,1,1,10,10,48
225,002627#30,1,1,10,10,39
225,002627#31,1,1,10,10,50
225,002627#32,1,1,10,10,55
225,002671#7,1,1,10,10,51
225,002671#9,1,1,10,10,25
225,002671#11,1,1,10,10,39
225,002671#12,1,1,10,10,63
225,002671#13,1,1,10,10,45
225,002671#14,1,1,10,10,30
225,002671#15,1,1,10,10,30
225,002671#16,1,1,10,10,18
225,002671#17,1,1,10,10,45
225,002671#18,1,1,10,10,18
225,002671#19,1,1,10,10,57
225,002671#20,1,1,10,10,46
225,002671#21,1,1,10,10,23
225,002671#22,1,1,10,10,23
225,002671#23,1,1,10,10,46
225,002671#24,1,1,10,10,59
225,002677#0,1,1,10,10,63
225,002677#1,1,1,10,10,40
225,002677#16,1,1,10,10,14
225,002677#17,1,1,10,10,24
225,002677#18,1,1,10,10,76
225,002707#11,1,1,10,10,22
225,002707#12,1,1,10,10,25
225,002707#13,1,1,10,10,62
225,002750#1,1,1,10,10,15
225,002750#4,1,1,10,10,42
225,002750#12,1,1,10,10,13
225,002750#13,1,1,10,10,12
225,002750#14,1,1,10,10,10
225,002750#16,1,1,8,10,8
225,002750#18,1,1,10,10,14
225,002750#19,1,1,10,10,22
225,002750#20,1,1,10,10,28
225,002750#21,1,1,10,10,28
225,002750#22,1,1,10,10,53
225,002750#23,1,1,10,10,25
225,002750#25,1,1,10,10,51
225,002762#1,1,1,10,10,17
225,002839#1,1,1,10,10,21
225,002839#2,1,1,10,10,25
225,002839#3,1,1,10,10,48
225,002839#4,1,1,10,10,31
225,002842#3,1,1,10,10,25
225,002842#4,1,1,10,10,21
225,002844#1,1,1,10,10,42
225,002844#2,1,1,10,10,21
225,002844#3,1,1,10,10,38
225,002935#0,1,1,10,10,17
225,002935#1,1,1,10,10,13
225,002955#0,1,1,10,10,72
225,002955#1,1,1,10,10,47
225,002955#4,1,1,10,10,32
225,002955#5,1,1,10,10,21
225,002955#6,1,1,10,10,37
225,002955#7,1,1,10,10,68
225,002955#8,1,1,10,10,61
225,002955#9,1,1,10,10,11
225,002955#10,1,1,10,10,42
225,002955#11,1,1,10,10,42
225,002955#12,1,1,10,10,57
225,002955#13,1,1,10,10,67
225,002955#14,1,1,10,10,73
225,002955#16,1,1,10,10,49
225,002955#17,1,1,10,10,81
225,002955#20,1,1,10,10,15
225,002955#23,1,1,10,10,29
225,002955#24,1,1,7,10,7
225,002987#0,1,1,10,10,16
225,002987#1,1,1,9,10,9
225,002987#2,1,1,10,10,23
225,002987#3,1,1,10,10,14
225,002987#4,1,1,10,10,34
225,002987#6,1,1,10,10,64
225,002987#7,1,1,10,10,73
225,002987#8,1,1,10,10,28
225,002987#9,1,1,10,10,14
225,002987#10,1,1,10,10,15
225,002987#11,1,1,10,10,15
225,002987#12,1,1,8,10,8
225,002987#13,1,1,10,10,34
225,002987#14,1,1,10,10,20
225,002987#15,1,1,10,10,37
225,003007#6,1,1,9,10,9
225,003007#8,1,1,10,10,41
225,003007#9,1,1,10,10,24
225,003013#6,1,1,10,10,20
225,003017#4,1,1,10,10,12
225,003026#4,1,1,10,10,17
225,003056#1,1,1,10,10,24
225,003056#2,1,1,10,10,15
225,003056#3,1,1,10,10,15
225,003056#4,1,1,10,10,11
225,003056#7,1,1,10,10,38
225,003056#8,1,1,8,10,9
225,003056#9,1,1,10,10,27
225,003056#10,1,1,10,10,18
225,003056#11,1,1,10,10,61
225,003148#0,1,1,10,10,61
225,003148#2,1,1,10,10,63
225,003148#3,1,1,10,10,42
225,003148#6,1,1,10,10,47
225,003148#7,1,1,7,10,8
225,003148#8,1,1,7,10,8
225,003160#0,1,1,10,10,42
225,003160#1,1,1,10,10,28
225,003160#2,1,1,10,10,31
225,003160#3,1,1,7,10,27
225,003160#4,1,1,6,10,31
225,003160#5,1,1,10,10,84
225,003160#7,1,1,10,10,37
225,003160#8,1,1,10,10,69
225,003160#9,1,1,10,10,19
225,003160#11,1,1,10,10,78
225,003160#13,1,1,10,10,37
225,003160#14,1,1,10,10,11
225,003160#15,1,1,10,10,55
225,003160#17,1,1,10,10,43
225,003160#18,1,1,10,10,72
225,003160#19,1,1,10,10,26
225,003160#20,1,1,10,10,18
225,003160#21,1,1,10,10,46
225,003198#1,1,1,10,10,64
225,003198#4,1,1,10,10,42
225,003257#5,1,1,10,10,58
225,003262#0,1,1,10,10,28
225,003262#1,1,1,10,10,31
225,003262#4,1,1,10,10,27
225,003262#14,1,1,10,10,10
225,003262#16,1,1,9,10,10
225,003262#17,1,1,10,10,14
225,003262#21,1,1,9,10,16
225,003262#23,1,1,10,10,22
225,003262#24,1,1,10,10,18
225,003262#28,1,1,10,10,50
225,003262#29,1,1,4,10,7
225,003262#30,1,1,10,10,73
225,003273#1,1,1,10,10,73
225,003273#3,1,1,10,10,68
225,003273#4,1,1,10,10,45
225,003273#5,1,1,10,10,12
225,003273#6,1,1,10,10,87
225,003273#8,1,1,10,10,35
225,003273#9,1,1,10,10,19
225,003273#10,1,1,10,10,42
225,003273#11,1,1,10,10,17
225,003273#13,1,1,10,10,20
225,003288#0,1,1,10,10,74
225,003288#3,1,1,10,10,37
225,003288#4,1,1,10,10,27
225,003288#5,1,1,10,10,20
225,003288#6,1,1,10,10,20
225,003288#7,1,1,10,10,16
225,003288#8,1,1,10,10,14
225,003288#9,1,1,10,10,16
225,003288#10,1,1,10,10,18
225,003288#11,1,1,10,10,14
225,003288#12,1,1,10,10,27
225,003288#13,1,1,10,10,33
225,003288#14,1,1,10,10,13
225,003288#16,1,1,10,10,21
225,003288#18,1,1,10,10,69
225,003304#0,1,1,10,10,42
225,003304#1,1,1,10,10,36
225,003304#2,1,1,10,10,14
225,003304#3,1,1,10,10,48
225,003304#4,1,1,10,10,20
225,003304#8,1,1,10,10,25
225,003304#9,1,1,10,10,41
225,003304#11,1,1,10,10,42
225,003304#12,1,1,10,10,30
225,003304#13,1,1,10,10,13
225,003317#1,1,1,10,10,29
225,003317#2,1,1,10,10,26
225,003317#3,1,1,10,10,29
225,003317#5,1,1,10,10,50
225,003317#6,1,1,10,10,23
225,003317#7,1,1,10,10,27
225,003317#8,1,1,10,10,49
225,003317#9,1,1,10,10,30
225,003317#12,1,1,10,10,12
225,003317#14,1,1,10,10,55
225,003317#15,1,1,9,10,70
225,003317#16,1,1,10,10,43
225,003348#0,1,1,10,10,30
225,003353#0,1,1,10,10,14
225,003408#1,1,1,10,10,22
225,003411#0,1,1,10,10,41
225,003411#1,1,1,10,10,52
225,003411#2,1,1,10,10,57
225,003411#3,1,1,10,10,50
225,003419#0,1,1,10,10,84
225,003419#5,1,1,10,10,22
225,003419#13,1,1,10,10,24
225,003419#14,1,1,10,10,30
225,003419#17,1,1,5,10,30
225,003419#18,1,1,10,10,34
225,003419#19,1,1,10,10,18
225,003419#21,1,1,10,10,36
225,003425#5,1,1,10,10,17
225,003425#6,1,1,10,10,13
225,003425#7,1,1,10,10,11
225,003425#10,1,1,10,10,18
225,003425#12,1,1,10,10,44
225,003425#13,1,1,10,10,46
225,003460#0,1,1,10,10,26
225,003460#1,1,1,10,10,64
225,003460#3,1,1,10,10,80
225,003460#5,1,1,10,10,25
225,003460#6,1,1,10,10,73
225,003472#0,1,1,10,10,31
225,003472#1,1,1,10,10,68
225,003472#2,1,1,10,10,20
225,003472#3,1,1,10,10,71
225,003475#1,1,1,10,10,41
225,003475#2,1,1,10,10,22
225,003475#3,1,1,10,10,51
225,003475#5,1,1,10,10,46
225,003475#6,1,1,10,10,70
225,003475#10,1,1,10,10,21
225,003475#11,1,1,10,10,31
225,003487#0,1,1,10,10,53
225,003487#2,1,1,10,10,62
225,003489#0,1,1,10,10,24
225,003489#2,1,1,10,10,31
225,003489#3,1,1,10,10,55
225,003489#4,1,1,10,10,25
225,003489#5,1,1,10,10,35
225,003489#9,1,1,10,10,26
225,003489#14,1,1,10,10,37
225,003526#0,1,1,10,10,18
225,003526#3,1,1,10,10,13
225,003532#0,1,1,10,10,18
225,003532#1,1,1,10,10,42
225,003546#0,1,1,10,10,27
225,003546#1,1,1,10,10,28
225,003546#2,1,1,10,10,37
225,003592#0,1,1,10,10,23
225,003592#1,1,1,10,10,23
225,003592#2,1,1,10,10,31
225,003592#3,1,1,10,10,20
225,003595#3,1,1,10,10,27
225,003595#4,1,1,10,10,30
225,003595#5,1,1,10,10,21
225,003595#6,1,1,10,10,46
225,003603#3,1,1,10,10,32
225,003653#3,1,1,10,10,15
225,003653#5,1,1,10,10,20
225,003653#6,1,1,10,10,18
225,003653#7,1,1,10,10,14
225,003653#8,1,1,10,10,11
225,003653#9,1,1,10,10,12
225,003653#11,1,1,10,10,36
225,003653#12,1,1,10,10,51
225,003653#14,1,1,8,10,8
225,003653#16,1,1,9,10,9
225,003653#17,1,1,10,10,26
225,003653#18,1,1,8,10,8
225,003679#4,1,1,10,10,50
225,003679#5,1,1,10,10,27
225,003679#7,1,1,10,10,25
225,003679#8,1,1,10,10,32
225,003703#0,1,1,10,10,50
225,003739#0,1,1,10,10,30
225,003739#1,1,1,10,10,35
225,003739#2,1,1,10,10,17
225,003739#3,1,1,10,10,11
225,003739#5,1,1,10,10,16
225,003739#6,1,1,6,10,12
225,003739#7,1,1,10,10,26
225,003739#8,1,1,10,10,16
225,003757#0,1,1,10,10,76
225,003757#7,1,1,10,10,27
225,003757#8,1,1,9,10,10
225,003757#10,1,1,10,10,21
225,003757#14,1,1,10,10,13
225,003757#15,1,1,10,10,15
225,003757#16,1,1,9,10,11
225,003769#0,1,1,10,10,56
225,003838#0,1,1,10,10,72
225,003863#1,1,1,10,10,21
225,003863#3,1,1,10,10,17
225,003863#5,1,1,10,10,33
225,003863#7,1,1,10,10,24
225,003863#9,1,1,10,10,13
225,003863#10,1,1,10,10,12
225,003863#11,1,1,10,10,18
225,003895#2,1,1,10,10,55
225,003896#0,1,1,10,10,43
225,003896#1,1,1,10,10,19
225,003902#0,1,1,10,10,41
225,003902#1,1,1,10,10,15
225,003902#3,1,1,10,10,18
225,003902#4,1,1,10,10,30
225,003902#5,1,1,10,10,18
225,003902#6,1,1,10,10,41
225,003904#0,1,1,10,10,33
225,003904#1,1,1,10,10,19
225,003941#0,1,1,10,10,27
225,003941#1,1,1,10,10,17
225,003941#3,1,1,8,10,12
225,003941#5,1,1,10,10,25
225,003941#7,1,1,10,10,20
225,003941#8,1,1,10,10,26
225,003941#10,1,1,10,10,17
225,003941#11,1,1,10,10,26
225,003941#12,1,1,10,10,17
225,003941#13,1,1,10,10,20
225,003941#14,1,1,10,10,18
225,003941#15,1,1,10,10,22
225,003941#16,1,1,10,10,69
225,003941#20,1,1,10,10,10
225,003941#21,1,1,10,10,25
225,003941#22,1,1,10,10,13
225,003941#24,1,1,10,10,37
225,003941#25,1,1,10,10,18
225,003941#26,1,1,10,10,21
225,003941#27,1,1,10,10,18
225,003941#29,1,1,10,10,17
225,003941#30,1,1,10,10,34
225,003982#5,1,1,10,10,26
225,003982#6,1,1,10,10,15
225,003982#8,1,1,10,10,13
225,003982#11,1,1,10,10,19
225,003982#14,1,1,10,10,29
225,003982#19,1,1,7,10,9
225,003982#20,1,1,5,10,10
225,003982#23,1,1,10,10,25
225,003982#24,1,1,10,10,10
225,003982#30,1,1,10,10,12
225,003982#32,1,1,10,10,14
225,003982#34,1,1,10,10,11
225,003982#36,1,1,4,10,46
225,003982#41,1,1,9,10,10
225,003982#42,1,1,10,10,11
225,003982#43,1,1,10,10,13
225,003982#47,1,1,10,10,57
225,003982#48,1,1,10,10,16
225,003982#49,1,1,10,10,69
225,003982#50,1,1,10,10,34
225,003982#53,1,1,6,10,10
225,003982#57,1,1,10,10,18
225,003982#58,1,1,10,10,18
225,003982#60,1,1,10,10,16
225,003982#61,1,1,10,10,15
225,003982#62,1,1,10,10,17
225,003987#5,1,1,10,10,32
225,003987#6,1,1,10,10,28
225,003987#10,1,1,10,10,66
225,003987#11,1,1,10,10,71
225,003987#15,1,1,10,10,33
225,003987#16,1,1,10,10,42
225,003987#23,1,1,8,10,11
225,003987#27,1,1,10,10,11
225,003987#35,1,1,10,10,26
225,003987#38,1,1,10,10,19
225,003987#39,1,1,10,10,17
225,003987#40,1,1,10,10,16
225,003987#41,1,1,10,10,13
225,003987#43,1,1,10,10,10
225,003987#46,1,1,8,10,8
225,003987#47,1,1,10,10,15
225,003987#49,1,1,10,10,12
225,003987#50,1,1,10,10,15
225,003987#51,1,1,10,10,15
225,003987#52,1,1,10,10,10
225,003987#53,1,1,10,10,19
225,003987#55,1,1,10,10,31
225,hehe_173_000002_024_00000105#2,1,1,2,10,11
225,hehe_173_000002_024_00000105#4,1,1,5,10,11
225,hehe_173_000002_024_00000105#6,1,1,10,10,23
225,hehe_173_000002_024_00000105#7,1,1,10,10,15
225,hehe_173_000002_024_00000105#9,1,1,10,10,31
225,hehe_173_000002_024_00000105#10,1,1,10,10,25
225,hehe_173_000002_024_00000105#11,1,1,10,10,11
225,hehe_173_000002_024_00000105#13,1,1,10,10,31
225,hehe_173_000002_024_00000105#15,1,1,10,10,76
225,hehe_186_000002_028_00000050#1,1,1,10,10,77
225,hehe_22_00000004#0,1,1,10,10,29
225,hehe_22_00000004#2,1,1,10,10,23
225,hehe_22_00000004#4,1,1,10,10,69
225,hehe_22_00000004#6,1,1,10,10,57
225,hehe_22_00000004#7,1,1,10,10,70
225,hehe_22_00000004#9,1,1,6,10,11
225,hehe_230_000002_043_00000061#1,1,1,10,10,69
225,hehe_230_000002_043_00000061#6,1,1,10,10,62
225,hehe_230_000002_043_00000061#7,1,1,10,10,58
225,hehe_230_000002_043_00000061#10,1,1,10,10,31
225,hehe_230_000002_043_00000061#11,1,1,10,10,37
225,hehe_230_000002_043_00000061#13,1,1,10,10,19
225,hehe_230_000002_043_00000061#14,1,1,8,10,12
225,hehe_232_000002_043_00000181#0,1,1,8,10,8
225,hehe_232_000002_043_00000181#1,1,1,10,10,22
225,hehe_232_000002_043_00000181#2,1,1,10,10,57
225,hehe_232_000002_043_00000181#3,1,1,10,10,36
225,hehe_232_000002_043_00000181#8,1,1,10,10,57
225,hehe_274_000002_060_00000105#1,1,1,10,10,67
225,hehe_274_000002_060_00000105#5,1,1,10,10,28
225,hehe_274_000002_060_00000105#6,1,1,10,10,11
225,hehe_40_00000033#1,1,1,10,10,26
225,hehe_40_00000033#2,1,1,10,10,46
225,hehe_40_00000033#3,0,1,0,10,40
225,hehe_40_00000033#5,1,1,10,10,40
225,hehe_45_00000001#2,1,1,10,10,42
225,hehe_45_00000001#4,1,1,10,10,28
225,hehe_45_00000001#5,1,1,10,10,49
225,hehe_45_00000001#6,1,1,10,10,40
225,hehe_45_00000001#7,1,1,10,10,60
225,hehe_45_00000001#8,1,1,10,10,34
225,hehe_45_00000001#9,1,1,10,10,46
225,hehe_52_00000107#0,1,1,10,10,19
225,hehe_52_00000107#1,1,1,8,10,8
225,hehe_61_00000090#2,1,1,10,10,76
225,hehe_61_00000090#3,1,1,10,10,39
225,hehe_61_00000090#4,1,1,10,10,20
225,hehe_61_00000090#9,1,1,10,10,64
225,hehe_61_00000090#10,1,1,10,10,50
225,hehe_61_00000090#11,1,1,10,10,84
225,hehe_65_00000229#2,1,1,10,10,59
225,hehe_65_00000229#3,1,1,10,10,32
225,hehe_65_00000229#4,1,1,10,10,30
225,hehe_65_00000229#6,1,1,10,10,16
225,hehe_65_00000229#7,1,1,10,10,21
225,hehe_6_00000054#0,1,1,9,10,12
225,hehe_6_00000054#2,1,1,10,10,35
225,hehe_6_00000054#3,1,1,10,10,32
225,hehe_6_00000054#4,1,1,10,10,27
225,hehe_6_00000054#6,1,1,10,10,76
225,hehe_6_00000054#13,1,1,10,10,74
225,hehe_6_00000054#16,1,1,10,10,32
225,hehe_6_00000054#17,1,1,10,10,38
225,hehe_86_00000253#0,1,1,10,10,45
225,hehe_86_00000253#3,1,1,10,10,58
225,hehe_87_00000315#1,1,1,10,10,39
225,hehe_87_00000315#2,1,1,10,10,40
225,hehe_87_00000315#3,1,1,10,10,33
225,hehe_87_00000315#4,1,1,10,10,20
225,hehe_87_00000315#5,1,1,10,10,30
225,hehe_87_00000315#6,1,1,5,10,14
225,shuming_1007_00000230#0,1,1,10,10,38
225,shuming_1007_00000230#3,1,1,10,10,43
225,shuming_1007_00000230#4,1,1,3,10,36
225,shuming_1007_00000230#5,1,1,10,10,46
225,shuming_1007_00000230#7,1,1,10,10,63
225,shuming_1007_00000230#10,1,1,10,10,62
225,shuming_1007_00000230#11,1,1,10,10,39
225,shuming_1007_00000230#12,1,1,11,10,34
225,shuming_1007_00000230#13,1,1,9,10,10
225,shuming_1007_00000230#14,1,1,6,10,7
225,shuming_1007_00000230#15,1,1,10,10,79
225,shuming_1007_00000230#16,1,1,10,10,47
225,shuming_1007_00000230#17,1,1,10,10,19
225,shuming_1007_00000230#18,1,1,10,10,13
225,shuming_1007_00000230#20,1,1,10,10,20
225,shuming_1007_00000230#21,1,1,10,10,69
225,shuming_1007_00000230#22,1,1,10,10,27
225,shuming_1007_00000230#23,1,1,10,10,22
225,shuming_1013_00000065#0,1,1,10,10,87
225,shuming_1013_00000065#1,1,1,10,10,41
225,shuming_1013_00000065#3,1,1,10,10,26
225,shuming_1028_00000411#3,1,1,10,10,55
225,shuming_1028_00000411#4,1,1,10,10,10
225,shuming_1028_00000411#5,1,1,10,10,15
225,shuming_1064_00000087#0,1,1,10,10,34
225,shuming_1064_00000087#1,1,1,10,10,55
225,shuming_1064_00000087#2,1,1,10,10,56
225,shuming_1064_00000087#3,1,1,10,10,72
225,shuming_1064_00000087#4,1,1,10,10,69
225,shuming_1064_00000087#6,1,1,10,10,26
225,shuming_1064_00000087#7,1,1,10,10,54
225,shuming_1064_00000087#8,1,1,10,10,86
225,shuming_1076_00000257#1,1,1,10,10,31
225,shuming_1076_00000257#2,1,1,10,10,29
225,shuming_1076_00000257#3,1,1,10,10,20
225,shuming_1076_00000257#4,1,1,10,10,19
225,shuming_1076_00000257#5,1,1,10,10,23
225,shuming_1079_00000233#3,1,1,10,10,18
225,shuming_1079_00000233#4,1,1,10,10,12
225,shuming_1079_00000233#6,1,1,10,10,35
225,shuming_1080_00000016#0,1,1,10,10,72
225,shuming_1080_00000016#4,1,1,10,10,10
225,shuming_1132_00000385#2,1,1,10,10,29
225,shuming_1132_00000385#3,1,1,10,10,32
225,shuming_1132_00000385#4,1,1,7,10,25
225,shuming_1135_00000213#0,1,1,10,10,76
225,shuming_1148_00000041#0,1,1,10,10,74
225,shuming_1157_00000010#0,1,1,10,10,72
225,shuming_1157_00000010#1,1,1,10,10,32
225,shuming_1157_00000010#2,1,1,10,10,18
225,shuming_1180_00000231#3,1,1,10,10,49
225,shuming_24_00000001#0,1,1,10,10,40
225,shuming_24_00000001#1,1,1,10,10,62
225,shuming_340_00000020#1,1,1,10,10,21
225,shuming_340_00000020#19,1,1,10,10,11
225,shuming_340_00000020#22,1,1,7,10,7
225,shuming_340_00000020#23,1,1,10,10,12
225,shuming_340_00000020#26,1,1,9,10,9
225,shuming_340_00000020#30,1,1,9,10,9
225,shuming_340_00000020#31,1,1,10,10,12
225,shuming_340_00000020#38,1,1,10,10,10
225,shuming_35_00000199#0,1,1,10,10,73
225,shuming_35_00000199#3,1,1,10,10,36
225,shuming_35_00000199#4,1,1,10,10,26
225,shuming_35_00000199#5,1,1,3,10,87
225,shuming_35_00000199#6,1,1,9,10,18
225,shuming_35_00000199#8,1,1,10,10,14
225,shuming_35_00000199#9,1,1,8,10,8
225,shuming_35_00000199#11,1,1,10,10,39
225,shuming_410_00000037#0,1,1,6,10,7
225,shuming_410_00000037#9,1,1,10,10,45
225,shuming_461_00000082#0,1,1,10,10,53
225,shuming_461_00000082#2,1,1,10,10,42
225,shuming_461_00000082#3,1,1,10,10,31
225,shuming_461_00000082#4,1,1,10,10,14
225,shuming_461_00000082#5,1,1,10,10,11
225,shuming_465_00000030#0,1,1,10,10,10
225,shuming_465_00000030#2,1,1,10,10,56
225,shuming_465_00000030#3,1,1,10,10,15
225,shuming_470_00000057#3,1,1,10,10,43
225,shuming_470_00000057#4,1,1,10,10,23
225,shuming_482_00000018#3,1,1,10,10,53
225,shuming_482_00000018#4,1,1,10,10,44
225,shuming_482_00000018#5,1,1,10,10,62
225,shuming_485_00000027#3,1,1,10,10,16
225,shuming_485_00000027#4,1,1,10,10,52
225,shuming_503_00000052#0,1,1,10,10,32
225,shuming_503_00000052#1,1,1,10,10,26
225,shuming_562_00000223#2,1,1,10,10,76
225,shuming_571_00000215#0,1,1,10,10,56
225,shuming_571_00000215#1,1,1,10,10,46
225,shuming_574_00000017#0,1,1,10,10,63
225,shuming_608_00000031#1,1,1,10,10,19
225,shuming_608_00000031#2,1,1,10,10,30
225,shuming_608_00000031#3,1,1,10,10,35
225,shuming_608_00000031#4,1,1,10,10,11
225,shuming_610_00000148#0,1,1,10,10,50
225,shuming_63_00000393#3,1,1,10,10,15
225,shuming_63_00000393#4,1,1,10,10,17
225,shuming_63_00000393#5,1,1,8,10,9
225,shuming_63_00000393#6,1,1,10,10,23
225,shuming_63_00000393#7,1,1,10,10,21
225,shuming_63_00000393#8,1,1,10,10,23
225,shuming_63_00000393#9,1,1,10,10,20
225,shuming_663_00000328#2,1,1,10,10,50
225,shuming_663_00000328#3,1,1,10,10,40
225,shuming_67_00000001#1,1,1,10,10,55
225,shuming_67_00000001#2,1,1,10,10,18
225,shuming_698_00000001#0,1,1,10,10,11
225,shuming_698_00000001#1,1,1,3,10,13
225,shuming_698_00000001#2,1,1,10,10,17
225,shuming_698_00000001#3,1,1,10,10,20
225,shuming_698_00000001#4,1,1,10,10,15
225,shuming_698_00000001#5,1,1,10,10,14
225,shuming_698_00000001#7,1,1,10,10,26
225,shuming_698_00000001#8,1,1,10,10,17
225,shuming_698_00000001#9,1,1,10,10,14
225,shuming_698_00000001#10,1,1,10,10,13
225,shuming_698_00000001#11,1,1,10,10,13
225,shuming_698_00000001#12,1,1,10,10,15
225,shuming_698_00000001#13,1,1,10,10,14
225,shuming_698_00000001#14,1,1,10,10,12
225,shuming_698_00000001#15,1,1,10,10,15
225,shuming_698_00000001#16,1,1,10,10,15
225,shuming_698_00000001#17,1,1,10,10,23
225,shuming_698_00000001#18,1,1,10,10,18
225,shuming_698_00000001#19,1,1,10,10,19
225,shuming_698_00000001#20,1,1,10,10,22
225,shuming_698_00000001#21,1,1,10,10,24
225,shuming_698_00000001#22,1,1,10,10,18
225,shuming_698_00000001#23,1,1,10,10,35
225,shuming_698_00000001#25,1,1,10,10,64
225,shuming_706_00000375#0,1,1,10,10,41
225,shuming_706_00000375#2,1,1,10,10,32
225,shuming_706_00000375#3,1,1,8,10,17
225,shuming_706_00000375#4,1,1,10,10,52
225,shuming_72_00000270#19,1,1,10,10,54
225,shuming_72_00000270#20,1,1,10,10,22
225,shuming_72_00000270#22,1,1,10,10,48
225,shuming_72_00000270#24,1,1,10,10,20
225,shuming_731_00000492#0,1,1,10,10,32
225,shuming_731_00000492#1,1,1,10,10,26
225,shuming_731_00000492#3,1,1,10,10,60
225,shuming_731_00000492#5,1,1,10,10,69
225,shuming_753_00000172#0,1,1,10,10,12
225,shuming_758_00000371#0,1,1,10,10,52
225,shuming_763_00000009#2,1,1,10,10,15
225,shuming_774_00000273#3,1,1,10,10,63
225,shuming_774_00000273#5,1,1,10,10,31
225,shuming_779_00000254#1,1,1,10,10,63
225,shuming_779_00000254#5,1,1,10,10,80
225,shuming_783_00000248#0,1,1,10,10,81
225,shuming_783_00000248#2,1,1,10,10,66
225,shuming_793_00000117#2,1,1,10,10,31
225,shuming_825_00000172#1,1,1,10,10,13
225,shuming_825_00000172#2,1,1,7,10,7
225,shuming_825_00000172#3,1,1,10,10,16
225,shuming_826_00000213#1,1,1,10,10,14
225,shuming_826_00000213#2,1,1,10,10,18
225,shuming_826_00000213#3,1,1,9,10,9
225,shuming_85_00000273#4,1,1,10,10,11
225,shuming_987_00000275#1,1,1,10,10,41
225,shuming_987_00000275#2,1,1,10,10,23
225,shuming_987_00000275#3,1,1,10,10,19
225,shuming_987_00000275#4,1,1,10,10,21
225,shuming_987_00000275#5,1,1,10,10,10
250,00000045#1,1,1,10,10,242
250,00000045#2,1,1,10,10,88
250,00000045#3,1,1,10,10,105
250,00000045#6,1,1,10,10,286
250,00000045#7,1,1,10,10,279
250,00000057#1,1,1,10,10,225
250,00000057#2,1,1,10,10,88
250,00000057#3,1,1,10,10,111
250,00000057#5,1,1,10,10,133
250,00000063#1,1,1,10,10,279
250,00000063#2,1,1,10,10,90
250,00000063#3,1,1,10,10,107
250,00000063#5,1,1,10,10,208
250,00000095#1,1,1,10,10,279
250,00000095#2,1,1,10,10,114
250,00000095#3,1,1,10,10,105
250,00000106#1,1,1,10,10,245
250,00000106#2,1,1,10,10,135
250,00000106#3,1,1,10,10,122
250,00000106#5,1,1,10,10,157
250,00000123#1,1,1,10,10,196
250,00000123#2,1,1,10,10,87
250,00000123#3,1,1,10,10,190
250,00000123#5,1,1,10,10,108
250,00000171#0,1,1,10,10,120
250,00000180#0,1,1,10,10,136
250,00000234#1,1,1,10,10,108
250,00000257#0,1,1,10,10,93
250,00000271#0,1,1,10,10,118
250,00000271#1,1,1,10,10,132
250,00000273#0,1,1,10,10,84
250,00000273#1,1,1,10,10,99
250,000002_080_00000048#0,1,1,10,10,69
250,000002_083_00000169#0,1,1,10,10,14
250,000002_083_00000169#1,1,1,10,10,26
250,000002_083_00000169#2,1,1,10,10,36
250,00000346#0,1,1,10,10,381
250,00000364#0,1,1,10,10,210
250,00000396#0,1,1,10,10,111
250,00000399#0,1,1,10,10,82
250,000003_081_00000171#10,1,1,10,10,76
250,000003_081_00000171#11,1,1,10,10,82
250,00000426#0,1,1,10,10,653
250,00000506#0,1,1,10,10,117
250,000005_004_00000286#4,1,1,10,10,62
250,000005_006_00000001#1,1,1,10,10,68
250,000005_006_00000001#2,1,1,7,10,25
250,000005_019_00000209#0,1,1,10,10,43
250,000005_019_00000209#1,1,1,10,10,31
250,000005_019_00000209#2,1,1,10,10,59
250,000005_027_00000493#1,1,1,10,10,34
250,000005_027_00000493#2,1,1,10,10,38
250,000005_027_00000493#3,1,1,10,10,49
250,000005_027_00000493#4,1,1,10,10,21
250,000005_027_00000493#5,1,1,10,10,25
250,000005_027_00000493#6,1,1,10,10,20
250,000005_027_00000493#7,1,1,10,10,26
250,000005_027_00000493#8,1,1,10,10,74
250,000005_028_00000001#2,1,1,10,10,77
250,000005_028_00000163#2,1,1,10,10,31
250,00000618#2,1,1,10,10,101
250,000006_010_00000389#4,1,1,10,10,58
250,000006_011_00000307#3,1,1,10,10,25
250,000006_011_00000409#8,1,1,10,10,40
250,000006_011_00000409#10,1,1,10,10,54
250,000006_012_00000001#3,1,1,10,10,38
250,000006_012_00000001#6,1,1,10,10,63
250,000006_012_00000001#11,1,1,10,10,69
250,000006_012_00000001#12,1,1,10,10,33
250,000008_003_00000235#1,1,1,10,10,76
250,000008_003_00000235#2,1,1,10,10,59
250,000008_003_00000235#3,1,1,10,10,81
250,000008_003_00000235#4,1,1,10,10,66
250,000008_003_00000235#5,1,1,10,10,68
250,000008_003_00000235#10,1,1,10,10,68
250,000008_003_00000235#11,1,1,10,10,16
250,000008_003_00000352#1,1,1,10,10,66
250,000008_003_00000352#3,1,1,10,10,80
250,000008_003_00000352#5,1,1,10,10,74
250,000008_003_00000352#7,1,1,10,10,75
250,000008_003_00000352#8,1,1,10,10,75
250,000008_003_00000352#9,1,1,10,10,76
250,000008_003_00000352#10,1,1,10,10,64
250,000008_003_00000352#12,1,1,10,10,74
250,000008_003_00000352#13,1,1,10,10,16
250,000008_003_00000469#0,1,1,10,10,85
250,000008_003_00000469#1,1,1,10,10,70
250,000008_003_00000469#2,1,1,10,10,67
250,000008_003_00000469#3,1,1,10,10,78
250,000008_003_00000469#4,1,1,10,10,85
250,000008_003_00000469#6,1,1,10,10,89
250,000008_003_00000469#9,1,1,10,10,31
250,000008_003_00000469#10,1,1,10,10,18
250,000008_004_00000665#2,1,1,10,10,34
250,000008_004_00000665#4,1,1,10,10,39
250,000008_004_00000665#11,1,1,10,10,52
250,000008_004_00000665#12,1,1,10,10,63
250,000008_004_00000665#13,1,1,10,10,37
250,000008_013_00000195#1,1,1,10,10,66
250,000008_013_00000195#2,1,1,10,10,60
250,000008_042_00000273#1,1,1,10,10,40
250,000008_045_00000001#0,1,1,10,10,48
250,000008_045_00000001#2,1,1,10,10,70
250,000008_045_00000001#3,1,1,10,10,14
250,000008_045_00000157#0,1,1,10,10,80
250,000008_045_00000157#4,1,1,10,10,17
250,000008_048_00000361#3,1,1,10,10,42
250,000008_048_00000361#4,1,1,10,10,36
250,000008_048_00000361#5,1,1,9,10,29
250,000009_008_00000241#3,1,1,10,10,78
250,000009_008_00000241#5,1,1,10,10,69
250,000009_008_00000241#6,1,1,10,10,29
250,000009_008_00000241#7,1,1,10,10,76
250,000009_008_00000241#9,1,1,10,10,84
250,000009_033_00000333#1,1,1,10,10,16
250,000009_033_00000333#2,1,1,10,10,38
250,000009_033_00000333#3,1,1,10,10,38
250,000009_033_00000333#4,1,1,10,10,36
250,000009_033_00000333#6,1,1,10,10,51
250,000012_008_00000163#3,1,1,10,10,67
250,000012_008_00000163#4,1,1,10,10,55
250,000012_008_00000163#5,1,1,10,10,48
250,000012_008_00000163#6,1,1,10,10,60
250,000012_008_00000163#8,1,1,10,10,74
250,000012_008_00000163#10,1,1,10,10,17
250,000012_008_00000163#11,1,1,10,10,26
250,000012_008_00000163#12,1,1,10,10,27
250,000012_008_00000163#13,1,1,10,10,15
250,000012_008_00000163#14,1,1,10,10,11
250,000012_009_00000244#1,1,1,10,10,71
250,000012_009_00000244#3,1,1,10,10,68
250,000012_009_00000244#4,1,1,10,10,40
250,000012_009_00000244#5,1,1,10,10,45
250,000012_009_00000244#6,1,1,10,10,21
250,000012_009_00000244#7,1,1,10,10,13
250,000012_009_00000244#8,1,1,10,10,12
250,000012_009_00000244#9,1,1,10,10,14
250,000012_009_00000244#10,1,1,10,10,34
250,000012_009_00000244#11,1,1,10,10,18
250,000012_009_00000244#12,1,1,10,10,18
250,000012_009_00000244#13,1,1,10,10,19
250,000012_009_00000244#14,1,1,8,10,8
250,000012_009_00000325#3,1,1,10,10,82
250,000012_009_00000325#4,1,1,10,10,36
250,000012_009_00000325#5,1,1,10,10,43
250,000012_009_00000325#6,1,1,10,10,28
250,000012_009_00000325#7,1,1,10,10,17
250,000012_009_00000325#8,1,1,10,10,16
250,000012_009_00000325#9,1,1,8,10,8
250,000012_009_00000325#11,1,1,10,10,28
250,000012_009_00000325#12,1,1,10,10,15
250,000012_009_00000325#14,1,1,10,10,22
250,000012_009_00000325#15,1,1,3,10,19
250,000012_009_00000325#16,1,1,10,10,35
250,000012_014_00000184#0,1,1,10,10,33
250,000012_014_00000184#1,1,1,10,10,55
250,000012_014_00000184#3,1,1,10,10,26
250,000012_019_00000151#1,1,1,10,10,59
250,000012_019_00000151#2,1,1,10,10,14
250,000012_019_00000151#4,1,1,10,10,21
250,000012_019_00000151#5,1,1,10,10,14
250,000012_022_00000090#0,1,1,10,10,64
250,000012_022_00000090#1,1,1,10,10,23
250,000012_025_00000313#1,1,1,10,10,11
250,000012_025_00000313#2,1,1,10,10,11
250,000012_025_00000313#3,1,1,10,10,13
250,000012_025_00000313#4,1,1,7,10,7
250,000012_025_00000313#5,1,1,10,10,13
250,000012_025_00000313#6,1,1,8,10,8
250,000012_028_00000250#0,1,1,10,10,64
250,000012_028_00000250#1,1,1,10,10,56
250,000013_001_00000001#1,1,1,10,10,33
250,000013_001_00000001#2,1,1,10,10,34
250,000013_001_00000001#3,1,1,10,10,31
250,000013_002_00000281#1,1,1,10,10,31
250,000013_002_00000281#2,1,1,10,10,36
250,000013_002_00000281#3,1,1,10,10,20
250,000013_023_00000075#1,1,1,10,10,56
250,000013_023_00000075#2,1,1,10,10,68
250,000013_025_00000285#0,1,1,10,10,15
250,000013_025_00000285#1,1,1,10,10,56
250,000013_025_00000285#2,1,1,10,10,20
250,000013_030_00000063#0,1,1,10,10,21
250,000013_030_00000063#1,1,1,10,10,68
250,000013_039_00000063#0,1,1,10,10,41
250,000013_039_00000063#1,1,1,10,10,32
250,000013_039_00000063#3,1,1,10,10,26
250,000013_039_00000063#5,1,1,7,10,8
250,000013_040_suppl_00000167#0,1,1,10,10,79
250,000013_040_suppl_00000333#1,1,1,10,10,50
250,000013_040_suppl_00000333#3,1,1,10,10,80
250,000013_040_suppl_00000333#4,1,1,8,10,8
250,000013_044_00000001#0,1,1,10,10,24
250,000013_044_00000001#1,1,1,10,10,31
250,000013_044_00000001#2,0,1,0,10,72
250,000013_044_00000001#4,0,1,0,10,38
250,000013_044_00000001#5,1,1,10,10,72
250,000013_044_00000001#7,1,1,10,10,62
250,000013_048_00000001#0,1,1,10,10,46
250,000013_048_00000001#1,1,1,10,10,60
250,000013_048_00000001#3,0,1,0,10,49
250,000013_048_00000001#4,0,1,0,10,69
250,000013_056_00000281#2,1,1,10,10,49
250,000013_056_00000281#3,1,1,10,10,16
250,000013_056_00000281#4,1,1,10,10,21
250,000013_056_00000281#6,1,1,10,10,11
250,000013_056_00000281#7,1,1,10,10,12
250,000013_056_00000281#8,1,1,10,10,64
250,000013_056_00000281#9,1,1,10,10,43
250,000013_056_00000281#10,1,1,10,10,32
250,000014_012_00000217#1,1,1,10,10,41
250,000014_012_00000217#2,1,1,10,10,48
250,000014_050_00000273#3,1,1,10,10,47
250,000014_050_00000273#4,1,1,10,10,57
250,000014_050_00000273#5,1,1,10,10,26
250,000014_051_suppl_00000341#2,1,1,9,10,15
250,000014_052_00000131#2,1,1,10,10,22
250,000014_052_00000131#3,1,1,10,10,13
250,000015_004_00000268#0,1,1,10,10,27
250,000015_004_suppl_00000223#2,1,1,10,10,36
250,000016_043_suppl_00000292#1,1,1,10,10,21
250,000016_043_suppl_00000292#2,1,1,10,10,56
250,000016_043_suppl_00000292#4,1,1,10,10,30
250,000016_043_suppl_00000292#5,1,1,10,10,25
250,000016_043_suppl_00000292#6,1,1,10,10,45
250,000016_043_suppl_00000292#8,1,1,10,10,26
250,000016_043_suppl_00000292#9,1,1,10,10,32
250,000016_043_suppl_00000292#10,1,1,10,10,19
250,000016_043_suppl_00000292#11,1,1,10,10,27
250,000016_043_suppl_00000292#12,1,1,10,10,32
250,000016_043_suppl_00000292#14,1,1,10,10,70
250,000016_043_suppl_00000292#17,1,1,10,10,47
250,000016_043_suppl_00000292#20,1,1,10,10,23
250,000016_044_00000085#0,1,1,10,10,83
250,000016_044_00000085#1,1,1,10,10,62
250,000016_044_00000085#3,1,1,10,10,17
250,000016_044_00000085#4,1,1,10,10,65
250,000016_044_00000085#7,1,1,10,10,67
250,000016_044_00000085#10,1,1,10,10,78
250,000016_044_00000169#1,1,1,8,10,37
250,000016_044_00000169#2,1,1,10,10,36
250,000016_044_00000169#3,1,1,10,10,16
250,000016_044_00000169#5,1,1,10,10,15
250,000016_044_00000169#6,1,1,10,10,59
250,000016_044_00000169#8,1,1,10,10,88
250,000016_044_00000169#16,1,1,7,10,73
250,000016_044_00000169#17,1,1,10,10,65
250,000017_011_00000297#3,1,1,10,10,12
250,000017_011_00000297#5,1,1,10,10,68
250,000017_011_00000297#9,1,1,10,10,26
250,000017_011_00000297#10,1,1,10,10,86
250,000017_011_00000297#11,1,1,10,10,59
250,000017_011_00000297#13,1,1,10,10,43
250,000017_012_00000135#2,1,1,10,10,36
250,000017_020_00000214#0,1,1,10,10,21
250,000017_020_00000214#2,1,1,10,10,27
250,000017_020_suppl_00000356#0,1,1,10,10,20
250,000017_020_suppl_00000356#2,1,1,10,10,20
250,000018_006_00000063#0,1,1,10,10,66
250,000019_030_00000072#1,1,1,10,10,23
250,000019_030_00000072#2,1,1,10,10,72
250,000019_030_00000072#3,1,1,10,10,54
250,000019_030_00000072#4,1,1,10,10,21
250,000019_030_00000072#5,1,1,10,10,10
250,000019_038_00000205#2,1,1,10,10,20
250,000019_038_00000205#3,1,1,10,10,25
250,000019_038_00000205#4,1,1,10,10,21
250,000019_038_00000205#5,1,1,10,10,36
250,000019_038_00000205#6,1,1,10,10,84
250,000019_038_00000205#7,1,1,8,10,70
250,000019_038_00000205#8,1,1,10,10,82
250,000019_041_00000141#2,1,1,10,10,24
250,000019_045_00000145#4,1,1,10,10,46
250,000019_045_00000145#5,1,1,10,10,42
250,000019_045_00000145#7,1,1,10,10,67
250,000020_010_00000089#1,1,1,10,10,60
250,000020_010_00000089#5,1,1,8,10,9
250,000020_010_00000089#6,1,1,10,10,20
250,000020_010_00000089#7,1,1,4,10,8
250,000020_014_00000193#2,1,1,10,10,63
250,000020_014_00000193#3,1,1,10,10,76
250,000020_014_00000193#5,1,1,10,10,54
250,000020_014_00000193#6,1,1,10,10,77
250,000020_018_00000093#0,1,1,10,10,16
250,000020_018_00000093#1,1,1,10,10,24
250,000020_018_00000093#2,1,1,10,10,81
250,000020_018_00000093#3,1,1,10,10,42
250,000021_020_00000131#2,1,1,10,10,76
250,000023_005_00000070#1,1,1,10,10,32
250,000023_005_00000070#2,1,1,10,10,87
250,000023_005_00000070#3,1,1,10,10,63
250,000023_005_00000070#4,1,1,10,10,63
250,000023_005_00000070#5,1,1,10,10,18
250,000023_005_00000070#6,1,1,10,10,23
250,000031#0,1,1,10,10,53
250,000031#1,1,1,10,10,15
250,000031#2,1,1,8,10,8
250,000031#3,1,1,10,10,15
250,000031#6,1,1,10,10,24
250,000031#8,1,1,10,10,53
250,000031#10,1,1,10,10,16
250,000031#11,1,1,7,10,21
250,000066#0,1,1,10,10,31
250,000066#1,1,1,10,10,15
250,000066#2,1,1,10,10,61
250,000066#3,1,1,10,10,39
250,000070#0,1,1,10,10,28
250,000070#1,1,1,10,10,18
250,000070#2,1,1,9,10,52
250,000070#3,1,1,10,10,67
250,000173#1,1,1,10,10,27
250,000303#2,1,1,10,10,67
250,000303#6,1,1,10,10,30
250,000303#7,1,1,10,10,16
250,000328#1,1,1,10,10,58
250,000328#3,1,1,10,10,65
250,000415#1,1,1,10,10,14
250,000415#2,1,1,7,10,9
250,000415#4,1,1,10,10,22
250,000415#5,1,1,10,10,24
250,000415#6,1,1,10,10,12
250,000415#8,1,1,10,10,10
250,000415#10,1,1,10,10,13
250,000415#11,1,1,10,10,12
250,000415#13,1,1,10,10,21
250,000415#14,1,1,10,10,13
250,000415#15,1,1,10,10,17
250,000415#16,1,1,7,10,8
250,000415#17,1,1,9,10,10
250,000415#19,1,1,10,10,37
250,000433#7,1,1,10,10,57
250,000437#0,1,1,10,10,67
250,000437#1,1,1,10,10,75
250,000437#2,1,1,10,10,26
250,000437#5,1,1,9,10,48
250,000484#2,1,1,10,10,37
250,000484#3,1,1,10,10,55
250,000500#0,1,1,10,10,14
250,000500#1,1,1,9,10,9
250,000500#2,1,1,10,10,15
250,000525#0,1,1,10,10,14
250,000525#1,1,1,10,10,30
250,000525#2,1,1,10,10,35
250,000561#0,1,1,10,10,70
250,000561#3,1,1,10,10,63
250,000561#4,1,1,10,10,38
250,000597#2,1,1,10,10,62
250,000597#3,1,1,5,10,29
250,000630#0,1,1,10,10,14
250,000680#5,1,1,10,10,69
250,000707#1,1,1,10,10,13
250,000707#2,1,1,10,10,18
250,000707#3,1,1,9,10,9
250,000707#4,1,1,10,10,25
250,000707#5,1,1,10,10,20
250,000735#1,1,1,10,10,11
250,000738#0,1,1,10,10,26
250,000738#2,1,1,9,10,9
250,000738#3,1,1,10,10,36
250,000756#4,1,1,10,10,34
250,000759#2,1,1,10,10,34
250,000780#0,1,1,10,10,22
250,000780#3,1,1,10,10,90
250,000783#0,1,1,10,10,45
250,000783#1,1,1,10,10,42
250,000783#3,1,1,10,10,38
250,000783#4,1,1,10,10,26
250,000808#1,1,1,10,10,21
250,000820#2,1,1,10,10,58
250,000820#3,1,1,10,10,45
250,000820#4,1,1,10,10,25
250,000820#5,1,1,10,10,27
250,000820#7,1,1,8,10,8
250,000889#5,1,1,10,10,84
250,000889#6,1,1,10,10,40
250,000889#7,1,1,10,10,14
250,000889#8,1,1,10,10,15
250,000889#9,1,1,10,10,22
250,000889#13,1,1,10,10,24
250,000889#14,1,1,10,10,69
250,000943#0,1,1,10,10,16
250,000943#1,1,1,10,10,14
250,000943#2,1,1,10,10,64
250,000943#3,1,1,7,10,7
250,000943#4,1,1,6,10,7
250,000943#6,1,1,10,10,18
250,000943#7,1,1,10,10,23
250,000952#0,1,1,10,10,22
250,001033#1,1,1,10,10,15
250,001033#2,1,1,10,10,31
250,001033#3,1,1,10,10,41
250,001033#9,1,1,10,10,25
250,001033#10,1,1,10,10,21
250,001035#0,1,1,10,10,19
250,001035#1,1,1,10,10,53
250,001035#2,1,1,10,10,76
250,001035#7,1,1,10,10,40
250,001035#9,1,1,10,10,22
250,001035#10,1,1,10,10,63
250,001114#5,1,1,10,10,47
250,001114#6,1,1,10,10,40
250,001114#7,1,1,10,10,12
250,001114#8,1,1,10,10,26
250,001114#10,1,1,10,10,17
250,001123#0,1,1,10,10,31
250,001123#1,1,1,10,10,76
250,001123#2,1,1,10,10,77
250,001123#4,1,1,10,10,64
250,001123#5,1,1,10,10,42
250,001123#6,1,1,10,10,79
250,001123#7,1,1,10,10,86
250,001123#8,1,1,3,10,36
250,001123#9,1,1,10,10,56
250,001123#10,1,1,10,10,62
250,001123#11,1,1,10,10,66
250,001123#12,1,1,10,10,79
250,001123#13,1,1,10,10,31
250,001123#18,1,1,9,10,9
250,001123#19,1,1,10,10,10
250,001123#20,1,1,10,10,49
250,001123#21,1,1,10,10,32
250,001123#22,1,1,10,10,33
250,001135#4,1,1,10,10,64
250,001135#6,1,1,10,10,72
250,001135#7,1,1,10,10,14
250,001157#4,1,1,10,10,14
250,001157#5,1,1,10,10,30
250,001157#8,1,1,10,10,77
250,001157#9,1,1,10,10,68
250,001202#3,1,1,10,10,72
250,001202#4,1,1,10,10,78
250,001202#8,1,1,10,10,23
250,001202#10,1,1,10,10,56
250,001202#11,1,1,10,10,57
250,001202#12,1,1,10,10,42
250,001257#0,1,1,10,10,46
250,001257#3,1,1,10,10,69
250,001257#6,1,1,10,10,27
250,001257#9,1,1,10,10,27
250,001257#10,1,1,10,10,46
250,001257#11,1,1,10,10,31
250,001276#3,1,1,10,10,58
250,001276#7,1,1,10,10,30
250,001276#9,1,1,10,10,54
250,001276#10,1,1,10,10,27
250,001276#11,1,1,10,10,31
250,001276#12,1,1,10,10,25
250,001276#13,1,1,10,10,35
250,001276#14,1,1,10,10,50
250,001276#15,1,1,10,10,25
250,001295#0,1,1,10,10,30
250,001295#1,1,1,10,10,52
250,001295#3,1,1,10,10,10
250,001295#10,1,1,10,10,55
250,001295#11,1,1,10,10,24
250,001295#12,1,1,10,10,17
250,001295#13,1,1,10,10,28
250,001295#14,1,1,10,10,36
250,001295#15,1,1,10,10,24
250,001295#17,1,1,10,10,19
250,001295#18,1,1,10,10,15
250,001295#19,1,1,10,10,17
250,001295#20,1,1,10,10,16
250,001295#21,1,1,10,10,22
250,001295#22,1,1,10,10,26
250,001295#24,1,1,10,10,26
250,001295#26,1,1,9,10,9
250,001409#0,1,1,10,10,39
250,001409#1,1,1,10,10,43
250,001415#0,1,1,10,10,42
250,001415#1,1,1,10,10,44
250,001415#2,1,1,10,10,41
250,001415#3,1,1,10,10,53
250,001443#3,1,1,10,10,53
250,001443#4,1,1,10,10,73
250,001443#6,1,1,10,10,66
250,001443#7,1,1,10,10,67
250,001443#9,1,1,10,10,27
250,001443#10,1,1,10,10,46
250,001461#2,1,1,10,10,28
250,001461#3,1,1,10,10,42
250,001461#4,1,1,10,10,64
250,001461#5,1,1,10,10,36
250,001531#1,1,1,10,10,16
250,001531#2,1,1,10,10,11
250,001531#6,1,1,10,10,28
250,001531#8,1,1,10,10,11
250,001531#10,1,1,10,10,43
250,001558#4,1,1,10,10,31
250,001683#1,1,1,10,10,83
250,001683#6,1,1,10,10,36
250,001683#7,1,1,10,10,46
250,001683#8,1,1,10,10,50
250,001694#1,1,1,10,10,28
250,001694#2,1,1,10,10,64
250,001694#7,1,1,10,10,62
250,001694#8,1,1,10,10,36
250,001694#9,1,1,10,10,50
250,001694#10,1,1,10,10,27
250,001694#11,1,1,10,10,28
250,001694#12,1,1,10,10,22
250,001694#13,1,1,10,10,27
250,001694#14,1,1,10,10,31
250,001707#1,1,1,10,10,22
250,001707#2,1,1,10,10,68
250,001707#7,1,1,10,10,62
250,001707#8,1,1,10,10,36
250,001707#9,1,1,10,10,31
250,001707#10,1,1,10,10,34
250,001707#11,1,1,10,10,57
250,001707#12,1,1,10,10,19
250,001712#1,1,1,10,10,72
250,001712#6,1,1,10,10,58
250,001712#7,1,1,10,10,16
250,001712#8,1,1,10,10,36
250,001712#9,1,1,10,10,55
250,001712#10,1,1,10,10,25
250,001712#11,1,1,10,10,23
250,001712#12,1,1,10,10,27
250,001724#1,1,1,10,10,11
250,001724#3,1,1,10,10,56
250,001724#7,1,1,10,10,84
250,001724#8,1,1,10,10,34
250,001724#9,1,1,10,10,30
250,001724#10,1,1,10,10,27
250,001724#11,1,1,10,10,34
250,001724#12,1,1,10,10,38
250,001737#3,1,1,10,10,54
250,001737#7,1,1,10,10,76
250,001737#8,1,1,8,10,8
250,001737#9,1,1,10,10,15
250,001737#10,1,1,10,10,36
250,001737#11,1,1,10,10,30
250,001737#12,1,1,10,10,38
250,001737#13,1,1,10,10,30
250,001742#0,1,1,10,10,41
250,001763#0,1,1,10,10,25
250,001785#0,1,1,10,10,50
250,001785#1,1,1,10,10,51
250,001785#2,1,1,10,10,80
250,001851#0,1,1,10,10,48
250,001851#8,1,1,10,10,25
250,001851#9,1,1,10,10,27
250,001851#10,1,1,10,10,31
250,001851#11,1,1,10,10,25
250,001851#12,1,1,10,10,27
250,001851#13,1,1,10,10,50
250,001851#14,1,1,10,10,27
250,001862#0,1,1,10,10,48
250,001862#8,1,1,10,10,21
250,001862#9,1,1,10,10,27
250,001862#10,1,1,10,10,54
250,001862#11,1,1,10,10,21
250,001862#12,1,1,10,10,20
250,001862#13,1,1,10,10,32
250,001862#14,1,1,10,10,29
250,001862#15,1,1,10,10,37
250,001873#0,1,1,10,10,48
250,001873#4,1,1,10,10,73
250,001873#8,1,1,10,10,26
250,001873#9,1,1,10,10,50
250,001873#10,1,1,10,10,14
250,001873#11,1,1,10,10,27
250,001873#12,1,1,10,10,26
250,001873#13,1,1,10,10,27
250,001881#0,1,1,10,10,48
250,001881#4,1,1,10,10,73
250,001881#8,1,1,10,10,25
250,001881#9,1,1,10,10,54
250,001881#10,1,1,10,10,22
250,001884#0,1,1,10,10,52
250,001884#4,1,1,10,10,73
250,001884#8,1,1,10,10,21
250,001884#9,1,1,10,10,57
250,001884#10,1,1,10,10,25
250,001884#11,1,1,10,10,23
250,001884#12,1,1,10,10,20
250,001884#13,1,1,10,10,17
250,001884#14,1,1,10,10,27
250,001898#0,1,1,10,10,52
250,001898#4,1,1,10,10,74
250,001898#7,1,1,10,10,22
250,001898#8,1,1,10,10,20
250,001898#9,1,1,10,10,21
250,001898#10,1,1,10,10,24
250,001898#11,1,1,10,10,36
250,001898#12,1,1,10,10,55
250,001898#13,1,1,10,10,27
250,001898#14,1,1,10,10,24
250,001970#1,1,1,10,10,73
250,001970#3,1,1,10,10,36
250,001970#7,1,1,10,10,65
250,001970#8,1,1,10,10,26
250,001970#9,1,1,10,10,41
250,001970#10,1,1,10,10,27
250,002048#2,1,1,10,10,68
250,002048#3,1,1,10,10,53
250,002048#4,1,1,10,10,76
250,002048#7,1,1,10,10,37
250,002048#8,1,1,10,10,19
250,002048#9,1,1,10,10,40
250,002048#10,1,1,10,10,41
250,002097#3,1,1,10,10,67
250,002097#4,1,1,10,10,75
250,002097#7,1,1,10,10,22
250,002097#8,1,1,10,10,29
250,002097#9,1,1,10,10,32
250,002097#10,1,1,10,10,32
250,002102#0,1,1,10,10,63
250,002102#1,1,1,10,10,67
250,002102#2,1,1,10,10,64
250,002102#3,1,1,10,10,55
250,002102#4,1,1,10,10,59
250,002102#5,1,1,10,10,40
250,002102#6,1,1,10,10,56
250,002102#7,1,1,10,10,56
250,002102#8,1,1,10,10,50
250,002156#0,1,1,10,10,40
250,002156#1,1,1,10,10,28
250,002156#2,1,1,10,10,38
250,002156#3,1,1,10,10,59
250,002156#4,1,1,10,10,81
250,002156#7,1,1,10,10,46
250,002156#8,1,1,10,10,34
250,002156#9,1,1,10,10,53
250,002207#0,1,1,10,10,11
250,002207#1,1,1,10,10,49
250,002235#3,1,1,10,10,36
250,002235#5,1,1,10,10,55
250,002235#6,1,1,5,10,17
250,002235#7,1,1,10,10,27
250,002235#10,1,1,10,10,10
250,002265#3,1,1,10,10,15
250,002265#4,1,1,10,10,13
250,002276#0,1,1,10,10,41
250,002276#1,1,1,10,10,18
250,002276#2,1,1,10,10,32
250,002276#3,1,1,10,10,53
250,002276#6,1,1,10,10,46
250,002331#2,1,1,10,10,49
250,002331#3,1,1,10,10,37
250,002331#4,1,1,10,10,75
250,002331#16,1,1,10,10,14
250,002331#18,1,1,9,10,21
250,002334#1,1,1,10,10,11
250,002334#8,1,1,10,10,56
250,002334#9,1,1,10,10,18
250,002338#0,1,1,10,10,62
250,002338#1,1,1,10,10,70
250,002338#4,1,1,10,10,73
250,002338#5,1,1,10,10,44
250,002357#0,1,1,10,10,23
250,002357#1,1,1,10,10,35
250,002357#2,1,1,10,10,72
250,002357#3,1,1,10,10,43
250,002359#0,1,1,10,10,29
250,002359#1,1,1,10,10,43
250,002359#2,1,1,10,10,45
250,002359#3,1,1,10,10,27
250,002378#0,1,1,10,10,34
250,002378#1,1,1,10,10,11
250,002378#3,1,1,10,10,66
250,002378#5,1,1,10,10,73
250,002378#6,1,1,10,10,19
250,002380#2,1,1,10,10,77
250,002380#3,1,1,10,10,55
250,002380#4,1,1,10,10,19
250,002380#5,1,1,8,10,8
250,002380#6,1,1,10,10,45
250,002380#7,1,1,10,10,14
250,002380#8,1,1,10,10,15
250,002380#9,1,1,10,10,25
250,002413#0,1,1,10,10,23
250,002517#1,1,1,10,10,48
250,002517#2,1,1,10,10,16
250,002517#4,1,1,9,10,23
250,002517#5,1,1,10,10,76
250,002584#4,1,1,5,10,11
250,002584#6,1,1,10,10,11
250,002625#6,1,1,10,10,17
250,002625#8,1,1,10,10,26
250,002625#10,1,1,10,10,27
250,002625#13,1,1,10,10,22
250,002625#14,1,1,10,10,73
250,002625#18,1,1,10,10,29
250,002625#19,1,1,10,10,13
250,002625#20,1,1,10,10,70
250,002625#21,1,1,10,10,82
250,002625#22,1,1,10,10,36
250,002625#23,1,1,10,10,34
250,002625#24,1,1,10,10,65
250,002625#25,1,1,10,10,11
250,002625#26,1,1,10,10,48
250,002625#27,1,1,1,10,25
250,002625#28,1,1,10,10,37
250,002625#29,1,1,10,10,63
250,002625#30,1,1,10,10,23
250,002625#31,1,1,10,10,34
250,002625#32,1,1,10,10,45
250,002625#33,1,1,10,10,12
250,002627#5,1,1,10,10,20
250,002627#7,1,1,10,10,17
250,002627#11,1,1,10,10,74
250,002627#12,1,1,10,10,32
250,002627#15,1,1,10,10,69
250,002627#17,1,1,10,10,73
250,002627#18,1,1,10,10,74
250,002627#19,1,1,10,10,18
250,002627#22,1,1,10,10,87
250,002627#23,1,1,10,10,71
250,002627#26,1,1,10,10,80
250,002627#27,1,1,10,10,81
250,002627#28,1,1,10,10,48
250,002627#30,1,1,10,10,39
250,002627#31,1,1,10,10,50
250,002627#32,1,1,10,10,55
250,002671#7,1,1,10,10,51
250,002671#9,1,1,10,10,25
250,002671#11,1,1,10,10,39
250,002671#12,1,1,10,10,63
250,002671#13,1,1,10,10,45
250,002671#14,1,1,10,10,30
250,002671#15,1,1,10,10,30
250,002671#16,1,1,10,10,18
250,002671#17,1,1,10,10,45
250,002671#18,1,1,10,10,18
250,002671#19,1,1,10,10,57
250,002671#20,1,1,10,10,46
250,002671#21,1,1,10,10,23
250,002671#22,1,1,10,10,23
250,002671#23,1,1,10,10,46
250,002671#24,1,1,10,10,59
250,002677#0,1,1,10,10,63
250,002677#1,1,1,10,10,40
250,002677#16,1,1,10,10,14
250,002677#17,1,1,10,10,24
250,002677#18,1,1,10,10,76
250,002707#11,1,1,10,10,22
250,002707#12,1,1,10,10,25
250,002707#13,1,1,10,10,62
250,002750#1,1,1,10,10,15
250,002750#4,1,1,10,10,42
250,002750#12,1,1,10,10,13
250,002750#13,1,1,10,10,12
250,002750#14,1,1,10,10,10
250,002750#16,1,1,8,10,8
250,002750#18,1,1,10,10,14
250,002750#19,1,1,10,10,22
250,002750#20,1,1,10,10,28
250,002750#21,1,1,10,10,28
250,002750#22,1,1,10,10,53
250,002750#23,1,1,10,10,25
250,002750#25,1,1,10,10,51
250,002762#1,1,1,10,10,17
250,002839#1,1,1,10,10,21
250,002839#2,1,1,10,10,25
250,002839#3,1,1,10,10,48
250,002839#4,1,1,10,10,31
250,002842#3,1,1,10,10,25
250,002842#4,1,1,10,10,21
250,002844#1,1,1,10,10,42
250,002844#2,1,1,10,10,21
250,002844#3,1,1,10,10,38
250,002935#0,1,1,10,10,17
250,002935#1,1,1,10,10,13
250,002955#0,1,1,10,10,72
250,002955#1,1,1,10,10,47
250,002955#4,1,1,10,10,32
250,002955#5,1,1,10,10,21
250,002955#6,1,1,10,10,37
250,002955#7,1,1,10,10,68
250,002955#8,1,1,10,10,61
250,002955#9,1,1,9,10,11
250,002955#10,1,1,10,10,42
250,002955#11,1,1,10,10,42
250,002955#12,1,1,10,10,57
250,002955#13,1,1,10,10,67
250,002955#14,1,1,10,10,73
250,002955#16,1,1,10,10,49
250,002955#17,1,1,10,10,81
250,002955#20,1,1,10,10,15
250,002955#23,1,1,10,10,29
250,002955#24,1,1,7,10,7
250,002987#0,1,1,10,10,16
250,002987#1,1,1,9,10,9
250,002987#2,1,1,10,10,23
250,002987#3,1,1,10,10,14
250,002987#4,1,1,10,10,34
250,002987#6,1,1,10,10,64
250,002987#7,1,1,10,10,73
250,002987#8,1,1,10,10,28
250,002987#9,1,1,10,10,14
250,002987#10,1,1,10,10,15
250,002987#11,1,1,10,10,15
250,002987#12,1,1,8,10,8
250,002987#13,1,1,10,10,34
250,002987#14,1,1,10,10,20
250,002987#15,1,1,10,10,37
250,003007#6,1,1,9,10,9
250,003007#8,1,1,10,10,41
250,003007#9,1,1,10,10,24
250,003013#6,1,1,10,10,20
250,003017#4,1,1,10,10,12
250,003026#4,1,1,10,10,17
250,003056#1,1,1,10,10,24
250,003056#2,1,1,10,10,15
250,003056#3,1,1,10,10,15
250,003056#4,1,1,10,10,11
250,003056#7,1,1,10,10,38
250,003056#8,1,1,8,10,9
250,003056#9,1,1,10,10,27
250,003056#10,1,1,10,10,18
250,003056#11,1,1,10,10,61
250,003148#0,1,1,10,10,61
250,003148#2,1,1,10,10,63
250,003148#3,1,1,10,10,42
250,003148#6,1,1,10,10,47
250,003148#7,1,1,7,10,8
250,003148#8,1,1,7,10,8
250,003160#0,1,1,10,10,42
250,003160#1,1,1,10,10,28
250,003160#2,1,1,10,10,31
250,003160#3,1,1,7,10,27
250,003160#4,1,1,6,10,31
250,003160#5,1,1,10,10,84
250,003160#7,1,1,10,10,37
250,003160#8,1,1,10,10,69
250,003160#9,1,1,10,10,19
250,003160#11,1,1,10,10,78
250,003160#13,1,1,10,10,37
250,003160#14,1,1,10,10,11
250,003160#15,1,1,10,10,55
250,003160#17,1,1,10,10,43
250,003160#18,1,1,10,10,72
250,003160#19,1,1,10,10,26
250,003160#20,1,1,10,10,18
250,003160#21,1,1,10,10,46
250,003198#1,1,1,10,10,64
250,003198#4,1,1,10,10,42
250,003257#5,1,1,10,10,58
250,003262#0,1,1,10,10,28
250,003262#1,1,1,10,10,31
250,003262#4,1,1,10,10,27
250,003262#14,1,1,9,10,10
250,003262#16,1,1,8,10,10
250,003262#17,1,1,10,10,14
250,003262#21,1,1,9,10,16
250,003262#23,1,1,10,10,22
250,003262#24,1,1,10,10,18
250,003262#28,1,1,10,10,50
250,003262#29,1,1,3,10,7
250,003262#30,1,1,10,10,73
250,003273#1,1,1,10,10,73
250,003273#3,1,1,10,10,68
250,003273#4,1,1,10,10,45
250,003273#5,1,1,10,10,12
250,003273#6,1,1,10,10,87
250,003273#8,1,1,10,10,35
250,003273#9,1,1,10,10,19
250,003273#10,1,1,10,10,42
250,003273#11,1,1,10,10,17
250,003273#13,1,1,10,10,20
250,003288#0,1,1,10,10,74
250,003288#3,1,1,10,10,37
250,003288#4,1,1,10,10,27
250,003288#5,1,1,10,10,20
250,003288#6,1,1,10,10,20
250,003288#7,1,1,10,10,16
250,003288#8,1,1,10,10,14
250,003288#9,1,1,10,10,16
250,003288#10,1,1,10,10,18
250,003288#11,1,1,10,10,14
250,003288#12,1,1,10,10,27
250,003288#13,1,1,10,10,33
250,003288#14,1,1,10,10,13
250,003288#16,1,1,10,10,21
250,003288#18,1,1,10,10,69
250,003304#0,1,1,10,10,42
250,003304#1,1,1,10,10,36
250,003304#2,1,1,10,10,14
250,003304#3,1,1,10,10,48
250,003304#4,1,1,10,10,20
250,003304#8,1,1,10,10,25
250,003304#9,1,1,10,10,41
250,003304#11,1,1,10,10,42
250,003304#12,1,1,10,10,30
250,003304#13,1,1,10,10,13
250,003317#1,1,1,10,10,29
250,003317#2,1,1,10,10,26
250,003317#3,1,1,10,10,29
250,003317#5,1,1,10,10,50
250,003317#6,1,1,10,10,23
250,003317#7,1,1,10,10,27
250,003317#8,1,1,10,10,49
250,003317#9,1,1,10,10,30
250,003317#12,1,1,10,10,12
250,003317#14,1,1,10,10,55
250,003317#15,1,1,10,10,70
250,003317#16,1,1,10,10,43
250,003348#0,1,1,10,10,30
250,003353#0,1,1,10,10,14
250,003408#1,1,1,10,10,22
250,003411#0,1,1,10,10,41
250,003411#1,1,1,10,10,52
250,003411#2,1,1,10,10,57
250,003411#3,1,1,10,10,50
250,003419#0,1,1,10,10,84
250,003419#5,1,1,10,10,22
250,003419#13,1,1,10,10,24
250,003419#14,1,1,10,10,30
250,003419#17,1,1,6,10,30
250,003419#18,1,1,10,10,34
250,003419#19,1,1,10,10,18
250,003419#21,1,1,10,10,36
250,003425#5,1,1,10,10,17
250,003425#6,1,1,10,10,13
250,003425#7,1,1,10,10,11
250,003425#10,1,1,10,10,18
250,003425#12,1,1,10,10,44
250,003425#13,1,1,10,10,46
250,003460#0,1,1,10,10,26
250,003460#1,1,1,10,10,64
250,003460#3,1,1,10,10,80
250,003460#5,1,1,10,10,25
250,003460#6,1,1,10,10,73
250,003472#0,1,1,10,10,31
250,003472#1,1,1,10,10,68
250,003472#2,1,1,10,10,20
250,003472#3,1,1,10,10,71
250,003475#1,1,1,10,10,41
250,003475#2,1,1,10,10,22
250,003475#3,1,1,10,10,51
250,003475#5,1,1,10,10,46
250,003475#6,1,1,10,10,70
250,003475#10,1,1,10,10,21
250,003475#11,1,1,10,10,31
250,003487#0,1,1,10,10,53
250,003487#2,1,1,10,10,62
250,003489#0,1,1,10,10,24
250,003489#2,1,1,10,10,31
250,003489#3,1,1,10,10,55
250,003489#4,1,1,10,10,25
250,003489#5,1,1,10,10,35
250,003489#9,1,1,10,10,26
250,003489#14,1,1,10,10,37
250,003526#0,1,1,10,10,18
250,003526#3,1,1,10,10,13
250,003532#0,1,1,10,10,18
250,003532#1,1,1,10,10,42
250,003546#0,1,1,10,10,27
250,003546#1,1,1,10,10,28
250,003546#2,1,1,10,10,37
250,003592#0,1,1,10,10,23
250,003592#1,1,1,10,10,23
250,003592#2,1,1,10,10,31
250,003592#3,1,1,10,10,20
250,003595#3,1,1,10,10,27
250,003595#4,1,1,10,10,30
250,003595#5,1,1,10,10,21
250,003595#6,1,1,10,10,46
250,003603#3,1,1,10,10,32
250,003653#3,1,1,10,10,15
250,003653#5,1,1,10,10,20
250,003653#6,1,1,10,10,18
250,003653#7,1,1,10,10,14
250,003653#8,1,1,10,10,11
250,003653#9,1,1,10,10,12
250,003653#11,1,1,10,10,36
250,003653#12,1,1,10,10,51
250,003653#14,1,1,8,10,8
250,003653#16,1,1,9,10,9
250,003653#17,1,1,10,10,26
250,003653#18,1,1,8,10,8
250,003679#4,1,1,10,10,50
250,003679#5,1,1,10,10,27
250,003679#7,1,1,10,10,25
250,003679#8,1,1,10,10,32
250,003703#0,1,1,10,10,50
250,003739#0,1,1,10,10,30
250,003739#1,1,1,10,10,35
250,003739#2,1,1,10,10,17
250,003739#3,1,1,10,10,11
250,003739#5,1,1,10,10,16
250,003739#6,1,1,6,10,12
250,003739#7,1,1,10,10,26
250,003739#8,1,1,10,10,16
250,003757#0,1,1,10,10,76
250,003757#7,1,1,10,10,27
250,003757#8,1,1,9,10,10
250,003757#10,1,1,10,10,21
250,003757#14,1,1,10,10,13
250,003757#15,1,1,10,10,15
250,003757#16,1,1,9,10,11
250,003769#0,1,1,10,10,56
250,003838#0,1,1,10,10,72
250,003863#1,1,1,10,10,21
250,003863#3,1,1,10,10,17
250,003863#5,1,1,10,10,33
250,003863#7,1,1,10,10,24
250,003863#9,1,1,10,10,13
250,003863#10,1,1,10,10,12
250,003863#11,1,1,10,10,18
250,003895#2,1,1,10,10,55
250,003896#0,1,1,10,10,43
250,003896#1,1,1,10,10,19
250,003902#0,1,1,10,10,41
250,003902#1,1,1,10,10,15
250,003902#3,1,1,10,10,18
250,003902#4,1,1,10,10,30
250,003902#5,1,1,10,10,18
250,003902#6,1,1,10,10,41
250,003904#0,1,1,10,10,33
250,003904#1,1,1,10,10,19
250,003941#0,1,1,10,10,27
250,003941#1,1,1,10,10,17
250,003941#3,1,1,9,10,12
250,003941#5,1,1,9,10,25
250,003941#7,1,1,10,10,20
250,003941#8,1,1,10,10,26
250,003941#10,1,1,10,10,17
250,003941#11,1,1,10,10,26
250,003941#12,1,1,10,10,17
250,003941#13,1,1,10,10,20
250,003941#14,1,1,10,10,18
250,003941#15,1,1,10,10,22
250,003941#16,1,1,10,10,69
250,003941#20,1,1,9,10,10
250,003941#21,1,1,8,10,25
250,003941#22,1,1,10,10,13
250,003941#24,1,1,10,10,37
250,003941#25,1,1,10,10,18
250,003941#26,1,1,10,10,21
250,003941#27,1,1,10,10,18
250,003941#29,1,1,10,10,17
250,003941#30,1,1,10,10,34
250,003982#5,1,1,10,10,26
250,003982#6,1,1,10,10,15
250,003982#8,1,1,10,10,13
250,003982#11,1,1,10,10,19
250,003982#14,1,1,10,10,29
250,003982#19,1,1,5,10,9
250,003982#20,1,1,7,10,10
250,003982#23,1,1,10,10,25
250,003982#24,1,1,10,10,10
250,003982#30,1,1,10,10,12
250,003982#32,1,1,10,10,14
250,003982#34,1,1,10,10,11
250,003982#36,1,1,4,10,46
250,003982#41,1,1,9,10,10
250,003982#42,1,1,10,10,11
250,003982#43,1,1,10,10,13
250,003982#47,1,1,10,10,57
250,003982#48,1,1,10,10,16
250,003982#49,1,1,10,10,69
250,003982#50,1,1,10,10,34
250,003982#53,1,1,6,10,10
250,003982#57,1,1,10,10,18
250,003982#58,1,1,10,10,18
250,003982#60,1,1,10,10,16
250,003982#61,1,1,10,10,15
250,003982#62,1,1,10,10,17
250,003987#5,1,1,10,10,32
250,003987#6,1,1,10,10,28
250,003987#10,1,1,10,10,66
250,003987#11,1,1,10,10,71
250,003987#15,1,1,10,10,33
250,003987#16,1,1,10,10,42
250,003987#23,1,1,8,10,11
250,003987#27,1,1,10,10,11
250,003987#35,1,1,10,10,26
250,003987#38,1,1,10,10,19
250,003987#39,1,1,10,10,17
250,003987#40,1,1,10,10,16
250,003987#41,1,1,10,10,13
250,003987#43,1,1,10,10,10
250,003987#46,1,1,8,10,8
250,003987#47,1,1,10,10,15
250,003987#49,1,1,10,10,12
250,003987#50,1,1,10,10,15
250,003987#51,1,1,10,10,15
250,003987#52,1,1,10,10,10
250,003987#53,1,1,10,10,19
250,003987#55,1,1,10,10,31
250,hehe_173_000002_024_00000105#2,1,1,2,10,11
250,hehe_173_000002_024_00000105#4,1,1,5,10,11
250,hehe_173_000002_024_00000105#6,1,1,10,10,23
250,hehe_173_000002_024_00000105#7,1,1,10,10,15
250,hehe_173_000002_024_00000105#9,1,1,10,10,31
250,hehe_173_000002_024_00000105#10,1,1,10,10,25
250,hehe_173_000002_024_00000105#11,1,1,10,10,11
250,hehe_173_000002_024_00000105#13,1,1,10,10,31
250,hehe_173_000002_024_00000105#15,1,1,10,10,76
250,hehe_186_000002_028_00000050#1,1,1,10,10,77
250,hehe_22_00000004#0,1,1,10,10,29
250,hehe_22_00000004#2,1,1,10,10,23
250,hehe_22_00000004#4,1,1,10,10,69
250,hehe_22_00000004#6,1,1,10,10,57
250,hehe_22_00000004#7,1,1,10,10,70
250,hehe_22_00000004#9,1,1,6,10,11
250,hehe_230_000002_043_00000061#1,1,1,10,10,69
250,hehe_230_000002_043_00000061#6,1,1,10,10,62
250,hehe_230_000002_043_00000061#7,1,1,10,10,58
250,hehe_230_000002_043_00000061#10,1,1,10,10,31
250,hehe_230_000002_043_00000061#11,1,1,10,10,37
250,hehe_230_000002_043_00000061#13,1,1,10,10,19
250,hehe_230_000002_043_00000061#14,1,1,8,10,12
250,hehe_232_000002_043_00000181#0,1,1,8,10,8
250,hehe_232_000002_043_00000181#1,1,1,10,10,22
250,hehe_232_000002_043_00000181#2,1,1,10,10,57
250,hehe_232_000002_043_00000181#3,1,1,10,10,36
250,hehe_232_000002_043_00000181#8,1,1,10,10,57
250,hehe_274_000002_060_00000105#1,1,1,10,10,67
250,hehe_274_000002_060_00000105#5,1,1,10,10,28
250,hehe_274_000002_060_00000105#6,1,1,10,10,11
250,hehe_40_00000033#1,1,1,10,10,26
250,hehe_40_00000033#2,1,1,10,10,46
250,hehe_40_00000033#3,1,1,1,10,40
250,hehe_40_00000033#5,1,1,10,10,40
250,hehe_45_00000001#2,1,1,10,10,42
250,hehe_45_00000001#4,1,1,10,10,28
250,hehe_45_00000001#5,1,1,10,10,49
250,hehe_45_00000001#6,1,1,10,10,40
250,hehe_45_00000001#7,1,1,10,10,60
250,hehe_45_00000001#8,1,1,10,10,34
250,hehe_45_00000001#9,1,1,10,10,46
250,hehe_52_00000107#0,1,1,10,10,19
250,hehe_52_00000107#1,1,1,8,10,8
250,hehe_61_00000090#2,1,1,10,10,76
250,hehe_61_00000090#3,1,1,10,10,39
250,hehe_61_00000090#4,1,1,10,10,20
250,hehe_61_00000090#9,1,1,10,10,64
250,hehe_61_00000090#10,1,1,10,10,50
250,hehe_61_00000090#11,1,1,10,10,84
250,hehe_65_00000229#2,1,1,10,10,59
250,hehe_65_00000229#3,1,1,10,10,32
250,hehe_65_00000229#4,1,1,10,10,30
250,hehe_65_00000229#6,1,1,10,10,16
250,hehe_65_00000229#7,1,1,10,10,21
250,hehe_6_00000054#0,1,1,9,10,12
250,hehe_6_00000054#2,1,1,10,10,35
250,hehe_6_00000054#3,1,1,10,10,32
250,hehe_6_00000054#4,1,1,10,10,27
250,hehe_6_00000054#6,1,1,10,10,76
250,hehe_6_00000054#13,1,1,10,10,74
250,hehe_6_00000054#16,1,1,10,10,32
250,hehe_6_00000054#17,1,1,10,10,38
250,hehe_86_00000253#0,1,1,10,10,45
250,hehe_86_00000253#3,1,1,10,10,58
250,hehe_87_00000315#1,1,1,10,10,39
250,hehe_87_00000315#2,1,1,10,10,40
250,hehe_87_00000315#3,1,1,10,10,33
250,hehe_87_00000315#4,1,1,10,10,20
250,hehe_87_00000315#5,1,1,10,10,30
250,hehe_87_00000315#6,1,1,5,10,14
250,shuming_1007_00000230#0,1,1,10,10,38
250,shuming_1007_00000230#3,1,1,10,10,43
250,shuming_1007_00000230#4,1,1,3,10,36
250,shuming_1007_00000230#5,1,1,10,10,46
250,shuming_1007_00000230#7,1,1,10,10,63
250,shuming_1007_00000230#10,1,1,10,10,62
250,shuming_1007_00000230#11,1,1,10,10,39
250,shuming_1007_00000230#12,1,1,11,10,34
250,shuming_1007_00000230#13,1,1,9,10,10
250,shuming_1007_00000230#14,1,1,5,10,7
250,shuming_1007_00000230#15,1,1,10,10,79
250,shuming_1007_00000230#16,1,1,10,10,47
250,shuming_1007_00000230#17,1,1,10,10,19
250,shuming_1007_00000230#18,1,1,10,10,13
250,shuming_1007_00000230#20,1,1,10,10,20
250,shuming_1007_00000230#21,1,1,10,10,69
250,shuming_1007_00000230#22,1,1,10,10,27
250,shuming_1007_00000230#23,1,1,10,10,22
250,shuming_1013_00000065#0,1,1,10,10,87
250,shuming_1013_00000065#1,1,1,10,10,41
250,shuming_1013_00000065#3,1,1,10,10,26
250,shuming_1028_00000411#3,1,1,10,10,55
250,shuming_1028_00000411#4,1,1,10,10,10
250,shuming_1028_00000411#5,1,1,10,10,15
250,shuming_1064_00000087#0,1,1,10,10,34
250,shuming_1064_00000087#1,1,1,10,10,55
250,shuming_1064_00000087#2,1,1,10,10,56
250,shuming_1064_00000087#3,1,1,10,10,72
250,shuming_1064_00000087#4,1,1,10,10,69
250,shuming_1064_00000087#6,1,1,10,10,26
250,shuming_1064_00000087#7,1,1,10,10,54
250,shuming_1064_00000087#8,1,1,10,10,86
250,shuming_1076_00000257#1,1,1,10,10,31
250,shuming_1076_00000257#2,1,1,10,10,29
250,shuming_1076_00000257#3,1,1,10,10,20
250,shuming_1076_00000257#4,1,1,10,10,19
250,shuming_1076_00000257#5,1,1,10,10,23
250,shuming_1079_00000233#3,1,1,10,10,18
250,shuming_1079_00000233#4,1,1,10,10,12
250,shuming_1079_00000233#6,1,1,10,10,35
250,shuming_1080_00000016#0,1,1,10,10,72
250,shuming_1080_00000016#4,1,1,10,10,10
250,shuming_1132_00000385#2,1,1,10,10,29
250,shuming_1132_00000385#3,1,1,10,10,32
250,shuming_1132_00000385#4,1,1,7,10,25
250,shuming_1135_00000213#0,1,1,10,10,76
250,shuming_1148_00000041#0,1,1,10,10,74
250,shuming_1157_00000010#0,1,1,10,10,72
250,shuming_1157_00000010#1,1,1,10,10,32
250,shuming_1157_00000010#2,1,1,10,10,18
250,shuming_1180_00000231#3,1,1,10,10,49
250,shuming_24_00000001#0,1,1,10,10,40
250,shuming_24_00000001#1,1,1,10,10,62
250,shuming_340_00000020#1,1,1,10,10,21
250,shuming_340_00000020#19,1,1,10,10,11
250,shuming_340_00000020#22,1,1,7,10,7
250,shuming_340_00000020#23,1,1,10,10,12
250,shuming_340_00000020#26,1,1,9,10,9
250,shuming_340_00000020#30,1,1,9,10,9
250,shuming_340_00000020#31,1,1,10,10,12
250,shuming_340_00000020#38,1,1,10,10,10
250,shuming_35_00000199#0,1,1,10,10,73
250,shuming_35_00000199#3,1,1,10,10,36
250,shuming_35_00000199#4,1,1,10,10,26
250,shuming_35_00000199#5,1,1,4,10,87
250,shuming_35_00000199#6,1,1,9,10,18
250,shuming_35_00000199#8,1,1,10,10,14
250,shuming_35_00000199#9,1,1,8,10,8
250,shuming_35_00000199#11,1,1,10,10,39
250,shuming_410_00000037#0,1,1,6,10,7
250,shuming_410_00000037#9,1,1,10,10,45
250,shuming_461_00000082#0,1,1,10,10,53
250,shuming_461_00000082#2,1,1,10,10,42
250,shuming_461_00000082#3,1,1,10,10,31
250,shuming_461_00000082#4,1,1,10,10,14
250,shuming_461_00000082#5,1,1,10,10,11
250,shuming_465_00000030#0,1,1,10,10,10
250,shuming_465_00000030#2,1,1,10,10,56
250,shuming_465_00000030#3,1,1,10,10,15
250,shuming_470_00000057#3,1,1,10,10,43
250,shuming_470_00000057#4,1,1,10,10,23
250,shuming_482_00000018#3,1,1,10,10,53
250,shuming_482_00000018#4,1,1,10,10,44
250,shuming_482_00000018#5,1,1,10,10,62
250,shuming_485_00000027#3,1,1,10,10,16
250,shuming_485_00000027#4,1,1,10,10,52
250,shuming_503_00000052#0,1,1,10,10,32
250,shuming_503_00000052#1,1,1,10,10,26
250,shuming_562_00000223#2,1,1,10,10,76
250,shuming_571_00000215#0,1,1,10,10,56
250,shuming_571_00000215#1,1,1,10,10,46
250,shuming_574_00000017#0,1,1,10,10,63
250,shuming_608_00000031#1,1,1,10,10,19
250,shuming_608_00000031#2,1,1,10,10,30
250,shuming_608_00000031#3,1,1,10,10,35
250,shuming_608_00000031#4,1,1,10,10,11
250,shuming_610_00000148#0,1,1,10,10,50
250,shuming_63_00000393#3,1,1,10,10,15
250,shuming_63_00000393#4,1,1,10,10,17
250,shuming_63_00000393#5,1,1,8,10,9
250,shuming_63_00000393#6,1,1,10,10,23
250,shuming_63_00000393#7,1,1,10,10,21
250,shuming_63_00000393#8,1,1,10,10,23
250,shuming_63_00000393#9,1,1,10,10,20
250,shuming_663_00000328#2,1,1,10,10,50
250,shuming_663_00000328#3,1,1,10,10,40
250,shuming_67_00000001#1,1,1,10,10,55
250,shuming_67_00000001#2,1,1,10,10,18
250,shuming_698_00000001#0,1,1,10,10,11
250,shuming_698_00000001#1,1,1,2,10,13
250,shuming_698_00000001#2,1,1,10,10,17
250,shuming_698_00000001#3,1,1,10,10,20
250,shuming_698_00000001#4,1,1,10,10,15
250,shuming_698_00000001#5,1,1,10,10,14
250,shuming_698_00000001#7,1,1,10,10,26
250,shuming_698_00000001#8,1,1,10,10,17
250,shuming_698_00000001#9,1,1,10,10,14
250,shuming_698_00000001#10,1,1,10,10,13
250,shuming_698_00000001#11,1,1,10,10,13
250,shuming_698_00000001#12,1,1,10,10,15
250,shuming_698_00000001#13,1,1,10,10,14
250,shuming_698_00000001#14,1,1,10,10,12
250,shuming_698_00000001#15,1,1,10,10,15
250,shuming_698_00000001#16,1,1,10,10,15
250,shuming_698_00000001#17,1,1,10,10,23
250,shuming_698_00000001#18,1,1,10,10,18
250,shuming_698_00000001#19,1,1,10,10,19
250,shuming_698_00000001#20,1,1,10,10,22
250,shuming_698_00000001#21,1,1,10,10,24
250,shuming_698_00000001#22,1,1,10,10,18
250,shuming_698_00000001#23,1,1,10,10,35
250,shuming_698_00000001#25,1,1,10,10,64
250,shuming_706_00000375#0,1,1,10,10,41
250,shuming_706_00000375#2,1,1,10,10,32
250,shuming_706_00000375#3,1,1,7,10,17
250,shuming_706_00000375#4,1,1,10,10,52
250,shuming_72_00000270#19,1,1,10,10,54
250,shuming_72_00000270#20,1,1,10,10,22
250,shuming_72_00000270#22,1,1,10,10,48
250,shuming_72_00000270#24,1,1,10,10,20
250,shuming_731_00000492#0,1,1,10,10,32
250,shuming_731_00000492#1,1,1,10,10,26
250,shuming_731_00000492#3,1,1,10,10,60
250,shuming_731_00000492#5,1,1,10,10,69
250,shuming_753_00000172#0,1,1,10,10,12
250,shuming_758_00000371#0,1,1,10,10,52
250,shuming_763_00000009#2,1,1,10,10,15
250,shuming_774_00000273#3,1,1,10,10,63
250,shuming_774_00000273#5,1,1,10,10,31
250,shuming_779_00000254#1,1,1,10,10,63
250,shuming_779_00000254#5,1,1,10,10,80
250,shuming_783_00000248#0,1,1,10,10,81
250,shuming_783_00000248#2,1,1,10,10,66
250,shuming_793_00000117#2,1,1,10,10,31
250,shuming_825_00000172#1,1,1,10,10,13
250,shuming_825_00000172#2,1,1,7,10,7
250,shuming_825_00000172#3,1,1,10,10,16
250,shuming_826_00000213#1,1,1,10,10,14
250,shuming_826_00000213#2,1,1,10,10,18
250,shuming_826_00000213#3,1,1,9,10,9
250,shuming_85_00000273#4,1,1,10,10,11
250,shuming_987_00000275#1,1,1,10,10,41
250,shuming_987_00000275#2,1,1,10,10,23
250,shuming_987_00000275#3,1,1,10,10,19
250,shuming_987_00000275#4,1,1,10,10,21
250,shuming_987_00000275#5,1,1,10,10,10
275,00000045#1,1,1,10,10,242
275,00000045#2,1,1,10,10,88
275,00000045#3,1,1,10,10,105
275,00000045#6,1,1,10,10,286
275,00000045#7,1,1,10,10,279
275,00000057#1,1,1,10,10,225
275,00000057#2,1,1,10,10,88
275,00000057#3,1,1,10,10,111
275,00000057#5,1,1,10,10,133
275,00000063#1,1,1,10,10,279
275,00000063#2,1,1,10,10,90
275,00000063#3,1,1,10,10,107
275,00000063#5,1,1,10,10,208
275,00000095#1,1,1,10,10,279
275,00000095#2,1,1,10,10,114
275,00000095#3,1,1,10,10,105
275,00000106#1,1,1,10,10,245
275,00000106#2,1,1,10,10,135
275,00000106#3,1,1,10,10,122
275,00000106#5,1,1,10,10,157
275,00000123#1,1,1,10,10,196
275,00000123#2,1,1,10,10,87
275,00000123#3,1,1,10,10,190
275,00000123#5,1,1,10,10,108
275,00000171#0,1,1,10,10,120
275,00000180#0,1,1,10,10,136
275,00000234#1,1,1,10,10,108
275,00000257#0,1,1,10,10,93
275,00000271#0,1,1,10,10,118
275,00000271#1,1,1,10,10,132
275,00000273#0,1,1,10,10,84
275,00000273#1,1,1,10,10,99
275,000002_080_00000048#0,1,1,10,10,69
275,000002_083_00000169#0,1,1,10,10,14
275,000002_083_00000169#1,1,1,10,10,26
275,000002_083_00000169#2,1,1,10,10,36
275,00000346#0,1,1,10,10,381
275,00000364#0,1,1,10,10,210
275,00000396#0,1,1,10,10,111
275,00000399#0,1,1,10,10,82
275,000003_081_00000171#10,1,1,10,10,76
275,000003_081_00000171#11,1,1,10,10,82
275,00000426#0,1,1,10,10,653
275,00000506#0,1,1,10,10,117
275,000005_004_00000286#4,1,1,10,10,62
275,000005_006_00000001#1,1,1,10,10,68
275,000005_006_00000001#2,1,1,6,10,25
275,000005_019_00000209#0,1,1,10,10,43
275,000005_019_00000209#1,1,1,10,10,31
275,000005_019_00000209#2,1,1,10,10,59
275,000005_027_00000493#1,1,1,10,10,34
275,000005_027_00000493#2,1,1,10,10,38
275,000005_027_00000493#3,1,1,10,10,49
275,000005_027_00000493#4,1,1,10,10,21
275,000005_027_00000493#5,1,1,10,10,25
275,000005_027_00000493#6,1,1,10,10,20
275,000005_027_00000493#7,1,1,10,10,26
275,000005_027_00000493#8,1,1,10,10,74
275,000005_028_00000001#2,1,1,10,10,77
275,000005_028_00000163#2,1,1,10,10,31
275,00000618#2,1,1,10,10,101
275,000006_010_00000389#4,1,1,10,10,58
275,000006_011_00000307#3,1,1,10,10,25
275,000006_011_00000409#8,1,1,10,10,40
275,000006_011_00000409#10,1,1,10,10,54
275,000006_012_00000001#3,1,1,10,10,38
275,000006_012_00000001#6,1,1,10,10,63
275,000006_012_00000001#11,1,1,10,10,69
275,000006_012_00000001#12,1,1,10,10,33
275,000008_003_00000235#1,1,1,10,10,76
275,000008_003_00000235#2,1,1,10,10,59
275,000008_003_00000235#3,1,1,10,10,81
275,000008_003_00000235#4,1,1,10,10,66
275,000008_003_00000235#5,1,1,10,10,68
275,000008_003_00000235#10,1,1,10,10,68
275,000008_003_00000235#11,1,1,10,10,16
275,000008_003_00000352#1,1,1,10,10,66
275,000008_003_00000352#3,1,1,10,10,80
275,000008_003_00000352#5,1,1,10,10,74
275,000008_003_00000352#7,1,1,10,10,75
275,000008_003_00000352#8,1,1,10,10,75
275,000008_003_00000352#9,1,1,10,10,76
275,000008_003_00000352#10,1,1,10,10,64
275,000008_003_00000352#12,1,1,10,10,74
275,000008_003_00000352#13,1,1,10,10,16
275,000008_003_00000469#0,1,1,10,10,85
275,000008_003_00000469#1,1,1,10,10,70
275,000008_003_00000469#2,1,1,10,10,67
275,000008_003_00000469#3,1,1,10,10,78
275,000008_003_00000469#4,1,1,10,10,85
275,000008_003_00000469#6,1,1,10,10,89
275,000008_003_00000469#9,1,1,10,10,31
275,000008_003_00000469#10,1,1,10,10,18
275,000008_004_00000665#2,1,1,10,10,34
275,000008_004_00000665#4,1,1,10,10,39
275,000008_004_00000665#11,1,1,10,10,52
275,000008_004_00000665#12,1,1,10,10,63
275,000008_004_00000665#13,1,1,10,10,37
275,000008_013_00000195#1,1,1,10,10,66
275,000008_013_00000195#2,1,1,10,10,60
275,000008_042_00000273#1,1,1,10,10,40
275,000008_045_00000001#0,1,1,10,10,48
275,000008_045_00000001#2,1,1,10,10,70
275,000008_045_00000001#3,1,1,10,10,14
275,000008_045_00000157#0,1,1,10,10,80
275,000008_045_00000157#4,1,1,10,10,17
275,000008_048_00000361#3,1,1,10,10,42
275,000008_048_00000361#4,1,1,10,10,36
275,000008_048_00000361#5,1,1,9,10,29
275,000009_008_00000241#3,1,1,10,10,78
275,000009_008_00000241#5,1,1,10,10,69
275,000009_008_00000241#6,1,1,10,10,29
275,000009_008_00000241#7,1,1,10,10,76
275,000009_008_00000241#9,1,1,10,10,84
275,000009_033_00000333#1,1,1,10,10,16
275,000009_033_00000333#2,1,1,10,10,38
275,000009_033_00000333#3,1,1,10,10,38
275,000009_033_00000333#4,1,1,10,10,36
275,000009_033_00000333#6,1,1,10,10,51
275,000012_008_00000163#3,1,1,10,10,67
275,000012_008_00000163#4,1,1,10,10,55
275,000012_008_00000163#5,1,1,10,10,48
275,000012_008_00000163#6,1,1,10,10,60
275,000012_008_00000163#8,1,1,10,10,74
275,000012_008_00000163#10,1,1,10,10,17
275,000012_008_00000163#11,1,1,10,10,26
275,000012_008_00000163#12,1,1,10,10,27
275,000012_008_00000163#13,1,1,10,10,15
275,000012_008_00000163#14,1,1,10,10,11
275,000012_009_00000244#1,1,1,10,10,71
275,000012_009_00000244#3,1,1,10,10,68
275,000012_009_00000244#4,1,1,10,10,40
275,000012_009_00000244#5,1,1,10,10,45
275,000012_009_00000244#6,1,1,10,10,21
275,000012_009_00000244#7,1,1,10,10,13
275,000012_009_00000244#8,1,1,10,10,12
275,000012_009_00000244#9,1,1,10,10,14
275,000012_009_00000244#10,1,1,10,10,34
275,000012_009_00000244#11,1,1,10,10,18
275,000012_009_00000244#12,1,1,10,10,18
275,000012_009_00000244#13,1,1,10,10,19
275,000012_009_00000244#14,1,1,8,10,8
275,000012_009_00000325#3,1,1,10,10,82
275,000012_009_00000325#4,1,1,10,10,36
275,000012_009_00000325#5,1,1,10,10,43
275,000012_009_00000325#6,1,1,10,10,28
275,000012_009_00000325#7,1,1,10,10,17
275,000012_009_00000325#8,1,1,10,10,16
275,000012_009_00000325#9,1,1,8,10,8
275,000012_009_00000325#11,1,1,10,10,28
275,000012_009_00000325#12,1,1,10,10,15
275,000012_009_00000325#14,1,1,10,10,22
275,000012_009_00000325#15,1,1,3,10,19
275,000012_009_00000325#16,1,1,10,10,35
275,000012_014_00000184#0,1,1,10,10,33
275,000012_014_00000184#1,1,1,10,10,55
275,000012_014_00000184#3,1,1,10,10,26
275,000012_019_00000151#1,1,1,10,10,59
275,000012_019_00000151#2,1,1,10,10,14
275,000012_019_00000151#4,1,1,10,10,21
275,000012_019_00000151#5,1,1,10,10,14
275,000012_022_00000090#0,1,1,10,10,64
275,000012_022_00000090#1,1,1,10,10,23
275,000012_025_00000313#1,1,1,10,10,11
275,000012_025_00000313#2,1,1,10,10,11
275,000012_025_00000313#3,1,1,10,10,13
275,000012_025_00000313#4,1,1,7,10,7
275,000012_025_00000313#5,1,1,10,10,13
275,000012_025_00000313#6,1,1,8,10,8
275,000012_028_00000250#0,1,1,10,10,64
275,000012_028_00000250#1,1,1,10,10,56
275,000013_001_00000001#1,1,1,10,10,33
275,000013_001_00000001#2,1,1,10,10,34
275,000013_001_00000001#3,1,1,10,10,31
275,000013_002_00000281#1,1,1,10,10,31
275,000013_002_00000281#2,1,1,10,10,36
275,000013_002_00000281#3,1,1,10,10,20
275,000013_023_00000075#1,1,1,10,10,56
275,000013_023_00000075#2,1,1,10,10,68
275,000013_025_00000285#0,1,1,10,10,15
275,000013_025_00000285#1,1,1,10,10,56
275,000013_025_00000285#2,1,1,10,10,20
275,000013_030_00000063#0,1,1,10,10,21
275,000013_030_00000063#1,1,1,10,10,68
275,000013_039_00000063#0,1,1,10,10,41
275,000013_039_00000063#1,1,1,10,10,32
275,000013_039_00000063#3,1,1,10,10,26
275,000013_039_00000063#5,1,1,7,10,8
275,000013_040_suppl_00000167#0,1,1,10,10,79
275,000013_040_suppl_00000333#1,1,1,10,10,50
275,000013_040_suppl_00000333#3,1,1,10,10,80
275,000013_040_suppl_00000333#4,1,1,8,10,8
275,000013_044_00000001#0,1,1,10,10,24
275,000013_044_00000001#1,1,1,10,10,31
275,000013_044_00000001#2,0,1,0,10,72
275,000013_044_00000001#4,0,1,0,10,38
275,000013_044_00000001#5,1,1,10,10,72
275,000013_044_00000001#7,1,1,10,10,62
275,000013_048_00000001#0,1,1,10,10,46
275,000013_048_00000001#1,1,1,10,10,60
275,000013_048_00000001#3,0,1,0,10,49
275,000013_048_00000001#4,0,1,0,10,69
275,000013_056_00000281#2,1,1,10,10,49
275,000013_056_00000281#3,1,1,10,10,16
275,000013_056_00000281#4,1,1,10,10,21
275,000013_056_00000281#6,1,1,10,10,11
275,000013_056_00000281#7,1,1,10,10,12
275,000013_056_00000281#8,1,1,10,10,64
275,000013_056_00000281#9,1,1,10,10,43
275,000013_056_00000281#10,1,1,10,10,32
275,000014_012_00000217#1,1,1,10,10,41
275,000014_012_00000217#2,1,1,10,10,48
275,000014_050_00000273#3,1,1,10,10,47
275,000014_050_00000273#4,1,1,10,10,57
275,000014_050_00000273#5,1,1,10,10,26
275,000014_051_suppl_00000341#2,1,1,9,10,15
275,000014_052_00000131#2,1,1,10,10,22
275,000014_052_00000131#3,1,1,10,10,13
275,000015_004_00000268#0,1,1,10,10,27
275,000015_004_suppl_00000223#2,1,1,10,10,36
275,000016_043_suppl_00000292#1,1,1,10,10,21
275,000016_043_suppl_00000292#2,1,1,10,10,56
275,000016_043_suppl_00000292#4,1,1,10,10,30
275,000016_043_suppl_00000292#5,1,1,10,10,25
275,000016_043_suppl_00000292#6,1,1,10,10,45
275,000016_043_suppl_00000292#8,1,1,10,10,26
275,000016_043_suppl_00000292#9,1,1,10,10,32
275,000016_043_suppl_00000292#10,1,1,10,10,19
275,000016_043_suppl_00000292#11,1,1,10,10,27
275,000016_043_suppl_00000292#12,1,1,10,10,32
275,000016_043_suppl_00000292#14,1,1,10,10,70
275,000016_043_suppl_00000292#17,1,1,10,10,47
275,000016_043_suppl_00000292#20,1,1,10,10,23
275,000016_044_00000085#0,1,1,10,10,83
275,000016_044_00000085#1,1,1,10,10,62
275,000016_044_00000085#3,1,1,10,10,17
275,000016_044_00000085#4,1,1,10,10,65
275,000016_044_00000085#7,1,1,10,10,67
275,000016_044_00000085#10,1,1,10,10,78
275,000016_044_00000169#1,1,1,8,10,37
275,000016_044_00000169#2,1,1,10,10,36
275,000016_044_00000169#3,1,1,10,10,16
275,000016_044_00000169#5,1,1,10,10,15
275,000016_044_00000169#6,1,1,10,10,59
275,000016_044_00000169#8,1,1,10,10,88
275,000016_044_00000169#16,1,1,7,10,73
275,000016_044_00000169#17,1,1,10,10,65
275,000017_011_00000297#3,1,1,10,10,12
275,000017_011_00000297#5,1,1,10,10,68
275,000017_011_00000297#9,1,1,10,10,26
275,000017_011_00000297#10,1,1,10,10,86
275,000017_011_00000297#11,1,1,10,10,59
275,000017_011_00000297#13,1,1,10,10,43
275,000017_012_00000135#2,1,1,10,10,36
275,000017_020_00000214#0,1,1,10,10,21
275,000017_020_00000214#2,1,1,10,10,27
275,000017_020_suppl_00000356#0,1,1,10,10,20
275,000017_020_suppl_00000356#2,1,1,10,10,20
275,000018_006_00000063#0,1,1,10,10,66
275,000019_030_00000072#1,1,1,10,10,23
275,000019_030_00000072#2,1,1,10,10,72
275,000019_030_00000072#3,1,1,10,10,54
275,000019_030_00000072#4,1,1,10,10,21
275,000019_030_00000072#5,1,1,10,10,10
275,000019_038_00000205#2,1,1,10,10,20
275,000019_038_00000205#3,1,1,10,10,25
275,000019_038_00000205#4,1,1,10,10,21
275,000019_038_00000205#5,1,1,10,10,36
275,000019_038_00000205#6,1,1,10,10,84
275,000019_038_00000205#7,1,1,8,10,70
275,000019_038_00000205#8,1,1,10,10,82
275,000019_041_00000141#2,1,1,10,10,24
275,000019_045_00000145#4,1,1,10,10,46
275,000019_045_00000145#5,1,1,10,10,42
275,000019_045_00000145#7,1,1,10,10,67
275,000020_010_00000089#1,1,1,10,10,60
275,000020_010_00000089#5,1,1,9,10,9
275,000020_010_00000089#6,1,1,10,10,20
275,000020_010_00000089#7,1,1,4,10,8
275,000020_014_00000193#2,1,1,10,10,63
275,000020_014_00000193#3,1,1,10,10,76
275,000020_014_00000193#5,1,1,10,10,54
275,000020_014_00000193#6,1,1,10,10,77
275,000020_018_00000093#0,1,1,10,10,16
275,000020_018_00000093#1,1,1,10,10,24
275,000020_018_00000093#2,1,1,10,10,81
275,000020_018_00000093#3,1,1,10,10,42
275,000021_020_00000131#2,1,1,10,10,76
275,000023_005_00000070#1,1,1,10,10,32
275,000023_005_00000070#2,1,1,10,10,87
275,000023_005_00000070#3,1,1,10,10,63
275,000023_005_00000070#4,1,1,10,10,63
275,000023_005_00000070#5,1,1,10,10,18
275,000023_005_00000070#6,1,1,10,10,23
275,000031#0,1,1,10,10,53
275,000031#1,1,1,10,10,15
275,000031#2,1,1,8,10,8
275,000031#3,1,1,10,10,15
275,000031#6,1,1,10,10,24
275,000031#8,1,1,10,10,53
275,000031#10,1,1,10,10,16
275,000031#11,1,1,7,10,21
275,000066#0,1,1,10,10,31
275,000066#1,1,1,10,10,15
275,000066#2,1,1,10,10,61
275,000066#3,1,1,10,10,39
275,000070#0,1,1,10,10,28
275,000070#1,1,1,10,10,18
275,000070#2,1,1,8,10,52
275,000070#3,1,1,10,10,67
275,000173#1,1,1,10,10,27
275,000303#2,1,1,10,10,67
275,000303#6,1,1,10,10,30
275,000303#7,1,1,10,10,16
275,000328#1,1,1,10,10,58
275,000328#3,1,1,10,10,65
275,000415#1,1,1,10,10,14
275,000415#2,1,1,7,10,9
275,000415#4,1,1,10,10,22
275,000415#5,1,1,10,10,24
275,000415#6,1,1,10,10,12
275,000415#8,1,1,10,10,10
275,000415#10,1,1,10,10,13
275,000415#11,1,1,10,10,12
275,000415#13,1,1,10,10,21
275,000415#14,1,1,10,10,13
275,000415#15,1,1,9,10,17
275,000415#16,1,1,7,10,8
275,000415#17,1,1,9,10,10
275,000415#19,1,1,10,10,37
275,000433#7,1,1,10,10,57
275,000437#0,1,1,10,10,67
275,000437#1,1,1,9,10,75
275,000437#2,1,1,10,10,26
275,000437#5,1,1,10,10,48
275,000484#2,1,1,10,10,37
275,000484#3,1,1,10,10,55
275,000500#0,1,1,10,10,14
275,000500#1,1,1,9,10,9
275,000500#2,1,1,10,10,15
275,000525#0,1,1,10,10,14
275,000525#1,1,1,10,10,30
275,000525#2,1,1,10,10,35
275,000561#0,1,1,10,10,70
275,000561#3,1,1,10,10,63
275,000561#4,1,1,10,10,38
275,000597#2,1,1,10,10,62
275,000597#3,1,1,5,10,29
275,000630#0,1,1,10,10,14
275,000680#5,1,1,10,10,69
275,000707#1,1,1,10,10,13
275,000707#2,1,1,10,10,18
275,000707#3,1,1,9,10,9
275,000707#4,1,1,10,10,25
275,000707#5,1,1,10,10,20
275,000735#1,1,1,10,10,11
275,000738#0,1,1,10,10,26
275,000738#2,1,1,9,10,9
275,000738#3,1,1,10,10,36
275,000756#4,1,1,10,10,34
275,000759#2,1,1,10,10,34
275,000780#0,1,1,10,10,22
275,000780#3,1,1,10,10,90
275,000783#0,1,1,10,10,45
275,000783#1,1,1,10,10,42
275,000783#3,1,1,10,10,38
275,000783#4,1,1,10,10,26
275,000808#1,1,1,10,10,21
275,000820#2,1,1,10,10,58
275,000820#3,1,1,10,10,45
275,000820#4,1,1,10,10,25
275,000820#5,1,1,10,10,27
275,000820#7,1,1,8,10,8
275,000889#5,1,1,10,10,84
275,000889#6,1,1,10,10,40
275,000889#7,1,1,10,10,14
275,000889#8,1,1,10,10,15
275,000889#9,1,1,10,10,22
275,000889#13,1,1,10,10,24
275,000889#14,1,1,10,10,69
275,000943#0,1,1,10,10,16
275,000943#1,1,1,10,10,14
275,000943#2,1,1,10,10,64
275,000943#3,1,1,7,10,7
275,000943#4,1,1,6,10,7
275,000943#6,1,1,10,10,18
275,000943#7,1,1,10,10,23
275,000952#0,1,1,10,10,22
275,001033#1,1,1,10,10,15
275,001033#2,1,1,10,10,31
275,001033#3,1,1,10,10,41
275,001033#9,1,1,10,10,25
275,001033#10,1,1,10,10,21
275,001035#0,1,1,10,10,19
275,001035#1,1,1,10,10,53
275,001035#2,1,1,10,10,76
275,001035#7,1,1,10,10,40
275,001035#9,1,1,10,10,22
275,001035#10,1,1,10,10,63
275,001114#5,1,1,10,10,47
275,001114#6,1,1,10,10,40
275,001114#7,1,1,10,10,12
275,001114#8,1,1,10,10,26
275,001114#10,1,1,10,10,17
275,001123#0,1,1,10,10,31
275,001123#1,1,1,10,10,76
275,001123#2,1,1,10,10,77
275,001123#4,1,1,10,10,64
275,001123#5,1,1,10,10,42
275,001123#6,1,1,10,10,79
275,001123#7,1,1,10,10,86
275,001123#8,1,1,3,10,36
275,001123#9,1,1,10,10,56
275,001123#10,1,1,10,10,62
275,001123#11,1,1,10,10,66
275,001123#12,1,1,10,10,79
275,001123#13,1,1,10,10,31
275,001123#18,1,1,9,10,9
275,001123#19,1,1,10,10,10
275,001123#20,1,1,10,10,49
275,001123#21,1,1,10,10,32
275,001123#22,1,1,10,10,33
275,001135#4,1,1,10,10,64
275,001135#6,1,1,10,10,72
275,001135#7,1,1,9,10,14
275,001157#4,1,1,10,10,14
275,001157#5,1,1,10,10,30
275,001157#8,1,1,10,10,77
275,001157#9,1,1,10,10,68
275,001202#3,1,1,10,10,72
275,001202#4,1,1,10,10,78
275,001202#8,1,1,10,10,23
275,001202#10,1,1,10,10,56
275,001202#11,1,1,10,10,57
275,001202#12,1,1,10,10,42
275,001257#0,1,1,10,10,46
275,001257#3,1,1,10,10,69
275,001257#6,1,1,10,10,27
275,001257#9,1,1,10,10,27
275,001257#10,1,1,10,10,46
275,001257#11,1,1,10,10,31
275,001276#3,1,1,10,10,58
275,001276#7,1,1,10,10,30
275,001276#9,1,1,10,10,54
275,001276#10,1,1,10,10,27
275,001276#11,1,1,10,10,31
275,001276#12,1,1,10,10,25
275,001276#13,1,1,10,10,35
275,001276#14,1,1,10,10,50
275,001276#15,1,1,10,10,25
275,001295#0,1,1,10,10,30
275,001295#1,1,1,10,10,52
275,001295#3,1,1,10,10,10
275,001295#10,1,1,10,10,55
275,001295#11,1,1,10,10,24
275,001295#12,1,1,10,10,17
275,001295#13,1,1,10,10,28
275,001295#14,1,1,10,10,36
275,001295#15,1,1,10,10,24
275,001295#17,1,1,10,10,19
275,001295#18,1,1,10,10,15
275,001295#19,1,1,10,10,17
275,001295#20,1,1,10,10,16
275,001295#21,1,1,10,10,22
275,001295#22,1,1,10,10,26
275,001295#24,1,1,10,10,26
275,001295#26,1,1,9,10,9
275,001409#0,1,1,10,10,39
275,001409#1,1,1,10,10,43
275,001415#0,1,1,10,10,42
275,001415#1,1,1,10,10,44
275,001415#2,1,1,10,10,41
275,001415#3,1,1,10,10,53
275,001443#3,1,1,10,10,53
275,001443#4,1,1,10,10,73
275,001443#6,1,1,10,10,66
275,001443#7,1,1,10,10,67
275,001443#9,1,1,10,10,27
275,001443#10,1,1,10,10,46
275,001461#2,1,1,10,10,28
275,001461#3,1,1,10,10,42
275,001461#4,1,1,10,10,64
275,001461#5,1,1,10,10,36
275,001531#1,1,1,10,10,16
275,001531#2,1,1,10,10,11
275,001531#6,1,1,10,10,28
275,001531#8,1,1,10,10,11
275,001531#10,1,1,10,10,43
275,001558#4,1,1,10,10,31
275,001683#1,1,1,10,10,83
275,001683#6,1,1,10,10,36
275,001683#7,1,1,10,10,46
275,001683#8,1,1,10,10,50
275,001694#1,1,1,10,10,28
275,001694#2,1,1,10,10,64
275,001694#7,1,1,10,10,62
275,001694#8,1,1,10,10,36
275,001694#9,1,1,10,10,50
275,001694#10,1,1,10,10,27
275,001694#11,1,1,10,10,28
275,001694#12,1,1,10,10,22
275,001694#13,1,1,10,10,27
275,001694#14,1,1,10,10,31
275,001707#1,1,1,10,10,22
275,001707#2,1,1,10,10,68
275,001707#7,1,1,10,10,62
275,001707#8,1,1,10,10,36
275,001707#9,1,1,10,10,31
275,001707#10,1,1,10,10,34
275,001707#11,1,1,10,10,57
275,001707#12,1,1,10,10,19
275,001712#1,1,1,10,10,72
275,001712#6,1,1,10,10,58
275,001712#7,1,1,10,10,16
275,001712#8,1,1,10,10,36
275,001712#9,1,1,10,10,55
275,001712#10,1,1,10,10,25
275,001712#11,1,1,10,10,23
275,001712#12,1,1,10,10,27
275,001724#1,1,1,10,10,11
275,001724#3,1,1,10,10,56
275,001724#7,1,1,10,10,84
275,001724#8,1,1,10,10,34
275,001724#9,1,1,10,10,30
275,001724#10,1,1,10,10,27
275,001724#11,1,1,10,10,34
275,001724#12,1,1,10,10,38
275,001737#3,1,1,10,10,54
275,001737#7,1,1,10,10,76
275,001737#8,1,1,8,10,8
275,001737#9,1,1,10,10,15
275,001737#10,1,1,10,10,36
275,001737#11,1,1,10,10,30
275,001737#12,1,1,10,10,38
275,001737#13,1,1,10,10,30
275,001742#0,1,1,10,10,41
275,001763#0,1,1,10,10,25
275,001785#0,1,1,10,10,50
275,001785#1,1,1,10,10,51
275,001785#2,1,1,10,10,80
275,001851#0,1,1,10,10,48
275,001851#8,1,1,10,10,25
275,001851#9,1,1,10,10,27
275,001851#10,1,1,10,10,31
275,001851#11,1,1,10,10,25
275,001851#12,1,1,10,10,27
275,001851#13,1,1,10,10,50
275,001851#14,1,1,10,10,27
275,001862#0,1,1,10,10,48
275,001862#8,1,1,10,10,21
275,001862#9,1,1,10,10,27
275,001862#10,1,1,10,10,54
275,001862#11,1,1,10,10,21
275,001862#12,1,1,10,10,20
275,001862#13,1,1,10,10,32
275,001862#14,1,1,10,10,29
275,001862#15,1,1,10,10,37
275,001873#0,1,1,10,10,48
275,001873#4,1,1,10,10,73
275,001873#8,1,1,10,10,26
275,001873#9,1,1,10,10,50
275,001873#10,1,1,10,10,14
275,001873#11,1,1,10,10,27
275,001873#12,1,1,10,10,26
275,001873#13,1,1,10,10,27
275,001881#0,1,1,10,10,48
275,001881#4,1,1,10,10,73
275,001881#8,1,1,10,10,25
275,001881#9,1,1,10,10,54
275,001881#10,1,1,10,10,22
275,001884#0,1,1,10,10,52
275,001884#4,1,1,10,10,73
275,001884#8,1,1,10,10,21
275,001884#9,1,1,10,10,57
275,001884#10,1,1,10,10,25
275,001884#11,1,1,10,10,23
275,001884#12,1,1,10,10,20
275,001884#13,1,1,10,10,17
275,001884#14,1,1,10,10,27
275,001898#0,1,1,10,10,52
275,001898#4,1,1,10,10,74
275,001898#7,1,1,10,10,22
275,001898#8,1,1,10,10,20
275,001898#9,1,1,10,10,21
275,001898#10,1,1,10,10,24
275,001898#11,1,1,10,10,36
275,001898#12,1,1,10,10,55
275,001898#13,1,1,10,10,27
275,001898#14,1,1,10,10,24
275,001970#1,1,1,10,10,73
275,001970#3,1,1,10,10,36
275,001970#7,1,1,10,10,65
275,001970#8,1,1,10,10,26
275,001970#9,1,1,10,10,41
275,001970#10,1,1,10,10,27
275,002048#2,1,1,10,10,68
275,002048#3,1,1,10,10,53
275,002048#4,1,1,10,10,76
275,002048#7,1,1,10,10,37
275,002048#8,1,1,10,10,19
275,002048#9,1,1,10,10,40
275,002048#10,1,1,10,10,41
275,002097#3,1,1,10,10,67
275,002097#4,1,1,10,10,75
275,002097#7,1,1,10,10,22
275,002097#8,1,1,10,10,29
275,002097#9,1,1,10,10,32
275,002097#10,1,1,10,10,32
275,002102#0,1,1,10,10,63
275,002102#1,1,1,10,10,67
275,002102#2,1,1,10,10,64
275,002102#3,1,1,10,10,55
275,002102#4,1,1,10,10,59
275,002102#5,1,1,10,10,40
275,002102#6,1,1,10,10,56
275,002102#7,1,1,10,10,56
275,002102#8,1,1,10,10,50
275,002156#0,1,1,10,10,40
275,002156#1,1,1,10,10,28
275,002156#2,1,1,10,10,38
275,002156#3,1,1,10,10,59
275,002156#4,1,1,10,10,81
275,002156#7,1,1,10,10,46
275,002156#8,1,1,10,10,34
275,002156#9,1,1,10,10,53
275,002207#0,1,1,10,10,11
275,002207#1,1,1,10,10,49
275,002235#3,1,1,10,10,36
275,002235#5,1,1,10,10,55
275,002235#6,1,1,6,10,17
275,002235#7,1,1,10,10,27
275,002235#10,1,1,10,10,10
275,002265#3,1,1,10,10,15
275,002265#4,1,1,10,10,13
275,002276#0,1,1,10,10,41
275,002276#1,1,1,10,10,18
275,002276#2,1,1,10,10,32
275,002276#3,1,1,10,10,53
275,002276#6,1,1,10,10,46
275,002331#2,1,1,10,10,49
275,002331#3,1,1,10,10,37
275,002331#4,1,1,10,10,75
275,002331#16,1,1,10,10,14
275,002331#18,1,1,8,10,21
275,002334#1,1,1,10,10,11
275,002334#8,1,1,10,10,56
275,002334#9,1,1,10,10,18
275,002338#0,1,1,10,10,62
275,002338#1,1,1,10,10,70
275,002338#4,1,1,10,10,73
275,002338#5,1,1,10,10,44
275,002357#0,1,1,10,10,23
275,002357#1,1,1,10,10,35
275,002357#2,1,1,10,10,72
275,002357#3,1,1,10,10,43
275,002359#0,1,1,10,10,29
275,002359#1,1,1,10,10,43
275,002359#2,1,1,10,10,45
275,002359#3,1,1,10,10,27
275,002378#0,1,1,10,10,34
275,002378#1,1,1,10,10,11
275,002378#3,1,1,10,10,66
275,002378#5,1,1,10,10,73
275,002378#6,1,1,10,10,19
275,002380#2,1,1,10,10,77
275,002380#3,1,1,10,10,55
275,002380#4,1,1,10,10,19
275,002380#5,1,1,8,10,8
275,002380#6,1,1,10,10,45
275,002380#7,1,1,10,10,14
275,002380#8,1,1,10,10,15
275,002380#9,1,1,10,10,25
275,002413#0,1,1,10,10,23
275,002517#1,1,1,10,10,48
275,002517#2,1,1,10,10,16
275,002517#4,1,1,9,10,23
275,002517#5,1,1,10,10,76
275,002584#4,1,1,5,10,11
275,002584#6,1,1,10,10,11
275,002625#6,1,1,10,10,17
275,002625#8,1,1,10,10,26
275,002625#10,1,1,10,10,27
275,002625#13,1,1,10,10,22
275,002625#14,1,1,10,10,73
275,002625#18,1,1,10,10,29
275,002625#19,1,1,10,10,13
275,002625#20,1,1,10,10,70
275,002625#21,1,1,10,10,82
275,002625#22,1,1,10,10,36
275,002625#23,1,1,10,10,34
275,002625#24,1,1,10,10,65
275,002625#25,1,1,10,10,11
275,002625#26,1,1,10,10,48
275,002625#27,1,1,1,10,25
275,002625#28,1,1,10,10,37
275,002625#29,1,1,10,10,63
275,002625#30,1,1,10,10,23
275,002625#31,1,1,10,10,34
275,002625#32,1,1,10,10,45
275,002625#33,1,1,10,10,12
275,002627#5,1,1,10,10,20
275,002627#7,1,1,10,10,17
275,002627#11,1,1,10,10,74
275,002627#12,1,1,10,10,32
275,002627#15,1,1,10,10,69
275,002627#17,1,1,10,10,73
275,002627#18,1,1,10,10,74
275,002627#19,1,1,10,10,18
275,002627#22,1,1,10,10,87
275,002627#23,1,1,10,10,71
275,002627#26,1,1,10,10,80
275,002627#27,1,1,10,10,81
275,002627#28,1,1,10,10,48
275,002627#30,1,1,10,10,39
275,002627#31,1,1,10,10,50
275,002627#32,1,1,10,10,55
275,002671#7,1,1,10,10,51
275,002671#9,1,1,10,10,25
275,002671#11,1,1,10,10,39
275,002671#12,1,1,10,10,63
275,002671#13,1,1,10,10,45
275,002671#14,1,1,10,10,30
275,002671#15,1,1,10,10,30
275,002671#16,1,1,10,10,18
275,002671#17,1,1,10,10,45
275,002671#18,1,1,10,10,18
275,002671#19,1,1,10,10,57
275,002671#20,1,1,10,10,46
275,002671#21,1,1,10,10,23
275,002671#22,1,1,10,10,23
275,002671#23,1,1,10,10,46
275,002671#24,1,1,10,10,59
275,002677#0,1,1,10,10,63
275,002677#1,1,1,10,10,40
275,002677#16,1,1,10,10,14
275,002677#17,1,1,10,10,24
275,002677#18,1,1,10,10,76
275,002707#11,1,1,10,10,22
275,002707#12,1,1,10,10,25
275,002707#13,1,1,10,10,62
275,002750#1,1,1,10,10,15
275,002750#4,1,1,10,10,42
275,002750#12,1,1,10,10,13
275,002750#13,1,1,10,10,12
275,002750#14,1,1,10,10,10
275,002750#16,1,1,8,10,8
275,002750#18,1,1,10,10,14
275,002750#19,1,1,10,10,22
275,002750#20,1,1,10,10,28
275,002750#21,1,1,10,10,28
275,002750#22,1,1,10,10,53
275,002750#23,1,1,10,10,25
275,002750#25,1,1,10,10,51
275,002762#1,1,1,10,10,17
275,002839#1,1,1,10,10,21
275,002839#2,1,1,10,10,25
275,002839#3,1,1,10,10,48
275,002839#4,1,1,10,10,31
275,002842#3,1,1,10,10,25
275,002842#4,1,1,10,10,21
275,002844#1,1,1,10,10,42
275,002844#2,1,1,10,10,21
275,002844#3,1,1,10,10,38
275,002935#0,1,1,10,10,17
275,002935#1,1,1,10,10,13
275,002955#0,1,1,10,10,72
275,002955#1,1,1,10,10,47
275,002955#4,1,1,10,10,32
275,002955#5,1,1,10,10,21
275,002955#6,1,1,10,10,37
275,002955#7,1,1,10,10,68
275,002955#8,1,1,10,10,61
275,002955#9,1,1,8,10,11
275,002955#10,1,1,10,10,42
275,002955#11,1,1,10,10,42
275,002955#12,1,1,10,10,57
275,002955#13,1,1,10,10,67
275,002955#14,1,1,10,10,73
275,002955#16,1,1,10,10,49
275,002955#17,1,1,10,10,81
275,002955#20,1,1,10,10,15
275,002955#23,1,1,10,10,29
275,002955#24,1,1,7,10,7
275,002987#0,1,1,10,10,16
275,002987#1,1,1,9,10,9
275,002987#2,1,1,10,10,23
275,002987#3,1,1,10,10,14
275,002987#4,1,1,10,10,34
275,002987#6,1,1,10,10,64
275,002987#7,1,1,10,10,73
275,002987#8,1,1,10,10,28
275,002987#9,1,1,10,10,14
275,002987#10,1,1,10,10,15
275,002987#11,1,1,10,10,15
275,002987#12,1,1,8,10,8
275,002987#13,1,1,10,10,34
275,002987#14,1,1,10,10,20
275,002987#15,1,1,10,10,37
275,003007#6,1,1,9,10,9
275,003007#8,1,1,10,10,41
275,003007#9,1,1,10,10,24
275,003013#6,1,1,10,10,20
275,003017#4,1,1,10,10,12
275,003026#4,1,1,10,10,17
275,003056#1,1,1,10,10,24
275,003056#2,1,1,10,10,15
275,003056#3,1,1,10,10,15
275,003056#4,1,1,10,10,11
275,003056#7,1,1,10,10,38
275,003056#8,1,1,8,10,9
275,003056#9,1,1,10,10,27
275,003056#10,1,1,10,10,18
275,003056#11,1,1,10,10,61
275,003148#0,1,1,10,10,61
275,003148#2,1,1,10,10,63
275,003148#3,1,1,10,10,42
275,003148#6,1,1,10,10,47
275,003148#7,1,1,7,10,8
275,003148#8,1,1,7,10,8
275,003160#0,1,1,10,10,42
275,003160#1,1,1,10,10,28
275,003160#2,1,1,10,10,31
275,003160#3,1,1,7,10,27
275,003160#4,1,1,5,10,31
275,003160#5,1,1,10,10,84
275,003160#7,1,1,10,10,37
275,003160#8,1,1,10,10,69
275,003160#9,1,1,10,10,19
275,003160#11,1,1,10,10,78
275,003160#13,1,1,10,10,37
275,003160#14,1,1,10,10,11
275,003160#15,1,1,10,10,55
275,003160#17,1,1,10,10,43
275,003160#18,1,1,10,10,72
275,003160#19,1,1,10,10,26
275,003160#20,1,1,10,10,18
275,003160#21,1,1,10,10,46
275,003198#1,1,1,10,10,64
275,003198#4,1,1,10,10,42
275,003257#5,1,1,10,10,58
275,003262#0,1,1,10,10,28
275,003262#1,1,1,10,10,31
275,003262#4,1,1,10,10,27
275,003262#14,1,1,10,10,10
275,003262#16,1,1,8,10,10
275,003262#17,1,1,10,10,14
275,003262#21,1,1,9,10,16
275,003262#23,1,1,10,10,22
275,003262#24,1,1,10,10,18
275,003262#28,1,1,10,10,50
275,003262#29,1,1,4,10,7
275,003262#30,1,1,10,10,73
275,003273#1,1,1,10,10,73
275,003273#3,1,1,10,10,68
275,003273#4,1,1,10,10,45
275,003273#5,1,1,10,10,12
275,003273#6,1,1,10,10,87
275,003273#8,1,1,10,10,35
275,003273#9,1,1,10,10,19
275,003273#10,1,1,10,10,42
275,003273#11,1,1,10,10,17
275,003273#13,1,1,10,10,20
275,003288#0,1,1,10,10,74
275,003288#3,1,1,10,10,37
275,003288#4,1,1,10,10,27
275,003288#5,1,1,10,10,20
275,003288#6,1,1,10,10,20
275,003288#7,1,1,10,10,16
275,003288#8,1,1,10,10,14
275,003288#9,1,1,10,10,16
275,003288#10,1,1,10,10,18
275,003288#11,1,1,10,10,14
275,003288#12,1,1,10,10,27
275,003288#13,1,1,10,10,33
275,003288#14,1,1,10,10,13
275,003288#16,1,1,10,10,21
275,003288#18,1,1,10,10,69
275,003304#0,1,1,10,10,42
275,003304#1,1,1,10,10,36
275,003304#2,1,1,10,10,14
275,003304#3,1,1,10,10,48
275,003304#4,1,1,10,10,20
275,003304#8,1,1,10,10,25
275,003304#9,1,1,10,10,41
275,003304#11,1,1,10,10,42
275,003304#12,1,1,10,10,30
275,003304#13,1,1,10,10,13
275,003317#1,1,1,10,10,29
275,003317#2,1,1,10,10,26
275,003317#3,1,1,10,10,29
275,003317#5,1,1,10,10,50
275,003317#6,1,1,10,10,23
275,003317#7,1,1,10,10,27
275,003317#8,1,1,10,10,49
275,003317#9,1,1,10,10,30
275,003317#12,1,1,10,10,12
275,003317#14,1,1,10,10,55
275,003317#15,1,1,9,10,70
275,003317#16,1,1,10,10,43
275,003348#0,1,1,10,10,30
275,003353#0,1,1,10,10,14
275,003408#1,1,1,10,10,22
275,003411#0,1,1,10,10,41
275,003411#1,1,1,10,10,52
275,003411#2,1,1,10,10,57
275,003411#3,1,1,10,10,50
275,003419#0,1,1,10,10,84
275,003419#5,1,1,10,10,22
275,003419#13,1,1,10,10,24
275,003419#14,1,1,10,10,30
275,003419#17,1,1,6,10,30
275,003419#18,1,1,10,10,34
275,003419#19,1,1,10,10,18
275,003419#21,1,1,10,10,36
275,003425#5,1,1,10,10,17
275,003425#6,1,1,10,10,13
275,003425#7,1,1,10,10,11
275,003425#10,1,1,10,10,18
275,003425#12,1,1,10,10,44
275,003425#13,1,1,10,10,46
275,003460#0,1,1,10,10,26
275,003460#1,1,1,10,10,64
275,003460#3,1,1,10,10,80
275,003460#5,1,1,10,10,25
275,003460#6,1,1,10,10,73
275,003472#0,1,1,10,10,31
275,003472#1,1,1,10,10,68
275,003472#2,1,1,10,10,20
275,003472#3,1,1,10,10,71
275,003475#1,1,1,10,10,41
275,003475#2,1,1,10,10,22
275,003475#3,1,1,10,10,51
275,003475#5,1,1,10,10,46
275,003475#6,1,1,10,10,70
275,003475#10,1,1,10,10,21
275,003475#11,1,1,10,10,31
275,003487#0,1,1,10,10,53
275,003487#2,1,1,10,10,62
275,003489#0,1,1,10,10,24
275,003489#2,1,1,10,10,31
275,003489#3,1,1,10,10,55
275,003489#4,1,1,10,10,25
275,003489#5,1,1,10,10,35
275,003489#9,1,1,10,10,26
275,003489#14,1,1,10,10,37
275,003526#0,1,1,10,10,18
275,003526#3,1,1,10,10,13
275,003532#0,1,1,10,10,18
275,003532#1,1,1,10,10,42
275,003546#0,1,1,10,10,27
275,003546#1,1,1,10,10,28
275,003546#2,1,1,10,10,37
275,003592#0,1,1,10,10,23
275,003592#1,1,1,10,10,23
275,003592#2,1,1,10,10,31
275,003592#3,1,1,10,10,20
275,003595#3,1,1,10,10,27
275,003595#4,1,1,10,10,30
275,003595#5,1,1,10,10,21
275,003595#6,1,1,10,10,46
275,003603#3,1,1,10,10,32
275,003653#3,1,1,10,10,15
275,003653#5,1,1,10,10,20
275,003653#6,1,1,10,10,18
275,003653#7,1,1,10,10,14
275,003653#8,1,1,10,10,11
275,003653#9,1,1,10,10,12
275,003653#11,1,1,10,10,36
275,003653#12,1,1,10,10,51
275,003653#14,1,1,8,10,8
275,003653#16,1,1,9,10,9
275,003653#17,1,1,10,10,26
275,003653#18,1,1,8,10,8
275,003679#4,1,1,10,10,50
275,003679#5,1,1,10,10,27
275,003679#7,1,1,10,10,25
275,003679#8,1,1,10,10,32
275,003703#0,1,1,10,10,50
275,003739#0,1,1,10,10,30
275,003739#1,1,1,10,10,35
275,003739#2,1,1,10,10,17
275,003739#3,1,1,10,10,11
275,003739#5,1,1,10,10,16
275,003739#6,1,1,6,10,12
275,003739#7,1,1,10,10,26
275,003739#8,1,1,10,10,16
275,003757#0,1,1,10,10,76
275,003757#7,1,1,10,10,27
275,003757#8,1,1,9,10,10
275,003757#10,1,1,10,10,21
275,003757#14,1,1,10,10,13
275,003757#15,1,1,10,10,15
275,003757#16,1,1,9,10,11
275,003769#0,1,1,10,10,56
275,003838#0,1,1,10,10,72
275,003863#1,1,1,10,10,21
275,003863#3,1,1,10,10,17
275,003863#5,1,1,10,10,33
275,003863#7,1,1,10,10,24
275,003863#9,1,1,10,10,13
275,003863#10,1,1,10,10,12
275,003863#11,1,1,10,10,18
275,003895#2,1,1,10,10,55
275,003896#0,1,1,10,10,43
275,003896#1,1,1,10,10,19
275,003902#0,1,1,10,10,41
275,003902#1,1,1,10,10,15
275,003902#3,1,1,10,10,18
275,003902#4,1,1,10,10,30
275,003902#5,1,1,10,10,18
275,003902#6,1,1,10,10,41
275,003904#0,1,1,10,10,33
275,003904#1,1,1,10,10,19
275,003941#0,1,1,10,10,27
275,003941#1,1,1,10,10,17
275,003941#3,1,1,9,10,12
275,003941#5,1,1,9,10,25
275,003941#7,1,1,10,10,20
275,003941#8,1,1,10,10,26
275,003941#10,1,1,10,10,17
275,003941#11,1,1,10,10,26
275,003941#12,1,1,10,10,17
275,003941#13,1,1,10,10,20
275,003941#14,1,1,10,10,18
275,003941#15,1,1,10,10,22
275,003941#16,1,1,10,10,69
275,003941#20,1,1,9,10,10
275,003941#21,1,1,9,10,25
275,003941#22,1,1,10,10,13
275,003941#24,1,1,10,10,37
275,003941#25,1,1,10,10,18
275,003941#26,1,1,10,10,21
275,003941#27,1,1,10,10,18
275,003941#29,1,1,10,10,17
275,003941#30,1,1,10,10,34
275,003982#5,1,1,10,10,26
275,003982#6,1,1,10,10,15
275,003982#8,1,1,10,10,13
275,003982#11,1,1,10,10,19
275,003982#14,1,1,10,10,29
275,003982#19,1,1,3,10,9
275,003982#20,1,1,9,10,10
275,003982#23,1,1,10,10,25
275,003982#24,1,1,10,10,10
275,003982#30,1,1,10,10,12
275,003982#32,1,1,9,10,14
275,003982#34,1,1,10,10,11
275,003982#36,1,1,4,10,46
275,003982#41,1,1,9,10,10
275,003982#42,1,1,10,10,11
275,003982#43,1,1,10,10,13
275,003982#47,1,1,10,10,57
275,003982#48,1,1,10,10,16
275,003982#49,1,1,10,10,69
275,003982#50,1,1,10,10,34
275,003982#53,1,1,6,10,10
275,003982#57,1,1,10,10,18
275,003982#58,1,1,10,10,18
275,003982#60,1,1,10,10,16
275,003982#61,1,1,10,10,15
275,003982#62,1,1,10,10,17
275,003987#5,1,1,10,10,32
275,003987#6,1,1,10,10,28
275,003987#10,1,1,10,10,66
275,003987#11,1,1,10,10,71
275,003987#15,1,1,10,10,33
275,003987#16,1,1,10,10,42
275,003987#23,1,1,8,10,11
275,003987#27,1,1,10,10,11
275,003987#35,1,1,10,10,26
275,003987#38,1,1,10,10,19
275,003987#39,1,1,10,10,17
275,003987#40,1,1,10,10,16
275,003987#41,1,1,10,10,13
275,003987#43,1,1,10,10,10
275,003987#46,1,1,8,10,8
275,003987#47,1,1,10,10,15
275,003987#49,1,1,10,10,12
275,003987#50,1,1,10,10,15
275,003987#51,1,1,10,10,15
275,003987#52,1,1,10,10,10
275,003987#53,1,1,10,10,19
275,003987#55,1,1,10,10,31
275,hehe_173_000002_024_00000105#2,1,1,2,10,11
275,hehe_173_000002_024_00000105#4,1,1,5,10,11
275,hehe_173_000002_024_00000105#6,1,1,10,10,23
275,hehe_173_000002_024_00000105#7,1,1,10,10,15
275,hehe_173_000002_024_00000105#9,1,1,10,10,31
275,hehe_173_000002_024_00000105#10,1,1,10,10,25
275,hehe_173_000002_024_00000105#11,1,1,10,10,11
275,hehe_173_000002_024_00000105#13,1,1,10,10,31
275,hehe_173_000002_024_00000105#15,1,1,10,10,76
275,hehe_186_000002_028_00000050#1,1,1,10,10,77
275,hehe_22_00000004#0,1,1,10,10,29
275,hehe_22_00000004#2,1,1,10,10,23
275,hehe_22_00000004#4,1,1,10,10,69
275,hehe_22_00000004#6,1,1,10,10,57
275,hehe_22_00000004#7,1,1,10,10,70
275,hehe_22_00000004#9,1,1,6,10,11
275,hehe_230_000002_043_00000061#1,1,1,10,10,69
275,hehe_230_000002_043_00000061#6,1,1,10,10,62
275,hehe_230_000002_043_00000061#7,1,1,10,10,58
275,hehe_230_000002_043_00000061#10,1,1,10,10,31
275,hehe_230_000002_043_00000061#11,1,1,10,10,37
275,hehe_230_000002_043_00000061#13,1,1,10,10,19
275,hehe_230_000002_043_00000061#14,1,1,8,10,12
275,hehe_232_000002_043_00000181#0,1,1,8,10,8
275,hehe_232_000002_043_00000181#1,1,1,10,10,22
275,hehe_232_000002_043_00000181#2,1,1,10,10,57
275,hehe_232_000002_043_00000181#3,1,1,10,10,36
275,hehe_232_000002_043_00000181#8,1,1,10,10,57
275,hehe_274_000002_060_00000105#1,1,1,10,10,67
275,hehe_274_000002_060_00000105#5,1,1,10,10,28
275,hehe_274_000002_060_00000105#6,1,1,10,10,11
275,hehe_40_00000033#1,1,1,10,10,26
275,hehe_40_00000033#2,1,1,10,10,46
275,hehe_40_00000033#3,1,1,1,10,40
275,hehe_40_00000033#5,1,1,10,10,40
275,hehe_45_00000001#2,1,1,10,10,42
275,hehe_45_00000001#4,1,1,10,10,28
275,hehe_45_00000001#5,1,1,10,10,49
275,hehe_45_00000001#6,1,1,10,10,40
275,hehe_45_00000001#7,1,1,10,10,60
275,hehe_45_00000001#8,1,1,10,10,34
275,hehe_45_00000001#9,1,1,10,10,46
275,hehe_52_00000107#0,1,1,10,10,19
275,hehe_52_00000107#1,1,1,8,10,8
275,hehe_61_00000090#2,1,1,10,10,76
275,hehe_61_00000090#3,1,1,10,10,39
275,hehe_61_00000090#4,1,1,10,10,20
275,hehe_61_00000090#9,1,1,10,10,64
275,hehe_61_00000090#10,1,1,10,10,50
275,hehe_61_00000090#11,1,1,10,10,84
275,hehe_65_00000229#2,1,1,10,10,59
275,hehe_65_00000229#3,1,1,10,10,32
275,hehe_65_00000229#4,1,1,10,10,30
275,hehe_65_00000229#6,1,1,10,10,16
275,hehe_65_00000229#7,1,1,10,10,21
275,hehe_6_00000054#0,1,1,10,10,12
275,hehe_6_00000054#2,1,1,10,10,35
275,hehe_6_00000054#3,1,1,10,10,32
275,hehe_6_00000054#4,1,1,10,10,27
275,hehe_6_00000054#6,1,1,10,10,76
275,hehe_6_00000054#13,1,1,10,10,74
275,hehe_6_00000054#16,1,1,10,10,32
275,hehe_6_00000054#17,1,1,10,10,38
275,hehe_86_00000253#0,1,1,10,10,45
275,hehe_86_00000253#3,1,1,10,10,58
275,hehe_87_00000315#1,1,1,10,10,39
275,hehe_87_00000315#2,1,1,10,10,40
275,hehe_87_00000315#3,1,1,10,10,33
275,hehe_87_00000315#4,1,1,10,10,20
275,hehe_87_00000315#5,1,1,10,10,30
275,hehe_87_00000315#6,1,1,5,10,14
275,shuming_1007_00000230#0,1,1,10,10,38
275,shuming_1007_00000230#3,1,1,10,10,43
275,shuming_1007_00000230#4,1,1,3,10,36
275,shuming_1007_00000230#5,1,1,10,10,46
275,shuming_1007_00000230#7,1,1,10,10,63
275,shuming_1007_00000230#10,1,1,10,10,62
275,shuming_1007_00000230#11,1,1,10,10,39
275,shuming_1007_00000230#12,1,1,11,10,34
275,shuming_1007_00000230#13,1,1,9,10,10
275,shuming_1007_00000230#14,1,1,5,10,7
275,shuming_1007_00000230#15,1,1,10,10,79
275,shuming_1007_00000230#16,1,1,10,10,47
275,shuming_1007_00000230#17,1,1,10,10,19
275,shuming_1007_00000230#18,1,1,10,10,13
275,shuming_1007_00000230#20,1,1,10,10,20
275,shuming_1007_00000230#21,1,1,10,10,69
275,shuming_1007_00000230#22,1,1,10,10,27
275,shuming_1007_00000230#23,1,1,10,10,22
275,shuming_1013_00000065#0,1,1,10,10,87
275,shuming_1013_00000065#1,1,1,10,10,41
275,shuming_1013_00000065#3,1,1,10,10,26
275,shuming_1028_00000411#3,1,1,10,10,55
275,shuming_1028_00000411#4,1,1,10,10,10
275,shuming_1028_00000411#5,1,1,10,10,15
275,shuming_1064_00000087#0,1,1,10,10,34
275,shuming_1064_00000087#1,1,1,10,10,55
275,shuming_1064_00000087#2,1,1,10,10,56
275,shuming_1064_00000087#3,1,1,10,10,72
275,shuming_1064_00000087#4,1,1,10,10,69
275,shuming_1064_00000087#6,1,1,10,10,26
275,shuming_1064_00000087#7,1,1,10,10,54
275,shuming_1064_00000087#8,1,1,10,10,86
275,shuming_1076_00000257#1,1,1,10,10,31
275,shuming_1076_00000257#2,1,1,10,10,29
275,shuming_1076_00000257#3,1,1,10,10,20
275,shuming_1076_00000257#4,1,1,10,10,19
275,shuming_1076_00000257#5,1,1,10,10,23
275,shuming_1079_00000233#3,1,1,10,10,18
275,shuming_1079_00000233#4,1,1,10,10,12
275,shuming_1079_00000233#6,1,1,10,10,35
275,shuming_1080_00000016#0,1,1,10,10,72
275,shuming_1080_00000016#4,1,1,10,10,10
275,shuming_1132_00000385#2,1,1,10,10,29
275,shuming_1132_00000385#3,1,1,10,10,32
275,shuming_1132_00000385#4,1,1,7,10,25
275,shuming_1135_00000213#0,1,1,10,10,76
275,shuming_1148_00000041#0,1,1,10,10,74
275,shuming_1157_00000010#0,1,1,10,10,72
275,shuming_1157_00000010#1,1,1,10,10,32
275,shuming_1157_00000010#2,1,1,10,10,18
275,shuming_1180_00000231#3,1,1,10,10,49
275,shuming_24_00000001#0,1,1,10,10,40
275,shuming_24_00000001#1,1,1,10,10,62
275,shuming_340_00000020#1,1,1,10,10,21
275,shuming_340_00000020#19,1,1,10,10,11
275,shuming_340_00000020#22,1,1,7,10,7
275,shuming_340_00000020#23,1,1,10,10,12
275,shuming_340_00000020#26,1,1,9,10,9
275,shuming_340_00000020#30,1,1,9,10,9
275,shuming_340_00000020#31,1,1,10,10,12
275,shuming_340_00000020#38,1,1,10,10,10
275,shuming_35_00000199#0,1,1,10,10,73
275,shuming_35_00000199#3,1,1,10,10,36
275,shuming_35_00000199#4,1,1,10,10,26
275,shuming_35_00000199#5,1,1,3,10,87
275,shuming_35_00000199#6,1,1,9,10,18
275,shuming_35_00000199#8,1,1,10,10,14
275,shuming_35_00000199#9,1,1,8,10,8
275,shuming_35_00000199#11,1,1,10,10,39
275,shuming_410_00000037#0,1,1,6,10,7
275,shuming_410_00000037#9,1,1,10,10,45
275,shuming_461_00000082#0,1,1,10,10,53
275,shuming_461_00000082#2,1,1,10,10,42
275,shuming_461_00000082#3,1,1,10,10,31
275,shuming_461_00000082#4,1,1,10,10,14
275,shuming_461_00000082#5,1,1,10,10,11
275,shuming_465_00000030#0,1,1,10,10,10
275,shuming_465_00000030#2,1,1,10,10,56
275,shuming_465_00000030#3,1,1,10,10,15
275,shuming_470_00000057#3,1,1,10,10,43
275,shuming_470_00000057#4,1,1,10,10,23
275,shuming_482_00000018#3,1,1,10,10,53
275,shuming_482_00000018#4,1,1,10,10,44
275,shuming_482_00000018#5,1,1,10,10,62
275,shuming_485_00000027#3,1,1,10,10,16
275,shuming_485_00000027#4,1,1,10,10,52
275,shuming_503_00000052#0,1,1,10,10,32
275,shuming_503_00000052#1,1,1,10,10,26
275,shuming_562_00000223#2,1,1,10,10,76
275,shuming_571_00000215#0,1,1,10,10,56
275,shuming_571_00000215#1,1,1,10,10,46
275,shuming_574_00000017#0,1,1,10,10,63
275,shuming_608_00000031#1,1,1,10,10,19
275,shuming_608_00000031#2,1,1,10,10,30
275,shuming_608_00000031#3,1,1,10,10,35
275,shuming_608_00000031#4,1,1,10,10,11
275,shuming_610_00000148#0,1,1,10,10,50
275,shuming_63_00000393#3,1,1,10,10,15
275,shuming_63_00000393#4,1,1,10,10,17
275,shuming_63_00000393#5,1,1,8,10,9
275,shuming_63_00000393#6,1,1,10,10,23
275,shuming_63_00000393#7,1,1,10,10,21
275,shuming_63_00000393#8,1,1,10,10,23
275,shuming_63_00000393#9,1,1,10,10,20
275,shuming_663_00000328#2,1,1,10,10,50
275,shuming_663_00000328#3,1,1,10,10,40
275,shuming_67_00000001#1,1,1,10,10,55
275,shuming_67_00000001#2,1,1,10,10,18
275,shuming_698_00000001#0,1,1,10,10,11
275,shuming_698_00000001#1,1,1,2,10,13
275,shuming_698_00000001#2,1,1,10,10,17
275,shuming_698_00000001#3,1,1,10,10,20
275,shuming_698_00000001#4,1,1,10,10,15
275,shuming_698_00000001#5,1,1,10,10,14
275,shuming_698_00000001#7,1,1,10,10,26
275,shuming_698_00000001#8,1,1,10,10,17
275,shuming_698_00000001#9,1,1,10,10,14
275,shuming_698_00000001#10,1,1,10,10,13
275,shuming_698_00000001#11,1,1,10,10,13
275,shuming_698_00000001#12,1,1,10,10,15
275,shuming_698_00000001#13,1,1,10,10,14
275,shuming_698_00000001#14,1,1,10,10,12
275,shuming_698_00000001#15,1,1,10,10,15
275,shuming_698_00000001#16,1,1,10,10,15
275,shuming_698_00000001#17,1,1,10,10,23
275,shuming_698_00000001#18,1,1,10,10,18
275,shuming_698_00000001#19,1,1,10,10,19
275,shuming_698_00000001#20,1,1,10,10,22
275,shuming_698_00000001#21,1,1,10,10,24
275,shuming_698_00000001#22,1,1,10,10,18
275,shuming_698_00000001#23,1,1,10,10,35
275,shuming_698_00000001#25,1,1,10,10,64
275,shuming_706_00000375#0,1,1,10,10,41
275,shuming_706_00000375#2,1,1,10,10,32
275,shuming_706_00000375#3,1,1,7,10,17
275,shuming_706_00000375#4,1,1,10,10,52
275,shuming_72_00000270#19,1,1,10,10,54
275,shuming_72_00000270#20,1,1,10,10,22
275,shuming_72_00000270#22,1,1,10,10,48
275,shuming_72_00000270#24,1,1,10,10,20
275,shuming_731_00000492#0,1,1,10,10,32
275,shuming_731_00000492#1,1,1,10,10,26
275,shuming_731_00000492#3,1,1,10,10,60
275,shuming_731_00000492#5,1,1,10,10,69
275,shuming_753_00000172#0,1,1,10,10,12
275,shuming_758_00000371#0,1,1,10,10,52
275,shuming_763_00000009#2,1,1,10,10,15
275,shuming_774_00000273#3,1,1,10,10,63
275,shuming_774_00000273#5,1,1,10,10,31
275,shuming_779_00000254#1,1,1,10,10,63
275,shuming_779_00000254#5,1,1,10,10,80
275,shuming_783_00000248#0,1,1,10,10,81
275,shuming_783_00000248#2,1,1,10,10,66
275,shuming_793_00000117#2,1,1,10,10,31
275,shuming_825_00000172#1,1,1,10,10,13
275,shuming_825_00000172#2,1,1,7,10,7
275,shuming_825_00000172#3,1,1,10,10,16
275,shuming_826_00000213#1,1,1,10,10,14
275,shuming_826_00000213#2,1,1,10,10,18
275,shuming_826_00000213#3,1,1,9,10,9
275,shuming_85_00000273#4,1,1,10,10,11
275,shuming_987_00000275#1,1,1,10,10,41
275,shuming_987_00000275#2,1,1,10,10,23
275,shuming_987_00000275#3,1,1,10,10,19
275,shuming_987_00000275#4,1,1,10,10,21
275,shuming_987_00000275#5,1,1,10,10,10
289,00000045#1,1,1,10,10,242
289,00000045#2,1,1,10,10,88
289,00000045#3,1,1,10,10,105
289,00000045#6,1,1,10,10,286
289,00000045#7,1,1,10,10,279
289,00000057#1,1,1,10,10,225
289,00000057#2,1,1,10,10,88
289,00000057#3,1,1,10,10,111
289,00000057#5,1,1,10,10,133
289,00000063#1,1,1,10,10,279
289,00000063#2,1,1,10,10,90
289,00000063#3,1,1,10,10,107
289,00000063#5,1,1,10,10,208
289,00000095#1,1,1,10,10,279
289,00000095#2,1,1,10,10,114
289,00000095#3,1,1,10,10,105
289,00000106#1,1,1,10,10,245
289,00000106#2,1,1,10,10,135
289,00000106#3,1,1,10,10,122
289,00000106#5,1,1,10,10,157
289,00000123#1,1,1,10,10,196
289,00000123#2,1,1,10,10,87
289,00000123#3,1,1,10,10,190
289,00000123#5,1,1,10,10,108
289,00000171#0,1,1,10,10,120
289,00000180#0,1,1,10,10,136
289,00000234#1,1,1,10,10,108
289,00000257#0,1,1,10,10,93
289,00000271#0,1,1,10,10,118
289,00000271#1,1,1,10,10,132
289,00000273#0,1,1,10,10,84
289,00000273#1,1,1,10,10,99
289,000002_080_00000048#0,1,1,10,10,69
289,000002_083_00000169#0,1,1,10,10,14
289,000002_083_00000169#1,1,1,10,10,26
289,000002_083_00000169#2,1,1,10,10,36
289,00000346#0,1,1,10,10,381
289,00000364#0,1,1,10,10,210
289,00000396#0,1,1,10,10,111
289,00000399#0,1,1,10,10,82
289,000003_081_00000171#10,1,1,10,10,76
289,000003_081_00000171#11,1,1,10,10,82
289,00000426#0,1,1,10,10,653
289,00000506#0,1,1,10,10,117
289,000005_004_00000286#4,1,1,10,10,62
289,000005_006_00000001#1,1,1,10,10,68
289,000005_006_00000001#2,1,1,6,10,25
289,000005_019_00000209#0,1,1,10,10,43
289,000005_019_00000209#1,1,1,10,10,31
289,000005_019_00000209#2,1,1,10,10,59
289,000005_027_00000493#1,1,1,10,10,34
289,000005_027_00000493#2,1,1,10,10,38
289,000005_027_00000493#3,1,1,10,10,49
289,000005_027_00000493#4,1,1,10,10,21
289,000005_027_00000493#5,1,1,10,10,25
289,000005_027_00000493#6,1,1,10,10,20
289,000005_027_00000493#7,1,1,10,10,26
289,000005_027_00000493#8,1,1,10,10,74
289,000005_028_00000001#2,1,1,10,10,77
289,000005_028_00000163#2,1,1,10,10,31
289,00000618#2,1,1,10,10,101
289,000006_010_00000389#4,1,1,10,10,58
289,000006_011_00000307#3,1,1,10,10,25
289,000006_011_00000409#8,1,1,10,10,40
289,000006_011_00000409#10,1,1,10,10,54
289,000006_012_00000001#3,1,1,9,10,38
289,000006_012_00000001#6,1,1,10,10,63
289,000006_012_00000001#11,1,1,10,10,69
289,000006_012_00000001#12,1,1,10,10,33
289,000008_003_00000235#1,1,1,10,10,76
289,000008_003_00000235#2,1,1,10,10,59
289,000008_003_00000235#3,1,1,10,10,81
289,000008_003_00000235#4,1,1,10,10,66
289,000008_003_00000235#5,1,1,10,10,68
289,000008_003_00000235#10,1,1,10,10,68
289,000008_003_00000235#11,1,1,10,10,16
289,000008_003_00000352#1,1,1,10,10,66
289,000008_003_00000352#3,1,1,10,10,80
289,000008_003_00000352#5,1,1,10,10,74
289,000008_003_00000352#7,1,1,10,10,75
289,000008_003_00000352#8,1,1,10,10,75
289,000008_003_00000352#9,1,1,10,10,76
289,000008_003_00000352#10,1,1,10,10,64
289,000008_003_00000352#12,1,1,10,10,74
289,000008_003_00000352#13,1,1,10,10,16
289,000008_003_00000469#0,1,1,10,10,85
289,000008_003_00000469#1,1,1,10,10,70
289,000008_003_00000469#2,1,1,10,10,67
289,000008_003_00000469#3,1,1,10,10,78
289,000008_003_00000469#4,1,1,10,10,85
289,000008_003_00000469#6,1,1,10,10,89
289,000008_003_00000469#9,1,1,10,10,31
289,000008_003_00000469#10,1,1,10,10,18
289,000008_004_00000665#2,1,1,10,10,34
289,000008_004_00000665#4,1,1,10,10,39
289,000008_004_00000665#11,1,1,10,10,52
289,000008_004_00000665#12,1,1,10,10,63
289,000008_004_00000665#13,1,1,10,10,37
289,000008_013_00000195#1,1,1,10,10,66
289,000008_013_00000195#2,1,1,10,10,60
289,000008_042_00000273#1,1,1,10,10,40
289,000008_045_00000001#0,1,1,10,10,48
289,000008_045_00000001#2,1,1,10,10,70
289,000008_045_00000001#3,1,1,10,10,14
289,000008_045_00000157#0,1,1,10,10,80
289,000008_045_00000157#4,1,1,10,10,17
289,000008_048_00000361#3,1,1,10,10,42
289,000008_048_00000361#4,1,1,10,10,36
289,000008_048_00000361#5,1,1,9,10,29
289,000009_008_00000241#3,1,1,10,10,78
289,000009_008_00000241#5,1,1,10,10,69
289,000009_008_00000241#6,1,1,10,10,29
289,000009_008_00000241#7,1,1,10,10,76
289,000009_008_00000241#9,1,1,10,10,84
289,000009_033_00000333#1,1,1,10,10,16
289,000009_033_00000333#2,1,1,10,10,38
289,000009_033_00000333#3,1,1,10,10,38
289,000009_033_00000333#4,1,1,10,10,36
289,000009_033_00000333#6,1,1,10,10,51
289,000012_008_00000163#3,1,1,10,10,67
289,000012_008_00000163#4,1,1,10,10,55
289,000012_008_00000163#5,1,1,10,10,48
289,000012_008_00000163#6,1,1,10,10,60
289,000012_008_00000163#8,1,1,10,10,74
289,000012_008_00000163#10,1,1,10,10,17
289,000012_008_00000163#11,1,1,10,10,26
289,000012_008_00000163#12,1,1,10,10,27
289,000012_008_00000163#13,1,1,10,10,15
289,000012_008_00000163#14,1,1,10,10,11
289,000012_009_00000244#1,1,1,10,10,71
289,000012_009_00000244#3,1,1,10,10,68
289,000012_009_00000244#4,1,1,10,10,40
289,000012_009_00000244#5,1,1,10,10,45
289,000012_009_00000244#6,1,1,10,10,21
289,000012_009_00000244#7,1,1,10,10,13
289,000012_009_00000244#8,1,1,10,10,12
289,000012_009_00000244#9,1,1,10,10,14
289,000012_009_00000244#10,1,1,10,10,34
289,000012_009_00000244#11,1,1,10,10,18
289,000012_009_00000244#12,1,1,10,10,18
289,000012_009_00000244#13,1,1,10,10,19
289,000012_009_00000244#14,1,1,8,10,8
289,000012_009_00000325#3,1,1,10,10,82
289,000012_009_00000325#4,1,1,10,10,36
289,000012_009_00000325#5,1,1,10,10,43
289,000012_009_00000325#6,1,1,10,10,28
289,000012_009_00000325#7,1,1,10,10,17
289,000012_009_00000325#8,1,1,10,10,16
289,000012_009_00000325#9,1,1,8,10,8
289,000012_009_00000325#11,1,1,10,10,28
289,000012_009_00000325#12,1,1,10,10,15
289,000012_009_00000325#14,1,1,10,10,22
289,000012_009_00000325#15,1,1,3,10,19
289,000012_009_00000325#16,1,1,10,10,35
289,000012_014_00000184#0,1,1,10,10,33
289,000012_014_00000184#1,1,1,10,10,55
289,000012_014_00000184#3,1,1,10,10,26
289,000012_019_00000151#1,1,1,10,10,59
289,000012_019_00000151#2,1,1,10,10,14
289,000012_019_00000151#4,1,1,10,10,21
289,000012_019_00000151#5,1,1,10,10,14
289,000012_022_00000090#0,1,1,10,10,64
289,000012_022_00000090#1,1,1,10,10,23
289,000012_025_00000313#1,1,1,10,10,11
289,000012_025_00000313#2,1,1,10,10,11
289,000012_025_00000313#3,1,1,10,10,13
289,000012_025_00000313#4,1,1,7,10,7
289,000012_025_00000313#5,1,1,10,10,13
289,000012_025_00000313#6,1,1,8,10,8
289,000012_028_00000250#0,1,1,10,10,64
289,000012_028_00000250#1,1,1,10,10,56
289,000013_001_00000001#1,1,1,10,10,33
289,000013_001_00000001#2,1,1,10,10,34
289,000013_001_00000001#3,1,1,10,10,31
289,000013_002_00000281#1,1,1,10,10,31
289,000013_002_00000281#2,1,1,10,10,36
289,000013_002_00000281#3,1,1,10,10,20
289,000013_023_00000075#1,1,1,10,10,56
289,000013_023_00000075#2,1,1,10,10,68
289,000013_025_00000285#0,1,1,10,10,15
289,000013_025_00000285#1,1,1,10,10,56
289,000013_025_00000285#2,1,1,10,10,20
289,000013_030_00000063#0,1,1,10,10,21
289,000013_030_00000063#1,1,1,10,10,68
289,000013_039_00000063#0,1,1,10,10,41
289,000013_039_00000063#1,1,1,10,10,32
289,000013_039_00000063#3,1,1,10,10,26
289,000013_039_00000063#5,1,1,7,10,8
289,000013_040_suppl_00000167#0,1,1,10,10,79
289,000013_040_suppl_00000333#1,1,1,10,10,50
289,000013_040_suppl_00000333#3,1,1,10,10,80
289,000013_040_suppl_00000333#4,1,1,8,10,8
289,000013_044_00000001#0,1,1,10,10,24
289,000013_044_00000001#1,1,1,10,10,31
289,000013_044_00000001#2,0,1,0,10,72
289,000013_044_00000001#4,0,1,0,10,38
289,000013_044_00000001#5,1,1,10,10,72
289,000013_044_00000001#7,1,1,10,10,62
289,000013_048_00000001#0,1,1,10,10,46
289,000013_048_00000001#1,1,1,10,10,60
289,000013_048_00000001#3,0,1,0,10,49
289,000013_048_00000001#4,0,1,0,10,69
289,000013_056_00000281#2,1,1,10,10,49
289,000013_056_00000281#3,1,1,10,10,16
289,000013_056_00000281#4,1,1,10,10,21
289,000013_056_00000281#6,1,1,10,10,11
289,000013_056_00000281#7,1,1,10,10,12
289,000013_056_00000281#8,1,1,10,10,64
289,000013_056_00000281#9,1,1,10,10,43
289,000013_056_00000281#10,1,1,10,10,32
289,000014_012_00000217#1,1,1,10,10,41
289,000014_012_00000217#2,1,1,10,10,48
289,000014_050_00000273#3,1,1,10,10,47
289,000014_050_00000273#4,1,1,10,10,57
289,000014_050_00000273#5,1,1,10,10,26
289,000014_051_suppl_00000341#2,1,1,9,10,15
289,000014_052_00000131#2,1,1,10,10,22
289,000014_052_00000131#3,1,1,10,10,13
289,000015_004_00000268#0,1,1,10,10,27
289,000015_004_suppl_00000223#2,1,1,10,10,36
289,000016_043_suppl_00000292#1,1,1,10,10,21
289,000016_043_suppl_00000292#2,1,1,10,10,56
289,000016_043_suppl_00000292#4,1,1,10,10,30
289,000016_043_suppl_00000292#5,1,1,10,10,25
289,000016_043_suppl_00000292#6,1,1,10,10,45
289,000016_043_suppl_00000292#8,1,1,10,10,26
289,000016_043_suppl_00000292#9,1,1,10,10,32
289,000016_043_suppl_00000292#10,1,1,10,10,19
289,000016_043_suppl_00000292#11,1,1,10,10,27
289,000016_043_suppl_00000292#12,1,1,10,10,32
289,000016_043_suppl_00000292#14,1,1,10,10,70
289,000016_043_suppl_00000292#17,1,1,10,10,47
289,000016_043_suppl_00000292#20,1,1,10,10,23
289,000016_044_00000085#0,1,1,10,10,83
289,000016_044_00000085#1,1,1,10,10,62
289,000016_044_00000085#3,1,1,10,10,17
289,000016_044_00000085#4,1,1,10,10,65
289,000016_044_00000085#7,1,1,10,10,67
289,000016_044_00000085#10,1,1,10,10,78
289,000016_044_00000169#1,1,1,7,10,37
289,000016_044_00000169#2,1,1,10,10,36
289,000016_044_00000169#3,1,1,10,10,16
289,000016_044_00000169#5,1,1,10,10,15
289,000016_044_00000169#6,1,1,10,10,59
289,000016_044_00000169#8,1,1,10,10,88
289,000016_044_00000169#16,1,1,7,10,73
289,000016_044_00000169#17,1,1,10,10,65
289,000017_011_00000297#3,1,1,10,10,12
289,000017_011_00000297#5,1,1,10,10,68
289,000017_011_00000297#9,1,1,10,10,26
289,000017_011_00000297#10,1,1,10,10,86
289,000017_011_00000297#11,1,1,10,10,59
289,000017_011_00000297#13,1,1,10,10,43
289,000017_012_00000135#2,1,1,10,10,36
289,000017_020_00000214#0,1,1,10,10,21
289,000017_020_00000214#2,1,1,10,10,27
289,000017_020_suppl_00000356#0,1,1,10,10,20
289,000017_020_suppl_00000356#2,1,1,10,10,20
289,000018_006_00000063#0,1,1,10,10,66
289,000019_030_00000072#1,1,1,10,10,23
289,000019_030_00000072#2,1,1,10,10,72
289,000019_030_00000072#3,1,1,10,10,54
289,000019_030_00000072#4,1,1,10,10,21
289,000019_030_00000072#5,1,1,10,10,10
289,000019_038_00000205#2,1,1,10,10,20
289,000019_038_00000205#3,1,1,10,10,25
289,000019_038_00000205#4,1,1,10,10,21
289,000019_038_00000205#5,1,1,10,10,36
289,000019_038_00000205#6,1,1,10,10,84
289,000019_038_00000205#7,1,1,8,10,70
289,000019_038_00000205#8,1,1,10,10,82
289,000019_041_00000141#2,1,1,10,10,24
289,000019_045_00000145#4,1,1,10,10,46
289,000019_045_00000145#5,1,1,10,10,42
289,000019_045_00000145#7,1,1,6,10,67
289,000020_010_00000089#1,1,1,10,10,60
289,000020_010_00000089#5,1,1,9,10,9
289,000020_010_00000089#6,1,1,10,10,20
289,000020_010_00000089#7,1,1,4,10,8
289,000020_014_00000193#2,1,1,10,10,63
289,000020_014_00000193#3,1,1,10,10,76
289,000020_014_00000193#5,1,1,10,10,54
289,000020_014_00000193#6,1,1,10,10,77
289,000020_018_00000093#0,1,1,10,10,16
289,000020_018_00000093#1,1,1,10,10,24
289,000020_018_00000093#2,1,1,10,10,81
289,000020_018_00000093#3,1,1,10,10,42
289,000021_020_00000131#2,1,1,10,10,76
289,000023_005_00000070#1,1,1,10,10,32
289,000023_005_00000070#2,1,1,10,10,87
289,000023_005_00000070#3,1,1,10,10,63
289,000023_005_00000070#4,1,1,10,10,63
289,000023_005_00000070#5,1,1,10,10,18
289,000023_005_00000070#6,1,1,10,10,23
289,000031#0,1,1,10,10,53
289,000031#1,1,1,10,10,15
289,000031#2,1,1,8,10,8
289,000031#3,1,1,10,10,15
289,000031#6,1,1,10,10,24
289,000031#8,1,1,10,10,53
289,000031#10,1,1,10,10,16
289,000031#11,1,1,7,10,21
289,000066#0,1,1,10,10,31
289,000066#1,1,1,10,10,15
289,000066#2,1,1,10,10,61
289,000066#3,1,1,10,10,39
289,000070#0,1,1,10,10,28
289,000070#1,1,1,10,10,18
289,000070#2,1,1,8,10,52
289,000070#3,1,1,10,10,67
289,000173#1,1,1,10,10,27
289,000303#2,1,1,10,10,67
289,000303#6,1,1,10,10,30
289,000303#7,1,1,10,10,16
289,000328#1,1,1,10,10,58
289,000328#3,1,1,10,10,65
289,000415#1,1,1,10,10,14
289,000415#2,1,1,7,10,9
289,000415#4,1,1,10,10,22
289,000415#5,1,1,10,10,24
289,000415#6,1,1,10,10,12
289,000415#8,1,1,10,10,10
289,000415#10,1,1,10,10,13
289,000415#11,1,1,10,10,12
289,000415#13,1,1,10,10,21
289,000415#14,1,1,10,10,13
289,000415#15,1,1,10,10,17
289,000415#16,1,1,7,10,8
289,000415#17,1,1,9,10,10
289,000415#19,1,1,10,10,37
289,000433#7,1,1,10,10,57
289,000437#0,1,1,10,10,67
289,000437#1,1,1,9,10,75
289,000437#2,1,1,10,10,26
289,000437#5,1,1,10,10,48
289,000484#2,1,1,10,10,37
289,000484#3,1,1,10,10,55
289,000500#0,1,1,10,10,14
289,000500#1,1,1,9,10,9
289,000500#2,1,1,10,10,15
289,000525#0,1,1,10,10,14
289,000525#1,1,1,10,10,30
289,000525#2,1,1,10,10,35
289,000561#0,1,1,10,10,70
289,000561#3,1,1,10,10,63
289,000561#4,1,1,10,10,38
289,000597#2,1,1,10,10,62
289,000597#3,1,1,5,10,29
289,000630#0,1,1,10,10,14
289,000680#5,1,1,10,10,69
289,000707#1,1,1,10,10,13
289,000707#2,1,1,10,10,18
289,000707#3,1,1,9,10,9
289,000707#4,1,1,10,10,25
289,000707#5,1,1,10,10,20
289,000735#1,1,1,10,10,11
289,000738#0,1,1,10,10,26
289,000738#2,1,1,9,10,9
289,000738#3,1,1,10,10,36
289,000756#4,1,1,10,10,34
289,000759#2,1,1,10,10,34
289,000780#0,1,1,10,10,22
289,000780#3,1,1,10,10,90
289,000783#0,1,1,10,10,45
289,000783#1,1,1,10,10,42
289,000783#3,1,1,10,10,38
289,000783#4,1,1,10,10,26
289,000808#1,1,1,10,10,21
289,000820#2,1,1,10,10,58
289,000820#3,1,1,10,10,45
289,000820#4,1,1,10,10,25
289,000820#5,1,1,10,10,27
289,000820#7,1,1,8,10,8
289,000889#5,1,1,10,10,84
289,000889#6,1,1,10,10,40
289,000889#7,1,1,10,10,14
289,000889#8,1,1,10,10,15
289,000889#9,1,1,10,10,22
289,000889#13,1,1,10,10,24
289,000889#14,1,1,10,10,69
289,000943#0,1,1,10,10,16
289,000943#1,1,1,10,10,14
289,000943#2,1,1,10,10,64
289,000943#3,1,1,7,10,7
289,000943#4,1,1,6,10,7
289,000943#6,1,1,10,10,18
289,000943#7,1,1,10,10,23
289,000952#0,1,1,10,10,22
289,001033#1,1,1,10,10,15
289,001033#2,1,1,10,10,31
289,001033#3,1,1,10,10,41
289,001033#9,1,1,10,10,25
289,001033#10,1,1,10,10,21
289,001035#0,1,1,10,10,19
289,001035#1,1,1,10,10,53
289,001035#2,1,1,10,10,76
289,001035#7,1,1,10,10,40
289,001035#9,1,1,10,10,22
289,001035#10,1,1,10,10,63
289,001114#5,1,1,10,10,47
289,001114#6,1,1,10,10,40
289,001114#7,1,1,10,10,12
289,001114#8,1,1,10,10,26
289,001114#10,1,1,10,10,17
289,001123#0,1,1,10,10,31
289,001123#1,1,1,10,10,76
289,001123#2,1,1,10,10,77
289,001123#4,1,1,10,10,64
289,001123#5,1,1,10,10,42
289,001123#6,1,1,10,10,79
289,001123#7,1,1,10,10,86
289,001123#8,1,1,4,10,36
289,001123#9,1,1,10,10,56
289,001123#10,1,1,10,10,62
289,001123#11,1,1,10,10,66
289,001123#12,1,1,10,10,79
289,001123#13,1,1,10,10,31
289,001123#18,1,1,9,10,9
289,001123#19,1,1,10,10,10
289,001123#20,1,1,10,10,49
289,001123#21,1,1,10,10,32
289,001123#22,1,1,10,10,33
289,001135#4,1,1,10,10,64
289,001135#6,1,1,10,10,72
289,001135#7,1,1,9,10,14
289,001157#4,1,1,10,10,14
289,001157#5,1,1,10,10,30
289,001157#8,1,1,10,10,77
289,001157#9,1,1,10,10,68
289,001202#3,1,1,10,10,72
289,001202#4,1,1,10,10,78
289,001202#8,1,1,10,10,23
289,001202#10,1,1,10,10,56
289,001202#11,1,1,10,10,57
289,001202#12,1,1,10,10,42
289,001257#0,1,1,10,10,46
289,001257#3,1,1,10,10,69
289,001257#6,1,1,10,10,27
289,001257#9,1,1,10,10,27
289,001257#10,1,1,10,10,46
289,001257#11,1,1,10,10,31
289,001276#3,1,1,10,10,58
289,001276#7,1,1,10,10,30
289,001276#9,1,1,10,10,54
289,001276#10,1,1,10,10,27
289,001276#11,1,1,10,10,31
289,001276#12,1,1,10,10,25
289,001276#13,1,1,10,10,35
289,001276#14,1,1,10,10,50
289,001276#15,1,1,10,10,25
289,001295#0,1,1,10,10,30
289,001295#1,1,1,10,10,52
289,001295#3,1,1,10,10,10
289,001295#10,1,1,10,10,55
289,001295#11,1,1,10,10,24
289,001295#12,1,1,10,10,17
289,001295#13,1,1,10,10,28
289,001295#14,1,1,10,10,36
289,001295#15,1,1,10,10,24
289,001295#17,1,1,10,10,19
289,001295#18,1,1,10,10,15
289,001295#19,1,1,10,10,17
289,001295#20,1,1,10,10,16
289,001295#21,1,1,10,10,22
289,001295#22,1,1,10,10,26
289,001295#24,1,1,10,10,26
289,001295#26,1,1,9,10,9
289,001409#0,1,1,10,10,39
289,001409#1,1,1,10,10,43
289,001415#0,1,1,10,10,42
289,001415#1,1,1,10,10,44
289,001415#2,1,1,10,10,41
289,001415#3,1,1,10,10,53
289,001443#3,1,1,10,10,53
289,001443#4,1,1,10,10,73
289,001443#6,1,1,10,10,66
289,001443#7,1,1,10,10,67
289,001443#9,1,1,10,10,27
289,001443#10,1,1,10,10,46
289,001461#2,1,1,10,10,28
289,001461#3,1,1,10,10,42
289,001461#4,1,1,10,10,64
289,001461#5,1,1,10,10,36
289,001531#1,1,1,10,10,16
289,001531#2,1,1,10,10,11
289,001531#6,1,1,10,10,28
289,001531#8,1,1,10,10,11
289,001531#10,1,1,10,10,43
289,001558#4,1,1,10,10,31
289,001683#1,1,1,10,10,83
289,001683#6,1,1,10,10,36
289,001683#7,1,1,10,10,46
289,001683#8,1,1,10,10,50
289,001694#1,1,1,10,10,28
289,001694#2,1,1,10,10,64
289,001694#7,1,1,10,10,62
289,001694#8,1,1,10,10,36
289,001694#9,1,1,10,10,50
289,001694#10,1,1,10,10,27
289,001694#11,1,1,10,10,28
289,001694#12,1,1,10,10,22
289,001694#13,1,1,10,10,27
289,001694#14,1,1,10,10,31
289,001707#1,1,1,10,10,22
289,001707#2,1,1,10,10,68
289,001707#7,1,1,10,10,62
289,001707#8,1,1,10,10,36
289,001707#9,1,1,10,10,31
289,001707#10,1,1,10,10,34
289,001707#11,1,1,10,10,57
289,001707#12,1,1,10,10,19
289,001712#1,1,1,10,10,72
289,001712#6,1,1,10,10,58
289,001712#7,1,1,10,10,16
289,001712#8,1,1,10,10,36
289,001712#9,1,1,10,10,55
289,001712#10,1,1,10,10,25
289,001712#11,1,1,10,10,23
289,001712#12,1,1,10,10,27
289,001724#1,1,1,10,10,11
289,001724#3,1,1,10,10,56
289,001724#7,1,1,10,10,84
289,001724#8,1,1,10,10,34
289,001724#9,1,1,10,10,30
289,001724#10,1,1,10,10,27
289,001724#11,1,1,10,10,34
289,001724#12,1,1,10,10,38
289,001737#3,1,1,10,10,54
289,001737#7,1,1,10,10,76
289,001737#8,1,1,8,10,8
289,001737#9,1,1,10,10,15
289,001737#10,1,1,10,10,36
289,001737#11,1,1,10,10,30
289,001737#12,1,1,10,10,38
289,001737#13,1,1,10,10,30
289,001742#0,1,1,10,10,41
289,001763#0,1,1,10,10,25
289,001785#0,1,1,10,10,50
289,001785#1,1,1,10,10,51
289,001785#2,1,1,10,10,80
289,001851#0,1,1,10,10,48
289,001851#8,1,1,10,10,25
289,001851#9,1,1,10,10,27
289,001851#10,1,1,10,10,31
289,001851#11,1,1,10,10,25
289,001851#12,1,1,10,10,27
289,001851#13,1,1,10,10,50
289,001851#14,1,1,10,10,27
289,001862#0,1,1,10,10,48
289,001862#8,1,1,10,10,21
289,001862#9,1,1,10,10,27
289,001862#10,1,1,10,10,54
289,001862#11,1,1,10,10,21
289,001862#12,1,1,10,10,20
289,001862#13,1,1,10,10,32
289,001862#14,1,1,10,10,29
289,001862#15,1,1,10,10,37
289,001873#0,1,1,10,10,48
289,001873#4,1,1,10,10,73
289,001873#8,1,1,10,10,26
289,001873#9,1,1,10,10,50
289,001873#10,1,1,10,10,14
289,001873#11,1,1,10,10,27
289,001873#12,1,1,10,10,26
289,001873#13,1,1,10,10,27
289,001881#0,1,1,10,10,48
289,001881#4,1,1,10,10,73
289,001881#8,1,1,10,10,25
289,001881#9,1,1,10,10,54
289,001881#10,1,1,10,10,22
289,001884#0,1,1,10,10,52
289,001884#4,1,1,10,10,73
289,001884#8,1,1,10,10,21
289,001884#9,1,1,10,10,57
289,001884#10,1,1,10,10,25
289,001884#11,1,1,10,10,23
289,001884#12,1,1,10,10,20
289,001884#13,1,1,10,10,17
289,001884#14,1,1,10,10,27
289,001898#0,1,1,10,10,52
289,001898#4,1,1,10,10,74
289,001898#7,1,1,10,10,22
289,001898#8,1,1,10,10,20
289,001898#9,1,1,10,10,21
289,001898#10,1,1,10,10,24
289,001898#11,1,1,10,10,36
289,001898#12,1,1,10,10,55
289,001898#13,1,1,10,10,27
289,001898#14,1,1,10,10,24
289,001970#1,1,1,10,10,73
289,001970#3,1,1,10,10,36
289,001970#7,1,1,10,10,65
289,001970#8,1,1,10,10,26
289,001970#9,1,1,10,10,41
289,001970#10,1,1,10,10,27
289,002048#2,1,1,10,10,68
289,002048#3,1,1,10,10,53
289,002048#4,1,1,10,10,76
289,002048#7,1,1,10,10,37
289,002048#8,1,1,10,10,19
289,002048#9,1,1,10,10,40
289,002048#10,1,1,10,10,41
289,002097#3,1,1,10,10,67
289,002097#4,1,1,10,10,75
289,002097#7,1,1,10,10,22
289,002097#8,1,1,10,10,29
289,002097#9,1,1,10,10,32
289,002097#10,1,1,10,10,32
289,002102#0,1,1,10,10,63
289,002102#1,1,1,10,10,67
289,002102#2,1,1,10,10,64
289,002102#3,1,1,10,10,55
289,002102#4,1,1,10,10,59
289,002102#5,1,1,10,10,40
289,002102#6,1,1,10,10,56
289,002102#7,1,1,10,10,56
289,002102#8,1,1,10,10,50
289,002156#0,1,1,10,10,40
289,002156#1,1,1,10,10,28
289,002156#2,1,1,10,10,38
289,002156#3,1,1,10,10,59
289,002156#4,1,1,10,10,81
289,002156#7,1,1,10,10,46
289,002156#8,1,1,10,10,34
289,002156#9,1,1,10,10,53
289,002207#0,1,1,10,10,11
289,002207#1,1,1,10,10,49
289,002235#3,1,1,10,10,36
289,002235#5,1,1,10,10,55
289,002235#6,1,1,6,10,17
289,002235#7,1,1,10,10,27
289,002235#10,1,1,10,10,10
289,002265#3,1,1,10,10,15
289,002265#4,1,1,10,10,13
289,002276#0,1,1,10,10,41
289,002276#1,1,1,10,10,18
289,002276#2,1,1,10,10,32
289,002276#3,1,1,10,10,53
289,002276#6,1,1,10,10,46
289,002331#2,1,1,10,10,49
289,002331#3,1,1,10,10,37
289,002331#4,1,1,10,10,75
289,002331#16,1,1,10,10,14
289,002331#18,1,1,8,10,21
289,002334#1,1,1,10,10,11
289,002334#8,1,1,10,10,56
289,002334#9,1,1,10,10,18
289,002338#0,1,1,10,10,62
289,002338#1,1,1,10,10,70
289,002338#4,1,1,10,10,73
289,002338#5,1,1,10,10,44
289,002357#0,1,1,10,10,23
289,002357#1,1,1,10,10,35
289,002357#2,1,1,10,10,72
289,002357#3,1,1,10,10,43
289,002359#0,1,1,10,10,29
289,002359#1,1,1,10,10,43
289,002359#2,1,1,10,10,45
289,002359#3,1,1,10,10,27
289,002378#0,1,1,10,10,34
289,002378#1,1,1,10,10,11
289,002378#3,1,1,10,10,66
289,002378#5,1,1,10,10,73
289,002378#6,1,1,10,10,19
289,002380#2,1,1,10,10,77
289,002380#3,1,1,10,10,55
289,002380#4,1,1,10,10,19
289,002380#5,1,1,8,10,8
289,002380#6,1,1,10,10,45
289,002380#7,1,1,10,10,14
289,002380#8,1,1,10,10,15
289,002380#9,1,1,10,10,25
289,002413#0,1,1,10,10,23
289,002517#1,1,1,10,10,48
289,002517#2,1,1,10,10,16
289,002517#4,1,1,9,10,23
289,002517#5,1,1,10,10,76
289,002584#4,1,1,5,10,11
289,002584#6,1,1,10,10,11
289,002625#6,1,1,10,10,17
289,002625#8,1,1,10,10,26
289,002625#10,1,1,10,10,27
289,002625#13,1,1,10,10,22
289,002625#14,1,1,10,10,73
289,002625#18,1,1,10,10,29
289,002625#19,1,1,10,10,13
289,002625#20,1,1,10,10,70
289,002625#21,1,1,10,10,82
289,002625#22,1,1,10,10,36
289,002625#23,1,1,10,10,34
289,002625#24,1,1,10,10,65
289,002625#25,1,1,10,10,11
289,002625#26,1,1,10,10,48
289,002625#27,1,1,1,10,25
289,002625#28,1,1,10,10,37
289,002625#29,1,1,10,10,63
289,002625#30,1,1,10,10,23
289,002625#31,1,1,10,10,34
289,002625#32,1,1,10,10,45
289,002625#33,1,1,10,10,12
289,002627#5,1,1,10,10,20
289,002627#7,1,1,10,10,17
289,002627#11,1,1,10,10,74
289,002627#12,1,1,10,10,32
289,002627#15,1,1,10,10,69
289,002627#17,1,1,10,10,73
289,002627#18,1,1,10,10,74
289,002627#19,1,1,10,10,18
289,002627#22,1,1,10,10,87
289,002627#23,1,1,10,10,71
289,002627#26,1,1,10,10,80
289,002627#27,1,1,10,10,81
289,002627#28,1,1,10,10,48
289,002627#30,1,1,10,10,39
289,002627#31,1,1,10,10,50
289,002627#32,1,1,10,10,55
289,002671#7,1,1,10,10,51
289,002671#9,1,1,10,10,25
289,002671#11,1,1,10,10,39
289,002671#12,1,1,10,10,63
289,002671#13,1,1,10,10,45
289,002671#14,1,1,10,10,30
289,002671#15,1,1,10,10,30
289,002671#16,1,1,10,10,18
289,002671#17,1,1,10,10,45
289,002671#18,1,1,10,10,18
289,002671#19,1,1,10,10,57
289,002671#20,1,1,10,10,46
289,002671#21,1,1,10,10,23
289,002671#22,1,1,10,10,23
289,002671#23,1,1,10,10,46
289,002671#24,1,1,10,10,59
289,002677#0,1,1,10,10,63
289,002677#1,1,1,10,10,40
289,002677#16,1,1,10,10,14
289,002677#17,1,1,10,10,24
289,002677#18,1,1,10,10,76
289,002707#11,1,1,10,10,22
289,002707#12,1,1,10,10,25
289,002707#13,1,1,10,10,62
289,002750#1,1,1,10,10,15
289,002750#4,1,1,10,10,42
289,002750#12,1,1,10,10,13
289,002750#13,1,1,10,10,12
289,002750#14,1,1,10,10,10
289,002750#16,1,1,8,10,8
289,002750#18,1,1,10,10,14
289,002750#19,1,1,10,10,22
289,002750#20,1,1,10,10,28
289,002750#21,1,1,10,10,28
289,002750#22,1,1,10,10,53
289,002750#23,1,1,10,10,25
289,002750#25,1,1,10,10,51
289,002762#1,1,1,10,10,17
289,002839#1,1,1,10,10,21
289,002839#2,1,1,10,10,25
289,002839#3,1,1,10,10,48
289,002839#4,1,1,10,10,31
289,002842#3,1,1,10,10,25
289,002842#4,1,1,10,10,21
289,002844#1,1,1,10,10,42
289,002844#2,1,1,10,10,21
289,002844#3,1,1,10,10,38
289,002935#0,1,1,10,10,17
289,002935#1,1,1,10,10,13
289,002955#0,1,1,10,10,72
289,002955#1,1,1,10,10,47
289,002955#4,1,1,10,10,32
289,002955#5,1,1,10,10,21
289,002955#6,1,1,10,10,37
289,002955#7,1,1,10,10,68
289,002955#8,1,1,10,10,61
289,002955#9,1,1,9,10,11
289,002955#10,1,1,10,10,42
289,002955#11,1,1,10,10,42
289,002955#12,1,1,10,10,57
289,002955#13,1,1,10,10,67
289,002955#14,1,1,10,10,73
289,002955#16,1,1,10,10,49
289,002955#17,1,1,10,10,81
289,002955#20,1,1,10,10,15
289,002955#23,1,1,10,10,29
289,002955#24,1,1,7,10,7
289,002987#0,1,1,10,10,16
289,002987#1,1,1,9,10,9
289,002987#2,1,1,10,10,23
289,002987#3,1,1,10,10,14
289,002987#4,1,1,10,10,34
289,002987#6,1,1,10,10,64
289,002987#7,1,1,10,10,73
289,002987#8,1,1,10,10,28
289,002987#9,1,1,10,10,14
289,002987#10,1,1,10,10,15
289,002987#11,1,1,10,10,15
289,002987#12,1,1,8,10,8
289,002987#13,1,1,10,10,34
289,002987#14,1,1,10,10,20
289,002987#15,1,1,10,10,37
289,003007#6,1,1,9,10,9
289,003007#8,1,1,10,10,41
289,003007#9,1,1,10,10,24
289,003013#6,1,1,10,10,20
289,003017#4,1,1,10,10,12
289,003026#4,1,1,10,10,17
289,003056#1,1,1,10,10,24
289,003056#2,1,1,10,10,15
289,003056#3,1,1,10,10,15
289,003056#4,1,1,10,10,11
289,003056#7,1,1,10,10,38
289,003056#8,1,1,8,10,9
289,003056#9,1,1,10,10,27
289,003056#10,1,1,10,10,18
289,003056#11,1,1,10,10,61
289,003148#0,1,1,10,10,61
289,003148#2,1,1,10,10,63
289,003148#3,1,1,10,10,42
289,003148#6,1,1,10,10,47
289,003148#7,1,1,7,10,8
289,003148#8,1,1,7,10,8
289,003160#0,1,1,10,10,42
289,003160#1,1,1,10,10,28
289,003160#2,1,1,10,10,31
289,003160#3,1,1,7,10,27
289,003160#4,1,1,7,10,31
289,003160#5,1,1,10,10,84
289,003160#7,1,1,10,10,37
289,003160#8,1,1,10,10,69
289,003160#9,1,1,10,10,19
289,003160#11,1,1,10,10,78
289,003160#13,1,1,10,10,37
289,003160#14,1,1,10,10,11
289,003160#15,1,1,10,10,55
289,003160#17,1,1,10,10,43
289,003160#18,1,1,10,10,72
289,003160#19,1,1,10,10,26
289,003160#20,1,1,10,10,18
289,003160#21,1,1,10,10,46
289,003198#1,1,1,10,10,64
289,003198#4,1,1,10,10,42
289,003257#5,1,1,10,10,58
289,003262#0,1,1,10,10,28
289,003262#1,1,1,10,10,31
289,003262#4,1,1,10,10,27
289,003262#14,1,1,9,10,10
289,003262#16,1,1,8,10,10
289,003262#17,1,1,10,10,14
289,003262#21,1,1,9,10,16
289,003262#23,1,1,10,10,22
289,003262#24,1,1,10,10,18
289,003262#28,1,1,10,10,50
289,003262#29,1,1,4,10,7
289,003262#30,1,1,10,10,73
289,003273#1,1,1,10,10,73
289,003273#3,1,1,10,10,68
289,003273#4,1,1,10,10,45
289,003273#5,1,1,10,10,12
289,003273#6,1,1,10,10,87
289,003273#8,1,1,10,10,35
289,003273#9,1,1,10,10,19
289,003273#10,1,1,10,10,42
289,003273#11,1,1,10,10,17
289,003273#13,1,1,10,10,20
289,003288#0,1,1,10,10,74
289,003288#3,1,1,10,10,37
289,003288#4,1,1,10,10,27
289,003288#5,1,1,10,10,20
289,003288#6,1,1,10,10,20
289,003288#7,1,1,10,10,16
289,003288#8,1,1,10,10,14
289,003288#9,1,1,10,10,16
289,003288#10,1,1,10,10,18
289,003288#11,1,1,10,10,14
289,003288#12,1,1,10,10,27
289,003288#13,1,1,10,10,33
289,003288#14,1,1,10,10,13
289,003288#16,1,1,10,10,21
289,003288#18,1,1,10,10,69
289,003304#0,1,1,10,10,42
289,003304#1,1,1,10,10,36
289,003304#2,1,1,10,10,14
289,003304#3,1,1,10,10,48
289,003304#4,1,1,10,10,20
289,003304#8,1,1,10,10,25
289,003304#9,1,1,10,10,41
289,003304#11,1,1,10,10,42
289,003304#12,1,1,10,10,30
289,003304#13,1,1,10,10,13
289,003317#1,1,1,10,10,29
289,003317#2,1,1,10,10,26
289,003317#3,1,1,10,10,29
289,003317#5,1,1,10,10,50
289,003317#6,1,1,10,10,23
289,003317#7,1,1,10,10,27
289,003317#8,1,1,10,10,49
289,003317#9,1,1,10,10,30
289,003317#12,1,1,10,10,12
289,003317#14,1,1,10,10,55
289,003317#15,1,1,7,10,70
289,003317#16,1,1,10,10,43
289,003348#0,1,1,10,10,30
289,003353#0,1,1,10,10,14
289,003408#1,1,1,10,10,22
289,003411#0,1,1,10,10,41
289,003411#1,1,1,10,10,52
289,003411#2,1,1,10,10,57
289,003411#3,1,1,10,10,50
289,003419#0,1,1,10,10,84
289,003419#5,1,1,10,10,22
289,003419#13,1,1,10,10,24
289,003419#14,1,1,10,10,30
289,003419#17,1,1,7,10,30
289,003419#18,1,1,10,10,34
289,003419#19,1,1,10,10,18
289,003419#21,1,1,10,10,36
289,003425#5,1,1,10,10,17
289,003425#6,1,1,10,10,13
289,003425#7,1,1,10,10,11
289,003425#10,1,1,10,10,18
289,003425#12,1,1,10,10,44
289,003425#13,1,1,10,10,46
289,003460#0,1,1,10,10,26
289,003460#1,1,1,10,10,64
289,003460#3,1,1,10,10,80
289,003460#5,1,1,10,10,25
289,003460#6,1,1,10,10,73
289,003472#0,1,1,10,10,31
289,003472#1,1,1,10,10,68
289,003472#2,1,1,10,10,20
289,003472#3,1,1,10,10,71
289,003475#1,1,1,10,10,41
289,003475#2,1,1,10,10,22
289,003475#3,1,1,10,10,51
289,003475#5,1,1,10,10,46
289,003475#6,1,1,10,10,70
289,003475#10,1,1,10,10,21
289,003475#11,1,1,10,10,31
289,003487#0,1,1,10,10,53
289,003487#2,1,1,10,10,62
289,003489#0,1,1,10,10,24
289,003489#2,1,1,10,10,31
289,003489#3,1,1,10,10,55
289,003489#4,1,1,10,10,25
289,003489#5,1,1,10,10,35
289,003489#9,1,1,10,10,26
289,003489#14,1,1,10,10,37
289,003526#0,1,1,10,10,18
289,003526#3,1,1,10,10,13
289,003532#0,1,1,10,10,18
289,003532#1,1,1,10,10,42
289,003546#0,1,1,10,10,27
289,003546#1,1,1,10,10,28
289,003546#2,1,1,10,10,37
289,003592#0,1,1,10,10,23
289,003592#1,1,1,10,10,23
289,003592#2,1,1,10,10,31
289,003592#3,1,1,10,10,20
289,003595#3,1,1,10,10,27
289,003595#4,1,1,10,10,30
289,003595#5,1,1,10,10,21
289,003595#6,1,1,10,10,46
289,003603#3,1,1,10,10,32
289,003653#3,1,1,10,10,15
289,003653#5,1,1,10,10,20
289,003653#6,1,1,10,10,18
289,003653#7,1,1,10,10,14
289,003653#8,1,1,10,10,11
289,003653#9,1,1,10,10,12
289,003653#11,1,1,10,10,36
289,003653#12,1,1,10,10,51
289,003653#14,1,1,8,10,8
289,003653#16,1,1,9,10,9
289,003653#17,1,1,10,10,26
289,003653#18,1,1,8,10,8
289,003679#4,1,1,10,10,50
289,003679#5,1,1,10,10,27
289,003679#7,1,1,10,10,25
289,003679#8,1,1,10,10,32
289,003703#0,1,1,10,10,50
289,003739#0,1,1,10,10,30
289,003739#1,1,1,10,10,35
289,003739#2,1,1,10,10,17
289,003739#3,1,1,10,10,11
289,003739#5,1,1,10,10,16
289,003739#6,1,1,6,10,12
289,003739#7,1,1,10,10,26
289,003739#8,1,1,10,10,16
289,003757#0,1,1,10,10,76
289,003757#7,1,1,10,10,27
289,003757#8,1,1,9,10,10
289,003757#10,1,1,10,10,21
289,003757#14,1,1,10,10,13
289,003757#15,1,1,10,10,15
289,003757#16,1,1,9,10,11
289,003769#0,1,1,10,10,56
289,003838#0,1,1,10,10,72
289,003863#1,1,1,10,10,21
289,003863#3,1,1,10,10,17
289,003863#5,1,1,10,10,33
289,003863#7,1,1,10,10,24
289,003863#9,1,1,10,10,13
289,003863#10,1,1,10,10,12
289,003863#11,1,1,10,10,18
289,003895#2,1,1,10,10,55
289,003896#0,1,1,10,10,43
289,003896#1,1,1,10,10,19
289,003902#0,1,1,10,10,41
289,003902#1,1,1,10,10,15
289,003902#3,1,1,10,10,18
289,003902#4,1,1,10,10,30
289,003902#5,1,1,10,10,18
289,003902#6,1,1,10,10,41
289,003904#0,1,1,10,10,33
289,003904#1,1,1,10,10,19
289,003941#0,1,1,10,10,27
289,003941#1,1,1,10,10,17
289,003941#3,1,1,9,10,12
289,003941#5,1,1,10,10,25
289,003941#7,1,1,10,10,20
289,003941#8,1,1,10,10,26
289,003941#10,1,1,10,10,17
289,003941#11,1,1,10,10,26
289,003941#12,1,1,10,10,17
289,003941#13,1,1,10,10,20
289,003941#14,1,1,10,10,18
289,003941#15,1,1,10,10,22
289,003941#16,1,1,10,10,69
289,003941#20,1,1,9,10,10
289,003941#21,1,1,8,10,25
289,003941#22,1,1,10,10,13
289,003941#24,1,1,10,10,37
289,003941#25,1,1,10,10,18
289,003941#26,1,1,10,10,21
289,003941#27,1,1,10,10,18
289,003941#29,1,1,10,10,17
289,003941#30,1,1,10,10,34
289,003982#5,1,1,10,10,26
289,003982#6,1,1,10,10,15
289,003982#8,1,1,10,10,13
289,003982#11,1,1,10,10,19
289,003982#14,1,1,10,10,29
289,003982#19,1,1,4,10,9
289,003982#20,1,1,8,10,10
289,003982#23,1,1,10,10,25
289,003982#24,1,1,10,10,10
289,003982#30,1,1,10,10,12
289,003982#32,1,1,9,10,14
289,003982#34,1,1,10,10,11
289,003982#36,1,1,4,10,46
289,003982#41,1,1,9,10,10
289,003982#42,1,1,10,10,11
289,003982#43,1,1,10,10,13
289,003982#47,1,1,10,10,57
289,003982#48,1,1,10,10,16
289,003982#49,1,1,10,10,69
289,003982#50,1,1,10,10,34
289,003982#53,1,1,6,10,10
289,003982#57,1,1,10,10,18
289,003982#58,1,1,10,10,18
289,003982#60,1,1,10,10,16
289,003982#61,1,1,10,10,15
289,003982#62,1,1,10,10,17
289,003987#5,1,1,10,10,32
289,003987#6,1,1,10,10,28
289,003987#10,1,1,10,10,66
289,003987#11,1,1,10,10,71
289,003987#15,1,1,10,10,33
289,003987#16,1,1,10,10,42
289,003987#23,1,1,8,10,11
289,003987#27,1,1,10,10,11
289,003987#35,1,1,10,10,26
289,003987#38,1,1,10,10,19
289,003987#39,1,1,10,10,17
289,003987#40,1,1,10,10,16
289,003987#41,1,1,10,10,13
289,003987#43,1,1,10,10,10
289,003987#46,1,1,8,10,8
289,003987#47,1,1,10,10,15
289,003987#49,1,1,10,10,12
289,003987#50,1,1,10,10,15
289,003987#51,1,1,10,10,15
289,003987#52,1,1,10,10,10
289,003987#53,1,1,10,10,19
289,003987#55,1,1,10,10,31
289,hehe_173_000002_024_00000105#2,1,1,2,10,11
289,hehe_173_000002_024_00000105#4,1,1,5,10,11
289,hehe_173_000002_024_00000105#6,1,1,10,10,23
289,hehe_173_000002_024_00000105#7,1,1,10,10,15
289,hehe_173_000002_024_00000105#9,1,1,10,10,31
289,hehe_173_000002_024_00000105#10,1,1,10,10,25
289,hehe_173_000002_024_00000105#11,1,1,10,10,11
289,hehe_173_000002_024_00000105#13,1,1,10,10,31
289,hehe_173_000002_024_00000105#15,1,1,10,10,76
289,hehe_186_000002_028_00000050#1,1,1,10,10,77
289,hehe_22_00000004#0,1,1,10,10,29
289,hehe_22_00000004#2,1,1,10,10,23
289,hehe_22_00000004#4,1,1,10,10,69
289,hehe_22_00000004#6,1,1,10,10,57
289,hehe_22_00000004#7,1,1,10,10,70
289,hehe_22_00000004#9,1,1,6,10,11
289,hehe_230_000002_043_00000061#1,1,1,10,10,69
289,hehe_230_000002_043_00000061#6,1,1,10,10,62
289,hehe_230_000002_043_00000061#7,1,1,10,10,58
289,hehe_230_000002_043_00000061#10,1,1,10,10,31
289,hehe_230_000002_043_00000061#11,1,1,10,10,37
289,hehe_230_000002_043_00000061#13,1,1,10,10,19
289,hehe_230_000002_043_00000061#14,1,1,8,10,12
289,hehe_232_000002_043_00000181#0,1,1,8,10,8
289,hehe_232_000002_043_00000181#1,1,1,10,10,22
289,hehe_232_000002_043_00000181#2,1,1,10,10,57
289,hehe_232_000002_043_00000181#3,1,1,10,10,36
289,hehe_232_000002_043_00000181#8,1,1,10,10,57
289,hehe_274_000002_060_00000105#1,1,1,10,10,67
289,hehe_274_000002_060_00000105#5,1,1,10,10,28
289,hehe_274_000002_060_00000105#6,1,1,10,10,11
289,hehe_40_00000033#1,1,1,10,10,26
289,hehe_40_00000033#2,1,1,10,10,46
289,hehe_40_00000033#3,1,1,1,10,40
289,hehe_40_00000033#5,1,1,10,10,40
289,hehe_45_00000001#2,1,1,10,10,42
289,hehe_45_00000001#4,1,1,10,10,28
289,hehe_45_00000001#5,1,1,10,10,49
289,hehe_45_00000001#6,1,1,10,10,40
289,hehe_45_00000001#7,1,1,10,10,60
289,hehe_45_00000001#8,1,1,10,10,34
289,hehe_45_00000001#9,1,1,10,10,46
289,hehe_52_00000107#0,1,1,10,10,19
289,hehe_52_00000107#1,1,1,8,10,8
289,hehe_61_00000090#2,1,1,10,10,76
289,hehe_61_00000090#3,1,1,10,10,39
289,hehe_61_00000090#4,1,1,10,10,20
289,hehe_61_00000090#9,1,1,10,10,64
289,hehe_61_00000090#10,1,1,10,10,50
289,hehe_61_00000090#11,1,1,10,10,84
289,hehe_65_00000229#2,1,1,10,10,59
289,hehe_65_00000229#3,1,1,10,10,32
289,hehe_65_00000229#4,1,1,10,10,30
289,hehe_65_00000229#6,1,1,10,10,16
289,hehe_65_00000229#7,1,1,10,10,21
289,hehe_6_00000054#0,1,1,10,10,12
289,hehe_6_00000054#2,1,1,10,10,35
289,hehe_6_00000054#3,1,1,10,10,32
289,hehe_6_00000054#4,1,1,10,10,27
289,hehe_6_00000054#6,1,1,10,10,76
289,hehe_6_00000054#13,1,1,10,10,74
289,hehe_6_00000054#16,1,1,10,10,32
289,hehe_6_00000054#17,1,1,10,10,38
289,hehe_86_00000253#0,1,1,10,10,45
289,hehe_86_00000253#3,1,1,10,10,58
289,hehe_87_00000315#1,1,1,10,10,39
289,hehe_87_00000315#2,1,1,10,10,40
289,hehe_87_00000315#3,1,1,10,10,33
289,hehe_87_00000315#4,1,1,10,10,20
289,hehe_87_00000315#5,1,1,10,10,30
289,hehe_87_00000315#6,1,1,5,10,14
289,shuming_1007_00000230#0,1,1,10,10,38
289,shuming_1007_00000230#3,1,1,10,10,43
289,shuming_1007_00000230#4,1,1,2,10,36
289,shuming_1007_00000230#5,1,1,10,10,46
289,shuming_1007_00000230#7,1,1,10,10,63
289,shuming_1007_00000230#10,1,1,10,10,62
289,shuming_1007_00000230#11,1,1,10,10,39
289,shuming_1007_00000230#12,1,1,11,10,34
289,shuming_1007_00000230#13,1,1,9,10,10
289,shuming_1007_00000230#14,1,1,5,10,7
289,shuming_1007_00000230#15,1,1,10,10,79
289,shuming_1007_00000230#16,1,1,10,10,47
289,shuming_1007_00000230#17,1,1,10,10,19
289,shuming_1007_00000230#18,1,1,10,10,13
289,shuming_1007_00000230#20,1,1,10,10,20
289,shuming_1007_00000230#21,1,1,10,10,69
289,shuming_1007_00000230#22,1,1,10,10,27
289,shuming_1007_00000230#23,1,1,10,10,22
289,shuming_1013_00000065#0,1,1,10,10,87
289,shuming_1013_00000065#1,1,1,10,10,41
289,shuming_1013_00000065#3,1,1,10,10,26
289,shuming_1028_00000411#3,1,1,10,10,55
289,shuming_1028_00000411#4,1,1,10,10,10
289,shuming_1028_00000411#5,1,1,10,10,15
289,shuming_1064_00000087#0,1,1,10,10,34
289,shuming_1064_00000087#1,1,1,10,10,55
289,shuming_1064_00000087#2,1,1,10,10,56
289,shuming_1064_00000087#3,1,1,10,10,72
289,shuming_1064_00000087#4,1,1,10,10,69
289,shuming_1064_00000087#6,1,1,10,10,26
289,shuming_1064_00000087#7,1,1,10,10,54
289,shuming_1064_00000087#8,1,1,10,10,86
289,shuming_1076_00000257#1,1,1,10,10,31
289,shuming_1076_00000257#2,1,1,10,10,29
289,shuming_1076_00000257#3,1,1,10,10,20
289,shuming_1076_00000257#4,1,1,10,10,19
289,shuming_1076_00000257#5,1,1,10,10,23
289,shuming_1079_00000233#3,1,1,10,10,18
289,shuming_1079_00000233#4,1,1,10,10,12
289,shuming_1079_00000233#6,1,1,10,10,35
289,shuming_1080_00000016#0,1,1,10,10,72
289,shuming_1080_00000016#4,1,1,10,10,10
289,shuming_1132_00000385#2,1,1,10,10,29
289,shuming_1132_00000385#3,1,1,9,10,32
289,shuming_1132_00000385#4,1,1,8,10,25
289,shuming_1135_00000213#0,1,1,10,10,76
289,shuming_1148_00000041#0,1,1,10,10,74
289,shuming_1157_00000010#0,1,1,10,10,72
289,shuming_1157_00000010#1,1,1,10,10,32
289,shuming_1157_00000010#2,1,1,10,10,18
289,shuming_1180_00000231#3,1,1,10,10,49
289,shuming_24_00000001#0,1,1,10,10,40
289,shuming_24_00000001#1,1,1,10,10,62
289,shuming_340_00000020#1,1,1,10,10,21
289,shuming_340_00000020#19,1,1,10,10,11
289,shuming_340_00000020#22,1,1,7,10,7
289,shuming_340_00000020#23,1,1,10,10,12
289,shuming_340_00000020#26,1,1,9,10,9
289,shuming_340_00000020#30,1,1,9,10,9
289,shuming_340_00000020#31,1,1,10,10,12
289,shuming_340_00000020#38,1,1,10,10,10
289,shuming_35_00000199#0,1,1,10,10,73
289,shuming_35_00000199#3,1,1,10,10,36
289,shuming_35_00000199#4,1,1,10,10,26
289,shuming_35_00000199#5,1,1,3,10,87
289,shuming_35_00000199#6,1,1,9,10,18
289,shuming_35_00000199#8,1,1,10,10,14
289,shuming_35_00000199#9,1,1,8,10,8
289,shuming_35_00000199#11,1,1,10,10,39
289,shuming_410_00000037#0,1,1,6,10,7
289,shuming_410_00000037#9,1,1,10,10,45
289,shuming_461_00000082#0,1,1,10,10,53
289,shuming_461_00000082#2,1,1,10,10,42
289,shuming_461_00000082#3,1,1,10,10,31
289,shuming_461_00000082#4,1,1,10,10,14
289,shuming_461_00000082#5,1,1,10,10,11
289,shuming_465_00000030#0,1,1,10,10,10
289,shuming_465_00000030#2,1,1,10,10,56
289,shuming_465_00000030#3,1,1,10,10,15
289,shuming_470_00000057#3,1,1,10,10,43
289,shuming_470_00000057#4,1,1,10,10,23
289,shuming_482_00000018#3,1,1,10,10,53
289,shuming_482_00000018#4,1,1,10,10,44
289,shuming_482_00000018#5,1,1,10,10,62
289,shuming_485_00000027#3,1,1,10,10,16
289,shuming_485_00000027#4,1,1,10,10,52
289,shuming_503_00000052#0,1,1,10,10,32
289,shuming_503_00000052#1,1,1,10,10,26
289,shuming_562_00000223#2,1,1,10,10,76
289,shuming_571_00000215#0,1,1,10,10,56
289,shuming_571_00000215#1,1,1,10,10,46
289,shuming_574_00000017#0,1,1,10,10,63
289,shuming_608_00000031#1,1,1,10,10,19
289,shuming_608_00000031#2,1,1,10,10,30
289,shuming_608_00000031#3,1,1,10,10,35
289,shuming_608_00000031#4,1,1,10,10,11
289,shuming_610_00000148#0,1,1,10,10,50
289,shuming_63_00000393#3,1,1,10,10,15
289,shuming_63_00000393#4,1,1,10,10,17
289,shuming_63_00000393#5,1,1,8,10,9
289,shuming_63_00000393#6,1,1,10,10,23
289,shuming_63_00000393#7,1,1,10,10,21
289,shuming_63_00000393#8,1,1,10,10,23
289,shuming_63_00000393#9,1,1,10,10,20
289,shuming_663_00000328#2,1,1,10,10,50
289,shuming_663_00000328#3,1,1,10,10,40
289,shuming_67_00000001#1,1,1,10,10,55
289,shuming_67_00000001#2,1,1,10,10,18
289,shuming_698_00000001#0,1,1,10,10,11
289,shuming_698_00000001#1,1,1,2,10,13
289,shuming_698_00000001#2,1,1,10,10,17
289,shuming_698_00000001#3,1,1,10,10,20
289,shuming_698_00000001#4,1,1,10,10,15
289,shuming_698_00000001#5,1,1,10,10,14
289,shuming_698_00000001#7,1,1,10,10,26
289,shuming_698_00000001#8,1,1,10,10,17
289,shuming_698_00000001#9,1,1,10,10,14
289,shuming_698_00000001#10,1,1,10,10,13
289,shuming_698_00000001#11,1,1,10,10,13
289,shuming_698_00000001#12,1,1,10,10,15
289,shuming_698_00000001#13,1,1,10,10,14
289,shuming_698_00000001#14,1,1,10,10,12
289,shuming_698_00000001#15,1,1,10,10,15
289,shuming_698_00000001#16,1,1,10,10,15
289,shuming_698_00000001#17,1,1,10,10,23
289,shuming_698_00000001#18,1,1,10,10,18
289,shuming_698_00000001#19,1,1,10,10,19
289,shuming_698_00000001#20,1,1,10,10,22
289,shuming_698_00000001#21,1,1,10,10,24
289,shuming_698_00000001#22,1,1,10,10,18
289,shuming_698_00000001#23,1,1,10,10,35
289,shuming_698_00000001#25,1,1,10,10,64
289,shuming_706_00000375#0,1,1,10,10,41
289,shuming_706_00000375#2,1,1,10,10,32
289,shuming_706_00000375#3,1,1,8,10,17
289,shuming_706_00000375#4,1,1,10,10,52
289,shuming_72_00000270#19,1,1,10,10,54
289,shuming_72_00000270#20,1,1,10,10,22
289,shuming_72_00000270#22,1,1,10,10,48
289,shuming_72_00000270#24,1,1,10,10,20
289,shuming_731_00000492#0,1,1,10,10,32
289,shuming_731_00000492#1,1,1,10,10,26
289,shuming_731_00000492#3,1,1,10,10,60
289,shuming_731_00000492#5,1,1,10,10,69
289,shuming_753_00000172#0,1,1,10,10,12
289,shuming_758_00000371#0,1,1,10,10,52
289,shuming_763_00000009#2,1,1,10,10,15
289,shuming_774_00000273#3,1,1,10,10,63
289,shuming_774_00000273#5,1,1,10,10,31
289,shuming_779_00000254#1,1,1,10,10,63
289,shuming_779_00000254#5,1,1,10,10,80
289,shuming_783_00000248#0,1,1,10,10,81
289,shuming_783_00000248#2,1,1,10,10,66
289,shuming_793_00000117#2,1,1,10,10,31
289,shuming_825_00000172#1,1,1,10,10,13
289,shuming_825_00000172#2,1,1,7,10,7
289,shuming_825_00000172#3,1,1,10,10,16
289,shuming_826_00000213#1,1,1,10,10,14
289,shuming_826_00000213#2,1,1,10,10,18
289,shuming_826_00000213#3,1,1,9,10,9
289,shuming_85_00000273#4,1,1,10,10,11
289,shuming_987_00000275#1,1,1,10,10,41
289,shuming_987_00000275#2,1,1,10,10,23
289,shuming_987_00000275#3,1,1,10,10,19
289,shuming_987_00000275#4,1,1,10,10,21
289,shuming_987_00000275#5,1,1,10,10,10
299,00000045#1,1,1,10,10,242
299,00000045#2,1,1,10,10,88
299,00000045#3,1,1,10,10,105
299,00000045#6,1,1,10,10,286
299,00000045#7,1,1,10,10,279
299,00000057#1,1,1,10,10,225
299,00000057#2,1,1,10,10,88
299,00000057#3,1,1,10,10,111
299,00000057#5,1,1,10,10,133
299,00000063#1,1,1,10,10,279
299,00000063#2,1,1,10,10,90
299,00000063#3,1,1,10,10,107
299,00000063#5,1,1,10,10,208
299,00000095#1,1,1,10,10,279
299,00000095#2,1,1,10,10,114
299,00000095#3,1,1,10,10,105
299,00000106#1,1,1,10,10,245
299,00000106#2,1,1,10,10,135
299,00000106#3,1,1,10,10,122
299,00000106#5,1,1,10,10,157
299,00000123#1,1,1,10,10,196
299,00000123#2,1,1,10,10,87
299,00000123#3,1,1,10,10,190
299,00000123#5,1,1,10,10,108
299,00000171#0,1,1,10,10,120
299,00000180#0,1,1,10,10,136
299,00000234#1,1,1,10,10,108
299,00000257#0,1,1,10,10,93
299,00000271#0,1,1,10,10,118
299,00000271#1,1,1,10,10,132
299,00000273#0,1,1,10,10,84
299,00000273#1,1,1,10,10,99
299,000002_080_00000048#0,1,1,10,10,69
299,000002_083_00000169#0,1,1,10,10,14
299,000002_083_00000169#1,1,1,10,10,26
299,000002_083_00000169#2,1,1,10,10,36
299,00000346#0,1,1,10,10,381
299,00000364#0,1,1,10,10,210
299,00000396#0,1,1,10,10,111
299,00000399#0,1,1,10,10,82
299,000003_081_00000171#10,1,1,10,10,76
299,000003_081_00000171#11,1,1,10,10,82
299,00000426#0,1,1,10,10,653
299,00000506#0,1,1,10,10,117
299,000005_004_00000286#4,1,1,10,10,62
299,000005_006_00000001#1,1,1,10,10,68
299,000005_006_00000001#2,1,1,6,10,25
299,000005_019_00000209#0,1,1,10,10,43
299,000005_019_00000209#1,1,1,10,10,31
299,000005_019_00000209#2,1,1,10,10,59
299,000005_027_00000493#1,1,1,10,10,34
299,000005_027_00000493#2,1,1,10,10,38
299,000005_027_00000493#3,1,1,10,10,49
299,000005_027_00000493#4,1,1,10,10,21
299,000005_027_00000493#5,1,1,10,10,25
299,000005_027_00000493#6,1,1,10,10,20
299,000005_027_00000493#7,1,1,10,10,26
299,000005_027_00000493#8,1,1,10,10,74
299,000005_028_00000001#2,1,1,10,10,77
299,000005_028_00000163#2,1,1,10,10,31
299,00000618#2,1,1,10,10,101
299,000006_010_00000389#4,1,1,10,10,58
299,000006_011_00000307#3,1,1,10,10,25
299,000006_011_00000409#8,1,1,10,10,40
299,000006_011_00000409#10,1,1,10,10,54
299,000006_012_00000001#3,1,1,10,10,38
299,000006_012_00000001#6,1,1,10,10,63
299,000006_012_00000001#11,1,1,10,10,69
299,000006_012_00000001#12,1,1,10,10,33
299,000008_003_00000235#1,1,1,10,10,76
299,000008_003_00000235#2,1,1,10,10,59
299,000008_003_00000235#3,1,1,10,10,81
299,000008_003_00000235#4,1,1,10,10,66
299,000008_003_00000235#5,1,1,10,10,68
299,000008_003_00000235#10,1,1,10,10,68
299,000008_003_00000235#11,1,1,10,10,16
299,000008_003_00000352#1,1,1,10,10,66
299,000008_003_00000352#3,1,1,10,10,80
299,000008_003_00000352#5,1,1,10,10,74
299,000008_003_00000352#7,1,1,10,10,75
299,000008_003_00000352#8,1,1,10,10,75
299,000008_003_00000352#9,1,1,10,10,76
299,000008_003_00000352#10,1,1,10,10,64
299,000008_003_00000352#12,1,1,10,10,74
299,000008_003_00000352#13,1,1,10,10,16
299,000008_003_00000469#0,1,1,10,10,85
299,000008_003_00000469#1,1,1,10,10,70
299,000008_003_00000469#2,1,1,10,10,67
299,000008_003_00000469#3,1,1,10,10,78
299,000008_003_00000469#4,1,1,10,10,85
299,000008_003_00000469#6,1,1,10,10,89
299,000008_003_00000469#9,1,1,10,10,31
299,000008_003_00000469#10,1,1,10,10,18
299,000008_004_00000665#2,1,1,10,10,34
299,000008_004_00000665#4,1,1,10,10,39
299,000008_004_00000665#11,1,1,10,10,52
299,000008_004_00000665#12,1,1,10,10,63
299,000008_004_00000665#13,1,1,10,10,37
299,000008_013_00000195#1,1,1,10,10,66
299,000008_013_00000195#2,1,1,10,10,60
299,000008_042_00000273#1,1,1,10,10,40
299,000008_045_00000001#0,1,1,10,10,48
299,000008_045_00000001#2,1,1,10,10,70
299,000008_045_00000001#3,1,1,10,10,14
299,000008_045_00000157#0,1,1,10,10,80
299,000008_045_00000157#4,1,1,10,10,17
299,000008_048_00000361#3,1,1,10,10,42
299,000008_048_00000361#4,1,1,10,10,36
299,000008_048_00000361#5,1,1,10,10,29
299,000009_008_00000241#3,1,1,10,10,78
299,000009_008_00000241#5,1,1,10,10,69
299,000009_008_00000241#6,1,1,10,10,29
299,000009_008_00000241#7,1,1,10,10,76
299,000009_008_00000241#9,1,1,10,10,84
299,000009_033_00000333#1,1,1,10,10,16
299,000009_033_00000333#2,1,1,10,10,38
299,000009_033_00000333#3,1,1,10,10,38
299,000009_033_00000333#4,1,1,10,10,36
299,000009_033_00000333#6,1,1,10,10,51
299,000012_008_00000163#3,1,1,10,10,67
299,000012_008_00000163#4,1,1,10,10,55
299,000012_008_00000163#5,1,1,10,10,48
299,000012_008_00000163#6,1,1,10,10,60
299,000012_008_00000163#8,1,1,10,10,74
299,000012_008_00000163#10,1,1,10,10,17
299,000012_008_00000163#11,1,1,10,10,26
299,000012_008_00000163#12,1,1,10,10,27
299,000012_008_00000163#13,1,1,10,10,15
299,000012_008_00000163#14,1,1,10,10,11
299,000012_009_00000244#1,1,1,10,10,71
299,000012_009_00000244#3,1,1,10,10,68
299,000012_009_00000244#4,1,1,10,10,40
299,000012_009_00000244#5,1,1,10,10,45
299,000012_009_00000244#6,1,1,10,10,21
299,000012_009_00000244#7,1,1,10,10,13
299,000012_009_00000244#8,1,1,10,10,12
299,000012_009_00000244#9,1,1,10,10,14
299,000012_009_00000244#10,1,1,10,10,34
299,000012_009_00000244#11,1,1,10,10,18
299,000012_009_00000244#12,1,1,10,10,18
299,000012_009_00000244#13,1,1,10,10,19
299,000012_009_00000244#14,1,1,8,10,8
299,000012_009_00000325#3,1,1,10,10,82
299,000012_009_00000325#4,1,1,10,10,36
299,000012_009_00000325#5,1,1,10,10,43
299,000012_009_00000325#6,1,1,10,10,28
299,000012_009_00000325#7,1,1,10,10,17
299,000012_009_00000325#8,1,1,10,10,16
299,000012_009_00000325#9,1,1,8,10,8
299,000012_009_00000325#11,1,1,10,10,28
299,000012_009_00000325#12,1,1,10,10,15
299,000012_009_00000325#14,1,1,10,10,22
299,000012_009_00000325#15,1,1,4,10,19
299,000012_009_00000325#16,1,1,10,10,35
299,000012_014_00000184#0,1,1,10,10,33
299,000012_014_00000184#1,1,1,10,10,55
299,000012_014_00000184#3,1,1,10,10,26
299,000012_019_00000151#1,1,1,10,10,59
299,000012_019_00000151#2,1,1,10,10,14
299,000012_019_00000151#4,1,1,10,10,21
299,000012_019_00000151#5,1,1,10,10,14
299,000012_022_00000090#0,1,1,10,10,64
299,000012_022_00000090#1,1,1,10,10,23
299,000012_025_00000313#1,1,1,10,10,11
299,000012_025_00000313#2,1,1,10,10,11
299,000012_025_00000313#3,1,1,10,10,13
299,000012_025_00000313#4,1,1,7,10,7
299,000012_025_00000313#5,1,1,10,10,13
299,000012_025_00000313#6,1,1,8,10,8
299,000012_028_00000250#0,1,1,10,10,64
299,000012_028_00000250#1,1,1,10,10,56
299,000013_001_00000001#1,1,1,10,10,33
299,000013_001_00000001#2,1,1,10,10,34
299,000013_001_00000001#3,1,1,10,10,31
299,000013_002_00000281#1,1,1,10,10,31
299,000013_002_00000281#2,1,1,10,10,36
299,000013_002_00000281#3,1,1,10,10,20
299,000013_023_00000075#1,1,1,10,10,56
299,000013_023_00000075#2,1,1,10,10,68
299,000013_025_00000285#0,1,1,10,10,15
299,000013_025_00000285#1,1,1,10,10,56
299,000013_025_00000285#2,1,1,10,10,20
299,000013_030_00000063#0,1,1,10,10,21
299,000013_030_00000063#1,1,1,10,10,68
299,000013_039_00000063#0,1,1,10,10,41
299,000013_039_00000063#1,1,1,10,10,32
299,000013_039_00000063#3,1,1,10,10,26
299,000013_039_00000063#5,1,1,7,10,8
299,000013_040_suppl_00000167#0,1,1,10,10,79
299,000013_040_suppl_00000333#1,1,1,10,10,50
299,000013_040_suppl_00000333#3,1,1,10,10,80
299,000013_040_suppl_00000333#4,1,1,8,10,8
299,000013_044_00000001#0,1,1,10,10,24
299,000013_044_00000001#1,1,1,10,10,31
299,000013_044_00000001#2,0,1,0,10,72
299,000013_044_00000001#4,1,1,1,10,38
299,000013_044_00000001#5,1,1,10,10,72
299,000013_044_00000001#7,1,1,10,10,62
299,000013_048_00000001#0,1,1,10,10,46
299,000013_048_00000001#1,1,1,10,10,60
299,000013_048_00000001#3,0,1,0,10,49
299,000013_048_00000001#4,0,1,0,10,69
299,000013_056_00000281#2,1,1,10,10,49
299,000013_056_00000281#3,1,1,10,10,16
299,000013_056_00000281#4,1,1,10,10,21
299,000013_056_00000281#6,1,1,10,10,11
299,000013_056_00000281#7,1,1,10,10,12
299,000013_056_00000281#8,1,1,10,10,64
299,000013_056_00000281#9,1,1,10,10,43
299,000013_056_00000281#10,1,1,10,10,32
299,000014_012_00000217#1,1,1,10,10,41
299,000014_012_00000217#2,1,1,10,10,48
299,000014_050_00000273#3,1,1,10,10,47
299,000014_050_00000273#4,1,1,10,10,57
299,000014_050_00000273#5,1,1,10,10,26
299,000014_051_suppl_00000341#2,1,1,9,10,15
299,000014_052_00000131#2,1,1,10,10,22
299,000014_052_00000131#3,1,1,10,10,13
299,000015_004_00000268#0,1,1,10,10,27
299,000015_004_suppl_00000223#2,1,1,10,10,36
299,000016_043_suppl_00000292#1,1,1,10,10,21
299,000016_043_suppl_00000292#2,1,1,10,10,56
299,000016_043_suppl_00000292#4,1,1,10,10,30
299,000016_043_suppl_00000292#5,1,1,10,10,25
299,000016_043_suppl_00000292#6,1,1,10,10,45
299,000016_043_suppl_00000292#8,1,1,10,10,26
299,000016_043_suppl_00000292#9,1,1,10,10,32
299,000016_043_suppl_00000292#10,1,1,10,10,19
299,000016_043_suppl_00000292#11,1,1,10,10,27
299,000016_043_suppl_00000292#12,1,1,10,10,32
299,000016_043_suppl_00000292#14,1,1,10,10,70
299,000016_043_suppl_00000292#17,1,1,10,10,47
299,000016_043_suppl_00000292#20,1,1,10,10,23
299,000016_044_00000085#0,1,1,10,10,83
299,000016_044_00000085#1,1,1,10,10,62
299,000016_044_00000085#3,1,1,10,10,17
299,000016_044_00000085#4,1,1,10,10,65
299,000016_044_00000085#7,1,1,10,10,67
299,000016_044_00000085#10,1,1,10,10,78
299,000016_044_00000169#1,1,1,7,10,37
299,000016_044_00000169#2,1,1,10,10,36
299,000016_044_00000169#3,1,1,10,10,16
299,000016_044_00000169#5,1,1,10,10,15
299,000016_044_00000169#6,1,1,10,10,59
299,000016_044_00000169#8,1,1,10,10,88
299,000016_044_00000169#16,1,1,7,10,73
299,000016_044_00000169#17,1,1,10,10,65
299,000017_011_00000297#3,1,1,10,10,12
299,000017_011_00000297#5,1,1,10,10,68
299,000017_011_00000297#9,1,1,10,10,26
299,000017_011_00000297#10,1,1,10,10,86
299,000017_011_00000297#11,1,1,10,10,59
299,000017_011_00000297#13,1,1,10,10,43
299,000017_012_00000135#2,1,1,10,10,36
299,000017_020_00000214#0,1,1,10,10,21
299,000017_020_00000214#2,1,1,10,10,27
299,000017_020_suppl_00000356#0,1,1,10,10,20
299,000017_020_suppl_00000356#2,1,1,10,10,20
299,000018_006_00000063#0,1,1,10,10,66
299,000019_030_00000072#1,1,1,10,10,23
299,000019_030_00000072#2,1,1,10,10,72
299,000019_030_00000072#3,1,1,10,10,54
299,000019_030_00000072#4,1,1,10,10,21
299,000019_030_00000072#5,1,1,10,10,10
299,000019_038_00000205#2,1,1,10,10,20
299,000019_038_00000205#3,1,1,10,10,25
299,000019_038_00000205#4,1,1,10,10,21
299,000019_038_00000205#5,1,1,10,10,36
299,000019_038_00000205#6,1,1,10,10,84
299,000019_038_00000205#7,1,1,7,10,70
299,000019_038_00000205#8,1,1,10,10,82
299,000019_041_00000141#2,1,1,10,10,24
299,000019_045_00000145#4,1,1,10,10,46
299,000019_045_00000145#5,1,1,10,10,42
299,000019_045_00000145#7,1,1,10,10,67
299,000020_010_00000089#1,1,1,10,10,60
299,000020_010_00000089#5,1,1,9,10,9
299,000020_010_00000089#6,1,1,10,10,20
299,000020_010_00000089#7,1,1,4,10,8
299,000020_014_00000193#2,1,1,10,10,63
299,000020_014_00000193#3,1,1,10,10,76
299,000020_014_00000193#5,1,1,10,10,54
299,000020_014_00000193#6,1,1,10,10,77
299,000020_018_00000093#0,1,1,10,10,16
299,000020_018_00000093#1,1,1,10,10,24
299,000020_018_00000093#2,1,1,10,10,81
299,000020_018_00000093#3,1,1,10,10,42
299,000021_020_00000131#2,1,1,10,10,76
299,000023_005_00000070#1,1,1,10,10,32
299,000023_005_00000070#2,1,1,10,10,87
299,000023_005_00000070#3,1,1,10,10,63
299,000023_005_00000070#4,1,1,10,10,63
299,000023_005_00000070#5,1,1,10,10,18
299,000023_005_00000070#6,1,1,10,10,23
299,000031#0,1,1,10,10,53
299,000031#1,1,1,10,10,15
299,000031#2,1,1,8,10,8
299,000031#3,1,1,10,10,15
299,000031#6,1,1,10,10,24
299,000031#8,1,1,10,10,53
299,000031#10,1,1,10,10,16
299,000031#11,1,1,7,10,21
299,000066#0,1,1,10,10,31
299,000066#1,1,1,10,10,15
299,000066#2,1,1,10,10,61
299,000066#3,1,1,10,10,39
299,000070#0,1,1,10,10,28
299,000070#1,1,1,10,10,18
299,000070#2,1,1,9,10,52
299,000070#3,1,1,10,10,67
299,000173#1,1,1,10,10,27
299,000303#2,1,1,10,10,67
299,000303#6,1,1,10,10,30
299,000303#7,1,1,10,10,16
299,000328#1,1,1,10,10,58
299,000328#3,1,1,10,10,65
299,000415#1,1,1,10,10,14
299,000415#2,1,1,7,10,9
299,000415#4,1,1,10,10,22
299,000415#5,1,1,10,10,24
299,000415#6,1,1,10,10,12
299,000415#8,1,1,10,10,10
299,000415#10,1,1,10,10,13
299,000415#11,1,1,10,10,12
299,000415#13,1,1,10,10,21
299,000415#14,1,1,10,10,13
299,000415#15,1,1,10,10,17
299,000415#16,1,1,7,10,8
299,000415#17,1,1,9,10,10
299,000415#19,1,1,10,10,37
299,000433#7,1,1,10,10,57
299,000437#0,1,1,10,10,67
299,000437#1,1,1,10,10,75
299,000437#2,1,1,10,10,26
299,000437#5,1,1,10,10,48
299,000484#2,1,1,10,10,37
299,000484#3,1,1,10,10,55
299,000500#0,1,1,10,10,14
299,000500#1,1,1,9,10,9
299,000500#2,1,1,10,10,15
299,000525#0,1,1,10,10,14
299,000525#1,1,1,10,10,30
299,000525#2,1,1,10,10,35
299,000561#0,1,1,10,10,70
299,000561#3,1,1,10,10,63
299,000561#4,1,1,10,10,38
299,000597#2,1,1,10,10,62
299,000597#3,1,1,5,10,29
299,000630#0,1,1,10,10,14
299,000680#5,1,1,10,10,69
299,000707#1,1,1,10,10,13
299,000707#2,1,1,10,10,18
299,000707#3,1,1,9,10,9
299,000707#4,1,1,10,10,25
299,000707#5,1,1,10,10,20
299,000735#1,1,1,10,10,11
299,000738#0,1,1,10,10,26
299,000738#2,1,1,9,10,9
299,000738#3,1,1,10,10,36
299,000756#4,1,1,10,10,34
299,000759#2,1,1,10,10,34
299,000780#0,1,1,10,10,22
299,000780#3,1,1,10,10,90
299,000783#0,1,1,10,10,45
299,000783#1,1,1,10,10,42
299,000783#3,1,1,10,10,38
299,000783#4,1,1,10,10,26
299,000808#1,1,1,10,10,21
299,000820#2,1,1,10,10,58
299,000820#3,1,1,10,10,45
299,000820#4,1,1,10,10,25
299,000820#5,1,1,10,10,27
299,000820#7,1,1,8,10,8
299,000889#5,1,1,10,10,84
299,000889#6,1,1,10,10,40
299,000889#7,1,1,10,10,14
299,000889#8,1,1,10,10,15
299,000889#9,1,1,10,10,22
299,000889#13,1,1,10,10,24
299,000889#14,1,1,10,10,69
299,000943#0,1,1,10,10,16
299,000943#1,1,1,10,10,14
299,000943#2,1,1,10,10,64
299,000943#3,1,1,7,10,7
299,000943#4,1,1,6,10,7
299,000943#6,1,1,10,10,18
299,000943#7,1,1,10,10,23
299,000952#0,1,1,10,10,22
299,001033#1,1,1,10,10,15
299,001033#2,1,1,10,10,31
299,001033#3,1,1,10,10,41
299,001033#9,1,1,9,10,25
299,001033#10,1,1,10,10,21
299,001035#0,1,1,10,10,19
299,001035#1,1,1,10,10,53
299,001035#2,1,1,10,10,76
299,001035#7,1,1,10,10,40
299,001035#9,1,1,10,10,22
299,001035#10,1,1,10,10,63
299,001114#5,1,1,10,10,47
299,001114#6,1,1,10,10,40
299,001114#7,1,1,10,10,12
299,001114#8,1,1,10,10,26
299,001114#10,1,1,10,10,17
299,001123#0,1,1,10,10,31
299,001123#1,1,1,10,10,76
299,001123#2,1,1,10,10,77
299,001123#4,1,1,10,10,64
299,001123#5,1,1,10,10,42
299,001123#6,1,1,10,10,79
299,001123#7,1,1,10,10,86
299,001123#8,1,1,3,10,36
299,001123#9,1,1,10,10,56
299,001123#10,1,1,10,10,62
299,001123#11,1,1,10,10,66
299,001123#12,1,1,10,10,79
299,001123#13,1,1,10,10,31
299,001123#18,1,1,9,10,9
299,001123#19,1,1,10,10,10
299,001123#20,1,1,10,10,49
299,001123#21,1,1,10,10,32
299,001123#22,1,1,10,10,33
299,001135#4,1,1,10,10,64
299,001135#6,1,1,10,10,72
299,001135#7,1,1,9,10,14
299,001157#4,1,1,10,10,14
299,001157#5,1,1,10,10,30
299,001157#8,1,1,10,10,77
299,001157#9,1,1,10,10,68
299,001202#3,1,1,10,10,72
299,001202#4,1,1,10,10,78
299,001202#8,1,1,10,10,23
299,001202#10,1,1,10,10,56
299,001202#11,1,1,10,10,57
299,001202#12,1,1,10,10,42
299,001257#0,1,1,10,10,46
299,001257#3,1,1,10,10,69
299,001257#6,1,1,10,10,27
299,001257#9,1,1,10,10,27
299,001257#10,1,1,10,10,46
299,001257#11,1,1,10,10,31
299,001276#3,1,1,10,10,58
299,001276#7,1,1,10,10,30
299,001276#9,1,1,10,10,54
299,001276#10,1,1,10,10,27
299,001276#11,1,1,10,10,31
299,001276#12,1,1,10,10,25
299,001276#13,1,1,10,10,35
299,001276#14,1,1,10,10,50
299,001276#15,1,1,10,10,25
299,001295#0,1,1,10,10,30
299,001295#1,1,1,10,10,52
299,001295#3,1,1,10,10,10
299,001295#10,1,1,10,10,55
299,001295#11,1,1,10,10,24
299,001295#12,1,1,10,10,17
299,001295#13,1,1,10,10,28
299,001295#14,1,1,10,10,36
299,001295#15,1,1,10,10,24
299,001295#17,1,1,10,10,19
299,001295#18,1,1,10,10,15
299,001295#19,1,1,10,10,17
299,001295#20,1,1,10,10,16
299,001295#21,1,1,10,10,22
299,001295#22,1,1,10,10,26
299,001295#24,1,1,10,10,26
299,001295#26,1,1,9,10,9
299,001409#0,1,1,10,10,39
299,001409#1,1,1,10,10,43
299,001415#0,1,1,10,10,42
299,001415#1,1,1,10,10,44
299,001415#2,1,1,10,10,41
299,001415#3,1,1,10,10,53
299,001443#3,1,1,10,10,53
299,001443#4,1,1,10,10,73
299,001443#6,1,1,10,10,66
299,001443#7,1,1,10,10,67
299,001443#9,1,1,10,10,27
299,001443#10,1,1,10,10,46
299,001461#2,1,1,10,10,28
299,001461#3,1,1,10,10,42
299,001461#4,1,1,10,10,64
299,001461#5,1,1,10,10,36
299,001531#1,1,1,10,10,16
299,001531#2,1,1,10,10,11
299,001531#6,1,1,10,10,28
299,001531#8,1,1,10,10,11
299,001531#10,1,1,10,10,43
299,001558#4,1,1,10,10,31
299,001683#1,1,1,10,10,83
299,001683#6,1,1,10,10,36
299,001683#7,1,1,10,10,46
299,001683#8,1,1,10,10,50
299,001694#1,1,1,10,10,28
299,001694#2,1,1,10,10,64
299,001694#7,1,1,10,10,62
299,001694#8,1,1,10,10,36
299,001694#9,1,1,10,10,50
299,001694#10,1,1,10,10,27
299,001694#11,1,1,10,10,28
299,001694#12,1,1,10,10,22
299,001694#13,1,1,10,10,27
299,001694#14,1,1,10,10,31
299,001707#1,1,1,10,10,22
299,001707#2,1,1,10,10,68
299,001707#7,1,1,10,10,62
299,001707#8,1,1,10,10,36
299,001707#9,1,1,10,10,31
299,001707#10,1,1,10,10,34
299,001707#11,1,1,10,10,57
299,001707#12,1,1,10,10,19
299,001712#1,1,1,10,10,72
299,001712#6,1,1,10,10,58
299,001712#7,1,1,10,10,16
299,001712#8,1,1,10,10,36
299,001712#9,1,1,10,10,55
299,001712#10,1,1,10,10,25
299,001712#11,1,1,10,10,23
299,001712#12,1,1,10,10,27
299,001724#1,1,1,10,10,11
299,001724#3,1,1,10,10,56
299,001724#7,1,1,10,10,84
299,001724#8,1,1,10,10,34
299,001724#9,1,1,10,10,30
299,001724#10,1,1,10,10,27
299,001724#11,1,1,10,10,34
299,001724#12,1,1,10,10,38
299,001737#3,1,1,10,10,54
299,001737#7,1,1,10,10,76
299,001737#8,1,1,8,10,8
299,001737#9,1,1,10,10,15
299,001737#10,1,1,10,10,36
299,001737#11,1,1,10,10,30
299,001737#12,1,1,10,10,38
299,001737#13,1,1,10,10,30
299,001742#0,1,1,10,10,41
299,001763#0,1,1,10,10,25
299,001785#0,1,1,10,10,50
299,001785#1,1,1,10,10,51
299,001785#2,1,1,10,10,80
299,001851#0,1,1,10,10,48
299,001851#8,1,1,10,10,25
299,001851#9,1,1,10,10,27
299,001851#10,1,1,10,10,31
299,001851#11,1,1,10,10,25
299,001851#12,1,1,10,10,27
299,001851#13,1,1,10,10,50
299,001851#14,1,1,10,10,27
299,001862#0,1,1,10,10,48
299,001862#8,1,1,10,10,21
299,001862#9,1,1,10,10,27
299,001862#10,1,1,10,10,54
299,001862#11,1,1,10,10,21
299,001862#12,1,1,10,10,20
299,001862#13,1,1,10,10,32
299,001862#14,1,1,10,10,29
299,001862#15,1,1,10,10,37
299,001873#0,1,1,10,10,48
299,001873#4,1,1,10,10,73
299,001873#8,1,1,10,10,26
299,001873#9,1,1,10,10,50
299,001873#10,1,1,10,10,14
299,001873#11,1,1,10,10,27
299,001873#12,1,1,10,10,26
299,001873#13,1,1,10,10,27
299,001881#0,1,1,10,10,48
299,001881#4,1,1,10,10,73
299,001881#8,1,1,10,10,25
299,001881#9,1,1,10,10,54
299,001881#10,1,1,10,10,22
299,001884#0,1,1,10,10,52
299,001884#4,1,1,10,10,73
299,001884#8,1,1,10,10,21
299,001884#9,1,1,10,10,57
299,001884#10,1,1,10,10,25
299,001884#11,1,1,10,10,23
299,001884#12,1,1,10,10,20
299,001884#13,1,1,10,10,17
299,001884#14,1,1,10,10,27
299,001898#0,1,1,10,10,52
299,001898#4,1,1,10,10,74
299,001898#7,1,1,10,10,22
299,001898#8,1,1,10,10,20
299,001898#9,1,1,10,10,21
299,001898#10,1,1,10,10,24
299,001898#11,1,1,10,10,36
299,001898#12,1,1,10,10,55
299,001898#13,1,1,10,10,27
299,001898#14,1,1,10,10,24
299,001970#1,1,1,10,10,73
299,001970#3,1,1,10,10,36
299,001970#7,1,1,10,10,65
299,001970#8,1,1,10,10,26
299,001970#9,1,1,10,10,41
299,001970#10,1,1,10,10,27
299,002048#2,1,1,10,10,68
299,002048#3,1,1,10,10,53
299,002048#4,1,1,10,10,76
299,002048#7,1,1,10,10,37
299,002048#8,1,1,10,10,19
299,002048#9,1,1,10,10,40
299,002048#10,1,1,10,10,41
299,002097#3,1,1,10,10,67
299,002097#4,1,1,10,10,75
299,002097#7,1,1,10,10,22
299,002097#8,1,1,10,10,29
299,002097#9,1,1,10,10,32
299,002097#10,1,1,10,10,32
299,002102#0,1,1,10,10,63
299,002102#1,1,1,10,10,67
299,002102#2,1,1,10,10,64
299,002102#3,1,1,10,10,55
299,002102#4,1,1,10,10,59
299,002102#5,1,1,10,10,40
299,002102#6,1,1,10,10,56
299,002102#7,1,1,10,10,56
299,002102#8,1,1,10,10,50
299,002156#0,1,1,10,10,40
299,002156#1,1,1,10,10,28
299,002156#2,1,1,10,10,38
299,002156#3,1,1,10,10,59
299,002156#4,1,1,10,10,81
299,002156#7,1,1,10,10,46
299,002156#8,1,1,10,10,34
299,002156#9,1,1,10,10,53
299,002207#0,1,1,10,10,11
299,002207#1,1,1,10,10,49
299,002235#3,1,1,10,10,36
299,002235#5,1,1,10,10,55
299,002235#6,1,1,6,10,17
299,002235#7,1,1,10,10,27
299,002235#10,1,1,10,10,10
299,002265#3,1,1,10,10,15
299,002265#4,1,1,10,10,13
299,002276#0,1,1,10,10,41
299,002276#1,1,1,10,10,18
299,002276#2,1,1,10,10,32
299,002276#3,1,1,10,10,53
299,002276#6,1,1,10,10,46
299,002331#2,1,1,10,10,49
299,002331#3,1,1,10,10,37
299,002331#4,1,1,10,10,75
299,002331#16,1,1,10,10,14
299,002331#18,1,1,8,10,21
299,002334#1,1,1,10,10,11
299,002334#8,1,1,10,10,56
299,002334#9,1,1,10,10,18
299,002338#0,1,1,10,10,62
299,002338#1,1,1,10,10,70
299,002338#4,1,1,10,10,73
299,002338#5,1,1,10,10,44
299,002357#0,1,1,10,10,23
299,002357#1,1,1,10,10,35
299,002357#2,1,1,10,10,72
299,002357#3,1,1,10,10,43
299,002359#0,1,1,10,10,29
299,002359#1,1,1,10,10,43
299,002359#2,1,1,10,10,45
299,002359#3,1,1,10,10,27
299,002378#0,1,1,10,10,34
299,002378#1,1,1,10,10,11
299,002378#3,1,1,10,10,66
299,002378#5,1,1,10,10,73
299,002378#6,1,1,10,10,19
299,002380#2,1,1,10,10,77
299,002380#3,1,1,10,10,55
299,002380#4,1,1,10,10,19
299,002380#5,1,1,8,10,8
299,002380#6,1,1,10,10,45
299,002380#7,1,1,10,10,14
299,002380#8,1,1,10,10,15
299,002380#9,1,1,10,10,25
299,002413#0,1,1,10,10,23
299,002517#1,1,1,10,10,48
299,002517#2,1,1,10,10,16
299,002517#4,1,1,10,10,23
299,002517#5,1,1,10,10,76
299,002584#4,1,1,5,10,11
299,002584#6,1,1,10,10,11
299,002625#6,1,1,10,10,17
299,002625#8,1,1,10,10,26
299,002625#10,1,1,10,10,27
299,002625#13,1,1,10,10,22
299,002625#14,1,1,10,10,73
299,002625#18,1,1,10,10,29
299,002625#19,1,1,10,10,13
299,002625#20,1,1,10,10,70
299,002625#21,1,1,10,10,82
299,002625#22,1,1,10,10,36
299,002625#23,1,1,10,10,34
299,002625#24,1,1,10,10,65
299,002625#25,1,1,10,10,11
299,002625#26,1,1,10,10,48
299,002625#27,1,1,1,10,25
299,002625#28,1,1,10,10,37
299,002625#29,1,1,10,10,63
299,002625#30,1,1,10,10,23
299,002625#31,1,1,10,10,34
299,002625#32,1,1,10,10,45
299,002625#33,1,1,10,10,12
299,002627#5,1,1,10,10,20
299,002627#7,1,1,10,10,17
299,002627#11,1,1,10,10,74
299,002627#12,1,1,10,10,32
299,002627#15,1,1,10,10,69
299,002627#17,1,1,10,10,73
299,002627#18,1,1,10,10,74
299,002627#19,1,1,10,10,18
299,002627#22,1,1,10,10,87
299,002627#23,1,1,10,10,71
299,002627#26,1,1,10,10,80
299,002627#27,1,1,10,10,81
299,002627#28,1,1,10,10,48
299,002627#30,1,1,10,10,39
299,002627#31,1,1,10,10,50
299,002627#32,1,1,10,10,55
299,002671#7,1,1,10,10,51
299,002671#9,1,1,10,10,25
299,002671#11,1,1,9,10,39
299,002671#12,1,1,10,10,63
299,002671#13,1,1,10,10,45
299,002671#14,1,1,10,10,30
299,002671#15,1,1,10,10,30
299,002671#16,1,1,10,10,18
299,002671#17,1,1,10,10,45
299,002671#18,1,1,10,10,18
299,002671#19,1,1,10,10,57
299,002671#20,1,1,10,10,46
299,002671#21,1,1,10,10,23
299,002671#22,1,1,10,10,23
299,002671#23,1,1,10,10,46
299,002671#24,1,1,10,10,59
299,002677#0,1,1,10,10,63
299,002677#1,1,1,10,10,40
299,002677#16,1,1,10,10,14
299,002677#17,1,1,10,10,24
299,002677#18,1,1,10,10,76
299,002707#11,1,1,10,10,22
299,002707#12,1,1,10,10,25
299,002707#13,1,1,10,10,62
299,002750#1,1,1,10,10,15
299,002750#4,1,1,10,10,42
299,002750#12,1,1,10,10,13
299,002750#13,1,1,10,10,12
299,002750#14,1,1,10,10,10
299,002750#16,1,1,8,10,8
299,002750#18,1,1,10,10,14
299,002750#19,1,1,10,10,22
299,002750#20,1,1,10,10,28
299,002750#21,1,1,10,10,28
299,002750#22,1,1,10,10,53
299,002750#23,1,1,10,10,25
299,002750#25,1,1,10,10,51
299,002762#1,1,1,10,10,17
299,002839#1,1,1,10,10,21
299,002839#2,1,1,10,10,25
299,002839#3,1,1,10,10,48
299,002839#4,1,1,10,10,31
299,002842#3,1,1,10,10,25
299,002842#4,1,1,10,10,21
299,002844#1,1,1,10,10,42
299,002844#2,1,1,10,10,21
299,002844#3,1,1,10,10,38
299,002935#0,1,1,10,10,17
299,002935#1,1,1,10,10,13
299,002955#0,1,1,10,10,72
299,002955#1,1,1,10,10,47
299,002955#4,1,1,10,10,32
299,002955#5,1,1,10,10,21
299,002955#6,1,1,10,10,37
299,002955#7,1,1,10,10,68
299,002955#8,1,1,9,10,61
299,002955#9,1,1,9,10,11
299,002955#10,1,1,10,10,42
299,002955#11,1,1,10,10,42
299,002955#12,1,1,10,10,57
299,002955#13,1,1,10,10,67
299,002955#14,1,1,10,10,73
299,002955#16,1,1,10,10,49
299,002955#17,1,1,10,10,81
299,002955#20,1,1,10,10,15
299,002955#23,1,1,10,10,29
299,002955#24,1,1,7,10,7
299,002987#0,1,1,10,10,16
299,002987#1,1,1,9,10,9
299,002987#2,1,1,10,10,23
299,002987#3,1,1,10,10,14
299,002987#4,1,1,10,10,34
299,002987#6,1,1,10,10,64
299,002987#7,1,1,10,10,73
299,002987#8,1,1,10,10,28
299,002987#9,1,1,10,10,14
299,002987#10,1,1,10,10,15
299,002987#11,1,1,10,10,15
299,002987#12,1,1,8,10,8
299,002987#13,1,1,10,10,34
299,002987#14,1,1,10,10,20
299,002987#15,1,1,10,10,37
299,003007#6,1,1,9,10,9
299,003007#8,1,1,10,10,41
299,003007#9,1,1,10,10,24
299,003013#6,1,1,10,10,20
299,003017#4,1,1,10,10,12
299,003026#4,1,1,10,10,17
299,003056#1,1,1,10,10,24
299,003056#2,1,1,10,10,15
299,003056#3,1,1,10,10,15
299,003056#4,1,1,10,10,11
299,003056#7,1,1,10,10,38
299,003056#8,1,1,8,10,9
299,003056#9,1,1,10,10,27
299,003056#10,1,1,10,10,18
299,003056#11,1,1,10,10,61
299,003148#0,1,1,10,10,61
299,003148#2,1,1,10,10,63
299,003148#3,1,1,10,10,42
299,003148#6,1,1,10,10,47
299,003148#7,1,1,7,10,8
299,003148#8,1,1,7,10,8
299,003160#0,1,1,10,10,42
299,003160#1,1,1,10,10,28
299,003160#2,1,1,10,10,31
299,003160#3,1,1,8,10,27
299,003160#4,1,1,4,10,31
299,003160#5,1,1,10,10,84
299,003160#7,1,1,10,10,37
299,003160#8,1,1,10,10,69
299,003160#9,1,1,10,10,19
299,003160#11,1,1,10,10,78
299,003160#13,1,1,10,10,37
299,003160#14,1,1,10,10,11
299,003160#15,1,1,10,10,55
299,003160#17,1,1,10,10,43
299,003160#18,1,1,10,10,72
299,003160#19,1,1,10,10,26
299,003160#20,1,1,10,10,18
299,003160#21,1,1,10,10,46
299,003198#1,1,1,10,10,64
299,003198#4,1,1,10,10,42
299,003257#5,1,1,10,10,58
299,003262#0,1,1,10,10,28
299,003262#1,1,1,10,10,31
299,003262#4,1,1,10,10,27
299,003262#14,1,1,8,10,10
299,003262#16,1,1,8,10,10
299,003262#17,1,1,10,10,14
299,003262#21,1,1,9,10,16
299,003262#23,1,1,10,10,22
299,003262#24,1,1,10,10,18
299,003262#28,1,1,10,10,50
299,003262#29,1,1,4,10,7
299,003262#30,1,1,10,10,73
299,003273#1,1,1,10,10,73
299,003273#3,1,1,10,10,68
299,003273#4,1,1,10,10,45
299,003273#5,1,1,10,10,12
299,003273#6,1,1,10,10,87
299,003273#8,1,1,10,10,35
299,003273#9,1,1,10,10,19
299,003273#10,1,1,10,10,42
299,003273#11,1,1,10,10,17
299,003273#13,1,1,10,10,20
299,003288#0,1,1,10,10,74
299,003288#3,1,1,10,10,37
299,003288#4,1,1,10,10,27
299,003288#5,1,1,10,10,20
299,003288#6,1,1,10,10,20
299,003288#7,1,1,10,10,16
299,003288#8,1,1,10,10,14
299,003288#9,1,1,10,10,16
299,003288#10,1,1,10,10,18
299,003288#11,1,1,10,10,14
299,003288#12,1,1,10,10,27
299,003288#13,1,1,10,10,33
299,003288#14,1,1,10,10,13
299,003288#16,1,1,10,10,21
299,003288#18,1,1,10,10,69
299,003304#0,1,1,10,10,42
299,003304#1,1,1,10,10,36
299,003304#2,1,1,10,10,14
299,003304#3,1,1,10,10,48
299,003304#4,1,1,10,10,20
299,003304#8,1,1,10,10,25
299,003304#9,1,1,10,10,41
299,003304#11,1,1,10,10,42
299,003304#12,1,1,10,10,30
299,003304#13,1,1,10,10,13
299,003317#1,1,1,10,10,29
299,003317#2,1,1,10,10,26
299,003317#3,1,1,10,10,29
299,003317#5,1,1,10,10,50
299,003317#6,1,1,10,10,23
299,003317#7,1,1,10,10,27
299,003317#8,1,1,10,10,49
299,003317#9,1,1,10,10,30
299,003317#12,1,1,10,10,12
299,003317#14,1,1,10,10,55
299,003317#15,1,1,8,10,70
299,003317#16,1,1,9,10,43
299,003348#0,1,1,10,10,30
299,003353#0,1,1,10,10,14
299,003408#1,1,1,10,10,22
299,003411#0,1,1,10,10,41
299,003411#1,1,1,10,10,52
299,003411#2,1,1,10,10,57
299,003411#3,1,1,10,10,50
299,003419#0,1,1,10,10,84
299,003419#5,1,1,10,10,22
299,003419#13,1,1,10,10,24
299,003419#14,1,1,10,10,30
299,003419#17,1,1,6,10,30
299,003419#18,1,1,10,10,34
299,003419#19,1,1,10,10,18
299,003419#21,1,1,10,10,36
299,003425#5,1,1,10,10,17
299,003425#6,1,1,10,10,13
299,003425#7,1,1,10,10,11
299,003425#10,1,1,10,10,18
299,003425#12,1,1,10,10,44
299,003425#13,1,1,10,10,46
299,003460#0,1,1,10,10,26
299,003460#1,1,1,10,10,64
299,003460#3,1,1,10,10,80
299,003460#5,1,1,10,10,25
299,003460#6,1,1,10,10,73
299,003472#0,1,1,10,10,31
299,003472#1,1,1,10,10,68
299,003472#2,1,1,10,10,20
299,003472#3,1,1,10,10,71
299,003475#1,1,1,10,10,41
299,003475#2,1,1,10,10,22
299,003475#3,1,1,10,10,51
299,003475#5,1,1,10,10,46
299,003475#6,1,1,10,10,70
299,003475#10,1,1,10,10,21
299,003475#11,1,1,10,10,31
299,003487#0,1,1,10,10,53
299,003487#2,1,1,10,10,62
299,003489#0,1,1,10,10,24
299,003489#2,1,1,10,10,31
299,003489#3,1,1,10,10,55
299,003489#4,1,1,10,10,25
299,003489#5,1,1,10,10,35
299,003489#9,1,1,10,10,26
299,003489#14,1,1,10,10,37
299,003526#0,1,1,10,10,18
299,003526#3,1,1,10,10,13
299,003532#0,1,1,10,10,18
299,003532#1,1,1,10,10,42
299,003546#0,1,1,10,10,27
299,003546#1,1,1,10,10,28
299,003546#2,1,1,10,10,37
299,003592#0,1,1,10,10,23
299,003592#1,1,1,10,10,23
299,003592#2,1,1,10,10,31
299,003592#3,1,1,10,10,20
299,003595#3,1,1,10,10,27
299,003595#4,1,1,10,10,30
299,003595#5,1,1,10,10,21
299,003595#6,1,1,10,10,46
299,003603#3,1,1,10,10,32
299,003653#3,1,1,10,10,15
299,003653#5,1,1,10,10,20
299,003653#6,1,1,10,10,18
299,003653#7,1,1,10,10,14
299,003653#8,1,1,10,10,11
299,003653#9,1,1,10,10,12
299,003653#11,1,1,10,10,36
299,003653#12,1,1,10,10,51
299,003653#14,1,1,8,10,8
299,003653#16,1,1,9,10,9
299,003653#17,1,1,10,10,26
299,003653#18,1,1,8,10,8
299,003679#4,1,1,10,10,50
299,003679#5,1,1,10,10,27
299,003679#7,1,1,10,10,25
299,003679#8,1,1,10,10,32
299,003703#0,1,1,10,10,50
299,003739#0,1,1,10,10,30
299,003739#1,1,1,10,10,35
299,003739#2,1,1,10,10,17
299,003739#3,1,1,10,10,11
299,003739#5,1,1,10,10,16
299,003739#6,1,1,6,10,12
299,003739#7,1,1,10,10,26
299,003739#8,1,1,10,10,16
299,003757#0,1,1,10,10,76
299,003757#7,1,1,10,10,27
299,003757#8,1,1,10,10,10
299,003757#10,1,1,10,10,21
299,003757#14,1,1,10,10,13
299,003757#15,1,1,10,10,15
299,003757#16,1,1,10,10,11
299,003769#0,1,1,10,10,56
299,003838#0,1,1,10,10,72
299,003863#1,1,1,10,10,21
299,003863#3,1,1,10,10,17
299,003863#5,1,1,10,10,33
299,003863#7,1,1,10,10,24
299,003863#9,1,1,10,10,13
299,003863#10,1,1,10,10,12
299,003863#11,1,1,10,10,18
299,003895#2,1,1,10,10,55
299,003896#0,1,1,10,10,43
299,003896#1,1,1,10,10,19
299,003902#0,1,1,10,10,41
299,003902#1,1,1,10,10,15
299,003902#3,1,1,10,10,18
299,003902#4,1,1,10,10,30
299,003902#5,1,1,10,10,18
299,003902#6,1,1,10,10,41
299,003904#0,1,1,10,10,33
299,003904#1,1,1,10,10,19
299,003941#0,1,1,10,10,27
299,003941#1,1,1,10,10,17
299,003941#3,1,1,9,10,12
299,003941#5,1,1,9,10,25
299,003941#7,1,1,10,10,20
299,003941#8,1,1,10,10,26
299,003941#10,1,1,10,10,17
299,003941#11,1,1,10,10,26
299,003941#12,1,1,10,10,17
299,003941#13,1,1,10,10,20
299,003941#14,1,1,10,10,18
299,003941#15,1,1,10,10,22
299,003941#16,1,1,10,10,69
299,003941#20,1,1,9,10,10
299,003941#21,1,1,7,10,25
299,003941#22,1,1,10,10,13
299,003941#24,1,1,10,10,37
299,003941#25,1,1,10,10,18
299,003941#26,1,1,10,10,21
299,003941#27,1,1,10,10,18
299,003941#29,1,1,10,10,17
299,003941#30,1,1,10,10,34
299,003982#5,1,1,10,10,26
299,003982#6,1,1,10,10,15
299,003982#8,1,1,10,10,13
299,003982#11,1,1,10,10,19
299,003982#14,1,1,10,10,29
299,003982#19,1,1,6,10,9
299,003982#20,1,1,6,10,10
299,003982#23,1,1,10,10,25
299,003982#24,1,1,10,10,10
299,003982#30,1,1,10,10,12
299,003982#32,1,1,9,10,14
299,003982#34,1,1,10,10,11
299,003982#36,1,1,4,10,46
299,003982#41,1,1,9,10,10
299,003982#42,1,1,10,10,11
299,003982#43,1,1,10,10,13
299,003982#47,1,1,10,10,57
299,003982#48,1,1,10,10,16
299,003982#49,1,1,10,10,69
299,003982#50,1,1,10,10,34
299,003982#53,1,1,6,10,10
299,003982#57,1,1,10,10,18
299,003982#58,1,1,10,10,18
299,003982#60,1,1,10,10,16
299,003982#61,1,1,10,10,15
299,003982#62,1,1,10,10,17
299,003987#5,1,1,10,10,32
299,003987#6,1,1,10,10,28
299,003987#10,1,1,10,10,66
299,003987#11,1,1,10,10,71
299,003987#15,1,1,10,10,33
299,003987#16,1,1,10,10,42
299,003987#23,1,1,7,10,11
299,003987#27,1,1,10,10,11
299,003987#35,1,1,10,10,26
299,003987#38,1,1,10,10,19
299,003987#39,1,1,10,10,17
299,003987#40,1,1,10,10,16
299,003987#41,1,1,10,10,13
299,003987#43,1,1,10,10,10
299,003987#46,1,1,8,10,8
299,003987#47,1,1,10,10,15
299,003987#49,1,1,10,10,12
299,003987#50,1,1,10,10,15
299,003987#51,1,1,10,10,15
299,003987#52,1,1,10,10,10
299,003987#53,1,1,10,10,19
299,003987#55,1,1,10,10,31
299,hehe_173_000002_024_00000105#2,1,1,2,10,11
299,hehe_173_000002_024_00000105#4,1,1,5,10,11
299,hehe_173_000002_024_00000105#6,1,1,10,10,23
299,hehe_173_000002_024_00000105#7,1,1,10,10,15
299,hehe_173_000002_024_00000105#9,1,1,10,10,31
299,hehe_173_000002_024_00000105#10,1,1,10,10,25
299,hehe_173_000002_024_00000105#11,1,1,10,10,11
299,hehe_173_000002_024_00000105#13,1,1,10,10,31
299,hehe_173_000002_024_00000105#15,1,1,10,10,76
299,hehe_186_000002_028_00000050#1,1,1,10,10,77
299,hehe_22_00000004#0,1,1,10,10,29
299,hehe_22_00000004#2,1,1,10,10,23
299,hehe_22_00000004#4,1,1,10,10,69
299,hehe_22_00000004#6,1,1,10,10,57
299,hehe_22_00000004#7,1,1,10,10,70
299,hehe_22_00000004#9,1,1,6,10,11
299,hehe_230_000002_043_00000061#1,1,1,10,10,69
299,hehe_230_000002_043_00000061#6,1,1,10,10,62
299,hehe_230_000002_043_00000061#7,1,1,10,10,58
299,hehe_230_000002_043_00000061#10,1,1,10,10,31
299,hehe_230_000002_043_00000061#11,1,1,10,10,37
299,hehe_230_000002_043_00000061#13,1,1,10,10,19
299,hehe_230_000002_043_00000061#14,1,1,8,10,12
299,hehe_232_000002_043_00000181#0,1,1,8,10,8
299,hehe_232_000002_043_00000181#1,1,1,10,10,22
299,hehe_232_000002_043_00000181#2,1,1,10,10,57
299,hehe_232_000002_043_00000181#3,1,1,10,10,36
299,hehe_232_000002_043_00000181#8,1,1,10,10,57
299,hehe_274_000002_060_00000105#1,1,1,10,10,67
299,hehe_274_000002_060_00000105#5,1,1,10,10,28
299,hehe_274_000002_060_00000105#6,1,1,10,10,11
299,hehe_40_00000033#1,1,1,10,10,26
299,hehe_40_00000033#2,1,1,10,10,46
299,hehe_40_00000033#3,1,1,1,10,40
299,hehe_40_00000033#5,1,1,10,10,40
299,hehe_45_00000001#2,1,1,10,10,42
299,hehe_45_00000001#4,1,1,10,10,28
299,hehe_45_00000001#5,1,1,10,10,49
299,hehe_45_00000001#6,1,1,10,10,40
299,hehe_45_00000001#7,1,1,10,10,60
299,hehe_45_00000001#8,1,1,10,10,34
299,hehe_45_00000001#9,1,1,10,10,46
299,hehe_52_00000107#0,1,1,10,10,19
299,hehe_52_00000107#1,1,1,8,10,8
299,hehe_61_00000090#2,1,1,10,10,76
299,hehe_61_00000090#3,1,1,10,10,39
299,hehe_61_00000090#4,1,1,10,10,20
299,hehe_61_00000090#9,1,1,10,10,64
299,hehe_61_00000090#10,1,1,10,10,50
299,hehe_61_00000090#11,1,1,10,10,84
299,hehe_65_00000229#2,1,1,10,10,59
299,hehe_65_00000229#3,1,1,10,10,32
299,hehe_65_00000229#4,1,1,10,10,30
299,hehe_65_00000229#6,1,1,10,10,16
299,hehe_65_00000229#7,1,1,10,10,21
299,hehe_6_00000054#0,1,1,9,10,12
299,hehe_6_00000054#2,1,1,10,10,35
299,hehe_6_00000054#3,1,1,10,10,32
299,hehe_6_00000054#4,1,1,10,10,27
299,hehe_6_00000054#6,1,1,10,10,76
299,hehe_6_00000054#13,1,1,10,10,74
299,hehe_6_00000054#16,1,1,10,10,32
299,hehe_6_00000054#17,1,1,10,10,38
299,hehe_86_00000253#0,1,1,10,10,45
299,hehe_86_00000253#3,1,1,10,10,58
299,hehe_87_00000315#1,1,1,10,10,39
299,hehe_87_00000315#2,1,1,10,10,40
299,hehe_87_00000315#3,1,1,10,10,33
299,hehe_87_00000315#4,1,1,10,10,20
299,hehe_87_00000315#5,1,1,10,10,30
299,hehe_87_00000315#6,1,1,5,10,14
299,shuming_1007_00000230#0,1,1,10,10,38
299,shuming_1007_00000230#3,1,1,10,10,43
299,shuming_1007_00000230#4,1,1,3,10,36
299,shuming_1007_00000230#5,1,1,10,10,46
299,shuming_1007_00000230#7,1,1,10,10,63
299,shuming_1007_00000230#10,1,1,10,10,62
299,shuming_1007_00000230#11,1,1,10,10,39
299,shuming_1007_00000230#12,1,1,11,10,34
299,shuming_1007_00000230#13,1,1,9,10,10
299,shuming_1007_00000230#14,1,1,5,10,7
299,shuming_1007_00000230#15,1,1,10,10,79
299,shuming_1007_00000230#16,1,1,10,10,47
299,shuming_1007_00000230#17,1,1,10,10,19
299,shuming_1007_00000230#18,1,1,10,10,13
299,shuming_1007_00000230#20,1,1,10,10,20
299,shuming_1007_00000230#21,1,1,10,10,69
299,shuming_1007_00000230#22,1,1,10,10,27
299,shuming_1007_00000230#23,1,1,10,10,22
299,shuming_1013_00000065#0,1,1,10,10,87
299,shuming_1013_00000065#1,1,1,10,10,41
299,shuming_1013_00000065#3,1,1,10,10,26
299,shuming_1028_00000411#3,1,1,10,10,55
299,shuming_1028_00000411#4,1,1,10,10,10
299,shuming_1028_00000411#5,1,1,10,10,15
299,shuming_1064_00000087#0,1,1,10,10,34
299,shuming_1064_00000087#1,1,1,10,10,55
299,shuming_1064_00000087#2,1,1,10,10,56
299,shuming_1064_00000087#3,1,1,10,10,72
299,shuming_1064_00000087#4,1,1,10,10,69
299,shuming_1064_00000087#6,1,1,10,10,26
299,shuming_1064_00000087#7,1,1,10,10,54
299,shuming_1064_00000087#8,1,1,10,10,86
299,shuming_1076_00000257#1,1,1,10,10,31
299,shuming_1076_00000257#2,1,1,10,10,29
299,shuming_1076_00000257#3,1,1,10,10,20
299,shuming_1076_00000257#4,1,1,10,10,19
299,shuming_1076_00000257#5,1,1,10,10,23
299,shuming_1079_00000233#3,1,1,10,10,18
299,shuming_1079_00000233#4,1,1,10,10,12
299,shuming_1079_00000233#6,1,1,10,10,35
299,shuming_1080_00000016#0,1,1,10,10,72
299,shuming_1080_00000016#4,1,1,10,10,10
299,shuming_1132_00000385#2,1,1,10,10,29
299,shuming_1132_00000385#3,1,1,10,10,32
299,shuming_1132_00000385#4,1,1,7,10,25
299,shuming_1135_00000213#0,1,1,10,10,76
299,shuming_1148_00000041#0,1,1,10,10,74
299,shuming_1157_00000010#0,1,1,10,10,72
299,shuming_1157_00000010#1,1,1,10,10,32
299,shuming_1157_00000010#2,1,1,10,10,18
299,shuming_1180_00000231#3,1,1,10,10,49
299,shuming_24_00000001#0,1,1,10,10,40
299,shuming_24_00000001#1,1,1,10,10,62
299,shuming_340_00000020#1,1,1,10,10,21
299,shuming_340_00000020#19,1,1,10,10,11
299,shuming_340_00000020#22,1,1,7,10,7
299,shuming_340_00000020#23,1,1,10,10,12
299,shuming_340_00000020#26,1,1,9,10,9
299,shuming_340_00000020#30,1,1,9,10,9
299,shuming_340_00000020#31,1,1,10,10,12
299,shuming_340_00000020#38,1,1,10,10,10
299,shuming_35_00000199#0,1,1,10,10,73
299,shuming_35_00000199#3,1,1,10,10,36
299,shuming_35_00000199#4,1,1,10,10,26
299,shuming_35_00000199#5,1,1,3,10,87
299,shuming_35_00000199#6,1,1,9,10,18
299,shuming_35_00000199#8,1,1,10,10,14
299,shuming_35_00000199#9,1,1,8,10,8
299,shuming_35_00000199#11,1,1,10,10,39
299,shuming_410_00000037#0,1,1,6,10,7
299,shuming_410_00000037#9,1,1,10,10,45
299,shuming_461_00000082#0,1,1,10,10,53
299,shuming_461_00000082#2,1,1,10,10,42
299,shuming_461_00000082#3,1,1,10,10,31
299,shuming_461_00000082#4,1,1,9,10,14
299,shuming_461_00000082#5,1,1,10,10,11
299,shuming_465_00000030#0,1,1,10,10,10
299,shuming_465_00000030#2,1,1,10,10,56
299,shuming_465_00000030#3,1,1,10,10,15
299,shuming_470_00000057#3,1,1,10,10,43
299,shuming_470_00000057#4,1,1,10,10,23
299,shuming_482_00000018#3,1,1,10,10,53
299,shuming_482_00000018#4,1,1,10,10,44
299,shuming_482_00000018#5,1,1,10,10,62
299,shuming_485_00000027#3,1,1,10,10,16
299,shuming_485_00000027#4,1,1,10,10,52
299,shuming_503_00000052#0,1,1,10,10,32
299,shuming_503_00000052#1,1,1,10,10,26
299,shuming_562_00000223#2,1,1,10,10,76
299,shuming_571_00000215#0,1,1,10,10,56
299,shuming_571_00000215#1,1,1,10,10,46
299,shuming_574_00000017#0,1,1,10,10,63
299,shuming_608_00000031#1,1,1,10,10,19
299,shuming_608_00000031#2,1,1,10,10,30
299,shuming_608_00000031#3,1,1,10,10,35
299,shuming_608_00000031#4,1,1,10,10,11
299,shuming_610_00000148#0,1,1,10,10,50
299,shuming_63_00000393#3,1,1,10,10,15
299,shuming_63_00000393#4,1,1,10,10,17
299,shuming_63_00000393#5,1,1,9,10,9
299,shuming_63_00000393#6,1,1,10,10,23
299,shuming_63_00000393#7,1,1,10,10,21
299,shuming_63_00000393#8,1,1,10,10,23
299,shuming_63_00000393#9,1,1,10,10,20
299,shuming_663_00000328#2,1,1,10,10,50
299,shuming_663_00000328#3,1,1,10,10,40
299,shuming_67_00000001#1,1,1,10,10,55
299,shuming_67_00000001#2,1,1,10,10,18
299,shuming_698_00000001#0,1,1,10,10,11
299,shuming_698_00000001#1,1,1,2,10,13
299,shuming_698_00000001#2,1,1,10,10,17
299,shuming_698_00000001#3,1,1,10,10,20
299,shuming_698_00000001#4,1,1,10,10,15
299,shuming_698_00000001#5,1,1,10,10,14
299,shuming_698_00000001#7,1,1,10,10,26
299,shuming_698_00000001#8,1,1,10,10,17
299,shuming_698_00000001#9,1,1,10,10,14
299,shuming_698_00000001#10,1,1,10,10,13
299,shuming_698_00000001#11,1,1,10,10,13
299,shuming_698_00000001#12,1,1,10,10,15
299,shuming_698_00000001#13,1,1,10,10,14
299,shuming_698_00000001#14,1,1,10,10,12
299,shuming_698_00000001#15,1,1,10,10,15
299,shuming_698_00000001#16,1,1,10,10,15
299,shuming_698_00000001#17,1,1,10,10,23
299,shuming_698_00000001#18,1,1,10,10,18
299,shuming_698_00000001#19,1,1,10,10,19
299,shuming_698_00000001#20,1,1,10,10,22
299,shuming_698_00000001#21,1,1,10,10,24
299,shuming_698_00000001#22,1,1,10,10,18
299,shuming_698_00000001#23,1,1,10,10,35
299,shuming_698_00000001#25,1,1,10,10,64
299,shuming_706_00000375#0,1,1,10,10,41
299,shuming_706_00000375#2,1,1,10,10,32
299,shuming_706_00000375#3,1,1,8,10,17
299,shuming_706_00000375#4,1,1,10,10,52
299,shuming_72_00000270#19,1,1,10,10,54
299,shuming_72_00000270#20,1,1,10,10,22
299,shuming_72_00000270#22,1,1,10,10,48
299,shuming_72_00000270#24,1,1,10,10,20
299,shuming_731_00000492#0,1,1,10,10,32
299,shuming_731_00000492#1,1,1,10,10,26
299,shuming_731_00000492#3,1,1,10,10,60
299,shuming_731_00000492#5,1,1,10,10,69
299,shuming_753_00000172#0,1,1,10,10,12
299,shuming_758_00000371#0,1,1,10,10,52
299,shuming_763_00000009#2,1,1,10,10,15
299,shuming_774_00000273#3,1,1,10,10,63
299,shuming_774_00000273#5,1,1,10,10,31
299,shuming_779_00000254#1,1,1,10,10,63
299,shuming_779_00000254#5,1,1,10,10,80
299,shuming_783_00000248#0,1,1,10,10,81
299,shuming_783_00000248#2,1,1,10,10,66
299,shuming_793_00000117#2,1,1,10,10,31
299,shuming_825_00000172#1,1,1,10,10,13
299,shuming_825_00000172#2,1,1,7,10,7
299,shuming_825_00000172#3,1,1,10,10,16
299,shuming_826_00000213#1,1,1,10,10,14
299,shuming_826_00000213#2,1,1,10,10,18
299,shuming_826_00000213#3,1,1,9,10,9
299,shuming_85_00000273#4,1,1,10,10,11
299,shuming_987_00000275#1,1,1,10,10,41
299,shuming_987_00000275#2,1,1,10,10,23
299,shuming_987_00000275#3,1,1,10,10,19
299,shuming_987_00000275#4,1,1,10,10,21
299,shuming_987_00000275#5,1,1,10,10,10
