key,cls,role,failure,size,area,cls_name,x_center_canvas,y_center_canvas,border_dist,border,t_dead,init_dead
00000045#1,8,CONTROL,MATCHED@0.5,small,288.0,sign,654.0006,604.0,132.0,False,0.0,True
00000045#2,8,CONTROL,MATCHED@0.5,medium,3068.00244140625,light,975.0003,636.9997,99.00030000000004,False,0.0,True
00000045#3,6,CONTROL,MATCHED@0.5,medium,1105.0025634765625,light,645.9994,771.9997,-35.99969999999996,True,0.0,True
00000045#6,10,CONTROL,MATCHED@0.5,small,836.0,uav,630.0006,385.9998,350.0002,False,0.0,True
00000045#7,10,CONTROL,MATCHED@0.5,medium,3528.010498046875,uav,1012.9997,687.0001,48.999900000000025,True,0.0,True
00000057#1,8,CONTROL,MATCHED@0.5,small,323.0,sign,656.9997,602.9999,133.00009999999997,False,0.0,True
00000057#2,8,CONTROL,MATCHED@0.5,medium,2996.99658203125,light,975.0003,641.0001,94.99990000000003,False,0.0,True
00000057#3,6,CONTROL,MATCHED@0.5,medium,1272.9993896484375,light,648.9997,770.9997,-34.99969999999996,True,0.0,True
00000057#5,10,CONTROL,MATCHED@0.5,small,714.0,car,676.9997,682.9999,53.000099999999975,True,10.0,False
00000063#1,8,CONTROL,MATCHED@0.5,small,288.0,sign,655.0003,604.0,132.0,False,0.0,True
00000063#2,8,CONTROL,MATCHED@0.5,medium,3190.00439453125,light,975.0003,643.0003,92.99969999999996,False,0.0,True
00000063#3,6,CONTROL,MATCHED@0.5,medium,1311.0023193359375,light,643.0003,770.9997,-34.99969999999996,True,0.0,True
00000063#5,10,CONTROL,MATCHED@0.5,small,640.0009765625,car,658.0006,391.0003,344.9997,False,0.0,True
00000095#1,8,CONTROL,MATCHED@0.5,small,288.0,sign,656.0,605.0001,130.99990000000003,False,0.0,True
00000095#2,8,CONTROL,MATCHED@0.5,medium,3329.996337890625,light,972.0,640.0,96.0,False,0.0,True
00000095#3,6,CONTROL,MATCHED@0.5,medium,1332.002685546875,light,650.0006,770.0004,-34.00040000000001,True,0.0,True
00000106#1,8,CONTROL,MATCHED@0.5,small,288.0,sign,651.0003,606.0001,129.99990000000003,False,0.0,True
00000106#2,8,CONTROL,MATCHED@0.5,medium,2799.999267578125,light,955.0003,643.0003,92.99969999999996,False,0.0,True
00000106#3,6,CONTROL,MATCHED@0.5,medium,1816.9964599609375,light,624.0,768.0001,-32.000099999999975,True,10.0,False
00000106#5,0,CONTROL,MATCHED@0.5,small,640.0009765625,car,595.0003,768.0001,-32.000099999999975,True,0.0,True
00000123#1,8,CONTROL,MATCHED@0.5,small,231.00064086914062,uav,650.0006,596.0001,139.99990000000003,False,0.0,True
00000123#2,8,CONTROL,MATCHED@0.5,medium,2447.9970703125,light,971.0002,631.0,105.0,False,0.0,True
00000123#3,0,CONTROL,MATCHED@0.5,medium,1045.001708984375,light,628.0,766.0,-30.0,True,0.0,True
00000123#5,6,CONTROL,MATCHED@0.5,small,340.0005187988281,sign,631.0004,757.0,-21.0,True,0.0,True
00000171#0,0,CONTROL,,,,,639.0004,788.0003,-52.00030000000004,True,0.0,True
00000180#0,0,CONTROL,,,,,645.9994,785.0002,-49.00019999999995,True,0.0,True
00000234#1,0,CONTROL,MATCHED@0.5,small,360.0,uav,319.0003,833.9997,-97.99969999999996,True,0.0,True
00000257#0,10,CONTROL,,,,,507.0003,659.0001,76.99990000000003,False,10.0,False
00000271#0,10,CONTROL,,,,,419.0003,401.0003,334.9997,False,10.0,False
00000271#1,10,CONTROL,MATCHED@0.5,medium,1479.000732421875,uav,1012.9996,310.0,299.0004,False,10.0,False
00000273#0,10,MISSED_NON86,,,,,423.0003,948.0002,-212.00019999999995,True,30.0,False
00000273#1,10,CONTROL,F0_no_raw_candidate,medium,1122.0,uav,1060.0,946.0,-210.0,True,0.0,True
000002_080_00000048#0,6,CONTROL,,,,,1193.3337,706.3336,29.666399999999953,True,150.0,False
000002_083_00000169#0,4,G86,,,,,471.0003,581.6663,154.33370000000002,False,0.0,True
000002_083_00000169#1,5,G86,F0_no_raw_candidate,medium,1947.0,sign,900.9997,583.9999,152.00009999999997,False,10.0,False
000002_083_00000169#2,6,CONTROL,F0_no_raw_candidate,medium,2699.995361328125,bicycle,1219.3331,429.9998,92.66689999999994,False,,False
00000346#0,10,CONTROL,,,,,412.0,601.9999,134.00009999999997,False,0.0,True
00000364#0,0,CONTROL,,,,,684.9997,761.0004,-25.000400000000013,True,0.0,True
00000396#0,0,CONTROL,,,,,807.0004,943.9999,-207.99990000000003,True,0.0,True
00000399#0,0,CONTROL,,,,,534.0006,958.0003,-222.00030000000004,True,20.0,False
000003_081_00000171#10,3,CONTROL,MATCHED@0.5,large,13175.041015625,seat,1004.6669,740.3335,-4.333499999999958,True,0.0,True
000003_081_00000171#11,3,CONTROL,MATCHED@0.5,medium,9042.0078125,seat,1056.9997,736.3332,-0.33320000000003347,True,0.0,True
00000426#0,10,CONTROL,,,,,719.0003,534.0001,201.99990000000003,False,0.0,True
00000506#0,10,CONTROL,,,,,675.0003,471.0002,264.9998,False,,False
000005_004_00000286#4,9,CONTROL,MATCHED@0.5,large,36287.98828125,person,503.0004,341.3334,341.3334,False,0.0,True
000005_006_00000001#1,0,CONTROL,MATCHED@0.5,large,30671.96484375,person,119.6667,800.3332,-64.33320000000003,True,20.0,False
000005_006_00000001#2,0,CONTROL,MATCHED@0.5,medium,7261.0146484375,person,104.6666,818.6666,-82.66660000000002,True,50.0,False
000005_019_00000209#0,0,CONTROL,,,,,424.9997,837.6666,-101.66660000000002,True,,False
000005_019_00000209#1,0,CONTROL,MATCHED@0.5,medium,4995.0107421875,person,355.6672,804.6669,-68.66690000000006,True,,False
000005_019_00000209#2,0,CONTROL,MATCHED@0.5,medium,3432.0,person,560.3328,880.9998,-144.99980000000005,True,,False
000005_027_00000493#1,0,CONTROL,MATCHED@0.5,large,286199.59375,person,972.9996,681.6664,54.33360000000005,True,70.0,False
000005_027_00000493#2,0,CONTROL,MATCHED@0.5,medium,4275.0,person,1041.9994,669.3336,66.66639999999995,True,,False
000005_027_00000493#3,0,CONTROL,MATCHED@0.5,medium,4216.0,person,846.3335,684.6666,51.33339999999998,True,140.0,False
000005_027_00000493#4,0,CONTROL,MATCHED@0.5,medium,6270.02685546875,person,382.6662,657.0,79.0,False,,False
000005_027_00000493#5,5,CONTROL,MATCHED@0.5,medium,2529.9931640625,person,268.0,655.6665,80.33349999999996,False,,False
000005_027_00000493#6,5,CONTROL,MATCHED@0.5,medium,2538.0,bicycle,315.3331,653.3337,82.66629999999998,False,,False
000005_027_00000493#7,5,CONTROL,MATCHED@0.5,medium,2052.0,bicycle,222.3334,651.6669,84.33309999999994,False,,False
000005_027_00000493#8,9,MISSED_NON86,MATCHED@0.5,medium,3053.002685546875,bicycle,910.3334,711.3332,24.666799999999967,True,0.0,True
000005_028_00000001#2,0,CONTROL,MATCHED@0.5,large,13799.96875,person,681.6666,445.0002,290.9998,False,20.0,False
000005_028_00000163#2,0,CONTROL,F0_no_raw_candidate,large,32024.955078125,person,1085.9993,593.6665,142.33349999999996,False,,False
00000618#2,0,CONTROL,MATCHED@0.5,small,340.0,seat,465.9994,850.0002,-114.00019999999995,True,0.0,True
000006_010_00000389#4,1,CONTROL,F1_nms_disappearance,large,25200.064453125,animal,240.3328,639.6666,96.33339999999998,False,0.0,True
000006_011_00000307#3,2,CONTROL,F1_nms_disappearance,large,42081.05078125,animal,1034.3335,561.6669,174.33309999999994,False,,False
000006_011_00000409#8,2,CONTROL,MATCHED@0.5,large,10823.01171875,animal,1036.0,575.6666,160.33339999999998,False,20.0,False
000006_011_00000409#10,2,G86,MATCHED@0.5,large,195013.578125,boat,609.3337,775.0,-39.0,True,30.0,False
000006_012_00000001#3,0,MISSED_NON86,MATCHED@0.5,large,21759.9765625,person,743.0003,480.0002,255.9998,False,120.0,False
000006_012_00000001#6,0,MISSED_NON86,MATCHED@0.5,large,15051.978515625,person,657.3338,517.6669,218.33309999999994,False,30.0,False
000006_012_00000001#11,0,CONTROL,MATCHED@0.5,large,20824.99609375,person,1012.6669,532.6667,203.3333,False,120.0,False
000006_012_00000001#12,9,CONTROL,MATCHED@0.5,medium,7544.00830078125,person,470.6663,418.3336,317.6664,False,0.0,True
000008_003_00000235#1,0,CONTROL,MATCHED@0.5,large,9918.9892578125,animal,732.0,556.6665,179.33349999999996,False,150.0,False
000008_003_00000235#2,0,CONTROL,MATCHED@0.5,medium,8820.025390625,person,847.0004,573.333,162.66700000000003,False,220.0,False
000008_003_00000235#3,0,CONTROL,MATCHED@0.5,medium,6762.01171875,person,889.3337,578.6668,157.33320000000003,False,140.0,False
000008_003_00000235#4,0,CONTROL,MATCHED@0.5,medium,8467.9892578125,person,984.3327,576.6666,159.33339999999998,False,50.0,False
000008_003_00000235#5,0,CONTROL,MATCHED@0.5,medium,7052.00537109375,person,941.9994,583.3331,152.66690000000006,False,100.0,False
000008_003_00000235#10,0,CONTROL,MATCHED@0.5,large,15984.037109375,person,1033.6665,594.6666,141.33339999999998,False,60.0,False
000008_003_00000235#11,8,CONTROL,MATCHED@0.5,medium,7068.01220703125,person,512.6669,475.9998,260.0002,False,,False
000008_003_00000352#1,0,CONTROL,MATCHED@0.5,large,12407.9765625,animal,670.6663,498.6669,237.3331,False,,False
000008_003_00000352#3,0,CONTROL,MATCHED@0.5,large,14999.986328125,person,1060.6669,540.3333,195.6667,False,0.0,True
000008_003_00000352#5,0,CONTROL,MATCHED@0.5,large,13671.0078125,person,1241.3338,572.3337,70.66619999999989,True,10.0,False
000008_003_00000352#7,0,CONTROL,MATCHED@0.5,large,10332.0078125,person,868.3328,523.3334,212.66660000000002,False,20.0,False
000008_003_00000352#8,0,CONTROL,MATCHED@0.5,medium,8495.978515625,person,820.6669,514.0,222.0,False,160.0,False
000008_003_00000352#9,0,CONTROL,MATCHED@0.5,medium,7771.99658203125,person,787.6672,511.9999,224.00009999999997,False,70.0,False
000008_003_00000352#10,0,CONTROL,MATCHED@0.5,medium,8029.98974609375,person,736.6669,513.3333,222.6667,False,40.0,False
000008_003_00000352#12,0,CONTROL,MATCHED@0.5,large,16789.919921875,garbage_can,972.3328,542.6667,193.3333,False,140.0,False
000008_003_00000352#13,8,CONTROL,MATCHED@0.5,medium,6664.0029296875,person,448.9997,412.6665,323.3335,False,,False
000008_003_00000469#0,2,CONTROL,,,,,819.3331,729.3333,6.666699999999992,True,0.0,True
000008_003_00000469#1,0,CONTROL,MATCHED@0.5,medium,8904.0,animal,873.3337,512.9999,223.00009999999997,False,,False
000008_003_00000469#2,0,CONTROL,MATCHED@0.5,medium,7739.970703125,person,931.0003,516.0001,219.99990000000003,False,220.0,False
000008_003_00000469#3,0,CONTROL,MATCHED@0.5,medium,6784.02587890625,person,986.6663,519.6664,216.33360000000005,False,40.0,False
000008_003_00000469#4,0,CONTROL,MATCHED@0.5,medium,8460.029296875,person,1025.6667,522.6666,213.33339999999998,False,20.0,False
000008_003_00000469#6,0,CONTROL,MATCHED@0.5,large,9900.0146484375,person,1079.3331,523.0,213.0,False,170.0,False
000008_003_00000469#9,0,CONTROL,MATCHED@0.5,large,13523.9619140625,person,854.3334,534.3335,201.66650000000004,False,,False
000008_003_00000469#10,8,CONTROL,MATCHED@0.5,medium,3577.0,person,644.3328,442.0,294.0,False,,False
000008_004_00000665#2,0,CONTROL,MATCHED@0.5,large,11269.9931640625,garbage_can,532.0,458.6666,277.3334,False,,False
000008_004_00000665#4,0,CONTROL,MATCHED@0.5,large,10004.982421875,person,730.3334,495.3333,240.6667,False,130.0,False
000008_004_00000665#11,0,CONTROL,MATCHED@0.5,large,24198.052734375,person,1195.6673,479.6668,116.33269999999993,False,90.0,False
000008_004_00000665#12,0,CONTROL,MATCHED@0.5,medium,6407.00048828125,person,901.9994,463.0003,272.9997,False,220.0,False
000008_004_00000665#13,0,CONTROL,MATCHED@0.5,medium,6379.9873046875,person,600.6669,457.6665,278.3335,False,,False
000008_013_00000195#1,0,CONTROL,MATCHED@0.5,large,30832.04296875,animal,704.6669,602.9999,133.00009999999997,False,70.0,False
000008_013_00000195#2,0,CONTROL,MATCHED@0.5,medium,8119.986328125,person,774.6663,607.3336,128.66639999999995,False,,False
000008_042_00000273#1,2,CONTROL,F1_nms_disappearance,large,16074.0595703125,animal,587.6672,527.0004,208.9996,False,40.0,False
000008_045_00000001#0,2,CONTROL,,,,,470.6663,521.6666,214.33339999999998,False,90.0,False
000008_045_00000001#2,2,CONTROL,MATCHED@0.5,large,10323.0,animal,1034.0006,373.0003,277.9993999999999,False,20.0,False
000008_045_00000001#3,2,CONTROL,MATCHED@0.5,medium,7546.0,animal,475.6672,322.3333,322.3333,False,,False
000008_045_00000157#0,2,CONTROL,,,,,327.0003,460.6667,275.3333,False,10.0,False
000008_045_00000157#4,2,CONTROL,MATCHED@0.5,large,23792.8984375,animal,148.0,336.3333,148.0,False,,False
000008_048_00000361#3,2,CONTROL,MATCHED@0.5,large,21343.93359375,animal,639.6672,578.3335,157.66650000000004,False,180.0,False
000008_048_00000361#4,2,CONTROL,MATCHED@0.5,medium,4851.0029296875,animal,612.6669,574.6665,161.33349999999996,False,,False
000008_048_00000361#5,2,CONTROL,MATCHED@0.5,medium,3840.0009765625,animal,601.6666,567.3333,168.6667,False,,False
000009_008_00000241#3,0,CONTROL,MATCHED@0.5,large,66495.3828125,person,958.3334,700.3331,35.666900000000055,True,30.0,False
000009_008_00000241#5,0,CONTROL,MATCHED@0.5,large,10540.0205078125,person,368.6669,690.333,45.66700000000003,True,20.0,False
000009_008_00000241#6,0,CONTROL,MATCHED@0.5,medium,7848.0087890625,person,342.3335,671.9997,64.00030000000004,True,70.0,False
000009_008_00000241#7,0,CONTROL,MATCHED@0.5,medium,3095.993408203125,person,318.3334,695.6667,40.33330000000001,True,100.0,False
000009_008_00000241#9,0,CONTROL,MATCHED@0.5,large,12616.029296875,person,1265.6665,627.9998,46.33349999999996,True,10.0,False
000009_033_00000333#1,0,CONTROL,MATCHED@0.5,large,15600.0,bicycle,729.6666,682.3331,53.666900000000055,True,,False
000009_033_00000333#2,0,CONTROL,MATCHED@0.5,medium,2325.0,person,123.0001,657.6667,78.33330000000001,False,,False
000009_033_00000333#3,0,CONTROL,MATCHED@0.5,medium,4387.00634765625,person,183.3331,659.0001,76.99990000000003,False,,False
000009_033_00000333#4,0,CONTROL,MATCHED@0.5,medium,3990.0,person,362.3335,664.3331,71.66690000000006,True,,False
000009_033_00000333#6,3,CONTROL,MATCHED@0.5,small,779.0,person,48.0,717.9997,18.00030000000004,True,10.0,False
000012_008_00000163#3,2,CONTROL,MATCHED@0.5,large,16187.9443359375,animal,374.0006,643.6669,92.33309999999994,False,60.0,False
000012_008_00000163#4,2,CONTROL,MATCHED@0.5,medium,7037.998046875,animal,435.0003,627.6664,108.33360000000005,False,100.0,False
000012_008_00000163#5,2,CONTROL,MATCHED@0.5,medium,5444.98779296875,animal,457.6665,645.9998,90.00019999999995,False,,False
000012_008_00000163#6,2,CONTROL,MATCHED@0.5,medium,4888.0126953125,animal,703.6672,706.0002,29.99980000000005,True,,False
000012_008_00000163#8,2,CONTROL,MATCHED@0.5,large,12635.9609375,animal,818.6662,735.3331,0.6669000000000551,True,40.0,False
000012_008_00000163#10,2,CONTROL,F1_nms_disappearance,small,468.0,animal,551.0004,575.9999,160.00009999999997,False,,False
000012_008_00000163#11,2,CONTROL,MATCHED@0.5,medium,2088.010498046875,animal,625.6666,572.0004,163.9996,False,,False
000012_008_00000163#12,2,CONTROL,MATCHED@0.5,medium,2820.01025390625,animal,659.0004,581.6663,154.33370000000002,False,,False
000012_008_00000163#13,2,G86,MATCHED@0.5,medium,2960.9970703125,animal,750.6663,581.6663,154.33370000000002,False,30.0,False
000012_008_00000163#14,2,G86,F0_no_raw_candidate,medium,1554.0025634765625,animal,761.6666,563.0003,172.99969999999996,False,20.0,False
000012_009_00000244#1,2,CONTROL,MATCHED@0.5,large,10788.021484375,animal,781.9994,869.3336,-133.33360000000005,True,20.0,False
000012_009_00000244#3,2,CONTROL,MATCHED@0.5,large,9375.0185546875,animal,631.0004,841.0002,-105.00019999999995,True,10.0,False
000012_009_00000244#4,2,CONTROL,MATCHED@0.5,medium,7375.02978515625,animal,630.0006,743.6662,-7.6662000000000035,True,,False
000012_009_00000244#5,2,CONTROL,MATCHED@0.5,medium,4277.98876953125,animal,668.0,757.0,-21.0,True,,False
000012_009_00000244#6,2,CONTROL,MATCHED@0.5,medium,4650.01123046875,animal,699.6672,789.9998,-53.99980000000005,True,,False
000012_009_00000244#7,2,CONTROL,MATCHED@0.5,medium,2088.0,animal,567.6672,699.9998,36.00019999999995,True,,False
000012_009_00000244#8,2,CONTROL,MATCHED@0.5,medium,1611.99365234375,animal,550.6663,707.3329,28.667100000000005,True,,False
000012_009_00000244#9,2,CONTROL,MATCHED@0.5,medium,1280.0048828125,animal,511.6672,716.6663,19.33370000000002,True,,False
000012_009_00000244#10,2,CONTROL,MATCHED@0.5,medium,1716.0,animal,679.6672,721.0,15.0,True,,False
000012_009_00000244#11,2,CONTROL,MATCHED@0.5,medium,4014.9912109375,animal,747.3331,752.667,-16.66700000000003,True,,False
000012_009_00000244#12,2,CONTROL,MATCHED@0.5,medium,1860.0,animal,724.3327,754.6665,-18.666500000000042,True,,False
000012_009_00000244#13,2,CONTROL,MATCHED@0.5,medium,1450.0,animal,798.0006,742.667,-6.66700000000003,True,140.0,False
000012_009_00000244#14,2,MISSED_NON86,MATCHED@0.5,medium,2016.0,animal,770.0006,756.6666,-20.666600000000017,True,170.0,False
000012_009_00000325#3,2,CONTROL,MATCHED@0.5,large,9632.03125,animal,892.3328,895.667,-159.66700000000003,True,0.0,True
000012_009_00000325#4,2,CONTROL,MATCHED@0.5,medium,8910.9921875,animal,595.0003,736.3332,-0.33320000000003347,True,,False
000012_009_00000325#5,2,CONTROL,MATCHED@0.5,medium,3763.0087890625,animal,753.3337,760.0002,-24.00019999999995,True,160.0,False
000012_009_00000325#6,2,CONTROL,MATCHED@0.5,medium,4356.0,animal,676.9997,735.6664,0.33360000000004675,True,,False
000012_009_00000325#7,2,CONTROL,MATCHED@0.5,medium,3075.004638671875,animal,701.3338,751.0002,-15.00019999999995,True,,False
000012_009_00000325#8,2,MISSED_NON86,MATCHED@0.5,medium,1776.0,animal,702.6662,725.0004,10.999599999999987,True,180.0,False
000012_009_00000325#9,2,CONTROL,F1_nms_disappearance,medium,1440.0,animal,531.6673,724.0002,11.99980000000005,True,,False
000012_009_00000325#11,2,CONTROL,MATCHED@0.5,small,874.0,animal,562.0007,715.667,20.33299999999997,True,,False
000012_009_00000325#12,2,CONTROL,MATCHED@0.5,medium,2481.9912109375,animal,456.6669,716.9997,19.00030000000004,True,,False
000012_009_00000325#14,2,CONTROL,F3_survives_official_fail,small,621.0032958984375,animal,700.0,790.3331,-54.333099999999945,True,200.0,False
000012_009_00000325#15,2,MISSED_NON86,MATCHED@0.5,medium,2684.0,animal,821.6666,747.0,-11.0,True,,False
000012_009_00000325#16,2,CONTROL,F1_nms_disappearance,medium,2145.0,animal,818.3334,751.667,-15.66700000000003,True,,False
000012_014_00000184#0,2,MISSED_NON86,,,,,584.3328,565.3331,170.66690000000006,False,190.0,False
000012_014_00000184#1,2,CONTROL,F0_no_raw_candidate,medium,3869.997314453125,animal,870.6663,537.9998,198.00019999999995,False,50.0,False
000012_014_00000184#3,2,MISSED_NON86,F0_no_raw_candidate,small,1008.0,animal,62.0,566.3332,62.0,True,10.0,False
000012_019_00000151#1,2,CONTROL,MATCHED@0.5,large,20770.083984375,animal,503.0003,482.6663,253.33370000000002,False,,False
000012_019_00000151#2,2,CONTROL,MATCHED@0.5,medium,6832.0048828125,animal,644.6669,531.6666,204.33339999999998,False,,False
000012_019_00000151#4,0,G86,MATCHED@0.5,large,41769.0390625,person,286.3334,518.3337,217.66629999999998,False,0.0,True
000012_019_00000151#5,0,G86,F0_no_raw_candidate,medium,2397.0,person,381.6666,509.6663,226.33370000000002,False,10.0,False
000012_022_00000090#0,2,G86,,,,,825.3337,734.6663,1.3337000000000216,True,30.0,False
000012_022_00000090#1,2,G86,F0_no_raw_candidate,medium,7400.0,animal,626.3334,744.6664,-8.666399999999953,True,0.0,True
000012_025_00000313#1,4,MISSED_NON86,F0_no_raw_candidate,large,36225.171875,garbage_can,382.0007,757.0,-21.0,True,40.0,False
000012_025_00000313#2,4,CONTROL,F0_no_raw_candidate,medium,1120.0,sign,410.6662,757.3333,-21.33330000000001,True,40.0,False
000012_025_00000313#3,2,G86,MATCHED@0.5,medium,1359.9951171875,sign,594.6663,541.3334,194.66660000000002,False,0.0,True
000012_025_00000313#4,2,CONTROL,F0_no_raw_candidate,medium,1368.0,animal,655.6672,503.9999,232.00009999999997,False,60.0,False
000012_025_00000313#5,2,MISSED_NON86,MATCHED@0.5,medium,1053.995849609375,animal,801.9994,547.3331,188.66690000000006,False,0.0,True
000012_025_00000313#6,2,G86,F0_no_raw_candidate,medium,1519.9976806640625,animal,514.0006,517.0002,218.99980000000005,False,30.0,False
000012_028_00000250#0,2,CONTROL,,,,,519.6672,601.3331,134.66690000000006,False,10.0,False
000012_028_00000250#1,2,CONTROL,MATCHED@0.5,medium,7802.0087890625,animal,571.0003,606.0002,129.99980000000005,False,40.0,False
000013_001_00000001#1,2,CONTROL,MATCHED@0.5,large,72048.109375,animal,804.3327,579.6669,156.33309999999994,False,,False
000013_001_00000001#2,2,CONTROL,MATCHED@0.5,medium,3519.0,animal,765.6667,576.3333,159.6667,False,,False
000013_001_00000001#3,2,CONTROL,MATCHED@0.5,medium,3657.0,animal,583.0004,558.0,178.0,False,,False
000013_002_00000281#1,2,CONTROL,MATCHED@0.5,large,64896.1328125,animal,343.6672,474.6664,261.3336,False,,False
000013_002_00000281#2,2,CONTROL,MATCHED@0.5,medium,2771.99609375,animal,276.9997,461.3334,274.6666,False,130.0,False
000013_002_00000281#3,2,CONTROL,MATCHED@0.5,medium,4315.998046875,animal,228.3328,452.6668,228.3328,False,70.0,False
000013_023_00000075#1,2,MISSED_NON86,MATCHED@0.5,large,13832.0107421875,animal,1181.9993,589.0002,130.00070000000005,False,,False
000013_023_00000075#2,2,MISSED_NON86,F1_nms_disappearance,medium,6299.9951171875,animal,576.9996,316.6667,316.6667,False,140.0,False
000013_025_00000285#0,2,CONTROL,,,,,604.6669,410.3337,325.6663,False,,False
000013_025_00000285#1,2,CONTROL,MATCHED@0.5,medium,1872.0,animal,707.0004,751.0002,-15.00019999999995,True,,False
000013_025_00000285#2,2,CONTROL,MATCHED@0.5,medium,6075.0,animal,470.3334,384.333,351.667,False,,False
000013_030_00000063#0,4,CONTROL,,,,,656.0,687.3335,48.66650000000004,True,50.0,False
000013_030_00000063#1,2,CONTROL,MATCHED@0.5,medium,2880.0,sign,817.6665,965.3334,-229.33339999999998,True,10.0,False
000013_039_00000063#0,0,CONTROL,,,,,726.6663,750.6669,-14.666900000000055,True,,False
000013_039_00000063#1,0,CONTROL,MATCHED@0.5,medium,3960.0,person,765.3337,752.9997,-16.99969999999996,True,,False
000013_039_00000063#3,9,CONTROL,MATCHED@0.5,large,9780.0078125,person,884.3328,765.3333,-29.33330000000001,True,0.0,True
000013_039_00000063#5,3,MISSED_NON86,F0_no_raw_candidate,small,861.0,seat,714.0006,800.9999,-64.99990000000003,True,10.0,False
000013_040_suppl_00000167#0,6,CONTROL,,,,,862.3335,741.6669,-5.666900000000055,True,0.0,True
000013_040_suppl_00000333#1,6,MISSED_NON86,F0_no_raw_candidate,large,21402.021484375,light,626.3334,671.9997,64.00030000000004,True,10.0,False
000013_040_suppl_00000333#3,0,CONTROL,MATCHED@0.5,large,35989.90625,person,595.6672,655.6665,80.33349999999996,False,50.0,False
000013_040_suppl_00000333#4,9,CONTROL,MATCHED@0.5,medium,7595.0048828125,person,692.3328,660.3335,75.66650000000004,False,50.0,False
000013_044_00000001#0,8,CONTROL,,,,,580.0,491.3337,244.66629999999998,False,0.0,True
000013_044_00000001#1,2,CONTROL,MATCHED@0.5,medium,2071.990966796875,light,339.6672,691.3332,44.66679999999997,True,210.0,False
000013_044_00000001#2,2,CONTROL,MATCHED@0.5,medium,3828.0,animal,414.3334,707.9996,28.000400000000013,True,30.0,False
000013_044_00000001#4,2,CONTROL,MATCHED@0.5,large,12760.0,animal,340.0,690.6664,45.33360000000005,True,210.0,False
000013_044_00000001#5,2,CONTROL,MATCHED@0.5,medium,4232.00146484375,animal,414.3334,708.6664,27.333600000000047,True,30.0,False
000013_044_00000001#7,2,CONTROL,F1_nms_disappearance,large,12496.0,animal,1248.9998,725.9997,10.000300000000038,True,70.0,False
000013_048_00000001#0,2,CONTROL,,,,,302.3334,713.6668,22.333200000000033,True,,False
000013_048_00000001#1,2,CONTROL,MATCHED@0.5,medium,5041.00439453125,animal,372.6669,723.0001,12.999900000000025,True,,False
000013_048_00000001#3,2,CONTROL,MATCHED@0.5,large,10196.98828125,animal,303.3331,714.3335,21.666500000000042,True,,False
000013_048_00000001#4,2,CONTROL,F1_nms_disappearance,medium,5395.99560546875,animal,374.0006,723.0001,12.999900000000025,True,,False
000013_056_00000281#2,2,CONTROL,MATCHED@0.5,large,14639.9833984375,animal,382.6662,453.0002,282.9998,False,,False
000013_056_00000281#3,2,CONTROL,MATCHED@0.5,medium,4692.0,animal,410.3334,455.9997,280.0003,False,,False
000013_056_00000281#4,2,CONTROL,MATCHED@0.5,medium,2145.992919921875,animal,432.6669,462.6669,273.3331,False,130.0,False
000013_056_00000281#6,2,CONTROL,MATCHED@0.5,small,817.0,animal,529.3337,470.6668,265.3332,False,,False
000013_056_00000281#7,2,CONTROL,MATCHED@0.5,medium,1104.0,animal,923.3331,523.0,213.0,False,,False
000013_056_00000281#8,2,CONTROL,MATCHED@0.5,medium,1482.0,animal,1217.3338,570.0002,94.66619999999989,False,,False
000013_056_00000281#9,2,G86,MATCHED@0.5,medium,7252.0,animal,1014.6663,521.3332,214.66679999999997,False,0.0,True
000013_056_00000281#10,2,MISSED_NON86,F0_no_raw_candidate,medium,4859.99658203125,animal,1063.6672,543.3335,192.66650000000004,False,60.0,False
000014_012_00000217#1,3,MISSED_NON86,F0_no_raw_candidate,large,111397.8984375,seat,1259.6672,601.3331,52.33279999999991,True,10.0,False
000014_012_00000217#2,8,MISSED_NON86,F0_no_raw_candidate,medium,4880.0,seat,527.3331,565.9999,170.00009999999997,False,220.0,False
000014_050_00000273#3,6,MISSED_NON86,MATCHED@0.5,large,26565.994140625,sign,129.3338,905.3337,-169.33370000000002,True,10.0,False
000014_050_00000273#4,0,CONTROL,F0_no_raw_candidate,medium,5040.0,car,188.0,901.3334,-165.33339999999998,True,,False
000014_050_00000273#5,5,CONTROL,MATCHED@0.5,medium,5832.0,person,188.6669,925.3331,-189.33309999999994,True,,False
000014_051_suppl_00000341#2,0,CONTROL,MATCHED@0.5,large,36607.9375,sign,432.9997,635.0004,100.99959999999999,False,,False
000014_052_00000131#2,0,CONTROL,MATCHED@0.5,large,255135.390625,sign,306.0006,641.0001,94.99990000000003,False,,False
000014_052_00000131#3,0,CONTROL,MATCHED@0.5,medium,2009.9990234375,person,321.3337,644.6663,91.33370000000002,False,,False
000015_004_00000268#0,4,CONTROL,,,,,560.0,843.6664,-107.66639999999995,True,,False
000015_004_suppl_00000223#2,4,CONTROL,MATCHED@0.5,large,9900.0166015625,ball,518.6662,943.9999,-207.99990000000003,True,0.0,True
000016_043_suppl_00000292#1,0,CONTROL,MATCHED@0.5,small,600.0,person,616.9997,596.3334,139.66660000000002,False,,False
000016_043_suppl_00000292#2,0,CONTROL,MATCHED@0.5,medium,2400.9970703125,person,684.6669,617.9997,118.00030000000004,False,,False
000016_043_suppl_00000292#4,0,MISSED_NON86,MATCHED@0.5,large,11439.9677734375,person,749.3337,613.3334,122.66660000000002,False,,False
000016_043_suppl_00000292#5,0,CONTROL,F3_survives_official_fail,medium,3132.0,person,826.6663,660.0002,75.99980000000005,False,120.0,False
000016_043_suppl_00000292#6,0,CONTROL,MATCHED@0.5,medium,2800.0,person,858.0006,650.6667,85.33330000000001,False,,False
000016_043_suppl_00000292#8,0,CONTROL,F1_nms_disappearance,small,949.9988403320312,person,1020.3328,662.9997,73.00030000000004,True,,False
000016_043_suppl_00000292#9,0,MISSED_NON86,MATCHED@0.5,medium,3465.0,person,1038.6662,677.0,59.0,True,90.0,False
000016_043_suppl_00000292#10,0,CONTROL,F3_survives_official_fail,medium,3416.0,person,1111.6673,671.6663,64.33370000000002,True,,False
000016_043_suppl_00000292#11,0,MISSED_NON86,MATCHED@0.5,medium,2021.0,person,1143.3331,686.6667,49.33330000000001,True,,False
000016_043_suppl_00000292#12,0,CONTROL,F1_nms_disappearance,medium,3348.0,person,1262.3335,702.6666,33.33339999999998,True,60.0,False
000016_043_suppl_00000292#14,6,CONTROL,MATCHED@0.5,large,15752.994140625,car,604.0,631.3334,104.66660000000002,False,10.0,False
000016_043_suppl_00000292#17,6,CONTROL,MATCHED@0.5,large,40890.0234375,car,765.6666,637.6665,98.33349999999996,False,,False
000016_043_suppl_00000292#20,6,CONTROL,MATCHED@0.5,large,9400.0,car,984.3327,663.333,72.66700000000003,True,90.0,False
000016_044_00000085#0,0,CONTROL,,,,,734.6663,636.9997,99.00030000000004,False,10.0,False
000016_044_00000085#1,0,G86,MATCHED@0.5,medium,8560.0,person,890.0006,655.6665,80.33349999999996,False,60.0,False
000016_044_00000085#3,0,CONTROL,MATCHED@0.5,small,990.0,person,1018.6662,652.3336,83.66639999999995,False,,False
000016_044_00000085#4,0,CONTROL,MATCHED@0.5,medium,1710.0,person,1066.6663,684.3333,51.66669999999999,True,,False
000016_044_00000085#7,6,CONTROL,MATCHED@0.5,large,38456.09765625,car,995.0003,688.3336,47.66639999999995,True,,False
000016_044_00000085#10,6,CONTROL,MATCHED@0.5,large,11088.0322265625,car,1257.6665,817.3331,-81.33309999999994,True,20.0,False
000016_044_00000169#1,0,MISSED_NON86,MATCHED@0.5,large,19091.9921875,person,459.6672,618.333,117.66700000000003,False,40.0,False
000016_044_00000169#2,0,CONTROL,F1_nms_disappearance,medium,4425.00537109375,person,672.9996,629.3332,106.66679999999997,False,,False
000016_044_00000169#3,0,CONTROL,MATCHED@0.5,medium,4560.0048828125,person,701.3338,640.0,96.0,False,,False
000016_044_00000169#5,0,CONTROL,MATCHED@0.5,small,675.0,person,777.6665,627.6664,108.33360000000005,False,,False
000016_044_00000169#6,0,CONTROL,MATCHED@0.5,medium,1833.0,person,804.0,651.3335,84.66650000000004,False,,False
000016_044_00000169#8,0,CONTROL,MATCHED@0.5,large,13664.0,person,1120.9998,711.6666,24.333399999999983,True,,False
000016_044_00000169#16,6,MISSED_NON86,MATCHED@0.5,large,36974.19921875,car,1094.0006,738.6666,-2.6666000000000167,True,20.0,False
000016_044_00000169#17,6,MISSED_NON86,F1_nms_disappearance,medium,7992.0,car,1152.9996,742.0003,-6.000300000000038,True,0.0,True
000017_011_00000297#3,0,CONTROL,MATCHED@0.5,large,24923.984375,person,503.0003,504.3333,231.6667,False,,False
000017_011_00000297#5,0,CONTROL,MATCHED@0.5,large,20838.966796875,person,888.3328,479.6668,256.3332,False,20.0,False
000017_011_00000297#9,8,MISSED_NON86,MATCHED@0.5,large,27392.01171875,light,118.6666,485.3332,118.6666,False,0.0,True
000017_011_00000297#10,8,MISSED_NON86,F0_no_raw_candidate,medium,3024.0,light,214.3334,464.3337,214.3334,False,0.0,True
000017_011_00000297#11,8,MISSED_NON86,F1_nms_disappearance,medium,9145.041015625,light,244.3328,481.0003,244.3328,False,0.0,True
000017_011_00000297#13,9,G86,MATCHED@0.5,large,9523.0068359375,garbage_can,954.3333,514.6667,221.3333,False,0.0,True
000017_012_00000135#2,9,CONTROL,MATCHED@0.5,large,30794.001953125,light,100.0,851.0003,-115.00030000000004,True,0.0,True
000017_020_00000214#0,5,CONTROL,,,,,544.6669,581.3337,154.66629999999998,False,,False
000017_020_00000214#2,8,CONTROL,MATCHED@0.5,large,21329.958984375,person,21.6667,570.3335,21.6667,True,,False
000017_020_suppl_00000356#0,5,CONTROL,,,,,554.0006,611.9999,124.00009999999997,False,,False
000017_020_suppl_00000356#2,8,CONTROL,MATCHED@0.5,large,24751.958984375,person,32.3333,623.0001,32.3333,True,,False
000018_006_00000063#0,0,MISSED_NON86,,,,,543.3331,628.9999,107.00009999999997,False,30.0,False
000019_030_00000072#1,0,CONTROL,MATCHED@0.5,large,13837.0126953125,animal,40.6666,367.3331,40.6666,True,,False
000019_030_00000072#2,0,CONTROL,MATCHED@0.5,medium,2520.00244140625,person,186.0006,330.0,186.0006,False,80.0,False
000019_030_00000072#3,0,CONTROL,MATCHED@0.5,medium,7955.99658203125,person,235.6672,329.3333,235.6672,False,80.0,False
000019_030_00000072#4,0,CONTROL,MATCHED@0.5,medium,6297.9912109375,person,545.3337,311.0,311.0,False,,False
000019_030_00000072#5,0,CONTROL,MATCHED@0.5,medium,2443.9931640625,person,828.9998,292.3333,292.3333,False,,False
000019_038_00000205#2,4,CONTROL,MATCHED@0.5,large,50856.0,animal,1039.3331,508.667,227.33300000000003,False,0.0,True
000019_038_00000205#3,4,CONTROL,MATCHED@0.5,medium,2220.0,sign,1059.3331,516.0001,219.99990000000003,False,0.0,True
000019_038_00000205#4,4,CONTROL,MATCHED@0.5,medium,2408.0,sign,1096.3328,527.9997,208.00030000000004,False,0.0,True
000019_038_00000205#5,0,MISSED_NON86,MATCHED@0.5,medium,3289.997802734375,sign,1068.667,458.3332,243.33300000000008,False,20.0,False
000019_038_00000205#6,0,MISSED_NON86,F1_nms_disappearance,medium,4080.0,person,1096.9997,469.3333,215.00029999999992,False,70.0,False
000019_038_00000205#7,0,MISSED_NON86,F1_nms_disappearance,medium,8064.03369140625,person,1174.6663,474.6664,137.3336999999999,False,20.0,False
000019_038_00000205#8,0,CONTROL,F3_survives_official_fail,medium,7955.9951171875,person,1188.3327,458.3332,123.66730000000007,False,70.0,False
000019_041_00000141#2,7,G86,MATCHED@0.5,large,75744.140625,animal,864.6669,744.333,-8.33299999999997,True,30.0,False
000019_045_00000145#4,0,G86,F1_nms_disappearance,large,44799.984375,animal,905.9994,669.6669,66.33309999999994,True,20.0,False
000019_045_00000145#5,0,G86,F0_no_raw_candidate,medium,5454.0,person,788.6668,684.3333,51.66669999999999,True,20.0,False
000019_045_00000145#7,0,MISSED_NON86,MATCHED@0.5,large,17000.037109375,person,1012.0,664.6665,71.33349999999996,True,10.0,False
000020_010_00000089#1,4,CONTROL,MATCHED@0.5,large,30580.03125,person,683.0003,626.3336,109.66639999999995,False,240.0,False
000020_010_00000089#5,0,MISSED_NON86,F1_nms_disappearance,small,1008.0,person,907.3331,716.3338,19.666200000000003,True,,False
000020_010_00000089#6,0,CONTROL,F1_nms_disappearance,medium,1242.0,person,1205.6665,741.0001,-5.000099999999975,True,,False
000020_010_00000089#7,5,MISSED_NON86,MATCHED@0.5,medium,2015.0,person,1206.3335,760.3336,-24.333600000000047,True,10.0,False
000020_014_00000193#2,0,CONTROL,MATCHED@0.5,large,35032.0625,person,226.3334,726.9997,9.000300000000038,True,130.0,False
000020_014_00000193#3,0,CONTROL,MATCHED@0.5,medium,6627.03173828125,person,600.0,717.6664,18.333600000000047,True,70.0,False
000020_014_00000193#5,0,CONTROL,MATCHED@0.5,large,10584.03125,person,736.0,376.9998,359.0002,False,0.0,True
000020_014_00000193#6,0,CONTROL,MATCHED@0.5,medium,6291.99853515625,person,1120.6669,724.3336,11.666399999999953,True,0.0,True
000020_018_00000093#0,0,CONTROL,,,,,907.0004,745.9999,-9.999900000000025,True,120.0,False
000020_018_00000093#1,0,CONTROL,MATCHED@0.5,medium,1800.0,person,924.3327,745.6665,-9.666500000000042,True,,False
000020_018_00000093#2,4,CONTROL,MATCHED@0.5,medium,2835.0,person,700.3328,685.3334,50.66660000000002,True,10.0,False
000020_018_00000093#3,8,G86,MATCHED@0.5,medium,8532.0,sign,691.3332,625.6669,110.33309999999994,False,0.0,True
000021_020_00000131#2,3,CONTROL,MATCHED@0.5,large,16872.0,person,598.6663,832.667,-96.66700000000003,True,30.0,False
000023_005_00000070#1,3,CONTROL,MATCHED@0.5,large,14742.04296875,garbage_can,823.6672,596.6668,139.33320000000003,False,,False
000023_005_00000070#2,0,CONTROL,MATCHED@0.5,medium,4050.0,seat,636.9996,599.3337,136.66629999999998,False,70.0,False
000023_005_00000070#3,0,CONTROL,MATCHED@0.5,medium,8480.009765625,person,748.6668,580.667,155.33299999999997,False,150.0,False
000023_005_00000070#4,0,CONTROL,MATCHED@0.5,medium,6815.9765625,person,1110.3335,562.3336,173.66639999999995,False,10.0,False
000023_005_00000070#5,0,CONTROL,MATCHED@0.5,medium,7202.994140625,person,1250.6663,551.6668,61.33369999999991,True,,False
000023_005_00000070#6,0,CONTROL,MATCHED@0.5,medium,2359.99755859375,person,1271.6673,535.3336,40.33269999999993,True,,False
000031#0,0,CONTROL,,,,,14.3333,746.3332,-10.333200000000033,True,,False
000031#1,0,CONTROL,MATCHED@0.5,medium,5288.99755859375,person,136.0,641.3335,94.66650000000004,False,,False
000031#2,0,CONTROL,MATCHED@0.5,medium,1260.0,person,146.6662,640.3334,95.66660000000002,False,,False
000031#3,0,CONTROL,MATCHED@0.5,medium,1135.99951171875,person,160.9997,637.6665,98.33349999999996,False,,False
000031#6,0,CONTROL,MATCHED@0.5,large,9348.0068359375,person,514.6663,586.6668,149.33320000000003,False,,False
000031#8,0,CONTROL,MATCHED@0.5,large,9332.9736328125,person,574.0006,591.6664,144.33360000000005,False,,False
000031#10,0,CONTROL,MATCHED@0.5,large,30239.9765625,person,654.0006,586.0,150.0,False,,False
000031#11,0,MISSED_NON86,MATCHED@0.5,medium,1671.99072265625,person,667.6672,583.9999,152.00009999999997,False,,False
000066#0,0,CONTROL,,,,,700.6669,630.6666,105.33339999999998,False,70.0,False
000066#1,0,CONTROL,MATCHED@0.5,medium,3220.0,person,728.0,625.0002,110.99980000000005,False,,False
000066#2,1,CONTROL,MATCHED@0.5,medium,2210.0,person,709.3337,642.0001,93.99990000000003,False,0.0,True
000066#3,1,CONTROL,MATCHED@0.5,medium,5952.0,boat,709.3337,657.6666,78.33339999999998,False,0.0,True
000070#0,0,MISSED_NON86,,,,,839.6672,627.333,108.66700000000003,False,60.0,False
000070#1,0,CONTROL,F1_nms_disappearance,medium,3096.001220703125,person,870.3334,622.0,114.0,False,,False
000070#2,1,CONTROL,MATCHED@0.5,medium,2368.001220703125,person,848.3328,641.3334,94.66660000000002,False,0.0,True
000070#3,1,CONTROL,MATCHED@0.5,medium,6150.00732421875,boat,836.9997,656.3332,79.66679999999997,False,0.0,True
000173#1,4,G86,MATCHED@0.5,large,46189.0234375,seat,631.6672,300.0,300.0,False,0.0,True
000303#2,0,CONTROL,MATCHED@0.5,large,34959.92578125,person,148.9997,713.0,23.0,True,120.0,False
000303#6,4,CONTROL,MATCHED@0.5,large,11967.9921875,person,1056.0,816.6664,-80.66639999999995,True,,False
000303#7,4,CONTROL,MATCHED@0.5,medium,2944.0,sign,350.3334,736.9999,-0.9999000000000251,True,,False
000328#1,0,CONTROL,MATCHED@0.5,large,10709.978515625,person,737.6665,713.3334,22.666600000000017,True,70.0,False
000328#3,9,CONTROL,MATCHED@0.5,large,12792.009765625,person,879.0003,710.6665,25.333499999999958,True,0.0,True
000415#1,0,CONTROL,MATCHED@0.5,small,627.0006103515625,person,135.6672,609.6664,126.33360000000005,False,,False
000415#2,0,MISSED_NON86,MATCHED@0.5,medium,1406.998779296875,person,144.6669,580.3336,144.6669,False,180.0,False
000415#4,0,MISSED_NON86,MATCHED@0.5,small,693.0012817382812,person,191.3331,604.3334,131.66660000000002,False,,False
000415#5,0,CONTROL,F1_nms_disappearance,medium,2610.001953125,person,219.3331,603.0,133.0,False,200.0,False
000415#6,0,CONTROL,MATCHED@0.5,medium,2211.994384765625,person,244.6669,588.6669,147.33309999999994,False,,False
000415#8,0,CONTROL,F3_survives_official_fail,small,928.0001831054688,person,262.6663,605.0001,130.99990000000003,False,,False
000415#10,0,CONTROL,MATCHED@0.5,small,989.0026245117188,person,293.6666,604.0,132.0,False,,False
000415#11,0,CONTROL,MATCHED@0.5,medium,1610.0042724609375,person,328.6669,599.9997,136.00030000000004,False,,False
000415#13,0,CONTROL,MATCHED@0.5,small,528.0009765625,person,388.6669,596.3334,139.66660000000002,False,,False
000415#14,0,CONTROL,MATCHED@0.5,medium,2336.0087890625,person,409.3337,589.0002,146.99980000000005,False,,False
000415#15,0,MISSED_NON86,MATCHED@0.5,medium,1819.9920654296875,person,477.9993,571.667,164.33299999999997,False,60.0,False
000415#16,0,MISSED_NON86,F0_no_raw_candidate,medium,1470.0018310546875,person,479.3331,597.3336,138.66639999999995,False,10.0,False
000415#17,0,G86,F0_no_raw_candidate,medium,1140.0,person,620.3328,588.3335,147.66650000000004,False,20.0,False
000415#19,2,CONTROL,F0_no_raw_candidate,small,575.9989013671875,person,976.6669,599.0004,136.9996,False,,False
000433#7,2,G86,MATCHED@0.5,large,9688.0078125,animal,327.0003,632.0001,103.99990000000003,False,0.0,True
000437#0,2,CONTROL,,,,,503.0003,584.9999,151.00009999999997,False,30.0,False
000437#1,2,MISSED_NON86,MATCHED@0.5,medium,7821.0,animal,551.6673,623.6668,112.33320000000003,False,20.0,False
000437#2,2,G86,F3_survives_official_fail,medium,8507.0439453125,animal,387.3331,572.9997,163.00030000000004,False,50.0,False
000437#5,2,MISSED_NON86,MATCHED@0.5,large,17346.01171875,animal,552.0,566.6666,169.33339999999998,False,30.0,False
000484#2,2,CONTROL,MATCHED@0.5,small,777.0012817382812,person,472.0,658.0,78.0,False,,False
000484#3,2,CONTROL,MATCHED@0.5,medium,4224.0,animal,530.3334,662.9996,73.00040000000001,True,40.0,False
000500#0,2,CONTROL,,,,,417.9993,680.9997,55.00030000000004,True,,False
000500#1,2,CONTROL,MATCHED@0.5,medium,1440.0,animal,421.3338,660.0002,75.99980000000005,False,,False
000500#2,2,CONTROL,MATCHED@0.5,medium,1232.002685546875,animal,617.9993,680.6664,55.33360000000005,True,,False
000525#0,0,CONTROL,,,,,773.3337,559.3334,176.66660000000002,False,0.0,True
000525#1,2,CONTROL,MATCHED@0.5,medium,1496.0013427734375,person,207.3331,670.667,65.33299999999997,True,0.0,True
000525#2,2,CONTROL,MATCHED@0.5,medium,3035.99609375,animal,488.3327,632.6668,103.33320000000003,False,,False
000561#0,2,CONTROL,,,,,332.6669,686.3335,49.66650000000004,True,270.0,False
000561#3,2,CONTROL,MATCHED@0.5,large,54462.04296875,animal,1238.0007,981.6666,-245.66660000000002,True,60.0,False
000561#4,2,MISSED_NON86,MATCHED@0.5,medium,6930.0,animal,1266.3335,941.3337,-205.33370000000002,True,20.0,False
000597#2,2,CONTROL,MATCHED@0.5,large,229271.859375,animal,722.6662,760.3336,-24.333600000000047,True,50.0,False
000597#3,2,MISSED_NON86,MATCHED@0.5,medium,6110.0,animal,748.9997,770.6664,-34.66639999999995,True,10.0,False
000630#0,2,MISSED_NON86,,,,,106.3333,286.6667,106.3333,False,0.0,True
000680#5,6,MISSED_NON86,F1_nms_disappearance,large,9998.9970703125,car,1250.3335,404.3332,61.66650000000004,True,0.0,True
000707#1,4,CONTROL,MATCHED@0.5,large,58875.015625,car,1136.9997,657.0,79.0,False,,False
000707#2,4,CONTROL,MATCHED@0.5,medium,1271.0,sign,883.3331,682.3331,53.666900000000055,True,,False
000707#3,4,CONTROL,MATCHED@0.5,medium,2028.0,sign,615.3331,721.3334,14.666600000000017,True,,False
000707#4,9,CONTROL,MATCHED@0.5,medium,1152.00439453125,sign,249.6666,783.0,-47.0,True,0.0,True
000707#5,9,CONTROL,MATCHED@0.5,medium,3086.99609375,garbage_can,530.3334,763.3331,-27.333099999999945,True,0.0,True
000735#1,4,CONTROL,MATCHED@0.5,large,22792.048828125,seat,1170.6663,410.3337,141.3336999999999,False,,False
000738#0,2,CONTROL,,,,,1215.0002,431.9999,96.99980000000005,False,0.0,True
000738#2,4,CONTROL,MATCHED@0.5,large,20303.94921875,seat,1045.9994,367.9998,266.0006000000001,False,0.0,True
000738#3,0,G86,MATCHED@0.5,medium,1200.001220703125,sign,416.9997,361.0,361.0,False,0.0,True
000756#4,2,CONTROL,MATCHED@0.5,large,41623.98046875,animal,783.3331,703.3334,32.66660000000002,True,,False
000759#2,2,CONTROL,MATCHED@0.5,large,40079.98828125,animal,667.0004,667.3334,68.66660000000002,True,,False
000780#0,9,CONTROL,,,,,136.6669,292.6667,136.6669,False,0.0,True
000780#3,2,CONTROL,MATCHED@0.5,large,45119.953125,animal,177.6666,344.0,177.6666,False,10.0,False
000783#0,2,CONTROL,,,,,307.6672,676.3334,59.66660000000002,True,,False
000783#1,2,CONTROL,MATCHED@0.5,medium,4743.0,animal,385.9994,688.0003,47.99969999999996,True,90.0,False
000783#3,2,CONTROL,MATCHED@0.5,large,70483.96875,animal,1055.6673,777.0001,-41.000099999999975,True,,False
000783#4,2,CONTROL,MATCHED@0.5,medium,3965.0,animal,1160.3328,792.3332,-56.33320000000003,True,,False
000808#1,2,CONTROL,MATCHED@0.5,large,14329.0,animal,80.0,297.3333,80.0,False,,False
000820#2,2,CONTROL,MATCHED@0.5,large,28416.0625,animal,892.3328,517.667,218.33299999999997,False,80.0,False
000820#3,2,CONTROL,MATCHED@0.5,medium,6824.99462890625,animal,834.3334,441.6666,294.3334,False,,False
000820#4,0,CONTROL,MATCHED@0.5,medium,5014.9990234375,animal,316.9997,411.6664,316.9997,False,190.0,False
000820#5,0,MISSED_NON86,MATCHED@0.5,medium,2871.001953125,person,382.3335,411.6664,324.3336,False,90.0,False
000820#7,0,MISSED_NON86,MATCHED@0.5,large,64985.19140625,sign,363.6672,420.333,315.667,False,20.0,False
000889#5,0,CONTROL,MATCHED@0.5,large,10560.015625,person,553.3337,325.3334,325.3334,False,10.0,False
000889#6,0,CONTROL,MATCHED@0.5,medium,8976.0048828125,person,458.6662,311.3333,311.3333,False,80.0,False
000889#7,4,MISSED_NON86,MATCHED@0.5,medium,4887.986328125,person,365.3337,292.0,292.0,False,0.0,True
000889#8,4,MISSED_NON86,F0_no_raw_candidate,medium,1655.993896484375,sign,403.3331,295.0,295.0,False,0.0,True
000889#9,4,G86,F0_no_raw_candidate,medium,1529.995849609375,sign,479.3331,311.3333,311.3333,False,0.0,True
000889#13,0,G86,MATCHED@0.5,large,15120.0439453125,garbage_can,766.6663,311.3333,311.3333,False,60.0,False
000889#14,3,MISSED_NON86,F0_no_raw_candidate,medium,2560.00048828125,person,516.3328,327.3333,327.3333,False,20.0,False
000943#0,4,CONTROL,,,,,498.6662,513.6666,222.33339999999998,False,,False
000943#1,4,MISSED_NON86,MATCHED@0.5,medium,1452.0067138671875,sign,1200.667,587.6668,111.33300000000008,False,70.0,False
000943#2,2,CONTROL,F0_no_raw_candidate,medium,1394.0020751953125,sign,800.0,645.6664,90.33360000000005,False,,False
000943#3,0,MISSED_NON86,MATCHED@0.5,medium,7592.0,animal,84.0,478.3334,84.0,False,130.0,False
000943#4,0,G86,F0_no_raw_candidate,medium,1033.996826171875,person,115.6667,458.3332,115.6667,False,0.0,True
000943#6,1,CONTROL,MATCHED@0.5,large,26739.95703125,boat,1116.0,602.3333,133.6667,False,0.0,True
000943#7,1,CONTROL,MATCHED@0.5,medium,1889.9945068359375,boat,1141.6665,605.6668,130.33320000000003,False,0.0,True
000952#0,2,CONTROL,,,,,443.6672,564.333,171.66700000000003,False,,False
001033#1,4,MISSED_NON86,MATCHED@0.5,large,10830.0068359375,sign,823.6672,752.9997,-16.99969999999996,True,40.0,False
001033#2,4,G86,F1_nms_disappearance,medium,2345.0,sign,760.0,741.3335,-5.333499999999958,True,0.0,True
001033#3,6,CONTROL,F0_no_raw_candidate,medium,3588.00634765625,sign,21.3334,776.0001,-40.000099999999975,True,,False
001033#9,5,G86,MATCHED@0.5,large,265098.34375,car,478.6662,780.6664,-44.66639999999995,True,40.0,False
001033#10,0,CONTROL,F0_no_raw_candidate,medium,3000.00732421875,bicycle,476.3328,766.6667,-30.66669999999999,True,,False
001035#0,6,CONTROL,,,,,24.0,793.0,-57.0,True,,False
001035#1,6,CONTROL,MATCHED@0.5,medium,1938.003173828125,car,54.6666,792.0,-56.0,True,,False
001035#2,6,MISSED_NON86,MATCHED@0.5,medium,5712.0,car,95.3334,798.333,-62.33299999999997,True,,False
001035#7,4,G86,MATCHED@0.5,large,422940.28125,car,788.6669,739.6667,-3.6666999999999916,True,0.0,True
001035#9,4,G86,MATCHED@0.5,large,10248.029296875,sign,852.9996,753.6664,-17.666399999999953,True,0.0,True
001035#10,8,CONTROL,F0_no_raw_candidate,medium,2409.0,sign,28.0,727.3331,8.666900000000055,True,0.0,True
001114#5,4,CONTROL,MATCHED@0.5,large,83621.59375,bicycle,46.0,481.6669,46.0,True,,False
001114#6,4,CONTROL,MATCHED@0.5,medium,5111.99560546875,sign,102.3333,478.3334,102.3333,False,,False
001114#7,4,MISSED_NON86,MATCHED@0.5,medium,4160.99658203125,sign,109.6667,454.3336,109.6667,False,30.0,False
001114#8,4,CONTROL,F1_nms_disappearance,medium,1155.004150390625,sign,144.0,479.3334,144.0,False,,False
001114#10,4,G86,MATCHED@0.5,small,638.0031127929688,sign,348.3327,482.0003,253.99970000000002,False,0.0,True
001123#0,6,MISSED_NON86,,,,,17.3334,650.0002,17.3334,True,90.0,False
001123#1,6,CONTROL,F1_nms_disappearance,medium,3552.0,car,53.0001,635.9997,53.0001,True,90.0,False
001123#2,6,CONTROL,MATCHED@0.5,medium,8384.0078125,car,66.0,662.6671,66.0,True,170.0,False
001123#4,6,CONTROL,MATCHED@0.5,large,9827.9951171875,car,165.6666,664.6665,71.33349999999996,True,30.0,False
001123#5,6,CONTROL,MATCHED@0.5,medium,7953.9951171875,car,236.6669,635.6663,100.33370000000002,False,,False
001123#6,6,CONTROL,MATCHED@0.5,medium,4027.996826171875,car,258.3334,649.6667,86.33330000000001,False,,False
001123#7,6,CONTROL,MATCHED@0.5,medium,8136.9951171875,car,319.6672,622.3334,113.66660000000002,False,70.0,False
001123#8,6,MISSED_NON86,MATCHED@0.5,medium,9044.99609375,car,325.3337,633.6669,102.33309999999994,False,30.0,False
001123#9,6,CONTROL,F1_nms_disappearance,medium,4116.0,car,346.3334,648.6666,87.33339999999998,False,,False
001123#10,6,CONTROL,MATCHED@0.5,medium,6408.0068359375,car,447.6672,615.3335,120.66650000000004,False,170.0,False
001123#11,6,CONTROL,MATCHED@0.5,medium,6262.00439453125,car,539.0003,607.3336,128.66639999999995,False,30.0,False
001123#12,6,CONTROL,MATCHED@0.5,medium,8409.9951171875,car,636.0,644.0003,91.99969999999996,False,40.0,False
001123#13,0,MISSED_NON86,MATCHED@0.5,medium,8856.0,car,535.0003,658.3334,77.66660000000002,False,40.0,False
001123#18,0,CONTROL,MATCHED@0.5,large,20736.0,person,784.3327,601.9998,134.00019999999995,False,,False
001123#19,0,CONTROL,MATCHED@0.5,medium,1254.0,person,748.0,606.6669,129.33309999999994,False,0.0,True
001123#20,4,CONTROL,MATCHED@0.5,medium,1215.9976806640625,person,674.6662,698.9996,37.00040000000001,True,,False
001123#21,4,CONTROL,MATCHED@0.5,medium,4692.00830078125,sign,694.3334,651.0001,84.99990000000003,False,0.0,True
001123#22,4,CONTROL,MATCHED@0.5,medium,3009.003173828125,sign,861.6666,609.333,126.66700000000003,False,,False
001135#4,8,CONTROL,MATCHED@0.5,large,61312.0703125,light,1166.6663,640.6667,95.33330000000001,False,0.0,True
001135#6,8,CONTROL,MATCHED@0.5,large,10361.9755859375,light,1111.333,563.3337,172.66629999999998,False,0.0,True
001135#7,4,CONTROL,MATCHED@0.5,medium,7655.9716796875,light,1158.3335,633.3335,102.66650000000004,False,0.0,True
001157#4,0,CONTROL,MATCHED@0.5,large,19278.009765625,person,607.6672,524.3334,211.66660000000002,False,,False
001157#5,4,CONTROL,MATCHED@0.5,medium,1146.9962158203125,person,685.9994,530.6666,205.33339999999998,False,,False
001157#8,6,CONTROL,MATCHED@0.5,large,11309.994140625,car,154.3334,587.0001,148.99990000000003,False,,False
001157#9,6,CONTROL,MATCHED@0.5,medium,8181.0048828125,car,250.3334,552.0001,183.99990000000003,False,,False
001202#3,8,CONTROL,MATCHED@0.5,large,15761.927734375,light,672.3328,393.3331,342.6669,False,20.0,False
001202#4,8,CONTROL,MATCHED@0.5,medium,7497.9970703125,light,1141.9993,374.9997,170.00070000000005,False,30.0,False
001202#8,6,CONTROL,MATCHED@0.5,large,581460.25,person,413.3338,764.6665,-28.666500000000042,True,,False
001202#10,6,CONTROL,MATCHED@0.5,large,78174.9921875,seat,714.0006,764.3333,-28.33330000000001,True,,False
001202#11,6,CONTROL,MATCHED@0.5,medium,5612.0,car,967.6672,760.667,-24.66700000000003,True,,False
001202#12,6,CONTROL,MATCHED@0.5,medium,5626.0,car,1024.3327,762.6664,-26.666399999999953,True,,False
001257#0,8,CONTROL,,,,,34.0,368.3332,34.0,True,10.0,False
001257#3,8,CONTROL,MATCHED@0.5,large,10394.994140625,light,756.0,386.3332,349.6668,False,90.0,False
001257#6,6,CONTROL,MATCHED@0.5,large,91839.890625,person,21.3334,770.9996,-34.99959999999999,True,,False
001257#9,6,CONTROL,MATCHED@0.5,large,11040.9921875,car,489.3338,755.6666,-19.666600000000017,True,,False
001257#10,6,CONTROL,MATCHED@0.5,medium,2940.0,car,344.9997,759.0002,-23.00019999999995,True,160.0,False
001257#11,6,CONTROL,MATCHED@0.5,medium,5140.99853515625,car,426.3334,754.6665,-18.666500000000042,True,,False
001276#3,8,CONTROL,MATCHED@0.5,large,14981.0166015625,light,672.9996,392.0003,343.9997,False,20.0,False
001276#7,6,CONTROL,MATCHED@0.5,large,274275.59375,person,415.6672,765.3333,-29.33330000000001,True,,False
001276#9,6,CONTROL,MATCHED@0.5,large,77290.2265625,seat,1022.3335,762.9997,-26.99969999999996,True,,False
001276#10,6,CONTROL,MATCHED@0.5,medium,6283.0,car,795.0003,761.6663,-25.66629999999998,True,,False
001276#11,6,CONTROL,MATCHED@0.5,medium,2745.0,car,824.9997,761.9997,-25.99969999999996,True,,False
001276#12,6,CONTROL,MATCHED@0.5,medium,2990.0,car,853.3337,761.3337,-25.33370000000002,True,,False
001276#13,6,CONTROL,MATCHED@0.5,medium,2700.0,car,926.3335,760.0002,-24.00019999999995,True,,False
001276#14,6,CONTROL,MATCHED@0.5,medium,3450.0,car,969.6666,764.6665,-28.666500000000042,True,,False
001276#15,6,CONTROL,MATCHED@0.5,medium,4850.0,car,885.9994,764.3333,-28.33330000000001,True,,False
001295#0,0,CONTROL,,,,,731.3331,659.0001,76.99990000000003,False,,False
001295#1,0,CONTROL,MATCHED@0.5,medium,3172.0,person,786.6663,652.0003,83.99969999999996,False,,False
001295#3,4,CONTROL,MATCHED@0.5,large,29928.95703125,boat,174.3334,697.0003,38.99969999999996,True,0.0,True
001295#10,2,CONTROL,F0_no_raw_candidate,small,720.0,animal,571.6673,733.0003,2.9996999999999616,True,,False
001295#11,2,MISSED_NON86,MATCHED@0.5,medium,5589.0,animal,612.0,703.6668,32.33320000000003,True,,False
001295#12,2,CONTROL,F1_nms_disappearance,medium,2839.9912109375,animal,635.6672,705.6669,30.333099999999945,True,170.0,False
001295#13,2,CONTROL,MATCHED@0.5,medium,1952.9923095703125,animal,655.3331,703.6668,32.33320000000003,True,,False
001295#14,2,CONTROL,MATCHED@0.5,medium,2700.0,animal,670.6663,689.6663,46.33370000000002,True,,False
001295#15,2,CONTROL,MATCHED@0.5,medium,3900.0,animal,838.3334,692.6665,43.33349999999996,True,,False
001295#17,2,CONTROL,MATCHED@0.5,small,806.0,animal,854.3333,676.6667,59.33330000000001,True,,False
001295#18,2,CONTROL,MATCHED@0.5,medium,2030.0,animal,873.6665,677.6668,58.33320000000003,True,,False
001295#19,2,CONTROL,MATCHED@0.5,medium,1617.0,animal,911.3331,669.6669,66.33309999999994,True,90.0,False
001295#20,2,CONTROL,MATCHED@0.5,medium,1734.0,animal,895.0003,685.0,51.0,True,,False
001295#21,2,CONTROL,MATCHED@0.5,medium,1599.0,animal,881.6666,698.6663,37.33370000000002,True,,False
001295#22,2,CONTROL,MATCHED@0.5,medium,2146.0,animal,961.3338,686.6667,49.33330000000001,True,,False
001295#24,2,CONTROL,MATCHED@0.5,large,13910.0,animal,1022.3335,693.3333,42.66669999999999,True,,False
001295#26,2,CONTROL,MATCHED@0.5,large,14040.0,animal,1105.9994,600.3331,135.66690000000006,False,,False
001409#0,2,CONTROL,,,,,539.3331,399.6669,336.3331,False,,False
001409#1,2,CONTROL,MATCHED@0.5,medium,4374.0,animal,483.6672,884.3334,-148.33339999999998,True,0.0,True
001415#0,2,CONTROL,,,,,183.0003,450.3333,183.0003,False,,False
001415#1,2,CONTROL,MATCHED@0.5,medium,4850.99609375,animal,274.3334,375.9998,274.3334,False,160.0,False
001415#2,2,CONTROL,MATCHED@0.5,medium,5201.9970703125,animal,534.0006,481.6669,254.3331,False,,False
001415#3,2,CONTROL,MATCHED@0.5,medium,4927.99072265625,animal,617.3338,590.6663,145.33370000000002,False,,False
001443#3,2,CONTROL,MATCHED@0.5,large,18848.953125,animal,882.6662,595.0,141.0,False,,False
001443#4,2,CONTROL,MATCHED@0.5,medium,5658.005859375,animal,838.6662,585.3333,150.6667,False,,False
001443#6,2,CONTROL,F1_nms_disappearance,large,10265.978515625,animal,776.0,591.6664,144.33360000000005,False,30.0,False
001443#7,2,CONTROL,MATCHED@0.5,medium,8399.998046875,animal,677.6665,583.3331,152.66690000000006,False,90.0,False
001443#9,2,CONTROL,F1_nms_disappearance,large,9471.0244140625,animal,475.0003,580.3336,155.66639999999995,False,,False
001443#10,2,CONTROL,MATCHED@0.5,medium,2988.99267578125,animal,310.0007,525.0001,210.99990000000003,False,,False
001461#2,6,CONTROL,MATCHED@0.5,large,483001.0,person,411.6673,765.3333,-29.33330000000001,True,,False
001461#3,6,CONTROL,MATCHED@0.5,medium,3081.994384765625,car,966.6663,762.333,-26.33299999999997,True,,False
001461#4,6,CONTROL,MATCHED@0.5,medium,5194.0,car,1019.6672,764.6665,-28.666500000000042,True,,False
001461#5,6,CONTROL,MATCHED@0.5,medium,7458.0,car,704.6669,763.6665,-27.666500000000042,True,,False
001531#1,2,CONTROL,MATCHED@0.5,large,291255.90625,animal,416.9997,533.0001,202.99990000000003,False,,False
001531#2,2,CONTROL,MATCHED@0.5,medium,1924.9957275390625,animal,265.3338,595.6667,140.3333,False,,False
001531#6,2,CONTROL,F0_no_raw_candidate,small,494.00115966796875,animal,369.3337,536.0003,199.99969999999996,False,,False
001531#8,2,CONTROL,F0_no_raw_candidate,small,760.00244140625,animal,116.3333,548.3332,116.3333,False,,False
001531#10,2,CONTROL,F1_nms_disappearance,small,836.0040283203125,animal,53.6667,592.3331,53.6667,True,,False
001558#4,2,CONTROL,MATCHED@0.5,large,22229.9296875,animal,678.3334,439.9998,296.0002,False,60.0,False
001683#1,8,CONTROL,MATCHED@0.5,large,691678.0,person,35.3334,382.0002,35.3334,True,10.0,False
001683#6,6,CONTROL,MATCHED@0.5,large,18327.927734375,light,521.3337,766.3334,-30.333399999999983,True,,False
001683#7,6,CONTROL,MATCHED@0.5,medium,3760.005859375,car,597.6665,766.0,-30.0,True,,False
001683#8,6,CONTROL,MATCHED@0.5,medium,5050.005859375,car,652.6669,764.6665,-28.666500000000042,True,,False
001694#1,7,CONTROL,MATCHED@0.5,large,395764.3125,person,544.6669,728.3332,7.6667999999999665,True,,False
001694#2,8,CONTROL,MATCHED@0.5,medium,3102.0,ball,32.9999,321.6667,32.9999,True,10.0,False
001694#7,8,CONTROL,MATCHED@0.5,large,17611.939453125,light,831.6672,412.3331,323.6669,False,30.0,False
001694#8,6,CONTROL,MATCHED@0.5,medium,7352.99462890625,light,91.0001,789.333,-53.33299999999997,True,,False
001694#9,6,CONTROL,MATCHED@0.5,medium,3696.0029296875,car,421.3338,780.6664,-44.66639999999995,True,,False
001694#10,6,CONTROL,MATCHED@0.5,medium,4968.0068359375,car,469.6666,780.6664,-44.66639999999995,True,,False
001694#11,6,CONTROL,MATCHED@0.5,medium,2832.005859375,car,567.0003,777.3335,-41.33349999999996,True,,False
001694#12,6,CONTROL,MATCHED@0.5,medium,2646.0,car,501.3338,780.6664,-44.66639999999995,True,,False
001694#13,6,CONTROL,MATCHED@0.5,medium,2352.005126953125,car,532.9997,777.6669,-41.666900000000055,True,,False
001694#14,6,CONTROL,MATCHED@0.5,medium,2744.99462890625,car,632.3328,777.3335,-41.33349999999996,True,,False
001707#1,7,CONTROL,MATCHED@0.5,large,213500.421875,person,421.3338,754.3331,-18.333099999999945,True,0.0,True
001707#2,8,CONTROL,MATCHED@0.5,medium,2296.0048828125,ball,34.0,321.0,34.0,True,10.0,False
001707#7,8,CONTROL,MATCHED@0.5,large,15889.9794921875,light,831.6672,412.9998,323.0002,False,30.0,False
001707#8,6,CONTROL,MATCHED@0.5,medium,7352.99462890625,light,90.3333,789.333,-53.33299999999997,True,,False
001707#9,6,CONTROL,MATCHED@0.5,medium,3791.9970703125,car,597.3338,778.3336,-42.33360000000005,True,,False
001707#10,6,CONTROL,MATCHED@0.5,medium,3528.0,car,672.6669,781.6665,-45.66650000000004,True,,False
001707#11,6,CONTROL,MATCHED@0.5,medium,3869.997314453125,car,727.0004,777.6669,-41.666900000000055,True,,False
001707#12,6,CONTROL,MATCHED@0.5,medium,6237.0,car,565.6666,780.3331,-44.333099999999945,True,,False
001712#1,8,CONTROL,MATCHED@0.5,large,254696.140625,person,34.0,322.3333,34.0,True,10.0,False
001712#6,8,CONTROL,MATCHED@0.5,large,15889.9794921875,light,832.3328,412.3331,323.6669,False,70.0,False
001712#7,7,CONTROL,MATCHED@0.5,medium,6683.0048828125,light,574.6663,724.667,11.33299999999997,True,,False
001712#8,6,CONTROL,MATCHED@0.5,medium,1839.994384765625,ball,91.0001,790.6665,-54.66650000000004,True,,False
001712#9,6,CONTROL,MATCHED@0.5,medium,3791.9970703125,car,420.9997,780.9998,-44.99980000000005,True,,False
001712#10,6,CONTROL,MATCHED@0.5,medium,6161.0,car,471.6673,780.9998,-44.99980000000005,True,,False
001712#11,6,CONTROL,MATCHED@0.5,medium,2583.0,car,504.6669,781.6665,-45.66650000000004,True,,False
001712#12,6,CONTROL,MATCHED@0.5,medium,2547.994140625,car,535.0003,779.3336,-43.33360000000005,True,,False
001724#1,7,CONTROL,MATCHED@0.5,large,331230.65625,person,323.0003,747.0,-11.0,True,0.0,True
001724#3,8,CONTROL,MATCHED@0.5,large,17379.935546875,light,32.6666,323.6666,32.6666,True,10.0,False
001724#7,8,CONTROL,MATCHED@0.5,large,12810.0029296875,light,832.0,413.3332,322.6668,False,30.0,False
001724#8,6,CONTROL,MATCHED@0.5,medium,9200.0,light,95.0001,789.9998,-53.99980000000005,True,,False
001724#9,6,CONTROL,MATCHED@0.5,medium,3791.9970703125,car,415.0003,784.6667,-48.66669999999999,True,,False
001724#10,6,CONTROL,MATCHED@0.5,medium,3640.0068359375,car,634.0006,778.0003,-42.00030000000004,True,,False
001724#11,6,CONTROL,MATCHED@0.5,medium,3015.99365234375,car,674.0006,780.333,-44.33299999999997,True,,False
001724#12,6,CONTROL,MATCHED@0.5,medium,4140.00537109375,car,723.6672,777.6669,-41.666900000000055,True,,False
001737#3,8,CONTROL,MATCHED@0.5,large,17379.935546875,light,32.6666,326.3333,32.6666,True,10.0,False
001737#7,8,CONTROL,MATCHED@0.5,large,11600.04296875,light,832.9996,415.3334,320.6666,False,30.0,False
001737#8,7,CONTROL,MATCHED@0.5,medium,8399.9892578125,light,410.6662,640.0,96.0,False,,False
001737#9,7,MISSED_NON86,MATCHED@0.5,medium,1087.99609375,ball,616.9996,776.6667,-40.66669999999999,True,0.0,True
001737#10,6,CONTROL,F0_no_raw_candidate,medium,1775.994140625,ball,92.3333,792.6666,-56.66660000000002,True,,False
001737#11,6,CONTROL,MATCHED@0.5,medium,3791.9970703125,car,415.6672,784.0,-48.0,True,,False
001737#12,6,CONTROL,MATCHED@0.5,medium,3834.006591796875,car,672.6669,783.6666,-47.66660000000002,True,,False
001737#13,6,CONTROL,MATCHED@0.5,medium,4558.00634765625,car,717.6665,781.3332,-45.33320000000003,True,,False
001742#0,7,MISSED_NON86,,,,,532.0,794.0001,-58.000099999999975,True,0.0,True
001763#0,7,CONTROL,,,,,439.3331,540.6666,195.33339999999998,False,0.0,True
001785#0,2,CONTROL,,,,,737.6665,720.6667,15.333300000000008,True,,False
001785#1,2,CONTROL,MATCHED@0.5,medium,6000.0,animal,808.3328,714.3335,21.666500000000042,True,,False
001785#2,2,CONTROL,MATCHED@0.5,medium,5015.0,animal,860.9996,725.9997,10.000300000000038,True,0.0,True
001851#0,8,CONTROL,,,,,37.3334,368.3332,37.3334,True,10.0,False
001851#8,6,CONTROL,MATCHED@0.5,large,14800.0,car,17.6667,771.9997,-35.99969999999996,True,,False
001851#9,6,CONTROL,MATCHED@0.5,medium,2862.00341796875,car,425.6666,757.3334,-21.333399999999983,True,,False
001851#10,6,CONTROL,MATCHED@0.5,medium,2622.0,car,456.0,756.3333,-20.33330000000001,True,,False
001851#11,6,CONTROL,MATCHED@0.5,medium,3038.0,car,491.6673,757.6668,-21.666799999999967,True,,False
001851#12,6,CONTROL,MATCHED@0.5,medium,2925.0,car,556.3328,754.3331,-18.333099999999945,True,,False
001851#13,6,CONTROL,MATCHED@0.5,medium,2866.994140625,car,347.6672,760.667,-24.66700000000003,True,,False
001851#14,6,CONTROL,MATCHED@0.5,medium,5544.0,car,522.6662,754.3331,-18.333099999999945,True,,False
001862#0,8,CONTROL,,,,,38.0,368.9999,38.0,True,10.0,False
001862#8,6,CONTROL,MATCHED@0.5,large,18630.08203125,car,16.0,770.0003,-34.00030000000004,True,,False
001862#9,6,CONTROL,MATCHED@0.5,medium,2304.0,car,520.6669,754.6665,-18.666500000000042,True,,False
001862#10,6,CONTROL,MATCHED@0.5,medium,3100.006103515625,car,345.9994,761.6664,-25.666399999999953,True,,False
001862#11,6,CONTROL,MATCHED@0.5,medium,5545.99462890625,car,393.6666,758.3334,-22.333399999999983,True,150.0,False
001862#12,6,CONTROL,MATCHED@0.5,medium,2303.0,car,428.0,756.6666,-20.666600000000017,True,,False
001862#13,6,CONTROL,MATCHED@0.5,medium,2576.005615234375,car,459.0003,756.6666,-20.666600000000017,True,,False
001862#14,6,CONTROL,MATCHED@0.5,medium,3186.006591796875,car,494.0006,755.6666,-19.666600000000017,True,,False
001862#15,6,CONTROL,MATCHED@0.5,medium,3234.0,car,554.3334,755.3332,-19.333200000000033,True,,False
001873#0,8,CONTROL,,,,,37.3334,368.9999,37.3334,True,10.0,False
001873#4,8,CONTROL,MATCHED@0.5,large,11200.0517578125,light,756.6669,386.6666,349.3334,False,50.0,False
001873#8,6,CONTROL,MATCHED@0.5,large,11164.990234375,car,17.6667,771.3331,-35.333099999999945,True,,False
001873#9,6,CONTROL,MATCHED@0.5,medium,3074.003662109375,car,347.3331,760.0002,-24.00019999999995,True,,False
001873#10,6,CONTROL,MATCHED@0.5,medium,6032.00537109375,car,429.6666,757.0,-21.0,True,150.0,False
001873#11,6,CONTROL,MATCHED@0.5,medium,1755.0,car,457.3338,755.3332,-19.333200000000033,True,,False
001873#12,6,CONTROL,MATCHED@0.5,medium,3072.0,car,519.6672,754.9998,-18.99980000000005,True,,False
001873#13,6,CONTROL,MATCHED@0.5,medium,3157.0048828125,car,556.9996,754.6665,-18.666500000000042,True,,False
001881#0,8,CONTROL,,,,,37.3334,370.3334,37.3334,True,10.0,False
001881#4,8,CONTROL,MATCHED@0.5,large,11200.0517578125,light,757.3338,387.3333,348.6667,False,,False
001881#8,6,CONTROL,MATCHED@0.5,large,23500.03125,car,18.0,771.6664,-35.66639999999995,True,,False
001881#9,6,CONTROL,MATCHED@0.5,medium,2754.0,car,346.3334,761.0004,-25.000400000000013,True,,False
001881#10,6,CONTROL,MATCHED@0.5,medium,5415.00537109375,car,423.3331,757.3334,-21.333399999999983,True,,False
001884#0,8,CONTROL,,,,,39.3334,369.3333,39.3334,True,10.0,False
001884#4,8,CONTROL,MATCHED@0.5,large,11200.0517578125,light,756.6669,385.9998,350.0002,False,100.0,False
001884#8,6,CONTROL,MATCHED@0.5,large,44251.96484375,car,17.0001,770.0004,-34.00040000000001,True,,False
001884#9,6,CONTROL,MATCHED@0.5,medium,2550.0,car,344.0,761.6664,-25.666399999999953,True,,False
001884#10,6,CONTROL,MATCHED@0.5,medium,6018.0,car,396.3328,758.3335,-22.333499999999958,True,,False
001884#11,6,CONTROL,MATCHED@0.5,medium,2601.0,car,456.3328,753.9998,-17.99980000000005,True,,False
001884#12,6,CONTROL,MATCHED@0.5,medium,2862.006591796875,car,494.3335,755.6665,-19.666500000000042,True,,False
001884#13,6,CONTROL,MATCHED@0.5,medium,2744.99462890625,car,523.6672,755.9999,-19.999900000000025,True,,False
001884#14,6,CONTROL,MATCHED@0.5,medium,2256.005859375,car,556.6669,756.3333,-20.33330000000001,True,,False
001898#0,8,CONTROL,,,,,40.0,378.0,40.0,True,10.0,False
001898#4,8,CONTROL,MATCHED@0.5,large,12389.9931640625,light,760.6669,398.6668,337.3332,False,90.0,False
001898#7,6,CONTROL,MATCHED@0.5,large,11146.99609375,car,21.6667,781.3332,-45.33320000000003,True,,False
001898#8,6,CONTROL,MATCHED@0.5,medium,2860.0029296875,car,562.3335,764.3332,-28.333200000000033,True,,False
001898#9,6,CONTROL,MATCHED@0.5,medium,2866.994140625,car,528.0,766.3334,-30.333399999999983,True,,False
001898#10,6,CONTROL,MATCHED@0.5,medium,2520.00537109375,car,495.0003,768.0001,-32.000099999999975,True,,False
001898#11,6,CONTROL,MATCHED@0.5,medium,2561.994873046875,car,608.6669,768.6668,-32.66679999999997,True,10.0,False
001898#12,6,CONTROL,MATCHED@0.5,medium,3443.994873046875,car,348.3327,772.9998,-36.99980000000005,True,,False
001898#13,6,CONTROL,MATCHED@0.5,medium,5445.0,car,427.0003,769.3336,-33.33360000000005,True,,False
001898#14,6,CONTROL,MATCHED@0.5,medium,2714.005615234375,car,460.6669,768.0001,-32.000099999999975,True,180.0,False
001970#1,8,CONTROL,MATCHED@0.5,large,14880.005859375,light,182.3334,432.3333,182.3334,False,10.0,False
001970#3,8,CONTROL,MATCHED@0.5,large,15520.0546875,light,950.0006,356.0003,356.0003,False,0.0,True
001970#7,8,CONTROL,MATCHED@0.5,large,72239.90625,seat,456.3328,431.6666,304.3334,False,70.0,False
001970#8,6,CONTROL,MATCHED@0.5,medium,8414.9951171875,light,185.6666,811.6667,-75.66669999999999,True,,False
001970#9,6,CONTROL,MATCHED@0.5,medium,2627.002197265625,car,494.3335,806.9997,-70.99969999999996,True,,False
001970#10,6,CONTROL,MATCHED@0.5,medium,4611.0,car,801.3338,795.0002,-59.00019999999995,True,,False
002048#2,8,CONTROL,MATCHED@0.5,large,11628.0048828125,light,479.0003,294.0,294.0,False,30.0,False
002048#3,8,CONTROL,MATCHED@0.5,medium,7938.0029296875,light,502.0007,364.3336,364.3336,False,100.0,False
002048#4,8,CONTROL,MATCHED@0.5,medium,6150.00439453125,light,960.3328,355.3336,351.6672,False,,False
002048#7,8,CONTROL,MATCHED@0.5,large,85408.2109375,seat,1028.9998,293.0,283.00019999999995,False,,False
002048#8,6,CONTROL,MATCHED@0.5,medium,3927.005859375,light,246.0006,748.3334,-12.333399999999983,True,,False
002048#9,6,CONTROL,MATCHED@0.5,medium,1922.001953125,car,813.3337,735.9998,0.0001999999999497959,True,,False
002048#10,6,CONTROL,MATCHED@0.5,medium,4324.0,car,848.0,734.6663,1.3337000000000216,True,,False
002097#3,8,CONTROL,MATCHED@0.5,large,10615.0146484375,light,507.0003,365.3337,365.3337,False,70.0,False
002097#4,8,CONTROL,MATCHED@0.5,medium,6762.0,light,961.3338,357.6664,350.6662,False,180.0,False
002097#7,6,CONTROL,MATCHED@0.5,large,743483.5625,person,247.0003,748.3334,-12.333399999999983,True,,False
002097#8,6,CONTROL,MATCHED@0.5,medium,2183.002197265625,car,813.6665,735.333,0.66700000000003,True,,False
002097#9,6,CONTROL,MATCHED@0.5,medium,2754.0,car,851.3331,735.333,0.66700000000003,True,,False
002097#10,8,CONTROL,MATCHED@0.5,medium,3528.0,car,1023.6671,289.6667,288.3329,False,,False
002102#0,8,CONTROL,,,,,496.9997,330.6667,330.6667,False,0.0,True
002102#1,2,CONTROL,MATCHED@0.5,medium,6277.9921875,light,273.9994,611.6666,124.33339999999998,False,,False
002102#2,2,CONTROL,MATCHED@0.5,medium,7138.01025390625,animal,322.3335,601.6665,134.33349999999996,False,,False
002102#3,2,CONTROL,MATCHED@0.5,medium,6788.99169921875,animal,357.6665,608.0004,127.99959999999999,False,,False
002102#4,2,CONTROL,MATCHED@0.5,medium,5544.0087890625,animal,491.0003,594.6666,141.33339999999998,False,,False
002102#5,2,CONTROL,MATCHED@0.5,medium,6000.0,animal,532.9997,598.3336,137.66639999999995,False,,False
002102#6,2,CONTROL,MATCHED@0.5,medium,5024.99609375,animal,610.0006,593.9999,142.00009999999997,False,,False
002102#7,2,CONTROL,MATCHED@0.5,medium,5576.0,animal,667.6672,592.6664,143.33360000000005,False,,False
002102#8,2,CONTROL,MATCHED@0.5,medium,6150.0,animal,768.9998,594.3333,141.6667,False,,False
002156#0,2,CONTROL,,,,,544.6669,694.0,42.0,True,,False
002156#1,2,CONTROL,MATCHED@0.5,medium,4136.01171875,animal,576.6669,679.0002,56.99980000000005,True,,False
002156#2,2,CONTROL,MATCHED@0.5,medium,3294.0,animal,765.6667,706.0002,29.99980000000005,True,,False
002156#3,2,CONTROL,MATCHED@0.5,medium,4284.0,animal,790.0006,707.667,28.33299999999997,True,80.0,False
002156#4,2,CONTROL,MATCHED@0.5,medium,6464.0,animal,814.6662,707.9996,28.000400000000013,True,90.0,False
002156#7,2,CONTROL,MATCHED@0.5,large,9592.0,animal,1140.3328,710.6666,25.333399999999983,True,30.0,False
002156#8,2,CONTROL,MATCHED@0.5,medium,5796.0,animal,1184.3327,723.6668,12.333200000000033,True,110.0,False
002156#9,2,CONTROL,MATCHED@0.5,medium,2993.0,animal,1213.3337,722.3335,13.666500000000042,True,,False
002207#0,9,CONTROL,,,,,275.3331,453.0001,275.3331,False,0.0,True
002207#1,2,CONTROL,MATCHED@0.5,medium,1050.0,garbage_can,574.6663,542.0001,193.99990000000003,False,150.0,False
002235#3,0,CONTROL,MATCHED@0.5,large,25432.01171875,animal,638.6663,316.0,316.0,False,,False
002235#5,0,CONTROL,F1_nms_disappearance,small,759.9993286132812,person,1038.0007,316.0,273.99929999999995,False,,False
002235#6,0,MISSED_NON86,MATCHED@0.5,medium,6271.998046875,person,1045.3337,299.3334,266.6663000000001,False,10.0,False
002235#7,9,CONTROL,F1_nms_disappearance,medium,1932.000732421875,person,982.3335,302.3333,302.3333,False,0.0,True
002235#10,8,CONTROL,MATCHED@0.5,small,783.9991455078125,light,1216.0,357.9998,96.0,False,0.0,True
002265#3,0,CONTROL,MATCHED@0.5,large,9857.994140625,animal,922.6662,447.333,288.667,False,70.0,False
002265#4,0,CONTROL,MATCHED@0.5,medium,1631.9990234375,person,1058.6662,452.6668,253.3338000000001,False,0.0,True
002276#0,2,CONTROL,,,,,252.6669,428.6663,252.6669,False,,False
002276#1,2,CONTROL,MATCHED@0.5,medium,5180.00439453125,animal,435.3331,416.0001,319.9999,False,40.0,False
002276#2,2,CONTROL,MATCHED@0.5,medium,2436.0,animal,457.6665,413.9999,322.0001,False,,False
002276#3,2,CONTROL,MATCHED@0.5,medium,3240.00146484375,animal,489.6666,411.6664,324.3336,False,,False
002276#6,2,CONTROL,MATCHED@0.5,large,281369.9375,animal,919.3331,383.0003,352.9997,False,,False
002331#2,2,CONTROL,MATCHED@0.5,large,26839.95703125,person,580.6669,749.0001,-13.000099999999975,True,160.0,False
002331#3,2,CONTROL,MATCHED@0.5,medium,5478.0,animal,809.3337,629.6666,106.33339999999998,False,,False
002331#4,2,CONTROL,MATCHED@0.5,medium,3850.0,animal,98.6666,915.6664,-179.66639999999995,True,,False
002331#16,4,CONTROL,MATCHED@0.5,small,681.9996337890625,sign,1020.9997,446.0003,289.9997,False,,False
002331#18,6,G86,MATCHED@0.5,small,503.99853515625,animal,571.0004,768.3335,-32.33349999999996,True,0.0,True
002334#1,4,CONTROL,MATCHED@0.5,small,714.0006103515625,sign,950.6663,413.9999,322.0001,False,,False
002334#8,2,CONTROL,F0_no_raw_candidate,small,503.99853515625,animal,443.6672,794.0001,-58.000099999999975,True,230.0,False
002334#9,2,CONTROL,MATCHED@0.5,medium,6958.01171875,animal,651.0003,658.6667,77.33330000000001,False,,False
002338#0,0,CONTROL,,,,,345.9994,317.0,317.0,False,70.0,False
002338#1,0,CONTROL,MATCHED@0.5,medium,6882.025390625,person,497.6665,318.6667,318.6667,False,30.0,False
002338#4,2,CONTROL,MATCHED@0.5,small,999.9949951171875,animal,545.3337,675.6667,60.33330000000001,True,30.0,False
002338#5,2,CONTROL,MATCHED@0.5,medium,8805.99609375,animal,682.3335,513.3332,222.66679999999997,False,,False
002357#0,2,CONTROL,,,,,368.3327,790.6665,-54.66650000000004,True,,False
002357#1,2,CONTROL,MATCHED@0.5,medium,2862.006591796875,animal,616.0,503.6666,232.33339999999998,False,,False
002357#2,2,CONTROL,MATCHED@0.5,medium,4499.99609375,animal,676.9997,517.3336,218.66639999999995,False,20.0,False
002357#3,2,G86,MATCHED@0.5,medium,8100.0,animal,271.3331,372.0002,271.3331,False,0.0,True
002359#0,2,MISSED_NON86,,,,,446.3334,466.3331,269.6669,False,0.0,True
002359#1,2,CONTROL,F0_no_raw_candidate,medium,2606.998046875,animal,678.3334,554.0003,181.99969999999996,False,,False
002359#2,2,CONTROL,MATCHED@0.5,medium,4589.99658203125,animal,856.6669,556.3331,179.66690000000006,False,,False
002359#3,2,CONTROL,MATCHED@0.5,medium,4466.0,animal,560.9997,839.0001,-103.00009999999997,True,,False
002378#0,2,CONTROL,,,,,455.3331,384.6664,351.3336,False,,False
002378#1,2,CONTROL,MATCHED@0.5,medium,4032.00439453125,animal,1107.6672,291.0,204.3327999999999,False,,False
002378#3,2,CONTROL,MATCHED@0.5,small,1014.0,animal,1233.3337,689.0003,46.99969999999996,True,140.0,False
002378#5,2,CONTROL,MATCHED@0.5,large,11655.025390625,animal,698.6662,822.6669,-86.66690000000006,True,,False
002378#6,2,CONTROL,MATCHED@0.5,medium,7844.00634765625,animal,904.0,496.3334,239.66660000000002,False,,False
002380#2,2,CONTROL,MATCHED@0.5,large,10864.021484375,animal,524.3328,939.6669,-203.66690000000006,True,110.0,False
002380#3,2,CONTROL,MATCHED@0.5,medium,7725.00439453125,animal,1048.0,795.6669,-59.666900000000055,True,,False
002380#4,2,CONTROL,MATCHED@0.5,medium,6468.0,animal,1131.6673,758.3334,-22.333399999999983,True,,False
002380#5,2,CONTROL,MATCHED@0.5,medium,1961.0,animal,1214.3335,682.3331,53.666900000000055,True,,False
002380#6,2,CONTROL,MATCHED@0.5,medium,1189.0,animal,1237.3338,851.3337,-115.33370000000002,True,,False
002380#7,2,CONTROL,MATCHED@0.5,medium,4836.0,animal,1236.3328,653.9997,75.6672000000001,False,,False
002380#8,2,CONTROL,MATCHED@0.5,medium,1480.0,animal,953.6665,592.9999,143.00009999999997,False,,False
002380#9,2,CONTROL,MATCHED@0.5,medium,1287.0,animal,742.6662,603.3333,132.6667,False,,False
002413#0,0,CONTROL,,,,,249.3338,424.0,249.3338,False,0.0,True
002517#1,4,G86,F0_no_raw_candidate,large,15616.978515625,sign,229.6666,970.6664,-234.66639999999995,True,0.0,True
002517#2,4,G86,F0_no_raw_candidate,medium,5720.00537109375,sign,280.0,986.9997,-250.99969999999996,True,0.0,True
002517#4,4,MISSED_NON86,F0_no_raw_candidate,small,624.9969482421875,sign,408.6669,984.3335,-248.33349999999996,True,0.0,True
002517#5,4,MISSED_NON86,F0_no_raw_candidate,medium,2443.994140625,sign,406.6662,960.6664,-224.66639999999995,True,0.0,True
002584#4,8,G86,F3_survives_official_fail,small,175.99966430664062,person,816.0,395.9999,340.0001,False,0.0,True
002584#6,8,G86,F0_no_raw_candidate,small,959.9993896484375,light,793.6665,393.6664,342.3336,False,0.0,True
002625#6,0,MISSED_NON86,MATCHED@0.5,large,38860.09375,person,214.3334,578.3334,157.66660000000002,False,120.0,False
002625#8,0,MISSED_NON86,MATCHED@0.5,large,18204.02734375,person,263.3331,574.6665,161.33349999999996,False,70.0,False
002625#10,0,CONTROL,MATCHED@0.5,large,29467.94140625,person,325.6666,571.0003,164.99969999999996,False,,False
002625#13,0,CONTROL,F0_no_raw_candidate,small,840.0,person,377.3338,576.3332,159.66679999999997,False,210.0,False
002625#14,0,CONTROL,MATCHED@0.5,medium,2345.99169921875,person,402.3335,622.3334,113.66660000000002,False,0.0,True
002625#18,0,CONTROL,MATCHED@0.5,large,22514.982421875,person,540.6669,600.6664,135.33360000000005,False,,False
002625#19,0,CONTROL,MATCHED@0.5,medium,3328.0126953125,person,554.6663,581.0003,154.99969999999996,False,,False
002625#20,0,CONTROL,MATCHED@0.5,medium,1430.0067138671875,person,576.0,621.3333,114.66669999999999,False,,False
002625#21,0,CONTROL,MATCHED@0.5,medium,7968.01611328125,person,605.6666,629.6666,106.33339999999998,False,70.0,False
002625#22,0,CONTROL,MATCHED@0.5,medium,8525.0078125,person,622.6662,599.6663,136.33370000000002,False,,False
002625#23,0,CONTROL,MATCHED@0.5,medium,4119.98974609375,person,661.6666,607.0002,128.99980000000005,False,,False
002625#24,0,CONTROL,MATCHED@0.5,medium,4171.0,person,692.3328,620.6666,115.33339999999998,False,0.0,True
002625#25,0,CONTROL,MATCHED@0.5,medium,7543.99609375,person,718.6662,578.6668,157.33320000000003,False,180.0,False
002625#26,0,CONTROL,MATCHED@0.5,medium,1288.0,person,744.3328,607.3336,128.66639999999995,False,,False
002625#27,0,MISSED_NON86,MATCHED@0.5,medium,5490.0029296875,person,747.3331,596.0001,139.99990000000003,False,160.0,False
002625#28,0,CONTROL,F1_nms_disappearance,medium,2496.0,person,778.3334,606.0001,129.99990000000003,False,,False
002625#29,0,CONTROL,MATCHED@0.5,medium,4588.0078125,person,810.6663,618.333,117.66700000000003,False,70.0,False
002625#30,0,CONTROL,MATCHED@0.5,medium,6291.9814453125,person,839.6672,600.6664,135.33360000000005,False,,False
002625#31,0,CONTROL,MATCHED@0.5,medium,3100.0,person,1075.0002,619.3331,116.66690000000006,False,80.0,False
002625#32,0,CONTROL,MATCHED@0.5,medium,3936.0,person,1121.6665,610.6664,125.33360000000005,False,,False
002625#33,0,CONTROL,MATCHED@0.5,medium,5069.9833984375,person,1197.3338,581.9997,114.66619999999989,False,,False
002627#5,0,MISSED_NON86,MATCHED@0.5,large,22932.01953125,person,166.3334,568.6667,166.3334,False,230.0,False
002627#7,0,MISSED_NON86,MATCHED@0.5,large,36413.9765625,person,240.0,581.0003,154.99969999999996,False,180.0,False
002627#11,5,G86,MATCHED@0.5,large,23140.052734375,person,430.3334,618.6664,117.33360000000005,False,0.0,True
002627#12,0,CONTROL,F0_no_raw_candidate,medium,8352.0029296875,bicycle,481.6666,574.9999,161.00009999999997,False,80.0,False
002627#15,0,CONTROL,MATCHED@0.5,large,12600.0068359375,person,632.0,594.3333,141.6667,False,170.0,False
002627#17,0,CONTROL,MATCHED@0.5,large,20745.9765625,person,708.0,585.3333,150.6667,False,180.0,False
002627#18,0,CONTROL,MATCHED@0.5,medium,7072.0029296875,person,842.6662,615.3335,120.66650000000004,False,0.0,True
002627#19,0,CONTROL,MATCHED@0.5,medium,8064.02197265625,person,854.6663,562.3336,173.66639999999995,False,,False
002627#22,0,CONTROL,MATCHED@0.5,large,15662.0146484375,person,987.6672,600.9998,135.00019999999995,False,0.0,True
002627#23,0,CONTROL,MATCHED@0.5,medium,8108.9873046875,person,1014.6663,602.9999,133.00009999999997,False,,False
002627#26,0,CONTROL,MATCHED@0.5,large,12213.01953125,person,1111.333,601.3331,134.66690000000006,False,190.0,False
002627#27,0,CONTROL,MATCHED@0.5,medium,8528.005859375,person,1146.6663,590.9996,145.0004,False,80.0,False
002627#28,0,CONTROL,MATCHED@0.5,medium,8758.0107421875,person,1172.3328,587.0001,139.6672000000001,False,,False
002627#30,0,CONTROL,MATCHED@0.5,large,10544.982421875,person,1226.6663,572.9997,85.33369999999991,False,,False
002627#31,0,CONTROL,MATCHED@0.5,medium,4662.01025390625,person,1252.0,575.6666,60.0,True,140.0,False
002627#32,0,MISSED_NON86,MATCHED@0.5,medium,5640.01953125,person,1268.6668,588.0001,43.33320000000003,True,,False
002671#7,0,CONTROL,MATCHED@0.5,large,9912.017578125,person,402.0007,682.6665,53.33349999999996,True,140.0,False
002671#9,0,CONTROL,MATCHED@0.5,large,17761.98828125,person,485.6666,681.333,54.66700000000003,True,,False
002671#11,0,CONTROL,MATCHED@0.5,large,14971.9482421875,person,528.6669,688.3336,47.66639999999995,True,100.0,False
002671#12,0,CONTROL,MATCHED@0.5,medium,4349.99267578125,person,559.3331,689.6663,46.33370000000002,True,,False
002671#13,0,CONTROL,MATCHED@0.5,medium,7450.01806640625,person,602.3335,686.6668,49.33320000000003,True,,False
002671#14,0,CONTROL,MATCHED@0.5,medium,4554.0078125,person,587.6672,675.6667,60.33330000000001,True,,False
002671#15,0,CONTROL,MATCHED@0.5,medium,2424.98828125,person,618.3334,677.6668,58.33320000000003,True,,False
002671#16,0,CONTROL,MATCHED@0.5,medium,3333.0,person,633.3338,675.6667,60.33330000000001,True,,False
002671#17,0,CONTROL,MATCHED@0.5,medium,2366.01123046875,person,668.9998,689.0003,46.99969999999996,True,,False
002671#18,0,CONTROL,MATCHED@0.5,medium,4953.01904296875,person,692.0,684.3333,51.66669999999999,True,,False
002671#19,0,CONTROL,MATCHED@0.5,medium,2904.0,person,726.3335,688.3336,47.66639999999995,True,,False
002671#20,0,CONTROL,MATCHED@0.5,medium,5781.02001953125,person,775.0003,673.3331,62.666900000000055,True,,False
002671#21,0,CONTROL,MATCHED@0.5,medium,4592.01513671875,person,790.0006,680.3337,55.66629999999998,True,,False
002671#22,0,CONTROL,MATCHED@0.5,medium,3030.0,person,855.0003,681.6664,54.33360000000005,True,,False
002671#23,0,CONTROL,MATCHED@0.5,medium,2781.0,person,941.9994,673.6665,62.33349999999996,True,,False
002671#24,0,CONTROL,MATCHED@0.5,medium,4708.0,person,1218.0007,683.9999,52.000099999999975,True,180.0,False
002677#0,0,CONTROL,,,,,15.6667,746.6666,-10.666600000000017,True,,False
002677#1,0,CONTROL,MATCHED@0.5,medium,6767.99169921875,person,65.0001,735.6664,0.33360000000004675,True,,False
002677#16,4,CONTROL,MATCHED@0.5,large,22580.95703125,bicycle,320.3328,661.0002,74.99980000000005,False,,False
002677#17,4,CONTROL,MATCHED@0.5,medium,1443.0,sign,712.9996,552.3335,183.66650000000004,False,,False
002677#18,9,CONTROL,MATCHED@0.5,medium,2418.99755859375,sign,493.6666,727.6665,8.333499999999958,True,0.0,True
002707#11,4,CONTROL,MATCHED@0.5,large,90945.03125,light,352.9997,646.3332,89.66679999999997,False,,False
002707#12,4,CONTROL,MATCHED@0.5,medium,2584.99560546875,sign,740.9996,524.6668,211.33320000000003,False,,False
002707#13,9,CONTROL,MATCHED@0.5,medium,2632.0029296875,sign,530.0007,704.0001,31.999900000000025,True,0.0,True
002750#1,4,CONTROL,MATCHED@0.5,large,11990.01953125,garbage_can,836.0,487.6667,248.3333,False,,False
002750#4,8,CONTROL,MATCHED@0.5,large,12179.9794921875,light,70.6666,533.3334,70.6666,True,0.0,True
002750#12,0,CONTROL,MATCHED@0.5,small,519.9992065429688,person,82.0,579.6669,82.0,False,,False
002750#13,0,CONTROL,MATCHED@0.5,medium,1165.996826171875,person,94.6666,580.3336,94.6666,False,,False
002750#14,0,CONTROL,MATCHED@0.5,medium,1482.00341796875,person,121.6667,582.333,121.6667,False,,False
002750#16,0,CONTROL,MATCHED@0.5,small,765.0,person,156.3328,579.0001,156.3328,False,,False
002750#18,0,CONTROL,MATCHED@0.5,small,1020.0031127929688,person,184.3328,573.9997,162.00030000000004,False,,False
002750#19,0,CONTROL,MATCHED@0.5,medium,1682.0035400390625,person,257.3337,571.0003,164.99969999999996,False,,False
002750#20,0,CONTROL,MATCHED@0.5,medium,2610.001953125,person,275.3331,565.9999,170.00009999999997,False,,False
002750#21,0,CONTROL,MATCHED@0.5,medium,2651.9951171875,person,303.0003,572.6663,163.33370000000002,False,,False
002750#22,0,CONTROL,MATCHED@0.5,medium,2700.0,person,391.6672,569.3334,166.66660000000002,False,,False
002750#23,0,CONTROL,MATCHED@0.5,medium,5193.98388671875,person,428.6669,570.6669,165.33309999999994,False,,False
002750#25,0,CONTROL,MATCHED@0.5,small,972.0,person,484.0,569.0001,166.99990000000003,False,140.0,False
002762#1,8,CONTROL,MATCHED@0.5,large,9539.9892578125,person,19.3334,975.0002,-239.00019999999995,True,,False
002839#1,0,CONTROL,MATCHED@0.5,large,30888.02734375,person,143.3331,660.0002,75.99980000000005,False,,False
002839#2,0,CONTROL,MATCHED@0.5,medium,1919.9970703125,person,172.3328,658.3334,77.66660000000002,False,,False
002839#3,0,MISSED_NON86,MATCHED@0.5,medium,2596.996826171875,person,918.0006,554.3337,181.66629999999998,False,,False
002839#4,0,G86,F1_nms_disappearance,medium,5328.01171875,person,452.3328,611.9999,124.00009999999997,False,0.0,True
002842#3,0,G86,MATCHED@0.5,large,101905.875,seat,611.0003,425.6668,310.3332,False,30.0,False
002842#4,0,G86,F0_no_raw_candidate,medium,2911.00732421875,person,547.3331,404.9999,331.0001,False,0.0,True
002844#1,0,CONTROL,MATCHED@0.5,large,130383.5,person,762.6662,458.6666,277.3334,False,140.0,False
002844#2,0,MISSED_NON86,MATCHED@0.5,medium,4511.9970703125,person,654.0006,431.9999,304.0001,False,130.0,False
002844#3,0,CONTROL,F0_no_raw_candidate,medium,2219.99951171875,person,705.9994,443.6668,292.3332,False,20.0,False
002935#0,0,CONTROL,,,,,1048.0,522.3333,213.6667,False,0.0,True
002935#1,0,CONTROL,MATCHED@0.5,medium,1579.998779296875,person,1058.6662,518.0004,217.9996,False,0.0,True
002955#0,9,G86,,,,,770.555,967.3769,-231.37689999999998,True,0.0,True
002955#1,9,G86,F0_no_raw_candidate,medium,7558.27734375,garbage_can,296.0678,984.4905,-248.4905,True,0.0,True
002955#4,5,MISSED_NON86,F0_no_raw_candidate,small,593.4922485351562,car,194.7251,921.322,-185.322,True,170.0,False
002955#5,5,CONTROL,F3_survives_official_fail,medium,3438.839599609375,bicycle,98.0634,918.3772,-182.37720000000002,True,,False
002955#6,0,CONTROL,MATCHED@0.5,medium,2549.83642578125,bicycle,13.6038,915.8997,-179.89970000000005,True,,False
002955#7,0,MISSED_NON86,MATCHED@0.5,medium,4307.74853515625,person,800.695,943.5319,-207.53189999999995,True,80.0,False
002955#8,0,MISSED_NON86,F1_nms_disappearance,medium,7273.02978515625,person,781.4054,952.629,-216.62900000000002,True,10.0,False
002955#9,0,CONTROL,F1_nms_disappearance,medium,6514.1943359375,person,141.5411,905.7297,-169.72969999999998,True,190.0,False
002955#10,0,CONTROL,MATCHED@0.5,medium,1027.7171630859375,person,846.4243,926.8559,-190.85590000000002,True,180.0,False
002955#11,0,CONTROL,MATCHED@0.5,medium,4537.705078125,person,848.5799,967.0708,-231.07079999999996,True,120.0,False
002955#12,0,CONTROL,MATCHED@0.5,medium,5115.216796875,person,321.3555,932.256,-196.25599999999997,True,70.0,False
002955#13,0,CONTROL,MATCHED@0.5,medium,6767.5478515625,person,390.1107,946.0454,-210.04539999999997,True,170.0,False
002955#14,0,CONTROL,MATCHED@0.5,medium,7645.92333984375,person,535.5814,948.6734,-212.67340000000002,True,10.0,False
002955#16,0,CONTROL,MATCHED@0.5,large,9346.5185546875,person,907.7721,925.7918,-189.79179999999997,True,,False
002955#17,0,CONTROL,MATCHED@0.5,medium,5538.6728515625,person,59.9475,951.9228,-215.92280000000005,True,30.0,False
002955#20,5,CONTROL,F0_no_raw_candidate,small,648.9903564453125,bicycle,269.0317,920.1412,-184.14120000000003,True,150.0,False
002955#23,5,MISSED_NON86,F0_no_raw_candidate,small,121.08162689208984,car,41.6819,913.6446,-177.64459999999997,True,10.0,False
002955#24,5,MISSED_NON86,F0_no_raw_candidate,medium,2873.384765625,bicycle,164.2048,920.7676,-184.76760000000002,True,150.0,False
002987#0,0,MISSED_NON86,,,,,575.0003,319.3333,319.3333,False,10.0,False
002987#1,0,MISSED_NON86,F0_no_raw_candidate,medium,1836.0008544921875,person,867.6672,325.6667,325.6667,False,60.0,False
002987#2,0,CONTROL,F0_no_raw_candidate,medium,1449.0003662109375,person,534.0006,310.6667,310.6667,False,,False
002987#3,0,G86,MATCHED@0.5,medium,2496.009033203125,person,1011.3331,318.0,300.66690000000006,False,120.0,False
002987#4,0,CONTROL,F0_no_raw_candidate,medium,1611.999755859375,person,479.0003,308.0,308.0,False,,False
002987#6,0,CONTROL,MATCHED@0.5,large,13300.00390625,person,216.0,322.3333,216.0,False,70.0,False
002987#7,0,CONTROL,MATCHED@0.5,medium,6350.029296875,person,245.6666,325.0,245.6666,False,70.0,False
002987#8,5,CONTROL,MATCHED@0.5,medium,8234.9921875,person,319.6672,302.0,302.0,False,10.0,False
002987#9,5,CONTROL,MATCHED@0.5,medium,3102.00341796875,bicycle,287.6672,293.6667,287.6672,False,10.0,False
002987#10,9,MISSED_NON86,MATCHED@0.5,medium,1754.9996337890625,bicycle,349.6666,310.0,310.0,False,0.0,True
002987#11,0,CONTROL,F0_no_raw_candidate,medium,1799.9981689453125,garbage_can,392.0,304.0,304.0,False,140.0,False
002987#12,0,G86,MATCHED@0.5,medium,1664.009033203125,person,704.0,314.3333,314.3333,False,60.0,False
002987#13,5,CONTROL,F0_no_raw_candidate,medium,1121.9993896484375,person,681.6666,319.3333,319.3333,False,,False
002987#14,5,G86,MATCHED@0.5,medium,3760.00146484375,bicycle,763.6672,325.0,325.0,False,170.0,False
002987#15,5,G86,F0_no_raw_candidate,medium,2337.0009765625,bicycle,795.3331,327.0,327.0,False,60.0,False
003007#6,0,G86,MATCHED@0.5,large,10584.0,person,935.0003,739.6667,-3.6666999999999916,True,70.0,False
003007#8,0,MISSED_NON86,F0_no_raw_candidate,small,646.0,person,982.6662,690.333,45.66700000000003,True,100.0,False
003007#9,0,CONTROL,F1_nms_disappearance,medium,4590.0,person,450.6663,679.0002,56.99980000000005,True,20.0,False
003013#6,4,MISSED_NON86,MATCHED@0.5,large,20065.986328125,person,1105.6665,508.6669,206.33349999999996,False,40.0,False
003017#4,0,CONTROL,MATCHED@0.5,large,120743.90625,person,788.3328,677.6668,58.33320000000003,True,,False
003026#4,6,MISSED_NON86,MATCHED@0.5,large,777238.1875,person,479.3331,539.6666,196.33339999999998,False,10.0,False
003056#1,0,G86,MATCHED@0.5,large,343727.90625,person,30.0,441.3333,30.0,True,0.0,True
003056#2,0,CONTROL,F0_no_raw_candidate,medium,2048.0048828125,person,214.6662,410.0003,214.6662,False,,False
003056#3,0,G86,MATCHED@0.5,medium,1824.001708984375,person,260.6669,404.9999,260.6669,False,110.0,False
003056#4,0,CONTROL,F0_no_raw_candidate,medium,1862.004150390625,person,598.6663,375.6664,360.3336,False,,False
003056#7,5,CONTROL,F0_no_raw_candidate,small,285.00030517578125,person,172.0,423.3332,172.0,False,0.0,True
003056#8,5,G86,MATCHED@0.5,medium,4679.998046875,bicycle,300.0,421.3331,300.0,False,10.0,False
003056#9,5,MISSED_NON86,F0_no_raw_candidate,medium,1392.0,bicycle,432.6669,403.9998,332.0002,False,20.0,False
003056#10,5,MISSED_NON86,F1_nms_disappearance,medium,3808.010009765625,bicycle,588.9996,395.3332,340.6668,False,40.0,False
003056#11,3,MISSED_NON86,F1_nms_disappearance,medium,1696.0023193359375,bicycle,248.3328,434.3334,248.3328,False,0.0,True
003148#0,2,G86,,,,,153.9994,741.3335,-5.333499999999958,True,10.0,False
003148#2,2,CONTROL,MATCHED@0.5,large,28728.083984375,animal,104.3333,747.0,-11.0,True,240.0,False
003148#3,2,CONTROL,MATCHED@0.5,medium,6771.00830078125,animal,258.6663,737.3332,-1.3332000000000335,True,,False
003148#6,2,CONTROL,MATCHED@0.5,large,13885.953125,animal,385.6666,718.6665,17.333499999999958,True,,False
003148#7,0,G86,MATCHED@0.5,medium,4830.0,animal,908.3328,661.0002,74.99980000000005,False,0.0,True
003148#8,0,G86,F0_no_raw_candidate,medium,1219.0,person,946.3335,656.9999,79.00009999999997,False,0.0,True
003160#0,2,CONTROL,,,,,620.6669,552.3335,183.66650000000004,False,10.0,False
003160#1,2,CONTROL,MATCHED@0.5,medium,3842.000732421875,animal,668.0,557.3333,178.6667,False,,False
003160#2,2,MISSED_NON86,MATCHED@0.5,medium,2939.998046875,animal,51.6667,563.9996,51.6667,True,0.0,True
003160#3,2,MISSED_NON86,F1_nms_disappearance,medium,4136.00537109375,animal,65.0001,540.6666,65.0001,True,40.0,False
003160#4,2,MISSED_NON86,F1_nms_disappearance,medium,2964.00244140625,animal,46.6666,544.3336,46.6666,True,20.0,False
003160#5,2,CONTROL,F1_nms_disappearance,medium,3658.003662109375,animal,703.6672,564.6664,171.33360000000005,False,50.0,False
003160#7,2,MISSED_NON86,MATCHED@0.5,large,12879.9453125,animal,745.6666,528.6664,207.33360000000005,False,80.0,False
003160#8,2,CONTROL,F1_nms_disappearance,medium,4270.0,animal,792.0,566.6666,169.33339999999998,False,30.0,False
003160#9,2,CONTROL,MATCHED@0.5,medium,8639.978515625,animal,824.0,528.3331,207.66690000000006,False,,False
003160#11,2,CONTROL,MATCHED@0.5,large,12416.046875,animal,864.9997,579.6669,156.33309999999994,False,60.0,False
003160#13,2,CONTROL,F1_nms_disappearance,large,14592.0185546875,animal,916.0,592.6665,143.33349999999996,False,,False
003160#14,2,CONTROL,MATCHED@0.5,medium,4176.00341796875,animal,864.6669,534.3335,201.66650000000004,False,,False
003160#15,2,CONTROL,MATCHED@0.5,medium,1482.0,animal,900.9997,538.3331,197.66690000000006,False,,False
003160#17,2,CONTROL,MATCHED@0.5,large,13196.9794921875,animal,1005.6667,618.6664,117.33360000000005,False,,False
003160#18,2,CONTROL,MATCHED@0.5,medium,4987.9814453125,animal,971.0003,553.3336,182.66639999999995,False,110.0,False
003160#19,2,CONTROL,MATCHED@0.5,medium,8341.994140625,animal,730.6663,450.3333,285.6667,False,,False
003160#20,2,CONTROL,MATCHED@0.5,medium,2419.998046875,animal,763.0003,447.9998,288.0002,False,,False
003160#21,4,MISSED_NON86,MATCHED@0.5,medium,2150.000732421875,animal,105.3334,649.3333,86.66669999999999,False,150.0,False
003198#1,2,CONTROL,MATCHED@0.5,large,19655.970703125,animal,606.3334,409.0002,326.9998,False,,False
003198#4,2,CONTROL,MATCHED@0.5,large,11468.0029296875,animal,965.6666,510.333,225.66699999999997,False,,False
003257#5,0,MISSED_NON86,F0_no_raw_candidate,large,10029.9765625,seat,1064.3327,316.0,247.66730000000007,False,120.0,False
003262#0,1,CONTROL,,,,,113.0001,666.3333,69.66669999999999,True,0.0,True
003262#1,1,CONTROL,MATCHED@0.5,medium,3375.0,boat,147.6672,662.3329,73.6671,False,0.0,True
003262#4,2,CONTROL,F0_no_raw_candidate,small,864.0018310546875,animal,764.3327,648.3333,87.66669999999999,False,,False
003262#14,2,CONTROL,MATCHED@0.5,small,648.0,animal,1028.3327,601.9999,134.00009999999997,False,,False
003262#16,0,MISSED_NON86,MATCHED@0.5,small,720.0,person,827.3331,581.6663,154.33370000000002,False,,False
003262#17,0,CONTROL,F1_nms_disappearance,medium,1056.001953125,person,863.6672,626.6663,109.33370000000002,False,90.0,False
003262#21,2,MISSED_NON86,MATCHED@0.5,small,342.0,animal,913.6665,609.3331,126.66690000000006,False,0.0,True
003262#23,0,CONTROL,F1_nms_disappearance,small,373.9986572265625,animal,883.3331,616.3336,119.66639999999995,False,,False
003262#24,0,CONTROL,MATCHED@0.5,medium,2241.99755859375,person,950.3334,622.3334,113.66660000000002,False,90.0,False
003262#28,3,MISSED_NON86,F3_survives_official_fail,small,784.0,animal,1225.9993,645.6664,86.00070000000005,False,0.0,True
003262#29,3,CONTROL,F1_nms_disappearance,medium,5390.0,seat,852.9996,636.9997,99.00030000000004,False,0.0,True
003262#30,3,CONTROL,MATCHED@0.5,medium,1113.0,seat,941.9994,642.6669,93.33309999999994,False,0.0,True
003273#1,0,CONTROL,MATCHED@0.5,large,118720.96875,boat,299.6672,648.0,88.0,False,40.0,False
003273#3,0,CONTROL,MATCHED@0.5,small,985.997314453125,person,416.0,652.3336,83.66639999999995,False,,False
003273#4,0,CONTROL,MATCHED@0.5,medium,7410.00244140625,person,462.3335,641.3335,94.66650000000004,False,,False
003273#5,2,CONTROL,MATCHED@0.5,medium,5001.990234375,person,59.3334,647.9999,59.3334,True,,False
003273#6,2,CONTROL,MATCHED@0.5,medium,1120.001220703125,animal,140.3328,793.3334,-57.33339999999998,True,10.0,False
003273#8,2,CONTROL,MATCHED@0.5,large,9680.0078125,animal,507.0003,737.6665,-1.6665000000000418,True,,False
003273#9,2,CONTROL,MATCHED@0.5,medium,3939.0,animal,597.3338,724.667,11.33299999999997,True,190.0,False
003273#10,2,CONTROL,MATCHED@0.5,medium,2160.0,animal,602.0007,746.3332,-10.333200000000033,True,,False
003273#11,2,CONTROL,MATCHED@0.5,medium,4802.0,animal,566.3334,636.9997,99.00030000000004,False,150.0,False
003273#13,2,CONTROL,MATCHED@0.5,small,513.0,animal,1211.6673,674.9998,61.00019999999995,True,,False
003288#0,2,CONTROL,,,,,448.9997,758.3334,-22.333399999999983,True,20.0,False
003288#3,2,CONTROL,MATCHED@0.5,large,15200.0,animal,145.3338,690.333,45.66700000000003,True,,False
003288#4,2,CONTROL,MATCHED@0.5,medium,4129.99658203125,animal,106.0,699.6664,36.33360000000005,True,140.0,False
003288#5,2,MISSED_NON86,MATCHED@0.5,medium,3007.9970703125,animal,98.0,670.3336,65.66639999999995,True,70.0,False
003288#6,2,CONTROL,F0_no_raw_candidate,medium,1892.002685546875,animal,491.3331,576.3333,159.6667,False,,False
003288#7,2,CONTROL,MATCHED@0.5,medium,2050.008056640625,animal,527.3331,577.6667,158.3333,False,,False
003288#8,2,CONTROL,MATCHED@0.5,medium,1701.998291015625,animal,547.3331,584.6666,151.33339999999998,False,,False
003288#9,2,CONTROL,MATCHED@0.5,medium,1563.994384765625,animal,887.3331,569.0001,166.99990000000003,False,,False
003288#10,2,CONTROL,MATCHED@0.5,medium,1890.0,animal,980.9996,556.6665,179.33349999999996,False,,False
003288#11,0,G86,MATCHED@0.5,medium,1530.0,animal,597.3338,511.6665,224.33350000000002,False,10.0,False
003288#12,0,CONTROL,F0_no_raw_candidate,medium,1170.0,person,632.0,548.3332,187.66679999999997,False,,False
003288#13,0,CONTROL,MATCHED@0.5,medium,3192.0068359375,person,672.9996,537.6664,198.33360000000005,False,,False
003288#14,3,MISSED_NON86,MATCHED@0.5,medium,3717.004150390625,person,383.0003,526.3336,209.66639999999995,False,10.0,False
003288#16,2,G86,F0_no_raw_candidate,small,756.0,seat,781.6666,482.0003,253.99970000000002,False,10.0,False
003288#18,1,CONTROL,MATCHED@0.5,small,522.0028686523438,sign,198.6662,569.0001,166.99990000000003,False,,False
003304#0,5,CONTROL,,,,,147.6672,727.3331,8.666900000000055,True,,False
003304#1,5,CONTROL,MATCHED@0.5,medium,4759.99658203125,bicycle,318.6663,731.6667,4.333300000000008,True,,False
003304#2,6,CONTROL,MATCHED@0.5,medium,3564.0048828125,bicycle,286.6663,700.3331,35.666900000000055,True,,False
003304#3,0,CONTROL,MATCHED@0.5,medium,1566.0,car,318.6663,712.6668,23.333200000000033,True,90.0,False
003304#4,0,CONTROL,MATCHED@0.5,medium,4840.01220703125,person,176.9997,696.6669,39.333099999999945,True,,False
003304#8,4,CONTROL,F0_no_raw_candidate,small,585.0,sign,1141.9993,659.6668,76.33320000000003,False,,False
003304#9,4,CONTROL,MATCHED@0.5,medium,2788.0,sign,239.0003,593.3332,142.66679999999997,False,,False
003304#11,0,CONTROL,MATCHED@0.5,small,221.0,person,384.0,711.3333,24.66669999999999,True,,False
003304#12,5,CONTROL,MATCHED@0.5,medium,4783.9873046875,person,384.0,728.9999,7.000099999999975,True,,False
003304#13,4,CONTROL,MATCHED@0.5,medium,3173.99169921875,bicycle,590.6663,577.0,159.0,False,0.0,True
003317#1,0,CONTROL,MATCHED@0.5,large,228908.21875,person,703.3331,820.0,-84.0,True,,False
003317#2,0,CONTROL,MATCHED@0.5,medium,3456.0,person,719.3331,818.6666,-82.66660000000002,True,,False
003317#3,0,CONTROL,MATCHED@0.5,medium,2800.0,person,734.0006,821.3334,-85.33339999999998,True,,False
003317#5,4,CONTROL,F0_no_raw_candidate,large,144152.03125,bicycle,196.6669,733.0003,2.9996999999999616,True,,False
003317#6,4,CONTROL,MATCHED@0.5,medium,5208.005859375,sign,305.6666,711.3332,24.666799999999967,True,,False
003317#7,4,G86,MATCHED@0.5,medium,2478.00244140625,sign,365.9994,715.3336,20.666399999999953,True,10.0,False
003317#8,4,CONTROL,F0_no_raw_candidate,medium,3360.0,sign,830.3334,707.3329,28.667100000000005,True,,False
003317#9,4,CONTROL,MATCHED@0.5,medium,4830.0,sign,884.3327,708.333,27.66700000000003,True,90.0,False
003317#12,6,CONTROL,MATCHED@0.5,large,11967.9892578125,car,616.6669,800.6666,-64.66660000000002,True,150.0,False
003317#14,6,MISSED_NON86,MATCHED@0.5,large,27824.0,car,859.6672,835.9998,-99.99980000000005,True,40.0,False
003317#15,6,MISSED_NON86,F1_nms_disappearance,medium,5406.0,car,883.6672,831.0001,-95.00009999999997,True,10.0,False
003317#16,6,CONTROL,F3_survives_official_fail,medium,7275.0,car,907.6672,828.6666,-92.66660000000002,True,90.0,False
003348#0,8,CONTROL,,,,,375.6672,428.0003,307.9997,False,0.0,True
003353#0,8,MISSED_NON86,,,,,92.6666,602.3333,92.6666,False,0.0,True
003408#1,4,CONTROL,MATCHED@0.5,large,26784.0390625,person,799.3331,743.6663,-7.666299999999978,True,,False
003411#0,4,CONTROL,,,,,451.3331,469.3334,266.6666,False,,False
003411#1,0,CONTROL,MATCHED@0.5,medium,4884.0078125,sign,544.0,607.6669,128.33309999999994,False,60.0,False
003411#2,0,CONTROL,MATCHED@0.5,medium,6287.98388671875,person,196.9997,603.0,133.0,False,90.0,False
003411#3,5,CONTROL,MATCHED@0.5,medium,5884.99365234375,person,193.3338,620.3332,115.66679999999997,False,20.0,False
003419#0,6,CONTROL,,,,,325.0752,582.886,153.11400000000003,False,40.0,False
003419#5,6,CONTROL,MATCHED@0.5,large,31456.24609375,car,480.5696,602.1266,133.87339999999995,False,,False
003419#13,8,G86,MATCHED@0.5,small,671.1293334960938,person,523.5289,576.1864,159.81359999999995,False,0.0,True
003419#14,8,G86,F0_no_raw_candidate,medium,2119.831298828125,light,427.1206,557.2439,178.75609999999995,False,0.0,True
003419#17,8,MISSED_NON86,F0_no_raw_candidate,large,19589.20703125,light,533.3043,572.914,163.086,False,0.0,True
003419#18,0,MISSED_NON86,F0_no_raw_candidate,medium,3500.794921875,light,573.3939,625.2415,110.75850000000003,False,20.0,False
003419#19,8,G86,F0_no_raw_candidate,medium,3979.250244140625,person,446.3411,566.9337,169.06629999999996,False,30.0,False
003419#21,4,CONTROL,MATCHED@0.5,small,1021.2517700195312,person,411.3625,515.5955,220.40449999999998,False,,False
003425#5,6,CONTROL,MATCHED@0.5,small,622.4491577148438,car,493.6691,564.153,171.84699999999998,False,,False
003425#6,6,CONTROL,MATCHED@0.5,medium,1965.2049560546875,car,512.7065,560.6963,175.30370000000005,False,,False
003425#7,6,MISSED_NON86,MATCHED@0.5,medium,1270.7529296875,car,406.3488,564.3914,171.60860000000002,False,100.0,False
003425#10,6,CONTROL,MATCHED@0.5,large,14783.416015625,light,458.3117,555.4727,180.52729999999997,False,70.0,False
003425#12,0,CONTROL,MATCHED@0.5,small,574.2033081054688,garbage_can,608.0704,573.7211,162.27890000000002,False,,False
003425#13,0,CONTROL,MATCHED@0.5,medium,4258.7421875,person,554.4973,579.448,156.55200000000002,False,,False
003460#0,0,CONTROL,,,,,736.9177,592.125,143.875,False,280.0,False
003460#1,0,CONTROL,MATCHED@0.5,medium,2861.5654296875,person,866.5037,602.8084,133.1916,False,,False
003460#3,0,CONTROL,MATCHED@0.5,large,9268.994140625,person,766.0083,584.2598,151.74019999999996,False,110.0,False
003460#5,2,CONTROL,MATCHED@0.5,large,16612.419921875,person,685.3478,624.9671,111.03290000000004,False,0.0,True
003460#6,2,CONTROL,MATCHED@0.5,medium,3144.2119140625,animal,630.5382,641.1485,94.85149999999999,False,70.0,False
003472#0,2,MISSED_NON86,,,,,127.0183,682.0523,53.947700000000054,True,0.0,True
003472#1,2,CONTROL,F0_no_raw_candidate,medium,3453.692138671875,animal,577.44,760.9441,-24.94410000000005,True,30.0,False
003472#2,8,CONTROL,MATCHED@0.5,medium,7076.74560546875,animal,1077.4055,611.9704,124.02959999999996,False,,False
003472#3,0,CONTROL,MATCHED@0.5,medium,2213.363037109375,light,824.0986,664.5779,71.4221,True,,False
003475#1,0,CONTROL,MATCHED@0.5,small,989.6361083984375,person,1171.6492,651.5849,84.41510000000005,False,,False
003475#2,0,MISSED_NON86,MATCHED@0.5,medium,4567.88818359375,person,1079.0617,596.5278,139.47220000000004,False,120.0,False
003475#3,0,CONTROL,F1_nms_disappearance,medium,2558.257568359375,person,1267.4162,666.3419,44.58380000000011,True,,False
003475#5,0,CONTROL,MATCHED@0.5,large,9733.2578125,animal,1014.6996,619.552,116.44799999999998,False,120.0,False
003475#6,0,CONTROL,MATCHED@0.5,medium,4449.6748046875,person,1153.5386,643.2868,92.71320000000003,False,0.0,True
003475#10,8,CONTROL,MATCHED@0.5,large,10934.193359375,person,725.7357,528.2732,207.72680000000003,False,,False
003475#11,0,CONTROL,MATCHED@0.5,medium,2167.0390625,light,421.6141,583.2085,152.79150000000004,False,,False
003487#0,0,CONTROL,,,,,1251.9617,311.1271,60.038299999999936,True,120.0,False
003487#2,0,CONTROL,MATCHED@0.5,large,10892.8544921875,person,942.1875,311.1652,311.1652,False,160.0,False
003489#0,8,CONTROL,,,,,136.9229,353.2528,136.9229,False,,False
003489#2,0,CONTROL,F0_no_raw_candidate,large,22581.25,person,590.377,448.534,287.466,False,,False
003489#3,0,CONTROL,MATCHED@0.5,medium,3155.691162109375,person,1107.7351,494.3087,204.2648999999999,False,,False
003489#4,0,CONTROL,MATCHED@0.5,medium,6705.9208984375,person,858.5638,427.1932,308.8068,False,,False
003489#5,0,CONTROL,MATCHED@0.5,medium,3030.39990234375,person,850.7097,463.6684,272.3316,False,80.0,False
003489#9,0,CONTROL,MATCHED@0.5,large,28793.939453125,person,838.9568,424.7985,311.2015,False,,False
003489#14,0,CONTROL,MATCHED@0.5,large,15398.5400390625,person,530.0954,446.1926,289.8074,False,,False
003526#0,2,CONTROL,,,,,782.5754,619.0775,116.92250000000001,False,,False
003526#3,0,MISSED_NON86,MATCHED@0.5,large,51582.3828125,animal,687.0029,595.2361,140.76390000000004,False,0.0,True
003532#0,2,CONTROL,,,,,696.8077,801.6494,-65.64940000000001,True,0.0,True
003532#1,2,CONTROL,MATCHED@0.5,medium,1790.656494140625,animal,937.1956,958.9549,-222.95489999999995,True,0.0,True
003546#0,2,CONTROL,,,,,433.1789,410.5158,325.4842,False,50.0,False
003546#1,2,MISSED_NON86,MATCHED@0.5,medium,2746.437255859375,animal,192.9382,387.671,192.9382,False,40.0,False
003546#2,2,CONTROL,F1_nms_disappearance,medium,3428.212158203125,animal,250.1555,400.6209,250.1555,False,,False
003592#0,2,CONTROL,,,,,970.7942,599.307,136.69299999999998,False,,False
003592#1,2,CONTROL,MATCHED@0.5,medium,2382.55517578125,animal,936.5171,592.7227,143.27729999999997,False,,False
003592#2,2,CONTROL,MATCHED@0.5,medium,2148.505126953125,animal,628.759,617.4251,118.57489999999996,False,,False
003592#3,2,CONTROL,MATCHED@0.5,medium,3754.449462890625,animal,787.6057,620.308,115.69200000000001,False,,False
003595#3,2,CONTROL,F0_no_raw_candidate,large,9993.8642578125,garbage_can,792.4608,617.69,118.30999999999995,False,,False
003595#4,2,CONTROL,MATCHED@0.5,medium,2625.0966796875,animal,827.6057,631.4478,104.55219999999997,False,,False
003595#5,2,CONTROL,MATCHED@0.5,medium,3044.7529296875,animal,642.674,626.3488,109.65120000000002,False,,False
003595#6,2,CONTROL,MATCHED@0.5,medium,2004.755615234375,animal,479.3114,599.348,136.65200000000004,False,30.0,False
003603#3,2,CONTROL,MATCHED@0.5,large,30641.671875,animal,139.2486,299.3198,139.2486,False,,False
003653#3,2,MISSED_NON86,F1_nms_disappearance,small,956.14208984375,person,547.5264,565.4268,170.57320000000004,False,130.0,False
003653#5,0,CONTROL,MATCHED@0.5,small,373.8946838378906,person,1207.7811,512.2216,104.21890000000008,False,,False
003653#6,0,CONTROL,MATCHED@0.5,medium,1955.574462890625,person,1236.9063,508.4725,75.0936999999999,False,120.0,False
003653#7,0,CONTROL,MATCHED@0.5,medium,2097.496826171875,person,1219.8413,510.1278,92.15869999999995,False,,False
003653#8,0,CONTROL,MATCHED@0.5,medium,1502.722900390625,person,981.2595,524.854,211.14599999999996,False,,False
003653#9,0,CONTROL,MATCHED@0.5,medium,1120.4794921875,person,405.0176,599.1148,136.88520000000005,False,70.0,False
003653#11,2,CONTROL,MATCHED@0.5,small,399.6459655761719,person,124.1523,870.3265,-134.3265,True,,False
003653#12,2,CONTROL,MATCHED@0.5,medium,3858.77001953125,animal,933.8739,969.5145,-233.5145,True,,False
003653#14,0,CONTROL,MATCHED@0.5,small,847.30322265625,person,378.9555,603.177,132.82299999999998,False,,False
003653#16,0,CONTROL,MATCHED@0.5,small,983.5424194335938,person,1097.9584,517.7209,214.04160000000002,False,,False
003653#17,0,CONTROL,MATCHED@0.5,medium,1256.574462890625,person,1156.9485,504.3599,155.05150000000003,False,,False
003653#18,0,CONTROL,MATCHED@0.5,medium,3265.4208984375,person,1055.7619,520.8436,215.15639999999996,False,,False
003679#4,0,CONTROL,MATCHED@0.5,large,10000.009765625,animal,571.6673,571.0003,164.99969999999996,False,,False
003679#5,0,MISSED_NON86,MATCHED@0.5,medium,4947.0,person,493.3338,570.0001,165.99990000000003,False,90.0,False
003679#7,0,CONTROL,F0_no_raw_candidate,small,839.9987182617188,person,1207.6672,514.3334,104.3327999999999,False,120.0,False
003679#8,0,CONTROL,MATCHED@0.5,medium,4024.980712890625,person,1275.0002,505.0,36.99980000000005,True,,False
003703#0,2,CONTROL,,,,,766.6663,687.3335,48.66650000000004,True,220.0,False
003739#0,0,CONTROL,,,,,12.0,514.0,12.0,True,,False
003739#1,0,CONTROL,MATCHED@0.5,medium,2944.005615234375,person,30.3333,509.0003,30.3333,True,,False
003739#2,2,G86,MATCHED@0.5,medium,3810.9951171875,person,675.6673,691.6665,44.33349999999996,True,40.0,False
003739#3,2,CONTROL,F0_no_raw_candidate,medium,1855.0064697265625,animal,904.0,834.6664,-98.66639999999995,True,,False
003739#5,2,MISSED_NON86,MATCHED@0.5,small,986.0004272460938,animal,880.0,322.6667,322.6667,False,,False
003739#6,2,CONTROL,F1_nms_disappearance,medium,1596.0006103515625,animal,896.9997,313.6667,313.6667,False,70.0,False
003739#7,2,CONTROL,MATCHED@0.5,medium,1519.0009765625,animal,1165.6665,293.6667,146.33349999999996,False,30.0,False
003739#8,2,CONTROL,MATCHED@0.5,medium,3485.003173828125,animal,700.6669,532.6667,203.3333,False,,False
003757#0,4,CONTROL,,,,,928.3328,747.3333,-11.333300000000008,True,50.0,False
003757#7,0,CONTROL,F1_nms_disappearance,small,546.0006103515625,person,528.9997,614.0001,121.99990000000003,False,,False
003757#8,0,MISSED_NON86,MATCHED@0.5,medium,2752.001220703125,person,550.3334,614.3334,121.66660000000002,False,250.0,False
003757#10,0,CONTROL,MATCHED@0.5,small,399.0,person,573.6666,601.6665,134.33349999999996,False,210.0,False
003757#14,0,CONTROL,F1_nms_disappearance,small,476.0,person,632.0,604.3334,131.66660000000002,False,,False
003757#15,0,CONTROL,MATCHED@0.5,medium,1649.9981689453125,person,660.0,602.6665,133.33349999999996,False,,False
003757#16,0,MISSED_NON86,MATCHED@0.5,medium,1871.997802734375,person,695.6673,617.9996,118.00040000000001,False,10.0,False
003769#0,2,CONTROL,,,,,67.3334,752.667,-16.66700000000003,True,70.0,False
003838#0,2,CONTROL,,,,,568.9996,635.9997,100.00030000000004,False,20.0,False
003863#1,0,G86,F0_no_raw_candidate,small,814.0013427734375,person,676.3328,607.0002,128.99980000000005,False,50.0,False
003863#3,0,G86,F0_no_raw_candidate,small,900.0067138671875,person,547.6672,604.0,132.0,False,0.0,True
003863#5,2,G86,MATCHED@0.5,large,29736.884765625,animal,420.0,655.3331,80.66690000000006,False,30.0,False
003863#7,0,CONTROL,MATCHED@0.5,small,791.9989013671875,person,801.3338,488.6668,247.33319999999998,False,,False
003863#9,0,CONTROL,MATCHED@0.5,small,1007.9990234375,person,776.0,492.3331,243.6669,False,70.0,False
003863#10,0,CONTROL,MATCHED@0.5,medium,1518.0,person,761.9994,494.9999,241.00009999999997,False,,False
003863#11,8,MISSED_NON86,MATCHED@0.5,medium,1708.0,person,411.6673,423.6666,312.3334,False,,False
003895#2,2,CONTROL,MATCHED@0.5,large,26520.04296875,animal,430.0007,316.3334,316.3334,False,,False
003896#0,2,CONTROL,,,,,238.3334,326.3333,238.3334,False,,False
003896#1,2,MISSED_NON86,MATCHED@0.5,medium,4731.00244140625,animal,11.3333,508.667,11.3333,True,,False
003902#0,2,CONTROL,,,,,147.3331,892.6667,-156.6667,True,,False
003902#1,2,CONTROL,MATCHED@0.5,medium,4619.99609375,animal,690.3334,520.9999,215.00009999999997,False,,False
003902#3,2,CONTROL,MATCHED@0.5,small,840.0,animal,741.3338,491.9997,244.00029999999998,False,,False
003902#4,2,MISSED_NON86,MATCHED@0.5,medium,1975.9976806640625,animal,1015.6673,298.6666,296.33270000000005,False,120.0,False
003902#5,0,G86,F0_no_raw_candidate,medium,3080.0029296875,animal,960.6669,295.6667,295.6667,False,70.0,False
003902#6,2,CONTROL,F0_no_raw_candidate,medium,2067.9990234375,person,549.6666,798.333,-62.33299999999997,True,,False
003904#0,2,CONTROL,,,,,289.3338,702.0,34.0,True,,False
003904#1,2,CONTROL,MATCHED@0.5,medium,3472.00390625,animal,791.6672,298.0,298.0,False,,False
003941#0,0,CONTROL,,,,,105.0001,379.3334,105.0001,False,60.0,False
003941#1,0,CONTROL,MATCHED@0.5,medium,3403.99462890625,person,215.3331,397.3334,215.3331,False,,False
003941#3,0,CONTROL,MATCHED@0.5,small,1022.0,person,262.3334,416.6668,262.3334,False,,False
003941#5,0,CONTROL,MATCHED@0.5,small,601.9995727539062,person,270.6662,402.3331,270.6662,False,,False
003941#7,0,CONTROL,MATCHED@0.5,small,391.0,person,247.6672,399.0002,247.6672,False,,False
003941#8,0,CONTROL,MATCHED@0.5,medium,1911.001220703125,person,297.6666,411.9997,297.6666,False,,False
003941#10,0,CONTROL,MATCHED@0.5,small,934.99951171875,person,344.9997,418.0003,317.9997,False,,False
003941#11,0,CONTROL,MATCHED@0.5,medium,2231.994384765625,person,375.3331,423.0,313.0,False,,False
003941#12,0,CONTROL,MATCHED@0.5,medium,2916.0,person,393.3338,423.3333,312.6667,False,40.0,False
003941#13,0,MISSED_NON86,MATCHED@0.5,medium,1520.0098876953125,person,467.3331,482.9997,253.00029999999998,False,50.0,False
003941#14,0,CONTROL,F0_no_raw_candidate,medium,2040.0,person,485.3337,445.3336,290.6664,False,,False
003941#15,0,CONTROL,MATCHED@0.5,medium,1803.9896240234375,person,520.0,446.0003,289.9997,False,,False
003941#16,0,CONTROL,MATCHED@0.5,medium,2799.98828125,person,587.3331,492.333,243.66699999999997,False,0.0,True
003941#20,0,MISSED_NON86,MATCHED@0.5,large,15568.0341796875,bicycle,611.6673,473.9997,262.0003,False,150.0,False
003941#21,0,G86,F0_no_raw_candidate,medium,1044.0025634765625,person,630.0007,483.6664,252.3336,False,120.0,False
003941#22,0,CONTROL,F0_no_raw_candidate,medium,2650.00634765625,person,795.3331,498.6669,237.3331,False,,False
003941#24,0,MISSED_NON86,MATCHED@0.5,large,20881.955078125,person,941.3338,525.3335,210.66650000000004,False,60.0,False
003941#25,0,MISSED_NON86,F0_no_raw_candidate,medium,3520.0,person,972.3328,530.3333,205.6667,False,180.0,False
003941#26,0,MISSED_NON86,F0_no_raw_candidate,medium,1539.0,person,901.3338,529.3331,206.66690000000006,False,,False
003941#27,0,CONTROL,F1_nms_disappearance,medium,2079.996826171875,person,1119.6672,568.6668,167.33320000000003,False,,False
003941#29,0,CONTROL,MATCHED@0.5,small,791.9986572265625,person,1220.9998,589.3336,91.00019999999995,False,,False
003941#30,5,CONTROL,MATCHED@0.5,medium,1978.0,person,1080.3328,568.3334,167.66660000000002,False,,False
003982#5,0,CONTROL,F1_nms_disappearance,small,735.0,person,21.6667,677.6668,21.6667,True,,False
003982#6,0,CONTROL,MATCHED@0.5,medium,2880.995849609375,person,46.6666,668.0,46.6666,True,,False
003982#8,0,CONTROL,F0_no_raw_candidate,small,150.0,person,61.3334,646.6665,61.3334,True,,False
003982#11,0,CONTROL,MATCHED@0.5,small,525.0,person,297.9994,652.3336,83.66639999999995,False,,False
003982#14,0,CONTROL,F2_top100_disappearance,small,800.00244140625,person,332.3328,663.6664,72.33360000000005,True,,False
003982#19,0,CONTROL,F3_survives_official_fail,small,195.0,person,359.6672,658.3333,77.66669999999999,False,,False
003982#20,0,CONTROL,MATCHED@0.5,medium,1270.9949951171875,person,355.6672,660.6669,75.33309999999994,False,,False
003982#23,0,CONTROL,MATCHED@0.5,small,513.0,person,397.3338,657.6666,78.33339999999998,False,,False
003982#24,0,CONTROL,MATCHED@0.5,medium,2713.99267578125,person,413.3338,654.9998,81.00019999999995,False,,False
003982#30,0,CONTROL,F1_nms_disappearance,small,380.0023193359375,person,446.6662,658.0,78.0,False,,False
003982#32,0,CONTROL,MATCHED@0.5,small,1008.0,person,466.3334,649.0,87.0,False,,False
003982#34,0,CONTROL,MATCHED@0.5,small,585.0,person,493.6666,650.0002,85.99980000000005,False,,False
003982#36,0,MISSED_NON86,F2_top100_disappearance,small,588.0,person,558.6663,662.9997,73.00030000000004,True,170.0,False
003982#41,0,MISSED_NON86,MATCHED@0.5,small,999.994384765625,person,670.6663,608.6663,127.33370000000002,False,180.0,False
003982#42,0,CONTROL,F3_survives_official_fail,medium,1040.0032958984375,person,684.6669,629.9999,106.00009999999997,False,,False
003982#43,0,CONTROL,MATCHED@0.5,medium,1196.0028076171875,person,751.3331,603.0,133.0,False,,False
003982#47,0,CONTROL,MATCHED@0.5,large,46098.0234375,person,876.0,644.3336,91.66639999999995,False,,False
003982#48,0,CONTROL,MATCHED@0.5,medium,5979.974609375,person,896.9997,622.3334,113.66660000000002,False,,False
003982#49,0,CONTROL,MATCHED@0.5,medium,1974.999267578125,person,912.3328,634.0002,101.99980000000005,False,100.0,False
003982#50,0,MISSED_NON86,MATCHED@0.5,medium,8891.97265625,person,1030.0006,604.3334,131.66660000000002,False,110.0,False
003982#53,0,CONTROL,MATCHED@0.5,small,791.9986572265625,person,1054.6663,596.3334,139.66660000000002,False,190.0,False
003982#57,0,MISSED_NON86,MATCHED@0.5,small,374.00103759765625,person,1142.6662,604.6667,131.3333,False,,False
003982#58,0,CONTROL,F1_nms_disappearance,medium,1728.0009765625,person,1161.6665,629.6666,106.33339999999998,False,,False
003982#60,0,CONTROL,MATCHED@0.5,small,588.0,person,1181.6665,637.9999,98.00009999999997,False,,False
003982#61,0,CONTROL,MATCHED@0.5,medium,1702.0,person,1203.0003,625.667,108.99970000000008,False,,False
003982#62,0,CONTROL,MATCHED@0.5,medium,1419.0,person,1204.0,602.9999,108.0,False,,False
003987#5,0,CONTROL,F1_nms_disappearance,small,594.0,person,1122.6662,464.9997,189.3338000000001,False,,False
003987#6,0,CONTROL,MATCHED@0.5,medium,3708.00048828125,person,943.3331,468.6666,267.3334,False,,False
003987#10,0,CONTROL,F2_top100_disappearance,small,812.001708984375,person,1247.0004,471.3335,64.9996000000001,True,10.0,False
003987#11,0,CONTROL,MATCHED@0.5,medium,7552.03173828125,person,881.6666,456.9997,279.0003,False,,False
003987#15,0,CONTROL,F0_no_raw_candidate,small,390.99859619140625,person,784.9997,461.0001,274.9999,False,,False
003987#16,0,CONTROL,MATCHED@0.5,medium,3688.993896484375,person,772.6669,450.6666,285.3334,False,,False
003987#23,0,MISSED_NON86,MATCHED@0.5,small,923.9976806640625,person,568.3327,394.3331,341.6669,False,,False
003987#27,0,CONTROL,MATCHED@0.5,small,398.99884033203125,person,501.6666,402.3331,333.6669,False,,False
003987#35,0,CONTROL,F1_nms_disappearance,small,593.9967041015625,person,494.0006,443.3334,292.6666,False,,False
003987#38,0,CONTROL,MATCHED@0.5,small,960.004638671875,person,587.6672,438.9997,297.0003,False,,False
003987#39,0,CONTROL,MATCHED@0.5,medium,1539.0008544921875,person,333.3338,402.333,333.3338,False,,False
003987#40,0,CONTROL,MATCHED@0.5,medium,1504.0032958984375,person,287.6672,448.6665,287.3335,False,,False
003987#41,0,CONTROL,MATCHED@0.5,medium,1983.9970703125,person,300.9997,403.3331,300.9997,False,,False
003987#43,0,CONTROL,MATCHED@0.5,small,335.9990234375,person,250.6662,401.9997,250.6662,False,,False
003987#46,0,CONTROL,MATCHED@0.5,small,687.9996948242188,person,26.6666,388.6667,26.6666,True,,False
003987#47,0,CONTROL,MATCHED@0.5,medium,1231.9962158203125,person,44.3333,389.0001,44.3333,True,,False
003987#49,0,CONTROL,MATCHED@0.5,large,16659.95703125,person,105.6667,401.0003,105.6667,False,,False
003987#50,0,CONTROL,MATCHED@0.5,medium,1287.0,person,139.6672,401.6663,139.6672,False,,False
003987#51,0,MISSED_NON86,MATCHED@0.5,medium,1189.00341796875,person,213.9994,401.0003,213.9994,False,,False
003987#52,0,CONTROL,F1_nms_disappearance,medium,1529.998291015625,person,219.0003,437.3337,219.0003,False,,False
003987#53,0,CONTROL,MATCHED@0.5,medium,1079.998779296875,person,196.6669,450.3333,196.6669,False,,False
003987#55,5,G86,MATCHED@0.5,large,9792.01171875,person,118.3333,446.3337,118.3333,False,0.0,True
hehe_173_000002_024_00000105#2,0,CONTROL,MATCHED@0.5,large,91935.875,person,271.0003,891.3332,-155.33320000000003,True,,False
hehe_173_000002_024_00000105#4,5,CONTROL,F1_nms_disappearance,small,899.99560546875,person,270.0006,906.9997,-170.99969999999996,True,20.0,False
hehe_173_000002_024_00000105#6,0,CONTROL,MATCHED@0.5,small,951.99658203125,bicycle,270.3334,898.9999,-162.99990000000003,True,,False
hehe_173_000002_024_00000105#7,0,CONTROL,MATCHED@0.5,medium,2275.00390625,person,470.6662,874.0,-138.0,True,,False
hehe_173_000002_024_00000105#9,4,CONTROL,MATCHED@0.5,large,54465.8125,sign,586.6663,798.6664,-62.66639999999995,True,,False
hehe_173_000002_024_00000105#10,4,CONTROL,MATCHED@0.5,medium,3240.0,sign,335.0003,844.6665,-108.66650000000004,True,,False
hehe_173_000002_024_00000105#11,4,CONTROL,MATCHED@0.5,medium,2520.001708984375,sign,412.6669,844.6665,-108.66650000000004,True,,False
hehe_173_000002_024_00000105#13,8,MISSED_NON86,F0_no_raw_candidate,small,570.0,sign,28.6666,622.0,28.6666,True,20.0,False
hehe_173_000002_024_00000105#15,8,CONTROL,MATCHED@0.5,large,18560.041015625,light,418.3334,831.6669,-95.66690000000006,True,0.0,True
hehe_186_000002_028_00000050#1,4,G86,MATCHED@0.5,large,63675.27734375,garbage_can,643.3331,345.0,345.0,False,0.0,True
hehe_22_00000004#0,0,CONTROL,,,,,438.3334,623.6668,112.33320000000003,False,,False
hehe_22_00000004#2,0,CONTROL,MATCHED@0.5,large,20651.05078125,person,743.0003,600.6664,135.33360000000005,False,,False
hehe_22_00000004#4,6,CONTROL,MATCHED@0.5,small,899.9989013671875,car,531.0004,610.6665,125.33349999999996,False,,False
hehe_22_00000004#6,8,CONTROL,MATCHED@0.5,large,102835.8828125,light,345.3337,520.9999,215.00009999999997,False,0.0,True
hehe_22_00000004#7,8,CONTROL,MATCHED@0.5,medium,6463.9970703125,light,513.6666,546.6664,189.33360000000005,False,40.0,False
hehe_22_00000004#9,5,G86,MATCHED@0.5,large,35164.01171875,light,439.3331,638.6666,97.33339999999998,False,40.0,False
hehe_230_000002_043_00000061#1,4,CONTROL,F0_no_raw_candidate,large,41951.9765625,sign,70.6666,552.3336,70.6666,True,110.0,False
hehe_230_000002_043_00000061#6,8,CONTROL,MATCHED@0.5,large,11010.9775390625,light,553.3337,657.6666,78.33339999999998,False,0.0,True
hehe_230_000002_043_00000061#7,8,CONTROL,MATCHED@0.5,medium,7675.98779296875,light,590.6663,671.3338,64.6662,True,0.0,True
hehe_230_000002_043_00000061#10,6,CONTROL,MATCHED@0.5,large,11154.0048828125,car,348.3327,699.333,36.66700000000003,True,,False
hehe_230_000002_043_00000061#11,9,CONTROL,MATCHED@0.5,medium,3739.99609375,car,302.3334,713.0,23.0,True,0.0,True
hehe_230_000002_043_00000061#13,0,G86,MATCHED@0.5,small,924.9954833984375,person,410.3334,711.3332,24.666799999999967,True,170.0,False
hehe_230_000002_043_00000061#14,5,CONTROL,F0_no_raw_candidate,medium,2170.007568359375,person,371.3331,717.333,18.66700000000003,True,50.0,False
hehe_232_000002_043_00000181#0,0,MISSED_NON86,,,,,255.0003,798.333,-62.33299999999997,True,,False
hehe_232_000002_043_00000181#1,0,CONTROL,F1_nms_disappearance,medium,1089.0,person,264.9997,800.3332,-64.33320000000003,True,100.0,False
hehe_232_000002_043_00000181#2,0,CONTROL,MATCHED@0.5,medium,2619.0,person,350.3334,811.6667,-75.66669999999999,True,40.0,False
hehe_232_000002_043_00000181#3,9,MISSED_NON86,MATCHED@0.5,medium,5916.9912109375,person,425.3337,842.0004,-106.00040000000001,True,0.0,True
hehe_232_000002_043_00000181#8,6,CONTROL,MATCHED@0.5,large,20660.90625,car,1258.0007,966.0002,-230.00019999999995,True,20.0,False
hehe_274_000002_060_00000105#1,6,CONTROL,MATCHED@0.5,large,121836.015625,car,305.3338,430.6665,305.3335,False,10.0,False
hehe_274_000002_060_00000105#5,0,CONTROL,MATCHED@0.5,large,286253.375,bicycle,280.3328,424.3334,280.3328,False,130.0,False
hehe_274_000002_060_00000105#6,0,MISSED_NON86,MATCHED@0.5,medium,2691.0,person,370.6663,430.3331,305.6669,False,130.0,False
hehe_40_00000033#1,0,CONTROL,MATCHED@0.5,large,19304.9921875,light,1003.0003,697.0003,38.99969999999996,True,,False
hehe_40_00000033#2,0,CONTROL,MATCHED@0.5,medium,3145.0,person,520.6669,689.6663,46.33370000000002,True,40.0,False
hehe_40_00000033#3,0,CONTROL,MATCHED@0.5,medium,4939.98828125,person,512.3328,688.0003,47.99969999999996,True,,False
hehe_40_00000033#5,0,CONTROL,MATCHED@0.5,large,17860.01171875,person,205.3338,679.3336,56.66639999999995,True,,False
hehe_45_00000001#2,0,CONTROL,F0_no_raw_candidate,small,288.99896240234375,ball,1092.9996,583.3331,152.66690000000006,False,,False
hehe_45_00000001#4,0,CONTROL,MATCHED@0.5,large,24592.025390625,person,1273.3337,555.9998,38.66630000000009,True,,False
hehe_45_00000001#5,9,CONTROL,MATCHED@0.5,medium,2760.0048828125,person,392.9997,633.6669,102.33309999999994,False,0.0,True
hehe_45_00000001#6,6,MISSED_NON86,MATCHED@0.5,medium,5158.99755859375,garbage_can,702.6662,594.6666,141.33339999999998,False,30.0,False
hehe_45_00000001#7,6,MISSED_NON86,F1_nms_disappearance,medium,5015.9931640625,car,1189.3337,575.6666,122.66630000000009,False,200.0,False
hehe_45_00000001#8,6,MISSED_NON86,F3_survives_official_fail,medium,6163.994140625,car,1056.9997,582.9998,153.00019999999995,False,100.0,False
hehe_45_00000001#9,6,CONTROL,F1_nms_disappearance,medium,3969.0,car,629.3337,601.3331,134.66690000000006,False,,False
hehe_52_00000107#0,2,CONTROL,,,,,725.6667,710.9999,25.000099999999975,True,100.0,False
hehe_52_00000107#1,2,CONTROL,MATCHED@0.5,medium,2223.0,animal,771.3331,648.6666,87.33339999999998,False,,False
hehe_61_00000090#2,6,CONTROL,MATCHED@0.5,large,35849.94921875,sign,14.3333,832.0003,-96.00030000000004,True,70.0,False
hehe_61_00000090#3,5,CONTROL,MATCHED@0.5,medium,7395.97900390625,car,208.9997,781.3332,-45.33320000000003,True,,False
hehe_61_00000090#4,5,CONTROL,MATCHED@0.5,medium,4158.00341796875,bicycle,243.6672,783.6666,-47.66660000000002,True,,False
hehe_61_00000090#9,5,CONTROL,F0_no_raw_candidate,large,27635.9921875,car,1111.0002,802.6668,-66.66679999999997,True,100.0,False
hehe_61_00000090#10,5,G86,MATCHED@0.5,medium,7938.0,bicycle,1009.3337,803.0,-67.0,True,10.0,False
hehe_61_00000090#11,5,G86,F0_no_raw_candidate,medium,5700.0,bicycle,959.3331,800.6666,-64.66660000000002,True,10.0,False
hehe_65_00000229#2,4,G86,MATCHED@0.5,large,14884.0146484375,car,22.6666,643.0003,22.6666,True,160.0,False
hehe_65_00000229#3,4,CONTROL,F0_no_raw_candidate,medium,6719.994140625,sign,960.6669,662.667,73.33299999999997,True,,False
hehe_65_00000229#4,4,CONTROL,MATCHED@0.5,medium,3744.0,sign,921.6666,697.3336,38.66639999999995,True,,False
hehe_65_00000229#6,5,CONTROL,F0_no_raw_candidate,large,9504.0,light,794.3333,799.3331,-63.333099999999945,True,,False
hehe_65_00000229#7,5,CONTROL,MATCHED@0.5,medium,1938.0,bicycle,772.9996,803.0001,-67.00009999999997,True,,False
hehe_6_00000054#0,7,G86,,,,,180.6669,773.6666,-37.66660000000002,True,0.0,True
hehe_6_00000054#2,0,CONTROL,F0_no_raw_candidate,small,671.99853515625,ball,333.6666,874.6667,-138.6667,True,,False
hehe_6_00000054#3,0,CONTROL,MATCHED@0.5,medium,3978.00244140625,person,367.0003,872.3332,-136.33320000000003,True,230.0,False
hehe_6_00000054#4,0,CONTROL,MATCHED@0.5,medium,3713.0,person,420.6669,876.6669,-140.66690000000006,True,,False
hehe_6_00000054#6,0,CONTROL,MATCHED@0.5,large,13500.02734375,person,664.6669,857.0,-121.0,True,0.0,True
hehe_6_00000054#13,3,MISSED_NON86,MATCHED@0.5,large,34007.99609375,person,392.0,879.9998,-143.99980000000005,True,0.0,True
hehe_6_00000054#16,6,G86,MATCHED@0.5,large,9660.0,car,747.0004,844.6665,-108.66650000000004,True,0.0,True
hehe_6_00000054#17,6,G86,F0_no_raw_candidate,medium,3770.0,car,711.6672,844.3331,-108.33309999999994,True,0.0,True
hehe_86_00000253#0,2,CONTROL,,,,,29.0001,572.0003,29.0001,True,100.0,False
hehe_86_00000253#3,2,CONTROL,MATCHED@0.5,large,10545.0068359375,animal,1147.0004,506.0001,164.9996000000001,False,20.0,False
hehe_87_00000315#1,2,CONTROL,MATCHED@0.5,large,57600.25,animal,13.6667,601.6665,13.6667,True,220.0,False
hehe_87_00000315#2,2,CONTROL,MATCHED@0.5,medium,4305.0068359375,animal,244.6669,533.0001,202.99990000000003,False,,False
hehe_87_00000315#3,2,CONTROL,MATCHED@0.5,medium,4661.99951171875,animal,417.9993,554.0003,181.99969999999996,False,,False
hehe_87_00000315#4,2,CONTROL,MATCHED@0.5,medium,3712.0,animal,542.6662,544.0002,191.99980000000005,False,,False
hehe_87_00000315#5,2,CONTROL,MATCHED@0.5,medium,2200.002197265625,animal,621.6666,557.3332,178.66679999999997,False,50.0,False
hehe_87_00000315#6,2,MISSED_NON86,MATCHED@0.5,medium,3286.007568359375,animal,632.9998,549.6666,186.33339999999998,False,40.0,False
shuming_1007_00000230#0,2,CONTROL,,,,,113.0001,740.3335,-4.333499999999958,True,60.0,False
shuming_1007_00000230#3,2,CONTROL,MATCHED@0.5,large,10295.9609375,animal,231.0003,675.3333,60.66669999999999,True,50.0,False
shuming_1007_00000230#4,2,CONTROL,MATCHED@0.5,medium,4671.99609375,animal,240.9997,681.6664,54.33360000000005,True,30.0,False
shuming_1007_00000230#5,2,CONTROL,F1_nms_disappearance,medium,4089.00537109375,animal,390.6663,671.3338,64.6662,True,40.0,False
shuming_1007_00000230#7,2,CONTROL,MATCHED@0.5,large,16636.953125,animal,516.6669,664.9998,71.00019999999995,True,30.0,False
shuming_1007_00000230#10,2,CONTROL,MATCHED@0.5,large,15870.01953125,animal,699.0003,635.3337,100.66629999999998,False,,False
shuming_1007_00000230#11,2,CONTROL,MATCHED@0.5,medium,6726.03564453125,animal,696.6669,678.0002,57.99980000000005,True,,False
shuming_1007_00000230#12,2,CONTROL,MATCHED@0.5,medium,4752.0,animal,735.3331,663.9998,72.00019999999995,True,,False
shuming_1007_00000230#13,2,MISSED_NON86,MATCHED@0.5,medium,4428.0,animal,743.6672,631.6668,104.33320000000003,False,,False
shuming_1007_00000230#14,2,CONTROL,F1_nms_disappearance,medium,1395.0009765625,animal,747.6672,657.0,79.0,False,,False
shuming_1007_00000230#15,2,CONTROL,MATCHED@0.5,medium,1173.0,animal,810.3334,692.6665,43.33349999999996,True,120.0,False
shuming_1007_00000230#16,2,CONTROL,MATCHED@0.5,medium,8484.0,animal,818.6662,637.6665,98.33349999999996,False,20.0,False
shuming_1007_00000230#17,2,MISSED_NON86,MATCHED@0.5,medium,5548.0,animal,842.3335,673.3331,62.666900000000055,True,,False
shuming_1007_00000230#18,2,CONTROL,F1_nms_disappearance,medium,2340.0,animal,855.3331,655.3331,80.66690000000006,False,140.0,False
shuming_1007_00000230#20,2,CONTROL,MATCHED@0.5,small,960.9990234375,animal,881.9994,677.3334,58.66660000000002,True,,False
shuming_1007_00000230#21,2,CONTROL,MATCHED@0.5,medium,2688.0,animal,905.3337,653.3337,82.66629999999998,False,30.0,False
shuming_1007_00000230#22,2,CONTROL,MATCHED@0.5,medium,7631.998046875,animal,966.3335,628.3331,107.66690000000006,False,,False
shuming_1007_00000230#23,2,CONTROL,MATCHED@0.5,medium,3393.001220703125,animal,968.9997,673.6665,62.33349999999996,True,,False
shuming_1013_00000065#0,2,CONTROL,,,,,612.6669,531.3332,204.66679999999997,False,30.0,False
shuming_1013_00000065#1,2,CONTROL,MATCHED@0.5,medium,8679.998046875,animal,684.6669,581.6663,154.33370000000002,False,30.0,False
shuming_1013_00000065#3,2,MISSED_NON86,MATCHED@0.5,large,13831.98046875,animal,694.6663,551.6668,184.33320000000003,False,40.0,False
shuming_1028_00000411#3,4,CONTROL,MATCHED@0.5,large,79706.8828125,animal,250.0006,618.9997,117.00030000000004,False,110.0,False
shuming_1028_00000411#4,4,CONTROL,MATCHED@0.5,medium,6155.9951171875,sign,385.3337,470.0001,265.9999,False,,False
shuming_1028_00000411#5,4,CONTROL,MATCHED@0.5,medium,1055.99853515625,sign,400.9997,471.6669,264.3331,False,,False
shuming_1064_00000087#0,2,CONTROL,,,,,459.3331,733.6669,2.333099999999945,True,,False
shuming_1064_00000087#1,2,CONTROL,MATCHED@0.5,medium,3799.98828125,animal,492.6669,731.6667,4.333300000000008,True,,False
shuming_1064_00000087#2,2,CONTROL,MATCHED@0.5,medium,5858.0,animal,644.3328,749.6669,-13.666900000000055,True,,False
shuming_1064_00000087#3,2,CONTROL,MATCHED@0.5,medium,6831.0,animal,668.0,749.3334,-13.333399999999983,True,140.0,False
shuming_1064_00000087#4,2,CONTROL,MATCHED@0.5,medium,7520.01171875,animal,720.0,755.3331,-19.333099999999945,True,60.0,False
shuming_1064_00000087#6,2,CONTROL,MATCHED@0.5,large,11984.0390625,animal,1080.6669,766.3334,-30.333399999999983,True,,False
shuming_1064_00000087#7,2,CONTROL,MATCHED@0.5,medium,2950.0,animal,1118.3335,765.3333,-29.33330000000001,True,,False
shuming_1064_00000087#8,2,CONTROL,MATCHED@0.5,medium,6030.0,animal,1183.6672,773.6665,-37.66650000000004,True,130.0,False
shuming_1076_00000257#1,2,CONTROL,F0_no_raw_candidate,large,42164.20703125,animal,253.3338,530.9999,205.00009999999997,False,,False
shuming_1076_00000257#2,2,CONTROL,MATCHED@0.5,medium,3779.996337890625,animal,290.3334,528.6664,207.33360000000005,False,,False
shuming_1076_00000257#3,2,CONTROL,MATCHED@0.5,medium,3162.0,animal,422.6662,521.9999,214.00009999999997,False,,False
shuming_1076_00000257#4,2,CONTROL,MATCHED@0.5,medium,2268.0,animal,451.3331,518.9997,217.00030000000004,False,,False
shuming_1076_00000257#5,2,CONTROL,MATCHED@0.5,medium,2310.0,animal,488.6669,518.0003,217.99969999999996,False,,False
shuming_1079_00000233#3,0,MISSED_NON86,MATCHED@0.5,large,20177.947265625,animal,356.9997,475.9998,260.0002,False,40.0,False
shuming_1079_00000233#4,0,MISSED_NON86,F1_nms_disappearance,medium,2030.008544921875,person,764.9997,483.6664,252.3336,False,,False
shuming_1079_00000233#6,2,CONTROL,F0_no_raw_candidate,small,518.0008544921875,person,1159.6672,537.6664,152.3327999999999,False,,False
shuming_1080_00000016#0,2,CONTROL,,,,,1018.3334,542.0001,193.99990000000003,False,190.0,False
shuming_1080_00000016#4,0,CONTROL,MATCHED@0.5,large,19518.95703125,animal,957.3338,505.3334,230.66660000000002,False,,False
shuming_1132_00000385#2,0,CONTROL,MATCHED@0.5,large,9546.0,animal,212.0,316.0,212.0,False,,False
shuming_1132_00000385#3,0,MISSED_NON86,MATCHED@0.5,medium,3608.003662109375,person,122.6666,331.0,122.6666,False,120.0,False
shuming_1132_00000385#4,0,MISSED_NON86,F1_nms_disappearance,medium,3617.998291015625,person,139.0003,333.0,139.0003,False,130.0,False
shuming_1135_00000213#0,2,CONTROL,,,,,831.6672,541.3334,194.66660000000002,False,30.0,False
shuming_1148_00000041#0,2,CONTROL,,,,,563.0003,511.9998,224.0002,False,120.0,False
shuming_1157_00000010#0,2,CONTROL,,,,,449.6666,635.3337,100.66629999999998,False,30.0,False
shuming_1157_00000010#1,2,CONTROL,MATCHED@0.5,medium,7790.009765625,animal,650.3334,637.6665,98.33349999999996,False,,False
shuming_1157_00000010#2,2,CONTROL,MATCHED@0.5,medium,3380.99169921875,animal,621.6666,639.3333,96.66669999999999,False,,False
shuming_1180_00000231#3,2,MISSED_NON86,MATCHED@0.5,large,15396.978515625,animal,1076.0,516.6669,219.33309999999994,False,20.0,False
shuming_24_00000001#0,8,CONTROL,,,,,515.6672,575.9999,160.00009999999997,False,0.0,True
shuming_24_00000001#1,8,CONTROL,MATCHED@0.5,medium,5510.0068359375,light,770.3334,525.3335,210.66650000000004,False,0.0,True
shuming_340_00000020#1,4,G86,MATCHED@0.5,small,416.0,person,26.0,674.6665,26.0,True,10.0,False
shuming_340_00000020#19,0,CONTROL,MATCHED@0.5,small,799.0,person,689.3337,657.6666,78.33339999999998,False,,False
shuming_340_00000020#22,0,CONTROL,MATCHED@0.5,small,774.0,person,732.9996,666.6666,69.33339999999998,True,,False
shuming_340_00000020#23,0,CONTROL,MATCHED@0.5,medium,1176.0,person,744.3327,669.6669,66.33309999999994,True,,False
shuming_340_00000020#26,0,CONTROL,MATCHED@0.5,small,833.0,person,772.3328,664.3331,71.66690000000006,True,,False
shuming_340_00000020#30,0,CONTROL,MATCHED@0.5,small,672.0,person,811.3332,671.0003,64.99969999999996,True,,False
shuming_340_00000020#31,0,CONTROL,MATCHED@0.5,medium,1098.0,person,825.3337,669.0001,66.99990000000003,True,,False
shuming_340_00000020#38,0,CONTROL,MATCHED@0.5,small,705.0,person,956.6669,638.9999,97.00009999999997,False,,False
shuming_35_00000199#0,0,CONTROL,,,,,15.6667,562.0002,15.6667,True,100.0,False
shuming_35_00000199#3,0,MISSED_NON86,MATCHED@0.5,large,10073.9873046875,person,140.0,566.9999,140.0,False,,False
shuming_35_00000199#4,0,MISSED_NON86,F0_no_raw_candidate,medium,4039.993896484375,person,165.3338,569.3335,165.3338,False,160.0,False
shuming_35_00000199#5,0,CONTROL,F0_no_raw_candidate,medium,3344.0068359375,person,47.3334,562.3336,47.3334,True,20.0,False
shuming_35_00000199#6,0,MISSED_NON86,F1_nms_disappearance,medium,9024.0224609375,person,90.3333,545.6663,90.3333,False,130.0,False
shuming_35_00000199#8,8,CONTROL,MATCHED@0.5,large,60606.03515625,car,62.6666,374.0003,62.6666,True,,False
shuming_35_00000199#9,8,CONTROL,MATCHED@0.5,medium,1344.0028076171875,light,158.6662,404.6666,158.6662,False,,False
shuming_35_00000199#11,8,CONTROL,F0_no_raw_candidate,small,860.9993286132812,light,916.0,336.0,336.0,False,,False
shuming_410_00000037#0,0,CONTROL,,,,,84.3333,700.9999,35.000099999999975,True,40.0,False
shuming_410_00000037#9,8,MISSED_NON86,MATCHED@0.5,large,15694.0,light,124.6666,669.3335,66.66650000000004,True,0.0,True
shuming_461_00000082#0,0,CONTROL,,,,,365.6666,618.333,117.66700000000003,False,,False
shuming_461_00000082#2,0,CONTROL,MATCHED@0.5,large,36630.0546875,person,1146.6663,585.6666,150.33339999999998,False,,False
shuming_461_00000082#3,9,CONTROL,MATCHED@0.5,medium,4848.0,person,199.3331,625.3336,110.66639999999995,False,0.0,True
shuming_461_00000082#4,9,CONTROL,MATCHED@0.5,medium,3400.0029296875,garbage_can,1164.9998,589.6669,146.33309999999994,False,0.0,True
shuming_461_00000082#5,3,CONTROL,MATCHED@0.5,medium,1085.0,garbage_can,970.0006,598.3336,137.66639999999995,False,20.0,False
shuming_465_00000030#0,0,CONTROL,,,,,121.3334,625.0002,110.99980000000005,False,,False
shuming_465_00000030#2,6,CONTROL,MATCHED@0.5,small,800.00244140625,person,253.6666,617.3336,118.66639999999995,False,,False
shuming_465_00000030#3,6,CONTROL,MATCHED@0.5,medium,5976.00927734375,car,141.9994,628.3331,107.66690000000006,False,,False
shuming_470_00000057#3,6,CONTROL,MATCHED@0.5,large,29639.90234375,car,308.9997,622.3334,113.66660000000002,False,,False
shuming_470_00000057#4,6,CONTROL,MATCHED@0.5,medium,4897.00341796875,car,268.6669,617.3337,118.66629999999998,False,,False
shuming_482_00000018#3,5,CONTROL,MATCHED@0.5,large,285767.375,person,1142.3335,600.333,135.66700000000003,False,,False
shuming_482_00000018#4,5,CONTROL,MATCHED@0.5,medium,6034.99755859375,bicycle,1191.0002,591.9997,120.99980000000005,False,,False
shuming_482_00000018#5,5,CONTROL,MATCHED@0.5,medium,5508.0048828125,bicycle,1249.6665,590.9997,62.33349999999996,True,20.0,False
shuming_485_00000027#3,8,G86,MATCHED@0.5,large,10779.9462890625,person,988.3328,480.6669,255.3331,False,0.0,True
shuming_485_00000027#4,8,G86,F0_no_raw_candidate,medium,1627.997802734375,light,1247.6672,417.6669,64.3327999999999,True,0.0,True
shuming_503_00000052#0,3,CONTROL,,,,,216.6669,627.9998,108.00019999999995,False,,False
shuming_503_00000052#1,9,CONTROL,MATCHED@0.5,medium,3959.997314453125,seat,514.6663,593.3332,142.66679999999997,False,0.0,True
shuming_562_00000223#2,2,G86,F1_nms_disappearance,large,116290.1875,animal,399.3331,634.3336,101.66639999999995,False,0.0,True
shuming_571_00000215#0,2,CONTROL,,,,,367.6672,708.9998,27.00019999999995,True,30.0,False
shuming_571_00000215#1,2,CONTROL,MATCHED@0.5,medium,5925.0,animal,615.6672,745.6665,-9.666500000000042,True,,False
shuming_574_00000017#0,2,CONTROL,,,,,219.0003,575.3332,160.66679999999997,False,20.0,False
shuming_608_00000031#1,2,CONTROL,MATCHED@0.5,large,35424.03515625,animal,728.6668,561.0002,174.99980000000005,False,,False
shuming_608_00000031#2,2,CONTROL,MATCHED@0.5,medium,1722.0025634765625,animal,896.6669,576.6666,159.33339999999998,False,,False
shuming_608_00000031#3,2,CONTROL,MATCHED@0.5,medium,3300.0,animal,627.0003,568.6668,167.33320000000003,False,160.0,False
shuming_608_00000031#4,2,CONTROL,MATCHED@0.5,medium,4278.0,animal,848.0,562.3336,173.66639999999995,False,,False
shuming_610_00000148#0,0,MISSED_NON86,,,,,607.0003,509.9997,226.00029999999998,False,100.0,False
shuming_63_00000393#3,8,MISSED_NON86,F3_survives_official_fail,large,18724.021484375,person,197.3338,369.3333,197.3338,False,0.0,True
shuming_63_00000393#4,8,G86,F0_no_raw_candidate,medium,1679.998291015625,light,328.9997,364.3336,328.9997,False,0.0,True
shuming_63_00000393#5,8,MISSED_NON86,F0_no_raw_candidate,medium,2204.997314453125,light,487.6672,356.3337,356.3337,False,0.0,True
shuming_63_00000393#6,8,MISSED_NON86,F0_no_raw_candidate,medium,1575.006591796875,light,1059.6672,324.0,252.3327999999999,False,0.0,True
shuming_63_00000393#7,8,G86,F0_no_raw_candidate,medium,2880.001953125,light,1091.0002,323.0,220.99980000000005,False,0.0,True
shuming_63_00000393#8,8,G86,F0_no_raw_candidate,medium,2300.998779296875,light,1251.0002,315.3333,60.99980000000005,True,0.0,True
shuming_63_00000393#9,8,G86,F0_no_raw_candidate,medium,2969.999267578125,light,772.3328,302.0,302.0,False,0.0,True
shuming_663_00000328#2,2,CONTROL,MATCHED@0.5,large,23296.0625,animal,435.6672,644.9997,91.00030000000004,False,,False
shuming_663_00000328#3,2,CONTROL,MATCHED@0.5,medium,5605.01318359375,animal,504.0,619.6665,116.33349999999996,False,170.0,False
shuming_67_00000001#1,5,CONTROL,MATCHED@0.5,large,91760.1953125,bicycle,26.6666,441.3333,26.6666,True,100.0,False
shuming_67_00000001#2,0,MISSED_NON86,MATCHED@0.5,medium,6080.0078125,bicycle,69.3334,426.6669,69.3334,True,50.0,False
shuming_698_00000001#0,5,CONTROL,,,,,7.3333,712.3334,7.3333,True,,False
shuming_698_00000001#1,5,MISSED_NON86,MATCHED@0.5,medium,1165.99658203125,bicycle,18.0,709.6665,18.0,True,,False
shuming_698_00000001#2,5,CONTROL,F1_nms_disappearance,medium,1650.0,bicycle,28.3333,709.6665,26.333499999999958,True,,False
shuming_698_00000001#3,5,CONTROL,MATCHED@0.5,medium,1642.9964599609375,bicycle,50.0,708.6664,27.333600000000047,True,,False
shuming_698_00000001#4,5,CONTROL,MATCHED@0.5,medium,1699.9969482421875,bicycle,75.0001,703.0,33.0,True,,False
shuming_698_00000001#5,5,CONTROL,MATCHED@0.5,medium,1683.0,bicycle,100.0,701.6665,34.33349999999996,True,,False
shuming_698_00000001#7,0,CONTROL,MATCHED@0.5,large,10183.974609375,bicycle,241.6666,677.3335,58.66650000000004,True,,False
shuming_698_00000001#8,0,CONTROL,MATCHED@0.5,medium,2590.00439453125,person,263.3331,674.3333,61.66669999999999,True,210.0,False
shuming_698_00000001#9,0,CONTROL,MATCHED@0.5,medium,2336.00439453125,person,248.3328,641.3335,94.66650000000004,False,,False
shuming_698_00000001#10,0,CONTROL,MATCHED@0.5,medium,1479.99755859375,person,232.9997,623.0001,112.99990000000003,False,,False
shuming_698_00000001#11,0,CONTROL,MATCHED@0.5,medium,1828.996337890625,person,282.0006,612.6666,123.33339999999998,False,,False
shuming_698_00000001#12,0,CONTROL,MATCHED@0.5,medium,1560.0052490234375,person,298.6663,611.3332,124.66679999999997,False,,False
shuming_698_00000001#13,0,CONTROL,MATCHED@0.5,medium,1536.00146484375,person,329.6666,618.333,117.66700000000003,False,,False
shuming_698_00000001#14,0,CONTROL,MATCHED@0.5,medium,1711.0018310546875,person,345.3337,607.0002,128.99980000000005,False,,False
shuming_698_00000001#15,0,MISSED_NON86,MATCHED@0.5,medium,1707.994384765625,person,506.6662,591.9997,144.00030000000004,False,260.0,False
shuming_698_00000001#16,0,CONTROL,F1_nms_disappearance,medium,2052.006591796875,person,497.3338,645.6664,90.33360000000005,False,,False
shuming_698_00000001#17,0,CONTROL,MATCHED@0.5,medium,1819.9920654296875,person,523.0004,644.9996,91.00040000000001,False,,False
shuming_698_00000001#18,0,CONTROL,MATCHED@0.5,medium,2059.0078125,person,539.3331,628.9998,107.00019999999995,False,,False
shuming_698_00000001#19,0,CONTROL,MATCHED@0.5,medium,2208.00830078125,person,697.3338,628.3331,107.66690000000006,False,,False
shuming_698_00000001#20,0,CONTROL,MATCHED@0.5,medium,2277.9990234375,person,843.6672,609.3331,126.66690000000006,False,,False
shuming_698_00000001#21,0,MISSED_NON86,MATCHED@0.5,medium,1972.0008544921875,person,852.3328,607.667,128.33299999999997,False,,False
shuming_698_00000001#22,0,CONTROL,F1_nms_disappearance,medium,2117.0,person,1056.6669,583.6665,152.33349999999996,False,,False
shuming_698_00000001#23,0,CONTROL,MATCHED@0.5,medium,2129.998046875,person,1258.0007,556.3331,53.99929999999995,True,,False
shuming_698_00000001#25,0,MISSED_NON86,MATCHED@0.5,large,168516.515625,person,920.9997,617.3338,118.6662,False,120.0,False
shuming_706_00000375#0,1,CONTROL,,,,,776.9997,644.3336,91.66639999999995,False,0.0,True
shuming_706_00000375#2,0,CONTROL,MATCHED@0.5,large,12760.0322265625,boat,759.6672,627.6664,108.33360000000005,False,,False
shuming_706_00000375#3,0,MISSED_NON86,MATCHED@0.5,medium,3159.0,person,784.9997,624.6669,111.33309999999994,False,30.0,False
shuming_706_00000375#4,0,CONTROL,F1_nms_disappearance,medium,2112.0009765625,person,802.6662,636.9997,99.00030000000004,False,,False
shuming_72_00000270#19,6,CONTROL,F3_survives_official_fail,large,17424.00390625,car,814.3333,330.0,330.0,False,,False
shuming_72_00000270#20,6,MISSED_NON86,MATCHED@0.5,medium,5544.00439453125,car,911.3332,326.6666,326.6666,False,60.0,False
shuming_72_00000270#22,6,CONTROL,MATCHED@0.5,large,11303.0,car,1028.3327,341.3334,283.66730000000007,False,70.0,False
shuming_72_00000270#24,6,CONTROL,F0_no_raw_candidate,small,585.0004272460938,car,1070.0006,331.3333,241.99939999999992,False,180.0,False
shuming_731_00000492#0,0,CONTROL,,,,,543.0004,458.3332,277.6668,False,,False
shuming_731_00000492#1,0,CONTROL,MATCHED@0.5,medium,3519.0,person,588.9997,473.6663,262.3337,False,,False
shuming_731_00000492#3,0,CONTROL,MATCHED@0.5,large,13489.9609375,person,959.3331,617.9997,118.00030000000004,False,30.0,False
shuming_731_00000492#5,1,CONTROL,MATCHED@0.5,large,21987.966796875,boat,634.6663,513.6666,222.33339999999998,False,0.0,True
shuming_753_00000172#0,0,CONTROL,,,,,1018.6662,466.3331,269.6669,False,,False
shuming_758_00000371#0,7,CONTROL,,,,,460.3328,530.3333,205.6667,False,,False
shuming_763_00000009#2,4,CONTROL,MATCHED@0.5,large,29045.96875,person,891.3332,605.3334,130.66660000000002,False,,False
shuming_774_00000273#3,0,CONTROL,MATCHED@0.5,large,9504.0,person,1084.3327,870.9998,-134.99980000000005,True,20.0,False
shuming_774_00000273#5,8,MISSED_NON86,MATCHED@0.5,large,25102.0703125,sign,554.3334,679.3336,56.66639999999995,True,50.0,False
shuming_779_00000254#1,6,CONTROL,MATCHED@0.5,large,15168.0,car,808.3328,845.6666,-109.66660000000002,True,90.0,False
shuming_779_00000254#5,8,CONTROL,MATCHED@0.5,large,18950.005859375,light,159.0003,835.9998,-99.99980000000005,True,0.0,True
shuming_783_00000248#0,0,CONTROL,,,,,683.3331,623.3334,112.66660000000002,False,20.0,False
shuming_783_00000248#2,3,G86,MATCHED@0.5,large,13464.0078125,person,802.6662,687.0001,48.999900000000025,True,40.0,False
shuming_793_00000117#2,4,MISSED_NON86,MATCHED@0.5,large,13362.025390625,light,71.3334,876.3335,-140.33349999999996,True,10.0,False
shuming_825_00000172#1,4,CONTROL,MATCHED@0.5,large,38308.0546875,person,371.6673,438.3331,297.6669,False,130.0,False
shuming_825_00000172#2,4,CONTROL,MATCHED@0.5,medium,1264.9971923828125,sign,642.6662,435.6669,300.3331,False,0.0,True
shuming_825_00000172#3,4,CONTROL,MATCHED@0.5,medium,1195.9971923828125,sign,1009.3337,425.0001,302.6663,False,,False
shuming_826_00000213#1,4,CONTROL,MATCHED@0.5,large,36540.0625,person,1040.9998,478.6667,257.3333,False,,False
shuming_826_00000213#2,4,CONTROL,MATCHED@0.5,medium,1518.004150390625,sign,675.0003,500.6663,235.33370000000002,False,110.0,False
shuming_826_00000213#3,4,CONTROL,MATCHED@0.5,medium,1482.0,sign,407.3331,510.9998,225.0002,False,0.0,True
shuming_85_00000273#4,8,G86,F0_no_raw_candidate,small,667.0014038085938,light,1050.6663,293.0,261.3336999999999,False,40.0,False
shuming_987_00000275#1,2,CONTROL,MATCHED@0.5,large,22490.98046875,boat,228.6669,758.3334,-22.333399999999983,True,,False
shuming_987_00000275#2,2,CONTROL,MATCHED@0.5,medium,3989.99658203125,animal,365.6666,728.3333,7.666699999999992,True,,False
shuming_987_00000275#3,2,CONTROL,MATCHED@0.5,medium,2565.0,animal,119.6667,792.6666,-56.66660000000002,True,,False
shuming_987_00000275#4,2,CONTROL,MATCHED@0.5,medium,2250.0,animal,1005.3338,565.6665,170.33349999999996,False,,False
shuming_987_00000275#5,2,MISSED_NON86,MATCHED@0.5,medium,2346.0,animal,1115.6673,571.3336,164.66639999999995,False,200.0,False
