key,cls,role,failure,size,area,cls_name,stem,final_dead,final_f0_p3,t_dead,init_dead,ever_dead
00000045#1,8,CONTROL,MATCHED@0.5,small,288.0,sign,00000045,True,False,0.0,True,True
00000045#2,8,CONTROL,MATCHED@0.5,medium,3068.00244140625,light,00000045,True,False,0.0,True,True
00000045#3,6,CONTROL,MATCHED@0.5,medium,1105.0025634765625,light,00000045,True,False,0.0,True,True
00000045#6,10,CONTROL,MATCHED@0.5,small,836.0,uav,00000045,True,False,0.0,True,True
00000045#7,10,CONTROL,MATCHED@0.5,medium,3528.010498046875,uav,00000045,True,False,0.0,True,True
00000057#1,8,CONTROL,MATCHED@0.5,small,323.0,sign,00000057,True,False,0.0,True,True
00000057#2,8,CONTROL,MATCHED@0.5,medium,2996.99658203125,light,00000057,True,False,0.0,True,True
00000057#3,6,CONTROL,MATCHED@0.5,medium,1272.9993896484375,light,00000057,True,False,0.0,True,True
00000057#5,10,CONTROL,MATCHED@0.5,small,714.0,car,00000057,True,False,10.0,False,True
00000063#1,8,CONTROL,MATCHED@0.5,small,288.0,sign,00000063,True,False,0.0,True,True
00000063#2,8,CONTROL,MATCHED@0.5,medium,3190.00439453125,light,00000063,True,False,0.0,True,True
00000063#3,6,CONTROL,MATCHED@0.5,medium,1311.0023193359375,light,00000063,True,False,0.0,True,True
00000063#5,10,CONTROL,MATCHED@0.5,small,640.0009765625,car,00000063,True,False,0.0,True,True
00000095#1,8,CONTROL,MATCHED@0.5,small,288.0,sign,00000095,True,False,0.0,True,True
00000095#2,8,CONTROL,MATCHED@0.5,medium,3329.996337890625,light,00000095,True,False,0.0,True,True
00000095#3,6,CONTROL,MATCHED@0.5,medium,1332.002685546875,light,00000095,True,False,0.0,True,True
00000106#1,8,CONTROL,MATCHED@0.5,small,288.0,sign,00000106,True,False,0.0,True,True
00000106#2,8,CONTROL,MATCHED@0.5,medium,2799.999267578125,light,00000106,True,False,0.0,True,True
00000106#3,6,CONTROL,MATCHED@0.5,medium,1816.9964599609375,light,00000106,True,False,10.0,False,True
00000106#5,0,CONTROL,MATCHED@0.5,small,640.0009765625,car,00000106,True,False,0.0,True,True
00000123#1,8,CONTROL,MATCHED@0.5,small,231.00064086914062,uav,00000123,True,False,0.0,True,True
00000123#2,8,CONTROL,MATCHED@0.5,medium,2447.9970703125,light,00000123,True,False,0.0,True,True
00000123#3,0,CONTROL,MATCHED@0.5,medium,1045.001708984375,light,00000123,True,False,0.0,True,True
00000123#5,6,CONTROL,MATCHED@0.5,small,340.0005187988281,sign,00000123,True,False,0.0,True,True
00000171#0,0,CONTROL,,,,,00000171,True,False,0.0,True,True
00000180#0,0,CONTROL,,,,,00000180,True,False,0.0,True,True
00000234#1,0,CONTROL,MATCHED@0.5,small,360.0,uav,00000234,True,False,0.0,True,True
00000257#0,10,CONTROL,,,,,00000257,True,False,10.0,False,True
00000271#0,10,CONTROL,,,,,00000271,True,False,10.0,False,True
00000271#1,10,CONTROL,MATCHED@0.5,medium,1479.000732421875,uav,00000271,True,False,10.0,False,True
00000273#0,10,MISSED_NON86,,,,,00000273,True,False,30.0,False,True
00000273#1,10,CONTROL,F0_no_raw_candidate,medium,1122.0,uav,00000273,True,True,0.0,True,True
000002_080_00000048#0,6,CONTROL,,,,,000002_080_00000048,False,False,150.0,False,True
000002_083_00000169#0,4,G86,,,,,000002_083_00000169,True,False,0.0,True,True
000002_083_00000169#1,5,G86,F0_no_raw_candidate,medium,1947.0,sign,000002_083_00000169,True,True,10.0,False,True
000002_083_00000169#2,6,CONTROL,F0_no_raw_candidate,medium,2699.995361328125,bicycle,000002_083_00000169,False,True,,False,False
00000346#0,10,CONTROL,,,,,00000346,True,False,0.0,True,True
00000364#0,0,CONTROL,,,,,00000364,True,False,0.0,True,True
00000396#0,0,CONTROL,,,,,00000396,True,False,0.0,True,True
00000399#0,0,CONTROL,,,,,00000399,True,False,20.0,False,True
000003_081_00000171#10,3,CONTROL,MATCHED@0.5,large,13175.041015625,seat,000003_081_00000171,False,False,0.0,True,True
000003_081_00000171#11,3,CONTROL,MATCHED@0.5,medium,9042.0078125,seat,000003_081_00000171,True,False,0.0,True,True
00000426#0,10,CONTROL,,,,,00000426,True,False,0.0,True,True
00000506#0,10,CONTROL,,,,,00000506,False,False,,False,False
000005_004_00000286#4,9,CONTROL,MATCHED@0.5,large,36287.98828125,person,000005_004_00000286,False,False,0.0,True,True
000005_006_00000001#1,0,CONTROL,MATCHED@0.5,large,30671.96484375,person,000005_006_00000001,True,False,20.0,False,True
000005_006_00000001#2,0,CONTROL,MATCHED@0.5,medium,7261.0146484375,person,000005_006_00000001,True,False,50.0,False,True
000005_019_00000209#0,0,CONTROL,,,,,000005_019_00000209,False,False,,False,False
000005_019_00000209#1,0,CONTROL,MATCHED@0.5,medium,4995.0107421875,person,000005_019_00000209,False,False,,False,False
000005_019_00000209#2,0,CONTROL,MATCHED@0.5,medium,3432.0,person,000005_019_00000209,False,False,,False,False
000005_027_00000493#1,0,CONTROL,MATCHED@0.5,large,286199.59375,person,000005_027_00000493,True,False,70.0,False,True
000005_027_00000493#2,0,CONTROL,MATCHED@0.5,medium,4275.0,person,000005_027_00000493,False,False,,False,False
000005_027_00000493#3,0,CONTROL,MATCHED@0.5,medium,4216.0,person,000005_027_00000493,True,False,140.0,False,True
000005_027_00000493#4,0,CONTROL,MATCHED@0.5,medium,6270.02685546875,person,000005_027_00000493,False,False,,False,False
000005_027_00000493#5,5,CONTROL,MATCHED@0.5,medium,2529.9931640625,person,000005_027_00000493,False,False,,False,False
000005_027_00000493#6,5,CONTROL,MATCHED@0.5,medium,2538.0,bicycle,000005_027_00000493,False,False,,False,False
000005_027_00000493#7,5,CONTROL,MATCHED@0.5,medium,2052.0,bicycle,000005_027_00000493,False,False,,False,False
000005_027_00000493#8,9,MISSED_NON86,MATCHED@0.5,medium,3053.002685546875,bicycle,000005_027_00000493,True,False,0.0,True,True
000005_028_00000001#2,0,CONTROL,MATCHED@0.5,large,13799.96875,person,000005_028_00000001,True,False,20.0,False,True
000005_028_00000163#2,0,CONTROL,F0_no_raw_candidate,large,32024.955078125,person,000005_028_00000163,False,True,,False,False
00000618#2,0,CONTROL,MATCHED@0.5,small,340.0,seat,00000618,True,False,0.0,True,True
000006_010_00000389#4,1,CONTROL,F1_nms_disappearance,large,25200.064453125,animal,000006_010_00000389,True,False,0.0,True,True
000006_011_00000307#3,2,CONTROL,F1_nms_disappearance,large,42081.05078125,animal,000006_011_00000307,False,False,,False,False
000006_011_00000409#8,2,CONTROL,MATCHED@0.5,large,10823.01171875,animal,000006_011_00000409,False,False,20.0,False,True
000006_011_00000409#10,2,G86,MATCHED@0.5,large,195013.578125,boat,000006_011_00000409,True,False,30.0,False,True
000006_012_00000001#3,0,MISSED_NON86,MATCHED@0.5,large,21759.9765625,person,000006_012_00000001,True,False,120.0,False,True
000006_012_00000001#6,0,MISSED_NON86,MATCHED@0.5,large,15051.978515625,person,000006_012_00000001,True,False,30.0,False,True
000006_012_00000001#11,0,CONTROL,MATCHED@0.5,large,20824.99609375,person,000006_012_00000001,True,False,120.0,False,True
000006_012_00000001#12,9,CONTROL,MATCHED@0.5,medium,7544.00830078125,person,000006_012_00000001,False,False,0.0,True,True
000008_003_00000235#1,0,CONTROL,MATCHED@0.5,large,9918.9892578125,animal,000008_003_00000235,True,False,150.0,False,True
000008_003_00000235#2,0,CONTROL,MATCHED@0.5,medium,8820.025390625,person,000008_003_00000235,True,False,220.0,False,True
000008_003_00000235#3,0,CONTROL,MATCHED@0.5,medium,6762.01171875,person,000008_003_00000235,True,False,140.0,False,True
000008_003_00000235#4,0,CONTROL,MATCHED@0.5,medium,8467.9892578125,person,000008_003_00000235,True,False,50.0,False,True
000008_003_00000235#5,0,CONTROL,MATCHED@0.5,medium,7052.00537109375,person,000008_003_00000235,False,False,100.0,False,True
000008_003_00000235#10,0,CONTROL,MATCHED@0.5,large,15984.037109375,person,000008_003_00000235,True,False,60.0,False,True
000008_003_00000235#11,8,CONTROL,MATCHED@0.5,medium,7068.01220703125,person,000008_003_00000235,False,False,,False,False
000008_003_00000352#1,0,CONTROL,MATCHED@0.5,large,12407.9765625,animal,000008_003_00000352,False,False,,False,False
000008_003_00000352#3,0,CONTROL,MATCHED@0.5,large,14999.986328125,person,000008_003_00000352,True,False,0.0,True,True
000008_003_00000352#5,0,CONTROL,MATCHED@0.5,large,13671.0078125,person,000008_003_00000352,True,False,10.0,False,True
000008_003_00000352#7,0,CONTROL,MATCHED@0.5,large,10332.0078125,person,000008_003_00000352,True,False,20.0,False,True
000008_003_00000352#8,0,CONTROL,MATCHED@0.5,medium,8495.978515625,person,000008_003_00000352,False,False,160.0,False,True
000008_003_00000352#9,0,CONTROL,MATCHED@0.5,medium,7771.99658203125,person,000008_003_00000352,True,False,70.0,False,True
000008_003_00000352#10,0,CONTROL,MATCHED@0.5,medium,8029.98974609375,person,000008_003_00000352,False,False,40.0,False,True
000008_003_00000352#12,0,CONTROL,MATCHED@0.5,large,16789.919921875,garbage_can,000008_003_00000352,True,False,140.0,False,True
000008_003_00000352#13,8,CONTROL,MATCHED@0.5,medium,6664.0029296875,person,000008_003_00000352,False,False,,False,False
000008_003_00000469#0,2,CONTROL,,,,,000008_003_00000469,True,False,0.0,True,True
000008_003_00000469#1,0,CONTROL,MATCHED@0.5,medium,8904.0,animal,000008_003_00000469,False,False,,False,False
000008_003_00000469#2,0,CONTROL,MATCHED@0.5,medium,7739.970703125,person,000008_003_00000469,True,False,220.0,False,True
000008_003_00000469#3,0,CONTROL,MATCHED@0.5,medium,6784.02587890625,person,000008_003_00000469,True,False,40.0,False,True
000008_003_00000469#4,0,CONTROL,MATCHED@0.5,medium,8460.029296875,person,000008_003_00000469,False,False,20.0,False,True
000008_003_00000469#6,0,CONTROL,MATCHED@0.5,large,9900.0146484375,person,000008_003_00000469,True,False,170.0,False,True
000008_003_00000469#9,0,CONTROL,MATCHED@0.5,large,13523.9619140625,person,000008_003_00000469,False,False,,False,False
000008_003_00000469#10,8,CONTROL,MATCHED@0.5,medium,3577.0,person,000008_003_00000469,False,False,,False,False
000008_004_00000665#2,0,CONTROL,MATCHED@0.5,large,11269.9931640625,garbage_can,000008_004_00000665,False,False,,False,False
000008_004_00000665#4,0,CONTROL,MATCHED@0.5,large,10004.982421875,person,000008_004_00000665,True,False,130.0,False,True
000008_004_00000665#11,0,CONTROL,MATCHED@0.5,large,24198.052734375,person,000008_004_00000665,True,False,90.0,False,True
000008_004_00000665#12,0,CONTROL,MATCHED@0.5,medium,6407.00048828125,person,000008_004_00000665,False,False,220.0,False,True
000008_004_00000665#13,0,CONTROL,MATCHED@0.5,medium,6379.9873046875,person,000008_004_00000665,False,False,,False,False
000008_013_00000195#1,0,CONTROL,MATCHED@0.5,large,30832.04296875,animal,000008_013_00000195,True,False,70.0,False,True
000008_013_00000195#2,0,CONTROL,MATCHED@0.5,medium,8119.986328125,person,000008_013_00000195,False,False,,False,False
000008_042_00000273#1,2,CONTROL,F1_nms_disappearance,large,16074.0595703125,animal,000008_042_00000273,True,False,40.0,False,True
000008_045_00000001#0,2,CONTROL,,,,,000008_045_00000001,False,False,90.0,False,True
000008_045_00000001#2,2,CONTROL,MATCHED@0.5,large,10323.0,animal,000008_045_00000001,True,False,20.0,False,True
000008_045_00000001#3,2,CONTROL,MATCHED@0.5,medium,7546.0,animal,000008_045_00000001,False,False,,False,False
000008_045_00000157#0,2,CONTROL,,,,,000008_045_00000157,True,False,10.0,False,True
000008_045_00000157#4,2,CONTROL,MATCHED@0.5,large,23792.8984375,animal,000008_045_00000157,False,False,,False,False
000008_048_00000361#3,2,CONTROL,MATCHED@0.5,large,21343.93359375,animal,000008_048_00000361,False,False,180.0,False,True
000008_048_00000361#4,2,CONTROL,MATCHED@0.5,medium,4851.0029296875,animal,000008_048_00000361,False,False,,False,False
000008_048_00000361#5,2,CONTROL,MATCHED@0.5,medium,3840.0009765625,animal,000008_048_00000361,False,False,,False,False
000009_008_00000241#3,0,CONTROL,MATCHED@0.5,large,66495.3828125,person,000009_008_00000241,True,False,30.0,False,True
000009_008_00000241#5,0,CONTROL,MATCHED@0.5,large,10540.0205078125,person,000009_008_00000241,True,False,20.0,False,True
000009_008_00000241#6,0,CONTROL,MATCHED@0.5,medium,7848.0087890625,person,000009_008_00000241,False,False,70.0,False,True
000009_008_00000241#7,0,CONTROL,MATCHED@0.5,medium,3095.993408203125,person,000009_008_00000241,False,False,100.0,False,True
000009_008_00000241#9,0,CONTROL,MATCHED@0.5,large,12616.029296875,person,000009_008_00000241,True,False,10.0,False,True
000009_033_00000333#1,0,CONTROL,MATCHED@0.5,large,15600.0,bicycle,000009_033_00000333,False,False,,False,False
000009_033_00000333#2,0,CONTROL,MATCHED@0.5,medium,2325.0,person,000009_033_00000333,False,False,,False,False
000009_033_00000333#3,0,CONTROL,MATCHED@0.5,medium,4387.00634765625,person,000009_033_00000333,False,False,,False,False
000009_033_00000333#4,0,CONTROL,MATCHED@0.5,medium,3990.0,person,000009_033_00000333,False,False,,False,False
000009_033_00000333#6,3,CONTROL,MATCHED@0.5,small,779.0,person,000009_033_00000333,True,False,10.0,False,True
000012_008_00000163#3,2,CONTROL,MATCHED@0.5,large,16187.9443359375,animal,000012_008_00000163,False,False,60.0,False,True
000012_008_00000163#4,2,CONTROL,MATCHED@0.5,medium,7037.998046875,animal,000012_008_00000163,True,False,100.0,False,True
000012_008_00000163#5,2,CONTROL,MATCHED@0.5,medium,5444.98779296875,animal,000012_008_00000163,False,False,,False,False
000012_008_00000163#6,2,CONTROL,MATCHED@0.5,medium,4888.0126953125,animal,000012_008_00000163,False,False,,False,False
000012_008_00000163#8,2,CONTROL,MATCHED@0.5,large,12635.9609375,animal,000012_008_00000163,True,False,40.0,False,True
000012_008_00000163#10,2,CONTROL,F1_nms_disappearance,small,468.0,animal,000012_008_00000163,False,False,,False,False
000012_008_00000163#11,2,CONTROL,MATCHED@0.5,medium,2088.010498046875,animal,000012_008_00000163,False,False,,False,False
000012_008_00000163#12,2,CONTROL,MATCHED@0.5,medium,2820.01025390625,animal,000012_008_00000163,False,False,,False,False
000012_008_00000163#13,2,G86,MATCHED@0.5,medium,2960.9970703125,animal,000012_008_00000163,True,False,30.0,False,True
000012_008_00000163#14,2,G86,F0_no_raw_candidate,medium,1554.0025634765625,animal,000012_008_00000163,True,True,20.0,False,True
000012_009_00000244#1,2,CONTROL,MATCHED@0.5,large,10788.021484375,animal,000012_009_00000244,True,False,20.0,False,True
000012_009_00000244#3,2,CONTROL,MATCHED@0.5,large,9375.0185546875,animal,000012_009_00000244,True,False,10.0,False,True
000012_009_00000244#4,2,CONTROL,MATCHED@0.5,medium,7375.02978515625,animal,000012_009_00000244,False,False,,False,False
000012_009_00000244#5,2,CONTROL,MATCHED@0.5,medium,4277.98876953125,animal,000012_009_00000244,False,False,,False,False
000012_009_00000244#6,2,CONTROL,MATCHED@0.5,medium,4650.01123046875,animal,000012_009_00000244,False,False,,False,False
000012_009_00000244#7,2,CONTROL,MATCHED@0.5,medium,2088.0,animal,000012_009_00000244,False,False,,False,False
000012_009_00000244#8,2,CONTROL,MATCHED@0.5,medium,1611.99365234375,animal,000012_009_00000244,False,False,,False,False
000012_009_00000244#9,2,CONTROL,MATCHED@0.5,medium,1280.0048828125,animal,000012_009_00000244,False,False,,False,False
000012_009_00000244#10,2,CONTROL,MATCHED@0.5,medium,1716.0,animal,000012_009_00000244,False,False,,False,False
000012_009_00000244#11,2,CONTROL,MATCHED@0.5,medium,4014.9912109375,animal,000012_009_00000244,False,False,,False,False
000012_009_00000244#12,2,CONTROL,MATCHED@0.5,medium,1860.0,animal,000012_009_00000244,False,False,,False,False
000012_009_00000244#13,2,CONTROL,MATCHED@0.5,medium,1450.0,animal,000012_009_00000244,True,False,140.0,False,True
000012_009_00000244#14,2,MISSED_NON86,MATCHED@0.5,medium,2016.0,animal,000012_009_00000244,True,False,170.0,False,True
000012_009_00000325#3,2,CONTROL,MATCHED@0.5,large,9632.03125,animal,000012_009_00000325,True,False,0.0,True,True
000012_009_00000325#4,2,CONTROL,MATCHED@0.5,medium,8910.9921875,animal,000012_009_00000325,False,False,,False,False
000012_009_00000325#5,2,CONTROL,MATCHED@0.5,medium,3763.0087890625,animal,000012_009_00000325,False,False,160.0,False,True
000012_009_00000325#6,2,CONTROL,MATCHED@0.5,medium,4356.0,animal,000012_009_00000325,False,False,,False,False
000012_009_00000325#7,2,CONTROL,MATCHED@0.5,medium,3075.004638671875,animal,000012_009_00000325,False,False,,False,False
000012_009_00000325#8,2,MISSED_NON86,MATCHED@0.5,medium,1776.0,animal,000012_009_00000325,True,False,180.0,False,True
000012_009_00000325#9,2,CONTROL,F1_nms_disappearance,medium,1440.0,animal,000012_009_00000325,False,False,,False,False
000012_009_00000325#11,2,CONTROL,MATCHED@0.5,small,874.0,animal,000012_009_00000325,False,False,,False,False
000012_009_00000325#12,2,CONTROL,MATCHED@0.5,medium,2481.9912109375,animal,000012_009_00000325,False,False,,False,False
000012_009_00000325#14,2,CONTROL,F3_survives_official_fail,small,621.0032958984375,animal,000012_009_00000325,False,False,200.0,False,True
000012_009_00000325#15,2,MISSED_NON86,MATCHED@0.5,medium,2684.0,animal,000012_009_00000325,False,False,,False,False
000012_009_00000325#16,2,CONTROL,F1_nms_disappearance,medium,2145.0,animal,000012_009_00000325,False,False,,False,False
000012_014_00000184#0,2,MISSED_NON86,,,,,000012_014_00000184,True,False,190.0,False,True
000012_014_00000184#1,2,CONTROL,F0_no_raw_candidate,medium,3869.997314453125,animal,000012_014_00000184,True,True,50.0,False,True
000012_014_00000184#3,2,MISSED_NON86,F0_no_raw_candidate,small,1008.0,animal,000012_014_00000184,True,True,10.0,False,True
000012_019_00000151#1,2,CONTROL,MATCHED@0.5,large,20770.083984375,animal,000012_019_00000151,False,False,,False,False
000012_019_00000151#2,2,CONTROL,MATCHED@0.5,medium,6832.0048828125,animal,000012_019_00000151,False,False,,False,False
000012_019_00000151#4,0,G86,MATCHED@0.5,large,41769.0390625,person,000012_019_00000151,True,False,0.0,True,True
000012_019_00000151#5,0,G86,F0_no_raw_candidate,medium,2397.0,person,000012_019_00000151,True,True,10.0,False,True
000012_022_00000090#0,2,G86,,,,,000012_022_00000090,True,False,30.0,False,True
000012_022_00000090#1,2,G86,F0_no_raw_candidate,medium,7400.0,animal,000012_022_00000090,True,True,0.0,True,True
000012_025_00000313#1,4,MISSED_NON86,F0_no_raw_candidate,large,36225.171875,garbage_can,000012_025_00000313,True,True,40.0,False,True
000012_025_00000313#2,4,CONTROL,F0_no_raw_candidate,medium,1120.0,sign,000012_025_00000313,False,True,40.0,False,True
000012_025_00000313#3,2,G86,MATCHED@0.5,medium,1359.9951171875,sign,000012_025_00000313,True,False,0.0,True,True
000012_025_00000313#4,2,CONTROL,F0_no_raw_candidate,medium,1368.0,animal,000012_025_00000313,False,True,60.0,False,True
000012_025_00000313#5,2,MISSED_NON86,MATCHED@0.5,medium,1053.995849609375,animal,000012_025_00000313,True,False,0.0,True,True
000012_025_00000313#6,2,G86,F0_no_raw_candidate,medium,1519.9976806640625,animal,000012_025_00000313,True,True,30.0,False,True
000012_028_00000250#0,2,CONTROL,,,,,000012_028_00000250,True,False,10.0,False,True
000012_028_00000250#1,2,CONTROL,MATCHED@0.5,medium,7802.0087890625,animal,000012_028_00000250,True,False,40.0,False,True
000013_001_00000001#1,2,CONTROL,MATCHED@0.5,large,72048.109375,animal,000013_001_00000001,False,False,,False,False
000013_001_00000001#2,2,CONTROL,MATCHED@0.5,medium,3519.0,animal,000013_001_00000001,False,False,,False,False
000013_001_00000001#3,2,CONTROL,MATCHED@0.5,medium,3657.0,animal,000013_001_00000001,False,False,,False,False
000013_002_00000281#1,2,CONTROL,MATCHED@0.5,large,64896.1328125,animal,000013_002_00000281,False,False,,False,False
000013_002_00000281#2,2,CONTROL,MATCHED@0.5,medium,2771.99609375,animal,000013_002_00000281,False,False,130.0,False,True
000013_002_00000281#3,2,CONTROL,MATCHED@0.5,medium,4315.998046875,animal,000013_002_00000281,False,False,70.0,False,True
000013_023_00000075#1,2,MISSED_NON86,MATCHED@0.5,large,13832.0107421875,animal,000013_023_00000075,False,False,,False,False
000013_023_00000075#2,2,MISSED_NON86,F1_nms_disappearance,medium,6299.9951171875,animal,000013_023_00000075,True,False,140.0,False,True
000013_025_00000285#0,2,CONTROL,,,,,000013_025_00000285,False,False,,False,False
000013_025_00000285#1,2,CONTROL,MATCHED@0.5,medium,1872.0,animal,000013_025_00000285,False,False,,False,False
000013_025_00000285#2,2,CONTROL,MATCHED@0.5,medium,6075.0,animal,000013_025_00000285,False,False,,False,False
000013_030_00000063#0,4,CONTROL,,,,,000013_030_00000063,False,False,50.0,False,True
000013_030_00000063#1,2,CONTROL,MATCHED@0.5,medium,2880.0,sign,000013_030_00000063,True,False,10.0,False,True
000013_039_00000063#0,0,CONTROL,,,,,000013_039_00000063,False,False,,False,False
000013_039_00000063#1,0,CONTROL,MATCHED@0.5,medium,3960.0,person,000013_039_00000063,False,False,,False,False
000013_039_00000063#3,9,CONTROL,MATCHED@0.5,large,9780.0078125,person,000013_039_00000063,False,False,0.0,True,True
000013_039_00000063#5,3,MISSED_NON86,F0_no_raw_candidate,small,861.0,seat,000013_039_00000063,True,True,10.0,False,True
000013_040_suppl_00000167#0,6,CONTROL,,,,,000013_040_suppl_00000167,True,False,0.0,True,True
000013_040_suppl_00000333#1,6,MISSED_NON86,F0_no_raw_candidate,large,21402.021484375,light,000013_040_suppl_00000333,True,True,10.0,False,True
000013_040_suppl_00000333#3,0,CONTROL,MATCHED@0.5,large,35989.90625,person,000013_040_suppl_00000333,True,False,50.0,False,True
000013_040_suppl_00000333#4,9,CONTROL,MATCHED@0.5,medium,7595.0048828125,person,000013_040_suppl_00000333,False,False,50.0,False,True
000013_044_00000001#0,8,CONTROL,,,,,000013_044_00000001,False,False,0.0,True,True
000013_044_00000001#1,2,CONTROL,MATCHED@0.5,medium,2071.990966796875,light,000013_044_00000001,True,False,210.0,False,True
000013_044_00000001#2,2,CONTROL,MATCHED@0.5,medium,3828.0,animal,000013_044_00000001,True,False,30.0,False,True
000013_044_00000001#4,2,CONTROL,MATCHED@0.5,large,12760.0,animal,000013_044_00000001,True,False,210.0,False,True
000013_044_00000001#5,2,CONTROL,MATCHED@0.5,medium,4232.00146484375,animal,000013_044_00000001,True,False,30.0,False,True
000013_044_00000001#7,2,CONTROL,F1_nms_disappearance,large,12496.0,animal,000013_044_00000001,True,False,70.0,False,True
000013_048_00000001#0,2,CONTROL,,,,,000013_048_00000001,False,False,,False,False
000013_048_00000001#1,2,CONTROL,MATCHED@0.5,medium,5041.00439453125,animal,000013_048_00000001,False,False,,False,False
000013_048_00000001#3,2,CONTROL,MATCHED@0.5,large,10196.98828125,animal,000013_048_00000001,False,False,,False,False
000013_048_00000001#4,2,CONTROL,F1_nms_disappearance,medium,5395.99560546875,animal,000013_048_00000001,False,False,,False,False
000013_056_00000281#2,2,CONTROL,MATCHED@0.5,large,14639.9833984375,animal,000013_056_00000281,False,False,,False,False
000013_056_00000281#3,2,CONTROL,MATCHED@0.5,medium,4692.0,animal,000013_056_00000281,False,False,,False,False
000013_056_00000281#4,2,CONTROL,MATCHED@0.5,medium,2145.992919921875,animal,000013_056_00000281,False,False,130.0,False,True
000013_056_00000281#6,2,CONTROL,MATCHED@0.5,small,817.0,animal,000013_056_00000281,False,False,,False,False
000013_056_00000281#7,2,CONTROL,MATCHED@0.5,medium,1104.0,animal,000013_056_00000281,False,False,,False,False
000013_056_00000281#8,2,CONTROL,MATCHED@0.5,medium,1482.0,animal,000013_056_00000281,False,False,,False,False
000013_056_00000281#9,2,G86,MATCHED@0.5,medium,7252.0,animal,000013_056_00000281,True,False,0.0,True,True
000013_056_00000281#10,2,MISSED_NON86,F0_no_raw_candidate,medium,4859.99658203125,animal,000013_056_00000281,False,True,60.0,False,True
000014_012_00000217#1,3,MISSED_NON86,F0_no_raw_candidate,large,111397.8984375,seat,000014_012_00000217,True,True,10.0,False,True
000014_012_00000217#2,8,MISSED_NON86,F0_no_raw_candidate,medium,4880.0,seat,000014_012_00000217,True,True,220.0,False,True
000014_050_00000273#3,6,MISSED_NON86,MATCHED@0.5,large,26565.994140625,sign,000014_050_00000273,True,False,10.0,False,True
000014_050_00000273#4,0,CONTROL,F0_no_raw_candidate,medium,5040.0,car,000014_050_00000273,False,True,,False,False
000014_050_00000273#5,5,CONTROL,MATCHED@0.5,medium,5832.0,person,000014_050_00000273,False,False,,False,False
000014_051_suppl_00000341#2,0,CONTROL,MATCHED@0.5,large,36607.9375,sign,000014_051_suppl_00000341,False,False,,False,False
000014_052_00000131#2,0,CONTROL,MATCHED@0.5,large,255135.390625,sign,000014_052_00000131,False,False,,False,False
000014_052_00000131#3,0,CONTROL,MATCHED@0.5,medium,2009.9990234375,person,000014_052_00000131,False,False,,False,False
000015_004_00000268#0,4,CONTROL,,,,,000015_004_00000268,False,False,,False,False
000015_004_suppl_00000223#2,4,CONTROL,MATCHED@0.5,large,9900.0166015625,ball,000015_004_suppl_00000223,False,False,0.0,True,True
000016_043_suppl_00000292#1,0,CONTROL,MATCHED@0.5,small,600.0,person,000016_043_suppl_00000292,False,False,,False,False
000016_043_suppl_00000292#2,0,CONTROL,MATCHED@0.5,medium,2400.9970703125,person,000016_043_suppl_00000292,False,False,,False,False
000016_043_suppl_00000292#4,0,MISSED_NON86,MATCHED@0.5,large,11439.9677734375,person,000016_043_suppl_00000292,False,False,,False,False
000016_043_suppl_00000292#5,0,CONTROL,F3_survives_official_fail,medium,3132.0,person,000016_043_suppl_00000292,False,False,120.0,False,True
000016_043_suppl_00000292#6,0,CONTROL,MATCHED@0.5,medium,2800.0,person,000016_043_suppl_00000292,False,False,,False,False
000016_043_suppl_00000292#8,0,CONTROL,F1_nms_disappearance,small,949.9988403320312,person,000016_043_suppl_00000292,False,False,,False,False
000016_043_suppl_00000292#9,0,MISSED_NON86,MATCHED@0.5,medium,3465.0,person,000016_043_suppl_00000292,True,False,90.0,False,True
000016_043_suppl_00000292#10,0,CONTROL,F3_survives_official_fail,medium,3416.0,person,000016_043_suppl_00000292,False,False,,False,False
000016_043_suppl_00000292#11,0,MISSED_NON86,MATCHED@0.5,medium,2021.0,person,000016_043_suppl_00000292,False,False,,False,False
000016_043_suppl_00000292#12,0,CONTROL,F1_nms_disappearance,medium,3348.0,person,000016_043_suppl_00000292,False,False,60.0,False,True
000016_043_suppl_00000292#14,6,CONTROL,MATCHED@0.5,large,15752.994140625,car,000016_043_suppl_00000292,True,False,10.0,False,True
000016_043_suppl_00000292#17,6,CONTROL,MATCHED@0.5,large,40890.0234375,car,000016_043_suppl_00000292,False,False,,False,False
000016_043_suppl_00000292#20,6,CONTROL,MATCHED@0.5,large,9400.0,car,000016_043_suppl_00000292,False,False,90.0,False,True
000016_044_00000085#0,0,CONTROL,,,,,000016_044_00000085,True,False,10.0,False,True
000016_044_00000085#1,0,G86,MATCHED@0.5,medium,8560.0,person,000016_044_00000085,True,False,60.0,False,True
000016_044_00000085#3,0,CONTROL,MATCHED@0.5,small,990.0,person,000016_044_00000085,False,False,,False,False
000016_044_00000085#4,0,CONTROL,MATCHED@0.5,medium,1710.0,person,000016_044_00000085,False,False,,False,False
000016_044_00000085#7,6,CONTROL,MATCHED@0.5,large,38456.09765625,car,000016_044_00000085,False,False,,False,False
000016_044_00000085#10,6,CONTROL,MATCHED@0.5,large,11088.0322265625,car,000016_044_00000085,True,False,20.0,False,True
000016_044_00000169#1,0,MISSED_NON86,MATCHED@0.5,large,19091.9921875,person,000016_044_00000169,True,False,40.0,False,True
000016_044_00000169#2,0,CONTROL,F1_nms_disappearance,medium,4425.00537109375,person,000016_044_00000169,False,False,,False,False
000016_044_00000169#3,0,CONTROL,MATCHED@0.5,medium,4560.0048828125,person,000016_044_00000169,False,False,,False,False
000016_044_00000169#5,0,CONTROL,MATCHED@0.5,small,675.0,person,000016_044_00000169,False,False,,False,False
000016_044_00000169#6,0,CONTROL,MATCHED@0.5,medium,1833.0,person,000016_044_00000169,False,False,,False,False
000016_044_00000169#8,0,CONTROL,MATCHED@0.5,large,13664.0,person,000016_044_00000169,False,False,,False,False
000016_044_00000169#16,6,MISSED_NON86,MATCHED@0.5,large,36974.19921875,car,000016_044_00000169,True,False,20.0,False,True
000016_044_00000169#17,6,MISSED_NON86,F1_nms_disappearance,medium,7992.0,car,000016_044_00000169,True,False,0.0,True,True
000017_011_00000297#3,0,CONTROL,MATCHED@0.5,large,24923.984375,person,000017_011_00000297,False,False,,False,False
000017_011_00000297#5,0,CONTROL,MATCHED@0.5,large,20838.966796875,person,000017_011_00000297,True,False,20.0,False,True
000017_011_00000297#9,8,MISSED_NON86,MATCHED@0.5,large,27392.01171875,light,000017_011_00000297,True,False,0.0,True,True
000017_011_00000297#10,8,MISSED_NON86,F0_no_raw_candidate,medium,3024.0,light,000017_011_00000297,False,True,0.0,True,True
000017_011_00000297#11,8,MISSED_NON86,F1_nms_disappearance,medium,9145.041015625,light,000017_011_00000297,True,False,0.0,True,True
000017_011_00000297#13,9,G86,MATCHED@0.5,large,9523.0068359375,garbage_can,000017_011_00000297,True,False,0.0,True,True
000017_012_00000135#2,9,CONTROL,MATCHED@0.5,large,30794.001953125,light,000017_012_00000135,False,False,0.0,True,True
000017_020_00000214#0,5,CONTROL,,,,,000017_020_00000214,False,False,,False,False
000017_020_00000214#2,8,CONTROL,MATCHED@0.5,large,21329.958984375,person,000017_020_00000214,False,False,,False,False
000017_020_suppl_00000356#0,5,CONTROL,,,,,000017_020_suppl_00000356,False,False,,False,False
000017_020_suppl_00000356#2,8,CONTROL,MATCHED@0.5,large,24751.958984375,person,000017_020_suppl_00000356,False,False,,False,False
000018_006_00000063#0,0,MISSED_NON86,,,,,000018_006_00000063,True,False,30.0,False,True
000019_030_00000072#1,0,CONTROL,MATCHED@0.5,large,13837.0126953125,animal,000019_030_00000072,False,False,,False,False
000019_030_00000072#2,0,CONTROL,MATCHED@0.5,medium,2520.00244140625,person,000019_030_00000072,True,False,80.0,False,True
000019_030_00000072#3,0,CONTROL,MATCHED@0.5,medium,7955.99658203125,person,000019_030_00000072,False,False,80.0,False,True
000019_030_00000072#4,0,CONTROL,MATCHED@0.5,medium,6297.9912109375,person,000019_030_00000072,False,False,,False,False
000019_030_00000072#5,0,CONTROL,MATCHED@0.5,medium,2443.9931640625,person,000019_030_00000072,False,False,,False,False
000019_038_00000205#2,4,CONTROL,MATCHED@0.5,large,50856.0,animal,000019_038_00000205,False,False,0.0,True,True
000019_038_00000205#3,4,CONTROL,MATCHED@0.5,medium,2220.0,sign,000019_038_00000205,False,False,0.0,True,True
000019_038_00000205#4,4,CONTROL,MATCHED@0.5,medium,2408.0,sign,000019_038_00000205,False,False,0.0,True,True
000019_038_00000205#5,0,MISSED_NON86,MATCHED@0.5,medium,3289.997802734375,sign,000019_038_00000205,True,False,20.0,False,True
000019_038_00000205#6,0,MISSED_NON86,F1_nms_disappearance,medium,4080.0,person,000019_038_00000205,True,False,70.0,False,True
000019_038_00000205#7,0,MISSED_NON86,F1_nms_disappearance,medium,8064.03369140625,person,000019_038_00000205,True,False,20.0,False,True
000019_038_00000205#8,0,CONTROL,F3_survives_official_fail,medium,7955.9951171875,person,000019_038_00000205,True,False,70.0,False,True
000019_041_00000141#2,7,G86,MATCHED@0.5,large,75744.140625,animal,000019_041_00000141,True,False,30.0,False,True
000019_045_00000145#4,0,G86,F1_nms_disappearance,large,44799.984375,animal,000019_045_00000145,True,False,20.0,False,True
000019_045_00000145#5,0,G86,F0_no_raw_candidate,medium,5454.0,person,000019_045_00000145,True,True,20.0,False,True
000019_045_00000145#7,0,MISSED_NON86,MATCHED@0.5,large,17000.037109375,person,000019_045_00000145,True,False,10.0,False,True
000020_010_00000089#1,4,CONTROL,MATCHED@0.5,large,30580.03125,person,000020_010_00000089,True,False,240.0,False,True
000020_010_00000089#5,0,MISSED_NON86,F1_nms_disappearance,small,1008.0,person,000020_010_00000089,False,False,,False,False
000020_010_00000089#6,0,CONTROL,F1_nms_disappearance,medium,1242.0,person,000020_010_00000089,False,False,,False,False
000020_010_00000089#7,5,MISSED_NON86,MATCHED@0.5,medium,2015.0,person,000020_010_00000089,True,False,10.0,False,True
000020_014_00000193#2,0,CONTROL,MATCHED@0.5,large,35032.0625,person,000020_014_00000193,True,False,130.0,False,True
000020_014_00000193#3,0,CONTROL,MATCHED@0.5,medium,6627.03173828125,person,000020_014_00000193,True,False,70.0,False,True
000020_014_00000193#5,0,CONTROL,MATCHED@0.5,large,10584.03125,person,000020_014_00000193,True,False,0.0,True,True
000020_014_00000193#6,0,CONTROL,MATCHED@0.5,medium,6291.99853515625,person,000020_014_00000193,True,False,0.0,True,True
000020_018_00000093#0,0,CONTROL,,,,,000020_018_00000093,True,False,120.0,False,True
000020_018_00000093#1,0,CONTROL,MATCHED@0.5,medium,1800.0,person,000020_018_00000093,False,False,,False,False
000020_018_00000093#2,4,CONTROL,MATCHED@0.5,medium,2835.0,person,000020_018_00000093,True,False,10.0,False,True
000020_018_00000093#3,8,G86,MATCHED@0.5,medium,8532.0,sign,000020_018_00000093,True,False,0.0,True,True
000021_020_00000131#2,3,CONTROL,MATCHED@0.5,large,16872.0,person,000021_020_00000131,True,False,30.0,False,True
000023_005_00000070#1,3,CONTROL,MATCHED@0.5,large,14742.04296875,garbage_can,000023_005_00000070,False,False,,False,False
000023_005_00000070#2,0,CONTROL,MATCHED@0.5,medium,4050.0,seat,000023_005_00000070,True,False,70.0,False,True
000023_005_00000070#3,0,CONTROL,MATCHED@0.5,medium,8480.009765625,person,000023_005_00000070,True,False,150.0,False,True
000023_005_00000070#4,0,CONTROL,MATCHED@0.5,medium,6815.9765625,person,000023_005_00000070,True,False,10.0,False,True
000023_005_00000070#5,0,CONTROL,MATCHED@0.5,medium,7202.994140625,person,000023_005_00000070,False,False,,False,False
000023_005_00000070#6,0,CONTROL,MATCHED@0.5,medium,2359.99755859375,person,000023_005_00000070,False,False,,False,False
000031#0,0,CONTROL,,,,,000031,False,False,,False,False
000031#1,0,CONTROL,MATCHED@0.5,medium,5288.99755859375,person,000031,False,False,,False,False
000031#2,0,CONTROL,MATCHED@0.5,medium,1260.0,person,000031,False,False,,False,False
000031#3,0,CONTROL,MATCHED@0.5,medium,1135.99951171875,person,000031,False,False,,False,False
000031#6,0,CONTROL,MATCHED@0.5,large,9348.0068359375,person,000031,False,False,,False,False
000031#8,0,CONTROL,MATCHED@0.5,large,9332.9736328125,person,000031,False,False,,False,False
000031#10,0,CONTROL,MATCHED@0.5,large,30239.9765625,person,000031,False,False,,False,False
000031#11,0,MISSED_NON86,MATCHED@0.5,medium,1671.99072265625,person,000031,False,False,,False,False
000066#0,0,CONTROL,,,,,000066,False,False,70.0,False,True
000066#1,0,CONTROL,MATCHED@0.5,medium,3220.0,person,000066,False,False,,False,False
000066#2,1,CONTROL,MATCHED@0.5,medium,2210.0,person,000066,True,False,0.0,True,True
000066#3,1,CONTROL,MATCHED@0.5,medium,5952.0,boat,000066,False,False,0.0,True,True
000070#0,0,MISSED_NON86,,,,,000070,False,False,60.0,False,True
000070#1,0,CONTROL,F1_nms_disappearance,medium,3096.001220703125,person,000070,False,False,,False,False
000070#2,1,CONTROL,MATCHED@0.5,medium,2368.001220703125,person,000070,True,False,0.0,True,True
000070#3,1,CONTROL,MATCHED@0.5,medium,6150.00732421875,boat,000070,False,False,0.0,True,True
000173#1,4,G86,MATCHED@0.5,large,46189.0234375,seat,000173,True,False,0.0,True,True
000303#2,0,CONTROL,MATCHED@0.5,large,34959.92578125,person,000303,False,False,120.0,False,True
000303#6,4,CONTROL,MATCHED@0.5,large,11967.9921875,person,000303,False,False,,False,False
000303#7,4,CONTROL,MATCHED@0.5,medium,2944.0,sign,000303,False,False,,False,False
000328#1,0,CONTROL,MATCHED@0.5,large,10709.978515625,person,000328,False,False,70.0,False,True
000328#3,9,CONTROL,MATCHED@0.5,large,12792.009765625,person,000328,False,False,0.0,True,True
000415#1,0,CONTROL,MATCHED@0.5,small,627.0006103515625,person,000415,False,False,,False,False
000415#2,0,MISSED_NON86,MATCHED@0.5,medium,1406.998779296875,person,000415,True,False,180.0,False,True
000415#4,0,MISSED_NON86,MATCHED@0.5,small,693.0012817382812,person,000415,False,False,,False,False
000415#5,0,CONTROL,F1_nms_disappearance,medium,2610.001953125,person,000415,False,False,200.0,False,True
000415#6,0,CONTROL,MATCHED@0.5,medium,2211.994384765625,person,000415,False,False,,False,False
000415#8,0,CONTROL,F3_survives_official_fail,small,928.0001831054688,person,000415,False,False,,False,False
000415#10,0,CONTROL,MATCHED@0.5,small,989.0026245117188,person,000415,False,False,,False,False
000415#11,0,CONTROL,MATCHED@0.5,medium,1610.0042724609375,person,000415,False,False,,False,False
000415#13,0,CONTROL,MATCHED@0.5,small,528.0009765625,person,000415,False,False,,False,False
000415#14,0,CONTROL,MATCHED@0.5,medium,2336.0087890625,person,000415,False,False,,False,False
000415#15,0,MISSED_NON86,MATCHED@0.5,medium,1819.9920654296875,person,000415,True,False,60.0,False,True
000415#16,0,MISSED_NON86,F0_no_raw_candidate,medium,1470.0018310546875,person,000415,True,True,10.0,False,True
000415#17,0,G86,F0_no_raw_candidate,medium,1140.0,person,000415,True,True,20.0,False,True
000415#19,2,CONTROL,F0_no_raw_candidate,small,575.9989013671875,person,000415,False,True,,False,False
000433#7,2,G86,MATCHED@0.5,large,9688.0078125,animal,000433,True,False,0.0,True,True
000437#0,2,CONTROL,,,,,000437,True,False,30.0,False,True
000437#1,2,MISSED_NON86,MATCHED@0.5,medium,7821.0,animal,000437,True,False,20.0,False,True
000437#2,2,G86,F3_survives_official_fail,medium,8507.0439453125,animal,000437,True,False,50.0,False,True
000437#5,2,MISSED_NON86,MATCHED@0.5,large,17346.01171875,animal,000437,True,False,30.0,False,True
000484#2,2,CONTROL,MATCHED@0.5,small,777.0012817382812,person,000484,False,False,,False,False
000484#3,2,CONTROL,MATCHED@0.5,medium,4224.0,animal,000484,False,False,40.0,False,True
000500#0,2,CONTROL,,,,,000500,False,False,,False,False
000500#1,2,CONTROL,MATCHED@0.5,medium,1440.0,animal,000500,False,False,,False,False
000500#2,2,CONTROL,MATCHED@0.5,medium,1232.002685546875,animal,000500,False,False,,False,False
000525#0,0,CONTROL,,,,,000525,False,False,0.0,True,True
000525#1,2,CONTROL,MATCHED@0.5,medium,1496.0013427734375,person,000525,False,False,0.0,True,True
000525#2,2,CONTROL,MATCHED@0.5,medium,3035.99609375,animal,000525,False,False,,False,False
000561#0,2,CONTROL,,,,,000561,True,False,270.0,False,True
000561#3,2,CONTROL,MATCHED@0.5,large,54462.04296875,animal,000561,True,False,60.0,False,True
000561#4,2,MISSED_NON86,MATCHED@0.5,medium,6930.0,animal,000561,False,False,20.0,False,True
000597#2,2,CONTROL,MATCHED@0.5,large,229271.859375,animal,000597,False,False,50.0,False,True
000597#3,2,MISSED_NON86,MATCHED@0.5,medium,6110.0,animal,000597,True,False,10.0,False,True
000630#0,2,MISSED_NON86,,,,,000630,True,False,0.0,True,True
000680#5,6,MISSED_NON86,F1_nms_disappearance,large,9998.9970703125,car,000680,False,False,0.0,True,True
000707#1,4,CONTROL,MATCHED@0.5,large,58875.015625,car,000707,False,False,,False,False
000707#2,4,CONTROL,MATCHED@0.5,medium,1271.0,sign,000707,False,False,,False,False
000707#3,4,CONTROL,MATCHED@0.5,medium,2028.0,sign,000707,False,False,,False,False
000707#4,9,CONTROL,MATCHED@0.5,medium,1152.00439453125,sign,000707,False,False,0.0,True,True
000707#5,9,CONTROL,MATCHED@0.5,medium,3086.99609375,garbage_can,000707,False,False,0.0,True,True
000735#1,4,CONTROL,MATCHED@0.5,large,22792.048828125,seat,000735,False,False,,False,False
000738#0,2,CONTROL,,,,,000738,False,False,0.0,True,True
000738#2,4,CONTROL,MATCHED@0.5,large,20303.94921875,seat,000738,False,False,0.0,True,True
000738#3,0,G86,MATCHED@0.5,medium,1200.001220703125,sign,000738,True,False,0.0,True,True
000756#4,2,CONTROL,MATCHED@0.5,large,41623.98046875,animal,000756,False,False,,False,False
000759#2,2,CONTROL,MATCHED@0.5,large,40079.98828125,animal,000759,False,False,,False,False
000780#0,9,CONTROL,,,,,000780,False,False,0.0,True,True
000780#3,2,CONTROL,MATCHED@0.5,large,45119.953125,animal,000780,False,False,10.0,False,True
000783#0,2,CONTROL,,,,,000783,False,False,,False,False
000783#1,2,CONTROL,MATCHED@0.5,medium,4743.0,animal,000783,False,False,90.0,False,True
000783#3,2,CONTROL,MATCHED@0.5,large,70483.96875,animal,000783,False,False,,False,False
000783#4,2,CONTROL,MATCHED@0.5,medium,3965.0,animal,000783,False,False,,False,False
000808#1,2,CONTROL,MATCHED@0.5,large,14329.0,animal,000808,False,False,,False,False
000820#2,2,CONTROL,MATCHED@0.5,large,28416.0625,animal,000820,True,False,80.0,False,True
000820#3,2,CONTROL,MATCHED@0.5,medium,6824.99462890625,animal,000820,False,False,,False,False
000820#4,0,CONTROL,MATCHED@0.5,medium,5014.9990234375,animal,000820,False,False,190.0,False,True
000820#5,0,MISSED_NON86,MATCHED@0.5,medium,2871.001953125,person,000820,True,False,90.0,False,True
000820#7,0,MISSED_NON86,MATCHED@0.5,large,64985.19140625,sign,000820,True,False,20.0,False,True
000889#5,0,CONTROL,MATCHED@0.5,large,10560.015625,person,000889,True,False,10.0,False,True
000889#6,0,CONTROL,MATCHED@0.5,medium,8976.0048828125,person,000889,True,False,80.0,False,True
000889#7,4,MISSED_NON86,MATCHED@0.5,medium,4887.986328125,person,000889,True,False,0.0,True,True
000889#8,4,MISSED_NON86,F0_no_raw_candidate,medium,1655.993896484375,sign,000889,True,True,0.0,True,True
000889#9,4,G86,F0_no_raw_candidate,medium,1529.995849609375,sign,000889,True,True,0.0,True,True
000889#13,0,G86,MATCHED@0.5,large,15120.0439453125,garbage_can,000889,True,False,60.0,False,True
000889#14,3,MISSED_NON86,F0_no_raw_candidate,medium,2560.00048828125,person,000889,True,True,20.0,False,True
000943#0,4,CONTROL,,,,,000943,False,False,,False,False
000943#1,4,MISSED_NON86,MATCHED@0.5,medium,1452.0067138671875,sign,000943,False,False,70.0,False,True
000943#2,2,CONTROL,F0_no_raw_candidate,medium,1394.0020751953125,sign,000943,False,True,,False,False
000943#3,0,MISSED_NON86,MATCHED@0.5,medium,7592.0,animal,000943,True,False,130.0,False,True
000943#4,0,G86,F0_no_raw_candidate,medium,1033.996826171875,person,000943,True,True,0.0,True,True
000943#6,1,CONTROL,MATCHED@0.5,large,26739.95703125,boat,000943,False,False,0.0,True,True
000943#7,1,CONTROL,MATCHED@0.5,medium,1889.9945068359375,boat,000943,False,False,0.0,True,True
000952#0,2,CONTROL,,,,,000952,False,False,,False,False
001033#1,4,MISSED_NON86,MATCHED@0.5,large,10830.0068359375,sign,001033,True,False,40.0,False,True
001033#2,4,G86,F1_nms_disappearance,medium,2345.0,sign,001033,True,False,0.0,True,True
001033#3,6,CONTROL,F0_no_raw_candidate,medium,3588.00634765625,sign,001033,False,True,,False,False
001033#9,5,G86,MATCHED@0.5,large,265098.34375,car,001033,True,False,40.0,False,True
001033#10,0,CONTROL,F0_no_raw_candidate,medium,3000.00732421875,bicycle,001033,False,True,,False,False
001035#0,6,CONTROL,,,,,001035,False,False,,False,False
001035#1,6,CONTROL,MATCHED@0.5,medium,1938.003173828125,car,001035,False,False,,False,False
001035#2,6,MISSED_NON86,MATCHED@0.5,medium,5712.0,car,001035,False,False,,False,False
001035#7,4,G86,MATCHED@0.5,large,422940.28125,car,001035,True,False,0.0,True,True
001035#9,4,G86,MATCHED@0.5,large,10248.029296875,sign,001035,True,False,0.0,True,True
001035#10,8,CONTROL,F0_no_raw_candidate,medium,2409.0,sign,001035,True,True,0.0,True,True
001114#5,4,CONTROL,MATCHED@0.5,large,83621.59375,bicycle,001114,False,False,,False,False
001114#6,4,CONTROL,MATCHED@0.5,medium,5111.99560546875,sign,001114,False,False,,False,False
001114#7,4,MISSED_NON86,MATCHED@0.5,medium,4160.99658203125,sign,001114,True,False,30.0,False,True
001114#8,4,CONTROL,F1_nms_disappearance,medium,1155.004150390625,sign,001114,False,False,,False,False
001114#10,4,G86,MATCHED@0.5,small,638.0031127929688,sign,001114,True,False,0.0,True,True
001123#0,6,MISSED_NON86,,,,,001123,True,False,90.0,False,True
001123#1,6,CONTROL,F1_nms_disappearance,medium,3552.0,car,001123,True,False,90.0,False,True
001123#2,6,CONTROL,MATCHED@0.5,medium,8384.0078125,car,001123,False,False,170.0,False,True
001123#4,6,CONTROL,MATCHED@0.5,large,9827.9951171875,car,001123,True,False,30.0,False,True
001123#5,6,CONTROL,MATCHED@0.5,medium,7953.9951171875,car,001123,False,False,,False,False
001123#6,6,CONTROL,MATCHED@0.5,medium,4027.996826171875,car,001123,False,False,,False,False
001123#7,6,CONTROL,MATCHED@0.5,medium,8136.9951171875,car,001123,True,False,70.0,False,True
001123#8,6,MISSED_NON86,MATCHED@0.5,medium,9044.99609375,car,001123,True,False,30.0,False,True
001123#9,6,CONTROL,F1_nms_disappearance,medium,4116.0,car,001123,False,False,,False,False
001123#10,6,CONTROL,MATCHED@0.5,medium,6408.0068359375,car,001123,True,False,170.0,False,True
001123#11,6,CONTROL,MATCHED@0.5,medium,6262.00439453125,car,001123,True,False,30.0,False,True
001123#12,6,CONTROL,MATCHED@0.5,medium,8409.9951171875,car,001123,True,False,40.0,False,True
001123#13,0,MISSED_NON86,MATCHED@0.5,medium,8856.0,car,001123,True,False,40.0,False,True
001123#18,0,CONTROL,MATCHED@0.5,large,20736.0,person,001123,False,False,,False,False
001123#19,0,CONTROL,MATCHED@0.5,medium,1254.0,person,001123,False,False,0.0,True,True
001123#20,4,CONTROL,MATCHED@0.5,medium,1215.9976806640625,person,001123,False,False,,False,False
001123#21,4,CONTROL,MATCHED@0.5,medium,4692.00830078125,sign,001123,False,False,0.0,True,True
001123#22,4,CONTROL,MATCHED@0.5,medium,3009.003173828125,sign,001123,False,False,,False,False
001135#4,8,CONTROL,MATCHED@0.5,large,61312.0703125,light,001135,True,False,0.0,True,True
001135#6,8,CONTROL,MATCHED@0.5,large,10361.9755859375,light,001135,True,False,0.0,True,True
001135#7,4,CONTROL,MATCHED@0.5,medium,7655.9716796875,light,001135,False,False,0.0,True,True
001157#4,0,CONTROL,MATCHED@0.5,large,19278.009765625,person,001157,False,False,,False,False
001157#5,4,CONTROL,MATCHED@0.5,medium,1146.9962158203125,person,001157,False,False,,False,False
001157#8,6,CONTROL,MATCHED@0.5,large,11309.994140625,car,001157,False,False,,False,False
001157#9,6,CONTROL,MATCHED@0.5,medium,8181.0048828125,car,001157,False,False,,False,False
001202#3,8,CONTROL,MATCHED@0.5,large,15761.927734375,light,001202,True,False,20.0,False,True
001202#4,8,CONTROL,MATCHED@0.5,medium,7497.9970703125,light,001202,True,False,30.0,False,True
001202#8,6,CONTROL,MATCHED@0.5,large,581460.25,person,001202,False,False,,False,False
001202#10,6,CONTROL,MATCHED@0.5,large,78174.9921875,seat,001202,False,False,,False,False
001202#11,6,CONTROL,MATCHED@0.5,medium,5612.0,car,001202,False,False,,False,False
001202#12,6,CONTROL,MATCHED@0.5,medium,5626.0,car,001202,False,False,,False,False
001257#0,8,CONTROL,,,,,001257,False,False,10.0,False,True
001257#3,8,CONTROL,MATCHED@0.5,large,10394.994140625,light,001257,True,False,90.0,False,True
001257#6,6,CONTROL,MATCHED@0.5,large,91839.890625,person,001257,False,False,,False,False
001257#9,6,CONTROL,MATCHED@0.5,large,11040.9921875,car,001257,False,False,,False,False
001257#10,6,CONTROL,MATCHED@0.5,medium,2940.0,car,001257,False,False,160.0,False,True
001257#11,6,CONTROL,MATCHED@0.5,medium,5140.99853515625,car,001257,False,False,,False,False
001276#3,8,CONTROL,MATCHED@0.5,large,14981.0166015625,light,001276,True,False,20.0,False,True
001276#7,6,CONTROL,MATCHED@0.5,large,274275.59375,person,001276,False,False,,False,False
001276#9,6,CONTROL,MATCHED@0.5,large,77290.2265625,seat,001276,False,False,,False,False
001276#10,6,CONTROL,MATCHED@0.5,medium,6283.0,car,001276,False,False,,False,False
001276#11,6,CONTROL,MATCHED@0.5,medium,2745.0,car,001276,False,False,,False,False
001276#12,6,CONTROL,MATCHED@0.5,medium,2990.0,car,001276,False,False,,False,False
001276#13,6,CONTROL,MATCHED@0.5,medium,2700.0,car,001276,False,False,,False,False
001276#14,6,CONTROL,MATCHED@0.5,medium,3450.0,car,001276,False,False,,False,False
001276#15,6,CONTROL,MATCHED@0.5,medium,4850.0,car,001276,False,False,,False,False
001295#0,0,CONTROL,,,,,001295,False,False,,False,False
001295#1,0,CONTROL,MATCHED@0.5,medium,3172.0,person,001295,False,False,,False,False
001295#3,4,CONTROL,MATCHED@0.5,large,29928.95703125,boat,001295,False,False,0.0,True,True
001295#10,2,CONTROL,F0_no_raw_candidate,small,720.0,animal,001295,False,True,,False,False
001295#11,2,MISSED_NON86,MATCHED@0.5,medium,5589.0,animal,001295,False,False,,False,False
001295#12,2,CONTROL,F1_nms_disappearance,medium,2839.9912109375,animal,001295,False,False,170.0,False,True
001295#13,2,CONTROL,MATCHED@0.5,medium,1952.9923095703125,animal,001295,False,False,,False,False
001295#14,2,CONTROL,MATCHED@0.5,medium,2700.0,animal,001295,False,False,,False,False
001295#15,2,CONTROL,MATCHED@0.5,medium,3900.0,animal,001295,False,False,,False,False
001295#17,2,CONTROL,MATCHED@0.5,small,806.0,animal,001295,False,False,,False,False
001295#18,2,CONTROL,MATCHED@0.5,medium,2030.0,animal,001295,False,False,,False,False
001295#19,2,CONTROL,MATCHED@0.5,medium,1617.0,animal,001295,False,False,90.0,False,True
001295#20,2,CONTROL,MATCHED@0.5,medium,1734.0,animal,001295,False,False,,False,False
001295#21,2,CONTROL,MATCHED@0.5,medium,1599.0,animal,001295,False,False,,False,False
001295#22,2,CONTROL,MATCHED@0.5,medium,2146.0,animal,001295,False,False,,False,False
001295#24,2,CONTROL,MATCHED@0.5,large,13910.0,animal,001295,False,False,,False,False
001295#26,2,CONTROL,MATCHED@0.5,large,14040.0,animal,001295,False,False,,False,False
001409#0,2,CONTROL,,,,,001409,False,False,,False,False
001409#1,2,CONTROL,MATCHED@0.5,medium,4374.0,animal,001409,False,False,0.0,True,True
001415#0,2,CONTROL,,,,,001415,False,False,,False,False
001415#1,2,CONTROL,MATCHED@0.5,medium,4850.99609375,animal,001415,True,False,160.0,False,True
001415#2,2,CONTROL,MATCHED@0.5,medium,5201.9970703125,animal,001415,False,False,,False,False
001415#3,2,CONTROL,MATCHED@0.5,medium,4927.99072265625,animal,001415,False,False,,False,False
001443#3,2,CONTROL,MATCHED@0.5,large,18848.953125,animal,001443,False,False,,False,False
001443#4,2,CONTROL,MATCHED@0.5,medium,5658.005859375,animal,001443,False,False,,False,False
001443#6,2,CONTROL,F1_nms_disappearance,large,10265.978515625,animal,001443,True,False,30.0,False,True
001443#7,2,CONTROL,MATCHED@0.5,medium,8399.998046875,animal,001443,True,False,90.0,False,True
001443#9,2,CONTROL,F1_nms_disappearance,large,9471.0244140625,animal,001443,False,False,,False,False
001443#10,2,CONTROL,MATCHED@0.5,medium,2988.99267578125,animal,001443,False,False,,False,False
001461#2,6,CONTROL,MATCHED@0.5,large,483001.0,person,001461,False,False,,False,False
001461#3,6,CONTROL,MATCHED@0.5,medium,3081.994384765625,car,001461,False,False,,False,False
001461#4,6,CONTROL,MATCHED@0.5,medium,5194.0,car,001461,False,False,,False,False
001461#5,6,CONTROL,MATCHED@0.5,medium,7458.0,car,001461,False,False,,False,False
001531#1,2,CONTROL,MATCHED@0.5,large,291255.90625,animal,001531,False,False,,False,False
001531#2,2,CONTROL,MATCHED@0.5,medium,1924.9957275390625,animal,001531,False,False,,False,False
001531#6,2,CONTROL,F0_no_raw_candidate,small,494.00115966796875,animal,001531,False,True,,False,False
001531#8,2,CONTROL,F0_no_raw_candidate,small,760.00244140625,animal,001531,False,True,,False,False
001531#10,2,CONTROL,F1_nms_disappearance,small,836.0040283203125,animal,001531,False,False,,False,False
001558#4,2,CONTROL,MATCHED@0.5,large,22229.9296875,animal,001558,False,False,60.0,False,True
001683#1,8,CONTROL,MATCHED@0.5,large,691678.0,person,001683,True,False,10.0,False,True
001683#6,6,CONTROL,MATCHED@0.5,large,18327.927734375,light,001683,False,False,,False,False
001683#7,6,CONTROL,MATCHED@0.5,medium,3760.005859375,car,001683,False,False,,False,False
001683#8,6,CONTROL,MATCHED@0.5,medium,5050.005859375,car,001683,False,False,,False,False
001694#1,7,CONTROL,MATCHED@0.5,large,395764.3125,person,001694,False,False,,False,False
001694#2,8,CONTROL,MATCHED@0.5,medium,3102.0,ball,001694,True,False,10.0,False,True
001694#7,8,CONTROL,MATCHED@0.5,large,17611.939453125,light,001694,True,False,30.0,False,True
001694#8,6,CONTROL,MATCHED@0.5,medium,7352.99462890625,light,001694,False,False,,False,False
001694#9,6,CONTROL,MATCHED@0.5,medium,3696.0029296875,car,001694,False,False,,False,False
001694#10,6,CONTROL,MATCHED@0.5,medium,4968.0068359375,car,001694,False,False,,False,False
001694#11,6,CONTROL,MATCHED@0.5,medium,2832.005859375,car,001694,False,False,,False,False
001694#12,6,CONTROL,MATCHED@0.5,medium,2646.0,car,001694,False,False,,False,False
001694#13,6,CONTROL,MATCHED@0.5,medium,2352.005126953125,car,001694,False,False,,False,False
001694#14,6,CONTROL,MATCHED@0.5,medium,2744.99462890625,car,001694,False,False,,False,False
001707#1,7,CONTROL,MATCHED@0.5,large,213500.421875,person,001707,False,False,0.0,True,True
001707#2,8,CONTROL,MATCHED@0.5,medium,2296.0048828125,ball,001707,True,False,10.0,False,True
001707#7,8,CONTROL,MATCHED@0.5,large,15889.9794921875,light,001707,True,False,30.0,False,True
001707#8,6,CONTROL,MATCHED@0.5,medium,7352.99462890625,light,001707,False,False,,False,False
001707#9,6,CONTROL,MATCHED@0.5,medium,3791.9970703125,car,001707,False,False,,False,False
001707#10,6,CONTROL,MATCHED@0.5,medium,3528.0,car,001707,False,False,,False,False
001707#11,6,CONTROL,MATCHED@0.5,medium,3869.997314453125,car,001707,False,False,,False,False
001707#12,6,CONTROL,MATCHED@0.5,medium,6237.0,car,001707,False,False,,False,False
001712#1,8,CONTROL,MATCHED@0.5,large,254696.140625,person,001712,True,False,10.0,False,True
001712#6,8,CONTROL,MATCHED@0.5,large,15889.9794921875,light,001712,True,False,70.0,False,True
001712#7,7,CONTROL,MATCHED@0.5,medium,6683.0048828125,light,001712,False,False,,False,False
001712#8,6,CONTROL,MATCHED@0.5,medium,1839.994384765625,ball,001712,False,False,,False,False
001712#9,6,CONTROL,MATCHED@0.5,medium,3791.9970703125,car,001712,False,False,,False,False
001712#10,6,CONTROL,MATCHED@0.5,medium,6161.0,car,001712,False,False,,False,False
001712#11,6,CONTROL,MATCHED@0.5,medium,2583.0,car,001712,False,False,,False,False
001712#12,6,CONTROL,MATCHED@0.5,medium,2547.994140625,car,001712,False,False,,False,False
001724#1,7,CONTROL,MATCHED@0.5,large,331230.65625,person,001724,False,False,0.0,True,True
001724#3,8,CONTROL,MATCHED@0.5,large,17379.935546875,light,001724,True,False,10.0,False,True
001724#7,8,CONTROL,MATCHED@0.5,large,12810.0029296875,light,001724,True,False,30.0,False,True
001724#8,6,CONTROL,MATCHED@0.5,medium,9200.0,light,001724,False,False,,False,False
001724#9,6,CONTROL,MATCHED@0.5,medium,3791.9970703125,car,001724,False,False,,False,False
001724#10,6,CONTROL,MATCHED@0.5,medium,3640.0068359375,car,001724,False,False,,False,False
001724#11,6,CONTROL,MATCHED@0.5,medium,3015.99365234375,car,001724,False,False,,False,False
001724#12,6,CONTROL,MATCHED@0.5,medium,4140.00537109375,car,001724,False,False,,False,False
001737#3,8,CONTROL,MATCHED@0.5,large,17379.935546875,light,001737,True,False,10.0,False,True
001737#7,8,CONTROL,MATCHED@0.5,large,11600.04296875,light,001737,True,False,30.0,False,True
001737#8,7,CONTROL,MATCHED@0.5,medium,8399.9892578125,light,001737,False,False,,False,False
001737#9,7,MISSED_NON86,MATCHED@0.5,medium,1087.99609375,ball,001737,True,False,0.0,True,True
001737#10,6,CONTROL,F0_no_raw_candidate,medium,1775.994140625,ball,001737,False,True,,False,False
001737#11,6,CONTROL,MATCHED@0.5,medium,3791.9970703125,car,001737,False,False,,False,False
001737#12,6,CONTROL,MATCHED@0.5,medium,3834.006591796875,car,001737,False,False,,False,False
001737#13,6,CONTROL,MATCHED@0.5,medium,4558.00634765625,car,001737,False,False,,False,False
001742#0,7,MISSED_NON86,,,,,001742,True,False,0.0,True,True
001763#0,7,CONTROL,,,,,001763,False,False,0.0,True,True
001785#0,2,CONTROL,,,,,001785,False,False,,False,False
001785#1,2,CONTROL,MATCHED@0.5,medium,6000.0,animal,001785,False,False,,False,False
001785#2,2,CONTROL,MATCHED@0.5,medium,5015.0,animal,001785,True,False,0.0,True,True
001851#0,8,CONTROL,,,,,001851,False,False,10.0,False,True
001851#8,6,CONTROL,MATCHED@0.5,large,14800.0,car,001851,False,False,,False,False
001851#9,6,CONTROL,MATCHED@0.5,medium,2862.00341796875,car,001851,False,False,,False,False
001851#10,6,CONTROL,MATCHED@0.5,medium,2622.0,car,001851,False,False,,False,False
001851#11,6,CONTROL,MATCHED@0.5,medium,3038.0,car,001851,False,False,,False,False
001851#12,6,CONTROL,MATCHED@0.5,medium,2925.0,car,001851,False,False,,False,False
001851#13,6,CONTROL,MATCHED@0.5,medium,2866.994140625,car,001851,False,False,,False,False
001851#14,6,CONTROL,MATCHED@0.5,medium,5544.0,car,001851,False,False,,False,False
001862#0,8,CONTROL,,,,,001862,False,False,10.0,False,True
001862#8,6,CONTROL,MATCHED@0.5,large,18630.08203125,car,001862,False,False,,False,False
001862#9,6,CONTROL,MATCHED@0.5,medium,2304.0,car,001862,False,False,,False,False
001862#10,6,CONTROL,MATCHED@0.5,medium,3100.006103515625,car,001862,False,False,,False,False
001862#11,6,CONTROL,MATCHED@0.5,medium,5545.99462890625,car,001862,False,False,150.0,False,True
001862#12,6,CONTROL,MATCHED@0.5,medium,2303.0,car,001862,False,False,,False,False
001862#13,6,CONTROL,MATCHED@0.5,medium,2576.005615234375,car,001862,False,False,,False,False
001862#14,6,CONTROL,MATCHED@0.5,medium,3186.006591796875,car,001862,False,False,,False,False
001862#15,6,CONTROL,MATCHED@0.5,medium,3234.0,car,001862,False,False,,False,False
001873#0,8,CONTROL,,,,,001873,False,False,10.0,False,True
001873#4,8,CONTROL,MATCHED@0.5,large,11200.0517578125,light,001873,True,False,50.0,False,True
001873#8,6,CONTROL,MATCHED@0.5,large,11164.990234375,car,001873,False,False,,False,False
001873#9,6,CONTROL,MATCHED@0.5,medium,3074.003662109375,car,001873,False,False,,False,False
001873#10,6,CONTROL,MATCHED@0.5,medium,6032.00537109375,car,001873,False,False,150.0,False,True
001873#11,6,CONTROL,MATCHED@0.5,medium,1755.0,car,001873,False,False,,False,False
001873#12,6,CONTROL,MATCHED@0.5,medium,3072.0,car,001873,False,False,,False,False
001873#13,6,CONTROL,MATCHED@0.5,medium,3157.0048828125,car,001873,False,False,,False,False
001881#0,8,CONTROL,,,,,001881,True,False,10.0,False,True
001881#4,8,CONTROL,MATCHED@0.5,large,11200.0517578125,light,001881,False,False,,False,False
001881#8,6,CONTROL,MATCHED@0.5,large,23500.03125,car,001881,False,False,,False,False
001881#9,6,CONTROL,MATCHED@0.5,medium,2754.0,car,001881,False,False,,False,False
001881#10,6,CONTROL,MATCHED@0.5,medium,5415.00537109375,car,001881,False,False,,False,False
001884#0,8,CONTROL,,,,,001884,True,False,10.0,False,True
001884#4,8,CONTROL,MATCHED@0.5,large,11200.0517578125,light,001884,False,False,100.0,False,True
001884#8,6,CONTROL,MATCHED@0.5,large,44251.96484375,car,001884,False,False,,False,False
001884#9,6,CONTROL,MATCHED@0.5,medium,2550.0,car,001884,False,False,,False,False
001884#10,6,CONTROL,MATCHED@0.5,medium,6018.0,car,001884,False,False,,False,False
001884#11,6,CONTROL,MATCHED@0.5,medium,2601.0,car,001884,False,False,,False,False
001884#12,6,CONTROL,MATCHED@0.5,medium,2862.006591796875,car,001884,False,False,,False,False
001884#13,6,CONTROL,MATCHED@0.5,medium,2744.99462890625,car,001884,False,False,,False,False
001884#14,6,CONTROL,MATCHED@0.5,medium,2256.005859375,car,001884,False,False,,False,False
001898#0,8,CONTROL,,,,,001898,True,False,10.0,False,True
001898#4,8,CONTROL,MATCHED@0.5,large,12389.9931640625,light,001898,True,False,90.0,False,True
001898#7,6,CONTROL,MATCHED@0.5,large,11146.99609375,car,001898,False,False,,False,False
001898#8,6,CONTROL,MATCHED@0.5,medium,2860.0029296875,car,001898,False,False,,False,False
001898#9,6,CONTROL,MATCHED@0.5,medium,2866.994140625,car,001898,False,False,,False,False
001898#10,6,CONTROL,MATCHED@0.5,medium,2520.00537109375,car,001898,False,False,,False,False
001898#11,6,CONTROL,MATCHED@0.5,medium,2561.994873046875,car,001898,False,False,10.0,False,True
001898#12,6,CONTROL,MATCHED@0.5,medium,3443.994873046875,car,001898,False,False,,False,False
001898#13,6,CONTROL,MATCHED@0.5,medium,5445.0,car,001898,False,False,,False,False
001898#14,6,CONTROL,MATCHED@0.5,medium,2714.005615234375,car,001898,False,False,180.0,False,True
001970#1,8,CONTROL,MATCHED@0.5,large,14880.005859375,light,001970,True,False,10.0,False,True
001970#3,8,CONTROL,MATCHED@0.5,large,15520.0546875,light,001970,False,False,0.0,True,True
001970#7,8,CONTROL,MATCHED@0.5,large,72239.90625,seat,001970,True,False,70.0,False,True
001970#8,6,CONTROL,MATCHED@0.5,medium,8414.9951171875,light,001970,False,False,,False,False
001970#9,6,CONTROL,MATCHED@0.5,medium,2627.002197265625,car,001970,False,False,,False,False
001970#10,6,CONTROL,MATCHED@0.5,medium,4611.0,car,001970,False,False,,False,False
002048#2,8,CONTROL,MATCHED@0.5,large,11628.0048828125,light,002048,True,False,30.0,False,True
002048#3,8,CONTROL,MATCHED@0.5,medium,7938.0029296875,light,002048,True,False,100.0,False,True
002048#4,8,CONTROL,MATCHED@0.5,medium,6150.00439453125,light,002048,False,False,,False,False
002048#7,8,CONTROL,MATCHED@0.5,large,85408.2109375,seat,002048,False,False,,False,False
002048#8,6,CONTROL,MATCHED@0.5,medium,3927.005859375,light,002048,False,False,,False,False
002048#9,6,CONTROL,MATCHED@0.5,medium,1922.001953125,car,002048,False,False,,False,False
002048#10,6,CONTROL,MATCHED@0.5,medium,4324.0,car,002048,False,False,,False,False
002097#3,8,CONTROL,MATCHED@0.5,large,10615.0146484375,light,002097,True,False,70.0,False,True
002097#4,8,CONTROL,MATCHED@0.5,medium,6762.0,light,002097,True,False,180.0,False,True
002097#7,6,CONTROL,MATCHED@0.5,large,743483.5625,person,002097,False,False,,False,False
002097#8,6,CONTROL,MATCHED@0.5,medium,2183.002197265625,car,002097,False,False,,False,False
002097#9,6,CONTROL,MATCHED@0.5,medium,2754.0,car,002097,False,False,,False,False
002097#10,8,CONTROL,MATCHED@0.5,medium,3528.0,car,002097,False,False,,False,False
002102#0,8,CONTROL,,,,,002102,False,False,0.0,True,True
002102#1,2,CONTROL,MATCHED@0.5,medium,6277.9921875,light,002102,False,False,,False,False
002102#2,2,CONTROL,MATCHED@0.5,medium,7138.01025390625,animal,002102,False,False,,False,False
002102#3,2,CONTROL,MATCHED@0.5,medium,6788.99169921875,animal,002102,False,False,,False,False
002102#4,2,CONTROL,MATCHED@0.5,medium,5544.0087890625,animal,002102,False,False,,False,False
002102#5,2,CONTROL,MATCHED@0.5,medium,6000.0,animal,002102,False,False,,False,False
002102#6,2,CONTROL,MATCHED@0.5,medium,5024.99609375,animal,002102,False,False,,False,False
002102#7,2,CONTROL,MATCHED@0.5,medium,5576.0,animal,002102,False,False,,False,False
002102#8,2,CONTROL,MATCHED@0.5,medium,6150.0,animal,002102,False,False,,False,False
002156#0,2,CONTROL,,,,,002156,False,False,,False,False
002156#1,2,CONTROL,MATCHED@0.5,medium,4136.01171875,animal,002156,False,False,,False,False
002156#2,2,CONTROL,MATCHED@0.5,medium,3294.0,animal,002156,False,False,,False,False
002156#3,2,CONTROL,MATCHED@0.5,medium,4284.0,animal,002156,False,False,80.0,False,True
002156#4,2,CONTROL,MATCHED@0.5,medium,6464.0,animal,002156,False,False,90.0,False,True
002156#7,2,CONTROL,MATCHED@0.5,large,9592.0,animal,002156,False,False,30.0,False,True
002156#8,2,CONTROL,MATCHED@0.5,medium,5796.0,animal,002156,False,False,110.0,False,True
002156#9,2,CONTROL,MATCHED@0.5,medium,2993.0,animal,002156,False,False,,False,False
002207#0,9,CONTROL,,,,,002207,False,False,0.0,True,True
002207#1,2,CONTROL,MATCHED@0.5,medium,1050.0,garbage_can,002207,True,False,150.0,False,True
002235#3,0,CONTROL,MATCHED@0.5,large,25432.01171875,animal,002235,False,False,,False,False
002235#5,0,CONTROL,F1_nms_disappearance,small,759.9993286132812,person,002235,False,False,,False,False
002235#6,0,MISSED_NON86,MATCHED@0.5,medium,6271.998046875,person,002235,True,False,10.0,False,True
002235#7,9,CONTROL,F1_nms_disappearance,medium,1932.000732421875,person,002235,False,False,0.0,True,True
002235#10,8,CONTROL,MATCHED@0.5,small,783.9991455078125,light,002235,False,False,0.0,True,True
002265#3,0,CONTROL,MATCHED@0.5,large,9857.994140625,animal,002265,False,False,70.0,False,True
002265#4,0,CONTROL,MATCHED@0.5,medium,1631.9990234375,person,002265,False,False,0.0,True,True
002276#0,2,CONTROL,,,,,002276,False,False,,False,False
002276#1,2,CONTROL,MATCHED@0.5,medium,5180.00439453125,animal,002276,False,False,40.0,False,True
002276#2,2,CONTROL,MATCHED@0.5,medium,2436.0,animal,002276,False,False,,False,False
002276#3,2,CONTROL,MATCHED@0.5,medium,3240.00146484375,animal,002276,False,False,,False,False
002276#6,2,CONTROL,MATCHED@0.5,large,281369.9375,animal,002276,False,False,,False,False
002331#2,2,CONTROL,MATCHED@0.5,large,26839.95703125,person,002331,True,False,160.0,False,True
002331#3,2,CONTROL,MATCHED@0.5,medium,5478.0,animal,002331,False,False,,False,False
002331#4,2,CONTROL,MATCHED@0.5,medium,3850.0,animal,002331,False,False,,False,False
002331#16,4,CONTROL,MATCHED@0.5,small,681.9996337890625,sign,002331,False,False,,False,False
002331#18,6,G86,MATCHED@0.5,small,503.99853515625,animal,002331,True,False,0.0,True,True
002334#1,4,CONTROL,MATCHED@0.5,small,714.0006103515625,sign,002334,False,False,,False,False
002334#8,2,CONTROL,F0_no_raw_candidate,small,503.99853515625,animal,002334,True,True,230.0,False,True
002334#9,2,CONTROL,MATCHED@0.5,medium,6958.01171875,animal,002334,False,False,,False,False
002338#0,0,CONTROL,,,,,002338,True,False,70.0,False,True
002338#1,0,CONTROL,MATCHED@0.5,medium,6882.025390625,person,002338,True,False,30.0,False,True
002338#4,2,CONTROL,MATCHED@0.5,small,999.9949951171875,animal,002338,True,False,30.0,False,True
002338#5,2,CONTROL,MATCHED@0.5,medium,8805.99609375,animal,002338,False,False,,False,False
002357#0,2,CONTROL,,,,,002357,False,False,,False,False
002357#1,2,CONTROL,MATCHED@0.5,medium,2862.006591796875,animal,002357,False,False,,False,False
002357#2,2,CONTROL,MATCHED@0.5,medium,4499.99609375,animal,002357,False,False,20.0,False,True
002357#3,2,G86,MATCHED@0.5,medium,8100.0,animal,002357,True,False,0.0,True,True
002359#0,2,MISSED_NON86,,,,,002359,True,False,0.0,True,True
002359#1,2,CONTROL,F0_no_raw_candidate,medium,2606.998046875,animal,002359,False,True,,False,False
002359#2,2,CONTROL,MATCHED@0.5,medium,4589.99658203125,animal,002359,False,False,,False,False
002359#3,2,CONTROL,MATCHED@0.5,medium,4466.0,animal,002359,False,False,,False,False
002378#0,2,CONTROL,,,,,002378,False,False,,False,False
002378#1,2,CONTROL,MATCHED@0.5,medium,4032.00439453125,animal,002378,False,False,,False,False
002378#3,2,CONTROL,MATCHED@0.5,small,1014.0,animal,002378,False,False,140.0,False,True
002378#5,2,CONTROL,MATCHED@0.5,large,11655.025390625,animal,002378,False,False,,False,False
002378#6,2,CONTROL,MATCHED@0.5,medium,7844.00634765625,animal,002378,False,False,,False,False
002380#2,2,CONTROL,MATCHED@0.5,large,10864.021484375,animal,002380,False,False,110.0,False,True
002380#3,2,CONTROL,MATCHED@0.5,medium,7725.00439453125,animal,002380,False,False,,False,False
002380#4,2,CONTROL,MATCHED@0.5,medium,6468.0,animal,002380,False,False,,False,False
002380#5,2,CONTROL,MATCHED@0.5,medium,1961.0,animal,002380,False,False,,False,False
002380#6,2,CONTROL,MATCHED@0.5,medium,1189.0,animal,002380,False,False,,False,False
002380#7,2,CONTROL,MATCHED@0.5,medium,4836.0,animal,002380,False,False,,False,False
002380#8,2,CONTROL,MATCHED@0.5,medium,1480.0,animal,002380,False,False,,False,False
002380#9,2,CONTROL,MATCHED@0.5,medium,1287.0,animal,002380,False,False,,False,False
002413#0,0,CONTROL,,,,,002413,False,False,0.0,True,True
002517#1,4,G86,F0_no_raw_candidate,large,15616.978515625,sign,002517,True,True,0.0,True,True
002517#2,4,G86,F0_no_raw_candidate,medium,5720.00537109375,sign,002517,True,True,0.0,True,True
002517#4,4,MISSED_NON86,F0_no_raw_candidate,small,624.9969482421875,sign,002517,True,True,0.0,True,True
002517#5,4,MISSED_NON86,F0_no_raw_candidate,medium,2443.994140625,sign,002517,True,True,0.0,True,True
002584#4,8,G86,F3_survives_official_fail,small,175.99966430664062,person,002584,True,False,0.0,True,True
002584#6,8,G86,F0_no_raw_candidate,small,959.9993896484375,light,002584,True,True,0.0,True,True
002625#6,0,MISSED_NON86,MATCHED@0.5,large,38860.09375,person,002625,True,False,120.0,False,True
002625#8,0,MISSED_NON86,MATCHED@0.5,large,18204.02734375,person,002625,True,False,70.0,False,True
002625#10,0,CONTROL,MATCHED@0.5,large,29467.94140625,person,002625,False,False,,False,False
002625#13,0,CONTROL,F0_no_raw_candidate,small,840.0,person,002625,False,True,210.0,False,True
002625#14,0,CONTROL,MATCHED@0.5,medium,2345.99169921875,person,002625,True,False,0.0,True,True
002625#18,0,CONTROL,MATCHED@0.5,large,22514.982421875,person,002625,False,False,,False,False
002625#19,0,CONTROL,MATCHED@0.5,medium,3328.0126953125,person,002625,False,False,,False,False
002625#20,0,CONTROL,MATCHED@0.5,medium,1430.0067138671875,person,002625,False,False,,False,False
002625#21,0,CONTROL,MATCHED@0.5,medium,7968.01611328125,person,002625,True,False,70.0,False,True
002625#22,0,CONTROL,MATCHED@0.5,medium,8525.0078125,person,002625,False,False,,False,False
002625#23,0,CONTROL,MATCHED@0.5,medium,4119.98974609375,person,002625,False,False,,False,False
002625#24,0,CONTROL,MATCHED@0.5,medium,4171.0,person,002625,True,False,0.0,True,True
002625#25,0,CONTROL,MATCHED@0.5,medium,7543.99609375,person,002625,True,False,180.0,False,True
002625#26,0,CONTROL,MATCHED@0.5,medium,1288.0,person,002625,False,False,,False,False
002625#27,0,MISSED_NON86,MATCHED@0.5,medium,5490.0029296875,person,002625,True,False,160.0,False,True
002625#28,0,CONTROL,F1_nms_disappearance,medium,2496.0,person,002625,False,False,,False,False
002625#29,0,CONTROL,MATCHED@0.5,medium,4588.0078125,person,002625,True,False,70.0,False,True
002625#30,0,CONTROL,MATCHED@0.5,medium,6291.9814453125,person,002625,False,False,,False,False
002625#31,0,CONTROL,MATCHED@0.5,medium,3100.0,person,002625,False,False,80.0,False,True
002625#32,0,CONTROL,MATCHED@0.5,medium,3936.0,person,002625,False,False,,False,False
002625#33,0,CONTROL,MATCHED@0.5,medium,5069.9833984375,person,002625,False,False,,False,False
002627#5,0,MISSED_NON86,MATCHED@0.5,large,22932.01953125,person,002627,True,False,230.0,False,True
002627#7,0,MISSED_NON86,MATCHED@0.5,large,36413.9765625,person,002627,True,False,180.0,False,True
002627#11,5,G86,MATCHED@0.5,large,23140.052734375,person,002627,True,False,0.0,True,True
002627#12,0,CONTROL,F0_no_raw_candidate,medium,8352.0029296875,bicycle,002627,True,True,80.0,False,True
002627#15,0,CONTROL,MATCHED@0.5,large,12600.0068359375,person,002627,False,False,170.0,False,True
002627#17,0,CONTROL,MATCHED@0.5,large,20745.9765625,person,002627,True,False,180.0,False,True
002627#18,0,CONTROL,MATCHED@0.5,medium,7072.0029296875,person,002627,True,False,0.0,True,True
002627#19,0,CONTROL,MATCHED@0.5,medium,8064.02197265625,person,002627,False,False,,False,False
002627#22,0,CONTROL,MATCHED@0.5,large,15662.0146484375,person,002627,True,False,0.0,True,True
002627#23,0,CONTROL,MATCHED@0.5,medium,8108.9873046875,person,002627,False,False,,False,False
002627#26,0,CONTROL,MATCHED@0.5,large,12213.01953125,person,002627,True,False,190.0,False,True
002627#27,0,CONTROL,MATCHED@0.5,medium,8528.005859375,person,002627,True,False,80.0,False,True
002627#28,0,CONTROL,MATCHED@0.5,medium,8758.0107421875,person,002627,False,False,,False,False
002627#30,0,CONTROL,MATCHED@0.5,large,10544.982421875,person,002627,False,False,,False,False
002627#31,0,CONTROL,MATCHED@0.5,medium,4662.01025390625,person,002627,False,False,140.0,False,True
002627#32,0,MISSED_NON86,MATCHED@0.5,medium,5640.01953125,person,002627,False,False,,False,False
002671#7,0,CONTROL,MATCHED@0.5,large,9912.017578125,person,002671,True,False,140.0,False,True
002671#9,0,CONTROL,MATCHED@0.5,large,17761.98828125,person,002671,False,False,,False,False
002671#11,0,CONTROL,MATCHED@0.5,large,14971.9482421875,person,002671,True,False,100.0,False,True
002671#12,0,CONTROL,MATCHED@0.5,medium,4349.99267578125,person,002671,False,False,,False,False
002671#13,0,CONTROL,MATCHED@0.5,medium,7450.01806640625,person,002671,False,False,,False,False
002671#14,0,CONTROL,MATCHED@0.5,medium,4554.0078125,person,002671,False,False,,False,False
002671#15,0,CONTROL,MATCHED@0.5,medium,2424.98828125,person,002671,False,False,,False,False
002671#16,0,CONTROL,MATCHED@0.5,medium,3333.0,person,002671,False,False,,False,False
002671#17,0,CONTROL,MATCHED@0.5,medium,2366.01123046875,person,002671,False,False,,False,False
002671#18,0,CONTROL,MATCHED@0.5,medium,4953.01904296875,person,002671,False,False,,False,False
002671#19,0,CONTROL,MATCHED@0.5,medium,2904.0,person,002671,False,False,,False,False
002671#20,0,CONTROL,MATCHED@0.5,medium,5781.02001953125,person,002671,False,False,,False,False
002671#21,0,CONTROL,MATCHED@0.5,medium,4592.01513671875,person,002671,False,False,,False,False
002671#22,0,CONTROL,MATCHED@0.5,medium,3030.0,person,002671,False,False,,False,False
002671#23,0,CONTROL,MATCHED@0.5,medium,2781.0,person,002671,False,False,,False,False
002671#24,0,CONTROL,MATCHED@0.5,medium,4708.0,person,002671,True,False,180.0,False,True
002677#0,0,CONTROL,,,,,002677,False,False,,False,False
002677#1,0,CONTROL,MATCHED@0.5,medium,6767.99169921875,person,002677,False,False,,False,False
002677#16,4,CONTROL,MATCHED@0.5,large,22580.95703125,bicycle,002677,False,False,,False,False
002677#17,4,CONTROL,MATCHED@0.5,medium,1443.0,sign,002677,False,False,,False,False
002677#18,9,CONTROL,MATCHED@0.5,medium,2418.99755859375,sign,002677,True,False,0.0,True,True
002707#11,4,CONTROL,MATCHED@0.5,large,90945.03125,light,002707,False,False,,False,False
002707#12,4,CONTROL,MATCHED@0.5,medium,2584.99560546875,sign,002707,False,False,,False,False
002707#13,9,CONTROL,MATCHED@0.5,medium,2632.0029296875,sign,002707,False,False,0.0,True,True
002750#1,4,CONTROL,MATCHED@0.5,large,11990.01953125,garbage_can,002750,False,False,,False,False
002750#4,8,CONTROL,MATCHED@0.5,large,12179.9794921875,light,002750,False,False,0.0,True,True
002750#12,0,CONTROL,MATCHED@0.5,small,519.9992065429688,person,002750,False,False,,False,False
002750#13,0,CONTROL,MATCHED@0.5,medium,1165.996826171875,person,002750,False,False,,False,False
002750#14,0,CONTROL,MATCHED@0.5,medium,1482.00341796875,person,002750,False,False,,False,False
002750#16,0,CONTROL,MATCHED@0.5,small,765.0,person,002750,False,False,,False,False
002750#18,0,CONTROL,MATCHED@0.5,small,1020.0031127929688,person,002750,False,False,,False,False
002750#19,0,CONTROL,MATCHED@0.5,medium,1682.0035400390625,person,002750,False,False,,False,False
002750#20,0,CONTROL,MATCHED@0.5,medium,2610.001953125,person,002750,False,False,,False,False
002750#21,0,CONTROL,MATCHED@0.5,medium,2651.9951171875,person,002750,False,False,,False,False
002750#22,0,CONTROL,MATCHED@0.5,medium,2700.0,person,002750,False,False,,False,False
002750#23,0,CONTROL,MATCHED@0.5,medium,5193.98388671875,person,002750,False,False,,False,False
002750#25,0,CONTROL,MATCHED@0.5,small,972.0,person,002750,True,False,140.0,False,True
002762#1,8,CONTROL,MATCHED@0.5,large,9539.9892578125,person,002762,False,False,,False,False
002839#1,0,CONTROL,MATCHED@0.5,large,30888.02734375,person,002839,False,False,,False,False
002839#2,0,CONTROL,MATCHED@0.5,medium,1919.9970703125,person,002839,False,False,,False,False
002839#3,0,MISSED_NON86,MATCHED@0.5,medium,2596.996826171875,person,002839,False,False,,False,False
002839#4,0,G86,F1_nms_disappearance,medium,5328.01171875,person,002839,True,False,0.0,True,True
002842#3,0,G86,MATCHED@0.5,large,101905.875,seat,002842,True,False,30.0,False,True
002842#4,0,G86,F0_no_raw_candidate,medium,2911.00732421875,person,002842,True,True,0.0,True,True
002844#1,0,CONTROL,MATCHED@0.5,large,130383.5,person,002844,True,False,140.0,False,True
002844#2,0,MISSED_NON86,MATCHED@0.5,medium,4511.9970703125,person,002844,True,False,130.0,False,True
002844#3,0,CONTROL,F0_no_raw_candidate,medium,2219.99951171875,person,002844,True,True,20.0,False,True
002935#0,0,CONTROL,,,,,002935,False,False,0.0,True,True
002935#1,0,CONTROL,MATCHED@0.5,medium,1579.998779296875,person,002935,False,False,0.0,True,True
002955#0,9,G86,,,,,002955,True,False,0.0,True,True
002955#1,9,G86,F0_no_raw_candidate,medium,7558.27734375,garbage_can,002955,True,True,0.0,True,True
002955#4,5,MISSED_NON86,F0_no_raw_candidate,small,593.4922485351562,car,002955,False,True,170.0,False,True
002955#5,5,CONTROL,F3_survives_official_fail,medium,3438.839599609375,bicycle,002955,False,False,,False,False
002955#6,0,CONTROL,MATCHED@0.5,medium,2549.83642578125,bicycle,002955,False,False,,False,False
002955#7,0,MISSED_NON86,MATCHED@0.5,medium,4307.74853515625,person,002955,True,False,80.0,False,True
002955#8,0,MISSED_NON86,F1_nms_disappearance,medium,7273.02978515625,person,002955,True,False,10.0,False,True
002955#9,0,CONTROL,F1_nms_disappearance,medium,6514.1943359375,person,002955,True,False,190.0,False,True
002955#10,0,CONTROL,MATCHED@0.5,medium,1027.7171630859375,person,002955,False,False,180.0,False,True
002955#11,0,CONTROL,MATCHED@0.5,medium,4537.705078125,person,002955,False,False,120.0,False,True
002955#12,0,CONTROL,MATCHED@0.5,medium,5115.216796875,person,002955,True,False,70.0,False,True
002955#13,0,CONTROL,MATCHED@0.5,medium,6767.5478515625,person,002955,True,False,170.0,False,True
002955#14,0,CONTROL,MATCHED@0.5,medium,7645.92333984375,person,002955,True,False,10.0,False,True
002955#16,0,CONTROL,MATCHED@0.5,large,9346.5185546875,person,002955,False,False,,False,False
002955#17,0,CONTROL,MATCHED@0.5,medium,5538.6728515625,person,002955,True,False,30.0,False,True
002955#20,5,CONTROL,F0_no_raw_candidate,small,648.9903564453125,bicycle,002955,True,True,150.0,False,True
002955#23,5,MISSED_NON86,F0_no_raw_candidate,small,121.08162689208984,car,002955,True,True,10.0,False,True
002955#24,5,MISSED_NON86,F0_no_raw_candidate,medium,2873.384765625,bicycle,002955,False,True,150.0,False,True
002987#0,0,MISSED_NON86,,,,,002987,True,False,10.0,False,True
002987#1,0,MISSED_NON86,F0_no_raw_candidate,medium,1836.0008544921875,person,002987,True,True,60.0,False,True
002987#2,0,CONTROL,F0_no_raw_candidate,medium,1449.0003662109375,person,002987,False,True,,False,False
002987#3,0,G86,MATCHED@0.5,medium,2496.009033203125,person,002987,True,False,120.0,False,True
002987#4,0,CONTROL,F0_no_raw_candidate,medium,1611.999755859375,person,002987,False,True,,False,False
002987#6,0,CONTROL,MATCHED@0.5,large,13300.00390625,person,002987,True,False,70.0,False,True
002987#7,0,CONTROL,MATCHED@0.5,medium,6350.029296875,person,002987,True,False,70.0,False,True
002987#8,5,CONTROL,MATCHED@0.5,medium,8234.9921875,person,002987,True,False,10.0,False,True
002987#9,5,CONTROL,MATCHED@0.5,medium,3102.00341796875,bicycle,002987,True,False,10.0,False,True
002987#10,9,MISSED_NON86,MATCHED@0.5,medium,1754.9996337890625,bicycle,002987,True,False,0.0,True,True
002987#11,0,CONTROL,F0_no_raw_candidate,medium,1799.9981689453125,garbage_can,002987,True,True,140.0,False,True
002987#12,0,G86,MATCHED@0.5,medium,1664.009033203125,person,002987,True,False,60.0,False,True
002987#13,5,CONTROL,F0_no_raw_candidate,medium,1121.9993896484375,person,002987,False,True,,False,False
002987#14,5,G86,MATCHED@0.5,medium,3760.00146484375,bicycle,002987,True,False,170.0,False,True
002987#15,5,G86,F0_no_raw_candidate,medium,2337.0009765625,bicycle,002987,True,True,60.0,False,True
003007#6,0,G86,MATCHED@0.5,large,10584.0,person,003007,True,False,70.0,False,True
003007#8,0,MISSED_NON86,F0_no_raw_candidate,small,646.0,person,003007,False,True,100.0,False,True
003007#9,0,CONTROL,F1_nms_disappearance,medium,4590.0,person,003007,False,False,20.0,False,True
003013#6,4,MISSED_NON86,MATCHED@0.5,large,20065.986328125,person,003013,True,False,40.0,False,True
003017#4,0,CONTROL,MATCHED@0.5,large,120743.90625,person,003017,False,False,,False,False
003026#4,6,MISSED_NON86,MATCHED@0.5,large,777238.1875,person,003026,True,False,10.0,False,True
003056#1,0,G86,MATCHED@0.5,large,343727.90625,person,003056,True,False,0.0,True,True
003056#2,0,CONTROL,F0_no_raw_candidate,medium,2048.0048828125,person,003056,False,True,,False,False
003056#3,0,G86,MATCHED@0.5,medium,1824.001708984375,person,003056,True,False,110.0,False,True
003056#4,0,CONTROL,F0_no_raw_candidate,medium,1862.004150390625,person,003056,False,True,,False,False
003056#7,5,CONTROL,F0_no_raw_candidate,small,285.00030517578125,person,003056,True,True,0.0,True,True
003056#8,5,G86,MATCHED@0.5,medium,4679.998046875,bicycle,003056,True,False,10.0,False,True
003056#9,5,MISSED_NON86,F0_no_raw_candidate,medium,1392.0,bicycle,003056,False,True,20.0,False,True
003056#10,5,MISSED_NON86,F1_nms_disappearance,medium,3808.010009765625,bicycle,003056,False,False,40.0,False,True
003056#11,3,MISSED_NON86,F1_nms_disappearance,medium,1696.0023193359375,bicycle,003056,True,False,0.0,True,True
003148#0,2,G86,,,,,003148,True,False,10.0,False,True
003148#2,2,CONTROL,MATCHED@0.5,large,28728.083984375,animal,003148,False,False,240.0,False,True
003148#3,2,CONTROL,MATCHED@0.5,medium,6771.00830078125,animal,003148,False,False,,False,False
003148#6,2,CONTROL,MATCHED@0.5,large,13885.953125,animal,003148,False,False,,False,False
003148#7,0,G86,MATCHED@0.5,medium,4830.0,animal,003148,True,False,0.0,True,True
003148#8,0,G86,F0_no_raw_candidate,medium,1219.0,person,003148,True,True,0.0,True,True
003160#0,2,CONTROL,,,,,003160,False,False,10.0,False,True
003160#1,2,CONTROL,MATCHED@0.5,medium,3842.000732421875,animal,003160,False,False,,False,False
003160#2,2,MISSED_NON86,MATCHED@0.5,medium,2939.998046875,animal,003160,True,False,0.0,True,True
003160#3,2,MISSED_NON86,F1_nms_disappearance,medium,4136.00537109375,animal,003160,True,False,40.0,False,True
003160#4,2,MISSED_NON86,F1_nms_disappearance,medium,2964.00244140625,animal,003160,True,False,20.0,False,True
003160#5,2,CONTROL,F1_nms_disappearance,medium,3658.003662109375,animal,003160,False,False,50.0,False,True
003160#7,2,MISSED_NON86,MATCHED@0.5,large,12879.9453125,animal,003160,False,False,80.0,False,True
003160#8,2,CONTROL,F1_nms_disappearance,medium,4270.0,animal,003160,True,False,30.0,False,True
003160#9,2,CONTROL,MATCHED@0.5,medium,8639.978515625,animal,003160,False,False,,False,False
003160#11,2,CONTROL,MATCHED@0.5,large,12416.046875,animal,003160,False,False,60.0,False,True
003160#13,2,CONTROL,F1_nms_disappearance,large,14592.0185546875,animal,003160,False,False,,False,False
003160#14,2,CONTROL,MATCHED@0.5,medium,4176.00341796875,animal,003160,False,False,,False,False
003160#15,2,CONTROL,MATCHED@0.5,medium,1482.0,animal,003160,False,False,,False,False
003160#17,2,CONTROL,MATCHED@0.5,large,13196.9794921875,animal,003160,False,False,,False,False
003160#18,2,CONTROL,MATCHED@0.5,medium,4987.9814453125,animal,003160,False,False,110.0,False,True
003160#19,2,CONTROL,MATCHED@0.5,medium,8341.994140625,animal,003160,False,False,,False,False
003160#20,2,CONTROL,MATCHED@0.5,medium,2419.998046875,animal,003160,False,False,,False,False
003160#21,4,MISSED_NON86,MATCHED@0.5,medium,2150.000732421875,animal,003160,False,False,150.0,False,True
003198#1,2,CONTROL,MATCHED@0.5,large,19655.970703125,animal,003198,False,False,,False,False
003198#4,2,CONTROL,MATCHED@0.5,large,11468.0029296875,animal,003198,False,False,,False,False
003257#5,0,MISSED_NON86,F0_no_raw_candidate,large,10029.9765625,seat,003257,False,True,120.0,False,True
003262#0,1,CONTROL,,,,,003262,False,False,0.0,True,True
003262#1,1,CONTROL,MATCHED@0.5,medium,3375.0,boat,003262,False,False,0.0,True,True
003262#4,2,CONTROL,F0_no_raw_candidate,small,864.0018310546875,animal,003262,False,True,,False,False
003262#14,2,CONTROL,MATCHED@0.5,small,648.0,animal,003262,False,False,,False,False
003262#16,0,MISSED_NON86,MATCHED@0.5,small,720.0,person,003262,False,False,,False,False
003262#17,0,CONTROL,F1_nms_disappearance,medium,1056.001953125,person,003262,False,False,90.0,False,True
003262#21,2,MISSED_NON86,MATCHED@0.5,small,342.0,animal,003262,False,False,0.0,True,True
003262#23,0,CONTROL,F1_nms_disappearance,small,373.9986572265625,animal,003262,False,False,,False,False
003262#24,0,CONTROL,MATCHED@0.5,medium,2241.99755859375,person,003262,False,False,90.0,False,True
003262#28,3,MISSED_NON86,F3_survives_official_fail,small,784.0,animal,003262,True,False,0.0,True,True
003262#29,3,CONTROL,F1_nms_disappearance,medium,5390.0,seat,003262,True,False,0.0,True,True
003262#30,3,CONTROL,MATCHED@0.5,medium,1113.0,seat,003262,False,False,0.0,True,True
003273#1,0,CONTROL,MATCHED@0.5,large,118720.96875,boat,003273,False,False,40.0,False,True
003273#3,0,CONTROL,MATCHED@0.5,small,985.997314453125,person,003273,False,False,,False,False
003273#4,0,CONTROL,MATCHED@0.5,medium,7410.00244140625,person,003273,False,False,,False,False
003273#5,2,CONTROL,MATCHED@0.5,medium,5001.990234375,person,003273,False,False,,False,False
003273#6,2,CONTROL,MATCHED@0.5,medium,1120.001220703125,animal,003273,True,False,10.0,False,True
003273#8,2,CONTROL,MATCHED@0.5,large,9680.0078125,animal,003273,False,False,,False,False
003273#9,2,CONTROL,MATCHED@0.5,medium,3939.0,animal,003273,True,False,190.0,False,True
003273#10,2,CONTROL,MATCHED@0.5,medium,2160.0,animal,003273,False,False,,False,False
003273#11,2,CONTROL,MATCHED@0.5,medium,4802.0,animal,003273,True,False,150.0,False,True
003273#13,2,CONTROL,MATCHED@0.5,small,513.0,animal,003273,False,False,,False,False
003288#0,2,CONTROL,,,,,003288,True,False,20.0,False,True
003288#3,2,CONTROL,MATCHED@0.5,large,15200.0,animal,003288,False,False,,False,False
003288#4,2,CONTROL,MATCHED@0.5,medium,4129.99658203125,animal,003288,False,False,140.0,False,True
003288#5,2,MISSED_NON86,MATCHED@0.5,medium,3007.9970703125,animal,003288,True,False,70.0,False,True
003288#6,2,CONTROL,F0_no_raw_candidate,medium,1892.002685546875,animal,003288,False,True,,False,False
003288#7,2,CONTROL,MATCHED@0.5,medium,2050.008056640625,animal,003288,False,False,,False,False
003288#8,2,CONTROL,MATCHED@0.5,medium,1701.998291015625,animal,003288,False,False,,False,False
003288#9,2,CONTROL,MATCHED@0.5,medium,1563.994384765625,animal,003288,False,False,,False,False
003288#10,2,CONTROL,MATCHED@0.5,medium,1890.0,animal,003288,False,False,,False,False
003288#11,0,G86,MATCHED@0.5,medium,1530.0,animal,003288,True,False,10.0,False,True
003288#12,0,CONTROL,F0_no_raw_candidate,medium,1170.0,person,003288,False,True,,False,False
003288#13,0,CONTROL,MATCHED@0.5,medium,3192.0068359375,person,003288,False,False,,False,False
003288#14,3,MISSED_NON86,MATCHED@0.5,medium,3717.004150390625,person,003288,True,False,10.0,False,True
003288#16,2,G86,F0_no_raw_candidate,small,756.0,seat,003288,True,True,10.0,False,True
003288#18,1,CONTROL,MATCHED@0.5,small,522.0028686523438,sign,003288,False,False,,False,False
003304#0,5,CONTROL,,,,,003304,False,False,,False,False
003304#1,5,CONTROL,MATCHED@0.5,medium,4759.99658203125,bicycle,003304,False,False,,False,False
003304#2,6,CONTROL,MATCHED@0.5,medium,3564.0048828125,bicycle,003304,False,False,,False,False
003304#3,0,CONTROL,MATCHED@0.5,medium,1566.0,car,003304,False,False,90.0,False,True
003304#4,0,CONTROL,MATCHED@0.5,medium,4840.01220703125,person,003304,False,False,,False,False
003304#8,4,CONTROL,F0_no_raw_candidate,small,585.0,sign,003304,False,True,,False,False
003304#9,4,CONTROL,MATCHED@0.5,medium,2788.0,sign,003304,False,False,,False,False
003304#11,0,CONTROL,MATCHED@0.5,small,221.0,person,003304,False,False,,False,False
003304#12,5,CONTROL,MATCHED@0.5,medium,4783.9873046875,person,003304,False,False,,False,False
003304#13,4,CONTROL,MATCHED@0.5,medium,3173.99169921875,bicycle,003304,False,False,0.0,True,True
003317#1,0,CONTROL,MATCHED@0.5,large,228908.21875,person,003317,False,False,,False,False
003317#2,0,CONTROL,MATCHED@0.5,medium,3456.0,person,003317,False,False,,False,False
003317#3,0,CONTROL,MATCHED@0.5,medium,2800.0,person,003317,False,False,,False,False
003317#5,4,CONTROL,F0_no_raw_candidate,large,144152.03125,bicycle,003317,False,True,,False,False
003317#6,4,CONTROL,MATCHED@0.5,medium,5208.005859375,sign,003317,False,False,,False,False
003317#7,4,G86,MATCHED@0.5,medium,2478.00244140625,sign,003317,True,False,10.0,False,True
003317#8,4,CONTROL,F0_no_raw_candidate,medium,3360.0,sign,003317,False,True,,False,False
003317#9,4,CONTROL,MATCHED@0.5,medium,4830.0,sign,003317,False,False,90.0,False,True
003317#12,6,CONTROL,MATCHED@0.5,large,11967.9892578125,car,003317,True,False,150.0,False,True
003317#14,6,MISSED_NON86,MATCHED@0.5,large,27824.0,car,003317,False,False,40.0,False,True
003317#15,6,MISSED_NON86,F1_nms_disappearance,medium,5406.0,car,003317,False,False,10.0,False,True
003317#16,6,CONTROL,F3_survives_official_fail,medium,7275.0,car,003317,False,False,90.0,False,True
003348#0,8,CONTROL,,,,,003348,False,False,0.0,True,True
003353#0,8,MISSED_NON86,,,,,003353,True,False,0.0,True,True
003408#1,4,CONTROL,MATCHED@0.5,large,26784.0390625,person,003408,False,False,,False,False
003411#0,4,CONTROL,,,,,003411,False,False,,False,False
003411#1,0,CONTROL,MATCHED@0.5,medium,4884.0078125,sign,003411,True,False,60.0,False,True
003411#2,0,CONTROL,MATCHED@0.5,medium,6287.98388671875,person,003411,True,False,90.0,False,True
003411#3,5,CONTROL,MATCHED@0.5,medium,5884.99365234375,person,003411,True,False,20.0,False,True
003419#0,6,CONTROL,,,,,003419,True,False,40.0,False,True
003419#5,6,CONTROL,MATCHED@0.5,large,31456.24609375,car,003419,False,False,,False,False
003419#13,8,G86,MATCHED@0.5,small,671.1293334960938,person,003419,True,False,0.0,True,True
003419#14,8,G86,F0_no_raw_candidate,medium,2119.831298828125,light,003419,True,True,0.0,True,True
003419#17,8,MISSED_NON86,F0_no_raw_candidate,large,19589.20703125,light,003419,True,True,0.0,True,True
003419#18,0,MISSED_NON86,F0_no_raw_candidate,medium,3500.794921875,light,003419,True,True,20.0,False,True
003419#19,8,G86,F0_no_raw_candidate,medium,3979.250244140625,person,003419,True,True,30.0,False,True
003419#21,4,CONTROL,MATCHED@0.5,small,1021.2517700195312,person,003419,False,False,,False,False
003425#5,6,CONTROL,MATCHED@0.5,small,622.4491577148438,car,003425,False,False,,False,False
003425#6,6,CONTROL,MATCHED@0.5,medium,1965.2049560546875,car,003425,False,False,,False,False
003425#7,6,MISSED_NON86,MATCHED@0.5,medium,1270.7529296875,car,003425,True,False,100.0,False,True
003425#10,6,CONTROL,MATCHED@0.5,large,14783.416015625,light,003425,False,False,70.0,False,True
003425#12,0,CONTROL,MATCHED@0.5,small,574.2033081054688,garbage_can,003425,False,False,,False,False
003425#13,0,CONTROL,MATCHED@0.5,medium,4258.7421875,person,003425,False,False,,False,False
003460#0,0,CONTROL,,,,,003460,True,False,280.0,False,True
003460#1,0,CONTROL,MATCHED@0.5,medium,2861.5654296875,person,003460,False,False,,False,False
003460#3,0,CONTROL,MATCHED@0.5,large,9268.994140625,person,003460,True,False,110.0,False,True
003460#5,2,CONTROL,MATCHED@0.5,large,16612.419921875,person,003460,False,False,0.0,True,True
003460#6,2,CONTROL,MATCHED@0.5,medium,3144.2119140625,animal,003460,False,False,70.0,False,True
003472#0,2,MISSED_NON86,,,,,003472,True,False,0.0,True,True
003472#1,2,CONTROL,F0_no_raw_candidate,medium,3453.692138671875,animal,003472,True,True,30.0,False,True
003472#2,8,CONTROL,MATCHED@0.5,medium,7076.74560546875,animal,003472,False,False,,False,False
003472#3,0,CONTROL,MATCHED@0.5,medium,2213.363037109375,light,003472,False,False,,False,False
003475#1,0,CONTROL,MATCHED@0.5,small,989.6361083984375,person,003475,False,False,,False,False
003475#2,0,MISSED_NON86,MATCHED@0.5,medium,4567.88818359375,person,003475,False,False,120.0,False,True
003475#3,0,CONTROL,F1_nms_disappearance,medium,2558.257568359375,person,003475,False,False,,False,False
003475#5,0,CONTROL,MATCHED@0.5,large,9733.2578125,animal,003475,True,False,120.0,False,True
003475#6,0,CONTROL,MATCHED@0.5,medium,4449.6748046875,person,003475,True,False,0.0,True,True
003475#10,8,CONTROL,MATCHED@0.5,large,10934.193359375,person,003475,False,False,,False,False
003475#11,0,CONTROL,MATCHED@0.5,medium,2167.0390625,light,003475,False,False,,False,False
003487#0,0,CONTROL,,,,,003487,True,False,120.0,False,True
003487#2,0,CONTROL,MATCHED@0.5,large,10892.8544921875,person,003487,True,False,160.0,False,True
003489#0,8,CONTROL,,,,,003489,False,False,,False,False
003489#2,0,CONTROL,F0_no_raw_candidate,large,22581.25,person,003489,False,True,,False,False
003489#3,0,CONTROL,MATCHED@0.5,medium,3155.691162109375,person,003489,False,False,,False,False
003489#4,0,CONTROL,MATCHED@0.5,medium,6705.9208984375,person,003489,False,False,,False,False
003489#5,0,CONTROL,MATCHED@0.5,medium,3030.39990234375,person,003489,True,False,80.0,False,True
003489#9,0,CONTROL,MATCHED@0.5,large,28793.939453125,person,003489,False,False,,False,False
003489#14,0,CONTROL,MATCHED@0.5,large,15398.5400390625,person,003489,False,False,,False,False
003526#0,2,CONTROL,,,,,003526,False,False,,False,False
003526#3,0,MISSED_NON86,MATCHED@0.5,large,51582.3828125,animal,003526,True,False,0.0,True,True
003532#0,2,CONTROL,,,,,003532,False,False,0.0,True,True
003532#1,2,CONTROL,MATCHED@0.5,medium,1790.656494140625,animal,003532,False,False,0.0,True,True
003546#0,2,CONTROL,,,,,003546,False,False,50.0,False,True
003546#1,2,MISSED_NON86,MATCHED@0.5,medium,2746.437255859375,animal,003546,True,False,40.0,False,True
003546#2,2,CONTROL,F1_nms_disappearance,medium,3428.212158203125,animal,003546,False,False,,False,False
003592#0,2,CONTROL,,,,,003592,False,False,,False,False
003592#1,2,CONTROL,MATCHED@0.5,medium,2382.55517578125,animal,003592,False,False,,False,False
003592#2,2,CONTROL,MATCHED@0.5,medium,2148.505126953125,animal,003592,False,False,,False,False
003592#3,2,CONTROL,MATCHED@0.5,medium,3754.449462890625,animal,003592,False,False,,False,False
003595#3,2,CONTROL,F0_no_raw_candidate,large,9993.8642578125,garbage_can,003595,False,True,,False,False
003595#4,2,CONTROL,MATCHED@0.5,medium,2625.0966796875,animal,003595,False,False,,False,False
003595#5,2,CONTROL,MATCHED@0.5,medium,3044.7529296875,animal,003595,False,False,,False,False
003595#6,2,CONTROL,MATCHED@0.5,medium,2004.755615234375,animal,003595,True,False,30.0,False,True
003603#3,2,CONTROL,MATCHED@0.5,large,30641.671875,animal,003603,False,False,,False,False
003653#3,2,MISSED_NON86,F1_nms_disappearance,small,956.14208984375,person,003653,True,False,130.0,False,True
003653#5,0,CONTROL,MATCHED@0.5,small,373.8946838378906,person,003653,False,False,,False,False
003653#6,0,CONTROL,MATCHED@0.5,medium,1955.574462890625,person,003653,True,False,120.0,False,True
003653#7,0,CONTROL,MATCHED@0.5,medium,2097.496826171875,person,003653,False,False,,False,False
003653#8,0,CONTROL,MATCHED@0.5,medium,1502.722900390625,person,003653,False,False,,False,False
003653#9,0,CONTROL,MATCHED@0.5,medium,1120.4794921875,person,003653,True,False,70.0,False,True
003653#11,2,CONTROL,MATCHED@0.5,small,399.6459655761719,person,003653,False,False,,False,False
003653#12,2,CONTROL,MATCHED@0.5,medium,3858.77001953125,animal,003653,False,False,,False,False
003653#14,0,CONTROL,MATCHED@0.5,small,847.30322265625,person,003653,False,False,,False,False
003653#16,0,CONTROL,MATCHED@0.5,small,983.5424194335938,person,003653,False,False,,False,False
003653#17,0,CONTROL,MATCHED@0.5,medium,1256.574462890625,person,003653,False,False,,False,False
003653#18,0,CONTROL,MATCHED@0.5,medium,3265.4208984375,person,003653,False,False,,False,False
003679#4,0,CONTROL,MATCHED@0.5,large,10000.009765625,animal,003679,False,False,,False,False
003679#5,0,MISSED_NON86,MATCHED@0.5,medium,4947.0,person,003679,True,False,90.0,False,True
003679#7,0,CONTROL,F0_no_raw_candidate,small,839.9987182617188,person,003679,False,True,120.0,False,True
003679#8,0,CONTROL,MATCHED@0.5,medium,4024.980712890625,person,003679,False,False,,False,False
003703#0,2,CONTROL,,,,,003703,True,False,220.0,False,True
003739#0,0,CONTROL,,,,,003739,False,False,,False,False
003739#1,0,CONTROL,MATCHED@0.5,medium,2944.005615234375,person,003739,False,False,,False,False
003739#2,2,G86,MATCHED@0.5,medium,3810.9951171875,person,003739,True,False,40.0,False,True
003739#3,2,CONTROL,F0_no_raw_candidate,medium,1855.0064697265625,animal,003739,False,True,,False,False
003739#5,2,MISSED_NON86,MATCHED@0.5,small,986.0004272460938,animal,003739,False,False,,False,False
003739#6,2,CONTROL,F1_nms_disappearance,medium,1596.0006103515625,animal,003739,True,False,70.0,False,True
003739#7,2,CONTROL,MATCHED@0.5,medium,1519.0009765625,animal,003739,False,False,30.0,False,True
003739#8,2,CONTROL,MATCHED@0.5,medium,3485.003173828125,animal,003739,False,False,,False,False
003757#0,4,CONTROL,,,,,003757,True,False,50.0,False,True
003757#7,0,CONTROL,F1_nms_disappearance,small,546.0006103515625,person,003757,False,False,,False,False
003757#8,0,MISSED_NON86,MATCHED@0.5,medium,2752.001220703125,person,003757,False,False,250.0,False,True
003757#10,0,CONTROL,MATCHED@0.5,small,399.0,person,003757,False,False,210.0,False,True
003757#14,0,CONTROL,F1_nms_disappearance,small,476.0,person,003757,False,False,,False,False
003757#15,0,CONTROL,MATCHED@0.5,medium,1649.9981689453125,person,003757,False,False,,False,False
003757#16,0,MISSED_NON86,MATCHED@0.5,medium,1871.997802734375,person,003757,True,False,10.0,False,True
003769#0,2,CONTROL,,,,,003769,False,False,70.0,False,True
003838#0,2,CONTROL,,,,,003838,True,False,20.0,False,True
003863#1,0,G86,F0_no_raw_candidate,small,814.0013427734375,person,003863,True,True,50.0,False,True
003863#3,0,G86,F0_no_raw_candidate,small,900.0067138671875,person,003863,True,True,0.0,True,True
003863#5,2,G86,MATCHED@0.5,large,29736.884765625,animal,003863,True,False,30.0,False,True
003863#7,0,CONTROL,MATCHED@0.5,small,791.9989013671875,person,003863,False,False,,False,False
003863#9,0,CONTROL,MATCHED@0.5,small,1007.9990234375,person,003863,False,False,70.0,False,True
003863#10,0,CONTROL,MATCHED@0.5,medium,1518.0,person,003863,False,False,,False,False
003863#11,8,MISSED_NON86,MATCHED@0.5,medium,1708.0,person,003863,False,False,,False,False
003895#2,2,CONTROL,MATCHED@0.5,large,26520.04296875,animal,003895,False,False,,False,False
003896#0,2,CONTROL,,,,,003896,False,False,,False,False
003896#1,2,MISSED_NON86,MATCHED@0.5,medium,4731.00244140625,animal,003896,False,False,,False,False
003902#0,2,CONTROL,,,,,003902,False,False,,False,False
003902#1,2,CONTROL,MATCHED@0.5,medium,4619.99609375,animal,003902,False,False,,False,False
003902#3,2,CONTROL,MATCHED@0.5,small,840.0,animal,003902,False,False,,False,False
003902#4,2,MISSED_NON86,MATCHED@0.5,medium,1975.9976806640625,animal,003902,False,False,120.0,False,True
003902#5,0,G86,F0_no_raw_candidate,medium,3080.0029296875,animal,003902,True,True,70.0,False,True
003902#6,2,CONTROL,F0_no_raw_candidate,medium,2067.9990234375,person,003902,False,True,,False,False
003904#0,2,CONTROL,,,,,003904,False,False,,False,False
003904#1,2,CONTROL,MATCHED@0.5,medium,3472.00390625,animal,003904,False,False,,False,False
003941#0,0,CONTROL,,,,,003941,False,False,60.0,False,True
003941#1,0,CONTROL,MATCHED@0.5,medium,3403.99462890625,person,003941,False,False,,False,False
003941#3,0,CONTROL,MATCHED@0.5,small,1022.0,person,003941,False,False,,False,False
003941#5,0,CONTROL,MATCHED@0.5,small,601.9995727539062,person,003941,False,False,,False,False
003941#7,0,CONTROL,MATCHED@0.5,small,391.0,person,003941,False,False,,False,False
003941#8,0,CONTROL,MATCHED@0.5,medium,1911.001220703125,person,003941,False,False,,False,False
003941#10,0,CONTROL,MATCHED@0.5,small,934.99951171875,person,003941,False,False,,False,False
003941#11,0,CONTROL,MATCHED@0.5,medium,2231.994384765625,person,003941,False,False,,False,False
003941#12,0,CONTROL,MATCHED@0.5,medium,2916.0,person,003941,True,False,40.0,False,True
003941#13,0,MISSED_NON86,MATCHED@0.5,medium,1520.0098876953125,person,003941,True,False,50.0,False,True
003941#14,0,CONTROL,F0_no_raw_candidate,medium,2040.0,person,003941,False,True,,False,False
003941#15,0,CONTROL,MATCHED@0.5,medium,1803.9896240234375,person,003941,False,False,,False,False
003941#16,0,CONTROL,MATCHED@0.5,medium,2799.98828125,person,003941,True,False,0.0,True,True
003941#20,0,MISSED_NON86,MATCHED@0.5,large,15568.0341796875,bicycle,003941,True,False,150.0,False,True
003941#21,0,G86,F0_no_raw_candidate,medium,1044.0025634765625,person,003941,True,True,120.0,False,True
003941#22,0,CONTROL,F0_no_raw_candidate,medium,2650.00634765625,person,003941,False,True,,False,False
003941#24,0,MISSED_NON86,MATCHED@0.5,large,20881.955078125,person,003941,True,False,60.0,False,True
003941#25,0,MISSED_NON86,F0_no_raw_candidate,medium,3520.0,person,003941,True,True,180.0,False,True
003941#26,0,MISSED_NON86,F0_no_raw_candidate,medium,1539.0,person,003941,False,True,,False,False
003941#27,0,CONTROL,F1_nms_disappearance,medium,2079.996826171875,person,003941,False,False,,False,False
003941#29,0,CONTROL,MATCHED@0.5,small,791.9986572265625,person,003941,False,False,,False,False
003941#30,5,CONTROL,MATCHED@0.5,medium,1978.0,person,003941,False,False,,False,False
003982#5,0,CONTROL,F1_nms_disappearance,small,735.0,person,003982,False,False,,False,False
003982#6,0,CONTROL,MATCHED@0.5,medium,2880.995849609375,person,003982,False,False,,False,False
003982#8,0,CONTROL,F0_no_raw_candidate,small,150.0,person,003982,False,True,,False,False
003982#11,0,CONTROL,MATCHED@0.5,small,525.0,person,003982,False,False,,False,False
003982#14,0,CONTROL,F2_top100_disappearance,small,800.00244140625,person,003982,False,False,,False,False
003982#19,0,CONTROL,F3_survives_official_fail,small,195.0,person,003982,False,False,,False,False
003982#20,0,CONTROL,MATCHED@0.5,medium,1270.9949951171875,person,003982,False,False,,False,False
003982#23,0,CONTROL,MATCHED@0.5,small,513.0,person,003982,False,False,,False,False
003982#24,0,CONTROL,MATCHED@0.5,medium,2713.99267578125,person,003982,False,False,,False,False
003982#30,0,CONTROL,F1_nms_disappearance,small,380.0023193359375,person,003982,False,False,,False,False
003982#32,0,CONTROL,MATCHED@0.5,small,1008.0,person,003982,False,False,,False,False
003982#34,0,CONTROL,MATCHED@0.5,small,585.0,person,003982,False,False,,False,False
003982#36,0,MISSED_NON86,F2_top100_disappearance,small,588.0,person,003982,True,False,170.0,False,True
003982#41,0,MISSED_NON86,MATCHED@0.5,small,999.994384765625,person,003982,True,False,180.0,False,True
003982#42,0,CONTROL,F3_survives_official_fail,medium,1040.0032958984375,person,003982,False,False,,False,False
003982#43,0,CONTROL,MATCHED@0.5,medium,1196.0028076171875,person,003982,False,False,,False,False
003982#47,0,CONTROL,MATCHED@0.5,large,46098.0234375,person,003982,False,False,,False,False
003982#48,0,CONTROL,MATCHED@0.5,medium,5979.974609375,person,003982,False,False,,False,False
003982#49,0,CONTROL,MATCHED@0.5,medium,1974.999267578125,person,003982,True,False,100.0,False,True
003982#50,0,MISSED_NON86,MATCHED@0.5,medium,8891.97265625,person,003982,True,False,110.0,False,True
003982#53,0,CONTROL,MATCHED@0.5,small,791.9986572265625,person,003982,True,False,190.0,False,True
003982#57,0,MISSED_NON86,MATCHED@0.5,small,374.00103759765625,person,003982,False,False,,False,False
003982#58,0,CONTROL,F1_nms_disappearance,medium,1728.0009765625,person,003982,False,False,,False,False
003982#60,0,CONTROL,MATCHED@0.5,small,588.0,person,003982,False,False,,False,False
003982#61,0,CONTROL,MATCHED@0.5,medium,1702.0,person,003982,False,False,,False,False
003982#62,0,CONTROL,MATCHED@0.5,medium,1419.0,person,003982,False,False,,False,False
003987#5,0,CONTROL,F1_nms_disappearance,small,594.0,person,003987,False,False,,False,False
003987#6,0,CONTROL,MATCHED@0.5,medium,3708.00048828125,person,003987,False,False,,False,False
003987#10,0,CONTROL,F2_top100_disappearance,small,812.001708984375,person,003987,True,False,10.0,False,True
003987#11,0,CONTROL,MATCHED@0.5,medium,7552.03173828125,person,003987,False,False,,False,False
003987#15,0,CONTROL,F0_no_raw_candidate,small,390.99859619140625,person,003987,False,True,,False,False
003987#16,0,CONTROL,MATCHED@0.5,medium,3688.993896484375,person,003987,False,False,,False,False
003987#23,0,MISSED_NON86,MATCHED@0.5,small,923.9976806640625,person,003987,False,False,,False,False
003987#27,0,CONTROL,MATCHED@0.5,small,398.99884033203125,person,003987,False,False,,False,False
003987#35,0,CONTROL,F1_nms_disappearance,small,593.9967041015625,person,003987,False,False,,False,False
003987#38,0,CONTROL,MATCHED@0.5,small,960.004638671875,person,003987,False,False,,False,False
003987#39,0,CONTROL,MATCHED@0.5,medium,1539.0008544921875,person,003987,False,False,,False,False
003987#40,0,CONTROL,MATCHED@0.5,medium,1504.0032958984375,person,003987,False,False,,False,False
003987#41,0,CONTROL,MATCHED@0.5,medium,1983.9970703125,person,003987,False,False,,False,False
003987#43,0,CONTROL,MATCHED@0.5,small,335.9990234375,person,003987,False,False,,False,False
003987#46,0,CONTROL,MATCHED@0.5,small,687.9996948242188,person,003987,False,False,,False,False
003987#47,0,CONTROL,MATCHED@0.5,medium,1231.9962158203125,person,003987,False,False,,False,False
003987#49,0,CONTROL,MATCHED@0.5,large,16659.95703125,person,003987,False,False,,False,False
003987#50,0,CONTROL,MATCHED@0.5,medium,1287.0,person,003987,False,False,,False,False
003987#51,0,MISSED_NON86,MATCHED@0.5,medium,1189.00341796875,person,003987,False,False,,False,False
003987#52,0,CONTROL,F1_nms_disappearance,medium,1529.998291015625,person,003987,False,False,,False,False
003987#53,0,CONTROL,MATCHED@0.5,medium,1079.998779296875,person,003987,False,False,,False,False
003987#55,5,G86,MATCHED@0.5,large,9792.01171875,person,003987,True,False,0.0,True,True
hehe_173_000002_024_00000105#2,0,CONTROL,MATCHED@0.5,large,91935.875,person,hehe_173_000002_024_00000105,False,False,,False,False
hehe_173_000002_024_00000105#4,5,CONTROL,F1_nms_disappearance,small,899.99560546875,person,hehe_173_000002_024_00000105,False,False,20.0,False,True
hehe_173_000002_024_00000105#6,0,CONTROL,MATCHED@0.5,small,951.99658203125,bicycle,hehe_173_000002_024_00000105,False,False,,False,False
hehe_173_000002_024_00000105#7,0,CONTROL,MATCHED@0.5,medium,2275.00390625,person,hehe_173_000002_024_00000105,False,False,,False,False
hehe_173_000002_024_00000105#9,4,CONTROL,MATCHED@0.5,large,54465.8125,sign,hehe_173_000002_024_00000105,False,False,,False,False
hehe_173_000002_024_00000105#10,4,CONTROL,MATCHED@0.5,medium,3240.0,sign,hehe_173_000002_024_00000105,False,False,,False,False
hehe_173_000002_024_00000105#11,4,CONTROL,MATCHED@0.5,medium,2520.001708984375,sign,hehe_173_000002_024_00000105,False,False,,False,False
hehe_173_000002_024_00000105#13,8,MISSED_NON86,F0_no_raw_candidate,small,570.0,sign,hehe_173_000002_024_00000105,True,True,20.0,False,True
hehe_173_000002_024_00000105#15,8,CONTROL,MATCHED@0.5,large,18560.041015625,light,hehe_173_000002_024_00000105,True,False,0.0,True,True
hehe_186_000002_028_00000050#1,4,G86,MATCHED@0.5,large,63675.27734375,garbage_can,hehe_186_000002_028_00000050,True,False,0.0,True,True
hehe_22_00000004#0,0,CONTROL,,,,,hehe_22_00000004,False,False,,False,False
hehe_22_00000004#2,0,CONTROL,MATCHED@0.5,large,20651.05078125,person,hehe_22_00000004,False,False,,False,False
hehe_22_00000004#4,6,CONTROL,MATCHED@0.5,small,899.9989013671875,car,hehe_22_00000004,False,False,,False,False
hehe_22_00000004#6,8,CONTROL,MATCHED@0.5,large,102835.8828125,light,hehe_22_00000004,False,False,0.0,True,True
hehe_22_00000004#7,8,CONTROL,MATCHED@0.5,medium,6463.9970703125,light,hehe_22_00000004,True,False,40.0,False,True
hehe_22_00000004#9,5,G86,MATCHED@0.5,large,35164.01171875,light,hehe_22_00000004,True,False,40.0,False,True
hehe_230_000002_043_00000061#1,4,CONTROL,F0_no_raw_candidate,large,41951.9765625,sign,hehe_230_000002_043_00000061,True,True,110.0,False,True
hehe_230_000002_043_00000061#6,8,CONTROL,MATCHED@0.5,large,11010.9775390625,light,hehe_230_000002_043_00000061,True,False,0.0,True,True
hehe_230_000002_043_00000061#7,8,CONTROL,MATCHED@0.5,medium,7675.98779296875,light,hehe_230_000002_043_00000061,False,False,0.0,True,True
hehe_230_000002_043_00000061#10,6,CONTROL,MATCHED@0.5,large,11154.0048828125,car,hehe_230_000002_043_00000061,False,False,,False,False
hehe_230_000002_043_00000061#11,9,CONTROL,MATCHED@0.5,medium,3739.99609375,car,hehe_230_000002_043_00000061,False,False,0.0,True,True
hehe_230_000002_043_00000061#13,0,G86,MATCHED@0.5,small,924.9954833984375,person,hehe_230_000002_043_00000061,True,False,170.0,False,True
hehe_230_000002_043_00000061#14,5,CONTROL,F0_no_raw_candidate,medium,2170.007568359375,person,hehe_230_000002_043_00000061,False,True,50.0,False,True
hehe_232_000002_043_00000181#0,0,MISSED_NON86,,,,,hehe_232_000002_043_00000181,False,False,,False,False
hehe_232_000002_043_00000181#1,0,CONTROL,F1_nms_disappearance,medium,1089.0,person,hehe_232_000002_043_00000181,True,False,100.0,False,True
hehe_232_000002_043_00000181#2,0,CONTROL,MATCHED@0.5,medium,2619.0,person,hehe_232_000002_043_00000181,False,False,40.0,False,True
hehe_232_000002_043_00000181#3,9,MISSED_NON86,MATCHED@0.5,medium,5916.9912109375,person,hehe_232_000002_043_00000181,True,False,0.0,True,True
hehe_232_000002_043_00000181#8,6,CONTROL,MATCHED@0.5,large,20660.90625,car,hehe_232_000002_043_00000181,True,False,20.0,False,True
hehe_274_000002_060_00000105#1,6,CONTROL,MATCHED@0.5,large,121836.015625,car,hehe_274_000002_060_00000105,True,False,10.0,False,True
hehe_274_000002_060_00000105#5,0,CONTROL,MATCHED@0.5,large,286253.375,bicycle,hehe_274_000002_060_00000105,False,False,130.0,False,True
hehe_274_000002_060_00000105#6,0,MISSED_NON86,MATCHED@0.5,medium,2691.0,person,hehe_274_000002_060_00000105,True,False,130.0,False,True
hehe_40_00000033#1,0,CONTROL,MATCHED@0.5,large,19304.9921875,light,hehe_40_00000033,False,False,,False,False
hehe_40_00000033#2,0,CONTROL,MATCHED@0.5,medium,3145.0,person,hehe_40_00000033,True,False,40.0,False,True
hehe_40_00000033#3,0,CONTROL,MATCHED@0.5,medium,4939.98828125,person,hehe_40_00000033,False,False,,False,False
hehe_40_00000033#5,0,CONTROL,MATCHED@0.5,large,17860.01171875,person,hehe_40_00000033,False,False,,False,False
hehe_45_00000001#2,0,CONTROL,F0_no_raw_candidate,small,288.99896240234375,ball,hehe_45_00000001,False,True,,False,False
hehe_45_00000001#4,0,CONTROL,MATCHED@0.5,large,24592.025390625,person,hehe_45_00000001,False,False,,False,False
hehe_45_00000001#5,9,CONTROL,MATCHED@0.5,medium,2760.0048828125,person,hehe_45_00000001,False,False,0.0,True,True
hehe_45_00000001#6,6,MISSED_NON86,MATCHED@0.5,medium,5158.99755859375,garbage_can,hehe_45_00000001,True,False,30.0,False,True
hehe_45_00000001#7,6,MISSED_NON86,F1_nms_disappearance,medium,5015.9931640625,car,hehe_45_00000001,True,False,200.0,False,True
hehe_45_00000001#8,6,MISSED_NON86,F3_survives_official_fail,medium,6163.994140625,car,hehe_45_00000001,True,False,100.0,False,True
hehe_45_00000001#9,6,CONTROL,F1_nms_disappearance,medium,3969.0,car,hehe_45_00000001,False,False,,False,False
hehe_52_00000107#0,2,CONTROL,,,,,hehe_52_00000107,True,False,100.0,False,True
hehe_52_00000107#1,2,CONTROL,MATCHED@0.5,medium,2223.0,animal,hehe_52_00000107,False,False,,False,False
hehe_61_00000090#2,6,CONTROL,MATCHED@0.5,large,35849.94921875,sign,hehe_61_00000090,True,False,70.0,False,True
hehe_61_00000090#3,5,CONTROL,MATCHED@0.5,medium,7395.97900390625,car,hehe_61_00000090,False,False,,False,False
hehe_61_00000090#4,5,CONTROL,MATCHED@0.5,medium,4158.00341796875,bicycle,hehe_61_00000090,False,False,,False,False
hehe_61_00000090#9,5,CONTROL,F0_no_raw_candidate,large,27635.9921875,car,hehe_61_00000090,True,True,100.0,False,True
hehe_61_00000090#10,5,G86,MATCHED@0.5,medium,7938.0,bicycle,hehe_61_00000090,True,False,10.0,False,True
hehe_61_00000090#11,5,G86,F0_no_raw_candidate,medium,5700.0,bicycle,hehe_61_00000090,True,True,10.0,False,True
hehe_65_00000229#2,4,G86,MATCHED@0.5,large,14884.0146484375,car,hehe_65_00000229,True,False,160.0,False,True
hehe_65_00000229#3,4,CONTROL,F0_no_raw_candidate,medium,6719.994140625,sign,hehe_65_00000229,False,True,,False,False
hehe_65_00000229#4,4,CONTROL,MATCHED@0.5,medium,3744.0,sign,hehe_65_00000229,False,False,,False,False
hehe_65_00000229#6,5,CONTROL,F0_no_raw_candidate,large,9504.0,light,hehe_65_00000229,False,True,,False,False
hehe_65_00000229#7,5,CONTROL,MATCHED@0.5,medium,1938.0,bicycle,hehe_65_00000229,False,False,,False,False
hehe_6_00000054#0,7,G86,,,,,hehe_6_00000054,True,False,0.0,True,True
hehe_6_00000054#2,0,CONTROL,F0_no_raw_candidate,small,671.99853515625,ball,hehe_6_00000054,False,True,,False,False
hehe_6_00000054#3,0,CONTROL,MATCHED@0.5,medium,3978.00244140625,person,hehe_6_00000054,False,False,230.0,False,True
hehe_6_00000054#4,0,CONTROL,MATCHED@0.5,medium,3713.0,person,hehe_6_00000054,False,False,,False,False
hehe_6_00000054#6,0,CONTROL,MATCHED@0.5,large,13500.02734375,person,hehe_6_00000054,True,False,0.0,True,True
hehe_6_00000054#13,3,MISSED_NON86,MATCHED@0.5,large,34007.99609375,person,hehe_6_00000054,True,False,0.0,True,True
hehe_6_00000054#16,6,G86,MATCHED@0.5,large,9660.0,car,hehe_6_00000054,True,False,0.0,True,True
hehe_6_00000054#17,6,G86,F0_no_raw_candidate,medium,3770.0,car,hehe_6_00000054,True,True,0.0,True,True
hehe_86_00000253#0,2,CONTROL,,,,,hehe_86_00000253,True,False,100.0,False,True
hehe_86_00000253#3,2,CONTROL,MATCHED@0.5,large,10545.0068359375,animal,hehe_86_00000253,True,False,20.0,False,True
hehe_87_00000315#1,2,CONTROL,MATCHED@0.5,large,57600.25,animal,hehe_87_00000315,False,False,220.0,False,True
hehe_87_00000315#2,2,CONTROL,MATCHED@0.5,medium,4305.0068359375,animal,hehe_87_00000315,False,False,,False,False
hehe_87_00000315#3,2,CONTROL,MATCHED@0.5,medium,4661.99951171875,animal,hehe_87_00000315,False,False,,False,False
hehe_87_00000315#4,2,CONTROL,MATCHED@0.5,medium,3712.0,animal,hehe_87_00000315,False,False,,False,False
hehe_87_00000315#5,2,CONTROL,MATCHED@0.5,medium,2200.002197265625,animal,hehe_87_00000315,False,False,50.0,False,True
hehe_87_00000315#6,2,MISSED_NON86,MATCHED@0.5,medium,3286.007568359375,animal,hehe_87_00000315,True,False,40.0,False,True
shuming_1007_00000230#0,2,CONTROL,,,,,shuming_1007_00000230,False,False,60.0,False,True
shuming_1007_00000230#3,2,CONTROL,MATCHED@0.5,large,10295.9609375,animal,shuming_1007_00000230,False,False,50.0,False,True
shuming_1007_00000230#4,2,CONTROL,MATCHED@0.5,medium,4671.99609375,animal,shuming_1007_00000230,True,False,30.0,False,True
shuming_1007_00000230#5,2,CONTROL,F1_nms_disappearance,medium,4089.00537109375,animal,shuming_1007_00000230,True,False,40.0,False,True
shuming_1007_00000230#7,2,CONTROL,MATCHED@0.5,large,16636.953125,animal,shuming_1007_00000230,False,False,30.0,False,True
shuming_1007_00000230#10,2,CONTROL,MATCHED@0.5,large,15870.01953125,animal,shuming_1007_00000230,False,False,,False,False
shuming_1007_00000230#11,2,CONTROL,MATCHED@0.5,medium,6726.03564453125,animal,shuming_1007_00000230,False,False,,False,False
shuming_1007_00000230#12,2,CONTROL,MATCHED@0.5,medium,4752.0,animal,shuming_1007_00000230,False,False,,False,False
shuming_1007_00000230#13,2,MISSED_NON86,MATCHED@0.5,medium,4428.0,animal,shuming_1007_00000230,False,False,,False,False
shuming_1007_00000230#14,2,CONTROL,F1_nms_disappearance,medium,1395.0009765625,animal,shuming_1007_00000230,False,False,,False,False
shuming_1007_00000230#15,2,CONTROL,MATCHED@0.5,medium,1173.0,animal,shuming_1007_00000230,False,False,120.0,False,True
shuming_1007_00000230#16,2,CONTROL,MATCHED@0.5,medium,8484.0,animal,shuming_1007_00000230,False,False,20.0,False,True
shuming_1007_00000230#17,2,MISSED_NON86,MATCHED@0.5,medium,5548.0,animal,shuming_1007_00000230,False,False,,False,False
shuming_1007_00000230#18,2,CONTROL,F1_nms_disappearance,medium,2340.0,animal,shuming_1007_00000230,False,False,140.0,False,True
shuming_1007_00000230#20,2,CONTROL,MATCHED@0.5,small,960.9990234375,animal,shuming_1007_00000230,False,False,,False,False
shuming_1007_00000230#21,2,CONTROL,MATCHED@0.5,medium,2688.0,animal,shuming_1007_00000230,True,False,30.0,False,True
shuming_1007_00000230#22,2,CONTROL,MATCHED@0.5,medium,7631.998046875,animal,shuming_1007_00000230,False,False,,False,False
shuming_1007_00000230#23,2,CONTROL,MATCHED@0.5,medium,3393.001220703125,animal,shuming_1007_00000230,False,False,,False,False
shuming_1013_00000065#0,2,CONTROL,,,,,shuming_1013_00000065,True,False,30.0,False,True
shuming_1013_00000065#1,2,CONTROL,MATCHED@0.5,medium,8679.998046875,animal,shuming_1013_00000065,False,False,30.0,False,True
shuming_1013_00000065#3,2,MISSED_NON86,MATCHED@0.5,large,13831.98046875,animal,shuming_1013_00000065,True,False,40.0,False,True
shuming_1028_00000411#3,4,CONTROL,MATCHED@0.5,large,79706.8828125,animal,shuming_1028_00000411,True,False,110.0,False,True
shuming_1028_00000411#4,4,CONTROL,MATCHED@0.5,medium,6155.9951171875,sign,shuming_1028_00000411,False,False,,False,False
shuming_1028_00000411#5,4,CONTROL,MATCHED@0.5,medium,1055.99853515625,sign,shuming_1028_00000411,False,False,,False,False
shuming_1064_00000087#0,2,CONTROL,,,,,shuming_1064_00000087,False,False,,False,False
shuming_1064_00000087#1,2,CONTROL,MATCHED@0.5,medium,3799.98828125,animal,shuming_1064_00000087,False,False,,False,False
shuming_1064_00000087#2,2,CONTROL,MATCHED@0.5,medium,5858.0,animal,shuming_1064_00000087,False,False,,False,False
shuming_1064_00000087#3,2,CONTROL,MATCHED@0.5,medium,6831.0,animal,shuming_1064_00000087,True,False,140.0,False,True
shuming_1064_00000087#4,2,CONTROL,MATCHED@0.5,medium,7520.01171875,animal,shuming_1064_00000087,True,False,60.0,False,True
shuming_1064_00000087#6,2,CONTROL,MATCHED@0.5,large,11984.0390625,animal,shuming_1064_00000087,False,False,,False,False
shuming_1064_00000087#7,2,CONTROL,MATCHED@0.5,medium,2950.0,animal,shuming_1064_00000087,False,False,,False,False
shuming_1064_00000087#8,2,CONTROL,MATCHED@0.5,medium,6030.0,animal,shuming_1064_00000087,True,False,130.0,False,True
shuming_1076_00000257#1,2,CONTROL,F0_no_raw_candidate,large,42164.20703125,animal,shuming_1076_00000257,False,True,,False,False
shuming_1076_00000257#2,2,CONTROL,MATCHED@0.5,medium,3779.996337890625,animal,shuming_1076_00000257,False,False,,False,False
shuming_1076_00000257#3,2,CONTROL,MATCHED@0.5,medium,3162.0,animal,shuming_1076_00000257,False,False,,False,False
shuming_1076_00000257#4,2,CONTROL,MATCHED@0.5,medium,2268.0,animal,shuming_1076_00000257,False,False,,False,False
shuming_1076_00000257#5,2,CONTROL,MATCHED@0.5,medium,2310.0,animal,shuming_1076_00000257,False,False,,False,False
shuming_1079_00000233#3,0,MISSED_NON86,MATCHED@0.5,large,20177.947265625,animal,shuming_1079_00000233,True,False,40.0,False,True
shuming_1079_00000233#4,0,MISSED_NON86,F1_nms_disappearance,medium,2030.008544921875,person,shuming_1079_00000233,False,False,,False,False
shuming_1079_00000233#6,2,CONTROL,F0_no_raw_candidate,small,518.0008544921875,person,shuming_1079_00000233,False,True,,False,False
shuming_1080_00000016#0,2,CONTROL,,,,,shuming_1080_00000016,True,False,190.0,False,True
shuming_1080_00000016#4,0,CONTROL,MATCHED@0.5,large,19518.95703125,animal,shuming_1080_00000016,False,False,,False,False
shuming_1132_00000385#2,0,CONTROL,MATCHED@0.5,large,9546.0,animal,shuming_1132_00000385,False,False,,False,False
shuming_1132_00000385#3,0,MISSED_NON86,MATCHED@0.5,medium,3608.003662109375,person,shuming_1132_00000385,True,False,120.0,False,True
shuming_1132_00000385#4,0,MISSED_NON86,F1_nms_disappearance,medium,3617.998291015625,person,shuming_1132_00000385,True,False,130.0,False,True
shuming_1135_00000213#0,2,CONTROL,,,,,shuming_1135_00000213,True,False,30.0,False,True
shuming_1148_00000041#0,2,CONTROL,,,,,shuming_1148_00000041,True,False,120.0,False,True
shuming_1157_00000010#0,2,CONTROL,,,,,shuming_1157_00000010,True,False,30.0,False,True
shuming_1157_00000010#1,2,CONTROL,MATCHED@0.5,medium,7790.009765625,animal,shuming_1157_00000010,False,False,,False,False
shuming_1157_00000010#2,2,CONTROL,MATCHED@0.5,medium,3380.99169921875,animal,shuming_1157_00000010,False,False,,False,False
shuming_1180_00000231#3,2,MISSED_NON86,MATCHED@0.5,large,15396.978515625,animal,shuming_1180_00000231,True,False,20.0,False,True
shuming_24_00000001#0,8,CONTROL,,,,,shuming_24_00000001,True,False,0.0,True,True
shuming_24_00000001#1,8,CONTROL,MATCHED@0.5,medium,5510.0068359375,light,shuming_24_00000001,False,False,0.0,True,True
shuming_340_00000020#1,4,G86,MATCHED@0.5,small,416.0,person,shuming_340_00000020,True,False,10.0,False,True
shuming_340_00000020#19,0,CONTROL,MATCHED@0.5,small,799.0,person,shuming_340_00000020,False,False,,False,False
shuming_340_00000020#22,0,CONTROL,MATCHED@0.5,small,774.0,person,shuming_340_00000020,False,False,,False,False
shuming_340_00000020#23,0,CONTROL,MATCHED@0.5,medium,1176.0,person,shuming_340_00000020,False,False,,False,False
shuming_340_00000020#26,0,CONTROL,MATCHED@0.5,small,833.0,person,shuming_340_00000020,False,False,,False,False
shuming_340_00000020#30,0,CONTROL,MATCHED@0.5,small,672.0,person,shuming_340_00000020,False,False,,False,False
shuming_340_00000020#31,0,CONTROL,MATCHED@0.5,medium,1098.0,person,shuming_340_00000020,False,False,,False,False
shuming_340_00000020#38,0,CONTROL,MATCHED@0.5,small,705.0,person,shuming_340_00000020,False,False,,False,False
shuming_35_00000199#0,0,CONTROL,,,,,shuming_35_00000199,True,False,100.0,False,True
shuming_35_00000199#3,0,MISSED_NON86,MATCHED@0.5,large,10073.9873046875,person,shuming_35_00000199,False,False,,False,False
shuming_35_00000199#4,0,MISSED_NON86,F0_no_raw_candidate,medium,4039.993896484375,person,shuming_35_00000199,True,True,160.0,False,True
shuming_35_00000199#5,0,CONTROL,F0_no_raw_candidate,medium,3344.0068359375,person,shuming_35_00000199,True,True,20.0,False,True
shuming_35_00000199#6,0,MISSED_NON86,F1_nms_disappearance,medium,9024.0224609375,person,shuming_35_00000199,True,False,130.0,False,True
shuming_35_00000199#8,8,CONTROL,MATCHED@0.5,large,60606.03515625,car,shuming_35_00000199,False,False,,False,False
shuming_35_00000199#9,8,CONTROL,MATCHED@0.5,medium,1344.0028076171875,light,shuming_35_00000199,False,False,,False,False
shuming_35_00000199#11,8,CONTROL,F0_no_raw_candidate,small,860.9993286132812,light,shuming_35_00000199,False,True,,False,False
shuming_410_00000037#0,0,CONTROL,,,,,shuming_410_00000037,False,False,40.0,False,True
shuming_410_00000037#9,8,MISSED_NON86,MATCHED@0.5,large,15694.0,light,shuming_410_00000037,True,False,0.0,True,True
shuming_461_00000082#0,0,CONTROL,,,,,shuming_461_00000082,False,False,,False,False
shuming_461_00000082#2,0,CONTROL,MATCHED@0.5,large,36630.0546875,person,shuming_461_00000082,False,False,,False,False
shuming_461_00000082#3,9,CONTROL,MATCHED@0.5,medium,4848.0,person,shuming_461_00000082,False,False,0.0,True,True
shuming_461_00000082#4,9,CONTROL,MATCHED@0.5,medium,3400.0029296875,garbage_can,shuming_461_00000082,False,False,0.0,True,True
shuming_461_00000082#5,3,CONTROL,MATCHED@0.5,medium,1085.0,garbage_can,shuming_461_00000082,False,False,20.0,False,True
shuming_465_00000030#0,0,CONTROL,,,,,shuming_465_00000030,False,False,,False,False
shuming_465_00000030#2,6,CONTROL,MATCHED@0.5,small,800.00244140625,person,shuming_465_00000030,False,False,,False,False
shuming_465_00000030#3,6,CONTROL,MATCHED@0.5,medium,5976.00927734375,car,shuming_465_00000030,False,False,,False,False
shuming_470_00000057#3,6,CONTROL,MATCHED@0.5,large,29639.90234375,car,shuming_470_00000057,False,False,,False,False
shuming_470_00000057#4,6,CONTROL,MATCHED@0.5,medium,4897.00341796875,car,shuming_470_00000057,False,False,,False,False
shuming_482_00000018#3,5,CONTROL,MATCHED@0.5,large,285767.375,person,shuming_482_00000018,False,False,,False,False
shuming_482_00000018#4,5,CONTROL,MATCHED@0.5,medium,6034.99755859375,bicycle,shuming_482_00000018,False,False,,False,False
shuming_482_00000018#5,5,CONTROL,MATCHED@0.5,medium,5508.0048828125,bicycle,shuming_482_00000018,True,False,20.0,False,True
shuming_485_00000027#3,8,G86,MATCHED@0.5,large,10779.9462890625,person,shuming_485_00000027,True,False,0.0,True,True
shuming_485_00000027#4,8,G86,F0_no_raw_candidate,medium,1627.997802734375,light,shuming_485_00000027,True,True,0.0,True,True
shuming_503_00000052#0,3,CONTROL,,,,,shuming_503_00000052,False,False,,False,False
shuming_503_00000052#1,9,CONTROL,MATCHED@0.5,medium,3959.997314453125,seat,shuming_503_00000052,False,False,0.0,True,True
shuming_562_00000223#2,2,G86,F1_nms_disappearance,large,116290.1875,animal,shuming_562_00000223,True,False,0.0,True,True
shuming_571_00000215#0,2,CONTROL,,,,,shuming_571_00000215,True,False,30.0,False,True
shuming_571_00000215#1,2,CONTROL,MATCHED@0.5,medium,5925.0,animal,shuming_571_00000215,False,False,,False,False
shuming_574_00000017#0,2,CONTROL,,,,,shuming_574_00000017,True,False,20.0,False,True
shuming_608_00000031#1,2,CONTROL,MATCHED@0.5,large,35424.03515625,animal,shuming_608_00000031,False,False,,False,False
shuming_608_00000031#2,2,CONTROL,MATCHED@0.5,medium,1722.0025634765625,animal,shuming_608_00000031,False,False,,False,False
shuming_608_00000031#3,2,CONTROL,MATCHED@0.5,medium,3300.0,animal,shuming_608_00000031,True,False,160.0,False,True
shuming_608_00000031#4,2,CONTROL,MATCHED@0.5,medium,4278.0,animal,shuming_608_00000031,False,False,,False,False
shuming_610_00000148#0,0,MISSED_NON86,,,,,shuming_610_00000148,False,False,100.0,False,True
shuming_63_00000393#3,8,MISSED_NON86,F3_survives_official_fail,large,18724.021484375,person,shuming_63_00000393,True,False,0.0,True,True
shuming_63_00000393#4,8,G86,F0_no_raw_candidate,medium,1679.998291015625,light,shuming_63_00000393,True,True,0.0,True,True
shuming_63_00000393#5,8,MISSED_NON86,F0_no_raw_candidate,medium,2204.997314453125,light,shuming_63_00000393,True,True,0.0,True,True
shuming_63_00000393#6,8,MISSED_NON86,F0_no_raw_candidate,medium,1575.006591796875,light,shuming_63_00000393,True,True,0.0,True,True
shuming_63_00000393#7,8,G86,F0_no_raw_candidate,medium,2880.001953125,light,shuming_63_00000393,True,True,0.0,True,True
shuming_63_00000393#8,8,G86,F0_no_raw_candidate,medium,2300.998779296875,light,shuming_63_00000393,True,True,0.0,True,True
shuming_63_00000393#9,8,G86,F0_no_raw_candidate,medium,2969.999267578125,light,shuming_63_00000393,True,True,0.0,True,True
shuming_663_00000328#2,2,CONTROL,MATCHED@0.5,large,23296.0625,animal,shuming_663_00000328,False,False,,False,False
shuming_663_00000328#3,2,CONTROL,MATCHED@0.5,medium,5605.01318359375,animal,shuming_663_00000328,False,False,170.0,False,True
shuming_67_00000001#1,5,CONTROL,MATCHED@0.5,large,91760.1953125,bicycle,shuming_67_00000001,True,False,100.0,False,True
shuming_67_00000001#2,0,MISSED_NON86,MATCHED@0.5,medium,6080.0078125,bicycle,shuming_67_00000001,True,False,50.0,False,True
shuming_698_00000001#0,5,CONTROL,,,,,shuming_698_00000001,False,False,,False,False
shuming_698_00000001#1,5,MISSED_NON86,MATCHED@0.5,medium,1165.99658203125,bicycle,shuming_698_00000001,False,False,,False,False
shuming_698_00000001#2,5,CONTROL,F1_nms_disappearance,medium,1650.0,bicycle,shuming_698_00000001,False,False,,False,False
shuming_698_00000001#3,5,CONTROL,MATCHED@0.5,medium,1642.9964599609375,bicycle,shuming_698_00000001,False,False,,False,False
shuming_698_00000001#4,5,CONTROL,MATCHED@0.5,medium,1699.9969482421875,bicycle,shuming_698_00000001,False,False,,False,False
shuming_698_00000001#5,5,CONTROL,MATCHED@0.5,medium,1683.0,bicycle,shuming_698_00000001,False,False,,False,False
shuming_698_00000001#7,0,CONTROL,MATCHED@0.5,large,10183.974609375,bicycle,shuming_698_00000001,False,False,,False,False
shuming_698_00000001#8,0,CONTROL,MATCHED@0.5,medium,2590.00439453125,person,shuming_698_00000001,True,False,210.0,False,True
shuming_698_00000001#9,0,CONTROL,MATCHED@0.5,medium,2336.00439453125,person,shuming_698_00000001,False,False,,False,False
shuming_698_00000001#10,0,CONTROL,MATCHED@0.5,medium,1479.99755859375,person,shuming_698_00000001,False,False,,False,False
shuming_698_00000001#11,0,CONTROL,MATCHED@0.5,medium,1828.996337890625,person,shuming_698_00000001,False,False,,False,False
shuming_698_00000001#12,0,CONTROL,MATCHED@0.5,medium,1560.0052490234375,person,shuming_698_00000001,False,False,,False,False
shuming_698_00000001#13,0,CONTROL,MATCHED@0.5,medium,1536.00146484375,person,shuming_698_00000001,False,False,,False,False
shuming_698_00000001#14,0,CONTROL,MATCHED@0.5,medium,1711.0018310546875,person,shuming_698_00000001,False,False,,False,False
shuming_698_00000001#15,0,MISSED_NON86,MATCHED@0.5,medium,1707.994384765625,person,shuming_698_00000001,True,False,260.0,False,True
shuming_698_00000001#16,0,CONTROL,F1_nms_disappearance,medium,2052.006591796875,person,shuming_698_00000001,False,False,,False,False
shuming_698_00000001#17,0,CONTROL,MATCHED@0.5,medium,1819.9920654296875,person,shuming_698_00000001,False,False,,False,False
shuming_698_00000001#18,0,CONTROL,MATCHED@0.5,medium,2059.0078125,person,shuming_698_00000001,False,False,,False,False
shuming_698_00000001#19,0,CONTROL,MATCHED@0.5,medium,2208.00830078125,person,shuming_698_00000001,False,False,,False,False
shuming_698_00000001#20,0,CONTROL,MATCHED@0.5,medium,2277.9990234375,person,shuming_698_00000001,False,False,,False,False
shuming_698_00000001#21,0,MISSED_NON86,MATCHED@0.5,medium,1972.0008544921875,person,shuming_698_00000001,False,False,,False,False
shuming_698_00000001#22,0,CONTROL,F1_nms_disappearance,medium,2117.0,person,shuming_698_00000001,False,False,,False,False
shuming_698_00000001#23,0,CONTROL,MATCHED@0.5,medium,2129.998046875,person,shuming_698_00000001,False,False,,False,False
shuming_698_00000001#25,0,MISSED_NON86,MATCHED@0.5,large,168516.515625,person,shuming_698_00000001,True,False,120.0,False,True
shuming_706_00000375#0,1,CONTROL,,,,,shuming_706_00000375,True,False,0.0,True,True
shuming_706_00000375#2,0,CONTROL,MATCHED@0.5,large,12760.0322265625,boat,shuming_706_00000375,False,False,,False,False
shuming_706_00000375#3,0,MISSED_NON86,MATCHED@0.5,medium,3159.0,person,shuming_706_00000375,True,False,30.0,False,True
shuming_706_00000375#4,0,CONTROL,F1_nms_disappearance,medium,2112.0009765625,person,shuming_706_00000375,False,False,,False,False
shuming_72_00000270#19,6,CONTROL,F3_survives_official_fail,large,17424.00390625,car,shuming_72_00000270,False,False,,False,False
shuming_72_00000270#20,6,MISSED_NON86,MATCHED@0.5,medium,5544.00439453125,car,shuming_72_00000270,True,False,60.0,False,True
shuming_72_00000270#22,6,CONTROL,MATCHED@0.5,large,11303.0,car,shuming_72_00000270,True,False,70.0,False,True
shuming_72_00000270#24,6,CONTROL,F0_no_raw_candidate,small,585.0004272460938,car,shuming_72_00000270,True,True,180.0,False,True
shuming_731_00000492#0,0,CONTROL,,,,,shuming_731_00000492,False,False,,False,False
shuming_731_00000492#1,0,CONTROL,MATCHED@0.5,medium,3519.0,person,shuming_731_00000492,False,False,,False,False
shuming_731_00000492#3,0,CONTROL,MATCHED@0.5,large,13489.9609375,person,shuming_731_00000492,False,False,30.0,False,True
shuming_731_00000492#5,1,CONTROL,MATCHED@0.5,large,21987.966796875,boat,shuming_731_00000492,False,False,0.0,True,True
shuming_753_00000172#0,0,CONTROL,,,,,shuming_753_00000172,False,False,,False,False
shuming_758_00000371#0,7,CONTROL,,,,,shuming_758_00000371,False,False,,False,False
shuming_763_00000009#2,4,CONTROL,MATCHED@0.5,large,29045.96875,person,shuming_763_00000009,False,False,,False,False
shuming_774_00000273#3,0,CONTROL,MATCHED@0.5,large,9504.0,person,shuming_774_00000273,True,False,20.0,False,True
shuming_774_00000273#5,8,MISSED_NON86,MATCHED@0.5,large,25102.0703125,sign,shuming_774_00000273,True,False,50.0,False,True
shuming_779_00000254#1,6,CONTROL,MATCHED@0.5,large,15168.0,car,shuming_779_00000254,True,False,90.0,False,True
shuming_779_00000254#5,8,CONTROL,MATCHED@0.5,large,18950.005859375,light,shuming_779_00000254,True,False,0.0,True,True
shuming_783_00000248#0,0,CONTROL,,,,,shuming_783_00000248,True,False,20.0,False,True
shuming_783_00000248#2,3,G86,MATCHED@0.5,large,13464.0078125,person,shuming_783_00000248,True,False,40.0,False,True
shuming_793_00000117#2,4,MISSED_NON86,MATCHED@0.5,large,13362.025390625,light,shuming_793_00000117,True,False,10.0,False,True
shuming_825_00000172#1,4,CONTROL,MATCHED@0.5,large,38308.0546875,person,shuming_825_00000172,False,False,130.0,False,True
shuming_825_00000172#2,4,CONTROL,MATCHED@0.5,medium,1264.9971923828125,sign,shuming_825_00000172,False,False,0.0,True,True
shuming_825_00000172#3,4,CONTROL,MATCHED@0.5,medium,1195.9971923828125,sign,shuming_825_00000172,False,False,,False,False
shuming_826_00000213#1,4,CONTROL,MATCHED@0.5,large,36540.0625,person,shuming_826_00000213,False,False,,False,False
shuming_826_00000213#2,4,CONTROL,MATCHED@0.5,medium,1518.004150390625,sign,shuming_826_00000213,False,False,110.0,False,True
shuming_826_00000213#3,4,CONTROL,MATCHED@0.5,medium,1482.0,sign,shuming_826_00000213,False,False,0.0,True,True
shuming_85_00000273#4,8,G86,F0_no_raw_candidate,small,667.0014038085938,light,shuming_85_00000273,True,True,40.0,False,True
shuming_987_00000275#1,2,CONTROL,MATCHED@0.5,large,22490.98046875,boat,shuming_987_00000275,False,False,,False,False
shuming_987_00000275#2,2,CONTROL,MATCHED@0.5,medium,3989.99658203125,animal,shuming_987_00000275,False,False,,False,False
shuming_987_00000275#3,2,CONTROL,MATCHED@0.5,medium,2565.0,animal,shuming_987_00000275,False,False,,False,False
shuming_987_00000275#4,2,CONTROL,MATCHED@0.5,medium,2250.0,animal,shuming_987_00000275,False,False,,False,False
shuming_987_00000275#5,2,MISSED_NON86,MATCHED@0.5,medium,2346.0,animal,shuming_987_00000275,True,False,200.0,False,True
