epoch,key,mask_pos_membership,topk_membership,n_pos,n_topk,n_in_gts
0,00000045#1,1,1,10,10,242
0,00000045#2,1,1,10,10,88
0,00000045#3,1,1,10,10,105
0,00000045#6,1,1,10,10,286
0,00000045#7,1,1,10,10,279
0,00000057#1,1,1,10,10,225
0,00000057#2,1,1,10,10,88
0,00000057#3,1,1,10,10,111
0,00000057#5,1,1,10,10,133
0,00000063#1,1,1,10,10,279
0,00000063#2,1,1,10,10,90
0,00000063#3,1,1,10,10,107
0,00000063#5,1,1,10,10,208
0,00000095#1,1,1,10,10,279
0,00000095#2,1,1,10,10,114
0,00000095#3,1,1,10,10,105
0,00000106#1,1,1,10,10,245
0,00000106#2,1,1,10,10,135
0,00000106#3,1,1,10,10,122
0,00000106#5,1,1,10,10,157
0,00000123#1,1,1,10,10,196
0,00000123#2,1,1,10,10,87
0,00000123#3,1,1,10,10,190
0,00000123#5,1,1,10,10,108
0,00000171#0,1,1,10,10,120
0,00000180#0,1,1,10,10,136
0,00000234#1,1,1,10,10,108
0,00000257#0,1,1,10,10,93
0,00000271#0,1,1,10,10,118
0,00000271#1,1,1,10,10,132
0,00000273#0,1,1,10,10,84
0,00000273#1,1,1,10,10,99
0,000002_080_00000048#0,1,1,10,10,69
0,000002_083_00000169#0,1,1,10,10,14
0,000002_083_00000169#1,1,1,10,10,26
0,000002_083_00000169#2,1,1,10,10,36
0,00000346#0,1,1,10,10,381
0,00000364#0,1,1,10,10,210
0,00000396#0,1,1,10,10,111
0,00000399#0,1,1,10,10,82
0,000003_081_00000171#10,1,1,10,10,76
0,000003_081_00000171#11,1,1,10,10,82
0,00000426#0,1,1,10,10,653
0,00000506#0,1,1,10,10,117
0,000005_004_00000286#4,1,1,10,10,62
0,000005_006_00000001#1,1,1,10,10,68
0,000005_006_00000001#2,1,1,10,10,25
0,000005_019_00000209#0,1,1,10,10,43
0,000005_019_00000209#1,1,1,10,10,31
0,000005_019_00000209#2,1,1,10,10,59
0,000005_027_00000493#1,1,1,10,10,34
0,000005_027_00000493#2,1,1,10,10,38
0,000005_027_00000493#3,1,1,10,10,49
0,000005_027_00000493#4,1,1,10,10,21
0,000005_027_00000493#5,1,1,10,10,25
0,000005_027_00000493#6,1,1,10,10,20
0,000005_027_00000493#7,1,1,10,10,26
0,000005_027_00000493#8,1,1,10,10,74
0,000005_028_00000001#2,1,1,10,10,77
0,000005_028_00000163#2,1,1,10,10,31
0,00000618#2,1,1,10,10,101
0,000006_010_00000389#4,1,1,10,10,58
0,000006_011_00000307#3,1,1,10,10,25
0,000006_011_00000409#8,1,1,10,10,40
0,000006_011_00000409#10,1,1,10,10,54
0,000006_012_00000001#3,1,1,10,10,38
0,000006_012_00000001#6,1,1,10,10,63
0,000006_012_00000001#11,1,1,10,10,69
0,000006_012_00000001#12,1,1,10,10,33
0,000008_003_00000235#1,1,1,10,10,76
0,000008_003_00000235#2,1,1,10,10,59
0,000008_003_00000235#3,1,1,10,10,81
0,000008_003_00000235#4,1,1,10,10,66
0,000008_003_00000235#5,1,1,10,10,68
0,000008_003_00000235#10,1,1,10,10,68
0,000008_003_00000235#11,1,1,10,10,16
0,000008_003_00000352#1,1,1,10,10,66
0,000008_003_00000352#3,1,1,10,10,80
0,000008_003_00000352#5,1,1,10,10,74
0,000008_003_00000352#7,1,1,10,10,75
0,000008_003_00000352#8,1,1,10,10,75
0,000008_003_00000352#9,1,1,10,10,76
0,000008_003_00000352#10,1,1,10,10,64
0,000008_003_00000352#12,1,1,10,10,74
0,000008_003_00000352#13,1,1,10,10,16
0,000008_003_00000469#0,1,1,10,10,85
0,000008_003_00000469#1,1,1,10,10,70
0,000008_003_00000469#2,1,1,10,10,67
0,000008_003_00000469#3,1,1,10,10,78
0,000008_003_00000469#4,1,1,10,10,85
0,000008_003_00000469#6,1,1,10,10,89
0,000008_003_00000469#9,1,1,10,10,31
0,000008_003_00000469#10,1,1,10,10,18
0,000008_004_00000665#2,1,1,10,10,34
0,000008_004_00000665#4,1,1,10,10,39
0,000008_004_00000665#11,1,1,10,10,52
0,000008_004_00000665#12,1,1,10,10,63
0,000008_004_00000665#13,1,1,10,10,37
0,000008_013_00000195#1,1,1,10,10,66
0,000008_013_00000195#2,1,1,10,10,60
0,000008_042_00000273#1,1,1,10,10,40
0,000008_045_00000001#0,1,1,10,10,48
0,000008_045_00000001#2,1,1,10,10,70
0,000008_045_00000001#3,1,1,10,10,14
0,000008_045_00000157#0,1,1,10,10,80
0,000008_045_00000157#4,1,1,10,10,17
0,000008_048_00000361#3,1,1,10,10,42
0,000008_048_00000361#4,1,1,9,10,36
0,000008_048_00000361#5,1,1,9,10,29
0,000009_008_00000241#3,1,1,10,10,78
0,000009_008_00000241#5,1,1,10,10,69
0,000009_008_00000241#6,1,1,10,10,29
0,000009_008_00000241#7,1,1,10,10,76
0,000009_008_00000241#9,1,1,10,10,84
0,000009_033_00000333#1,1,1,10,10,16
0,000009_033_00000333#2,1,1,10,10,38
0,000009_033_00000333#3,1,1,10,10,38
0,000009_033_00000333#4,1,1,10,10,36
0,000009_033_00000333#6,1,1,10,10,51
0,000012_008_00000163#3,1,1,10,10,67
0,000012_008_00000163#4,1,1,10,10,55
0,000012_008_00000163#5,1,1,10,10,48
0,000012_008_00000163#6,1,1,10,10,60
0,000012_008_00000163#8,1,1,10,10,74
0,000012_008_00000163#10,1,1,10,10,17
0,000012_008_00000163#11,1,1,10,10,26
0,000012_008_00000163#12,1,1,10,10,27
0,000012_008_00000163#13,1,1,10,10,15
0,000012_008_00000163#14,1,1,10,10,11
0,000012_009_00000244#1,1,1,10,10,71
0,000012_009_00000244#3,1,1,10,10,68
0,000012_009_00000244#4,1,1,10,10,40
0,000012_009_00000244#5,1,1,10,10,45
0,000012_009_00000244#6,1,1,10,10,21
0,000012_009_00000244#7,1,1,10,10,13
0,000012_009_00000244#8,1,1,10,10,12
0,000012_009_00000244#9,1,1,10,10,14
0,000012_009_00000244#10,1,1,10,10,34
0,000012_009_00000244#11,1,1,10,10,18
0,000012_009_00000244#12,1,1,10,10,18
0,000012_009_00000244#13,1,1,10,10,19
0,000012_009_00000244#14,1,1,8,10,8
0,000012_009_00000325#3,1,1,10,10,82
0,000012_009_00000325#4,1,1,10,10,36
0,000012_009_00000325#5,1,1,10,10,43
0,000012_009_00000325#6,1,1,10,10,28
0,000012_009_00000325#7,1,1,10,10,17
0,000012_009_00000325#8,1,1,10,10,16
0,000012_009_00000325#9,1,1,8,10,8
0,000012_009_00000325#11,1,1,10,10,28
0,000012_009_00000325#12,1,1,10,10,15
0,000012_009_00000325#14,1,1,10,10,22
0,000012_009_00000325#15,1,1,5,10,19
0,000012_009_00000325#16,1,1,10,10,35
0,000012_014_00000184#0,1,1,10,10,33
0,000012_014_00000184#1,1,1,10,10,55
0,000012_014_00000184#3,1,1,10,10,26
0,000012_019_00000151#1,1,1,10,10,59
0,000012_019_00000151#2,1,1,10,10,14
0,000012_019_00000151#4,1,1,10,10,21
0,000012_019_00000151#5,1,1,10,10,14
0,000012_022_00000090#0,1,1,10,10,64
0,000012_022_00000090#1,1,1,10,10,23
0,000012_025_00000313#1,1,1,10,10,11
0,000012_025_00000313#2,1,1,10,10,11
0,000012_025_00000313#3,1,1,10,10,13
0,000012_025_00000313#4,1,1,7,10,7
0,000012_025_00000313#5,1,1,10,10,13
0,000012_025_00000313#6,1,1,8,10,8
0,000012_028_00000250#0,1,1,10,10,64
0,000012_028_00000250#1,1,1,10,10,56
0,000013_001_00000001#1,1,1,10,10,33
0,000013_001_00000001#2,1,1,10,10,34
0,000013_001_00000001#3,1,1,10,10,31
0,000013_002_00000281#1,1,1,10,10,31
0,000013_002_00000281#2,1,1,10,10,36
0,000013_002_00000281#3,1,1,10,10,20
0,000013_023_00000075#1,1,1,10,10,56
0,000013_023_00000075#2,1,1,10,10,68
0,000013_025_00000285#0,1,1,10,10,15
0,000013_025_00000285#1,1,1,10,10,56
0,000013_025_00000285#2,1,1,10,10,20
0,000013_030_00000063#0,1,1,10,10,21
0,000013_030_00000063#1,1,1,10,10,68
0,000013_039_00000063#0,1,1,10,10,41
0,000013_039_00000063#1,1,1,10,10,32
0,000013_039_00000063#3,1,1,10,10,26
0,000013_039_00000063#5,1,1,8,10,8
0,000013_040_suppl_00000167#0,1,1,10,10,79
0,000013_040_suppl_00000333#1,1,1,10,10,50
0,000013_040_suppl_00000333#3,1,1,10,10,80
0,000013_040_suppl_00000333#4,1,1,8,10,8
0,000013_044_00000001#0,1,1,10,10,24
0,000013_044_00000001#1,1,1,10,10,31
0,000013_044_00000001#2,1,1,10,10,72
0,000013_044_00000001#4,1,1,2,10,38
0,000013_044_00000001#5,0,1,0,10,72
0,000013_044_00000001#7,1,1,10,10,62
0,000013_048_00000001#0,1,1,10,10,46
0,000013_048_00000001#1,1,1,10,10,60
0,000013_048_00000001#3,0,1,0,10,49
0,000013_048_00000001#4,1,1,1,10,69
0,000013_056_00000281#2,1,1,10,10,49
0,000013_056_00000281#3,1,1,10,10,16
0,000013_056_00000281#4,1,1,10,10,21
0,000013_056_00000281#6,1,1,10,10,11
0,000013_056_00000281#7,1,1,10,10,12
0,000013_056_00000281#8,1,1,10,10,64
0,000013_056_00000281#9,1,1,10,10,43
0,000013_056_00000281#10,1,1,10,10,32
0,000014_012_00000217#1,1,1,10,10,41
0,000014_012_00000217#2,1,1,10,10,48
0,000014_050_00000273#3,1,1,10,10,47
0,000014_050_00000273#4,1,1,10,10,57
0,000014_050_00000273#5,1,1,10,10,26
0,000014_051_suppl_00000341#2,1,1,10,10,15
0,000014_052_00000131#2,1,1,10,10,22
0,000014_052_00000131#3,1,1,10,10,13
0,000015_004_00000268#0,1,1,10,10,27
0,000015_004_suppl_00000223#2,1,1,10,10,36
0,000016_043_suppl_00000292#1,1,1,10,10,21
0,000016_043_suppl_00000292#2,1,1,10,10,56
0,000016_043_suppl_00000292#4,1,1,10,10,30
0,000016_043_suppl_00000292#5,1,1,10,10,25
0,000016_043_suppl_00000292#6,1,1,10,10,45
0,000016_043_suppl_00000292#8,1,1,10,10,26
0,000016_043_suppl_00000292#9,1,1,10,10,32
0,000016_043_suppl_00000292#10,1,1,10,10,19
0,000016_043_suppl_00000292#11,1,1,10,10,27
0,000016_043_suppl_00000292#12,1,1,10,10,32
0,000016_043_suppl_00000292#14,1,1,10,10,70
0,000016_043_suppl_00000292#17,1,1,10,10,47
0,000016_043_suppl_00000292#20,1,1,10,10,23
0,000016_044_00000085#0,1,1,10,10,83
0,000016_044_00000085#1,1,1,10,10,62
0,000016_044_00000085#3,1,1,10,10,17
0,000016_044_00000085#4,1,1,10,10,65
0,000016_044_00000085#7,1,1,10,10,67
0,000016_044_00000085#10,1,1,10,10,78
0,000016_044_00000169#1,1,1,10,10,37
0,000016_044_00000169#2,1,1,10,10,36
0,000016_044_00000169#3,1,1,10,10,16
0,000016_044_00000169#5,1,1,10,10,15
0,000016_044_00000169#6,1,1,10,10,59
0,000016_044_00000169#8,1,1,10,10,88
0,000016_044_00000169#16,1,1,10,10,73
0,000016_044_00000169#17,1,1,10,10,65
0,000017_011_00000297#3,1,1,10,10,12
0,000017_011_00000297#5,1,1,10,10,68
0,000017_011_00000297#9,1,1,10,10,26
0,000017_011_00000297#10,1,1,10,10,86
0,000017_011_00000297#11,1,1,10,10,59
0,000017_011_00000297#13,1,1,10,10,43
0,000017_012_00000135#2,1,1,10,10,36
0,000017_020_00000214#0,1,1,10,10,21
0,000017_020_00000214#2,1,1,10,10,27
0,000017_020_suppl_00000356#0,1,1,10,10,20
0,000017_020_suppl_00000356#2,1,1,10,10,20
0,000018_006_00000063#0,1,1,10,10,66
0,000019_030_00000072#1,1,1,10,10,23
0,000019_030_00000072#2,1,1,10,10,72
0,000019_030_00000072#3,1,1,10,10,54
0,000019_030_00000072#4,1,1,10,10,21
0,000019_030_00000072#5,1,1,10,10,10
0,000019_038_00000205#2,1,1,10,10,20
0,000019_038_00000205#3,1,1,10,10,25
0,000019_038_00000205#4,1,1,10,10,21
0,000019_038_00000205#5,1,1,10,10,36
0,000019_038_00000205#6,1,1,10,10,84
0,000019_038_00000205#7,1,1,10,10,70
0,000019_038_00000205#8,1,1,10,10,82
0,000019_041_00000141#2,1,1,10,10,24
0,000019_045_00000145#4,1,1,10,10,46
0,000019_045_00000145#5,1,1,10,10,42
0,000019_045_00000145#7,1,1,6,10,67
0,000020_010_00000089#1,1,1,10,10,60
0,000020_010_00000089#5,1,1,9,10,9
0,000020_010_00000089#6,1,1,10,10,20
0,000020_010_00000089#7,1,1,4,10,8
0,000020_014_00000193#2,1,1,10,10,63
0,000020_014_00000193#3,1,1,10,10,76
0,000020_014_00000193#5,1,1,10,10,54
0,000020_014_00000193#6,1,1,10,10,77
0,000020_018_00000093#0,1,1,10,10,16
0,000020_018_00000093#1,1,1,10,10,24
0,000020_018_00000093#2,1,1,10,10,81
0,000020_018_00000093#3,1,1,10,10,42
0,000021_020_00000131#2,1,1,10,10,76
0,000023_005_00000070#1,1,1,10,10,32
0,000023_005_00000070#2,1,1,10,10,87
0,000023_005_00000070#3,1,1,10,10,63
0,000023_005_00000070#4,1,1,10,10,63
0,000023_005_00000070#5,1,1,10,10,18
0,000023_005_00000070#6,1,1,10,10,23
0,000031#0,1,1,10,10,53
0,000031#1,1,1,10,10,15
0,000031#2,1,1,8,10,8
0,000031#3,1,1,10,10,15
0,000031#6,1,1,10,10,24
0,000031#8,1,1,10,10,53
0,000031#10,1,1,10,10,16
0,000031#11,1,1,10,10,21
0,000066#0,1,1,10,10,31
0,000066#1,1,1,10,10,15
0,000066#2,1,1,10,10,61
0,000066#3,1,1,10,10,39
0,000070#0,1,1,10,10,28
0,000070#1,1,1,10,10,18
0,000070#2,1,1,10,10,52
0,000070#3,1,1,10,10,67
0,000173#1,1,1,10,10,27
0,000303#2,1,1,10,10,67
0,000303#6,1,1,10,10,30
0,000303#7,1,1,10,10,16
0,000328#1,1,1,10,10,58
0,000328#3,1,1,10,10,65
0,000415#1,1,1,10,10,14
0,000415#2,1,1,8,10,9
0,000415#4,1,1,10,10,22
0,000415#5,1,1,10,10,24
0,000415#6,1,1,10,10,12
0,000415#8,1,1,10,10,10
0,000415#10,1,1,10,10,13
0,000415#11,1,1,10,10,12
0,000415#13,1,1,10,10,21
0,000415#14,1,1,10,10,13
0,000415#15,1,1,10,10,17
0,000415#16,1,1,8,10,8
0,000415#17,1,1,9,10,10
0,000415#19,1,1,10,10,37
0,000433#7,1,1,10,10,57
0,000437#0,1,1,10,10,67
0,000437#1,1,1,10,10,75
0,000437#2,1,1,10,10,26
0,000437#5,1,1,10,10,48
0,000484#2,1,1,10,10,37
0,000484#3,1,1,10,10,55
0,000500#0,1,1,10,10,14
0,000500#1,1,1,9,10,9
0,000500#2,1,1,10,10,15
0,000525#0,1,1,10,10,14
0,000525#1,1,1,10,10,30
0,000525#2,1,1,10,10,35
0,000561#0,1,1,10,10,70
0,000561#3,1,1,10,10,63
0,000561#4,1,1,10,10,38
0,000597#2,1,1,10,10,62
0,000597#3,1,1,10,10,29
0,000630#0,1,1,10,10,14
0,000680#5,1,1,10,10,69
0,000707#1,1,1,10,10,13
0,000707#2,1,1,10,10,18
0,000707#3,1,1,9,10,9
0,000707#4,1,1,10,10,25
0,000707#5,1,1,10,10,20
0,000735#1,1,1,10,10,11
0,000738#0,1,1,10,10,26
0,000738#2,1,1,8,10,9
0,000738#3,1,1,10,10,36
0,000756#4,1,1,10,10,34
0,000759#2,1,1,10,10,34
0,000780#0,1,1,10,10,22
0,000780#3,1,1,10,10,90
0,000783#0,1,1,10,10,45
0,000783#1,1,1,10,10,42
0,000783#3,1,1,10,10,38
0,000783#4,1,1,10,10,26
0,000808#1,1,1,10,10,21
0,000820#2,1,1,10,10,58
0,000820#3,1,1,10,10,45
0,000820#4,1,1,10,10,25
0,000820#5,1,1,10,10,27
0,000820#7,1,1,8,10,8
0,000889#5,1,1,10,10,84
0,000889#6,1,1,10,10,40
0,000889#7,1,1,10,10,14
0,000889#8,1,1,10,10,15
0,000889#9,1,1,10,10,22
0,000889#13,1,1,10,10,24
0,000889#14,1,1,10,10,69
0,000943#0,1,1,10,10,16
0,000943#1,1,1,10,10,14
0,000943#2,1,1,10,10,64
0,000943#3,1,1,7,10,7
0,000943#4,1,1,7,10,7
0,000943#6,1,1,10,10,18
0,000943#7,1,1,9,10,23
0,000952#0,1,1,10,10,22
0,001033#1,1,1,10,10,15
0,001033#2,1,1,10,10,31
0,001033#3,1,1,10,10,41
0,001033#9,1,1,9,10,25
0,001033#10,1,1,10,10,21
0,001035#0,1,1,10,10,19
0,001035#1,1,1,10,10,53
0,001035#2,1,1,10,10,76
0,001035#7,1,1,10,10,40
0,001035#9,1,1,10,10,22
0,001035#10,1,1,10,10,63
0,001114#5,1,1,10,10,47
0,001114#6,1,1,10,10,40
0,001114#7,1,1,10,10,12
0,001114#8,1,1,10,10,26
0,001114#10,1,1,10,10,17
0,001123#0,1,1,10,10,31
0,001123#1,1,1,10,10,76
0,001123#2,1,1,10,10,77
0,001123#4,1,1,10,10,64
0,001123#5,1,1,10,10,42
0,001123#6,1,1,10,10,79
0,001123#7,1,1,10,10,86
0,001123#8,1,1,10,10,36
0,001123#9,1,1,10,10,56
0,001123#10,1,1,10,10,62
0,001123#11,1,1,10,10,66
0,001123#12,1,1,10,10,79
0,001123#13,1,1,10,10,31
0,001123#18,1,1,8,10,9
0,001123#19,1,1,9,10,10
0,001123#20,1,1,10,10,49
0,001123#21,1,1,10,10,32
0,001123#22,1,1,10,10,33
0,001135#4,1,1,10,10,64
0,001135#6,1,1,10,10,72
0,001135#7,1,1,8,10,14
0,001157#4,1,1,10,10,14
0,001157#5,1,1,10,10,30
0,001157#8,1,1,10,10,77
0,001157#9,1,1,10,10,68
0,001202#3,1,1,10,10,72
0,001202#4,1,1,10,10,78
0,001202#8,1,1,10,10,23
0,001202#10,1,1,10,10,56
0,001202#11,1,1,10,10,57
0,001202#12,1,1,10,10,42
0,001257#0,1,1,10,10,46
0,001257#3,1,1,10,10,69
0,001257#6,1,1,10,10,27
0,001257#9,1,1,10,10,27
0,001257#10,1,1,10,10,46
0,001257#11,1,1,10,10,31
0,001276#3,1,1,10,10,58
0,001276#7,1,1,10,10,30
0,001276#9,1,1,10,10,54
0,001276#10,1,1,10,10,27
0,001276#11,1,1,10,10,31
0,001276#12,1,1,10,10,25
0,001276#13,1,1,10,10,35
0,001276#14,1,1,10,10,50
0,001276#15,1,1,10,10,25
0,001295#0,1,1,10,10,30
0,001295#1,1,1,10,10,52
0,001295#3,1,1,10,10,10
0,001295#10,1,1,10,10,55
0,001295#11,1,1,10,10,24
0,001295#12,1,1,10,10,17
0,001295#13,1,1,9,10,28
0,001295#14,1,1,10,10,36
0,001295#15,1,1,10,10,24
0,001295#17,1,1,10,10,19
0,001295#18,1,1,9,10,15
0,001295#19,1,1,10,10,17
0,001295#20,1,1,10,10,16
0,001295#21,1,1,10,10,22
0,001295#22,1,1,10,10,26
0,001295#24,1,1,10,10,26
0,001295#26,1,1,9,10,9
0,001409#0,1,1,10,10,39
0,001409#1,1,1,10,10,43
0,001415#0,1,1,10,10,42
0,001415#1,1,1,10,10,44
0,001415#2,1,1,10,10,41
0,001415#3,1,1,10,10,53
0,001443#3,1,1,10,10,53
0,001443#4,1,1,10,10,73
0,001443#6,1,1,4,10,66
0,001443#7,1,1,10,10,67
0,001443#9,1,1,10,10,27
0,001443#10,1,1,10,10,46
0,001461#2,1,1,10,10,28
0,001461#3,1,1,10,10,42
0,001461#4,1,1,10,10,64
0,001461#5,1,1,10,10,36
0,001531#1,1,1,10,10,16
0,001531#2,1,1,10,10,11
0,001531#6,1,1,10,10,28
0,001531#8,1,1,10,10,11
0,001531#10,1,1,10,10,43
0,001558#4,1,1,10,10,31
0,001683#1,1,1,10,10,83
0,001683#6,1,1,10,10,36
0,001683#7,1,1,10,10,46
0,001683#8,1,1,10,10,50
0,001694#1,1,1,10,10,28
0,001694#2,1,1,10,10,64
0,001694#7,1,1,10,10,62
0,001694#8,1,1,10,10,36
0,001694#9,1,1,10,10,50
0,001694#10,1,1,10,10,27
0,001694#11,1,1,10,10,28
0,001694#12,1,1,10,10,22
0,001694#13,1,1,10,10,27
0,001694#14,1,1,10,10,31
0,001707#1,1,1,10,10,22
0,001707#2,1,1,10,10,68
0,001707#7,1,1,10,10,62
0,001707#8,1,1,10,10,36
0,001707#9,1,1,10,10,31
0,001707#10,1,1,10,10,34
0,001707#11,1,1,10,10,57
0,001707#12,1,1,10,10,19
0,001712#1,1,1,10,10,72
0,001712#6,1,1,10,10,58
0,001712#7,1,1,10,10,16
0,001712#8,1,1,10,10,36
0,001712#9,1,1,10,10,55
0,001712#10,1,1,10,10,25
0,001712#11,1,1,10,10,23
0,001712#12,1,1,10,10,27
0,001724#1,1,1,10,10,11
0,001724#3,1,1,10,10,56
0,001724#7,1,1,10,10,84
0,001724#8,1,1,10,10,34
0,001724#9,1,1,10,10,30
0,001724#10,1,1,10,10,27
0,001724#11,1,1,10,10,34
0,001724#12,1,1,10,10,38
0,001737#3,1,1,10,10,54
0,001737#7,1,1,10,10,76
0,001737#8,1,1,8,10,8
0,001737#9,1,1,10,10,15
0,001737#10,1,1,10,10,36
0,001737#11,1,1,10,10,30
0,001737#12,1,1,10,10,38
0,001737#13,1,1,10,10,30
0,001742#0,1,1,10,10,41
0,001763#0,1,1,10,10,25
0,001785#0,1,1,10,10,50
0,001785#1,1,1,10,10,51
0,001785#2,1,1,10,10,80
0,001851#0,1,1,10,10,48
0,001851#8,1,1,10,10,25
0,001851#9,1,1,10,10,27
0,001851#10,1,1,10,10,31
0,001851#11,1,1,10,10,25
0,001851#12,1,1,10,10,27
0,001851#13,1,1,10,10,50
0,001851#14,1,1,10,10,27
0,001862#0,1,1,10,10,48
0,001862#8,1,1,10,10,21
0,001862#9,1,1,10,10,27
0,001862#10,1,1,10,10,54
0,001862#11,1,1,10,10,21
0,001862#12,1,1,10,10,20
0,001862#13,1,1,10,10,32
0,001862#14,1,1,10,10,29
0,001862#15,1,1,10,10,37
0,001873#0,1,1,10,10,48
0,001873#4,1,1,10,10,73
0,001873#8,1,1,10,10,26
0,001873#9,1,1,10,10,50
0,001873#10,1,1,10,10,14
0,001873#11,1,1,10,10,27
0,001873#12,1,1,10,10,26
0,001873#13,1,1,10,10,27
0,001881#0,1,1,10,10,48
0,001881#4,1,1,10,10,73
0,001881#8,1,1,10,10,25
0,001881#9,1,1,10,10,54
0,001881#10,1,1,10,10,22
0,001884#0,1,1,10,10,52
0,001884#4,1,1,10,10,73
0,001884#8,1,1,10,10,21
0,001884#9,1,1,10,10,57
0,001884#10,1,1,10,10,25
0,001884#11,1,1,10,10,23
0,001884#12,1,1,10,10,20
0,001884#13,1,1,10,10,17
0,001884#14,1,1,10,10,27
0,001898#0,1,1,10,10,52
0,001898#4,1,1,10,10,74
0,001898#7,1,1,10,10,22
0,001898#8,1,1,10,10,20
0,001898#9,1,1,10,10,21
0,001898#10,1,1,10,10,24
0,001898#11,1,1,10,10,36
0,001898#12,1,1,10,10,55
0,001898#13,1,1,10,10,27
0,001898#14,1,1,10,10,24
0,001970#1,1,1,10,10,73
0,001970#3,1,1,10,10,36
0,001970#7,1,1,10,10,65
0,001970#8,1,1,10,10,26
0,001970#9,1,1,10,10,41
0,001970#10,1,1,10,10,27
0,002048#2,1,1,10,10,68
0,002048#3,1,1,10,10,53
0,002048#4,1,1,10,10,76
0,002048#7,1,1,10,10,37
0,002048#8,1,1,10,10,19
0,002048#9,1,1,10,10,40
0,002048#10,1,1,10,10,41
0,002097#3,1,1,10,10,67
0,002097#4,1,1,10,10,75
0,002097#7,1,1,10,10,22
0,002097#8,1,1,10,10,29
0,002097#9,1,1,10,10,32
0,002097#10,1,1,10,10,32
0,002102#0,1,1,10,10,63
0,002102#1,1,1,10,10,67
0,002102#2,1,1,10,10,64
0,002102#3,1,1,10,10,55
0,002102#4,1,1,10,10,59
0,002102#5,1,1,10,10,40
0,002102#6,1,1,10,10,56
0,002102#7,1,1,10,10,56
0,002102#8,1,1,10,10,50
0,002156#0,1,1,10,10,40
0,002156#1,1,1,10,10,28
0,002156#2,1,1,10,10,38
0,002156#3,1,1,4,10,59
0,002156#4,1,1,10,10,81
0,002156#7,1,1,10,10,46
0,002156#8,1,1,10,10,34
0,002156#9,1,1,10,10,53
0,002207#0,1,1,9,10,11
0,002207#1,1,1,10,10,49
0,002235#3,1,1,10,10,36
0,002235#5,1,1,10,10,55
0,002235#6,1,1,5,10,17
0,002235#7,1,1,10,10,27
0,002235#10,1,1,10,10,10
0,002265#3,1,1,10,10,15
0,002265#4,1,1,10,10,13
0,002276#0,1,1,10,10,41
0,002276#1,1,1,10,10,18
0,002276#2,1,1,10,10,32
0,002276#3,1,1,10,10,53
0,002276#6,1,1,10,10,46
0,002331#2,1,1,10,10,49
0,002331#3,1,1,10,10,37
0,002331#4,1,1,10,10,75
0,002331#16,1,1,10,10,14
0,002331#18,1,1,10,10,21
0,002334#1,1,1,10,10,11
0,002334#8,1,1,10,10,56
0,002334#9,1,1,10,10,18
0,002338#0,1,1,10,10,62
0,002338#1,1,1,10,10,70
0,002338#4,1,1,10,10,73
0,002338#5,1,1,10,10,44
0,002357#0,1,1,10,10,23
0,002357#1,1,1,10,10,35
0,002357#2,1,1,10,10,72
0,002357#3,1,1,10,10,43
0,002359#0,1,1,10,10,29
0,002359#1,1,1,10,10,43
0,002359#2,1,1,10,10,45
0,002359#3,1,1,10,10,27
0,002378#0,1,1,10,10,34
0,002378#1,1,1,10,10,11
0,002378#3,1,1,10,10,66
0,002378#5,1,1,10,10,73
0,002378#6,1,1,10,10,19
0,002380#2,1,1,10,10,77
0,002380#3,1,1,10,10,55
0,002380#4,1,1,10,10,19
0,002380#5,1,1,8,10,8
0,002380#6,1,1,10,10,45
0,002380#7,1,1,10,10,14
0,002380#8,1,1,10,10,15
0,002380#9,1,1,10,10,25
0,002413#0,1,1,10,10,23
0,002517#1,1,1,10,10,48
0,002517#2,1,1,10,10,16
0,002517#4,1,1,9,10,23
0,002517#5,1,1,10,10,76
0,002584#4,1,1,8,10,11
0,002584#6,1,1,10,10,11
0,002625#6,1,1,10,10,17
0,002625#8,1,1,10,10,26
0,002625#10,1,1,10,10,27
0,002625#13,1,1,10,10,22
0,002625#14,1,1,10,10,73
0,002625#18,1,1,10,10,29
0,002625#19,1,1,10,10,13
0,002625#20,1,1,10,10,70
0,002625#21,1,1,10,10,82
0,002625#22,1,1,10,10,36
0,002625#23,1,1,10,10,34
0,002625#24,1,1,10,10,65
0,002625#25,1,1,10,10,11
0,002625#26,1,1,10,10,48
0,002625#27,1,1,3,10,25
0,002625#28,1,1,10,10,37
0,002625#29,1,1,10,10,63
0,002625#30,1,1,10,10,23
0,002625#31,1,1,10,10,34
0,002625#32,1,1,10,10,45
0,002625#33,1,1,10,10,12
0,002627#5,1,1,10,10,20
0,002627#7,1,1,10,10,17
0,002627#11,1,1,10,10,74
0,002627#12,1,1,10,10,32
0,002627#15,1,1,10,10,69
0,002627#17,1,1,10,10,73
0,002627#18,1,1,10,10,74
0,002627#19,1,1,10,10,18
0,002627#22,1,1,10,10,87
0,002627#23,1,1,10,10,71
0,002627#26,1,1,10,10,80
0,002627#27,1,1,10,10,81
0,002627#28,1,1,10,10,48
0,002627#30,1,1,10,10,39
0,002627#31,1,1,10,10,50
0,002627#32,1,1,10,10,55
0,002671#7,1,1,10,10,51
0,002671#9,1,1,10,10,25
0,002671#11,1,1,10,10,39
0,002671#12,1,1,10,10,63
0,002671#13,1,1,10,10,45
0,002671#14,1,1,10,10,30
0,002671#15,1,1,10,10,30
0,002671#16,1,1,10,10,18
0,002671#17,1,1,10,10,45
0,002671#18,1,1,10,10,18
0,002671#19,1,1,10,10,57
0,002671#20,1,1,10,10,46
0,002671#21,1,1,10,10,23
0,002671#22,1,1,10,10,23
0,002671#23,1,1,10,10,46
0,002671#24,1,1,10,10,59
0,002677#0,1,1,10,10,63
0,002677#1,1,1,10,10,40
0,002677#16,1,1,10,10,14
0,002677#17,1,1,10,10,24
0,002677#18,1,1,10,10,76
0,002707#11,1,1,10,10,22
0,002707#12,1,1,10,10,25
0,002707#13,1,1,10,10,62
0,002750#1,1,1,10,10,15
0,002750#4,1,1,8,10,42
0,002750#12,1,1,10,10,13
0,002750#13,1,1,10,10,12
0,002750#14,1,1,10,10,10
0,002750#16,1,1,8,10,8
0,002750#18,1,1,10,10,14
0,002750#19,1,1,10,10,22
0,002750#20,1,1,10,10,28
0,002750#21,1,1,10,10,28
0,002750#22,1,1,10,10,53
0,002750#23,1,1,10,10,25
0,002750#25,1,1,10,10,51
0,002762#1,1,1,10,10,17
0,002839#1,1,1,10,10,21
0,002839#2,1,1,10,10,25
0,002839#3,1,1,10,10,48
0,002839#4,1,1,10,10,31
0,002842#3,1,1,10,10,25
0,002842#4,1,1,10,10,21
0,002844#1,1,1,10,10,42
0,002844#2,1,1,10,10,21
0,002844#3,1,1,10,10,38
0,002935#0,1,1,10,10,17
0,002935#1,1,1,9,10,13
0,002955#0,1,1,10,10,72
0,002955#1,1,1,10,10,47
0,002955#4,1,1,10,10,32
0,002955#5,1,1,10,10,21
0,002955#6,1,1,10,10,37
0,002955#7,1,1,10,10,68
0,002955#8,1,1,10,10,61
0,002955#9,1,1,10,10,11
0,002955#10,1,1,10,10,42
0,002955#11,1,1,10,10,42
0,002955#12,1,1,10,10,57
0,002955#13,1,1,10,10,67
0,002955#14,1,1,10,10,73
0,002955#16,1,1,10,10,49
0,002955#17,1,1,10,10,81
0,002955#20,1,1,10,10,15
0,002955#23,1,1,10,10,29
0,002955#24,1,1,7,10,7
0,002987#0,1,1,10,10,16
0,002987#1,1,1,9,10,9
0,002987#2,1,1,10,10,23
0,002987#3,1,1,10,10,14
0,002987#4,1,1,10,10,34
0,002987#6,1,1,10,10,64
0,002987#7,1,1,10,10,73
0,002987#8,1,1,10,10,28
0,002987#9,1,1,10,10,14
0,002987#10,1,1,10,10,15
0,002987#11,1,1,10,10,15
0,002987#12,1,1,8,10,8
0,002987#13,1,1,10,10,34
0,002987#14,1,1,10,10,20
0,002987#15,1,1,10,10,37
0,003007#6,1,1,9,10,9
0,003007#8,1,1,10,10,41
0,003007#9,1,1,10,10,24
0,003013#6,1,1,10,10,20
0,003017#4,1,1,10,10,12
0,003026#4,1,1,10,10,17
0,003056#1,1,1,10,10,24
0,003056#2,1,1,10,10,15
0,003056#3,1,1,10,10,15
0,003056#4,1,1,10,10,11
0,003056#7,1,1,10,10,38
0,003056#8,1,1,9,10,9
0,003056#9,1,1,10,10,27
0,003056#10,1,1,9,10,18
0,003056#11,1,1,10,10,61
0,003148#0,1,1,10,10,61
0,003148#2,1,1,10,10,63
0,003148#3,1,1,10,10,42
0,003148#6,1,1,10,10,47
0,003148#7,1,1,7,10,8
0,003148#8,1,1,8,10,8
0,003160#0,1,1,10,10,42
0,003160#1,1,1,10,10,28
0,003160#2,1,1,9,10,31
0,003160#3,1,1,8,10,27
0,003160#4,1,1,10,10,31
0,003160#5,1,1,10,10,84
0,003160#7,1,1,10,10,37
0,003160#8,1,1,10,10,69
0,003160#9,1,1,10,10,19
0,003160#11,1,1,10,10,78
0,003160#13,1,1,10,10,37
0,003160#14,1,1,10,10,11
0,003160#15,1,1,10,10,55
0,003160#17,1,1,10,10,43
0,003160#18,1,1,10,10,72
0,003160#19,1,1,10,10,26
0,003160#20,1,1,10,10,18
0,003160#21,1,1,10,10,46
0,003198#1,1,1,10,10,64
0,003198#4,1,1,10,10,42
0,003257#5,1,1,10,10,58
0,003262#0,1,1,10,10,28
0,003262#1,1,1,8,10,31
0,003262#4,1,1,10,10,27
0,003262#14,1,1,9,10,10
0,003262#16,1,1,10,10,10
0,003262#17,1,1,10,10,14
0,003262#21,1,1,10,10,16
0,003262#23,1,1,10,10,22
0,003262#24,1,1,10,10,18
0,003262#28,1,1,10,10,50
0,003262#29,1,1,4,10,7
0,003262#30,1,1,10,10,73
0,003273#1,1,1,10,10,73
0,003273#3,1,1,10,10,68
0,003273#4,1,1,10,10,45
0,003273#5,1,1,10,10,12
0,003273#6,1,1,10,10,87
0,003273#8,1,1,10,10,35
0,003273#9,1,1,10,10,19
0,003273#10,1,1,10,10,42
0,003273#11,1,1,10,10,17
0,003273#13,1,1,10,10,20
0,003288#0,1,1,10,10,74
0,003288#3,1,1,10,10,37
0,003288#4,1,1,10,10,27
0,003288#5,1,1,10,10,20
0,003288#6,1,1,10,10,20
0,003288#7,1,1,10,10,16
0,003288#8,1,1,10,10,14
0,003288#9,1,1,10,10,16
0,003288#10,1,1,10,10,18
0,003288#11,1,1,10,10,14
0,003288#12,1,1,10,10,27
0,003288#13,1,1,10,10,33
0,003288#14,1,1,10,10,13
0,003288#16,1,1,10,10,21
0,003288#18,1,1,10,10,69
0,003304#0,1,1,10,10,42
0,003304#1,1,1,10,10,36
0,003304#2,1,1,10,10,14
0,003304#3,1,1,10,10,48
0,003304#4,1,1,10,10,20
0,003304#8,1,1,10,10,25
0,003304#9,1,1,10,10,41
0,003304#11,1,1,10,10,42
0,003304#12,1,1,10,10,30
0,003304#13,1,1,10,10,13
0,003317#1,1,1,10,10,29
0,003317#2,1,1,10,10,26
0,003317#3,1,1,10,10,29
0,003317#5,1,1,10,10,50
0,003317#6,1,1,10,10,23
0,003317#7,1,1,10,10,27
0,003317#8,1,1,10,10,49
0,003317#9,1,1,10,10,30
0,003317#12,1,1,10,10,12
0,003317#14,1,1,10,10,55
0,003317#15,1,1,10,10,70
0,003317#16,1,1,10,10,43
0,003348#0,1,1,10,10,30
0,003353#0,1,1,10,10,14
0,003408#1,1,1,10,10,22
0,003411#0,1,1,10,10,41
0,003411#1,1,1,10,10,52
0,003411#2,1,1,10,10,57
0,003411#3,1,1,10,10,50
0,003419#0,1,1,10,10,84
0,003419#5,1,1,10,10,22
0,003419#13,1,1,10,10,24
0,003419#14,1,1,10,10,30
0,003419#17,1,1,8,10,30
0,003419#18,1,1,10,10,34
0,003419#19,1,1,10,10,18
0,003419#21,1,1,10,10,36
0,003425#5,1,1,10,10,17
0,003425#6,1,1,10,10,13
0,003425#7,1,1,10,10,11
0,003425#10,1,1,10,10,18
0,003425#12,1,1,10,10,44
0,003425#13,1,1,10,10,46
0,003460#0,1,1,10,10,26
0,003460#1,1,1,10,10,64
0,003460#3,1,1,10,10,80
0,003460#5,1,1,10,10,25
0,003460#6,1,1,10,10,73
0,003472#0,1,1,10,10,31
0,003472#1,1,1,10,10,68
0,003472#2,1,1,10,10,20
0,003472#3,1,1,10,10,71
0,003475#1,1,1,10,10,41
0,003475#2,1,1,10,10,22
0,003475#3,1,1,10,10,51
0,003475#5,1,1,10,10,46
0,003475#6,1,1,10,10,70
0,003475#10,1,1,10,10,21
0,003475#11,1,1,10,10,31
0,003487#0,1,1,10,10,53
0,003487#2,1,1,10,10,62
0,003489#0,1,1,10,10,24
0,003489#2,1,1,10,10,31
0,003489#3,1,1,10,10,55
0,003489#4,1,1,10,10,25
0,003489#5,1,1,10,10,35
0,003489#9,1,1,10,10,26
0,003489#14,1,1,10,10,37
0,003526#0,1,1,10,10,18
0,003526#3,1,1,10,10,13
0,003532#0,1,1,10,10,18
0,003532#1,1,1,10,10,42
0,003546#0,1,1,10,10,27
0,003546#1,1,1,10,10,28
0,003546#2,1,1,10,10,37
0,003592#0,1,1,10,10,23
0,003592#1,1,1,10,10,23
0,003592#2,1,1,10,10,31
0,003592#3,1,1,10,10,20
0,003595#3,1,1,10,10,27
0,003595#4,1,1,10,10,30
0,003595#5,1,1,10,10,21
0,003595#6,1,1,10,10,46
0,003603#3,1,1,10,10,32
0,003653#3,1,1,10,10,15
0,003653#5,1,1,10,10,20
0,003653#6,1,1,10,10,18
0,003653#7,1,1,10,10,14
0,003653#8,1,1,10,10,11
0,003653#9,1,1,10,10,12
0,003653#11,1,1,10,10,36
0,003653#12,1,1,10,10,51
0,003653#14,1,1,8,10,8
0,003653#16,1,1,9,10,9
0,003653#17,1,1,10,10,26
0,003653#18,1,1,8,10,8
0,003679#4,1,1,10,10,50
0,003679#5,1,1,10,10,27
0,003679#7,1,1,10,10,25
0,003679#8,1,1,10,10,32
0,003703#0,1,1,10,10,50
0,003739#0,1,1,10,10,30
0,003739#1,1,1,10,10,35
0,003739#2,1,1,10,10,17
0,003739#3,1,1,10,10,11
0,003739#5,1,1,10,10,16
0,003739#6,1,1,8,10,12
0,003739#7,1,1,10,10,26
0,003739#8,1,1,10,10,16
0,003757#0,1,1,10,10,76
0,003757#7,1,1,10,10,27
0,003757#8,1,1,9,10,10
0,003757#10,1,1,10,10,21
0,003757#14,1,1,10,10,13
0,003757#15,1,1,10,10,15
0,003757#16,1,1,10,10,11
0,003769#0,1,1,10,10,56
0,003838#0,1,1,10,10,72
0,003863#1,1,1,10,10,21
0,003863#3,1,1,10,10,17
0,003863#5,1,1,10,10,33
0,003863#7,1,1,10,10,24
0,003863#9,1,1,10,10,13
0,003863#10,1,1,10,10,12
0,003863#11,1,1,10,10,18
0,003895#2,1,1,10,10,55
0,003896#0,1,1,10,10,43
0,003896#1,1,1,10,10,19
0,003902#0,1,1,10,10,41
0,003902#1,1,1,10,10,15
0,003902#3,1,1,10,10,18
0,003902#4,1,1,10,10,30
0,003902#5,1,1,10,10,18
0,003902#6,1,1,10,10,41
0,003904#0,1,1,10,10,33
0,003904#1,1,1,10,10,19
0,003941#0,1,1,10,10,27
0,003941#1,1,1,10,10,17
0,003941#3,1,1,10,10,12
0,003941#5,1,1,10,10,25
0,003941#7,1,1,10,10,20
0,003941#8,1,1,10,10,26
0,003941#10,1,1,10,10,17
0,003941#11,1,1,10,10,26
0,003941#12,1,1,10,10,17
0,003941#13,1,1,10,10,20
0,003941#14,1,1,10,10,18
0,003941#15,1,1,10,10,22
0,003941#16,1,1,10,10,69
0,003941#20,1,1,8,10,10
0,003941#21,1,1,10,10,25
0,003941#22,1,1,10,10,13
0,003941#24,1,1,10,10,37
0,003941#25,1,1,10,10,18
0,003941#26,1,1,10,10,21
0,003941#27,1,1,10,10,18
0,003941#29,1,1,10,10,17
0,003941#30,1,1,10,10,34
0,003982#5,1,1,10,10,26
0,003982#6,1,1,10,10,15
0,003982#8,1,1,10,10,13
0,003982#11,1,1,10,10,19
0,003982#14,1,1,10,10,29
0,003982#19,1,1,2,10,9
0,003982#20,1,1,10,10,10
0,003982#23,1,1,10,10,25
0,003982#24,1,1,10,10,10
0,003982#30,1,1,10,10,12
0,003982#32,1,1,10,10,14
0,003982#34,1,1,10,10,11
0,003982#36,1,1,10,10,46
0,003982#41,1,1,10,10,10
0,003982#42,1,1,10,10,11
0,003982#43,1,1,10,10,13
0,003982#47,1,1,10,10,57
0,003982#48,1,1,10,10,16
0,003982#49,1,1,10,10,69
0,003982#50,1,1,10,10,34
0,003982#53,1,1,7,10,10
0,003982#57,1,1,10,10,18
0,003982#58,1,1,10,10,18
0,003982#60,1,1,10,10,16
0,003982#61,1,1,10,10,15
0,003982#62,1,1,10,10,17
0,003987#5,1,1,10,10,32
0,003987#6,1,1,10,10,28
0,003987#10,1,1,10,10,66
0,003987#11,1,1,10,10,71
0,003987#15,1,1,10,10,33
0,003987#16,1,1,10,10,42
0,003987#23,1,1,10,10,11
0,003987#27,1,1,10,10,11
0,003987#35,1,1,10,10,26
0,003987#38,1,1,10,10,19
0,003987#39,1,1,10,10,17
0,003987#40,1,1,10,10,16
0,003987#41,1,1,10,10,13
0,003987#43,1,1,10,10,10
0,003987#46,1,1,8,10,8
0,003987#47,1,1,10,10,15
0,003987#49,1,1,10,10,12
0,003987#50,1,1,10,10,15
0,003987#51,1,1,10,10,15
0,003987#52,1,1,10,10,10
0,003987#53,1,1,10,10,19
0,003987#55,1,1,10,10,31
0,hehe_173_000002_024_00000105#2,1,1,1,10,11
0,hehe_173_000002_024_00000105#4,1,1,4,10,11
0,hehe_173_000002_024_00000105#6,1,1,11,10,23
0,hehe_173_000002_024_00000105#7,1,1,8,10,15
0,hehe_173_000002_024_00000105#9,1,1,10,10,31
0,hehe_173_000002_024_00000105#10,1,1,10,10,25
0,hehe_173_000002_024_00000105#11,1,1,10,10,11
0,hehe_173_000002_024_00000105#13,1,1,10,10,31
0,hehe_173_000002_024_00000105#15,1,1,10,10,76
0,hehe_186_000002_028_00000050#1,1,1,10,10,77
0,hehe_22_00000004#0,1,1,10,10,29
0,hehe_22_00000004#2,1,1,10,10,23
0,hehe_22_00000004#4,1,1,10,10,69
0,hehe_22_00000004#6,1,1,10,10,57
0,hehe_22_00000004#7,1,1,10,10,70
0,hehe_22_00000004#9,1,1,9,10,11
0,hehe_230_000002_043_00000061#1,1,1,10,10,69
0,hehe_230_000002_043_00000061#6,1,1,10,10,62
0,hehe_230_000002_043_00000061#7,1,1,10,10,58
0,hehe_230_000002_043_00000061#10,1,1,10,10,31
0,hehe_230_000002_043_00000061#11,1,1,10,10,37
0,hehe_230_000002_043_00000061#13,1,1,10,10,19
0,hehe_230_000002_043_00000061#14,1,1,8,10,12
0,hehe_232_000002_043_00000181#0,1,1,8,10,8
0,hehe_232_000002_043_00000181#1,1,1,10,10,22
0,hehe_232_000002_043_00000181#2,1,1,10,10,57
0,hehe_232_000002_043_00000181#3,1,1,10,10,36
0,hehe_232_000002_043_00000181#8,1,1,10,10,57
0,hehe_274_000002_060_00000105#1,1,1,10,10,67
0,hehe_274_000002_060_00000105#5,1,1,10,10,28
0,hehe_274_000002_060_00000105#6,1,1,10,10,11
0,hehe_40_00000033#1,1,1,10,10,26
0,hehe_40_00000033#2,1,1,10,10,46
0,hehe_40_00000033#3,1,1,1,10,40
0,hehe_40_00000033#5,1,1,10,10,40
0,hehe_45_00000001#2,1,1,10,10,42
0,hehe_45_00000001#4,1,1,10,10,28
0,hehe_45_00000001#5,1,1,10,10,49
0,hehe_45_00000001#6,1,1,10,10,40
0,hehe_45_00000001#7,1,1,10,10,60
0,hehe_45_00000001#8,1,1,10,10,34
0,hehe_45_00000001#9,1,1,10,10,46
0,hehe_52_00000107#0,1,1,10,10,19
0,hehe_52_00000107#1,1,1,8,10,8
0,hehe_61_00000090#2,1,1,10,10,76
0,hehe_61_00000090#3,1,1,10,10,39
0,hehe_61_00000090#4,1,1,10,10,20
0,hehe_61_00000090#9,1,1,10,10,64
0,hehe_61_00000090#10,1,1,10,10,50
0,hehe_61_00000090#11,1,1,10,10,84
0,hehe_65_00000229#2,1,1,10,10,59
0,hehe_65_00000229#3,1,1,10,10,32
0,hehe_65_00000229#4,1,1,10,10,30
0,hehe_65_00000229#6,1,1,10,10,16
0,hehe_65_00000229#7,1,1,10,10,21
0,hehe_6_00000054#0,1,1,10,10,12
0,hehe_6_00000054#2,1,1,10,10,35
0,hehe_6_00000054#3,1,1,10,10,32
0,hehe_6_00000054#4,1,1,10,10,27
0,hehe_6_00000054#6,1,1,10,10,76
0,hehe_6_00000054#13,1,1,10,10,74
0,hehe_6_00000054#16,1,1,10,10,32
0,hehe_6_00000054#17,1,1,10,10,38
0,hehe_86_00000253#0,1,1,10,10,45
0,hehe_86_00000253#3,1,1,10,10,58
0,hehe_87_00000315#1,1,1,10,10,39
0,hehe_87_00000315#2,1,1,10,10,40
0,hehe_87_00000315#3,1,1,10,10,33
0,hehe_87_00000315#4,1,1,10,10,20
0,hehe_87_00000315#5,1,1,10,10,30
0,hehe_87_00000315#6,1,1,10,10,14
0,shuming_1007_00000230#0,1,1,10,10,38
0,shuming_1007_00000230#3,1,1,10,10,43
0,shuming_1007_00000230#4,1,1,7,10,36
0,shuming_1007_00000230#5,1,1,10,10,46
0,shuming_1007_00000230#7,1,1,10,10,63
0,shuming_1007_00000230#10,1,1,10,10,62
0,shuming_1007_00000230#11,1,1,10,10,39
0,shuming_1007_00000230#12,1,1,11,10,34
0,shuming_1007_00000230#13,1,1,9,10,10
0,shuming_1007_00000230#14,1,1,5,10,7
0,shuming_1007_00000230#15,1,1,10,10,79
0,shuming_1007_00000230#16,1,1,10,10,47
0,shuming_1007_00000230#17,1,1,10,10,19
0,shuming_1007_00000230#18,1,1,10,10,13
0,shuming_1007_00000230#20,1,1,10,10,20
0,shuming_1007_00000230#21,1,1,10,10,69
0,shuming_1007_00000230#22,1,1,10,10,27
0,shuming_1007_00000230#23,1,1,10,10,22
0,shuming_1013_00000065#0,1,1,10,10,87
0,shuming_1013_00000065#1,1,1,10,10,41
0,shuming_1013_00000065#3,1,1,10,10,26
0,shuming_1028_00000411#3,1,1,10,10,55
0,shuming_1028_00000411#4,1,1,10,10,10
0,shuming_1028_00000411#5,1,1,10,10,15
0,shuming_1064_00000087#0,1,1,10,10,34
0,shuming_1064_00000087#1,1,1,10,10,55
0,shuming_1064_00000087#2,1,1,10,10,56
0,shuming_1064_00000087#3,1,1,10,10,72
0,shuming_1064_00000087#4,1,1,10,10,69
0,shuming_1064_00000087#6,1,1,10,10,26
0,shuming_1064_00000087#7,1,1,10,10,54
0,shuming_1064_00000087#8,1,1,10,10,86
0,shuming_1076_00000257#1,1,1,10,10,31
0,shuming_1076_00000257#2,1,1,10,10,29
0,shuming_1076_00000257#3,1,1,10,10,20
0,shuming_1076_00000257#4,1,1,10,10,19
0,shuming_1076_00000257#5,1,1,10,10,23
0,shuming_1079_00000233#3,1,1,10,10,18
0,shuming_1079_00000233#4,1,1,10,10,12
0,shuming_1079_00000233#6,1,1,10,10,35
0,shuming_1080_00000016#0,1,1,10,10,72
0,shuming_1080_00000016#4,1,1,10,10,10
0,shuming_1132_00000385#2,1,1,10,10,29
0,shuming_1132_00000385#3,1,1,10,10,32
0,shuming_1132_00000385#4,1,1,10,10,25
0,shuming_1135_00000213#0,1,1,10,10,76
0,shuming_1148_00000041#0,1,1,10,10,74
0,shuming_1157_00000010#0,1,1,10,10,72
0,shuming_1157_00000010#1,1,1,10,10,32
0,shuming_1157_00000010#2,1,1,10,10,18
0,shuming_1180_00000231#3,1,1,10,10,49
0,shuming_24_00000001#0,1,1,10,10,40
0,shuming_24_00000001#1,1,1,10,10,62
0,shuming_340_00000020#1,1,1,10,10,21
0,shuming_340_00000020#19,1,1,10,10,11
0,shuming_340_00000020#22,1,1,7,10,7
0,shuming_340_00000020#23,1,1,10,10,12
0,shuming_340_00000020#26,1,1,9,10,9
0,shuming_340_00000020#30,1,1,9,10,9
0,shuming_340_00000020#31,1,1,10,10,12
0,shuming_340_00000020#38,1,1,9,10,10
0,shuming_35_00000199#0,1,1,10,10,73
0,shuming_35_00000199#3,1,1,10,10,36
0,shuming_35_00000199#4,1,1,10,10,26
0,shuming_35_00000199#5,1,1,5,10,87
0,shuming_35_00000199#6,1,1,10,10,18
0,shuming_35_00000199#8,1,1,10,10,14
0,shuming_35_00000199#9,1,1,8,10,8
0,shuming_35_00000199#11,1,1,10,10,39
0,shuming_410_00000037#0,1,1,6,10,7
0,shuming_410_00000037#9,1,1,10,10,45
0,shuming_461_00000082#0,1,1,10,10,53
0,shuming_461_00000082#2,1,1,10,10,42
0,shuming_461_00000082#3,1,1,10,10,31
0,shuming_461_00000082#4,1,1,10,10,14
0,shuming_461_00000082#5,1,1,10,10,11
0,shuming_465_00000030#0,1,1,10,10,10
0,shuming_465_00000030#2,1,1,10,10,56
0,shuming_465_00000030#3,1,1,10,10,15
0,shuming_470_00000057#3,1,1,10,10,43
0,shuming_470_00000057#4,1,1,10,10,23
0,shuming_482_00000018#3,1,1,10,10,53
0,shuming_482_00000018#4,1,1,10,10,44
0,shuming_482_00000018#5,1,1,10,10,62
0,shuming_485_00000027#3,1,1,10,10,16
0,shuming_485_00000027#4,1,1,10,10,52
0,shuming_503_00000052#0,1,1,10,10,32
0,shuming_503_00000052#1,1,1,10,10,26
0,shuming_562_00000223#2,1,1,10,10,76
0,shuming_571_00000215#0,1,1,10,10,56
0,shuming_571_00000215#1,1,1,10,10,46
0,shuming_574_00000017#0,1,1,10,10,63
0,shuming_608_00000031#1,1,1,10,10,19
0,shuming_608_00000031#2,1,1,10,10,30
0,shuming_608_00000031#3,1,1,10,10,35
0,shuming_608_00000031#4,1,1,10,10,11
0,shuming_610_00000148#0,1,1,10,10,50
0,shuming_63_00000393#3,1,1,10,10,15
0,shuming_63_00000393#4,1,1,10,10,17
0,shuming_63_00000393#5,1,1,8,10,9
0,shuming_63_00000393#6,1,1,10,10,23
0,shuming_63_00000393#7,1,1,10,10,21
0,shuming_63_00000393#8,1,1,10,10,23
0,shuming_63_00000393#9,1,1,10,10,20
0,shuming_663_00000328#2,1,1,10,10,50
0,shuming_663_00000328#3,1,1,10,10,40
0,shuming_67_00000001#1,1,1,10,10,55
0,shuming_67_00000001#2,1,1,10,10,18
0,shuming_698_00000001#0,1,1,10,10,11
0,shuming_698_00000001#1,1,1,5,10,13
0,shuming_698_00000001#2,1,1,10,10,17
0,shuming_698_00000001#3,1,1,10,10,20
0,shuming_698_00000001#4,1,1,10,10,15
0,shuming_698_00000001#5,1,1,10,10,14
0,shuming_698_00000001#7,1,1,10,10,26
0,shuming_698_00000001#8,1,1,10,10,17
0,shuming_698_00000001#9,1,1,10,10,14
0,shuming_698_00000001#10,1,1,10,10,13
0,shuming_698_00000001#11,1,1,10,10,13
0,shuming_698_00000001#12,1,1,10,10,15
0,shuming_698_00000001#13,1,1,10,10,14
0,shuming_698_00000001#14,1,1,10,10,12
0,shuming_698_00000001#15,1,1,10,10,15
0,shuming_698_00000001#16,1,1,10,10,15
0,shuming_698_00000001#17,1,1,10,10,23
0,shuming_698_00000001#18,1,1,10,10,18
0,shuming_698_00000001#19,1,1,10,10,19
0,shuming_698_00000001#20,1,1,10,10,22
0,shuming_698_00000001#21,1,1,10,10,24
0,shuming_698_00000001#22,1,1,10,10,18
0,shuming_698_00000001#23,1,1,10,10,35
0,shuming_698_00000001#25,1,1,10,10,64
0,shuming_706_00000375#0,1,1,10,10,41
0,shuming_706_00000375#2,1,1,10,10,32
0,shuming_706_00000375#3,1,1,10,10,17
0,shuming_706_00000375#4,1,1,10,10,52
0,shuming_72_00000270#19,1,1,10,10,54
0,shuming_72_00000270#20,1,1,10,10,22
0,shuming_72_00000270#22,1,1,10,10,48
0,shuming_72_00000270#24,1,1,10,10,20
0,shuming_731_00000492#0,1,1,10,10,32
0,shuming_731_00000492#1,1,1,10,10,26
0,shuming_731_00000492#3,1,1,10,10,60
0,shuming_731_00000492#5,1,1,10,10,69
0,shuming_753_00000172#0,1,1,10,10,12
0,shuming_758_00000371#0,1,1,10,10,52
0,shuming_763_00000009#2,1,1,10,10,15
0,shuming_774_00000273#3,1,1,10,10,63
0,shuming_774_00000273#5,1,1,10,10,31
0,shuming_779_00000254#1,1,1,10,10,63
0,shuming_779_00000254#5,1,1,10,10,80
0,shuming_783_00000248#0,1,1,10,10,81
0,shuming_783_00000248#2,1,1,10,10,66
0,shuming_793_00000117#2,1,1,10,10,31
0,shuming_825_00000172#1,1,1,10,10,13
0,shuming_825_00000172#2,1,1,6,10,7
0,shuming_825_00000172#3,1,1,10,10,16
0,shuming_826_00000213#1,1,1,10,10,14
0,shuming_826_00000213#2,1,1,10,10,18
0,shuming_826_00000213#3,1,1,8,10,9
0,shuming_85_00000273#4,1,1,10,10,11
0,shuming_987_00000275#1,1,1,10,10,41
0,shuming_987_00000275#2,1,1,10,10,23
0,shuming_987_00000275#3,1,1,10,10,19
0,shuming_987_00000275#4,1,1,10,10,21
0,shuming_987_00000275#5,1,1,10,10,10
1,00000045#1,1,1,10,10,242
1,00000045#2,1,1,10,10,88
1,00000045#3,1,1,10,10,105
1,00000045#6,1,1,10,10,286
1,00000045#7,1,1,10,10,279
1,00000057#1,1,1,10,10,225
1,00000057#2,1,1,10,10,88
1,00000057#3,1,1,10,10,111
1,00000057#5,1,1,10,10,133
1,00000063#1,1,1,10,10,279
1,00000063#2,1,1,10,10,90
1,00000063#3,1,1,10,10,107
1,00000063#5,1,1,10,10,208
1,00000095#1,1,1,10,10,279
1,00000095#2,1,1,10,10,114
1,00000095#3,1,1,10,10,105
1,00000106#1,1,1,10,10,245
1,00000106#2,1,1,10,10,135
1,00000106#3,1,1,10,10,122
1,00000106#5,1,1,10,10,157
1,00000123#1,1,1,10,10,196
1,00000123#2,1,1,10,10,87
1,00000123#3,1,1,10,10,190
1,00000123#5,1,1,10,10,108
1,00000171#0,1,1,10,10,120
1,00000180#0,1,1,10,10,136
1,00000234#1,1,1,10,10,108
1,00000257#0,1,1,10,10,93
1,00000271#0,1,1,10,10,118
1,00000271#1,1,1,10,10,132
1,00000273#0,1,1,10,10,84
1,00000273#1,1,1,10,10,99
1,000002_080_00000048#0,1,1,10,10,69
1,000002_083_00000169#0,1,1,10,10,14
1,000002_083_00000169#1,1,1,10,10,26
1,000002_083_00000169#2,1,1,10,10,36
1,00000346#0,1,1,10,10,381
1,00000364#0,1,1,10,10,210
1,00000396#0,1,1,10,10,111
1,00000399#0,1,1,10,10,82
1,000003_081_00000171#10,1,1,10,10,76
1,000003_081_00000171#11,1,1,10,10,82
1,00000426#0,1,1,10,10,653
1,00000506#0,1,1,10,10,117
1,000005_004_00000286#4,1,1,10,10,62
1,000005_006_00000001#1,1,1,10,10,68
1,000005_006_00000001#2,1,1,10,10,25
1,000005_019_00000209#0,1,1,10,10,43
1,000005_019_00000209#1,1,1,10,10,31
1,000005_019_00000209#2,1,1,10,10,59
1,000005_027_00000493#1,1,1,10,10,34
1,000005_027_00000493#2,1,1,10,10,38
1,000005_027_00000493#3,1,1,10,10,49
1,000005_027_00000493#4,1,1,10,10,21
1,000005_027_00000493#5,1,1,10,10,25
1,000005_027_00000493#6,1,1,10,10,20
1,000005_027_00000493#7,1,1,10,10,26
1,000005_027_00000493#8,1,1,10,10,74
1,000005_028_00000001#2,1,1,10,10,77
1,000005_028_00000163#2,1,1,10,10,31
1,00000618#2,1,1,10,10,101
1,000006_010_00000389#4,1,1,10,10,58
1,000006_011_00000307#3,1,1,10,10,25
1,000006_011_00000409#8,1,1,10,10,40
1,000006_011_00000409#10,1,1,10,10,54
1,000006_012_00000001#3,1,1,10,10,38
1,000006_012_00000001#6,1,1,10,10,63
1,000006_012_00000001#11,1,1,10,10,69
1,000006_012_00000001#12,1,1,10,10,33
1,000008_003_00000235#1,1,1,10,10,76
1,000008_003_00000235#2,1,1,10,10,59
1,000008_003_00000235#3,1,1,10,10,81
1,000008_003_00000235#4,1,1,10,10,66
1,000008_003_00000235#5,1,1,10,10,68
1,000008_003_00000235#10,1,1,10,10,68
1,000008_003_00000235#11,1,1,10,10,16
1,000008_003_00000352#1,1,1,10,10,66
1,000008_003_00000352#3,1,1,10,10,80
1,000008_003_00000352#5,1,1,10,10,74
1,000008_003_00000352#7,1,1,10,10,75
1,000008_003_00000352#8,1,1,10,10,75
1,000008_003_00000352#9,1,1,10,10,76
1,000008_003_00000352#10,1,1,10,10,64
1,000008_003_00000352#12,1,1,10,10,74
1,000008_003_00000352#13,1,1,10,10,16
1,000008_003_00000469#0,1,1,10,10,85
1,000008_003_00000469#1,1,1,10,10,70
1,000008_003_00000469#2,1,1,10,10,67
1,000008_003_00000469#3,1,1,10,10,78
1,000008_003_00000469#4,1,1,10,10,85
1,000008_003_00000469#6,1,1,10,10,89
1,000008_003_00000469#9,1,1,10,10,31
1,000008_003_00000469#10,1,1,10,10,18
1,000008_004_00000665#2,1,1,10,10,34
1,000008_004_00000665#4,1,1,10,10,39
1,000008_004_00000665#11,1,1,10,10,52
1,000008_004_00000665#12,1,1,10,10,63
1,000008_004_00000665#13,1,1,10,10,37
1,000008_013_00000195#1,1,1,10,10,66
1,000008_013_00000195#2,1,1,10,10,60
1,000008_042_00000273#1,1,1,10,10,40
1,000008_045_00000001#0,1,1,10,10,48
1,000008_045_00000001#2,1,1,10,10,70
1,000008_045_00000001#3,1,1,10,10,14
1,000008_045_00000157#0,1,1,10,10,80
1,000008_045_00000157#4,1,1,10,10,17
1,000008_048_00000361#3,1,1,10,10,42
1,000008_048_00000361#4,1,1,7,10,36
1,000008_048_00000361#5,1,1,9,10,29
1,000009_008_00000241#3,1,1,10,10,78
1,000009_008_00000241#5,1,1,10,10,69
1,000009_008_00000241#6,1,1,10,10,29
1,000009_008_00000241#7,1,1,10,10,76
1,000009_008_00000241#9,1,1,10,10,84
1,000009_033_00000333#1,1,1,10,10,16
1,000009_033_00000333#2,1,1,10,10,38
1,000009_033_00000333#3,1,1,10,10,38
1,000009_033_00000333#4,1,1,10,10,36
1,000009_033_00000333#6,1,1,10,10,51
1,000012_008_00000163#3,1,1,10,10,67
1,000012_008_00000163#4,1,1,10,10,55
1,000012_008_00000163#5,1,1,10,10,48
1,000012_008_00000163#6,1,1,10,10,60
1,000012_008_00000163#8,1,1,10,10,74
1,000012_008_00000163#10,1,1,10,10,17
1,000012_008_00000163#11,1,1,10,10,26
1,000012_008_00000163#12,1,1,10,10,27
1,000012_008_00000163#13,1,1,10,10,15
1,000012_008_00000163#14,1,1,10,10,11
1,000012_009_00000244#1,1,1,10,10,71
1,000012_009_00000244#3,1,1,10,10,68
1,000012_009_00000244#4,1,1,10,10,40
1,000012_009_00000244#5,1,1,10,10,45
1,000012_009_00000244#6,1,1,10,10,21
1,000012_009_00000244#7,1,1,10,10,13
1,000012_009_00000244#8,1,1,10,10,12
1,000012_009_00000244#9,1,1,10,10,14
1,000012_009_00000244#10,1,1,10,10,34
1,000012_009_00000244#11,1,1,10,10,18
1,000012_009_00000244#12,1,1,10,10,18
1,000012_009_00000244#13,1,1,10,10,19
1,000012_009_00000244#14,1,1,8,10,8
1,000012_009_00000325#3,1,1,10,10,82
1,000012_009_00000325#4,1,1,10,10,36
1,000012_009_00000325#5,1,1,10,10,43
1,000012_009_00000325#6,1,1,10,10,28
1,000012_009_00000325#7,1,1,10,10,17
1,000012_009_00000325#8,1,1,10,10,16
1,000012_009_00000325#9,1,1,8,10,8
1,000012_009_00000325#11,1,1,10,10,28
1,000012_009_00000325#12,1,1,10,10,15
1,000012_009_00000325#14,1,1,10,10,22
1,000012_009_00000325#15,1,1,4,10,19
1,000012_009_00000325#16,1,1,10,10,35
1,000012_014_00000184#0,1,1,10,10,33
1,000012_014_00000184#1,1,1,10,10,55
1,000012_014_00000184#3,1,1,10,10,26
1,000012_019_00000151#1,1,1,10,10,59
1,000012_019_00000151#2,1,1,10,10,14
1,000012_019_00000151#4,1,1,10,10,21
1,000012_019_00000151#5,1,1,10,10,14
1,000012_022_00000090#0,1,1,10,10,64
1,000012_022_00000090#1,1,1,10,10,23
1,000012_025_00000313#1,1,1,10,10,11
1,000012_025_00000313#2,1,1,10,10,11
1,000012_025_00000313#3,1,1,10,10,13
1,000012_025_00000313#4,1,1,7,10,7
1,000012_025_00000313#5,1,1,10,10,13
1,000012_025_00000313#6,1,1,8,10,8
1,000012_028_00000250#0,1,1,10,10,64
1,000012_028_00000250#1,1,1,10,10,56
1,000013_001_00000001#1,1,1,10,10,33
1,000013_001_00000001#2,1,1,10,10,34
1,000013_001_00000001#3,1,1,10,10,31
1,000013_002_00000281#1,1,1,10,10,31
1,000013_002_00000281#2,1,1,10,10,36
1,000013_002_00000281#3,1,1,10,10,20
1,000013_023_00000075#1,1,1,10,10,56
1,000013_023_00000075#2,1,1,10,10,68
1,000013_025_00000285#0,1,1,10,10,15
1,000013_025_00000285#1,1,1,10,10,56
1,000013_025_00000285#2,1,1,10,10,20
1,000013_030_00000063#0,1,1,10,10,21
1,000013_030_00000063#1,1,1,10,10,68
1,000013_039_00000063#0,1,1,10,10,41
1,000013_039_00000063#1,1,1,10,10,32
1,000013_039_00000063#3,1,1,10,10,26
1,000013_039_00000063#5,1,1,8,10,8
1,000013_040_suppl_00000167#0,1,1,10,10,79
1,000013_040_suppl_00000333#1,1,1,10,10,50
1,000013_040_suppl_00000333#3,1,1,10,10,80
1,000013_040_suppl_00000333#4,1,1,8,10,8
1,000013_044_00000001#0,1,1,10,10,24
1,000013_044_00000001#1,1,1,8,10,31
1,000013_044_00000001#2,1,1,8,10,72
1,000013_044_00000001#4,1,1,5,10,38
1,000013_044_00000001#5,1,1,2,10,72
1,000013_044_00000001#7,1,1,10,10,62
1,000013_048_00000001#0,1,1,10,10,46
1,000013_048_00000001#1,1,1,6,10,60
1,000013_048_00000001#3,0,1,0,10,49
1,000013_048_00000001#4,1,1,4,10,69
1,000013_056_00000281#2,1,1,10,10,49
1,000013_056_00000281#3,1,1,10,10,16
1,000013_056_00000281#4,1,1,10,10,21
1,000013_056_00000281#6,1,1,10,10,11
1,000013_056_00000281#7,1,1,10,10,12
1,000013_056_00000281#8,1,1,10,10,64
1,000013_056_00000281#9,1,1,10,10,43
1,000013_056_00000281#10,1,1,10,10,32
1,000014_012_00000217#1,1,1,10,10,41
1,000014_012_00000217#2,1,1,10,10,48
1,000014_050_00000273#3,1,1,10,10,47
1,000014_050_00000273#4,1,1,10,10,57
1,000014_050_00000273#5,1,1,10,10,26
1,000014_051_suppl_00000341#2,1,1,10,10,15
1,000014_052_00000131#2,1,1,10,10,22
1,000014_052_00000131#3,1,1,10,10,13
1,000015_004_00000268#0,1,1,10,10,27
1,000015_004_suppl_00000223#2,1,1,10,10,36
1,000016_043_suppl_00000292#1,1,1,10,10,21
1,000016_043_suppl_00000292#2,1,1,10,10,56
1,000016_043_suppl_00000292#4,1,1,10,10,30
1,000016_043_suppl_00000292#5,1,1,10,10,25
1,000016_043_suppl_00000292#6,1,1,10,10,45
1,000016_043_suppl_00000292#8,1,1,10,10,26
1,000016_043_suppl_00000292#9,1,1,10,10,32
1,000016_043_suppl_00000292#10,1,1,10,10,19
1,000016_043_suppl_00000292#11,1,1,10,10,27
1,000016_043_suppl_00000292#12,1,1,10,10,32
1,000016_043_suppl_00000292#14,1,1,10,10,70
1,000016_043_suppl_00000292#17,1,1,10,10,47
1,000016_043_suppl_00000292#20,1,1,10,10,23
1,000016_044_00000085#0,1,1,10,10,83
1,000016_044_00000085#1,1,1,10,10,62
1,000016_044_00000085#3,1,1,10,10,17
1,000016_044_00000085#4,1,1,10,10,65
1,000016_044_00000085#7,1,1,10,10,67
1,000016_044_00000085#10,1,1,10,10,78
1,000016_044_00000169#1,1,1,10,10,37
1,000016_044_00000169#2,1,1,10,10,36
1,000016_044_00000169#3,1,1,10,10,16
1,000016_044_00000169#5,1,1,10,10,15
1,000016_044_00000169#6,1,1,10,10,59
1,000016_044_00000169#8,1,1,10,10,88
1,000016_044_00000169#16,1,1,10,10,73
1,000016_044_00000169#17,1,1,10,10,65
1,000017_011_00000297#3,1,1,10,10,12
1,000017_011_00000297#5,1,1,10,10,68
1,000017_011_00000297#9,1,1,10,10,26
1,000017_011_00000297#10,1,1,10,10,86
1,000017_011_00000297#11,1,1,10,10,59
1,000017_011_00000297#13,1,1,10,10,43
1,000017_012_00000135#2,1,1,10,10,36
1,000017_020_00000214#0,1,1,10,10,21
1,000017_020_00000214#2,1,1,10,10,27
1,000017_020_suppl_00000356#0,1,1,10,10,20
1,000017_020_suppl_00000356#2,1,1,10,10,20
1,000018_006_00000063#0,1,1,10,10,66
1,000019_030_00000072#1,1,1,10,10,23
1,000019_030_00000072#2,1,1,10,10,72
1,000019_030_00000072#3,1,1,10,10,54
1,000019_030_00000072#4,1,1,10,10,21
1,000019_030_00000072#5,1,1,10,10,10
1,000019_038_00000205#2,1,1,10,10,20
1,000019_038_00000205#3,1,1,10,10,25
1,000019_038_00000205#4,1,1,10,10,21
1,000019_038_00000205#5,1,1,10,10,36
1,000019_038_00000205#6,1,1,10,10,84
1,000019_038_00000205#7,1,1,10,10,70
1,000019_038_00000205#8,1,1,10,10,82
1,000019_041_00000141#2,1,1,10,10,24
1,000019_045_00000145#4,1,1,10,10,46
1,000019_045_00000145#5,1,1,10,10,42
1,000019_045_00000145#7,1,1,3,10,67
1,000020_010_00000089#1,1,1,10,10,60
1,000020_010_00000089#5,1,1,9,10,9
1,000020_010_00000089#6,1,1,10,10,20
1,000020_010_00000089#7,1,1,4,10,8
1,000020_014_00000193#2,1,1,10,10,63
1,000020_014_00000193#3,1,1,10,10,76
1,000020_014_00000193#5,1,1,10,10,54
1,000020_014_00000193#6,1,1,10,10,77
1,000020_018_00000093#0,1,1,10,10,16
1,000020_018_00000093#1,1,1,10,10,24
1,000020_018_00000093#2,1,1,10,10,81
1,000020_018_00000093#3,1,1,10,10,42
1,000021_020_00000131#2,1,1,10,10,76
1,000023_005_00000070#1,1,1,10,10,32
1,000023_005_00000070#2,1,1,10,10,87
1,000023_005_00000070#3,1,1,10,10,63
1,000023_005_00000070#4,1,1,10,10,63
1,000023_005_00000070#5,1,1,10,10,18
1,000023_005_00000070#6,1,1,10,10,23
1,000031#0,1,1,10,10,53
1,000031#1,1,1,10,10,15
1,000031#2,1,1,8,10,8
1,000031#3,1,1,10,10,15
1,000031#6,1,1,10,10,24
1,000031#8,1,1,10,10,53
1,000031#10,1,1,10,10,16
1,000031#11,1,1,10,10,21
1,000066#0,1,1,10,10,31
1,000066#1,1,1,10,10,15
1,000066#2,1,1,9,10,61
1,000066#3,1,1,10,10,39
1,000070#0,1,1,10,10,28
1,000070#1,1,1,10,10,18
1,000070#2,1,1,8,10,52
1,000070#3,1,1,10,10,67
1,000173#1,1,1,10,10,27
1,000303#2,1,1,10,10,67
1,000303#6,1,1,10,10,30
1,000303#7,1,1,10,10,16
1,000328#1,1,1,10,10,58
1,000328#3,1,1,10,10,65
1,000415#1,1,1,10,10,14
1,000415#2,1,1,8,10,9
1,000415#4,1,1,10,10,22
1,000415#5,1,1,10,10,24
1,000415#6,1,1,10,10,12
1,000415#8,1,1,10,10,10
1,000415#10,1,1,10,10,13
1,000415#11,1,1,10,10,12
1,000415#13,1,1,10,10,21
1,000415#14,1,1,10,10,13
1,000415#15,1,1,10,10,17
1,000415#16,1,1,8,10,8
1,000415#17,1,1,10,10,10
1,000415#19,1,1,10,10,37
1,000433#7,1,1,10,10,57
1,000437#0,1,1,10,10,67
1,000437#1,1,1,10,10,75
1,000437#2,1,1,10,10,26
1,000437#5,1,1,10,10,48
1,000484#2,1,1,10,10,37
1,000484#3,1,1,10,10,55
1,000500#0,1,1,10,10,14
1,000500#1,1,1,9,10,9
1,000500#2,1,1,10,10,15
1,000525#0,1,1,10,10,14
1,000525#1,1,1,10,10,30
1,000525#2,1,1,10,10,35
1,000561#0,1,1,10,10,70
1,000561#3,1,1,10,10,63
1,000561#4,1,1,10,10,38
1,000597#2,1,1,10,10,62
1,000597#3,1,1,10,10,29
1,000630#0,1,1,10,10,14
1,000680#5,1,1,10,10,69
1,000707#1,1,1,10,10,13
1,000707#2,1,1,10,10,18
1,000707#3,1,1,9,10,9
1,000707#4,1,1,10,10,25
1,000707#5,1,1,10,10,20
1,000735#1,1,1,10,10,11
1,000738#0,1,1,10,10,26
1,000738#2,1,1,8,10,9
1,000738#3,1,1,10,10,36
1,000756#4,1,1,10,10,34
1,000759#2,1,1,10,10,34
1,000780#0,1,1,10,10,22
1,000780#3,1,1,10,10,90
1,000783#0,1,1,10,10,45
1,000783#1,1,1,10,10,42
1,000783#3,1,1,10,10,38
1,000783#4,1,1,10,10,26
1,000808#1,1,1,10,10,21
1,000820#2,1,1,10,10,58
1,000820#3,1,1,10,10,45
1,000820#4,1,1,10,10,25
1,000820#5,1,1,10,10,27
1,000820#7,1,1,8,10,8
1,000889#5,1,1,10,10,84
1,000889#6,1,1,10,10,40
1,000889#7,1,1,10,10,14
1,000889#8,1,1,10,10,15
1,000889#9,1,1,10,10,22
1,000889#13,1,1,10,10,24
1,000889#14,1,1,10,10,69
1,000943#0,1,1,10,10,16
1,000943#1,1,1,10,10,14
1,000943#2,1,1,10,10,64
1,000943#3,1,1,7,10,7
1,000943#4,1,1,6,10,7
1,000943#6,1,1,7,10,18
1,000943#7,1,1,10,10,23
1,000952#0,1,1,10,10,22
1,001033#1,1,1,10,10,15
1,001033#2,1,1,10,10,31
1,001033#3,1,1,10,10,41
1,001033#9,1,1,10,10,25
1,001033#10,1,1,10,10,21
1,001035#0,1,1,10,10,19
1,001035#1,1,1,10,10,53
1,001035#2,1,1,10,10,76
1,001035#7,1,1,10,10,40
1,001035#9,1,1,10,10,22
1,001035#10,1,1,10,10,63
1,001114#5,1,1,10,10,47
1,001114#6,1,1,10,10,40
1,001114#7,1,1,10,10,12
1,001114#8,1,1,10,10,26
1,001114#10,1,1,10,10,17
1,001123#0,1,1,10,10,31
1,001123#1,1,1,10,10,76
1,001123#2,1,1,10,10,77
1,001123#4,1,1,10,10,64
1,001123#5,1,1,10,10,42
1,001123#6,1,1,10,10,79
1,001123#7,1,1,10,10,86
1,001123#8,1,1,10,10,36
1,001123#9,1,1,10,10,56
1,001123#10,1,1,10,10,62
1,001123#11,1,1,10,10,66
1,001123#12,1,1,10,10,79
1,001123#13,1,1,10,10,31
1,001123#18,1,1,9,10,9
1,001123#19,1,1,8,10,10
1,001123#20,1,1,10,10,49
1,001123#21,1,1,10,10,32
1,001123#22,1,1,10,10,33
1,001135#4,1,1,10,10,64
1,001135#6,1,1,10,10,72
1,001135#7,1,1,7,10,14
1,001157#4,1,1,10,10,14
1,001157#5,1,1,10,10,30
1,001157#8,1,1,10,10,77
1,001157#9,1,1,10,10,68
1,001202#3,1,1,10,10,72
1,001202#4,1,1,10,10,78
1,001202#8,1,1,10,10,23
1,001202#10,1,1,10,10,56
1,001202#11,1,1,10,10,57
1,001202#12,1,1,10,10,42
1,001257#0,1,1,10,10,46
1,001257#3,1,1,10,10,69
1,001257#6,1,1,10,10,27
1,001257#9,1,1,10,10,27
1,001257#10,1,1,10,10,46
1,001257#11,1,1,10,10,31
1,001276#3,1,1,10,10,58
1,001276#7,1,1,10,10,30
1,001276#9,1,1,10,10,54
1,001276#10,1,1,10,10,27
1,001276#11,1,1,10,10,31
1,001276#12,1,1,10,10,25
1,001276#13,1,1,10,10,35
1,001276#14,1,1,10,10,50
1,001276#15,1,1,10,10,25
1,001295#0,1,1,10,10,30
1,001295#1,1,1,10,10,52
1,001295#3,1,1,10,10,10
1,001295#10,1,1,10,10,55
1,001295#11,1,1,10,10,24
1,001295#12,1,1,10,10,17
1,001295#13,1,1,9,10,28
1,001295#14,1,1,10,10,36
1,001295#15,1,1,10,10,24
1,001295#17,1,1,10,10,19
1,001295#18,1,1,10,10,15
1,001295#19,1,1,10,10,17
1,001295#20,1,1,10,10,16
1,001295#21,1,1,10,10,22
1,001295#22,1,1,10,10,26
1,001295#24,1,1,10,10,26
1,001295#26,1,1,9,10,9
1,001409#0,1,1,10,10,39
1,001409#1,1,1,10,10,43
1,001415#0,1,1,10,10,42
1,001415#1,1,1,10,10,44
1,001415#2,1,1,10,10,41
1,001415#3,1,1,10,10,53
1,001443#3,1,1,10,10,53
1,001443#4,1,1,10,10,73
1,001443#6,1,1,9,10,66
1,001443#7,1,1,10,10,67
1,001443#9,1,1,10,10,27
1,001443#10,1,1,10,10,46
1,001461#2,1,1,10,10,28
1,001461#3,1,1,10,10,42
1,001461#4,1,1,10,10,64
1,001461#5,1,1,10,10,36
1,001531#1,1,1,10,10,16
1,001531#2,1,1,10,10,11
1,001531#6,1,1,10,10,28
1,001531#8,1,1,10,10,11
1,001531#10,1,1,10,10,43
1,001558#4,1,1,10,10,31
1,001683#1,1,1,10,10,83
1,001683#6,1,1,10,10,36
1,001683#7,1,1,10,10,46
1,001683#8,1,1,10,10,50
1,001694#1,1,1,10,10,28
1,001694#2,1,1,10,10,64
1,001694#7,1,1,10,10,62
1,001694#8,1,1,10,10,36
1,001694#9,1,1,10,10,50
1,001694#10,1,1,10,10,27
1,001694#11,1,1,10,10,28
1,001694#12,1,1,10,10,22
1,001694#13,1,1,10,10,27
1,001694#14,1,1,10,10,31
1,001707#1,1,1,10,10,22
1,001707#2,1,1,10,10,68
1,001707#7,1,1,10,10,62
1,001707#8,1,1,10,10,36
1,001707#9,1,1,10,10,31
1,001707#10,1,1,10,10,34
1,001707#11,1,1,10,10,57
1,001707#12,1,1,10,10,19
1,001712#1,1,1,10,10,72
1,001712#6,1,1,10,10,58
1,001712#7,1,1,10,10,16
1,001712#8,1,1,10,10,36
1,001712#9,1,1,10,10,55
1,001712#10,1,1,10,10,25
1,001712#11,1,1,10,10,23
1,001712#12,1,1,10,10,27
1,001724#1,1,1,10,10,11
1,001724#3,1,1,10,10,56
1,001724#7,1,1,10,10,84
1,001724#8,1,1,10,10,34
1,001724#9,1,1,10,10,30
1,001724#10,1,1,10,10,27
1,001724#11,1,1,10,10,34
1,001724#12,1,1,10,10,38
1,001737#3,1,1,10,10,54
1,001737#7,1,1,10,10,76
1,001737#8,1,1,8,10,8
1,001737#9,1,1,10,10,15
1,001737#10,1,1,10,10,36
1,001737#11,1,1,10,10,30
1,001737#12,1,1,10,10,38
1,001737#13,1,1,10,10,30
1,001742#0,1,1,10,10,41
1,001763#0,1,1,10,10,25
1,001785#0,1,1,10,10,50
1,001785#1,1,1,10,10,51
1,001785#2,1,1,10,10,80
1,001851#0,1,1,10,10,48
1,001851#8,1,1,10,10,25
1,001851#9,1,1,10,10,27
1,001851#10,1,1,10,10,31
1,001851#11,1,1,10,10,25
1,001851#12,1,1,10,10,27
1,001851#13,1,1,10,10,50
1,001851#14,1,1,10,10,27
1,001862#0,1,1,10,10,48
1,001862#8,1,1,10,10,21
1,001862#9,1,1,10,10,27
1,001862#10,1,1,10,10,54
1,001862#11,1,1,10,10,21
1,001862#12,1,1,10,10,20
1,001862#13,1,1,10,10,32
1,001862#14,1,1,10,10,29
1,001862#15,1,1,10,10,37
1,001873#0,1,1,10,10,48
1,001873#4,1,1,10,10,73
1,001873#8,1,1,10,10,26
1,001873#9,1,1,10,10,50
1,001873#10,1,1,10,10,14
1,001873#11,1,1,10,10,27
1,001873#12,1,1,10,10,26
1,001873#13,1,1,10,10,27
1,001881#0,1,1,10,10,48
1,001881#4,1,1,10,10,73
1,001881#8,1,1,10,10,25
1,001881#9,1,1,10,10,54
1,001881#10,1,1,10,10,22
1,001884#0,1,1,10,10,52
1,001884#4,1,1,10,10,73
1,001884#8,1,1,10,10,21
1,001884#9,1,1,10,10,57
1,001884#10,1,1,10,10,25
1,001884#11,1,1,10,10,23
1,001884#12,1,1,10,10,20
1,001884#13,1,1,10,10,17
1,001884#14,1,1,10,10,27
1,001898#0,1,1,10,10,52
1,001898#4,1,1,10,10,74
1,001898#7,1,1,10,10,22
1,001898#8,1,1,10,10,20
1,001898#9,1,1,10,10,21
1,001898#10,1,1,10,10,24
1,001898#11,1,1,10,10,36
1,001898#12,1,1,10,10,55
1,001898#13,1,1,10,10,27
1,001898#14,1,1,10,10,24
1,001970#1,1,1,10,10,73
1,001970#3,1,1,10,10,36
1,001970#7,1,1,10,10,65
1,001970#8,1,1,10,10,26
1,001970#9,1,1,10,10,41
1,001970#10,1,1,10,10,27
1,002048#2,1,1,10,10,68
1,002048#3,1,1,10,10,53
1,002048#4,1,1,10,10,76
1,002048#7,1,1,10,10,37
1,002048#8,1,1,10,10,19
1,002048#9,1,1,10,10,40
1,002048#10,1,1,10,10,41
1,002097#3,1,1,10,10,67
1,002097#4,1,1,10,10,75
1,002097#7,1,1,10,10,22
1,002097#8,1,1,10,10,29
1,002097#9,1,1,10,10,32
1,002097#10,1,1,10,10,32
1,002102#0,1,1,10,10,63
1,002102#1,1,1,10,10,67
1,002102#2,1,1,10,10,64
1,002102#3,1,1,10,10,55
1,002102#4,1,1,10,10,59
1,002102#5,1,1,10,10,40
1,002102#6,1,1,10,10,56
1,002102#7,1,1,10,10,56
1,002102#8,1,1,10,10,50
1,002156#0,1,1,10,10,40
1,002156#1,1,1,10,10,28
1,002156#2,1,1,10,10,38
1,002156#3,1,1,4,10,59
1,002156#4,1,1,10,10,81
1,002156#7,1,1,10,10,46
1,002156#8,1,1,10,10,34
1,002156#9,1,1,10,10,53
1,002207#0,1,1,9,10,11
1,002207#1,1,1,10,10,49
1,002235#3,1,1,10,10,36
1,002235#5,1,1,10,10,55
1,002235#6,1,1,4,10,17
1,002235#7,1,1,10,10,27
1,002235#10,1,1,10,10,10
1,002265#3,1,1,10,10,15
1,002265#4,1,1,10,10,13
1,002276#0,1,1,10,10,41
1,002276#1,1,1,10,10,18
1,002276#2,1,1,8,10,32
1,002276#3,1,1,10,10,53
1,002276#6,1,1,10,10,46
1,002331#2,1,1,10,10,49
1,002331#3,1,1,10,10,37
1,002331#4,1,1,10,10,75
1,002331#16,1,1,10,10,14
1,002331#18,1,1,10,10,21
1,002334#1,1,1,10,10,11
1,002334#8,1,1,10,10,56
1,002334#9,1,1,10,10,18
1,002338#0,1,1,10,10,62
1,002338#1,1,1,10,10,70
1,002338#4,1,1,10,10,73
1,002338#5,1,1,10,10,44
1,002357#0,1,1,10,10,23
1,002357#1,1,1,10,10,35
1,002357#2,1,1,10,10,72
1,002357#3,1,1,10,10,43
1,002359#0,1,1,10,10,29
1,002359#1,1,1,10,10,43
1,002359#2,1,1,10,10,45
1,002359#3,1,1,10,10,27
1,002378#0,1,1,10,10,34
1,002378#1,1,1,10,10,11
1,002378#3,1,1,10,10,66
1,002378#5,1,1,10,10,73
1,002378#6,1,1,10,10,19
1,002380#2,1,1,10,10,77
1,002380#3,1,1,10,10,55
1,002380#4,1,1,10,10,19
1,002380#5,1,1,8,10,8
1,002380#6,1,1,10,10,45
1,002380#7,1,1,10,10,14
1,002380#8,1,1,10,10,15
1,002380#9,1,1,10,10,25
1,002413#0,1,1,10,10,23
1,002517#1,1,1,10,10,48
1,002517#2,1,1,10,10,16
1,002517#4,1,1,7,10,23
1,002517#5,1,1,10,10,76
1,002584#4,1,1,9,10,11
1,002584#6,1,1,10,10,11
1,002625#6,1,1,10,10,17
1,002625#8,1,1,10,10,26
1,002625#10,1,1,10,10,27
1,002625#13,1,1,10,10,22
1,002625#14,1,1,10,10,73
1,002625#18,1,1,10,10,29
1,002625#19,1,1,10,10,13
1,002625#20,1,1,10,10,70
1,002625#21,1,1,10,10,82
1,002625#22,1,1,10,10,36
1,002625#23,1,1,10,10,34
1,002625#24,1,1,10,10,65
1,002625#25,1,1,10,10,11
1,002625#26,1,1,10,10,48
1,002625#27,1,1,3,10,25
1,002625#28,1,1,10,10,37
1,002625#29,1,1,10,10,63
1,002625#30,1,1,10,10,23
1,002625#31,1,1,10,10,34
1,002625#32,1,1,10,10,45
1,002625#33,1,1,10,10,12
1,002627#5,1,1,10,10,20
1,002627#7,1,1,10,10,17
1,002627#11,1,1,10,10,74
1,002627#12,1,1,10,10,32
1,002627#15,1,1,10,10,69
1,002627#17,1,1,10,10,73
1,002627#18,1,1,10,10,74
1,002627#19,1,1,10,10,18
1,002627#22,1,1,10,10,87
1,002627#23,1,1,10,10,71
1,002627#26,1,1,10,10,80
1,002627#27,1,1,10,10,81
1,002627#28,1,1,10,10,48
1,002627#30,1,1,10,10,39
1,002627#31,1,1,10,10,50
1,002627#32,1,1,10,10,55
1,002671#7,1,1,10,10,51
1,002671#9,1,1,10,10,25
1,002671#11,1,1,10,10,39
1,002671#12,1,1,10,10,63
1,002671#13,1,1,10,10,45
1,002671#14,1,1,10,10,30
1,002671#15,1,1,10,10,30
1,002671#16,1,1,10,10,18
1,002671#17,1,1,10,10,45
1,002671#18,1,1,10,10,18
1,002671#19,1,1,10,10,57
1,002671#20,1,1,10,10,46
1,002671#21,1,1,10,10,23
1,002671#22,1,1,10,10,23
1,002671#23,1,1,10,10,46
1,002671#24,1,1,10,10,59
1,002677#0,1,1,10,10,63
1,002677#1,1,1,10,10,40
1,002677#16,1,1,10,10,14
1,002677#17,1,1,10,10,24
1,002677#18,1,1,10,10,76
1,002707#11,1,1,10,10,22
1,002707#12,1,1,10,10,25
1,002707#13,1,1,10,10,62
1,002750#1,1,1,10,10,15
1,002750#4,1,1,10,10,42
1,002750#12,1,1,10,10,13
1,002750#13,1,1,9,10,12
1,002750#14,1,1,10,10,10
1,002750#16,1,1,8,10,8
1,002750#18,1,1,10,10,14
1,002750#19,1,1,10,10,22
1,002750#20,1,1,10,10,28
1,002750#21,1,1,10,10,28
1,002750#22,1,1,10,10,53
1,002750#23,1,1,10,10,25
1,002750#25,1,1,10,10,51
1,002762#1,1,1,10,10,17
1,002839#1,1,1,10,10,21
1,002839#2,1,1,10,10,25
1,002839#3,1,1,10,10,48
1,002839#4,1,1,10,10,31
1,002842#3,1,1,10,10,25
1,002842#4,1,1,10,10,21
1,002844#1,1,1,10,10,42
1,002844#2,1,1,10,10,21
1,002844#3,1,1,10,10,38
1,002935#0,1,1,10,10,17
1,002935#1,1,1,9,10,13
1,002955#0,1,1,10,10,72
1,002955#1,1,1,10,10,47
1,002955#4,1,1,10,10,32
1,002955#5,1,1,10,10,21
1,002955#6,1,1,10,10,37
1,002955#7,1,1,10,10,68
1,002955#8,1,1,10,10,61
1,002955#9,1,1,10,10,11
1,002955#10,1,1,10,10,42
1,002955#11,1,1,10,10,42
1,002955#12,1,1,10,10,57
1,002955#13,1,1,10,10,67
1,002955#14,1,1,10,10,73
1,002955#16,1,1,10,10,49
1,002955#17,1,1,10,10,81
1,002955#20,1,1,10,10,15
1,002955#23,1,1,10,10,29
1,002955#24,1,1,7,10,7
1,002987#0,1,1,10,10,16
1,002987#1,1,1,9,10,9
1,002987#2,1,1,10,10,23
1,002987#3,1,1,10,10,14
1,002987#4,1,1,10,10,34
1,002987#6,1,1,10,10,64
1,002987#7,1,1,10,10,73
1,002987#8,1,1,10,10,28
1,002987#9,1,1,10,10,14
1,002987#10,1,1,10,10,15
1,002987#11,1,1,10,10,15
1,002987#12,1,1,8,10,8
1,002987#13,1,1,10,10,34
1,002987#14,1,1,10,10,20
1,002987#15,1,1,10,10,37
1,003007#6,1,1,9,10,9
1,003007#8,1,1,10,10,41
1,003007#9,1,1,10,10,24
1,003013#6,1,1,10,10,20
1,003017#4,1,1,10,10,12
1,003026#4,1,1,9,10,17
1,003056#1,1,1,10,10,24
1,003056#2,1,1,10,10,15
1,003056#3,1,1,10,10,15
1,003056#4,1,1,10,10,11
1,003056#7,1,1,10,10,38
1,003056#8,1,1,9,10,9
1,003056#9,1,1,10,10,27
1,003056#10,1,1,9,10,18
1,003056#11,1,1,10,10,61
1,003148#0,1,1,10,10,61
1,003148#2,1,1,10,10,63
1,003148#3,1,1,10,10,42
1,003148#6,1,1,10,10,47
1,003148#7,1,1,8,10,8
1,003148#8,1,1,8,10,8
1,003160#0,1,1,10,10,42
1,003160#1,1,1,10,10,28
1,003160#2,1,1,10,10,31
1,003160#3,1,1,9,10,27
1,003160#4,1,1,10,10,31
1,003160#5,1,1,10,10,84
1,003160#7,1,1,10,10,37
1,003160#8,1,1,10,10,69
1,003160#9,1,1,10,10,19
1,003160#11,1,1,10,10,78
1,003160#13,1,1,10,10,37
1,003160#14,1,1,10,10,11
1,003160#15,1,1,10,10,55
1,003160#17,1,1,10,10,43
1,003160#18,1,1,10,10,72
1,003160#19,1,1,10,10,26
1,003160#20,1,1,10,10,18
1,003160#21,1,1,10,10,46
1,003198#1,1,1,10,10,64
1,003198#4,1,1,10,10,42
1,003257#5,1,1,10,10,58
1,003262#0,1,1,10,10,28
1,003262#1,1,1,9,10,31
1,003262#4,1,1,10,10,27
1,003262#14,1,1,8,10,10
1,003262#16,1,1,10,10,10
1,003262#17,1,1,10,10,14
1,003262#21,1,1,9,10,16
1,003262#23,1,1,10,10,22
1,003262#24,1,1,10,10,18
1,003262#28,1,1,10,10,50
1,003262#29,1,1,4,10,7
1,003262#30,1,1,10,10,73
1,003273#1,1,1,10,10,73
1,003273#3,1,1,10,10,68
1,003273#4,1,1,10,10,45
1,003273#5,1,1,10,10,12
1,003273#6,1,1,10,10,87
1,003273#8,1,1,10,10,35
1,003273#9,1,1,10,10,19
1,003273#10,1,1,10,10,42
1,003273#11,1,1,10,10,17
1,003273#13,1,1,10,10,20
1,003288#0,1,1,10,10,74
1,003288#3,1,1,10,10,37
1,003288#4,1,1,10,10,27
1,003288#5,1,1,10,10,20
1,003288#6,1,1,10,10,20
1,003288#7,1,1,10,10,16
1,003288#8,1,1,10,10,14
1,003288#9,1,1,10,10,16
1,003288#10,1,1,10,10,18
1,003288#11,1,1,10,10,14
1,003288#12,1,1,10,10,27
1,003288#13,1,1,10,10,33
1,003288#14,1,1,10,10,13
1,003288#16,1,1,10,10,21
1,003288#18,1,1,10,10,69
1,003304#0,1,1,10,10,42
1,003304#1,1,1,10,10,36
1,003304#2,1,1,10,10,14
1,003304#3,1,1,10,10,48
1,003304#4,1,1,10,10,20
1,003304#8,1,1,10,10,25
1,003304#9,1,1,10,10,41
1,003304#11,1,1,10,10,42
1,003304#12,1,1,10,10,30
1,003304#13,1,1,10,10,13
1,003317#1,1,1,10,10,29
1,003317#2,1,1,10,10,26
1,003317#3,1,1,10,10,29
1,003317#5,1,1,10,10,50
1,003317#6,1,1,10,10,23
1,003317#7,1,1,10,10,27
1,003317#8,1,1,10,10,49
1,003317#9,1,1,10,10,30
1,003317#12,1,1,10,10,12
1,003317#14,1,1,8,10,55
1,003317#15,1,1,10,10,70
1,003317#16,1,1,10,10,43
1,003348#0,1,1,10,10,30
1,003353#0,1,1,10,10,14
1,003408#1,1,1,10,10,22
1,003411#0,1,1,10,10,41
1,003411#1,1,1,10,10,52
1,003411#2,1,1,10,10,57
1,003411#3,1,1,10,10,50
1,003419#0,1,1,10,10,84
1,003419#5,1,1,10,10,22
1,003419#13,1,1,10,10,24
1,003419#14,1,1,10,10,30
1,003419#17,1,1,7,10,30
1,003419#18,1,1,10,10,34
1,003419#19,1,1,10,10,18
1,003419#21,1,1,10,10,36
1,003425#5,1,1,10,10,17
1,003425#6,1,1,10,10,13
1,003425#7,1,1,10,10,11
1,003425#10,1,1,10,10,18
1,003425#12,1,1,10,10,44
1,003425#13,1,1,10,10,46
1,003460#0,1,1,10,10,26
1,003460#1,1,1,10,10,64
1,003460#3,1,1,10,10,80
1,003460#5,1,1,10,10,25
1,003460#6,1,1,10,10,73
1,003472#0,1,1,10,10,31
1,003472#1,1,1,10,10,68
1,003472#2,1,1,10,10,20
1,003472#3,1,1,10,10,71
1,003475#1,1,1,10,10,41
1,003475#2,1,1,10,10,22
1,003475#3,1,1,10,10,51
1,003475#5,1,1,10,10,46
1,003475#6,1,1,10,10,70
1,003475#10,1,1,10,10,21
1,003475#11,1,1,10,10,31
1,003487#0,1,1,10,10,53
1,003487#2,1,1,10,10,62
1,003489#0,1,1,10,10,24
1,003489#2,1,1,10,10,31
1,003489#3,1,1,10,10,55
1,003489#4,1,1,10,10,25
1,003489#5,1,1,10,10,35
1,003489#9,1,1,10,10,26
1,003489#14,1,1,10,10,37
1,003526#0,1,1,10,10,18
1,003526#3,1,1,10,10,13
1,003532#0,1,1,10,10,18
1,003532#1,1,1,10,10,42
1,003546#0,1,1,10,10,27
1,003546#1,1,1,10,10,28
1,003546#2,1,1,10,10,37
1,003592#0,1,1,10,10,23
1,003592#1,1,1,10,10,23
1,003592#2,1,1,10,10,31
1,003592#3,1,1,10,10,20
1,003595#3,1,1,10,10,27
1,003595#4,1,1,10,10,30
1,003595#5,1,1,10,10,21
1,003595#6,1,1,10,10,46
1,003603#3,1,1,10,10,32
1,003653#3,1,1,10,10,15
1,003653#5,1,1,10,10,20
1,003653#6,1,1,10,10,18
1,003653#7,1,1,10,10,14
1,003653#8,1,1,10,10,11
1,003653#9,1,1,10,10,12
1,003653#11,1,1,10,10,36
1,003653#12,1,1,10,10,51
1,003653#14,1,1,8,10,8
1,003653#16,1,1,9,10,9
1,003653#17,1,1,10,10,26
1,003653#18,1,1,8,10,8
1,003679#4,1,1,10,10,50
1,003679#5,1,1,10,10,27
1,003679#7,1,1,10,10,25
1,003679#8,1,1,10,10,32
1,003703#0,1,1,10,10,50
1,003739#0,1,1,10,10,30
1,003739#1,1,1,10,10,35
1,003739#2,1,1,10,10,17
1,003739#3,1,1,10,10,11
1,003739#5,1,1,10,10,16
1,003739#6,1,1,10,10,12
1,003739#7,1,1,10,10,26
1,003739#8,1,1,10,10,16
1,003757#0,1,1,10,10,76
1,003757#7,1,1,10,10,27
1,003757#8,1,1,9,10,10
1,003757#10,1,1,10,10,21
1,003757#14,1,1,10,10,13
1,003757#15,1,1,10,10,15
1,003757#16,1,1,10,10,11
1,003769#0,1,1,10,10,56
1,003838#0,1,1,10,10,72
1,003863#1,1,1,10,10,21
1,003863#3,1,1,10,10,17
1,003863#5,1,1,10,10,33
1,003863#7,1,1,10,10,24
1,003863#9,1,1,10,10,13
1,003863#10,1,1,10,10,12
1,003863#11,1,1,10,10,18
1,003895#2,1,1,10,10,55
1,003896#0,1,1,10,10,43
1,003896#1,1,1,10,10,19
1,003902#0,1,1,10,10,41
1,003902#1,1,1,10,10,15
1,003902#3,1,1,10,10,18
1,003902#4,1,1,10,10,30
1,003902#5,1,1,10,10,18
1,003902#6,1,1,10,10,41
1,003904#0,1,1,10,10,33
1,003904#1,1,1,10,10,19
1,003941#0,1,1,10,10,27
1,003941#1,1,1,10,10,17
1,003941#3,1,1,10,10,12
1,003941#5,1,1,10,10,25
1,003941#7,1,1,10,10,20
1,003941#8,1,1,10,10,26
1,003941#10,1,1,10,10,17
1,003941#11,1,1,10,10,26
1,003941#12,1,1,10,10,17
1,003941#13,1,1,10,10,20
1,003941#14,1,1,10,10,18
1,003941#15,1,1,10,10,22
1,003941#16,1,1,10,10,69
1,003941#20,1,1,10,10,10
1,003941#21,1,1,9,10,25
1,003941#22,1,1,10,10,13
1,003941#24,1,1,10,10,37
1,003941#25,1,1,10,10,18
1,003941#26,1,1,10,10,21
1,003941#27,1,1,10,10,18
1,003941#29,1,1,10,10,17
1,003941#30,1,1,10,10,34
1,003982#5,1,1,10,10,26
1,003982#6,1,1,10,10,15
1,003982#8,1,1,9,10,13
1,003982#11,1,1,10,10,19
1,003982#14,1,1,10,10,29
1,003982#19,1,1,8,10,9
1,003982#20,1,1,4,10,10
1,003982#23,1,1,10,10,25
1,003982#24,1,1,10,10,10
1,003982#30,1,1,10,10,12
1,003982#32,1,1,10,10,14
1,003982#34,1,1,10,10,11
1,003982#36,1,1,9,10,46
1,003982#41,1,1,9,10,10
1,003982#42,1,1,10,10,11
1,003982#43,1,1,10,10,13
1,003982#47,1,1,10,10,57
1,003982#48,1,1,10,10,16
1,003982#49,1,1,10,10,69
1,003982#50,1,1,10,10,34
1,003982#53,1,1,6,10,10
1,003982#57,1,1,10,10,18
1,003982#58,1,1,10,10,18
1,003982#60,1,1,10,10,16
1,003982#61,1,1,10,10,15
1,003982#62,1,1,10,10,17
1,003987#5,1,1,10,10,32
1,003987#6,1,1,10,10,28
1,003987#10,1,1,10,10,66
1,003987#11,1,1,10,10,71
1,003987#15,1,1,10,10,33
1,003987#16,1,1,10,10,42
1,003987#23,1,1,9,10,11
1,003987#27,1,1,10,10,11
1,003987#35,1,1,10,10,26
1,003987#38,1,1,10,10,19
1,003987#39,1,1,10,10,17
1,003987#40,1,1,10,10,16
1,003987#41,1,1,10,10,13
1,003987#43,1,1,10,10,10
1,003987#46,1,1,8,10,8
1,003987#47,1,1,10,10,15
1,003987#49,1,1,10,10,12
1,003987#50,1,1,10,10,15
1,003987#51,1,1,10,10,15
1,003987#52,1,1,10,10,10
1,003987#53,1,1,10,10,19
1,003987#55,1,1,10,10,31
1,hehe_173_000002_024_00000105#2,0,1,0,10,11
1,hehe_173_000002_024_00000105#4,1,1,7,10,11
1,hehe_173_000002_024_00000105#6,1,1,10,10,23
1,hehe_173_000002_024_00000105#7,1,1,7,10,15
1,hehe_173_000002_024_00000105#9,1,1,10,10,31
1,hehe_173_000002_024_00000105#10,1,1,10,10,25
1,hehe_173_000002_024_00000105#11,1,1,10,10,11
1,hehe_173_000002_024_00000105#13,1,1,10,10,31
1,hehe_173_000002_024_00000105#15,1,1,10,10,76
1,hehe_186_000002_028_00000050#1,1,1,10,10,77
1,hehe_22_00000004#0,1,1,10,10,29
1,hehe_22_00000004#2,1,1,10,10,23
1,hehe_22_00000004#4,1,1,10,10,69
1,hehe_22_00000004#6,1,1,10,10,57
1,hehe_22_00000004#7,1,1,10,10,70
1,hehe_22_00000004#9,1,1,7,10,11
1,hehe_230_000002_043_00000061#1,1,1,10,10,69
1,hehe_230_000002_043_00000061#6,1,1,10,10,62
1,hehe_230_000002_043_00000061#7,1,1,10,10,58
1,hehe_230_000002_043_00000061#10,1,1,10,10,31
1,hehe_230_000002_043_00000061#11,1,1,10,10,37
1,hehe_230_000002_043_00000061#13,1,1,10,10,19
1,hehe_230_000002_043_00000061#14,1,1,7,10,12
1,hehe_232_000002_043_00000181#0,1,1,7,10,8
1,hehe_232_000002_043_00000181#1,1,1,10,10,22
1,hehe_232_000002_043_00000181#2,1,1,10,10,57
1,hehe_232_000002_043_00000181#3,1,1,10,10,36
1,hehe_232_000002_043_00000181#8,1,1,10,10,57
1,hehe_274_000002_060_00000105#1,1,1,10,10,67
1,hehe_274_000002_060_00000105#5,1,1,10,10,28
1,hehe_274_000002_060_00000105#6,1,1,10,10,11
1,hehe_40_00000033#1,1,1,10,10,26
1,hehe_40_00000033#2,1,1,2,10,46
1,hehe_40_00000033#3,1,1,9,10,40
1,hehe_40_00000033#5,1,1,10,10,40
1,hehe_45_00000001#2,1,1,10,10,42
1,hehe_45_00000001#4,1,1,10,10,28
1,hehe_45_00000001#5,1,1,10,10,49
1,hehe_45_00000001#6,1,1,10,10,40
1,hehe_45_00000001#7,1,1,10,10,60
1,hehe_45_00000001#8,1,1,10,10,34
1,hehe_45_00000001#9,1,1,10,10,46
1,hehe_52_00000107#0,1,1,10,10,19
1,hehe_52_00000107#1,1,1,8,10,8
1,hehe_61_00000090#2,1,1,10,10,76
1,hehe_61_00000090#3,1,1,10,10,39
1,hehe_61_00000090#4,1,1,10,10,20
1,hehe_61_00000090#9,1,1,10,10,64
1,hehe_61_00000090#10,1,1,10,10,50
1,hehe_61_00000090#11,1,1,10,10,84
1,hehe_65_00000229#2,1,1,10,10,59
1,hehe_65_00000229#3,1,1,10,10,32
1,hehe_65_00000229#4,1,1,10,10,30
1,hehe_65_00000229#6,1,1,10,10,16
1,hehe_65_00000229#7,1,1,10,10,21
1,hehe_6_00000054#0,1,1,10,10,12
1,hehe_6_00000054#2,1,1,10,10,35
1,hehe_6_00000054#3,1,1,10,10,32
1,hehe_6_00000054#4,1,1,10,10,27
1,hehe_6_00000054#6,1,1,10,10,76
1,hehe_6_00000054#13,1,1,9,10,74
1,hehe_6_00000054#16,1,1,10,10,32
1,hehe_6_00000054#17,1,1,10,10,38
1,hehe_86_00000253#0,1,1,10,10,45
1,hehe_86_00000253#3,1,1,10,10,58
1,hehe_87_00000315#1,1,1,10,10,39
1,hehe_87_00000315#2,1,1,10,10,40
1,hehe_87_00000315#3,1,1,10,10,33
1,hehe_87_00000315#4,1,1,10,10,20
1,hehe_87_00000315#5,1,1,10,10,30
1,hehe_87_00000315#6,1,1,10,10,14
1,shuming_1007_00000230#0,1,1,10,10,38
1,shuming_1007_00000230#3,1,1,10,10,43
1,shuming_1007_00000230#4,1,1,10,10,36
1,shuming_1007_00000230#5,1,1,10,10,46
1,shuming_1007_00000230#7,1,1,10,10,63
1,shuming_1007_00000230#10,1,1,10,10,62
1,shuming_1007_00000230#11,1,1,10,10,39
1,shuming_1007_00000230#12,1,1,10,10,34
1,shuming_1007_00000230#13,1,1,7,10,10
1,shuming_1007_00000230#14,1,1,3,10,7
1,shuming_1007_00000230#15,1,1,10,10,79
1,shuming_1007_00000230#16,1,1,10,10,47
1,shuming_1007_00000230#17,1,1,10,10,19
1,shuming_1007_00000230#18,1,1,10,10,13
1,shuming_1007_00000230#20,1,1,10,10,20
1,shuming_1007_00000230#21,1,1,10,10,69
1,shuming_1007_00000230#22,1,1,10,10,27
1,shuming_1007_00000230#23,1,1,10,10,22
1,shuming_1013_00000065#0,1,1,10,10,87
1,shuming_1013_00000065#1,1,1,10,10,41
1,shuming_1013_00000065#3,1,1,10,10,26
1,shuming_1028_00000411#3,1,1,10,10,55
1,shuming_1028_00000411#4,1,1,9,10,10
1,shuming_1028_00000411#5,1,1,10,10,15
1,shuming_1064_00000087#0,1,1,10,10,34
1,shuming_1064_00000087#1,1,1,10,10,55
1,shuming_1064_00000087#2,1,1,10,10,56
1,shuming_1064_00000087#3,1,1,10,10,72
1,shuming_1064_00000087#4,1,1,10,10,69
1,shuming_1064_00000087#6,1,1,10,10,26
1,shuming_1064_00000087#7,1,1,10,10,54
1,shuming_1064_00000087#8,1,1,10,10,86
1,shuming_1076_00000257#1,1,1,10,10,31
1,shuming_1076_00000257#2,1,1,10,10,29
1,shuming_1076_00000257#3,1,1,10,10,20
1,shuming_1076_00000257#4,1,1,10,10,19
1,shuming_1076_00000257#5,1,1,10,10,23
1,shuming_1079_00000233#3,1,1,10,10,18
1,shuming_1079_00000233#4,1,1,10,10,12
1,shuming_1079_00000233#6,1,1,10,10,35
1,shuming_1080_00000016#0,1,1,10,10,72
1,shuming_1080_00000016#4,1,1,10,10,10
1,shuming_1132_00000385#2,1,1,10,10,29
1,shuming_1132_00000385#3,1,1,10,10,32
1,shuming_1132_00000385#4,1,1,10,10,25
1,shuming_1135_00000213#0,1,1,10,10,76
1,shuming_1148_00000041#0,1,1,10,10,74
1,shuming_1157_00000010#0,1,1,10,10,72
1,shuming_1157_00000010#1,1,1,10,10,32
1,shuming_1157_00000010#2,1,1,10,10,18
1,shuming_1180_00000231#3,1,1,10,10,49
1,shuming_24_00000001#0,1,1,10,10,40
1,shuming_24_00000001#1,1,1,10,10,62
1,shuming_340_00000020#1,1,1,10,10,21
1,shuming_340_00000020#19,1,1,10,10,11
1,shuming_340_00000020#22,1,1,7,10,7
1,shuming_340_00000020#23,1,1,10,10,12
1,shuming_340_00000020#26,1,1,8,10,9
1,shuming_340_00000020#30,1,1,9,10,9
1,shuming_340_00000020#31,1,1,10,10,12
1,shuming_340_00000020#38,1,1,9,10,10
1,shuming_35_00000199#0,1,1,10,10,73
1,shuming_35_00000199#3,1,1,10,10,36
1,shuming_35_00000199#4,1,1,10,10,26
1,shuming_35_00000199#5,1,1,3,10,87
1,shuming_35_00000199#6,1,1,10,10,18
1,shuming_35_00000199#8,1,1,10,10,14
1,shuming_35_00000199#9,1,1,8,10,8
1,shuming_35_00000199#11,1,1,10,10,39
1,shuming_410_00000037#0,1,1,6,10,7
1,shuming_410_00000037#9,1,1,10,10,45
1,shuming_461_00000082#0,1,1,10,10,53
1,shuming_461_00000082#2,1,1,10,10,42
1,shuming_461_00000082#3,1,1,10,10,31
1,shuming_461_00000082#4,1,1,10,10,14
1,shuming_461_00000082#5,1,1,10,10,11
1,shuming_465_00000030#0,1,1,10,10,10
1,shuming_465_00000030#2,1,1,10,10,56
1,shuming_465_00000030#3,1,1,10,10,15
1,shuming_470_00000057#3,1,1,10,10,43
1,shuming_470_00000057#4,1,1,10,10,23
1,shuming_482_00000018#3,1,1,10,10,53
1,shuming_482_00000018#4,1,1,10,10,44
1,shuming_482_00000018#5,1,1,10,10,62
1,shuming_485_00000027#3,1,1,10,10,16
1,shuming_485_00000027#4,1,1,10,10,52
1,shuming_503_00000052#0,1,1,10,10,32
1,shuming_503_00000052#1,1,1,10,10,26
1,shuming_562_00000223#2,1,1,10,10,76
1,shuming_571_00000215#0,1,1,10,10,56
1,shuming_571_00000215#1,1,1,10,10,46
1,shuming_574_00000017#0,1,1,10,10,63
1,shuming_608_00000031#1,1,1,10,10,19
1,shuming_608_00000031#2,1,1,10,10,30
1,shuming_608_00000031#3,1,1,10,10,35
1,shuming_608_00000031#4,1,1,10,10,11
1,shuming_610_00000148#0,1,1,10,10,50
1,shuming_63_00000393#3,1,1,10,10,15
1,shuming_63_00000393#4,1,1,10,10,17
1,shuming_63_00000393#5,1,1,9,10,9
1,shuming_63_00000393#6,1,1,10,10,23
1,shuming_63_00000393#7,1,1,10,10,21
1,shuming_63_00000393#8,1,1,10,10,23
1,shuming_63_00000393#9,1,1,10,10,20
1,shuming_663_00000328#2,1,1,10,10,50
1,shuming_663_00000328#3,1,1,10,10,40
1,shuming_67_00000001#1,1,1,10,10,55
1,shuming_67_00000001#2,1,1,10,10,18
1,shuming_698_00000001#0,1,1,10,10,11
1,shuming_698_00000001#1,1,1,7,10,13
1,shuming_698_00000001#2,1,1,10,10,17
1,shuming_698_00000001#3,1,1,10,10,20
1,shuming_698_00000001#4,1,1,10,10,15
1,shuming_698_00000001#5,1,1,10,10,14
1,shuming_698_00000001#7,1,1,10,10,26
1,shuming_698_00000001#8,1,1,10,10,17
1,shuming_698_00000001#9,1,1,10,10,14
1,shuming_698_00000001#10,1,1,10,10,13
1,shuming_698_00000001#11,1,1,10,10,13
1,shuming_698_00000001#12,1,1,10,10,15
1,shuming_698_00000001#13,1,1,10,10,14
1,shuming_698_00000001#14,1,1,10,10,12
1,shuming_698_00000001#15,1,1,10,10,15
1,shuming_698_00000001#16,1,1,10,10,15
1,shuming_698_00000001#17,1,1,10,10,23
1,shuming_698_00000001#18,1,1,10,10,18
1,shuming_698_00000001#19,1,1,10,10,19
1,shuming_698_00000001#20,1,1,10,10,22
1,shuming_698_00000001#21,1,1,10,10,24
1,shuming_698_00000001#22,1,1,10,10,18
1,shuming_698_00000001#23,1,1,10,10,35
1,shuming_698_00000001#25,1,1,10,10,64
1,shuming_706_00000375#0,1,1,10,10,41
1,shuming_706_00000375#2,1,1,10,10,32
1,shuming_706_00000375#3,1,1,10,10,17
1,shuming_706_00000375#4,1,1,10,10,52
1,shuming_72_00000270#19,1,1,10,10,54
1,shuming_72_00000270#20,1,1,10,10,22
1,shuming_72_00000270#22,1,1,10,10,48
1,shuming_72_00000270#24,1,1,10,10,20
1,shuming_731_00000492#0,1,1,10,10,32
1,shuming_731_00000492#1,1,1,10,10,26
1,shuming_731_00000492#3,1,1,10,10,60
1,shuming_731_00000492#5,1,1,10,10,69
1,shuming_753_00000172#0,1,1,10,10,12
1,shuming_758_00000371#0,1,1,10,10,52
1,shuming_763_00000009#2,1,1,10,10,15
1,shuming_774_00000273#3,1,1,10,10,63
1,shuming_774_00000273#5,1,1,10,10,31
1,shuming_779_00000254#1,1,1,10,10,63
1,shuming_779_00000254#5,1,1,10,10,80
1,shuming_783_00000248#0,1,1,10,10,81
1,shuming_783_00000248#2,1,1,10,10,66
1,shuming_793_00000117#2,1,1,10,10,31
1,shuming_825_00000172#1,1,1,10,10,13
1,shuming_825_00000172#2,1,1,6,10,7
1,shuming_825_00000172#3,1,1,10,10,16
1,shuming_826_00000213#1,1,1,10,10,14
1,shuming_826_00000213#2,1,1,10,10,18
1,shuming_826_00000213#3,1,1,9,10,9
1,shuming_85_00000273#4,1,1,10,10,11
1,shuming_987_00000275#1,1,1,10,10,41
1,shuming_987_00000275#2,1,1,10,10,23
1,shuming_987_00000275#3,1,1,10,10,19
1,shuming_987_00000275#4,1,1,10,10,21
1,shuming_987_00000275#5,1,1,10,10,10
2,00000045#1,1,1,10,10,242
2,00000045#2,1,1,10,10,88
2,00000045#3,1,1,10,10,105
2,00000045#6,1,1,10,10,286
2,00000045#7,1,1,10,10,279
2,00000057#1,1,1,10,10,225
2,00000057#2,1,1,10,10,88
2,00000057#3,1,1,10,10,111
2,00000057#5,1,1,10,10,133
2,00000063#1,1,1,10,10,279
2,00000063#2,1,1,10,10,90
2,00000063#3,1,1,10,10,107
2,00000063#5,1,1,10,10,208
2,00000095#1,1,1,10,10,279
2,00000095#2,1,1,10,10,114
2,00000095#3,1,1,10,10,105
2,00000106#1,1,1,10,10,245
2,00000106#2,1,1,10,10,135
2,00000106#3,1,1,10,10,122
2,00000106#5,1,1,10,10,157
2,00000123#1,1,1,10,10,196
2,00000123#2,1,1,10,10,87
2,00000123#3,1,1,10,10,190
2,00000123#5,1,1,10,10,108
2,00000171#0,1,1,10,10,120
2,00000180#0,1,1,10,10,136
2,00000234#1,1,1,10,10,108
2,00000257#0,1,1,10,10,93
2,00000271#0,1,1,10,10,118
2,00000271#1,1,1,10,10,132
2,00000273#0,1,1,10,10,84
2,00000273#1,1,1,10,10,99
2,000002_080_00000048#0,1,1,10,10,69
2,000002_083_00000169#0,1,1,10,10,14
2,000002_083_00000169#1,1,1,10,10,26
2,000002_083_00000169#2,1,1,10,10,36
2,00000346#0,1,1,10,10,381
2,00000364#0,1,1,10,10,210
2,00000396#0,1,1,10,10,111
2,00000399#0,1,1,10,10,82
2,000003_081_00000171#10,1,1,10,10,76
2,000003_081_00000171#11,1,1,10,10,82
2,00000426#0,1,1,10,10,653
2,00000506#0,1,1,10,10,117
2,000005_004_00000286#4,1,1,10,10,62
2,000005_006_00000001#1,1,1,10,10,68
2,000005_006_00000001#2,1,1,10,10,25
2,000005_019_00000209#0,1,1,10,10,43
2,000005_019_00000209#1,1,1,10,10,31
2,000005_019_00000209#2,1,1,10,10,59
2,000005_027_00000493#1,1,1,10,10,34
2,000005_027_00000493#2,1,1,10,10,38
2,000005_027_00000493#3,1,1,10,10,49
2,000005_027_00000493#4,1,1,10,10,21
2,000005_027_00000493#5,1,1,10,10,25
2,000005_027_00000493#6,1,1,10,10,20
2,000005_027_00000493#7,1,1,10,10,26
2,000005_027_00000493#8,1,1,10,10,74
2,000005_028_00000001#2,1,1,10,10,77
2,000005_028_00000163#2,1,1,10,10,31
2,00000618#2,1,1,10,10,101
2,000006_010_00000389#4,1,1,10,10,58
2,000006_011_00000307#3,1,1,10,10,25
2,000006_011_00000409#8,1,1,10,10,40
2,000006_011_00000409#10,1,1,10,10,54
2,000006_012_00000001#3,1,1,10,10,38
2,000006_012_00000001#6,1,1,10,10,63
2,000006_012_00000001#11,1,1,10,10,69
2,000006_012_00000001#12,1,1,10,10,33
2,000008_003_00000235#1,1,1,10,10,76
2,000008_003_00000235#2,1,1,10,10,59
2,000008_003_00000235#3,1,1,10,10,81
2,000008_003_00000235#4,1,1,10,10,66
2,000008_003_00000235#5,1,1,10,10,68
2,000008_003_00000235#10,1,1,10,10,68
2,000008_003_00000235#11,1,1,10,10,16
2,000008_003_00000352#1,1,1,10,10,66
2,000008_003_00000352#3,1,1,10,10,80
2,000008_003_00000352#5,1,1,10,10,74
2,000008_003_00000352#7,1,1,10,10,75
2,000008_003_00000352#8,1,1,10,10,75
2,000008_003_00000352#9,1,1,10,10,76
2,000008_003_00000352#10,1,1,10,10,64
2,000008_003_00000352#12,1,1,10,10,74
2,000008_003_00000352#13,1,1,10,10,16
2,000008_003_00000469#0,1,1,10,10,85
2,000008_003_00000469#1,1,1,10,10,70
2,000008_003_00000469#2,1,1,10,10,67
2,000008_003_00000469#3,1,1,10,10,78
2,000008_003_00000469#4,1,1,10,10,85
2,000008_003_00000469#6,1,1,10,10,89
2,000008_003_00000469#9,1,1,10,10,31
2,000008_003_00000469#10,1,1,10,10,18
2,000008_004_00000665#2,1,1,10,10,34
2,000008_004_00000665#4,1,1,10,10,39
2,000008_004_00000665#11,1,1,10,10,52
2,000008_004_00000665#12,1,1,10,10,63
2,000008_004_00000665#13,1,1,10,10,37
2,000008_013_00000195#1,1,1,10,10,66
2,000008_013_00000195#2,1,1,10,10,60
2,000008_042_00000273#1,1,1,10,10,40
2,000008_045_00000001#0,1,1,10,10,48
2,000008_045_00000001#2,1,1,10,10,70
2,000008_045_00000001#3,1,1,10,10,14
2,000008_045_00000157#0,1,1,10,10,80
2,000008_045_00000157#4,1,1,10,10,17
2,000008_048_00000361#3,1,1,10,10,42
2,000008_048_00000361#4,1,1,9,10,36
2,000008_048_00000361#5,1,1,10,10,29
2,000009_008_00000241#3,1,1,10,10,78
2,000009_008_00000241#5,1,1,10,10,69
2,000009_008_00000241#6,1,1,10,10,29
2,000009_008_00000241#7,1,1,10,10,76
2,000009_008_00000241#9,1,1,10,10,84
2,000009_033_00000333#1,1,1,10,10,16
2,000009_033_00000333#2,1,1,10,10,38
2,000009_033_00000333#3,1,1,10,10,38
2,000009_033_00000333#4,1,1,10,10,36
2,000009_033_00000333#6,1,1,10,10,51
2,000012_008_00000163#3,1,1,10,10,67
2,000012_008_00000163#4,1,1,10,10,55
2,000012_008_00000163#5,1,1,10,10,48
2,000012_008_00000163#6,1,1,10,10,60
2,000012_008_00000163#8,1,1,10,10,74
2,000012_008_00000163#10,1,1,10,10,17
2,000012_008_00000163#11,1,1,10,10,26
2,000012_008_00000163#12,1,1,10,10,27
2,000012_008_00000163#13,1,1,10,10,15
2,000012_008_00000163#14,1,1,10,10,11
2,000012_009_00000244#1,1,1,10,10,71
2,000012_009_00000244#3,1,1,10,10,68
2,000012_009_00000244#4,1,1,10,10,40
2,000012_009_00000244#5,1,1,10,10,45
2,000012_009_00000244#6,1,1,10,10,21
2,000012_009_00000244#7,1,1,10,10,13
2,000012_009_00000244#8,1,1,10,10,12
2,000012_009_00000244#9,1,1,10,10,14
2,000012_009_00000244#10,1,1,10,10,34
2,000012_009_00000244#11,1,1,10,10,18
2,000012_009_00000244#12,1,1,10,10,18
2,000012_009_00000244#13,1,1,10,10,19
2,000012_009_00000244#14,1,1,8,10,8
2,000012_009_00000325#3,1,1,10,10,82
2,000012_009_00000325#4,1,1,10,10,36
2,000012_009_00000325#5,1,1,10,10,43
2,000012_009_00000325#6,1,1,10,10,28
2,000012_009_00000325#7,1,1,10,10,17
2,000012_009_00000325#8,1,1,10,10,16
2,000012_009_00000325#9,1,1,8,10,8
2,000012_009_00000325#11,1,1,10,10,28
2,000012_009_00000325#12,1,1,10,10,15
2,000012_009_00000325#14,1,1,10,10,22
2,000012_009_00000325#15,1,1,8,10,19
2,000012_009_00000325#16,1,1,10,10,35
2,000012_014_00000184#0,1,1,10,10,33
2,000012_014_00000184#1,1,1,10,10,55
2,000012_014_00000184#3,1,1,10,10,26
2,000012_019_00000151#1,1,1,10,10,59
2,000012_019_00000151#2,1,1,10,10,14
2,000012_019_00000151#4,1,1,10,10,21
2,000012_019_00000151#5,1,1,10,10,14
2,000012_022_00000090#0,1,1,10,10,64
2,000012_022_00000090#1,1,1,10,10,23
2,000012_025_00000313#1,1,1,10,10,11
2,000012_025_00000313#2,1,1,10,10,11
2,000012_025_00000313#3,1,1,10,10,13
2,000012_025_00000313#4,1,1,7,10,7
2,000012_025_00000313#5,1,1,10,10,13
2,000012_025_00000313#6,1,1,8,10,8
2,000012_028_00000250#0,1,1,10,10,64
2,000012_028_00000250#1,1,1,10,10,56
2,000013_001_00000001#1,1,1,10,10,33
2,000013_001_00000001#2,1,1,10,10,34
2,000013_001_00000001#3,1,1,10,10,31
2,000013_002_00000281#1,1,1,10,10,31
2,000013_002_00000281#2,1,1,10,10,36
2,000013_002_00000281#3,1,1,10,10,20
2,000013_023_00000075#1,1,1,10,10,56
2,000013_023_00000075#2,1,1,10,10,68
2,000013_025_00000285#0,1,1,10,10,15
2,000013_025_00000285#1,1,1,10,10,56
2,000013_025_00000285#2,1,1,10,10,20
2,000013_030_00000063#0,1,1,10,10,21
2,000013_030_00000063#1,1,1,10,10,68
2,000013_039_00000063#0,1,1,10,10,41
2,000013_039_00000063#1,1,1,10,10,32
2,000013_039_00000063#3,1,1,10,10,26
2,000013_039_00000063#5,1,1,8,10,8
2,000013_040_suppl_00000167#0,1,1,10,10,79
2,000013_040_suppl_00000333#1,1,1,10,10,50
2,000013_040_suppl_00000333#3,1,1,10,10,80
2,000013_040_suppl_00000333#4,1,1,8,10,8
2,000013_044_00000001#0,1,1,10,10,24
2,000013_044_00000001#1,1,1,3,10,31
2,000013_044_00000001#2,1,1,9,10,72
2,000013_044_00000001#4,1,1,8,10,38
2,000013_044_00000001#5,1,1,1,10,72
2,000013_044_00000001#7,1,1,10,10,62
2,000013_048_00000001#0,1,1,10,10,46
2,000013_048_00000001#1,1,1,6,10,60
2,000013_048_00000001#3,0,1,0,10,49
2,000013_048_00000001#4,1,1,4,10,69
2,000013_056_00000281#2,1,1,10,10,49
2,000013_056_00000281#3,1,1,10,10,16
2,000013_056_00000281#4,1,1,10,10,21
2,000013_056_00000281#6,1,1,10,10,11
2,000013_056_00000281#7,1,1,10,10,12
2,000013_056_00000281#8,1,1,10,10,64
2,000013_056_00000281#9,1,1,10,10,43
2,000013_056_00000281#10,1,1,10,10,32
2,000014_012_00000217#1,1,1,10,10,41
2,000014_012_00000217#2,1,1,10,10,48
2,000014_050_00000273#3,1,1,10,10,47
2,000014_050_00000273#4,1,1,10,10,57
2,000014_050_00000273#5,1,1,10,10,26
2,000014_051_suppl_00000341#2,1,1,10,10,15
2,000014_052_00000131#2,1,1,10,10,22
2,000014_052_00000131#3,1,1,10,10,13
2,000015_004_00000268#0,1,1,10,10,27
2,000015_004_suppl_00000223#2,1,1,10,10,36
2,000016_043_suppl_00000292#1,1,1,10,10,21
2,000016_043_suppl_00000292#2,1,1,10,10,56
2,000016_043_suppl_00000292#4,1,1,10,10,30
2,000016_043_suppl_00000292#5,1,1,10,10,25
2,000016_043_suppl_00000292#6,1,1,10,10,45
2,000016_043_suppl_00000292#8,1,1,10,10,26
2,000016_043_suppl_00000292#9,1,1,10,10,32
2,000016_043_suppl_00000292#10,1,1,10,10,19
2,000016_043_suppl_00000292#11,1,1,10,10,27
2,000016_043_suppl_00000292#12,1,1,10,10,32
2,000016_043_suppl_00000292#14,1,1,10,10,70
2,000016_043_suppl_00000292#17,1,1,10,10,47
2,000016_043_suppl_00000292#20,1,1,10,10,23
2,000016_044_00000085#0,1,1,10,10,83
2,000016_044_00000085#1,1,1,10,10,62
2,000016_044_00000085#3,1,1,10,10,17
2,000016_044_00000085#4,1,1,10,10,65
2,000016_044_00000085#7,1,1,10,10,67
2,000016_044_00000085#10,1,1,10,10,78
2,000016_044_00000169#1,1,1,10,10,37
2,000016_044_00000169#2,1,1,10,10,36
2,000016_044_00000169#3,1,1,10,10,16
2,000016_044_00000169#5,1,1,10,10,15
2,000016_044_00000169#6,1,1,10,10,59
2,000016_044_00000169#8,1,1,10,10,88
2,000016_044_00000169#16,1,1,10,10,73
2,000016_044_00000169#17,1,1,10,10,65
2,000017_011_00000297#3,1,1,10,10,12
2,000017_011_00000297#5,1,1,10,10,68
2,000017_011_00000297#9,1,1,10,10,26
2,000017_011_00000297#10,1,1,10,10,86
2,000017_011_00000297#11,1,1,10,10,59
2,000017_011_00000297#13,1,1,10,10,43
2,000017_012_00000135#2,1,1,10,10,36
2,000017_020_00000214#0,1,1,10,10,21
2,000017_020_00000214#2,1,1,10,10,27
2,000017_020_suppl_00000356#0,1,1,10,10,20
2,000017_020_suppl_00000356#2,1,1,10,10,20
2,000018_006_00000063#0,1,1,10,10,66
2,000019_030_00000072#1,1,1,10,10,23
2,000019_030_00000072#2,1,1,10,10,72
2,000019_030_00000072#3,1,1,10,10,54
2,000019_030_00000072#4,1,1,10,10,21
2,000019_030_00000072#5,1,1,10,10,10
2,000019_038_00000205#2,1,1,10,10,20
2,000019_038_00000205#3,1,1,10,10,25
2,000019_038_00000205#4,1,1,10,10,21
2,000019_038_00000205#5,1,1,10,10,36
2,000019_038_00000205#6,1,1,10,10,84
2,000019_038_00000205#7,1,1,10,10,70
2,000019_038_00000205#8,1,1,10,10,82
2,000019_041_00000141#2,1,1,10,10,24
2,000019_045_00000145#4,1,1,10,10,46
2,000019_045_00000145#5,1,1,10,10,42
2,000019_045_00000145#7,1,1,8,10,67
2,000020_010_00000089#1,1,1,10,10,60
2,000020_010_00000089#5,1,1,9,10,9
2,000020_010_00000089#6,1,1,10,10,20
2,000020_010_00000089#7,1,1,4,10,8
2,000020_014_00000193#2,1,1,10,10,63
2,000020_014_00000193#3,1,1,10,10,76
2,000020_014_00000193#5,1,1,10,10,54
2,000020_014_00000193#6,1,1,10,10,77
2,000020_018_00000093#0,1,1,10,10,16
2,000020_018_00000093#1,1,1,10,10,24
2,000020_018_00000093#2,1,1,10,10,81
2,000020_018_00000093#3,1,1,10,10,42
2,000021_020_00000131#2,1,1,10,10,76
2,000023_005_00000070#1,1,1,10,10,32
2,000023_005_00000070#2,1,1,10,10,87
2,000023_005_00000070#3,1,1,10,10,63
2,000023_005_00000070#4,1,1,10,10,63
2,000023_005_00000070#5,1,1,10,10,18
2,000023_005_00000070#6,1,1,10,10,23
2,000031#0,1,1,10,10,53
2,000031#1,1,1,10,10,15
2,000031#2,1,1,8,10,8
2,000031#3,1,1,10,10,15
2,000031#6,1,1,10,10,24
2,000031#8,1,1,10,10,53
2,000031#10,1,1,10,10,16
2,000031#11,1,1,10,10,21
2,000066#0,1,1,10,10,31
2,000066#1,1,1,10,10,15
2,000066#2,1,1,9,10,61
2,000066#3,1,1,10,10,39
2,000070#0,1,1,10,10,28
2,000070#1,1,1,10,10,18
2,000070#2,1,1,9,10,52
2,000070#3,1,1,10,10,67
2,000173#1,1,1,10,10,27
2,000303#2,1,1,10,10,67
2,000303#6,1,1,10,10,30
2,000303#7,1,1,10,10,16
2,000328#1,1,1,10,10,58
2,000328#3,1,1,10,10,65
2,000415#1,1,1,10,10,14
2,000415#2,1,1,9,10,9
2,000415#4,1,1,10,10,22
2,000415#5,1,1,10,10,24
2,000415#6,1,1,10,10,12
2,000415#8,1,1,10,10,10
2,000415#10,1,1,10,10,13
2,000415#11,1,1,10,10,12
2,000415#13,1,1,10,10,21
2,000415#14,1,1,10,10,13
2,000415#15,1,1,10,10,17
2,000415#16,1,1,8,10,8
2,000415#17,1,1,8,10,10
2,000415#19,1,1,10,10,37
2,000433#7,1,1,10,10,57
2,000437#0,1,1,10,10,67
2,000437#1,1,1,10,10,75
2,000437#2,1,1,10,10,26
2,000437#5,1,1,10,10,48
2,000484#2,1,1,10,10,37
2,000484#3,1,1,10,10,55
2,000500#0,1,1,10,10,14
2,000500#1,1,1,9,10,9
2,000500#2,1,1,10,10,15
2,000525#0,1,1,10,10,14
2,000525#1,1,1,10,10,30
2,000525#2,1,1,10,10,35
2,000561#0,1,1,10,10,70
2,000561#3,1,1,10,10,63
2,000561#4,1,1,10,10,38
2,000597#2,1,1,10,10,62
2,000597#3,1,1,8,10,29
2,000630#0,1,1,10,10,14
2,000680#5,1,1,10,10,69
2,000707#1,1,1,10,10,13
2,000707#2,1,1,10,10,18
2,000707#3,1,1,9,10,9
2,000707#4,1,1,10,10,25
2,000707#5,1,1,10,10,20
2,000735#1,1,1,10,10,11
2,000738#0,1,1,10,10,26
2,000738#2,1,1,9,10,9
2,000738#3,1,1,10,10,36
2,000756#4,1,1,10,10,34
2,000759#2,1,1,10,10,34
2,000780#0,1,1,10,10,22
2,000780#3,1,1,10,10,90
2,000783#0,1,1,10,10,45
2,000783#1,1,1,10,10,42
2,000783#3,1,1,10,10,38
2,000783#4,1,1,10,10,26
2,000808#1,1,1,10,10,21
2,000820#2,1,1,10,10,58
2,000820#3,1,1,10,10,45
2,000820#4,1,1,10,10,25
2,000820#5,1,1,10,10,27
2,000820#7,1,1,8,10,8
2,000889#5,1,1,10,10,84
2,000889#6,1,1,10,10,40
2,000889#7,1,1,10,10,14
2,000889#8,1,1,10,10,15
2,000889#9,1,1,10,10,22
2,000889#13,1,1,10,10,24
2,000889#14,1,1,10,10,69
2,000943#0,1,1,10,10,16
2,000943#1,1,1,10,10,14
2,000943#2,1,1,10,10,64
2,000943#3,1,1,7,10,7
2,000943#4,1,1,7,10,7
2,000943#6,1,1,7,10,18
2,000943#7,1,1,10,10,23
2,000952#0,1,1,10,10,22
2,001033#1,1,1,10,10,15
2,001033#2,1,1,10,10,31
2,001033#3,1,1,10,10,41
2,001033#9,1,1,8,10,25
2,001033#10,1,1,9,10,21
2,001035#0,1,1,10,10,19
2,001035#1,1,1,10,10,53
2,001035#2,1,1,10,10,76
2,001035#7,1,1,10,10,40
2,001035#9,1,1,10,10,22
2,001035#10,1,1,10,10,63
2,001114#5,1,1,10,10,47
2,001114#6,1,1,10,10,40
2,001114#7,1,1,10,10,12
2,001114#8,1,1,10,10,26
2,001114#10,1,1,10,10,17
2,001123#0,1,1,10,10,31
2,001123#1,1,1,10,10,76
2,001123#2,1,1,10,10,77
2,001123#4,1,1,10,10,64
2,001123#5,1,1,10,10,42
2,001123#6,1,1,10,10,79
2,001123#7,1,1,10,10,86
2,001123#8,1,1,8,10,36
2,001123#9,1,1,10,10,56
2,001123#10,1,1,10,10,62
2,001123#11,1,1,10,10,66
2,001123#12,1,1,10,10,79
2,001123#13,1,1,10,10,31
2,001123#18,1,1,9,10,9
2,001123#19,1,1,8,10,10
2,001123#20,1,1,10,10,49
2,001123#21,1,1,10,10,32
2,001123#22,1,1,10,10,33
2,001135#4,1,1,10,10,64
2,001135#6,1,1,10,10,72
2,001135#7,1,1,5,10,14
2,001157#4,1,1,10,10,14
2,001157#5,1,1,10,10,30
2,001157#8,1,1,10,10,77
2,001157#9,1,1,10,10,68
2,001202#3,1,1,10,10,72
2,001202#4,1,1,10,10,78
2,001202#8,1,1,10,10,23
2,001202#10,1,1,10,10,56
2,001202#11,1,1,10,10,57
2,001202#12,1,1,10,10,42
2,001257#0,1,1,10,10,46
2,001257#3,1,1,10,10,69
2,001257#6,1,1,10,10,27
2,001257#9,1,1,10,10,27
2,001257#10,1,1,10,10,46
2,001257#11,1,1,10,10,31
2,001276#3,1,1,10,10,58
2,001276#7,1,1,10,10,30
2,001276#9,1,1,10,10,54
2,001276#10,1,1,10,10,27
2,001276#11,1,1,10,10,31
2,001276#12,1,1,10,10,25
2,001276#13,1,1,10,10,35
2,001276#14,1,1,10,10,50
2,001276#15,1,1,10,10,25
2,001295#0,1,1,10,10,30
2,001295#1,1,1,10,10,52
2,001295#3,1,1,10,10,10
2,001295#10,1,1,10,10,55
2,001295#11,1,1,10,10,24
2,001295#12,1,1,10,10,17
2,001295#13,1,1,9,10,28
2,001295#14,1,1,10,10,36
2,001295#15,1,1,10,10,24
2,001295#17,1,1,10,10,19
2,001295#18,1,1,10,10,15
2,001295#19,1,1,10,10,17
2,001295#20,1,1,10,10,16
2,001295#21,1,1,10,10,22
2,001295#22,1,1,10,10,26
2,001295#24,1,1,10,10,26
2,001295#26,1,1,9,10,9
2,001409#0,1,1,10,10,39
2,001409#1,1,1,10,10,43
2,001415#0,1,1,10,10,42
2,001415#1,1,1,10,10,44
2,001415#2,1,1,10,10,41
2,001415#3,1,1,10,10,53
2,001443#3,1,1,10,10,53
2,001443#4,1,1,10,10,73
2,001443#6,1,1,4,10,66
2,001443#7,1,1,10,10,67
2,001443#9,1,1,10,10,27
2,001443#10,1,1,10,10,46
2,001461#2,1,1,10,10,28
2,001461#3,1,1,10,10,42
2,001461#4,1,1,10,10,64
2,001461#5,1,1,10,10,36
2,001531#1,1,1,10,10,16
2,001531#2,1,1,10,10,11
2,001531#6,1,1,10,10,28
2,001531#8,1,1,10,10,11
2,001531#10,1,1,10,10,43
2,001558#4,1,1,10,10,31
2,001683#1,1,1,10,10,83
2,001683#6,1,1,10,10,36
2,001683#7,1,1,10,10,46
2,001683#8,1,1,10,10,50
2,001694#1,1,1,10,10,28
2,001694#2,1,1,10,10,64
2,001694#7,1,1,10,10,62
2,001694#8,1,1,10,10,36
2,001694#9,1,1,10,10,50
2,001694#10,1,1,10,10,27
2,001694#11,1,1,10,10,28
2,001694#12,1,1,10,10,22
2,001694#13,1,1,10,10,27
2,001694#14,1,1,10,10,31
2,001707#1,1,1,10,10,22
2,001707#2,1,1,10,10,68
2,001707#7,1,1,10,10,62
2,001707#8,1,1,10,10,36
2,001707#9,1,1,10,10,31
2,001707#10,1,1,10,10,34
2,001707#11,1,1,10,10,57
2,001707#12,1,1,10,10,19
2,001712#1,1,1,10,10,72
2,001712#6,1,1,10,10,58
2,001712#7,1,1,10,10,16
2,001712#8,1,1,10,10,36
2,001712#9,1,1,10,10,55
2,001712#10,1,1,10,10,25
2,001712#11,1,1,10,10,23
2,001712#12,1,1,10,10,27
2,001724#1,1,1,10,10,11
2,001724#3,1,1,10,10,56
2,001724#7,1,1,10,10,84
2,001724#8,1,1,10,10,34
2,001724#9,1,1,10,10,30
2,001724#10,1,1,10,10,27
2,001724#11,1,1,10,10,34
2,001724#12,1,1,10,10,38
2,001737#3,1,1,10,10,54
2,001737#7,1,1,10,10,76
2,001737#8,1,1,8,10,8
2,001737#9,1,1,10,10,15
2,001737#10,1,1,10,10,36
2,001737#11,1,1,10,10,30
2,001737#12,1,1,10,10,38
2,001737#13,1,1,10,10,30
2,001742#0,1,1,10,10,41
2,001763#0,1,1,10,10,25
2,001785#0,1,1,10,10,50
2,001785#1,1,1,10,10,51
2,001785#2,1,1,10,10,80
2,001851#0,1,1,10,10,48
2,001851#8,1,1,10,10,25
2,001851#9,1,1,10,10,27
2,001851#10,1,1,10,10,31
2,001851#11,1,1,10,10,25
2,001851#12,1,1,10,10,27
2,001851#13,1,1,10,10,50
2,001851#14,1,1,10,10,27
2,001862#0,1,1,10,10,48
2,001862#8,1,1,10,10,21
2,001862#9,1,1,10,10,27
2,001862#10,1,1,10,10,54
2,001862#11,1,1,10,10,21
2,001862#12,1,1,10,10,20
2,001862#13,1,1,10,10,32
2,001862#14,1,1,10,10,29
2,001862#15,1,1,10,10,37
2,001873#0,1,1,10,10,48
2,001873#4,1,1,10,10,73
2,001873#8,1,1,10,10,26
2,001873#9,1,1,10,10,50
2,001873#10,1,1,10,10,14
2,001873#11,1,1,10,10,27
2,001873#12,1,1,10,10,26
2,001873#13,1,1,10,10,27
2,001881#0,1,1,10,10,48
2,001881#4,1,1,10,10,73
2,001881#8,1,1,10,10,25
2,001881#9,1,1,10,10,54
2,001881#10,1,1,10,10,22
2,001884#0,1,1,10,10,52
2,001884#4,1,1,10,10,73
2,001884#8,1,1,10,10,21
2,001884#9,1,1,10,10,57
2,001884#10,1,1,10,10,25
2,001884#11,1,1,10,10,23
2,001884#12,1,1,10,10,20
2,001884#13,1,1,10,10,17
2,001884#14,1,1,10,10,27
2,001898#0,1,1,10,10,52
2,001898#4,1,1,10,10,74
2,001898#7,1,1,10,10,22
2,001898#8,1,1,10,10,20
2,001898#9,1,1,10,10,21
2,001898#10,1,1,10,10,24
2,001898#11,1,1,10,10,36
2,001898#12,1,1,10,10,55
2,001898#13,1,1,10,10,27
2,001898#14,1,1,10,10,24
2,001970#1,1,1,10,10,73
2,001970#3,1,1,10,10,36
2,001970#7,1,1,10,10,65
2,001970#8,1,1,10,10,26
2,001970#9,1,1,10,10,41
2,001970#10,1,1,10,10,27
2,002048#2,1,1,10,10,68
2,002048#3,1,1,10,10,53
2,002048#4,1,1,10,10,76
2,002048#7,1,1,10,10,37
2,002048#8,1,1,10,10,19
2,002048#9,1,1,10,10,40
2,002048#10,1,1,10,10,41
2,002097#3,1,1,10,10,67
2,002097#4,1,1,10,10,75
2,002097#7,1,1,10,10,22
2,002097#8,1,1,10,10,29
2,002097#9,1,1,10,10,32
2,002097#10,1,1,10,10,32
2,002102#0,1,1,10,10,63
2,002102#1,1,1,10,10,67
2,002102#2,1,1,10,10,64
2,002102#3,1,1,10,10,55
2,002102#4,1,1,10,10,59
2,002102#5,1,1,10,10,40
2,002102#6,1,1,10,10,56
2,002102#7,1,1,10,10,56
2,002102#8,1,1,10,10,50
2,002156#0,1,1,10,10,40
2,002156#1,1,1,10,10,28
2,002156#2,1,1,10,10,38
2,002156#3,1,1,6,10,59
2,002156#4,1,1,10,10,81
2,002156#7,1,1,10,10,46
2,002156#8,1,1,10,10,34
2,002156#9,1,1,10,10,53
2,002207#0,1,1,9,10,11
2,002207#1,1,1,10,10,49
2,002235#3,1,1,10,10,36
2,002235#5,1,1,10,10,55
2,002235#6,1,1,6,10,17
2,002235#7,1,1,10,10,27
2,002235#10,1,1,10,10,10
2,002265#3,1,1,10,10,15
2,002265#4,1,1,10,10,13
2,002276#0,1,1,10,10,41
2,002276#1,1,1,10,10,18
2,002276#2,1,1,10,10,32
2,002276#3,1,1,10,10,53
2,002276#6,1,1,10,10,46
2,002331#2,1,1,10,10,49
2,002331#3,1,1,10,10,37
2,002331#4,1,1,10,10,75
2,002331#16,1,1,10,10,14
2,002331#18,1,1,10,10,21
2,002334#1,1,1,10,10,11
2,002334#8,1,1,10,10,56
2,002334#9,1,1,10,10,18
2,002338#0,1,1,10,10,62
2,002338#1,1,1,10,10,70
2,002338#4,1,1,10,10,73
2,002338#5,1,1,10,10,44
2,002357#0,1,1,10,10,23
2,002357#1,1,1,10,10,35
2,002357#2,1,1,10,10,72
2,002357#3,1,1,10,10,43
2,002359#0,1,1,10,10,29
2,002359#1,1,1,10,10,43
2,002359#2,1,1,10,10,45
2,002359#3,1,1,10,10,27
2,002378#0,1,1,10,10,34
2,002378#1,1,1,10,10,11
2,002378#3,1,1,10,10,66
2,002378#5,1,1,10,10,73
2,002378#6,1,1,10,10,19
2,002380#2,1,1,10,10,77
2,002380#3,1,1,10,10,55
2,002380#4,1,1,10,10,19
2,002380#5,1,1,8,10,8
2,002380#6,1,1,10,10,45
2,002380#7,1,1,10,10,14
2,002380#8,1,1,10,10,15
2,002380#9,1,1,10,10,25
2,002413#0,1,1,10,10,23
2,002517#1,1,1,10,10,48
2,002517#2,1,1,10,10,16
2,002517#4,1,1,10,10,23
2,002517#5,1,1,10,10,76
2,002584#4,1,1,10,10,11
2,002584#6,1,1,10,10,11
2,002625#6,1,1,10,10,17
2,002625#8,1,1,10,10,26
2,002625#10,1,1,10,10,27
2,002625#13,1,1,10,10,22
2,002625#14,1,1,10,10,73
2,002625#18,1,1,10,10,29
2,002625#19,1,1,9,10,13
2,002625#20,1,1,10,10,70
2,002625#21,1,1,10,10,82
2,002625#22,1,1,10,10,36
2,002625#23,1,1,10,10,34
2,002625#24,1,1,10,10,65
2,002625#25,1,1,10,10,11
2,002625#26,1,1,10,10,48
2,002625#27,1,1,5,10,25
2,002625#28,1,1,10,10,37
2,002625#29,1,1,10,10,63
2,002625#30,1,1,10,10,23
2,002625#31,1,1,10,10,34
2,002625#32,1,1,10,10,45
2,002625#33,1,1,10,10,12
2,002627#5,1,1,10,10,20
2,002627#7,1,1,10,10,17
2,002627#11,1,1,10,10,74
2,002627#12,1,1,10,10,32
2,002627#15,1,1,10,10,69
2,002627#17,1,1,10,10,73
2,002627#18,1,1,10,10,74
2,002627#19,1,1,10,10,18
2,002627#22,1,1,10,10,87
2,002627#23,1,1,10,10,71
2,002627#26,1,1,10,10,80
2,002627#27,1,1,10,10,81
2,002627#28,1,1,10,10,48
2,002627#30,1,1,10,10,39
2,002627#31,1,1,10,10,50
2,002627#32,1,1,10,10,55
2,002671#7,1,1,10,10,51
2,002671#9,1,1,10,10,25
2,002671#11,1,1,10,10,39
2,002671#12,1,1,10,10,63
2,002671#13,1,1,10,10,45
2,002671#14,1,1,10,10,30
2,002671#15,1,1,10,10,30
2,002671#16,1,1,10,10,18
2,002671#17,1,1,10,10,45
2,002671#18,1,1,10,10,18
2,002671#19,1,1,10,10,57
2,002671#20,1,1,10,10,46
2,002671#21,1,1,10,10,23
2,002671#22,1,1,10,10,23
2,002671#23,1,1,10,10,46
2,002671#24,1,1,10,10,59
2,002677#0,1,1,10,10,63
2,002677#1,1,1,10,10,40
2,002677#16,1,1,10,10,14
2,002677#17,1,1,10,10,24
2,002677#18,1,1,10,10,76
2,002707#11,1,1,10,10,22
2,002707#12,1,1,10,10,25
2,002707#13,1,1,10,10,62
2,002750#1,1,1,10,10,15
2,002750#4,1,1,10,10,42
2,002750#12,1,1,10,10,13
2,002750#13,1,1,9,10,12
2,002750#14,1,1,10,10,10
2,002750#16,1,1,8,10,8
2,002750#18,1,1,10,10,14
2,002750#19,1,1,10,10,22
2,002750#20,1,1,10,10,28
2,002750#21,1,1,10,10,28
2,002750#22,1,1,10,10,53
2,002750#23,1,1,10,10,25
2,002750#25,1,1,10,10,51
2,002762#1,1,1,10,10,17
2,002839#1,1,1,10,10,21
2,002839#2,1,1,10,10,25
2,002839#3,1,1,10,10,48
2,002839#4,1,1,10,10,31
2,002842#3,1,1,10,10,25
2,002842#4,1,1,10,10,21
2,002844#1,1,1,10,10,42
2,002844#2,1,1,10,10,21
2,002844#3,1,1,10,10,38
2,002935#0,1,1,8,10,17
2,002935#1,1,1,7,10,13
2,002955#0,1,1,10,10,72
2,002955#1,1,1,10,10,47
2,002955#4,1,1,10,10,32
2,002955#5,1,1,10,10,21
2,002955#6,1,1,10,10,37
2,002955#7,1,1,10,10,68
2,002955#8,1,1,10,10,61
2,002955#9,1,1,10,10,11
2,002955#10,1,1,10,10,42
2,002955#11,1,1,10,10,42
2,002955#12,1,1,10,10,57
2,002955#13,1,1,10,10,67
2,002955#14,1,1,10,10,73
2,002955#16,1,1,10,10,49
2,002955#17,1,1,10,10,81
2,002955#20,1,1,10,10,15
2,002955#23,1,1,10,10,29
2,002955#24,1,1,7,10,7
2,002987#0,1,1,10,10,16
2,002987#1,1,1,9,10,9
2,002987#2,1,1,10,10,23
2,002987#3,1,1,10,10,14
2,002987#4,1,1,10,10,34
2,002987#6,1,1,10,10,64
2,002987#7,1,1,10,10,73
2,002987#8,1,1,10,10,28
2,002987#9,1,1,10,10,14
2,002987#10,1,1,10,10,15
2,002987#11,1,1,10,10,15
2,002987#12,1,1,8,10,8
2,002987#13,1,1,10,10,34
2,002987#14,1,1,10,10,20
2,002987#15,1,1,10,10,37
2,003007#6,1,1,9,10,9
2,003007#8,1,1,10,10,41
2,003007#9,1,1,10,10,24
2,003013#6,1,1,10,10,20
2,003017#4,1,1,10,10,12
2,003026#4,1,1,10,10,17
2,003056#1,1,1,10,10,24
2,003056#2,1,1,10,10,15
2,003056#3,1,1,10,10,15
2,003056#4,1,1,10,10,11
2,003056#7,1,1,10,10,38
2,003056#8,1,1,9,10,9
2,003056#9,1,1,10,10,27
2,003056#10,1,1,10,10,18
2,003056#11,1,1,10,10,61
2,003148#0,1,1,10,10,61
2,003148#2,1,1,10,10,63
2,003148#3,1,1,10,10,42
2,003148#6,1,1,10,10,47
2,003148#7,1,1,8,10,8
2,003148#8,1,1,8,10,8
2,003160#0,1,1,10,10,42
2,003160#1,1,1,10,10,28
2,003160#2,1,1,10,10,31
2,003160#3,1,1,8,10,27
2,003160#4,1,1,10,10,31
2,003160#5,1,1,10,10,84
2,003160#7,1,1,10,10,37
2,003160#8,1,1,10,10,69
2,003160#9,1,1,10,10,19
2,003160#11,1,1,10,10,78
2,003160#13,1,1,10,10,37
2,003160#14,1,1,10,10,11
2,003160#15,1,1,10,10,55
2,003160#17,1,1,10,10,43
2,003160#18,1,1,10,10,72
2,003160#19,1,1,10,10,26
2,003160#20,1,1,10,10,18
2,003160#21,1,1,10,10,46
2,003198#1,1,1,10,10,64
2,003198#4,1,1,10,10,42
2,003257#5,1,1,10,10,58
2,003262#0,1,1,10,10,28
2,003262#1,1,1,10,10,31
2,003262#4,1,1,10,10,27
2,003262#14,1,1,9,10,10
2,003262#16,1,1,10,10,10
2,003262#17,1,1,10,10,14
2,003262#21,1,1,8,10,16
2,003262#23,1,1,10,10,22
2,003262#24,1,1,10,10,18
2,003262#28,1,1,10,10,50
2,003262#29,1,1,4,10,7
2,003262#30,1,1,10,10,73
2,003273#1,1,1,10,10,73
2,003273#3,1,1,10,10,68
2,003273#4,1,1,10,10,45
2,003273#5,1,1,10,10,12
2,003273#6,1,1,10,10,87
2,003273#8,1,1,10,10,35
2,003273#9,1,1,10,10,19
2,003273#10,1,1,10,10,42
2,003273#11,1,1,10,10,17
2,003273#13,1,1,10,10,20
2,003288#0,1,1,10,10,74
2,003288#3,1,1,10,10,37
2,003288#4,1,1,10,10,27
2,003288#5,1,1,10,10,20
2,003288#6,1,1,10,10,20
2,003288#7,1,1,10,10,16
2,003288#8,1,1,10,10,14
2,003288#9,1,1,10,10,16
2,003288#10,1,1,10,10,18
2,003288#11,1,1,10,10,14
2,003288#12,1,1,10,10,27
2,003288#13,1,1,10,10,33
2,003288#14,1,1,10,10,13
2,003288#16,1,1,10,10,21
2,003288#18,1,1,10,10,69
2,003304#0,1,1,10,10,42
2,003304#1,1,1,10,10,36
2,003304#2,1,1,10,10,14
2,003304#3,1,1,10,10,48
2,003304#4,1,1,10,10,20
2,003304#8,1,1,10,10,25
2,003304#9,1,1,10,10,41
2,003304#11,1,1,10,10,42
2,003304#12,1,1,10,10,30
2,003304#13,1,1,10,10,13
2,003317#1,1,1,10,10,29
2,003317#2,1,1,10,10,26
2,003317#3,1,1,10,10,29
2,003317#5,1,1,10,10,50
2,003317#6,1,1,10,10,23
2,003317#7,1,1,10,10,27
2,003317#8,1,1,10,10,49
2,003317#9,1,1,10,10,30
2,003317#12,1,1,10,10,12
2,003317#14,1,1,10,10,55
2,003317#15,1,1,10,10,70
2,003317#16,1,1,10,10,43
2,003348#0,1,1,10,10,30
2,003353#0,1,1,10,10,14
2,003408#1,1,1,10,10,22
2,003411#0,1,1,10,10,41
2,003411#1,1,1,10,10,52
2,003411#2,1,1,10,10,57
2,003411#3,1,1,10,10,50
2,003419#0,1,1,10,10,84
2,003419#5,1,1,10,10,22
2,003419#13,1,1,10,10,24
2,003419#14,1,1,10,10,30
2,003419#17,1,1,9,10,30
2,003419#18,1,1,10,10,34
2,003419#19,1,1,10,10,18
2,003419#21,1,1,10,10,36
2,003425#5,1,1,10,10,17
2,003425#6,1,1,9,10,13
2,003425#7,1,1,10,10,11
2,003425#10,1,1,10,10,18
2,003425#12,1,1,10,10,44
2,003425#13,1,1,10,10,46
2,003460#0,1,1,10,10,26
2,003460#1,1,1,10,10,64
2,003460#3,1,1,10,10,80
2,003460#5,1,1,10,10,25
2,003460#6,1,1,10,10,73
2,003472#0,1,1,10,10,31
2,003472#1,1,1,10,10,68
2,003472#2,1,1,10,10,20
2,003472#3,1,1,10,10,71
2,003475#1,1,1,10,10,41
2,003475#2,1,1,10,10,22
2,003475#3,1,1,10,10,51
2,003475#5,1,1,10,10,46
2,003475#6,1,1,10,10,70
2,003475#10,1,1,10,10,21
2,003475#11,1,1,10,10,31
2,003487#0,1,1,10,10,53
2,003487#2,1,1,10,10,62
2,003489#0,1,1,10,10,24
2,003489#2,1,1,10,10,31
2,003489#3,1,1,10,10,55
2,003489#4,1,1,10,10,25
2,003489#5,1,1,10,10,35
2,003489#9,1,1,10,10,26
2,003489#14,1,1,10,10,37
2,003526#0,1,1,10,10,18
2,003526#3,1,1,10,10,13
2,003532#0,1,1,10,10,18
2,003532#1,1,1,10,10,42
2,003546#0,1,1,10,10,27
2,003546#1,1,1,10,10,28
2,003546#2,1,1,10,10,37
2,003592#0,1,1,10,10,23
2,003592#1,1,1,10,10,23
2,003592#2,1,1,10,10,31
2,003592#3,1,1,10,10,20
2,003595#3,1,1,10,10,27
2,003595#4,1,1,10,10,30
2,003595#5,1,1,10,10,21
2,003595#6,1,1,10,10,46
2,003603#3,1,1,10,10,32
2,003653#3,1,1,10,10,15
2,003653#5,1,1,10,10,20
2,003653#6,1,1,10,10,18
2,003653#7,1,1,10,10,14
2,003653#8,1,1,10,10,11
2,003653#9,1,1,10,10,12
2,003653#11,1,1,10,10,36
2,003653#12,1,1,10,10,51
2,003653#14,1,1,8,10,8
2,003653#16,1,1,9,10,9
2,003653#17,1,1,10,10,26
2,003653#18,1,1,8,10,8
2,003679#4,1,1,10,10,50
2,003679#5,1,1,10,10,27
2,003679#7,1,1,10,10,25
2,003679#8,1,1,10,10,32
2,003703#0,1,1,10,10,50
2,003739#0,1,1,10,10,30
2,003739#1,1,1,10,10,35
2,003739#2,1,1,10,10,17
2,003739#3,1,1,10,10,11
2,003739#5,1,1,10,10,16
2,003739#6,1,1,9,10,12
2,003739#7,1,1,10,10,26
2,003739#8,1,1,10,10,16
2,003757#0,1,1,10,10,76
2,003757#7,1,1,10,10,27
2,003757#8,1,1,9,10,10
2,003757#10,1,1,10,10,21
2,003757#14,1,1,10,10,13
2,003757#15,1,1,10,10,15
2,003757#16,1,1,10,10,11
2,003769#0,1,1,10,10,56
2,003838#0,1,1,10,10,72
2,003863#1,1,1,10,10,21
2,003863#3,1,1,10,10,17
2,003863#5,1,1,10,10,33
2,003863#7,1,1,10,10,24
2,003863#9,1,1,10,10,13
2,003863#10,1,1,10,10,12
2,003863#11,1,1,10,10,18
2,003895#2,1,1,10,10,55
2,003896#0,1,1,10,10,43
2,003896#1,1,1,10,10,19
2,003902#0,1,1,10,10,41
2,003902#1,1,1,10,10,15
2,003902#3,1,1,10,10,18
2,003902#4,1,1,10,10,30
2,003902#5,1,1,10,10,18
2,003902#6,1,1,10,10,41
2,003904#0,1,1,10,10,33
2,003904#1,1,1,10,10,19
2,003941#0,1,1,10,10,27
2,003941#1,1,1,10,10,17
2,003941#3,1,1,8,10,12
2,003941#5,1,1,10,10,25
2,003941#7,1,1,10,10,20
2,003941#8,1,1,10,10,26
2,003941#10,1,1,10,10,17
2,003941#11,1,1,10,10,26
2,003941#12,1,1,10,10,17
2,003941#13,1,1,10,10,20
2,003941#14,1,1,10,10,18
2,003941#15,1,1,10,10,22
2,003941#16,1,1,10,10,69
2,003941#20,1,1,10,10,10
2,003941#21,1,1,9,10,25
2,003941#22,1,1,10,10,13
2,003941#24,1,1,10,10,37
2,003941#25,1,1,10,10,18
2,003941#26,1,1,10,10,21
2,003941#27,1,1,10,10,18
2,003941#29,1,1,10,10,17
2,003941#30,1,1,10,10,34
2,003982#5,1,1,10,10,26
2,003982#6,1,1,10,10,15
2,003982#8,1,1,9,10,13
2,003982#11,1,1,10,10,19
2,003982#14,1,1,10,10,29
2,003982#19,1,1,3,10,9
2,003982#20,1,1,9,10,10
2,003982#23,1,1,10,10,25
2,003982#24,1,1,10,10,10
2,003982#30,1,1,10,10,12
2,003982#32,1,1,10,10,14
2,003982#34,1,1,10,10,11
2,003982#36,1,1,10,10,46
2,003982#41,1,1,9,10,10
2,003982#42,1,1,10,10,11
2,003982#43,1,1,10,10,13
2,003982#47,1,1,10,10,57
2,003982#48,1,1,10,10,16
2,003982#49,1,1,10,10,69
2,003982#50,1,1,10,10,34
2,003982#53,1,1,7,10,10
2,003982#57,1,1,10,10,18
2,003982#58,1,1,10,10,18
2,003982#60,1,1,10,10,16
2,003982#61,1,1,10,10,15
2,003982#62,1,1,10,10,17
2,003987#5,1,1,10,10,32
2,003987#6,1,1,10,10,28
2,003987#10,1,1,10,10,66
2,003987#11,1,1,10,10,71
2,003987#15,1,1,10,10,33
2,003987#16,1,1,10,10,42
2,003987#23,1,1,8,10,11
2,003987#27,1,1,10,10,11
2,003987#35,1,1,10,10,26
2,003987#38,1,1,10,10,19
2,003987#39,1,1,10,10,17
2,003987#40,1,1,10,10,16
2,003987#41,1,1,10,10,13
2,003987#43,1,1,10,10,10
2,003987#46,1,1,8,10,8
2,003987#47,1,1,10,10,15
2,003987#49,1,1,10,10,12
2,003987#50,1,1,10,10,15
2,003987#51,1,1,10,10,15
2,003987#52,1,1,10,10,10
2,003987#53,1,1,10,10,19
2,003987#55,1,1,10,10,31
2,hehe_173_000002_024_00000105#2,1,1,1,10,11
2,hehe_173_000002_024_00000105#4,1,1,4,10,11
2,hehe_173_000002_024_00000105#6,1,1,11,10,23
2,hehe_173_000002_024_00000105#7,1,1,7,10,15
2,hehe_173_000002_024_00000105#9,1,1,10,10,31
2,hehe_173_000002_024_00000105#10,1,1,10,10,25
2,hehe_173_000002_024_00000105#11,1,1,10,10,11
2,hehe_173_000002_024_00000105#13,1,1,10,10,31
2,hehe_173_000002_024_00000105#15,1,1,10,10,76
2,hehe_186_000002_028_00000050#1,1,1,10,10,77
2,hehe_22_00000004#0,1,1,10,10,29
2,hehe_22_00000004#2,1,1,10,10,23
2,hehe_22_00000004#4,1,1,10,10,69
2,hehe_22_00000004#6,1,1,10,10,57
2,hehe_22_00000004#7,1,1,10,10,70
2,hehe_22_00000004#9,1,1,8,10,11
2,hehe_230_000002_043_00000061#1,1,1,10,10,69
2,hehe_230_000002_043_00000061#6,1,1,10,10,62
2,hehe_230_000002_043_00000061#7,1,1,10,10,58
2,hehe_230_000002_043_00000061#10,1,1,10,10,31
2,hehe_230_000002_043_00000061#11,1,1,10,10,37
2,hehe_230_000002_043_00000061#13,1,1,10,10,19
2,hehe_230_000002_043_00000061#14,1,1,9,10,12
2,hehe_232_000002_043_00000181#0,1,1,8,10,8
2,hehe_232_000002_043_00000181#1,1,1,10,10,22
2,hehe_232_000002_043_00000181#2,1,1,10,10,57
2,hehe_232_000002_043_00000181#3,1,1,10,10,36
2,hehe_232_000002_043_00000181#8,1,1,10,10,57
2,hehe_274_000002_060_00000105#1,1,1,10,10,67
2,hehe_274_000002_060_00000105#5,1,1,10,10,28
2,hehe_274_000002_060_00000105#6,1,1,10,10,11
2,hehe_40_00000033#1,1,1,10,10,26
2,hehe_40_00000033#2,1,1,7,10,46
2,hehe_40_00000033#3,1,1,5,10,40
2,hehe_40_00000033#5,1,1,10,10,40
2,hehe_45_00000001#2,1,1,10,10,42
2,hehe_45_00000001#4,1,1,10,10,28
2,hehe_45_00000001#5,1,1,10,10,49
2,hehe_45_00000001#6,1,1,10,10,40
2,hehe_45_00000001#7,1,1,10,10,60
2,hehe_45_00000001#8,1,1,10,10,34
2,hehe_45_00000001#9,1,1,10,10,46
2,hehe_52_00000107#0,1,1,10,10,19
2,hehe_52_00000107#1,1,1,8,10,8
2,hehe_61_00000090#2,1,1,10,10,76
2,hehe_61_00000090#3,1,1,10,10,39
2,hehe_61_00000090#4,1,1,10,10,20
2,hehe_61_00000090#9,1,1,10,10,64
2,hehe_61_00000090#10,1,1,10,10,50
2,hehe_61_00000090#11,1,1,10,10,84
2,hehe_65_00000229#2,1,1,10,10,59
2,hehe_65_00000229#3,1,1,10,10,32
2,hehe_65_00000229#4,1,1,10,10,30
2,hehe_65_00000229#6,1,1,9,10,16
2,hehe_65_00000229#7,1,1,10,10,21
2,hehe_6_00000054#0,1,1,10,10,12
2,hehe_6_00000054#2,1,1,10,10,35
2,hehe_6_00000054#3,1,1,10,10,32
2,hehe_6_00000054#4,1,1,10,10,27
2,hehe_6_00000054#6,1,1,10,10,76
2,hehe_6_00000054#13,1,1,10,10,74
2,hehe_6_00000054#16,1,1,10,10,32
2,hehe_6_00000054#17,1,1,10,10,38
2,hehe_86_00000253#0,1,1,10,10,45
2,hehe_86_00000253#3,1,1,10,10,58
2,hehe_87_00000315#1,1,1,10,10,39
2,hehe_87_00000315#2,1,1,10,10,40
2,hehe_87_00000315#3,1,1,10,10,33
2,hehe_87_00000315#4,1,1,10,10,20
2,hehe_87_00000315#5,1,1,9,10,30
2,hehe_87_00000315#6,1,1,10,10,14
2,shuming_1007_00000230#0,1,1,10,10,38
2,shuming_1007_00000230#3,1,1,9,10,43
2,shuming_1007_00000230#4,1,1,10,10,36
2,shuming_1007_00000230#5,1,1,10,10,46
2,shuming_1007_00000230#7,1,1,10,10,63
2,shuming_1007_00000230#10,1,1,10,10,62
2,shuming_1007_00000230#11,1,1,10,10,39
2,shuming_1007_00000230#12,1,1,11,10,34
2,shuming_1007_00000230#13,1,1,8,10,10
2,shuming_1007_00000230#14,1,1,4,10,7
2,shuming_1007_00000230#15,1,1,10,10,79
2,shuming_1007_00000230#16,1,1,10,10,47
2,shuming_1007_00000230#17,1,1,10,10,19
2,shuming_1007_00000230#18,1,1,10,10,13
2,shuming_1007_00000230#20,1,1,10,10,20
2,shuming_1007_00000230#21,1,1,10,10,69
2,shuming_1007_00000230#22,1,1,10,10,27
2,shuming_1007_00000230#23,1,1,10,10,22
2,shuming_1013_00000065#0,1,1,10,10,87
2,shuming_1013_00000065#1,1,1,10,10,41
2,shuming_1013_00000065#3,1,1,10,10,26
2,shuming_1028_00000411#3,1,1,10,10,55
2,shuming_1028_00000411#4,1,1,9,10,10
2,shuming_1028_00000411#5,1,1,10,10,15
2,shuming_1064_00000087#0,1,1,10,10,34
2,shuming_1064_00000087#1,1,1,10,10,55
2,shuming_1064_00000087#2,1,1,10,10,56
2,shuming_1064_00000087#3,1,1,10,10,72
2,shuming_1064_00000087#4,1,1,10,10,69
2,shuming_1064_00000087#6,1,1,10,10,26
2,shuming_1064_00000087#7,1,1,10,10,54
2,shuming_1064_00000087#8,1,1,10,10,86
2,shuming_1076_00000257#1,1,1,10,10,31
2,shuming_1076_00000257#2,1,1,10,10,29
2,shuming_1076_00000257#3,1,1,10,10,20
2,shuming_1076_00000257#4,1,1,10,10,19
2,shuming_1076_00000257#5,1,1,10,10,23
2,shuming_1079_00000233#3,1,1,10,10,18
2,shuming_1079_00000233#4,1,1,10,10,12
2,shuming_1079_00000233#6,1,1,10,10,35
2,shuming_1080_00000016#0,1,1,10,10,72
2,shuming_1080_00000016#4,1,1,10,10,10
2,shuming_1132_00000385#2,1,1,10,10,29
2,shuming_1132_00000385#3,1,1,8,10,32
2,shuming_1132_00000385#4,1,1,10,10,25
2,shuming_1135_00000213#0,1,1,10,10,76
2,shuming_1148_00000041#0,1,1,10,10,74
2,shuming_1157_00000010#0,1,1,10,10,72
2,shuming_1157_00000010#1,1,1,10,10,32
2,shuming_1157_00000010#2,1,1,10,10,18
2,shuming_1180_00000231#3,1,1,10,10,49
2,shuming_24_00000001#0,1,1,10,10,40
2,shuming_24_00000001#1,1,1,10,10,62
2,shuming_340_00000020#1,1,1,10,10,21
2,shuming_340_00000020#19,1,1,10,10,11
2,shuming_340_00000020#22,1,1,7,10,7
2,shuming_340_00000020#23,1,1,10,10,12
2,shuming_340_00000020#26,1,1,9,10,9
2,shuming_340_00000020#30,1,1,9,10,9
2,shuming_340_00000020#31,1,1,10,10,12
2,shuming_340_00000020#38,1,1,10,10,10
2,shuming_35_00000199#0,1,1,10,10,73
2,shuming_35_00000199#3,1,1,10,10,36
2,shuming_35_00000199#4,1,1,10,10,26
2,shuming_35_00000199#5,1,1,5,10,87
2,shuming_35_00000199#6,1,1,10,10,18
2,shuming_35_00000199#8,1,1,10,10,14
2,shuming_35_00000199#9,1,1,8,10,8
2,shuming_35_00000199#11,1,1,10,10,39
2,shuming_410_00000037#0,1,1,6,10,7
2,shuming_410_00000037#9,1,1,10,10,45
2,shuming_461_00000082#0,1,1,10,10,53
2,shuming_461_00000082#2,1,1,10,10,42
2,shuming_461_00000082#3,1,1,10,10,31
2,shuming_461_00000082#4,1,1,10,10,14
2,shuming_461_00000082#5,1,1,10,10,11
2,shuming_465_00000030#0,1,1,10,10,10
2,shuming_465_00000030#2,1,1,10,10,56
2,shuming_465_00000030#3,1,1,10,10,15
2,shuming_470_00000057#3,1,1,10,10,43
2,shuming_470_00000057#4,1,1,10,10,23
2,shuming_482_00000018#3,1,1,10,10,53
2,shuming_482_00000018#4,1,1,10,10,44
2,shuming_482_00000018#5,1,1,10,10,62
2,shuming_485_00000027#3,1,1,10,10,16
2,shuming_485_00000027#4,1,1,10,10,52
2,shuming_503_00000052#0,1,1,10,10,32
2,shuming_503_00000052#1,1,1,10,10,26
2,shuming_562_00000223#2,1,1,10,10,76
2,shuming_571_00000215#0,1,1,10,10,56
2,shuming_571_00000215#1,1,1,10,10,46
2,shuming_574_00000017#0,1,1,10,10,63
2,shuming_608_00000031#1,1,1,10,10,19
2,shuming_608_00000031#2,1,1,10,10,30
2,shuming_608_00000031#3,1,1,10,10,35
2,shuming_608_00000031#4,1,1,10,10,11
2,shuming_610_00000148#0,1,1,10,10,50
2,shuming_63_00000393#3,1,1,10,10,15
2,shuming_63_00000393#4,1,1,10,10,17
2,shuming_63_00000393#5,1,1,9,10,9
2,shuming_63_00000393#6,1,1,10,10,23
2,shuming_63_00000393#7,1,1,10,10,21
2,shuming_63_00000393#8,1,1,10,10,23
2,shuming_63_00000393#9,1,1,10,10,20
2,shuming_663_00000328#2,1,1,10,10,50
2,shuming_663_00000328#3,1,1,10,10,40
2,shuming_67_00000001#1,1,1,10,10,55
2,shuming_67_00000001#2,1,1,10,10,18
2,shuming_698_00000001#0,1,1,10,10,11
2,shuming_698_00000001#1,1,1,5,10,13
2,shuming_698_00000001#2,1,1,10,10,17
2,shuming_698_00000001#3,1,1,10,10,20
2,shuming_698_00000001#4,1,1,10,10,15
2,shuming_698_00000001#5,1,1,10,10,14
2,shuming_698_00000001#7,1,1,10,10,26
2,shuming_698_00000001#8,1,1,10,10,17
2,shuming_698_00000001#9,1,1,10,10,14
2,shuming_698_00000001#10,1,1,10,10,13
2,shuming_698_00000001#11,1,1,10,10,13
2,shuming_698_00000001#12,1,1,10,10,15
2,shuming_698_00000001#13,1,1,10,10,14
2,shuming_698_00000001#14,1,1,10,10,12
2,shuming_698_00000001#15,1,1,10,10,15
2,shuming_698_00000001#16,1,1,10,10,15
2,shuming_698_00000001#17,1,1,10,10,23
2,shuming_698_00000001#18,1,1,10,10,18
2,shuming_698_00000001#19,1,1,10,10,19
2,shuming_698_00000001#20,1,1,10,10,22
2,shuming_698_00000001#21,1,1,10,10,24
2,shuming_698_00000001#22,1,1,10,10,18
2,shuming_698_00000001#23,1,1,10,10,35
2,shuming_698_00000001#25,1,1,10,10,64
2,shuming_706_00000375#0,1,1,10,10,41
2,shuming_706_00000375#2,1,1,10,10,32
2,shuming_706_00000375#3,1,1,10,10,17
2,shuming_706_00000375#4,1,1,10,10,52
2,shuming_72_00000270#19,1,1,10,10,54
2,shuming_72_00000270#20,1,1,10,10,22
2,shuming_72_00000270#22,1,1,10,10,48
2,shuming_72_00000270#24,1,1,10,10,20
2,shuming_731_00000492#0,1,1,10,10,32
2,shuming_731_00000492#1,1,1,10,10,26
2,shuming_731_00000492#3,1,1,10,10,60
2,shuming_731_00000492#5,1,1,10,10,69
2,shuming_753_00000172#0,1,1,10,10,12
2,shuming_758_00000371#0,1,1,10,10,52
2,shuming_763_00000009#2,1,1,10,10,15
2,shuming_774_00000273#3,1,1,10,10,63
2,shuming_774_00000273#5,1,1,10,10,31
2,shuming_779_00000254#1,1,1,10,10,63
2,shuming_779_00000254#5,1,1,10,10,80
2,shuming_783_00000248#0,1,1,10,10,81
2,shuming_783_00000248#2,1,1,10,10,66
2,shuming_793_00000117#2,1,1,10,10,31
2,shuming_825_00000172#1,1,1,10,10,13
2,shuming_825_00000172#2,1,1,7,10,7
2,shuming_825_00000172#3,1,1,10,10,16
2,shuming_826_00000213#1,1,1,10,10,14
2,shuming_826_00000213#2,1,1,10,10,18
2,shuming_826_00000213#3,1,1,9,10,9
2,shuming_85_00000273#4,1,1,10,10,11
2,shuming_987_00000275#1,1,1,10,10,41
2,shuming_987_00000275#2,1,1,10,10,23
2,shuming_987_00000275#3,1,1,10,10,19
2,shuming_987_00000275#4,1,1,10,10,21
2,shuming_987_00000275#5,1,1,10,10,10
5,00000045#1,1,1,10,10,242
5,00000045#2,1,1,10,10,88
5,00000045#3,1,1,10,10,105
5,00000045#6,1,1,10,10,286
5,00000045#7,1,1,10,10,279
5,00000057#1,1,1,10,10,225
5,00000057#2,1,1,10,10,88
5,00000057#3,1,1,10,10,111
5,00000057#5,1,1,10,10,133
5,00000063#1,1,1,10,10,279
5,00000063#2,1,1,10,10,90
5,00000063#3,1,1,10,10,107
5,00000063#5,1,1,10,10,208
5,00000095#1,1,1,10,10,279
5,00000095#2,1,1,10,10,114
5,00000095#3,1,1,10,10,105
5,00000106#1,1,1,10,10,245
5,00000106#2,1,1,10,10,135
5,00000106#3,1,1,10,10,122
5,00000106#5,1,1,10,10,157
5,00000123#1,1,1,10,10,196
5,00000123#2,1,1,10,10,87
5,00000123#3,1,1,10,10,190
5,00000123#5,1,1,10,10,108
5,00000171#0,1,1,10,10,120
5,00000180#0,1,1,10,10,136
5,00000234#1,1,1,10,10,108
5,00000257#0,1,1,10,10,93
5,00000271#0,1,1,10,10,118
5,00000271#1,1,1,10,10,132
5,00000273#0,1,1,10,10,84
5,00000273#1,1,1,10,10,99
5,000002_080_00000048#0,1,1,10,10,69
5,000002_083_00000169#0,1,1,10,10,14
5,000002_083_00000169#1,1,1,10,10,26
5,000002_083_00000169#2,1,1,10,10,36
5,00000346#0,1,1,10,10,381
5,00000364#0,1,1,10,10,210
5,00000396#0,1,1,10,10,111
5,00000399#0,1,1,10,10,82
5,000003_081_00000171#10,1,1,10,10,76
5,000003_081_00000171#11,1,1,10,10,82
5,00000426#0,1,1,10,10,653
5,00000506#0,1,1,10,10,117
5,000005_004_00000286#4,1,1,10,10,62
5,000005_006_00000001#1,1,1,10,10,68
5,000005_006_00000001#2,1,1,10,10,25
5,000005_019_00000209#0,1,1,10,10,43
5,000005_019_00000209#1,1,1,10,10,31
5,000005_019_00000209#2,1,1,10,10,59
5,000005_027_00000493#1,1,1,10,10,34
5,000005_027_00000493#2,1,1,10,10,38
5,000005_027_00000493#3,1,1,10,10,49
5,000005_027_00000493#4,1,1,10,10,21
5,000005_027_00000493#5,1,1,10,10,25
5,000005_027_00000493#6,1,1,10,10,20
5,000005_027_00000493#7,1,1,10,10,26
5,000005_027_00000493#8,1,1,10,10,74
5,000005_028_00000001#2,1,1,10,10,77
5,000005_028_00000163#2,1,1,10,10,31
5,00000618#2,1,1,10,10,101
5,000006_010_00000389#4,1,1,10,10,58
5,000006_011_00000307#3,1,1,10,10,25
5,000006_011_00000409#8,1,1,10,10,40
5,000006_011_00000409#10,1,1,10,10,54
5,000006_012_00000001#3,1,1,10,10,38
5,000006_012_00000001#6,1,1,10,10,63
5,000006_012_00000001#11,1,1,10,10,69
5,000006_012_00000001#12,1,1,10,10,33
5,000008_003_00000235#1,1,1,10,10,76
5,000008_003_00000235#2,1,1,10,10,59
5,000008_003_00000235#3,1,1,10,10,81
5,000008_003_00000235#4,1,1,10,10,66
5,000008_003_00000235#5,1,1,10,10,68
5,000008_003_00000235#10,1,1,10,10,68
5,000008_003_00000235#11,1,1,10,10,16
5,000008_003_00000352#1,1,1,10,10,66
5,000008_003_00000352#3,1,1,10,10,80
5,000008_003_00000352#5,1,1,10,10,74
5,000008_003_00000352#7,1,1,10,10,75
5,000008_003_00000352#8,1,1,10,10,75
5,000008_003_00000352#9,1,1,10,10,76
5,000008_003_00000352#10,1,1,10,10,64
5,000008_003_00000352#12,1,1,10,10,74
5,000008_003_00000352#13,1,1,10,10,16
5,000008_003_00000469#0,1,1,10,10,85
5,000008_003_00000469#1,1,1,10,10,70
5,000008_003_00000469#2,1,1,10,10,67
5,000008_003_00000469#3,1,1,10,10,78
5,000008_003_00000469#4,1,1,10,10,85
5,000008_003_00000469#6,1,1,10,10,89
5,000008_003_00000469#9,1,1,10,10,31
5,000008_003_00000469#10,1,1,10,10,18
5,000008_004_00000665#2,1,1,10,10,34
5,000008_004_00000665#4,1,1,10,10,39
5,000008_004_00000665#11,1,1,10,10,52
5,000008_004_00000665#12,1,1,10,10,63
5,000008_004_00000665#13,1,1,10,10,37
5,000008_013_00000195#1,1,1,10,10,66
5,000008_013_00000195#2,1,1,10,10,60
5,000008_042_00000273#1,1,1,10,10,40
5,000008_045_00000001#0,1,1,10,10,48
5,000008_045_00000001#2,1,1,10,10,70
5,000008_045_00000001#3,1,1,10,10,14
5,000008_045_00000157#0,1,1,10,10,80
5,000008_045_00000157#4,1,1,10,10,17
5,000008_048_00000361#3,1,1,10,10,42
5,000008_048_00000361#4,1,1,10,10,36
5,000008_048_00000361#5,1,1,9,10,29
5,000009_008_00000241#3,1,1,10,10,78
5,000009_008_00000241#5,1,1,10,10,69
5,000009_008_00000241#6,1,1,10,10,29
5,000009_008_00000241#7,1,1,10,10,76
5,000009_008_00000241#9,1,1,10,10,84
5,000009_033_00000333#1,1,1,10,10,16
5,000009_033_00000333#2,1,1,10,10,38
5,000009_033_00000333#3,1,1,10,10,38
5,000009_033_00000333#4,1,1,10,10,36
5,000009_033_00000333#6,1,1,10,10,51
5,000012_008_00000163#3,1,1,10,10,67
5,000012_008_00000163#4,1,1,10,10,55
5,000012_008_00000163#5,1,1,10,10,48
5,000012_008_00000163#6,1,1,10,10,60
5,000012_008_00000163#8,1,1,10,10,74
5,000012_008_00000163#10,1,1,10,10,17
5,000012_008_00000163#11,1,1,10,10,26
5,000012_008_00000163#12,1,1,10,10,27
5,000012_008_00000163#13,1,1,10,10,15
5,000012_008_00000163#14,1,1,10,10,11
5,000012_009_00000244#1,1,1,10,10,71
5,000012_009_00000244#3,1,1,10,10,68
5,000012_009_00000244#4,1,1,10,10,40
5,000012_009_00000244#5,1,1,10,10,45
5,000012_009_00000244#6,1,1,10,10,21
5,000012_009_00000244#7,1,1,10,10,13
5,000012_009_00000244#8,1,1,10,10,12
5,000012_009_00000244#9,1,1,10,10,14
5,000012_009_00000244#10,1,1,10,10,34
5,000012_009_00000244#11,1,1,10,10,18
5,000012_009_00000244#12,1,1,10,10,18
5,000012_009_00000244#13,1,1,10,10,19
5,000012_009_00000244#14,1,1,8,10,8
5,000012_009_00000325#3,1,1,10,10,82
5,000012_009_00000325#4,1,1,10,10,36
5,000012_009_00000325#5,1,1,10,10,43
5,000012_009_00000325#6,1,1,10,10,28
5,000012_009_00000325#7,1,1,10,10,17
5,000012_009_00000325#8,1,1,10,10,16
5,000012_009_00000325#9,1,1,8,10,8
5,000012_009_00000325#11,1,1,10,10,28
5,000012_009_00000325#12,1,1,10,10,15
5,000012_009_00000325#14,1,1,10,10,22
5,000012_009_00000325#15,1,1,8,10,19
5,000012_009_00000325#16,1,1,10,10,35
5,000012_014_00000184#0,1,1,10,10,33
5,000012_014_00000184#1,1,1,10,10,55
5,000012_014_00000184#3,1,1,10,10,26
5,000012_019_00000151#1,1,1,10,10,59
5,000012_019_00000151#2,1,1,10,10,14
5,000012_019_00000151#4,1,1,10,10,21
5,000012_019_00000151#5,1,1,10,10,14
5,000012_022_00000090#0,1,1,10,10,64
5,000012_022_00000090#1,1,1,10,10,23
5,000012_025_00000313#1,1,1,10,10,11
5,000012_025_00000313#2,1,1,10,10,11
5,000012_025_00000313#3,1,1,10,10,13
5,000012_025_00000313#4,1,1,7,10,7
5,000012_025_00000313#5,1,1,10,10,13
5,000012_025_00000313#6,1,1,8,10,8
5,000012_028_00000250#0,1,1,10,10,64
5,000012_028_00000250#1,1,1,10,10,56
5,000013_001_00000001#1,1,1,10,10,33
5,000013_001_00000001#2,1,1,10,10,34
5,000013_001_00000001#3,1,1,10,10,31
5,000013_002_00000281#1,1,1,10,10,31
5,000013_002_00000281#2,1,1,10,10,36
5,000013_002_00000281#3,1,1,10,10,20
5,000013_023_00000075#1,1,1,10,10,56
5,000013_023_00000075#2,1,1,10,10,68
5,000013_025_00000285#0,1,1,10,10,15
5,000013_025_00000285#1,1,1,10,10,56
5,000013_025_00000285#2,1,1,10,10,20
5,000013_030_00000063#0,1,1,10,10,21
5,000013_030_00000063#1,1,1,10,10,68
5,000013_039_00000063#0,1,1,10,10,41
5,000013_039_00000063#1,1,1,10,10,32
5,000013_039_00000063#3,1,1,10,10,26
5,000013_039_00000063#5,1,1,8,10,8
5,000013_040_suppl_00000167#0,1,1,10,10,79
5,000013_040_suppl_00000333#1,1,1,10,10,50
5,000013_040_suppl_00000333#3,1,1,10,10,80
5,000013_040_suppl_00000333#4,1,1,8,10,8
5,000013_044_00000001#0,1,1,10,10,24
5,000013_044_00000001#1,1,1,10,10,31
5,000013_044_00000001#2,1,1,9,10,72
5,000013_044_00000001#4,1,1,1,10,38
5,000013_044_00000001#5,1,1,1,10,72
5,000013_044_00000001#7,1,1,10,10,62
5,000013_048_00000001#0,1,1,10,10,46
5,000013_048_00000001#1,1,1,6,10,60
5,000013_048_00000001#3,0,1,0,10,49
5,000013_048_00000001#4,1,1,4,10,69
5,000013_056_00000281#2,1,1,10,10,49
5,000013_056_00000281#3,1,1,10,10,16
5,000013_056_00000281#4,1,1,10,10,21
5,000013_056_00000281#6,1,1,10,10,11
5,000013_056_00000281#7,1,1,10,10,12
5,000013_056_00000281#8,1,1,10,10,64
5,000013_056_00000281#9,1,1,10,10,43
5,000013_056_00000281#10,1,1,10,10,32
5,000014_012_00000217#1,1,1,10,10,41
5,000014_012_00000217#2,1,1,10,10,48
5,000014_050_00000273#3,1,1,10,10,47
5,000014_050_00000273#4,1,1,10,10,57
5,000014_050_00000273#5,1,1,10,10,26
5,000014_051_suppl_00000341#2,1,1,10,10,15
5,000014_052_00000131#2,1,1,10,10,22
5,000014_052_00000131#3,1,1,10,10,13
5,000015_004_00000268#0,1,1,10,10,27
5,000015_004_suppl_00000223#2,1,1,10,10,36
5,000016_043_suppl_00000292#1,1,1,10,10,21
5,000016_043_suppl_00000292#2,1,1,10,10,56
5,000016_043_suppl_00000292#4,1,1,10,10,30
5,000016_043_suppl_00000292#5,1,1,10,10,25
5,000016_043_suppl_00000292#6,1,1,10,10,45
5,000016_043_suppl_00000292#8,1,1,10,10,26
5,000016_043_suppl_00000292#9,1,1,10,10,32
5,000016_043_suppl_00000292#10,1,1,10,10,19
5,000016_043_suppl_00000292#11,1,1,10,10,27
5,000016_043_suppl_00000292#12,1,1,10,10,32
5,000016_043_suppl_00000292#14,1,1,10,10,70
5,000016_043_suppl_00000292#17,1,1,10,10,47
5,000016_043_suppl_00000292#20,1,1,10,10,23
5,000016_044_00000085#0,1,1,10,10,83
5,000016_044_00000085#1,1,1,10,10,62
5,000016_044_00000085#3,1,1,10,10,17
5,000016_044_00000085#4,1,1,10,10,65
5,000016_044_00000085#7,1,1,10,10,67
5,000016_044_00000085#10,1,1,10,10,78
5,000016_044_00000169#1,1,1,10,10,37
5,000016_044_00000169#2,1,1,10,10,36
5,000016_044_00000169#3,1,1,10,10,16
5,000016_044_00000169#5,1,1,10,10,15
5,000016_044_00000169#6,1,1,10,10,59
5,000016_044_00000169#8,1,1,10,10,88
5,000016_044_00000169#16,1,1,10,10,73
5,000016_044_00000169#17,1,1,10,10,65
5,000017_011_00000297#3,1,1,10,10,12
5,000017_011_00000297#5,1,1,10,10,68
5,000017_011_00000297#9,1,1,10,10,26
5,000017_011_00000297#10,1,1,10,10,86
5,000017_011_00000297#11,1,1,10,10,59
5,000017_011_00000297#13,1,1,10,10,43
5,000017_012_00000135#2,1,1,10,10,36
5,000017_020_00000214#0,1,1,10,10,21
5,000017_020_00000214#2,1,1,10,10,27
5,000017_020_suppl_00000356#0,1,1,10,10,20
5,000017_020_suppl_00000356#2,1,1,10,10,20
5,000018_006_00000063#0,1,1,10,10,66
5,000019_030_00000072#1,1,1,10,10,23
5,000019_030_00000072#2,1,1,10,10,72
5,000019_030_00000072#3,1,1,10,10,54
5,000019_030_00000072#4,1,1,10,10,21
5,000019_030_00000072#5,1,1,10,10,10
5,000019_038_00000205#2,1,1,10,10,20
5,000019_038_00000205#3,1,1,10,10,25
5,000019_038_00000205#4,1,1,10,10,21
5,000019_038_00000205#5,1,1,10,10,36
5,000019_038_00000205#6,1,1,10,10,84
5,000019_038_00000205#7,1,1,10,10,70
5,000019_038_00000205#8,1,1,10,10,82
5,000019_041_00000141#2,1,1,10,10,24
5,000019_045_00000145#4,1,1,10,10,46
5,000019_045_00000145#5,1,1,10,10,42
5,000019_045_00000145#7,1,1,7,10,67
5,000020_010_00000089#1,1,1,10,10,60
5,000020_010_00000089#5,1,1,9,10,9
5,000020_010_00000089#6,1,1,10,10,20
5,000020_010_00000089#7,1,1,7,10,8
5,000020_014_00000193#2,1,1,10,10,63
5,000020_014_00000193#3,1,1,10,10,76
5,000020_014_00000193#5,1,1,10,10,54
5,000020_014_00000193#6,1,1,10,10,77
5,000020_018_00000093#0,1,1,10,10,16
5,000020_018_00000093#1,1,1,10,10,24
5,000020_018_00000093#2,1,1,10,10,81
5,000020_018_00000093#3,1,1,10,10,42
5,000021_020_00000131#2,1,1,10,10,76
5,000023_005_00000070#1,1,1,10,10,32
5,000023_005_00000070#2,1,1,10,10,87
5,000023_005_00000070#3,1,1,10,10,63
5,000023_005_00000070#4,1,1,10,10,63
5,000023_005_00000070#5,1,1,10,10,18
5,000023_005_00000070#6,1,1,10,10,23
5,000031#0,1,1,10,10,53
5,000031#1,1,1,10,10,15
5,000031#2,1,1,8,10,8
5,000031#3,1,1,10,10,15
5,000031#6,1,1,10,10,24
5,000031#8,1,1,10,10,53
5,000031#10,1,1,10,10,16
5,000031#11,1,1,10,10,21
5,000066#0,1,1,10,10,31
5,000066#1,1,1,10,10,15
5,000066#2,1,1,10,10,61
5,000066#3,1,1,10,10,39
5,000070#0,1,1,10,10,28
5,000070#1,1,1,10,10,18
5,000070#2,1,1,6,10,52
5,000070#3,1,1,10,10,67
5,000173#1,1,1,10,10,27
5,000303#2,1,1,10,10,67
5,000303#6,1,1,10,10,30
5,000303#7,1,1,10,10,16
5,000328#1,1,1,10,10,58
5,000328#3,1,1,10,10,65
5,000415#1,1,1,10,10,14
5,000415#2,1,1,9,10,9
5,000415#4,1,1,10,10,22
5,000415#5,1,1,10,10,24
5,000415#6,1,1,10,10,12
5,000415#8,1,1,10,10,10
5,000415#10,1,1,10,10,13
5,000415#11,1,1,10,10,12
5,000415#13,1,1,10,10,21
5,000415#14,1,1,10,10,13
5,000415#15,1,1,10,10,17
5,000415#16,1,1,6,10,8
5,000415#17,1,1,7,10,10
5,000415#19,1,1,10,10,37
5,000433#7,1,1,10,10,57
5,000437#0,1,1,10,10,67
5,000437#1,1,1,10,10,75
5,000437#2,1,1,10,10,26
5,000437#5,1,1,10,10,48
5,000484#2,1,1,10,10,37
5,000484#3,1,1,10,10,55
5,000500#0,1,1,10,10,14
5,000500#1,1,1,9,10,9
5,000500#2,1,1,10,10,15
5,000525#0,1,1,10,10,14
5,000525#1,1,1,10,10,30
5,000525#2,1,1,10,10,35
5,000561#0,1,1,10,10,70
5,000561#3,1,1,10,10,63
5,000561#4,1,1,10,10,38
5,000597#2,1,1,10,10,62
5,000597#3,1,1,10,10,29
5,000630#0,1,1,10,10,14
5,000680#5,1,1,10,10,69
5,000707#1,1,1,10,10,13
5,000707#2,1,1,10,10,18
5,000707#3,1,1,9,10,9
5,000707#4,1,1,10,10,25
5,000707#5,1,1,10,10,20
5,000735#1,1,1,10,10,11
5,000738#0,1,1,10,10,26
5,000738#2,1,1,9,10,9
5,000738#3,1,1,10,10,36
5,000756#4,1,1,10,10,34
5,000759#2,1,1,10,10,34
5,000780#0,1,1,10,10,22
5,000780#3,1,1,10,10,90
5,000783#0,1,1,10,10,45
5,000783#1,1,1,10,10,42
5,000783#3,1,1,10,10,38
5,000783#4,1,1,10,10,26
5,000808#1,1,1,10,10,21
5,000820#2,1,1,10,10,58
5,000820#3,1,1,10,10,45
5,000820#4,1,1,10,10,25
5,000820#5,1,1,10,10,27
5,000820#7,1,1,8,10,8
5,000889#5,1,1,10,10,84
5,000889#6,1,1,10,10,40
5,000889#7,1,1,10,10,14
5,000889#8,1,1,10,10,15
5,000889#9,1,1,10,10,22
5,000889#13,1,1,10,10,24
5,000889#14,1,1,10,10,69
5,000943#0,1,1,10,10,16
5,000943#1,1,1,10,10,14
5,000943#2,1,1,10,10,64
5,000943#3,1,1,7,10,7
5,000943#4,1,1,7,10,7
5,000943#6,1,1,7,10,18
5,000943#7,1,1,10,10,23
5,000952#0,1,1,10,10,22
5,001033#1,1,1,10,10,15
5,001033#2,1,1,10,10,31
5,001033#3,1,1,10,10,41
5,001033#9,1,1,7,10,25
5,001033#10,1,1,10,10,21
5,001035#0,1,1,10,10,19
5,001035#1,1,1,10,10,53
5,001035#2,1,1,10,10,76
5,001035#7,1,1,10,10,40
5,001035#9,1,1,10,10,22
5,001035#10,1,1,10,10,63
5,001114#5,1,1,10,10,47
5,001114#6,1,1,10,10,40
5,001114#7,1,1,10,10,12
5,001114#8,1,1,10,10,26
5,001114#10,1,1,10,10,17
5,001123#0,1,1,10,10,31
5,001123#1,1,1,10,10,76
5,001123#2,1,1,10,10,77
5,001123#4,1,1,10,10,64
5,001123#5,1,1,10,10,42
5,001123#6,1,1,10,10,79
5,001123#7,1,1,10,10,86
5,001123#8,1,1,7,10,36
5,001123#9,1,1,10,10,56
5,001123#10,1,1,10,10,62
5,001123#11,1,1,10,10,66
5,001123#12,1,1,10,10,79
5,001123#13,1,1,10,10,31
5,001123#18,1,1,9,10,9
5,001123#19,1,1,9,10,10
5,001123#20,1,1,10,10,49
5,001123#21,1,1,10,10,32
5,001123#22,1,1,10,10,33
5,001135#4,1,1,10,10,64
5,001135#6,1,1,10,10,72
5,001135#7,1,1,6,10,14
5,001157#4,1,1,10,10,14
5,001157#5,1,1,10,10,30
5,001157#8,1,1,10,10,77
5,001157#9,1,1,10,10,68
5,001202#3,1,1,10,10,72
5,001202#4,1,1,10,10,78
5,001202#8,1,1,10,10,23
5,001202#10,1,1,10,10,56
5,001202#11,1,1,10,10,57
5,001202#12,1,1,10,10,42
5,001257#0,1,1,10,10,46
5,001257#3,1,1,10,10,69
5,001257#6,1,1,10,10,27
5,001257#9,1,1,10,10,27
5,001257#10,1,1,10,10,46
5,001257#11,1,1,10,10,31
5,001276#3,1,1,10,10,58
5,001276#7,1,1,10,10,30
5,001276#9,1,1,10,10,54
5,001276#10,1,1,10,10,27
5,001276#11,1,1,10,10,31
5,001276#12,1,1,10,10,25
5,001276#13,1,1,10,10,35
5,001276#14,1,1,10,10,50
5,001276#15,1,1,10,10,25
5,001295#0,1,1,10,10,30
5,001295#1,1,1,10,10,52
5,001295#3,1,1,10,10,10
5,001295#10,1,1,10,10,55
5,001295#11,1,1,10,10,24
5,001295#12,1,1,10,10,17
5,001295#13,1,1,9,10,28
5,001295#14,1,1,10,10,36
5,001295#15,1,1,10,10,24
5,001295#17,1,1,10,10,19
5,001295#18,1,1,10,10,15
5,001295#19,1,1,10,10,17
5,001295#20,1,1,10,10,16
5,001295#21,1,1,10,10,22
5,001295#22,1,1,10,10,26
5,001295#24,1,1,10,10,26
5,001295#26,1,1,9,10,9
5,001409#0,1,1,10,10,39
5,001409#1,1,1,10,10,43
5,001415#0,1,1,10,10,42
5,001415#1,1,1,10,10,44
5,001415#2,1,1,10,10,41
5,001415#3,1,1,10,10,53
5,001443#3,1,1,10,10,53
5,001443#4,1,1,10,10,73
5,001443#6,1,1,10,10,66
5,001443#7,1,1,10,10,67
5,001443#9,1,1,10,10,27
5,001443#10,1,1,10,10,46
5,001461#2,1,1,10,10,28
5,001461#3,1,1,10,10,42
5,001461#4,1,1,10,10,64
5,001461#5,1,1,10,10,36
5,001531#1,1,1,10,10,16
5,001531#2,1,1,10,10,11
5,001531#6,1,1,10,10,28
5,001531#8,1,1,10,10,11
5,001531#10,1,1,10,10,43
5,001558#4,1,1,10,10,31
5,001683#1,1,1,10,10,83
5,001683#6,1,1,10,10,36
5,001683#7,1,1,10,10,46
5,001683#8,1,1,10,10,50
5,001694#1,1,1,10,10,28
5,001694#2,1,1,10,10,64
5,001694#7,1,1,10,10,62
5,001694#8,1,1,10,10,36
5,001694#9,1,1,10,10,50
5,001694#10,1,1,10,10,27
5,001694#11,1,1,10,10,28
5,001694#12,1,1,10,10,22
5,001694#13,1,1,10,10,27
5,001694#14,1,1,10,10,31
5,001707#1,1,1,10,10,22
5,001707#2,1,1,10,10,68
5,001707#7,1,1,10,10,62
5,001707#8,1,1,10,10,36
5,001707#9,1,1,10,10,31
5,001707#10,1,1,10,10,34
5,001707#11,1,1,10,10,57
5,001707#12,1,1,10,10,19
5,001712#1,1,1,10,10,72
5,001712#6,1,1,10,10,58
5,001712#7,1,1,10,10,16
5,001712#8,1,1,10,10,36
5,001712#9,1,1,10,10,55
5,001712#10,1,1,10,10,25
5,001712#11,1,1,10,10,23
5,001712#12,1,1,10,10,27
5,001724#1,1,1,10,10,11
5,001724#3,1,1,10,10,56
5,001724#7,1,1,10,10,84
5,001724#8,1,1,10,10,34
5,001724#9,1,1,10,10,30
5,001724#10,1,1,10,10,27
5,001724#11,1,1,10,10,34
5,001724#12,1,1,10,10,38
5,001737#3,1,1,10,10,54
5,001737#7,1,1,10,10,76
5,001737#8,1,1,8,10,8
5,001737#9,1,1,10,10,15
5,001737#10,1,1,10,10,36
5,001737#11,1,1,10,10,30
5,001737#12,1,1,10,10,38
5,001737#13,1,1,10,10,30
5,001742#0,1,1,10,10,41
5,001763#0,1,1,10,10,25
5,001785#0,1,1,10,10,50
5,001785#1,1,1,10,10,51
5,001785#2,1,1,10,10,80
5,001851#0,1,1,10,10,48
5,001851#8,1,1,10,10,25
5,001851#9,1,1,10,10,27
5,001851#10,1,1,10,10,31
5,001851#11,1,1,10,10,25
5,001851#12,1,1,10,10,27
5,001851#13,1,1,10,10,50
5,001851#14,1,1,10,10,27
5,001862#0,1,1,10,10,48
5,001862#8,1,1,10,10,21
5,001862#9,1,1,10,10,27
5,001862#10,1,1,10,10,54
5,001862#11,1,1,10,10,21
5,001862#12,1,1,10,10,20
5,001862#13,1,1,10,10,32
5,001862#14,1,1,10,10,29
5,001862#15,1,1,10,10,37
5,001873#0,1,1,10,10,48
5,001873#4,1,1,10,10,73
5,001873#8,1,1,10,10,26
5,001873#9,1,1,10,10,50
5,001873#10,1,1,10,10,14
5,001873#11,1,1,10,10,27
5,001873#12,1,1,10,10,26
5,001873#13,1,1,10,10,27
5,001881#0,1,1,10,10,48
5,001881#4,1,1,10,10,73
5,001881#8,1,1,10,10,25
5,001881#9,1,1,10,10,54
5,001881#10,1,1,10,10,22
5,001884#0,1,1,10,10,52
5,001884#4,1,1,10,10,73
5,001884#8,1,1,10,10,21
5,001884#9,1,1,10,10,57
5,001884#10,1,1,10,10,25
5,001884#11,1,1,10,10,23
5,001884#12,1,1,10,10,20
5,001884#13,1,1,10,10,17
5,001884#14,1,1,10,10,27
5,001898#0,1,1,10,10,52
5,001898#4,1,1,10,10,74
5,001898#7,1,1,10,10,22
5,001898#8,1,1,10,10,20
5,001898#9,1,1,10,10,21
5,001898#10,1,1,10,10,24
5,001898#11,1,1,10,10,36
5,001898#12,1,1,10,10,55
5,001898#13,1,1,10,10,27
5,001898#14,1,1,10,10,24
5,001970#1,1,1,10,10,73
5,001970#3,1,1,10,10,36
5,001970#7,1,1,10,10,65
5,001970#8,1,1,10,10,26
5,001970#9,1,1,10,10,41
5,001970#10,1,1,10,10,27
5,002048#2,1,1,10,10,68
5,002048#3,1,1,10,10,53
5,002048#4,1,1,10,10,76
5,002048#7,1,1,10,10,37
5,002048#8,1,1,10,10,19
5,002048#9,1,1,10,10,40
5,002048#10,1,1,10,10,41
5,002097#3,1,1,10,10,67
5,002097#4,1,1,10,10,75
5,002097#7,1,1,10,10,22
5,002097#8,1,1,10,10,29
5,002097#9,1,1,10,10,32
5,002097#10,1,1,10,10,32
5,002102#0,1,1,10,10,63
5,002102#1,1,1,10,10,67
5,002102#2,1,1,10,10,64
5,002102#3,1,1,10,10,55
5,002102#4,1,1,10,10,59
5,002102#5,1,1,10,10,40
5,002102#6,1,1,10,10,56
5,002102#7,1,1,10,10,56
5,002102#8,1,1,10,10,50
5,002156#0,1,1,10,10,40
5,002156#1,1,1,10,10,28
5,002156#2,1,1,10,10,38
5,002156#3,1,1,10,10,59
5,002156#4,1,1,10,10,81
5,002156#7,1,1,10,10,46
5,002156#8,1,1,10,10,34
5,002156#9,1,1,10,10,53
5,002207#0,1,1,10,10,11
5,002207#1,1,1,10,10,49
5,002235#3,1,1,10,10,36
5,002235#5,1,1,10,10,55
5,002235#6,1,1,3,10,17
5,002235#7,1,1,10,10,27
5,002235#10,1,1,10,10,10
5,002265#3,1,1,10,10,15
5,002265#4,1,1,10,10,13
5,002276#0,1,1,10,10,41
5,002276#1,1,1,10,10,18
5,002276#2,1,1,10,10,32
5,002276#3,1,1,10,10,53
5,002276#6,1,1,10,10,46
5,002331#2,1,1,10,10,49
5,002331#3,1,1,10,10,37
5,002331#4,1,1,10,10,75
5,002331#16,1,1,10,10,14
5,002331#18,1,1,10,10,21
5,002334#1,1,1,10,10,11
5,002334#8,1,1,10,10,56
5,002334#9,1,1,10,10,18
5,002338#0,1,1,10,10,62
5,002338#1,1,1,10,10,70
5,002338#4,1,1,10,10,73
5,002338#5,1,1,10,10,44
5,002357#0,1,1,10,10,23
5,002357#1,1,1,10,10,35
5,002357#2,1,1,10,10,72
5,002357#3,1,1,10,10,43
5,002359#0,1,1,10,10,29
5,002359#1,1,1,10,10,43
5,002359#2,1,1,10,10,45
5,002359#3,1,1,10,10,27
5,002378#0,1,1,10,10,34
5,002378#1,1,1,10,10,11
5,002378#3,1,1,10,10,66
5,002378#5,1,1,10,10,73
5,002378#6,1,1,10,10,19
5,002380#2,1,1,10,10,77
5,002380#3,1,1,10,10,55
5,002380#4,1,1,10,10,19
5,002380#5,1,1,8,10,8
5,002380#6,1,1,10,10,45
5,002380#7,1,1,10,10,14
5,002380#8,1,1,10,10,15
5,002380#9,1,1,10,10,25
5,002413#0,1,1,10,10,23
5,002517#1,1,1,10,10,48
5,002517#2,1,1,10,10,16
5,002517#4,1,1,8,10,23
5,002517#5,1,1,11,10,76
5,002584#4,1,1,9,10,11
5,002584#6,1,1,10,10,11
5,002625#6,1,1,10,10,17
5,002625#8,1,1,10,10,26
5,002625#10,1,1,10,10,27
5,002625#13,1,1,10,10,22
5,002625#14,1,1,10,10,73
5,002625#18,1,1,10,10,29
5,002625#19,1,1,10,10,13
5,002625#20,1,1,10,10,70
5,002625#21,1,1,10,10,82
5,002625#22,1,1,10,10,36
5,002625#23,1,1,10,10,34
5,002625#24,1,1,10,10,65
5,002625#25,1,1,10,10,11
5,002625#26,1,1,10,10,48
5,002625#27,1,1,5,10,25
5,002625#28,1,1,10,10,37
5,002625#29,1,1,10,10,63
5,002625#30,1,1,10,10,23
5,002625#31,1,1,10,10,34
5,002625#32,1,1,10,10,45
5,002625#33,1,1,10,10,12
5,002627#5,1,1,10,10,20
5,002627#7,1,1,10,10,17
5,002627#11,1,1,10,10,74
5,002627#12,1,1,10,10,32
5,002627#15,1,1,10,10,69
5,002627#17,1,1,10,10,73
5,002627#18,1,1,10,10,74
5,002627#19,1,1,10,10,18
5,002627#22,1,1,10,10,87
5,002627#23,1,1,10,10,71
5,002627#26,1,1,10,10,80
5,002627#27,1,1,10,10,81
5,002627#28,1,1,10,10,48
5,002627#30,1,1,10,10,39
5,002627#31,1,1,10,10,50
5,002627#32,1,1,10,10,55
5,002671#7,1,1,10,10,51
5,002671#9,1,1,10,10,25
5,002671#11,1,1,10,10,39
5,002671#12,1,1,10,10,63
5,002671#13,1,1,10,10,45
5,002671#14,1,1,10,10,30
5,002671#15,1,1,10,10,30
5,002671#16,1,1,10,10,18
5,002671#17,1,1,10,10,45
5,002671#18,1,1,10,10,18
5,002671#19,1,1,10,10,57
5,002671#20,1,1,10,10,46
5,002671#21,1,1,10,10,23
5,002671#22,1,1,10,10,23
5,002671#23,1,1,10,10,46
5,002671#24,1,1,10,10,59
5,002677#0,1,1,10,10,63
5,002677#1,1,1,10,10,40
5,002677#16,1,1,10,10,14
5,002677#17,1,1,10,10,24
5,002677#18,1,1,10,10,76
5,002707#11,1,1,10,10,22
5,002707#12,1,1,10,10,25
5,002707#13,1,1,10,10,62
5,002750#1,1,1,10,10,15
5,002750#4,1,1,10,10,42
5,002750#12,1,1,10,10,13
5,002750#13,1,1,10,10,12
5,002750#14,1,1,10,10,10
5,002750#16,1,1,8,10,8
5,002750#18,1,1,10,10,14
5,002750#19,1,1,10,10,22
5,002750#20,1,1,10,10,28
5,002750#21,1,1,10,10,28
5,002750#22,1,1,10,10,53
5,002750#23,1,1,10,10,25
5,002750#25,1,1,10,10,51
5,002762#1,1,1,10,10,17
5,002839#1,1,1,10,10,21
5,002839#2,1,1,10,10,25
5,002839#3,1,1,10,10,48
5,002839#4,1,1,10,10,31
5,002842#3,1,1,10,10,25
5,002842#4,1,1,10,10,21
5,002844#1,1,1,10,10,42
5,002844#2,1,1,10,10,21
5,002844#3,1,1,10,10,38
5,002935#0,1,1,10,10,17
5,002935#1,1,1,6,10,13
5,002955#0,1,1,10,10,72
5,002955#1,1,1,10,10,47
5,002955#4,1,1,10,10,32
5,002955#5,1,1,10,10,21
5,002955#6,1,1,10,10,37
5,002955#7,1,1,10,10,68
5,002955#8,1,1,10,10,61
5,002955#9,1,1,10,10,11
5,002955#10,1,1,10,10,42
5,002955#11,1,1,10,10,42
5,002955#12,1,1,10,10,57
5,002955#13,1,1,10,10,67
5,002955#14,1,1,10,10,73
5,002955#16,1,1,10,10,49
5,002955#17,1,1,10,10,81
5,002955#20,1,1,10,10,15
5,002955#23,1,1,10,10,29
5,002955#24,1,1,7,10,7
5,002987#0,1,1,10,10,16
5,002987#1,1,1,9,10,9
5,002987#2,1,1,10,10,23
5,002987#3,1,1,10,10,14
5,002987#4,1,1,10,10,34
5,002987#6,1,1,10,10,64
5,002987#7,1,1,10,10,73
5,002987#8,1,1,10,10,28
5,002987#9,1,1,10,10,14
5,002987#10,1,1,10,10,15
5,002987#11,1,1,10,10,15
5,002987#12,1,1,8,10,8
5,002987#13,1,1,10,10,34
5,002987#14,1,1,10,10,20
5,002987#15,1,1,10,10,37
5,003007#6,1,1,9,10,9
5,003007#8,1,1,10,10,41
5,003007#9,1,1,10,10,24
5,003013#6,1,1,10,10,20
5,003017#4,1,1,10,10,12
5,003026#4,1,1,10,10,17
5,003056#1,1,1,10,10,24
5,003056#2,1,1,10,10,15
5,003056#3,1,1,10,10,15
5,003056#4,1,1,10,10,11
5,003056#7,1,1,10,10,38
5,003056#8,1,1,9,10,9
5,003056#9,1,1,10,10,27
5,003056#10,1,1,9,10,18
5,003056#11,1,1,10,10,61
5,003148#0,1,1,10,10,61
5,003148#2,1,1,10,10,63
5,003148#3,1,1,10,10,42
5,003148#6,1,1,10,10,47
5,003148#7,1,1,7,10,8
5,003148#8,1,1,7,10,8
5,003160#0,1,1,10,10,42
5,003160#1,1,1,10,10,28
5,003160#2,1,1,9,10,31
5,003160#3,1,1,10,10,27
5,003160#4,1,1,10,10,31
5,003160#5,1,1,10,10,84
5,003160#7,1,1,10,10,37
5,003160#8,1,1,10,10,69
5,003160#9,1,1,10,10,19
5,003160#11,1,1,10,10,78
5,003160#13,1,1,10,10,37
5,003160#14,1,1,10,10,11
5,003160#15,1,1,10,10,55
5,003160#17,1,1,10,10,43
5,003160#18,1,1,10,10,72
5,003160#19,1,1,10,10,26
5,003160#20,1,1,10,10,18
5,003160#21,1,1,10,10,46
5,003198#1,1,1,10,10,64
5,003198#4,1,1,10,10,42
5,003257#5,1,1,10,10,58
5,003262#0,1,1,10,10,28
5,003262#1,1,1,9,10,31
5,003262#4,1,1,10,10,27
5,003262#14,1,1,10,10,10
5,003262#16,1,1,10,10,10
5,003262#17,1,1,10,10,14
5,003262#21,1,1,8,10,16
5,003262#23,1,1,10,10,22
5,003262#24,1,1,10,10,18
5,003262#28,1,1,10,10,50
5,003262#29,1,1,5,10,7
5,003262#30,1,1,10,10,73
5,003273#1,1,1,10,10,73
5,003273#3,1,1,10,10,68
5,003273#4,1,1,10,10,45
5,003273#5,1,1,10,10,12
5,003273#6,1,1,10,10,87
5,003273#8,1,1,10,10,35
5,003273#9,1,1,10,10,19
5,003273#10,1,1,10,10,42
5,003273#11,1,1,10,10,17
5,003273#13,1,1,10,10,20
5,003288#0,1,1,10,10,74
5,003288#3,1,1,10,10,37
5,003288#4,1,1,10,10,27
5,003288#5,1,1,10,10,20
5,003288#6,1,1,10,10,20
5,003288#7,1,1,10,10,16
5,003288#8,1,1,10,10,14
5,003288#9,1,1,10,10,16
5,003288#10,1,1,10,10,18
5,003288#11,1,1,10,10,14
5,003288#12,1,1,10,10,27
5,003288#13,1,1,10,10,33
5,003288#14,1,1,10,10,13
5,003288#16,1,1,10,10,21
5,003288#18,1,1,10,10,69
5,003304#0,1,1,10,10,42
5,003304#1,1,1,10,10,36
5,003304#2,1,1,10,10,14
5,003304#3,1,1,10,10,48
5,003304#4,1,1,10,10,20
5,003304#8,1,1,10,10,25
5,003304#9,1,1,10,10,41
5,003304#11,1,1,10,10,42
5,003304#12,1,1,10,10,30
5,003304#13,1,1,10,10,13
5,003317#1,1,1,10,10,29
5,003317#2,1,1,10,10,26
5,003317#3,1,1,10,10,29
5,003317#5,1,1,10,10,50
5,003317#6,1,1,10,10,23
5,003317#7,1,1,10,10,27
5,003317#8,1,1,10,10,49
5,003317#9,1,1,10,10,30
5,003317#12,1,1,10,10,12
5,003317#14,1,1,10,10,55
5,003317#15,1,1,10,10,70
5,003317#16,1,1,10,10,43
5,003348#0,1,1,10,10,30
5,003353#0,1,1,10,10,14
5,003408#1,1,1,10,10,22
5,003411#0,1,1,10,10,41
5,003411#1,1,1,10,10,52
5,003411#2,1,1,10,10,57
5,003411#3,1,1,10,10,50
5,003419#0,1,1,10,10,84
5,003419#5,1,1,10,10,22
5,003419#13,1,1,10,10,24
5,003419#14,1,1,10,10,30
5,003419#17,1,1,8,10,30
5,003419#18,1,1,10,10,34
5,003419#19,1,1,10,10,18
5,003419#21,1,1,10,10,36
5,003425#5,1,1,10,10,17
5,003425#6,1,1,10,10,13
5,003425#7,1,1,10,10,11
5,003425#10,1,1,10,10,18
5,003425#12,1,1,10,10,44
5,003425#13,1,1,10,10,46
5,003460#0,1,1,10,10,26
5,003460#1,1,1,10,10,64
5,003460#3,1,1,10,10,80
5,003460#5,1,1,10,10,25
5,003460#6,1,1,10,10,73
5,003472#0,1,1,10,10,31
5,003472#1,1,1,10,10,68
5,003472#2,1,1,10,10,20
5,003472#3,1,1,10,10,71
5,003475#1,1,1,10,10,41
5,003475#2,1,1,10,10,22
5,003475#3,1,1,10,10,51
5,003475#5,1,1,10,10,46
5,003475#6,1,1,10,10,70
5,003475#10,1,1,10,10,21
5,003475#11,1,1,10,10,31
5,003487#0,1,1,10,10,53
5,003487#2,1,1,10,10,62
5,003489#0,1,1,10,10,24
5,003489#2,1,1,10,10,31
5,003489#3,1,1,10,10,55
5,003489#4,1,1,10,10,25
5,003489#5,1,1,10,10,35
5,003489#9,1,1,10,10,26
5,003489#14,1,1,10,10,37
5,003526#0,1,1,10,10,18
5,003526#3,1,1,10,10,13
5,003532#0,1,1,10,10,18
5,003532#1,1,1,10,10,42
5,003546#0,1,1,10,10,27
5,003546#1,1,1,10,10,28
5,003546#2,1,1,10,10,37
5,003592#0,1,1,10,10,23
5,003592#1,1,1,10,10,23
5,003592#2,1,1,10,10,31
5,003592#3,1,1,10,10,20
5,003595#3,1,1,10,10,27
5,003595#4,1,1,10,10,30
5,003595#5,1,1,10,10,21
5,003595#6,1,1,10,10,46
5,003603#3,1,1,10,10,32
5,003653#3,1,1,10,10,15
5,003653#5,1,1,10,10,20
5,003653#6,1,1,10,10,18
5,003653#7,1,1,8,10,14
5,003653#8,1,1,10,10,11
5,003653#9,1,1,10,10,12
5,003653#11,1,1,10,10,36
5,003653#12,1,1,10,10,51
5,003653#14,1,1,8,10,8
5,003653#16,1,1,9,10,9
5,003653#17,1,1,10,10,26
5,003653#18,1,1,8,10,8
5,003679#4,1,1,10,10,50
5,003679#5,1,1,10,10,27
5,003679#7,1,1,10,10,25
5,003679#8,1,1,10,10,32
5,003703#0,1,1,10,10,50
5,003739#0,1,1,10,10,30
5,003739#1,1,1,10,10,35
5,003739#2,1,1,10,10,17
5,003739#3,1,1,10,10,11
5,003739#5,1,1,10,10,16
5,003739#6,1,1,10,10,12
5,003739#7,1,1,10,10,26
5,003739#8,1,1,10,10,16
5,003757#0,1,1,10,10,76
5,003757#7,1,1,10,10,27
5,003757#8,1,1,8,10,10
5,003757#10,1,1,10,10,21
5,003757#14,1,1,10,10,13
5,003757#15,1,1,10,10,15
5,003757#16,1,1,9,10,11
5,003769#0,1,1,10,10,56
5,003838#0,1,1,10,10,72
5,003863#1,1,1,10,10,21
5,003863#3,1,1,10,10,17
5,003863#5,1,1,10,10,33
5,003863#7,1,1,10,10,24
5,003863#9,1,1,10,10,13
5,003863#10,1,1,10,10,12
5,003863#11,1,1,10,10,18
5,003895#2,1,1,10,10,55
5,003896#0,1,1,10,10,43
5,003896#1,1,1,10,10,19
5,003902#0,1,1,10,10,41
5,003902#1,1,1,10,10,15
5,003902#3,1,1,10,10,18
5,003902#4,1,1,10,10,30
5,003902#5,1,1,10,10,18
5,003902#6,1,1,10,10,41
5,003904#0,1,1,10,10,33
5,003904#1,1,1,10,10,19
5,003941#0,1,1,10,10,27
5,003941#1,1,1,10,10,17
5,003941#3,1,1,10,10,12
5,003941#5,1,1,10,10,25
5,003941#7,1,1,10,10,20
5,003941#8,1,1,10,10,26
5,003941#10,1,1,10,10,17
5,003941#11,1,1,10,10,26
5,003941#12,1,1,10,10,17
5,003941#13,1,1,10,10,20
5,003941#14,1,1,10,10,18
5,003941#15,1,1,10,10,22
5,003941#16,1,1,10,10,69
5,003941#20,1,1,9,10,10
5,003941#21,1,1,10,10,25
5,003941#22,1,1,10,10,13
5,003941#24,1,1,10,10,37
5,003941#25,1,1,10,10,18
5,003941#26,1,1,10,10,21
5,003941#27,1,1,10,10,18
5,003941#29,1,1,10,10,17
5,003941#30,1,1,10,10,34
5,003982#5,1,1,10,10,26
5,003982#6,1,1,9,10,15
5,003982#8,1,1,9,10,13
5,003982#11,1,1,10,10,19
5,003982#14,1,1,10,10,29
5,003982#19,1,1,4,10,9
5,003982#20,1,1,8,10,10
5,003982#23,1,1,10,10,25
5,003982#24,1,1,10,10,10
5,003982#30,1,1,10,10,12
5,003982#32,1,1,10,10,14
5,003982#34,1,1,10,10,11
5,003982#36,1,1,10,10,46
5,003982#41,1,1,10,10,10
5,003982#42,1,1,10,10,11
5,003982#43,1,1,10,10,13
5,003982#47,1,1,10,10,57
5,003982#48,1,1,10,10,16
5,003982#49,1,1,10,10,69
5,003982#50,1,1,10,10,34
5,003982#53,1,1,7,10,10
5,003982#57,1,1,10,10,18
5,003982#58,1,1,10,10,18
5,003982#60,1,1,10,10,16
5,003982#61,1,1,10,10,15
5,003982#62,1,1,10,10,17
5,003987#5,1,1,10,10,32
5,003987#6,1,1,10,10,28
5,003987#10,1,1,10,10,66
5,003987#11,1,1,10,10,71
5,003987#15,1,1,10,10,33
5,003987#16,1,1,10,10,42
5,003987#23,1,1,7,10,11
5,003987#27,1,1,10,10,11
5,003987#35,1,1,10,10,26
5,003987#38,1,1,10,10,19
5,003987#39,1,1,10,10,17
5,003987#40,1,1,10,10,16
5,003987#41,1,1,10,10,13
5,003987#43,1,1,10,10,10
5,003987#46,1,1,8,10,8
5,003987#47,1,1,10,10,15
5,003987#49,1,1,10,10,12
5,003987#50,1,1,10,10,15
5,003987#51,1,1,10,10,15
5,003987#52,1,1,10,10,10
5,003987#53,1,1,10,10,19
5,003987#55,1,1,10,10,31
5,hehe_173_000002_024_00000105#2,0,1,0,10,11
5,hehe_173_000002_024_00000105#4,1,1,7,10,11
5,hehe_173_000002_024_00000105#6,1,1,10,10,23
5,hehe_173_000002_024_00000105#7,1,1,10,10,15
5,hehe_173_000002_024_00000105#9,1,1,10,10,31
5,hehe_173_000002_024_00000105#10,1,1,10,10,25
5,hehe_173_000002_024_00000105#11,1,1,9,10,11
5,hehe_173_000002_024_00000105#13,1,1,10,10,31
5,hehe_173_000002_024_00000105#15,1,1,10,10,76
5,hehe_186_000002_028_00000050#1,1,1,10,10,77
5,hehe_22_00000004#0,1,1,10,10,29
5,hehe_22_00000004#2,1,1,10,10,23
5,hehe_22_00000004#4,1,1,10,10,69
5,hehe_22_00000004#6,1,1,10,10,57
5,hehe_22_00000004#7,1,1,10,10,70
5,hehe_22_00000004#9,1,1,8,10,11
5,hehe_230_000002_043_00000061#1,1,1,10,10,69
5,hehe_230_000002_043_00000061#6,1,1,10,10,62
5,hehe_230_000002_043_00000061#7,1,1,10,10,58
5,hehe_230_000002_043_00000061#10,1,1,10,10,31
5,hehe_230_000002_043_00000061#11,1,1,10,10,37
5,hehe_230_000002_043_00000061#13,1,1,10,10,19
5,hehe_230_000002_043_00000061#14,1,1,7,10,12
5,hehe_232_000002_043_00000181#0,1,1,7,10,8
5,hehe_232_000002_043_00000181#1,1,1,10,10,22
5,hehe_232_000002_043_00000181#2,1,1,10,10,57
5,hehe_232_000002_043_00000181#3,1,1,10,10,36
5,hehe_232_000002_043_00000181#8,1,1,10,10,57
5,hehe_274_000002_060_00000105#1,1,1,10,10,67
5,hehe_274_000002_060_00000105#5,1,1,10,10,28
5,hehe_274_000002_060_00000105#6,1,1,10,10,11
5,hehe_40_00000033#1,1,1,10,10,26
5,hehe_40_00000033#2,1,1,6,10,46
5,hehe_40_00000033#3,1,1,7,10,40
5,hehe_40_00000033#5,1,1,10,10,40
5,hehe_45_00000001#2,1,1,10,10,42
5,hehe_45_00000001#4,1,1,10,10,28
5,hehe_45_00000001#5,1,1,10,10,49
5,hehe_45_00000001#6,1,1,10,10,40
5,hehe_45_00000001#7,1,1,10,10,60
5,hehe_45_00000001#8,1,1,10,10,34
5,hehe_45_00000001#9,1,1,10,10,46
5,hehe_52_00000107#0,1,1,10,10,19
5,hehe_52_00000107#1,1,1,8,10,8
5,hehe_61_00000090#2,1,1,10,10,76
5,hehe_61_00000090#3,1,1,10,10,39
5,hehe_61_00000090#4,1,1,10,10,20
5,hehe_61_00000090#9,1,1,10,10,64
5,hehe_61_00000090#10,1,1,10,10,50
5,hehe_61_00000090#11,1,1,10,10,84
5,hehe_65_00000229#2,1,1,10,10,59
5,hehe_65_00000229#3,1,1,10,10,32
5,hehe_65_00000229#4,1,1,10,10,30
5,hehe_65_00000229#6,1,1,9,10,16
5,hehe_65_00000229#7,1,1,9,10,21
5,hehe_6_00000054#0,1,1,10,10,12
5,hehe_6_00000054#2,1,1,10,10,35
5,hehe_6_00000054#3,1,1,10,10,32
5,hehe_6_00000054#4,1,1,10,10,27
5,hehe_6_00000054#6,1,1,10,10,76
5,hehe_6_00000054#13,1,1,10,10,74
5,hehe_6_00000054#16,1,1,10,10,32
5,hehe_6_00000054#17,1,1,10,10,38
5,hehe_86_00000253#0,1,1,10,10,45
5,hehe_86_00000253#3,1,1,10,10,58
5,hehe_87_00000315#1,1,1,10,10,39
5,hehe_87_00000315#2,1,1,10,10,40
5,hehe_87_00000315#3,1,1,10,10,33
5,hehe_87_00000315#4,1,1,10,10,20
5,hehe_87_00000315#5,1,1,8,10,30
5,hehe_87_00000315#6,1,1,8,10,14
5,shuming_1007_00000230#0,1,1,10,10,38
5,shuming_1007_00000230#3,1,1,10,10,43
5,shuming_1007_00000230#4,1,1,10,10,36
5,shuming_1007_00000230#5,1,1,10,10,46
5,shuming_1007_00000230#7,1,1,10,10,63
5,shuming_1007_00000230#10,1,1,10,10,62
5,shuming_1007_00000230#11,1,1,10,10,39
5,shuming_1007_00000230#12,1,1,10,10,34
5,shuming_1007_00000230#13,1,1,10,10,10
5,shuming_1007_00000230#14,1,1,5,10,7
5,shuming_1007_00000230#15,1,1,10,10,79
5,shuming_1007_00000230#16,1,1,10,10,47
5,shuming_1007_00000230#17,1,1,10,10,19
5,shuming_1007_00000230#18,1,1,9,10,13
5,shuming_1007_00000230#20,1,1,10,10,20
5,shuming_1007_00000230#21,1,1,10,10,69
5,shuming_1007_00000230#22,1,1,10,10,27
5,shuming_1007_00000230#23,1,1,10,10,22
5,shuming_1013_00000065#0,1,1,10,10,87
5,shuming_1013_00000065#1,1,1,10,10,41
5,shuming_1013_00000065#3,1,1,10,10,26
5,shuming_1028_00000411#3,1,1,10,10,55
5,shuming_1028_00000411#4,1,1,9,10,10
5,shuming_1028_00000411#5,1,1,10,10,15
5,shuming_1064_00000087#0,1,1,10,10,34
5,shuming_1064_00000087#1,1,1,10,10,55
5,shuming_1064_00000087#2,1,1,10,10,56
5,shuming_1064_00000087#3,1,1,10,10,72
5,shuming_1064_00000087#4,1,1,10,10,69
5,shuming_1064_00000087#6,1,1,10,10,26
5,shuming_1064_00000087#7,1,1,10,10,54
5,shuming_1064_00000087#8,1,1,10,10,86
5,shuming_1076_00000257#1,1,1,10,10,31
5,shuming_1076_00000257#2,1,1,10,10,29
5,shuming_1076_00000257#3,1,1,10,10,20
5,shuming_1076_00000257#4,1,1,10,10,19
5,shuming_1076_00000257#5,1,1,10,10,23
5,shuming_1079_00000233#3,1,1,10,10,18
5,shuming_1079_00000233#4,1,1,10,10,12
5,shuming_1079_00000233#6,1,1,10,10,35
5,shuming_1080_00000016#0,1,1,10,10,72
5,shuming_1080_00000016#4,1,1,10,10,10
5,shuming_1132_00000385#2,1,1,10,10,29
5,shuming_1132_00000385#3,1,1,7,10,32
5,shuming_1132_00000385#4,1,1,10,10,25
5,shuming_1135_00000213#0,1,1,10,10,76
5,shuming_1148_00000041#0,1,1,10,10,74
5,shuming_1157_00000010#0,1,1,10,10,72
5,shuming_1157_00000010#1,1,1,10,10,32
5,shuming_1157_00000010#2,1,1,10,10,18
5,shuming_1180_00000231#3,1,1,10,10,49
5,shuming_24_00000001#0,1,1,10,10,40
5,shuming_24_00000001#1,1,1,10,10,62
5,shuming_340_00000020#1,1,1,10,10,21
5,shuming_340_00000020#19,1,1,10,10,11
5,shuming_340_00000020#22,1,1,7,10,7
5,shuming_340_00000020#23,1,1,10,10,12
5,shuming_340_00000020#26,1,1,9,10,9
5,shuming_340_00000020#30,1,1,9,10,9
5,shuming_340_00000020#31,1,1,10,10,12
5,shuming_340_00000020#38,1,1,10,10,10
5,shuming_35_00000199#0,1,1,10,10,73
5,shuming_35_00000199#3,1,1,10,10,36
5,shuming_35_00000199#4,1,1,10,10,26
5,shuming_35_00000199#5,1,1,5,10,87
5,shuming_35_00000199#6,1,1,10,10,18
5,shuming_35_00000199#8,1,1,10,10,14
5,shuming_35_00000199#9,1,1,8,10,8
5,shuming_35_00000199#11,1,1,10,10,39
5,shuming_410_00000037#0,1,1,6,10,7
5,shuming_410_00000037#9,1,1,10,10,45
5,shuming_461_00000082#0,1,1,10,10,53
5,shuming_461_00000082#2,1,1,10,10,42
5,shuming_461_00000082#3,1,1,10,10,31
5,shuming_461_00000082#4,1,1,10,10,14
5,shuming_461_00000082#5,1,1,10,10,11
5,shuming_465_00000030#0,1,1,10,10,10
5,shuming_465_00000030#2,1,1,10,10,56
5,shuming_465_00000030#3,1,1,10,10,15
5,shuming_470_00000057#3,1,1,10,10,43
5,shuming_470_00000057#4,1,1,10,10,23
5,shuming_482_00000018#3,1,1,10,10,53
5,shuming_482_00000018#4,1,1,10,10,44
5,shuming_482_00000018#5,1,1,10,10,62
5,shuming_485_00000027#3,1,1,10,10,16
5,shuming_485_00000027#4,1,1,10,10,52
5,shuming_503_00000052#0,1,1,10,10,32
5,shuming_503_00000052#1,1,1,10,10,26
5,shuming_562_00000223#2,1,1,10,10,76
5,shuming_571_00000215#0,1,1,10,10,56
5,shuming_571_00000215#1,1,1,10,10,46
5,shuming_574_00000017#0,1,1,10,10,63
5,shuming_608_00000031#1,1,1,10,10,19
5,shuming_608_00000031#2,1,1,10,10,30
5,shuming_608_00000031#3,1,1,10,10,35
5,shuming_608_00000031#4,1,1,10,10,11
5,shuming_610_00000148#0,1,1,10,10,50
5,shuming_63_00000393#3,1,1,10,10,15
5,shuming_63_00000393#4,1,1,10,10,17
5,shuming_63_00000393#5,1,1,8,10,9
5,shuming_63_00000393#6,1,1,10,10,23
5,shuming_63_00000393#7,1,1,10,10,21
5,shuming_63_00000393#8,1,1,10,10,23
5,shuming_63_00000393#9,1,1,10,10,20
5,shuming_663_00000328#2,1,1,10,10,50
5,shuming_663_00000328#3,1,1,10,10,40
5,shuming_67_00000001#1,1,1,10,10,55
5,shuming_67_00000001#2,1,1,10,10,18
5,shuming_698_00000001#0,1,1,10,10,11
5,shuming_698_00000001#1,1,1,6,10,13
5,shuming_698_00000001#2,1,1,10,10,17
5,shuming_698_00000001#3,1,1,10,10,20
5,shuming_698_00000001#4,1,1,10,10,15
5,shuming_698_00000001#5,1,1,10,10,14
5,shuming_698_00000001#7,1,1,10,10,26
5,shuming_698_00000001#8,1,1,10,10,17
5,shuming_698_00000001#9,1,1,10,10,14
5,shuming_698_00000001#10,1,1,10,10,13
5,shuming_698_00000001#11,1,1,10,10,13
5,shuming_698_00000001#12,1,1,10,10,15
5,shuming_698_00000001#13,1,1,10,10,14
5,shuming_698_00000001#14,1,1,10,10,12
5,shuming_698_00000001#15,1,1,10,10,15
5,shuming_698_00000001#16,1,1,10,10,15
5,shuming_698_00000001#17,1,1,10,10,23
5,shuming_698_00000001#18,1,1,10,10,18
5,shuming_698_00000001#19,1,1,10,10,19
5,shuming_698_00000001#20,1,1,10,10,22
5,shuming_698_00000001#21,1,1,10,10,24
5,shuming_698_00000001#22,1,1,10,10,18
5,shuming_698_00000001#23,1,1,10,10,35
5,shuming_698_00000001#25,1,1,10,10,64
5,shuming_706_00000375#0,1,1,10,10,41
5,shuming_706_00000375#2,1,1,10,10,32
5,shuming_706_00000375#3,1,1,10,10,17
5,shuming_706_00000375#4,1,1,10,10,52
5,shuming_72_00000270#19,1,1,10,10,54
5,shuming_72_00000270#20,1,1,10,10,22
5,shuming_72_00000270#22,1,1,10,10,48
5,shuming_72_00000270#24,1,1,10,10,20
5,shuming_731_00000492#0,1,1,10,10,32
5,shuming_731_00000492#1,1,1,10,10,26
5,shuming_731_00000492#3,1,1,10,10,60
5,shuming_731_00000492#5,1,1,10,10,69
5,shuming_753_00000172#0,1,1,10,10,12
5,shuming_758_00000371#0,1,1,10,10,52
5,shuming_763_00000009#2,1,1,10,10,15
5,shuming_774_00000273#3,1,1,10,10,63
5,shuming_774_00000273#5,1,1,10,10,31
5,shuming_779_00000254#1,1,1,10,10,63
5,shuming_779_00000254#5,1,1,10,10,80
5,shuming_783_00000248#0,1,1,10,10,81
5,shuming_783_00000248#2,1,1,10,10,66
5,shuming_793_00000117#2,1,1,10,10,31
5,shuming_825_00000172#1,1,1,10,10,13
5,shuming_825_00000172#2,1,1,6,10,7
5,shuming_825_00000172#3,1,1,10,10,16
5,shuming_826_00000213#1,1,1,10,10,14
5,shuming_826_00000213#2,1,1,10,10,18
5,shuming_826_00000213#3,1,1,9,10,9
5,shuming_85_00000273#4,1,1,10,10,11
5,shuming_987_00000275#1,1,1,10,10,41
5,shuming_987_00000275#2,1,1,10,10,23
5,shuming_987_00000275#3,1,1,10,10,19
5,shuming_987_00000275#4,1,1,10,10,21
5,shuming_987_00000275#5,1,1,10,10,10
10,00000045#1,1,1,10,10,242
10,00000045#2,1,1,10,10,88
10,00000045#3,1,1,10,10,105
10,00000045#6,1,1,10,10,286
10,00000045#7,1,1,10,10,279
10,00000057#1,1,1,10,10,225
10,00000057#2,1,1,10,10,88
10,00000057#3,1,1,10,10,111
10,00000057#5,1,1,10,10,133
10,00000063#1,1,1,10,10,279
10,00000063#2,1,1,10,10,90
10,00000063#3,1,1,10,10,107
10,00000063#5,1,1,10,10,208
10,00000095#1,1,1,10,10,279
10,00000095#2,1,1,10,10,114
10,00000095#3,1,1,10,10,105
10,00000106#1,1,1,10,10,245
10,00000106#2,1,1,10,10,135
10,00000106#3,1,1,10,10,122
10,00000106#5,1,1,10,10,157
10,00000123#1,1,1,10,10,196
10,00000123#2,1,1,10,10,87
10,00000123#3,1,1,10,10,190
10,00000123#5,1,1,10,10,108
10,00000171#0,1,1,10,10,120
10,00000180#0,1,1,10,10,136
10,00000234#1,1,1,10,10,108
10,00000257#0,1,1,10,10,93
10,00000271#0,1,1,10,10,118
10,00000271#1,1,1,10,10,132
10,00000273#0,1,1,10,10,84
10,00000273#1,1,1,10,10,99
10,000002_080_00000048#0,1,1,10,10,69
10,000002_083_00000169#0,1,1,10,10,14
10,000002_083_00000169#1,1,1,10,10,26
10,000002_083_00000169#2,1,1,10,10,36
10,00000346#0,1,1,10,10,381
10,00000364#0,1,1,10,10,210
10,00000396#0,1,1,10,10,111
10,00000399#0,1,1,10,10,82
10,000003_081_00000171#10,1,1,10,10,76
10,000003_081_00000171#11,1,1,10,10,82
10,00000426#0,1,1,10,10,653
10,00000506#0,1,1,10,10,117
10,000005_004_00000286#4,1,1,10,10,62
10,000005_006_00000001#1,1,1,10,10,68
10,000005_006_00000001#2,1,1,10,10,25
10,000005_019_00000209#0,1,1,10,10,43
10,000005_019_00000209#1,1,1,10,10,31
10,000005_019_00000209#2,1,1,10,10,59
10,000005_027_00000493#1,1,1,10,10,34
10,000005_027_00000493#2,1,1,10,10,38
10,000005_027_00000493#3,1,1,10,10,49
10,000005_027_00000493#4,1,1,10,10,21
10,000005_027_00000493#5,1,1,10,10,25
10,000005_027_00000493#6,1,1,10,10,20
10,000005_027_00000493#7,1,1,10,10,26
10,000005_027_00000493#8,1,1,10,10,74
10,000005_028_00000001#2,1,1,10,10,77
10,000005_028_00000163#2,1,1,10,10,31
10,00000618#2,1,1,10,10,101
10,000006_010_00000389#4,1,1,10,10,58
10,000006_011_00000307#3,1,1,10,10,25
10,000006_011_00000409#8,1,1,10,10,40
10,000006_011_00000409#10,1,1,10,10,54
10,000006_012_00000001#3,1,1,10,10,38
10,000006_012_00000001#6,1,1,10,10,63
10,000006_012_00000001#11,1,1,10,10,69
10,000006_012_00000001#12,1,1,10,10,33
10,000008_003_00000235#1,1,1,10,10,76
10,000008_003_00000235#2,1,1,10,10,59
10,000008_003_00000235#3,1,1,10,10,81
10,000008_003_00000235#4,1,1,10,10,66
10,000008_003_00000235#5,1,1,10,10,68
10,000008_003_00000235#10,1,1,10,10,68
10,000008_003_00000235#11,1,1,10,10,16
10,000008_003_00000352#1,1,1,10,10,66
10,000008_003_00000352#3,1,1,10,10,80
10,000008_003_00000352#5,1,1,10,10,74
10,000008_003_00000352#7,1,1,10,10,75
10,000008_003_00000352#8,1,1,10,10,75
10,000008_003_00000352#9,1,1,10,10,76
10,000008_003_00000352#10,1,1,10,10,64
10,000008_003_00000352#12,1,1,10,10,74
10,000008_003_00000352#13,1,1,10,10,16
10,000008_003_00000469#0,1,1,10,10,85
10,000008_003_00000469#1,1,1,10,10,70
10,000008_003_00000469#2,1,1,10,10,67
10,000008_003_00000469#3,1,1,10,10,78
10,000008_003_00000469#4,1,1,10,10,85
10,000008_003_00000469#6,1,1,10,10,89
10,000008_003_00000469#9,1,1,10,10,31
10,000008_003_00000469#10,1,1,10,10,18
10,000008_004_00000665#2,1,1,10,10,34
10,000008_004_00000665#4,1,1,10,10,39
10,000008_004_00000665#11,1,1,10,10,52
10,000008_004_00000665#12,1,1,10,10,63
10,000008_004_00000665#13,1,1,10,10,37
10,000008_013_00000195#1,1,1,10,10,66
10,000008_013_00000195#2,1,1,10,10,60
10,000008_042_00000273#1,1,1,10,10,40
10,000008_045_00000001#0,1,1,10,10,48
10,000008_045_00000001#2,1,1,10,10,70
10,000008_045_00000001#3,1,1,10,10,14
10,000008_045_00000157#0,1,1,10,10,80
10,000008_045_00000157#4,1,1,10,10,17
10,000008_048_00000361#3,1,1,10,10,42
10,000008_048_00000361#4,1,1,10,10,36
10,000008_048_00000361#5,1,1,4,10,29
10,000009_008_00000241#3,1,1,10,10,78
10,000009_008_00000241#5,1,1,10,10,69
10,000009_008_00000241#6,1,1,10,10,29
10,000009_008_00000241#7,1,1,10,10,76
10,000009_008_00000241#9,1,1,10,10,84
10,000009_033_00000333#1,1,1,10,10,16
10,000009_033_00000333#2,1,1,10,10,38
10,000009_033_00000333#3,1,1,10,10,38
10,000009_033_00000333#4,1,1,10,10,36
10,000009_033_00000333#6,1,1,10,10,51
10,000012_008_00000163#3,1,1,10,10,67
10,000012_008_00000163#4,1,1,10,10,55
10,000012_008_00000163#5,1,1,10,10,48
10,000012_008_00000163#6,1,1,10,10,60
10,000012_008_00000163#8,1,1,10,10,74
10,000012_008_00000163#10,1,1,10,10,17
10,000012_008_00000163#11,1,1,10,10,26
10,000012_008_00000163#12,1,1,10,10,27
10,000012_008_00000163#13,1,1,10,10,15
10,000012_008_00000163#14,1,1,10,10,11
10,000012_009_00000244#1,1,1,10,10,71
10,000012_009_00000244#3,1,1,10,10,68
10,000012_009_00000244#4,1,1,10,10,40
10,000012_009_00000244#5,1,1,10,10,45
10,000012_009_00000244#6,1,1,10,10,21
10,000012_009_00000244#7,1,1,10,10,13
10,000012_009_00000244#8,1,1,10,10,12
10,000012_009_00000244#9,1,1,10,10,14
10,000012_009_00000244#10,1,1,10,10,34
10,000012_009_00000244#11,1,1,10,10,18
10,000012_009_00000244#12,1,1,10,10,18
10,000012_009_00000244#13,1,1,10,10,19
10,000012_009_00000244#14,1,1,8,10,8
10,000012_009_00000325#3,1,1,10,10,82
10,000012_009_00000325#4,1,1,10,10,36
10,000012_009_00000325#5,1,1,10,10,43
10,000012_009_00000325#6,1,1,10,10,28
10,000012_009_00000325#7,1,1,10,10,17
10,000012_009_00000325#8,1,1,10,10,16
10,000012_009_00000325#9,1,1,7,10,8
10,000012_009_00000325#11,1,1,10,10,28
10,000012_009_00000325#12,1,1,10,10,15
10,000012_009_00000325#14,1,1,10,10,22
10,000012_009_00000325#15,1,1,5,10,19
10,000012_009_00000325#16,1,1,10,10,35
10,000012_014_00000184#0,1,1,10,10,33
10,000012_014_00000184#1,1,1,10,10,55
10,000012_014_00000184#3,1,1,10,10,26
10,000012_019_00000151#1,1,1,10,10,59
10,000012_019_00000151#2,1,1,10,10,14
10,000012_019_00000151#4,1,1,10,10,21
10,000012_019_00000151#5,1,1,10,10,14
10,000012_022_00000090#0,1,1,10,10,64
10,000012_022_00000090#1,1,1,10,10,23
10,000012_025_00000313#1,1,1,10,10,11
10,000012_025_00000313#2,1,1,10,10,11
10,000012_025_00000313#3,1,1,10,10,13
10,000012_025_00000313#4,1,1,7,10,7
10,000012_025_00000313#5,1,1,10,10,13
10,000012_025_00000313#6,1,1,8,10,8
10,000012_028_00000250#0,1,1,10,10,64
10,000012_028_00000250#1,1,1,10,10,56
10,000013_001_00000001#1,1,1,10,10,33
10,000013_001_00000001#2,1,1,10,10,34
10,000013_001_00000001#3,1,1,10,10,31
10,000013_002_00000281#1,1,1,10,10,31
10,000013_002_00000281#2,1,1,10,10,36
10,000013_002_00000281#3,1,1,10,10,20
10,000013_023_00000075#1,1,1,10,10,56
10,000013_023_00000075#2,1,1,10,10,68
10,000013_025_00000285#0,1,1,10,10,15
10,000013_025_00000285#1,1,1,10,10,56
10,000013_025_00000285#2,1,1,10,10,20
10,000013_030_00000063#0,1,1,10,10,21
10,000013_030_00000063#1,1,1,10,10,68
10,000013_039_00000063#0,1,1,10,10,41
10,000013_039_00000063#1,1,1,10,10,32
10,000013_039_00000063#3,1,1,10,10,26
10,000013_039_00000063#5,1,1,8,10,8
10,000013_040_suppl_00000167#0,1,1,10,10,79
10,000013_040_suppl_00000333#1,1,1,10,10,50
10,000013_040_suppl_00000333#3,1,1,10,10,80
10,000013_040_suppl_00000333#4,1,1,8,10,8
10,000013_044_00000001#0,1,1,10,10,24
10,000013_044_00000001#1,1,1,10,10,31
10,000013_044_00000001#2,1,1,5,10,72
10,000013_044_00000001#4,0,1,0,10,38
10,000013_044_00000001#5,1,1,5,10,72
10,000013_044_00000001#7,1,1,10,10,62
10,000013_048_00000001#0,1,1,10,10,46
10,000013_048_00000001#1,1,1,2,10,60
10,000013_048_00000001#3,0,1,0,10,49
10,000013_048_00000001#4,1,1,9,10,69
10,000013_056_00000281#2,1,1,10,10,49
10,000013_056_00000281#3,1,1,10,10,16
10,000013_056_00000281#4,1,1,10,10,21
10,000013_056_00000281#6,1,1,10,10,11
10,000013_056_00000281#7,1,1,10,10,12
10,000013_056_00000281#8,1,1,10,10,64
10,000013_056_00000281#9,1,1,10,10,43
10,000013_056_00000281#10,1,1,10,10,32
10,000014_012_00000217#1,1,1,10,10,41
10,000014_012_00000217#2,1,1,10,10,48
10,000014_050_00000273#3,1,1,10,10,47
10,000014_050_00000273#4,1,1,10,10,57
10,000014_050_00000273#5,1,1,10,10,26
10,000014_051_suppl_00000341#2,1,1,10,10,15
10,000014_052_00000131#2,1,1,9,10,22
10,000014_052_00000131#3,1,1,9,10,13
10,000015_004_00000268#0,1,1,10,10,27
10,000015_004_suppl_00000223#2,1,1,10,10,36
10,000016_043_suppl_00000292#1,1,1,10,10,21
10,000016_043_suppl_00000292#2,1,1,10,10,56
10,000016_043_suppl_00000292#4,1,1,10,10,30
10,000016_043_suppl_00000292#5,1,1,10,10,25
10,000016_043_suppl_00000292#6,1,1,10,10,45
10,000016_043_suppl_00000292#8,1,1,10,10,26
10,000016_043_suppl_00000292#9,1,1,10,10,32
10,000016_043_suppl_00000292#10,1,1,10,10,19
10,000016_043_suppl_00000292#11,1,1,10,10,27
10,000016_043_suppl_00000292#12,1,1,10,10,32
10,000016_043_suppl_00000292#14,1,1,10,10,70
10,000016_043_suppl_00000292#17,1,1,10,10,47
10,000016_043_suppl_00000292#20,1,1,10,10,23
10,000016_044_00000085#0,1,1,10,10,83
10,000016_044_00000085#1,1,1,10,10,62
10,000016_044_00000085#3,1,1,10,10,17
10,000016_044_00000085#4,1,1,10,10,65
10,000016_044_00000085#7,1,1,10,10,67
10,000016_044_00000085#10,1,1,10,10,78
10,000016_044_00000169#1,1,1,10,10,37
10,000016_044_00000169#2,1,1,10,10,36
10,000016_044_00000169#3,1,1,10,10,16
10,000016_044_00000169#5,1,1,10,10,15
10,000016_044_00000169#6,1,1,9,10,59
10,000016_044_00000169#8,1,1,10,10,88
10,000016_044_00000169#16,1,1,10,10,73
10,000016_044_00000169#17,1,1,10,10,65
10,000017_011_00000297#3,1,1,10,10,12
10,000017_011_00000297#5,1,1,10,10,68
10,000017_011_00000297#9,1,1,10,10,26
10,000017_011_00000297#10,1,1,10,10,86
10,000017_011_00000297#11,1,1,10,10,59
10,000017_011_00000297#13,1,1,10,10,43
10,000017_012_00000135#2,1,1,10,10,36
10,000017_020_00000214#0,1,1,10,10,21
10,000017_020_00000214#2,1,1,10,10,27
10,000017_020_suppl_00000356#0,1,1,10,10,20
10,000017_020_suppl_00000356#2,1,1,10,10,20
10,000018_006_00000063#0,1,1,10,10,66
10,000019_030_00000072#1,1,1,10,10,23
10,000019_030_00000072#2,1,1,10,10,72
10,000019_030_00000072#3,1,1,10,10,54
10,000019_030_00000072#4,1,1,10,10,21
10,000019_030_00000072#5,1,1,10,10,10
10,000019_038_00000205#2,1,1,10,10,20
10,000019_038_00000205#3,1,1,10,10,25
10,000019_038_00000205#4,1,1,10,10,21
10,000019_038_00000205#5,1,1,10,10,36
10,000019_038_00000205#6,1,1,10,10,84
10,000019_038_00000205#7,1,1,10,10,70
10,000019_038_00000205#8,1,1,10,10,82
10,000019_041_00000141#2,1,1,10,10,24
10,000019_045_00000145#4,1,1,10,10,46
10,000019_045_00000145#5,1,1,10,10,42
10,000019_045_00000145#7,1,1,10,10,67
10,000020_010_00000089#1,1,1,10,10,60
10,000020_010_00000089#5,1,1,9,10,9
10,000020_010_00000089#6,1,1,10,10,20
10,000020_010_00000089#7,1,1,5,10,8
10,000020_014_00000193#2,1,1,10,10,63
10,000020_014_00000193#3,1,1,10,10,76
10,000020_014_00000193#5,1,1,10,10,54
10,000020_014_00000193#6,1,1,10,10,77
10,000020_018_00000093#0,1,1,10,10,16
10,000020_018_00000093#1,1,1,10,10,24
10,000020_018_00000093#2,1,1,10,10,81
10,000020_018_00000093#3,1,1,10,10,42
10,000021_020_00000131#2,1,1,10,10,76
10,000023_005_00000070#1,1,1,10,10,32
10,000023_005_00000070#2,1,1,10,10,87
10,000023_005_00000070#3,1,1,10,10,63
10,000023_005_00000070#4,1,1,10,10,63
10,000023_005_00000070#5,1,1,10,10,18
10,000023_005_00000070#6,1,1,10,10,23
10,000031#0,1,1,10,10,53
10,000031#1,1,1,10,10,15
10,000031#2,1,1,8,10,8
10,000031#3,1,1,10,10,15
10,000031#6,1,1,10,10,24
10,000031#8,1,1,10,10,53
10,000031#10,1,1,9,10,16
10,000031#11,1,1,10,10,21
10,000066#0,1,1,10,10,31
10,000066#1,1,1,10,10,15
10,000066#2,1,1,10,10,61
10,000066#3,1,1,10,10,39
10,000070#0,1,1,10,10,28
10,000070#1,1,1,10,10,18
10,000070#2,1,1,10,10,52
10,000070#3,1,1,10,10,67
10,000173#1,1,1,10,10,27
10,000303#2,1,1,10,10,67
10,000303#6,1,1,10,10,30
10,000303#7,1,1,10,10,16
10,000328#1,1,1,10,10,58
10,000328#3,1,1,10,10,65
10,000415#1,1,1,10,10,14
10,000415#2,1,1,9,10,9
10,000415#4,1,1,10,10,22
10,000415#5,1,1,10,10,24
10,000415#6,1,1,10,10,12
10,000415#8,1,1,10,10,10
10,000415#10,1,1,10,10,13
10,000415#11,1,1,10,10,12
10,000415#13,1,1,10,10,21
10,000415#14,1,1,10,10,13
10,000415#15,1,1,10,10,17
10,000415#16,1,1,8,10,8
10,000415#17,1,1,9,10,10
10,000415#19,1,1,10,10,37
10,000433#7,1,1,10,10,57
10,000437#0,1,1,10,10,67
10,000437#1,1,1,10,10,75
10,000437#2,1,1,10,10,26
10,000437#5,1,1,10,10,48
10,000484#2,1,1,10,10,37
10,000484#3,1,1,10,10,55
10,000500#0,1,1,10,10,14
10,000500#1,1,1,9,10,9
10,000500#2,1,1,10,10,15
10,000525#0,1,1,10,10,14
10,000525#1,1,1,10,10,30
10,000525#2,1,1,10,10,35
10,000561#0,1,1,10,10,70
10,000561#3,1,1,10,10,63
10,000561#4,1,1,10,10,38
10,000597#2,1,1,10,10,62
10,000597#3,1,1,7,10,29
10,000630#0,1,1,10,10,14
10,000680#5,1,1,10,10,69
10,000707#1,1,1,10,10,13
10,000707#2,1,1,10,10,18
10,000707#3,1,1,8,10,9
10,000707#4,1,1,10,10,25
10,000707#5,1,1,10,10,20
10,000735#1,1,1,10,10,11
10,000738#0,1,1,10,10,26
10,000738#2,1,1,9,10,9
10,000738#3,1,1,10,10,36
10,000756#4,1,1,10,10,34
10,000759#2,1,1,10,10,34
10,000780#0,1,1,10,10,22
10,000780#3,1,1,10,10,90
10,000783#0,1,1,10,10,45
10,000783#1,1,1,10,10,42
10,000783#3,1,1,10,10,38
10,000783#4,1,1,10,10,26
10,000808#1,1,1,10,10,21
10,000820#2,1,1,10,10,58
10,000820#3,1,1,10,10,45
10,000820#4,1,1,10,10,25
10,000820#5,1,1,10,10,27
10,000820#7,1,1,8,10,8
10,000889#5,1,1,10,10,84
10,000889#6,1,1,10,10,40
10,000889#7,1,1,10,10,14
10,000889#8,1,1,10,10,15
10,000889#9,1,1,10,10,22
10,000889#13,1,1,10,10,24
10,000889#14,1,1,10,10,69
10,000943#0,1,1,10,10,16
10,000943#1,1,1,10,10,14
10,000943#2,1,1,10,10,64
10,000943#3,1,1,6,10,7
10,000943#4,1,1,6,10,7
10,000943#6,1,1,7,10,18
10,000943#7,1,1,10,10,23
10,000952#0,1,1,10,10,22
10,001033#1,1,1,10,10,15
10,001033#2,1,1,10,10,31
10,001033#3,1,1,10,10,41
10,001033#9,1,1,7,10,25
10,001033#10,1,1,10,10,21
10,001035#0,1,1,10,10,19
10,001035#1,1,1,10,10,53
10,001035#2,1,1,10,10,76
10,001035#7,1,1,10,10,40
10,001035#9,1,1,10,10,22
10,001035#10,1,1,10,10,63
10,001114#5,1,1,10,10,47
10,001114#6,1,1,10,10,40
10,001114#7,1,1,10,10,12
10,001114#8,1,1,10,10,26
10,001114#10,1,1,10,10,17
10,001123#0,1,1,10,10,31
10,001123#1,1,1,10,10,76
10,001123#2,1,1,10,10,77
10,001123#4,1,1,10,10,64
10,001123#5,1,1,10,10,42
10,001123#6,1,1,10,10,79
10,001123#7,1,1,10,10,86
10,001123#8,1,1,7,10,36
10,001123#9,1,1,10,10,56
10,001123#10,1,1,10,10,62
10,001123#11,1,1,10,10,66
10,001123#12,1,1,10,10,79
10,001123#13,1,1,10,10,31
10,001123#18,1,1,9,10,9
10,001123#19,1,1,10,10,10
10,001123#20,1,1,10,10,49
10,001123#21,1,1,10,10,32
10,001123#22,1,1,10,10,33
10,001135#4,1,1,10,10,64
10,001135#6,1,1,10,10,72
10,001135#7,1,1,5,10,14
10,001157#4,1,1,10,10,14
10,001157#5,1,1,10,10,30
10,001157#8,1,1,10,10,77
10,001157#9,1,1,10,10,68
10,001202#3,1,1,10,10,72
10,001202#4,1,1,10,10,78
10,001202#8,1,1,10,10,23
10,001202#10,1,1,10,10,56
10,001202#11,1,1,10,10,57
10,001202#12,1,1,10,10,42
10,001257#0,1,1,10,10,46
10,001257#3,1,1,10,10,69
10,001257#6,1,1,10,10,27
10,001257#9,1,1,10,10,27
10,001257#10,1,1,10,10,46
10,001257#11,1,1,10,10,31
10,001276#3,1,1,10,10,58
10,001276#7,1,1,10,10,30
10,001276#9,1,1,10,10,54
10,001276#10,1,1,10,10,27
10,001276#11,1,1,10,10,31
10,001276#12,1,1,10,10,25
10,001276#13,1,1,10,10,35
10,001276#14,1,1,10,10,50
10,001276#15,1,1,10,10,25
10,001295#0,1,1,10,10,30
10,001295#1,1,1,10,10,52
10,001295#3,1,1,10,10,10
10,001295#10,1,1,10,10,55
10,001295#11,1,1,10,10,24
10,001295#12,1,1,10,10,17
10,001295#13,1,1,10,10,28
10,001295#14,1,1,10,10,36
10,001295#15,1,1,10,10,24
10,001295#17,1,1,10,10,19
10,001295#18,1,1,10,10,15
10,001295#19,1,1,10,10,17
10,001295#20,1,1,10,10,16
10,001295#21,1,1,10,10,22
10,001295#22,1,1,10,10,26
10,001295#24,1,1,10,10,26
10,001295#26,1,1,9,10,9
10,001409#0,1,1,10,10,39
10,001409#1,1,1,10,10,43
10,001415#0,1,1,10,10,42
10,001415#1,1,1,10,10,44
10,001415#2,1,1,10,10,41
10,001415#3,1,1,10,10,53
10,001443#3,1,1,10,10,53
10,001443#4,1,1,10,10,73
10,001443#6,1,1,10,10,66
10,001443#7,1,1,10,10,67
10,001443#9,1,1,10,10,27
10,001443#10,1,1,10,10,46
10,001461#2,1,1,10,10,28
10,001461#3,1,1,10,10,42
10,001461#4,1,1,10,10,64
10,001461#5,1,1,10,10,36
10,001531#1,1,1,10,10,16
10,001531#2,1,1,10,10,11
10,001531#6,1,1,10,10,28
10,001531#8,1,1,10,10,11
10,001531#10,1,1,10,10,43
10,001558#4,1,1,10,10,31
10,001683#1,1,1,10,10,83
10,001683#6,1,1,10,10,36
10,001683#7,1,1,10,10,46
10,001683#8,1,1,10,10,50
10,001694#1,1,1,10,10,28
10,001694#2,1,1,10,10,64
10,001694#7,1,1,10,10,62
10,001694#8,1,1,10,10,36
10,001694#9,1,1,10,10,50
10,001694#10,1,1,10,10,27
10,001694#11,1,1,10,10,28
10,001694#12,1,1,10,10,22
10,001694#13,1,1,10,10,27
10,001694#14,1,1,10,10,31
10,001707#1,1,1,10,10,22
10,001707#2,1,1,10,10,68
10,001707#7,1,1,10,10,62
10,001707#8,1,1,10,10,36
10,001707#9,1,1,10,10,31
10,001707#10,1,1,10,10,34
10,001707#11,1,1,10,10,57
10,001707#12,1,1,10,10,19
10,001712#1,1,1,10,10,72
10,001712#6,1,1,10,10,58
10,001712#7,1,1,10,10,16
10,001712#8,1,1,10,10,36
10,001712#9,1,1,10,10,55
10,001712#10,1,1,10,10,25
10,001712#11,1,1,10,10,23
10,001712#12,1,1,10,10,27
10,001724#1,1,1,10,10,11
10,001724#3,1,1,10,10,56
10,001724#7,1,1,10,10,84
10,001724#8,1,1,10,10,34
10,001724#9,1,1,10,10,30
10,001724#10,1,1,10,10,27
10,001724#11,1,1,10,10,34
10,001724#12,1,1,10,10,38
10,001737#3,1,1,10,10,54
10,001737#7,1,1,10,10,76
10,001737#8,1,1,8,10,8
10,001737#9,1,1,10,10,15
10,001737#10,1,1,10,10,36
10,001737#11,1,1,10,10,30
10,001737#12,1,1,10,10,38
10,001737#13,1,1,10,10,30
10,001742#0,1,1,10,10,41
10,001763#0,1,1,10,10,25
10,001785#0,1,1,10,10,50
10,001785#1,1,1,10,10,51
10,001785#2,1,1,10,10,80
10,001851#0,1,1,10,10,48
10,001851#8,1,1,10,10,25
10,001851#9,1,1,10,10,27
10,001851#10,1,1,10,10,31
10,001851#11,1,1,10,10,25
10,001851#12,1,1,10,10,27
10,001851#13,1,1,10,10,50
10,001851#14,1,1,10,10,27
10,001862#0,1,1,10,10,48
10,001862#8,1,1,10,10,21
10,001862#9,1,1,10,10,27
10,001862#10,1,1,10,10,54
10,001862#11,1,1,10,10,21
10,001862#12,1,1,10,10,20
10,001862#13,1,1,10,10,32
10,001862#14,1,1,10,10,29
10,001862#15,1,1,10,10,37
10,001873#0,1,1,10,10,48
10,001873#4,1,1,10,10,73
10,001873#8,1,1,10,10,26
10,001873#9,1,1,10,10,50
10,001873#10,1,1,10,10,14
10,001873#11,1,1,10,10,27
10,001873#12,1,1,10,10,26
10,001873#13,1,1,10,10,27
10,001881#0,1,1,10,10,48
10,001881#4,1,1,10,10,73
10,001881#8,1,1,10,10,25
10,001881#9,1,1,10,10,54
10,001881#10,1,1,10,10,22
10,001884#0,1,1,10,10,52
10,001884#4,1,1,10,10,73
10,001884#8,1,1,10,10,21
10,001884#9,1,1,10,10,57
10,001884#10,1,1,10,10,25
10,001884#11,1,1,10,10,23
10,001884#12,1,1,10,10,20
10,001884#13,1,1,10,10,17
10,001884#14,1,1,10,10,27
10,001898#0,1,1,10,10,52
10,001898#4,1,1,10,10,74
10,001898#7,1,1,10,10,22
10,001898#8,1,1,10,10,20
10,001898#9,1,1,10,10,21
10,001898#10,1,1,10,10,24
10,001898#11,1,1,10,10,36
10,001898#12,1,1,10,10,55
10,001898#13,1,1,10,10,27
10,001898#14,1,1,10,10,24
10,001970#1,1,1,10,10,73
10,001970#3,1,1,10,10,36
10,001970#7,1,1,10,10,65
10,001970#8,1,1,10,10,26
10,001970#9,1,1,10,10,41
10,001970#10,1,1,10,10,27
10,002048#2,1,1,10,10,68
10,002048#3,1,1,10,10,53
10,002048#4,1,1,10,10,76
10,002048#7,1,1,10,10,37
10,002048#8,1,1,10,10,19
10,002048#9,1,1,10,10,40
10,002048#10,1,1,10,10,41
10,002097#3,1,1,10,10,67
10,002097#4,1,1,10,10,75
10,002097#7,1,1,10,10,22
10,002097#8,1,1,10,10,29
10,002097#9,1,1,10,10,32
10,002097#10,1,1,10,10,32
10,002102#0,1,1,10,10,63
10,002102#1,1,1,10,10,67
10,002102#2,1,1,10,10,64
10,002102#3,1,1,10,10,55
10,002102#4,1,1,10,10,59
10,002102#5,1,1,10,10,40
10,002102#6,1,1,10,10,56
10,002102#7,1,1,10,10,56
10,002102#8,1,1,10,10,50
10,002156#0,1,1,10,10,40
10,002156#1,1,1,10,10,28
10,002156#2,1,1,10,10,38
10,002156#3,1,1,10,10,59
10,002156#4,1,1,10,10,81
10,002156#7,1,1,10,10,46
10,002156#8,1,1,10,10,34
10,002156#9,1,1,10,10,53
10,002207#0,1,1,10,10,11
10,002207#1,1,1,10,10,49
10,002235#3,1,1,10,10,36
10,002235#5,1,1,10,10,55
10,002235#6,1,1,3,10,17
10,002235#7,1,1,10,10,27
10,002235#10,1,1,10,10,10
10,002265#3,1,1,10,10,15
10,002265#4,1,1,10,10,13
10,002276#0,1,1,10,10,41
10,002276#1,1,1,10,10,18
10,002276#2,1,1,10,10,32
10,002276#3,1,1,10,10,53
10,002276#6,1,1,10,10,46
10,002331#2,1,1,10,10,49
10,002331#3,1,1,10,10,37
10,002331#4,1,1,10,10,75
10,002331#16,1,1,10,10,14
10,002331#18,1,1,8,10,21
10,002334#1,1,1,10,10,11
10,002334#8,1,1,10,10,56
10,002334#9,1,1,10,10,18
10,002338#0,1,1,10,10,62
10,002338#1,1,1,10,10,70
10,002338#4,1,1,10,10,73
10,002338#5,1,1,10,10,44
10,002357#0,1,1,10,10,23
10,002357#1,1,1,10,10,35
10,002357#2,1,1,10,10,72
10,002357#3,1,1,10,10,43
10,002359#0,1,1,10,10,29
10,002359#1,1,1,10,10,43
10,002359#2,1,1,10,10,45
10,002359#3,1,1,10,10,27
10,002378#0,1,1,10,10,34
10,002378#1,1,1,10,10,11
10,002378#3,1,1,10,10,66
10,002378#5,1,1,10,10,73
10,002378#6,1,1,10,10,19
10,002380#2,1,1,10,10,77
10,002380#3,1,1,10,10,55
10,002380#4,1,1,10,10,19
10,002380#5,1,1,8,10,8
10,002380#6,1,1,10,10,45
10,002380#7,1,1,10,10,14
10,002380#8,1,1,10,10,15
10,002380#9,1,1,10,10,25
10,002413#0,1,1,10,10,23
10,002517#1,1,1,10,10,48
10,002517#2,1,1,10,10,16
10,002517#4,1,1,10,10,23
10,002517#5,1,1,10,10,76
10,002584#4,1,1,9,10,11
10,002584#6,1,1,10,10,11
10,002625#6,1,1,10,10,17
10,002625#8,1,1,10,10,26
10,002625#10,1,1,10,10,27
10,002625#13,1,1,10,10,22
10,002625#14,1,1,10,10,73
10,002625#18,1,1,10,10,29
10,002625#19,1,1,10,10,13
10,002625#20,1,1,10,10,70
10,002625#21,1,1,10,10,82
10,002625#22,1,1,10,10,36
10,002625#23,1,1,10,10,34
10,002625#24,1,1,10,10,65
10,002625#25,1,1,10,10,11
10,002625#26,1,1,7,10,48
10,002625#27,1,1,6,10,25
10,002625#28,1,1,10,10,37
10,002625#29,1,1,10,10,63
10,002625#30,1,1,10,10,23
10,002625#31,1,1,10,10,34
10,002625#32,1,1,10,10,45
10,002625#33,1,1,10,10,12
10,002627#5,1,1,10,10,20
10,002627#7,1,1,10,10,17
10,002627#11,1,1,10,10,74
10,002627#12,1,1,10,10,32
10,002627#15,1,1,10,10,69
10,002627#17,1,1,10,10,73
10,002627#18,1,1,10,10,74
10,002627#19,1,1,10,10,18
10,002627#22,1,1,10,10,87
10,002627#23,1,1,10,10,71
10,002627#26,1,1,10,10,80
10,002627#27,1,1,10,10,81
10,002627#28,1,1,10,10,48
10,002627#30,1,1,10,10,39
10,002627#31,1,1,10,10,50
10,002627#32,1,1,10,10,55
10,002671#7,1,1,10,10,51
10,002671#9,1,1,10,10,25
10,002671#11,1,1,10,10,39
10,002671#12,1,1,10,10,63
10,002671#13,1,1,10,10,45
10,002671#14,1,1,10,10,30
10,002671#15,1,1,10,10,30
10,002671#16,1,1,10,10,18
10,002671#17,1,1,10,10,45
10,002671#18,1,1,10,10,18
10,002671#19,1,1,10,10,57
10,002671#20,1,1,10,10,46
10,002671#21,1,1,10,10,23
10,002671#22,1,1,10,10,23
10,002671#23,1,1,10,10,46
10,002671#24,1,1,10,10,59
10,002677#0,1,1,10,10,63
10,002677#1,1,1,10,10,40
10,002677#16,1,1,10,10,14
10,002677#17,1,1,10,10,24
10,002677#18,1,1,10,10,76
10,002707#11,1,1,10,10,22
10,002707#12,1,1,10,10,25
10,002707#13,1,1,10,10,62
10,002750#1,1,1,10,10,15
10,002750#4,1,1,10,10,42
10,002750#12,1,1,9,10,13
10,002750#13,1,1,10,10,12
10,002750#14,1,1,10,10,10
10,002750#16,1,1,8,10,8
10,002750#18,1,1,10,10,14
10,002750#19,1,1,10,10,22
10,002750#20,1,1,10,10,28
10,002750#21,1,1,10,10,28
10,002750#22,1,1,10,10,53
10,002750#23,1,1,10,10,25
10,002750#25,1,1,10,10,51
10,002762#1,1,1,10,10,17
10,002839#1,1,1,10,10,21
10,002839#2,1,1,10,10,25
10,002839#3,1,1,10,10,48
10,002839#4,1,1,10,10,31
10,002842#3,1,1,10,10,25
10,002842#4,1,1,10,10,21
10,002844#1,1,1,10,10,42
10,002844#2,1,1,10,10,21
10,002844#3,1,1,10,10,38
10,002935#0,1,1,10,10,17
10,002935#1,1,1,7,10,13
10,002955#0,1,1,10,10,72
10,002955#1,1,1,10,10,47
10,002955#4,1,1,10,10,32
10,002955#5,1,1,10,10,21
10,002955#6,1,1,10,10,37
10,002955#7,1,1,10,10,68
10,002955#8,1,1,10,10,61
10,002955#9,1,1,10,10,11
10,002955#10,1,1,10,10,42
10,002955#11,1,1,10,10,42
10,002955#12,1,1,10,10,57
10,002955#13,1,1,10,10,67
10,002955#14,1,1,10,10,73
10,002955#16,1,1,10,10,49
10,002955#17,1,1,10,10,81
10,002955#20,1,1,10,10,15
10,002955#23,1,1,10,10,29
10,002955#24,1,1,7,10,7
10,002987#0,1,1,10,10,16
10,002987#1,1,1,9,10,9
10,002987#2,1,1,10,10,23
10,002987#3,1,1,10,10,14
10,002987#4,1,1,10,10,34
10,002987#6,1,1,10,10,64
10,002987#7,1,1,10,10,73
10,002987#8,1,1,10,10,28
10,002987#9,1,1,10,10,14
10,002987#10,1,1,10,10,15
10,002987#11,1,1,10,10,15
10,002987#12,1,1,8,10,8
10,002987#13,1,1,10,10,34
10,002987#14,1,1,10,10,20
10,002987#15,1,1,10,10,37
10,003007#6,1,1,8,10,9
10,003007#8,1,1,10,10,41
10,003007#9,1,1,10,10,24
10,003013#6,1,1,10,10,20
10,003017#4,1,1,10,10,12
10,003026#4,1,1,9,10,17
10,003056#1,1,1,10,10,24
10,003056#2,1,1,10,10,15
10,003056#3,1,1,10,10,15
10,003056#4,1,1,10,10,11
10,003056#7,1,1,10,10,38
10,003056#8,1,1,9,10,9
10,003056#9,1,1,10,10,27
10,003056#10,1,1,10,10,18
10,003056#11,1,1,10,10,61
10,003148#0,1,1,10,10,61
10,003148#2,1,1,10,10,63
10,003148#3,1,1,10,10,42
10,003148#6,1,1,10,10,47
10,003148#7,1,1,7,10,8
10,003148#8,1,1,7,10,8
10,003160#0,1,1,10,10,42
10,003160#1,1,1,10,10,28
10,003160#2,1,1,9,10,31
10,003160#3,1,1,10,10,27
10,003160#4,1,1,10,10,31
10,003160#5,1,1,10,10,84
10,003160#7,1,1,10,10,37
10,003160#8,1,1,10,10,69
10,003160#9,1,1,10,10,19
10,003160#11,1,1,10,10,78
10,003160#13,1,1,10,10,37
10,003160#14,1,1,10,10,11
10,003160#15,1,1,10,10,55
10,003160#17,1,1,10,10,43
10,003160#18,1,1,10,10,72
10,003160#19,1,1,10,10,26
10,003160#20,1,1,10,10,18
10,003160#21,1,1,10,10,46
10,003198#1,1,1,10,10,64
10,003198#4,1,1,10,10,42
10,003257#5,1,1,10,10,58
10,003262#0,1,1,9,10,28
10,003262#1,1,1,10,10,31
10,003262#4,1,1,10,10,27
10,003262#14,1,1,10,10,10
10,003262#16,1,1,9,10,10
10,003262#17,1,1,10,10,14
10,003262#21,1,1,10,10,16
10,003262#23,1,1,10,10,22
10,003262#24,1,1,10,10,18
10,003262#28,1,1,10,10,50
10,003262#29,1,1,5,10,7
10,003262#30,1,1,10,10,73
10,003273#1,1,1,10,10,73
10,003273#3,1,1,10,10,68
10,003273#4,1,1,10,10,45
10,003273#5,1,1,10,10,12
10,003273#6,1,1,10,10,87
10,003273#8,1,1,10,10,35
10,003273#9,1,1,10,10,19
10,003273#10,1,1,10,10,42
10,003273#11,1,1,10,10,17
10,003273#13,1,1,10,10,20
10,003288#0,1,1,10,10,74
10,003288#3,1,1,10,10,37
10,003288#4,1,1,10,10,27
10,003288#5,1,1,10,10,20
10,003288#6,1,1,10,10,20
10,003288#7,1,1,10,10,16
10,003288#8,1,1,10,10,14
10,003288#9,1,1,10,10,16
10,003288#10,1,1,10,10,18
10,003288#11,1,1,10,10,14
10,003288#12,1,1,10,10,27
10,003288#13,1,1,10,10,33
10,003288#14,1,1,9,10,13
10,003288#16,1,1,10,10,21
10,003288#18,1,1,10,10,69
10,003304#0,1,1,10,10,42
10,003304#1,1,1,10,10,36
10,003304#2,1,1,10,10,14
10,003304#3,1,1,10,10,48
10,003304#4,1,1,10,10,20
10,003304#8,1,1,10,10,25
10,003304#9,1,1,10,10,41
10,003304#11,1,1,10,10,42
10,003304#12,1,1,10,10,30
10,003304#13,1,1,10,10,13
10,003317#1,1,1,10,10,29
10,003317#2,1,1,8,10,26
10,003317#3,1,1,10,10,29
10,003317#5,1,1,10,10,50
10,003317#6,1,1,10,10,23
10,003317#7,1,1,10,10,27
10,003317#8,1,1,10,10,49
10,003317#9,1,1,10,10,30
10,003317#12,1,1,10,10,12
10,003317#14,1,1,8,10,55
10,003317#15,1,1,10,10,70
10,003317#16,1,1,10,10,43
10,003348#0,1,1,10,10,30
10,003353#0,1,1,10,10,14
10,003408#1,1,1,10,10,22
10,003411#0,1,1,10,10,41
10,003411#1,1,1,10,10,52
10,003411#2,1,1,10,10,57
10,003411#3,1,1,10,10,50
10,003419#0,1,1,10,10,84
10,003419#5,1,1,10,10,22
10,003419#13,1,1,9,10,24
10,003419#14,1,1,10,10,30
10,003419#17,1,1,10,10,30
10,003419#18,1,1,10,10,34
10,003419#19,1,1,10,10,18
10,003419#21,1,1,10,10,36
10,003425#5,1,1,10,10,17
10,003425#6,1,1,9,10,13
10,003425#7,1,1,10,10,11
10,003425#10,1,1,10,10,18
10,003425#12,1,1,10,10,44
10,003425#13,1,1,10,10,46
10,003460#0,1,1,10,10,26
10,003460#1,1,1,10,10,64
10,003460#3,1,1,10,10,80
10,003460#5,1,1,10,10,25
10,003460#6,1,1,10,10,73
10,003472#0,1,1,10,10,31
10,003472#1,1,1,10,10,68
10,003472#2,1,1,10,10,20
10,003472#3,1,1,10,10,71
10,003475#1,1,1,10,10,41
10,003475#2,1,1,10,10,22
10,003475#3,1,1,10,10,51
10,003475#5,1,1,10,10,46
10,003475#6,1,1,10,10,70
10,003475#10,1,1,10,10,21
10,003475#11,1,1,10,10,31
10,003487#0,1,1,10,10,53
10,003487#2,1,1,10,10,62
10,003489#0,1,1,10,10,24
10,003489#2,1,1,10,10,31
10,003489#3,1,1,10,10,55
10,003489#4,1,1,10,10,25
10,003489#5,1,1,10,10,35
10,003489#9,1,1,10,10,26
10,003489#14,1,1,10,10,37
10,003526#0,1,1,10,10,18
10,003526#3,1,1,10,10,13
10,003532#0,1,1,10,10,18
10,003532#1,1,1,10,10,42
10,003546#0,1,1,10,10,27
10,003546#1,1,1,10,10,28
10,003546#2,1,1,10,10,37
10,003592#0,1,1,10,10,23
10,003592#1,1,1,10,10,23
10,003592#2,1,1,10,10,31
10,003592#3,1,1,10,10,20
10,003595#3,1,1,10,10,27
10,003595#4,1,1,10,10,30
10,003595#5,1,1,10,10,21
10,003595#6,1,1,10,10,46
10,003603#3,1,1,10,10,32
10,003653#3,1,1,10,10,15
10,003653#5,1,1,10,10,20
10,003653#6,1,1,10,10,18
10,003653#7,1,1,10,10,14
10,003653#8,1,1,10,10,11
10,003653#9,1,1,10,10,12
10,003653#11,1,1,10,10,36
10,003653#12,1,1,10,10,51
10,003653#14,1,1,8,10,8
10,003653#16,1,1,9,10,9
10,003653#17,1,1,10,10,26
10,003653#18,1,1,8,10,8
10,003679#4,1,1,10,10,50
10,003679#5,1,1,10,10,27
10,003679#7,1,1,10,10,25
10,003679#8,1,1,10,10,32
10,003703#0,1,1,10,10,50
10,003739#0,1,1,10,10,30
10,003739#1,1,1,10,10,35
10,003739#2,1,1,10,10,17
10,003739#3,1,1,10,10,11
10,003739#5,1,1,10,10,16
10,003739#6,1,1,7,10,12
10,003739#7,1,1,10,10,26
10,003739#8,1,1,10,10,16
10,003757#0,1,1,10,10,76
10,003757#7,1,1,10,10,27
10,003757#8,1,1,9,10,10
10,003757#10,1,1,9,10,21
10,003757#14,1,1,10,10,13
10,003757#15,1,1,10,10,15
10,003757#16,1,1,8,10,11
10,003769#0,1,1,10,10,56
10,003838#0,1,1,10,10,72
10,003863#1,1,1,10,10,21
10,003863#3,1,1,10,10,17
10,003863#5,1,1,10,10,33
10,003863#7,1,1,10,10,24
10,003863#9,1,1,10,10,13
10,003863#10,1,1,10,10,12
10,003863#11,1,1,10,10,18
10,003895#2,1,1,10,10,55
10,003896#0,1,1,10,10,43
10,003896#1,1,1,10,10,19
10,003902#0,1,1,10,10,41
10,003902#1,1,1,10,10,15
10,003902#3,1,1,10,10,18
10,003902#4,1,1,10,10,30
10,003902#5,1,1,10,10,18
10,003902#6,1,1,10,10,41
10,003904#0,1,1,10,10,33
10,003904#1,1,1,10,10,19
10,003941#0,1,1,10,10,27
10,003941#1,1,1,10,10,17
10,003941#3,1,1,10,10,12
10,003941#5,1,1,10,10,25
10,003941#7,1,1,10,10,20
10,003941#8,1,1,10,10,26
10,003941#10,1,1,10,10,17
10,003941#11,1,1,10,10,26
10,003941#12,1,1,10,10,17
10,003941#13,1,1,10,10,20
10,003941#14,1,1,10,10,18
10,003941#15,1,1,10,10,22
10,003941#16,1,1,10,10,69
10,003941#20,1,1,8,10,10
10,003941#21,1,1,10,10,25
10,003941#22,1,1,10,10,13
10,003941#24,1,1,10,10,37
10,003941#25,1,1,10,10,18
10,003941#26,1,1,10,10,21
10,003941#27,1,1,10,10,18
10,003941#29,1,1,10,10,17
10,003941#30,1,1,10,10,34
10,003982#5,1,1,10,10,26
10,003982#6,1,1,10,10,15
10,003982#8,1,1,10,10,13
10,003982#11,1,1,10,10,19
10,003982#14,1,1,10,10,29
10,003982#19,1,1,6,10,9
10,003982#20,1,1,6,10,10
10,003982#23,1,1,10,10,25
10,003982#24,1,1,10,10,10
10,003982#30,1,1,10,10,12
10,003982#32,1,1,8,10,14
10,003982#34,1,1,10,10,11
10,003982#36,1,1,10,10,46
10,003982#41,1,1,10,10,10
10,003982#42,1,1,10,10,11
10,003982#43,1,1,10,10,13
10,003982#47,1,1,10,10,57
10,003982#48,1,1,10,10,16
10,003982#49,1,1,10,10,69
10,003982#50,1,1,10,10,34
10,003982#53,1,1,7,10,10
10,003982#57,1,1,10,10,18
10,003982#58,1,1,10,10,18
10,003982#60,1,1,10,10,16
10,003982#61,1,1,10,10,15
10,003982#62,1,1,10,10,17
10,003987#5,1,1,10,10,32
10,003987#6,1,1,10,10,28
10,003987#10,1,1,10,10,66
10,003987#11,1,1,10,10,71
10,003987#15,1,1,10,10,33
10,003987#16,1,1,10,10,42
10,003987#23,1,1,9,10,11
10,003987#27,1,1,10,10,11
10,003987#35,1,1,10,10,26
10,003987#38,1,1,10,10,19
10,003987#39,1,1,10,10,17
10,003987#40,1,1,10,10,16
10,003987#41,1,1,10,10,13
10,003987#43,1,1,10,10,10
10,003987#46,1,1,8,10,8
10,003987#47,1,1,10,10,15
10,003987#49,1,1,10,10,12
10,003987#50,1,1,10,10,15
10,003987#51,1,1,10,10,15
10,003987#52,1,1,10,10,10
10,003987#53,1,1,10,10,19
10,003987#55,1,1,10,10,31
10,hehe_173_000002_024_00000105#2,0,1,0,10,11
10,hehe_173_000002_024_00000105#4,1,1,6,10,11
10,hehe_173_000002_024_00000105#6,1,1,11,10,23
10,hehe_173_000002_024_00000105#7,1,1,10,10,15
10,hehe_173_000002_024_00000105#9,1,1,10,10,31
10,hehe_173_000002_024_00000105#10,1,1,10,10,25
10,hehe_173_000002_024_00000105#11,1,1,10,10,11
10,hehe_173_000002_024_00000105#13,1,1,10,10,31
10,hehe_173_000002_024_00000105#15,1,1,10,10,76
10,hehe_186_000002_028_00000050#1,1,1,10,10,77
10,hehe_22_00000004#0,1,1,10,10,29
10,hehe_22_00000004#2,1,1,10,10,23
10,hehe_22_00000004#4,1,1,10,10,69
10,hehe_22_00000004#6,1,1,10,10,57
10,hehe_22_00000004#7,1,1,10,10,70
10,hehe_22_00000004#9,1,1,8,10,11
10,hehe_230_000002_043_00000061#1,1,1,10,10,69
10,hehe_230_000002_043_00000061#6,1,1,10,10,62
10,hehe_230_000002_043_00000061#7,1,1,10,10,58
10,hehe_230_000002_043_00000061#10,1,1,10,10,31
10,hehe_230_000002_043_00000061#11,1,1,10,10,37
10,hehe_230_000002_043_00000061#13,1,1,10,10,19
10,hehe_230_000002_043_00000061#14,1,1,8,10,12
10,hehe_232_000002_043_00000181#0,1,1,8,10,8
10,hehe_232_000002_043_00000181#1,1,1,10,10,22
10,hehe_232_000002_043_00000181#2,1,1,10,10,57
10,hehe_232_000002_043_00000181#3,1,1,10,10,36
10,hehe_232_000002_043_00000181#8,1,1,10,10,57
10,hehe_274_000002_060_00000105#1,1,1,10,10,67
10,hehe_274_000002_060_00000105#5,1,1,10,10,28
10,hehe_274_000002_060_00000105#6,1,1,10,10,11
10,hehe_40_00000033#1,1,1,10,10,26
10,hehe_40_00000033#2,1,1,7,10,46
10,hehe_40_00000033#3,1,1,4,10,40
10,hehe_40_00000033#5,1,1,10,10,40
10,hehe_45_00000001#2,1,1,10,10,42
10,hehe_45_00000001#4,1,1,10,10,28
10,hehe_45_00000001#5,1,1,10,10,49
10,hehe_45_00000001#6,1,1,10,10,40
10,hehe_45_00000001#7,1,1,10,10,60
10,hehe_45_00000001#8,1,1,10,10,34
10,hehe_45_00000001#9,1,1,10,10,46
10,hehe_52_00000107#0,1,1,10,10,19
10,hehe_52_00000107#1,1,1,8,10,8
10,hehe_61_00000090#2,1,1,10,10,76
10,hehe_61_00000090#3,1,1,10,10,39
10,hehe_61_00000090#4,1,1,10,10,20
10,hehe_61_00000090#9,1,1,10,10,64
10,hehe_61_00000090#10,1,1,10,10,50
10,hehe_61_00000090#11,1,1,10,10,84
10,hehe_65_00000229#2,1,1,10,10,59
10,hehe_65_00000229#3,1,1,10,10,32
10,hehe_65_00000229#4,1,1,10,10,30
10,hehe_65_00000229#6,1,1,10,10,16
10,hehe_65_00000229#7,1,1,9,10,21
10,hehe_6_00000054#0,1,1,10,10,12
10,hehe_6_00000054#2,1,1,10,10,35
10,hehe_6_00000054#3,1,1,10,10,32
10,hehe_6_00000054#4,1,1,10,10,27
10,hehe_6_00000054#6,1,1,10,10,76
10,hehe_6_00000054#13,1,1,9,10,74
10,hehe_6_00000054#16,1,1,10,10,32
10,hehe_6_00000054#17,1,1,10,10,38
10,hehe_86_00000253#0,1,1,10,10,45
10,hehe_86_00000253#3,1,1,10,10,58
10,hehe_87_00000315#1,1,1,10,10,39
10,hehe_87_00000315#2,1,1,10,10,40
10,hehe_87_00000315#3,1,1,10,10,33
10,hehe_87_00000315#4,1,1,10,10,20
10,hehe_87_00000315#5,1,1,10,10,30
10,hehe_87_00000315#6,1,1,10,10,14
10,shuming_1007_00000230#0,1,1,10,10,38
10,shuming_1007_00000230#3,1,1,10,10,43
10,shuming_1007_00000230#4,1,1,9,10,36
10,shuming_1007_00000230#5,1,1,10,10,46
10,shuming_1007_00000230#7,1,1,10,10,63
10,shuming_1007_00000230#10,1,1,10,10,62
10,shuming_1007_00000230#11,1,1,10,10,39
10,shuming_1007_00000230#12,1,1,10,10,34
10,shuming_1007_00000230#13,1,1,10,10,10
10,shuming_1007_00000230#14,1,1,6,10,7
10,shuming_1007_00000230#15,1,1,10,10,79
10,shuming_1007_00000230#16,1,1,10,10,47
10,shuming_1007_00000230#17,1,1,10,10,19
10,shuming_1007_00000230#18,1,1,10,10,13
10,shuming_1007_00000230#20,1,1,10,10,20
10,shuming_1007_00000230#21,1,1,10,10,69
10,shuming_1007_00000230#22,1,1,10,10,27
10,shuming_1007_00000230#23,1,1,10,10,22
10,shuming_1013_00000065#0,1,1,10,10,87
10,shuming_1013_00000065#1,1,1,10,10,41
10,shuming_1013_00000065#3,1,1,10,10,26
10,shuming_1028_00000411#3,1,1,10,10,55
10,shuming_1028_00000411#4,1,1,10,10,10
10,shuming_1028_00000411#5,1,1,10,10,15
10,shuming_1064_00000087#0,1,1,10,10,34
10,shuming_1064_00000087#1,1,1,10,10,55
10,shuming_1064_00000087#2,1,1,10,10,56
10,shuming_1064_00000087#3,1,1,10,10,72
10,shuming_1064_00000087#4,1,1,10,10,69
10,shuming_1064_00000087#6,1,1,10,10,26
10,shuming_1064_00000087#7,1,1,10,10,54
10,shuming_1064_00000087#8,1,1,10,10,86
10,shuming_1076_00000257#1,1,1,10,10,31
10,shuming_1076_00000257#2,1,1,10,10,29
10,shuming_1076_00000257#3,1,1,10,10,20
10,shuming_1076_00000257#4,1,1,10,10,19
10,shuming_1076_00000257#5,1,1,10,10,23
10,shuming_1079_00000233#3,1,1,10,10,18
10,shuming_1079_00000233#4,1,1,10,10,12
10,shuming_1079_00000233#6,1,1,10,10,35
10,shuming_1080_00000016#0,1,1,10,10,72
10,shuming_1080_00000016#4,1,1,10,10,10
10,shuming_1132_00000385#2,1,1,10,10,29
10,shuming_1132_00000385#3,1,1,9,10,32
10,shuming_1132_00000385#4,1,1,10,10,25
10,shuming_1135_00000213#0,1,1,10,10,76
10,shuming_1148_00000041#0,1,1,10,10,74
10,shuming_1157_00000010#0,1,1,10,10,72
10,shuming_1157_00000010#1,1,1,10,10,32
10,shuming_1157_00000010#2,1,1,10,10,18
10,shuming_1180_00000231#3,1,1,10,10,49
10,shuming_24_00000001#0,1,1,10,10,40
10,shuming_24_00000001#1,1,1,10,10,62
10,shuming_340_00000020#1,1,1,10,10,21
10,shuming_340_00000020#19,1,1,10,10,11
10,shuming_340_00000020#22,1,1,7,10,7
10,shuming_340_00000020#23,1,1,10,10,12
10,shuming_340_00000020#26,1,1,9,10,9
10,shuming_340_00000020#30,1,1,9,10,9
10,shuming_340_00000020#31,1,1,10,10,12
10,shuming_340_00000020#38,1,1,10,10,10
10,shuming_35_00000199#0,1,1,10,10,73
10,shuming_35_00000199#3,1,1,10,10,36
10,shuming_35_00000199#4,1,1,10,10,26
10,shuming_35_00000199#5,1,1,5,10,87
10,shuming_35_00000199#6,1,1,10,10,18
10,shuming_35_00000199#8,1,1,10,10,14
10,shuming_35_00000199#9,1,1,8,10,8
10,shuming_35_00000199#11,1,1,10,10,39
10,shuming_410_00000037#0,1,1,6,10,7
10,shuming_410_00000037#9,1,1,10,10,45
10,shuming_461_00000082#0,1,1,10,10,53
10,shuming_461_00000082#2,1,1,10,10,42
10,shuming_461_00000082#3,1,1,10,10,31
10,shuming_461_00000082#4,1,1,10,10,14
10,shuming_461_00000082#5,1,1,10,10,11
10,shuming_465_00000030#0,1,1,10,10,10
10,shuming_465_00000030#2,1,1,10,10,56
10,shuming_465_00000030#3,1,1,10,10,15
10,shuming_470_00000057#3,1,1,10,10,43
10,shuming_470_00000057#4,1,1,10,10,23
10,shuming_482_00000018#3,1,1,10,10,53
10,shuming_482_00000018#4,1,1,10,10,44
10,shuming_482_00000018#5,1,1,10,10,62
10,shuming_485_00000027#3,1,1,10,10,16
10,shuming_485_00000027#4,1,1,10,10,52
10,shuming_503_00000052#0,1,1,10,10,32
10,shuming_503_00000052#1,1,1,10,10,26
10,shuming_562_00000223#2,1,1,10,10,76
10,shuming_571_00000215#0,1,1,10,10,56
10,shuming_571_00000215#1,1,1,10,10,46
10,shuming_574_00000017#0,1,1,10,10,63
10,shuming_608_00000031#1,1,1,10,10,19
10,shuming_608_00000031#2,1,1,10,10,30
10,shuming_608_00000031#3,1,1,10,10,35
10,shuming_608_00000031#4,1,1,10,10,11
10,shuming_610_00000148#0,1,1,10,10,50
10,shuming_63_00000393#3,1,1,10,10,15
10,shuming_63_00000393#4,1,1,10,10,17
10,shuming_63_00000393#5,1,1,8,10,9
10,shuming_63_00000393#6,1,1,10,10,23
10,shuming_63_00000393#7,1,1,10,10,21
10,shuming_63_00000393#8,1,1,10,10,23
10,shuming_63_00000393#9,1,1,10,10,20
10,shuming_663_00000328#2,1,1,10,10,50
10,shuming_663_00000328#3,1,1,10,10,40
10,shuming_67_00000001#1,1,1,10,10,55
10,shuming_67_00000001#2,1,1,10,10,18
10,shuming_698_00000001#0,1,1,10,10,11
10,shuming_698_00000001#1,1,1,6,10,13
10,shuming_698_00000001#2,1,1,10,10,17
10,shuming_698_00000001#3,1,1,10,10,20
10,shuming_698_00000001#4,1,1,10,10,15
10,shuming_698_00000001#5,1,1,10,10,14
10,shuming_698_00000001#7,1,1,10,10,26
10,shuming_698_00000001#8,1,1,10,10,17
10,shuming_698_00000001#9,1,1,10,10,14
10,shuming_698_00000001#10,1,1,10,10,13
10,shuming_698_00000001#11,1,1,10,10,13
10,shuming_698_00000001#12,1,1,10,10,15
10,shuming_698_00000001#13,1,1,10,10,14
10,shuming_698_00000001#14,1,1,10,10,12
10,shuming_698_00000001#15,1,1,10,10,15
10,shuming_698_00000001#16,1,1,10,10,15
10,shuming_698_00000001#17,1,1,10,10,23
10,shuming_698_00000001#18,1,1,10,10,18
10,shuming_698_00000001#19,1,1,10,10,19
10,shuming_698_00000001#20,1,1,10,10,22
10,shuming_698_00000001#21,1,1,10,10,24
10,shuming_698_00000001#22,1,1,10,10,18
10,shuming_698_00000001#23,1,1,10,10,35
10,shuming_698_00000001#25,1,1,10,10,64
10,shuming_706_00000375#0,1,1,8,10,41
10,shuming_706_00000375#2,1,1,10,10,32
10,shuming_706_00000375#3,1,1,10,10,17
10,shuming_706_00000375#4,1,1,10,10,52
10,shuming_72_00000270#19,1,1,10,10,54
10,shuming_72_00000270#20,1,1,10,10,22
10,shuming_72_00000270#22,1,1,10,10,48
10,shuming_72_00000270#24,1,1,10,10,20
10,shuming_731_00000492#0,1,1,10,10,32
10,shuming_731_00000492#1,1,1,10,10,26
10,shuming_731_00000492#3,1,1,10,10,60
10,shuming_731_00000492#5,1,1,10,10,69
10,shuming_753_00000172#0,1,1,10,10,12
10,shuming_758_00000371#0,1,1,10,10,52
10,shuming_763_00000009#2,1,1,10,10,15
10,shuming_774_00000273#3,1,1,10,10,63
10,shuming_774_00000273#5,1,1,10,10,31
10,shuming_779_00000254#1,1,1,10,10,63
10,shuming_779_00000254#5,1,1,10,10,80
10,shuming_783_00000248#0,1,1,10,10,81
10,shuming_783_00000248#2,1,1,10,10,66
10,shuming_793_00000117#2,1,1,10,10,31
10,shuming_825_00000172#1,1,1,10,10,13
10,shuming_825_00000172#2,1,1,7,10,7
10,shuming_825_00000172#3,1,1,10,10,16
10,shuming_826_00000213#1,1,1,10,10,14
10,shuming_826_00000213#2,1,1,10,10,18
10,shuming_826_00000213#3,1,1,9,10,9
10,shuming_85_00000273#4,1,1,10,10,11
10,shuming_987_00000275#1,1,1,10,10,41
10,shuming_987_00000275#2,1,1,10,10,23
10,shuming_987_00000275#3,1,1,10,10,19
10,shuming_987_00000275#4,1,1,10,10,21
10,shuming_987_00000275#5,1,1,10,10,10
15,00000045#1,1,1,10,10,242
15,00000045#2,1,1,10,10,88
15,00000045#3,1,1,10,10,105
15,00000045#6,1,1,10,10,286
15,00000045#7,1,1,10,10,279
15,00000057#1,1,1,10,10,225
15,00000057#2,1,1,10,10,88
15,00000057#3,1,1,10,10,111
15,00000057#5,1,1,10,10,133
15,00000063#1,1,1,10,10,279
15,00000063#2,1,1,10,10,90
15,00000063#3,1,1,10,10,107
15,00000063#5,1,1,10,10,208
15,00000095#1,1,1,10,10,279
15,00000095#2,1,1,10,10,114
15,00000095#3,1,1,10,10,105
15,00000106#1,1,1,10,10,245
15,00000106#2,1,1,10,10,135
15,00000106#3,1,1,10,10,122
15,00000106#5,1,1,10,10,157
15,00000123#1,1,1,10,10,196
15,00000123#2,1,1,10,10,87
15,00000123#3,1,1,10,10,190
15,00000123#5,1,1,10,10,108
15,00000171#0,1,1,10,10,120
15,00000180#0,1,1,10,10,136
15,00000234#1,1,1,10,10,108
15,00000257#0,1,1,10,10,93
15,00000271#0,1,1,10,10,118
15,00000271#1,1,1,10,10,132
15,00000273#0,1,1,10,10,84
15,00000273#1,1,1,10,10,99
15,000002_080_00000048#0,1,1,10,10,69
15,000002_083_00000169#0,1,1,10,10,14
15,000002_083_00000169#1,1,1,10,10,26
15,000002_083_00000169#2,1,1,10,10,36
15,00000346#0,1,1,10,10,381
15,00000364#0,1,1,10,10,210
15,00000396#0,1,1,10,10,111
15,00000399#0,1,1,10,10,82
15,000003_081_00000171#10,1,1,10,10,76
15,000003_081_00000171#11,1,1,10,10,82
15,00000426#0,1,1,10,10,653
15,00000506#0,1,1,10,10,117
15,000005_004_00000286#4,1,1,10,10,62
15,000005_006_00000001#1,1,1,10,10,68
15,000005_006_00000001#2,1,1,10,10,25
15,000005_019_00000209#0,1,1,10,10,43
15,000005_019_00000209#1,1,1,10,10,31
15,000005_019_00000209#2,1,1,10,10,59
15,000005_027_00000493#1,1,1,10,10,34
15,000005_027_00000493#2,1,1,10,10,38
15,000005_027_00000493#3,1,1,10,10,49
15,000005_027_00000493#4,1,1,10,10,21
15,000005_027_00000493#5,1,1,10,10,25
15,000005_027_00000493#6,1,1,10,10,20
15,000005_027_00000493#7,1,1,10,10,26
15,000005_027_00000493#8,1,1,10,10,74
15,000005_028_00000001#2,1,1,10,10,77
15,000005_028_00000163#2,1,1,10,10,31
15,00000618#2,1,1,10,10,101
15,000006_010_00000389#4,1,1,10,10,58
15,000006_011_00000307#3,1,1,10,10,25
15,000006_011_00000409#8,1,1,10,10,40
15,000006_011_00000409#10,1,1,10,10,54
15,000006_012_00000001#3,1,1,10,10,38
15,000006_012_00000001#6,1,1,10,10,63
15,000006_012_00000001#11,1,1,10,10,69
15,000006_012_00000001#12,1,1,10,10,33
15,000008_003_00000235#1,1,1,10,10,76
15,000008_003_00000235#2,1,1,10,10,59
15,000008_003_00000235#3,1,1,10,10,81
15,000008_003_00000235#4,1,1,10,10,66
15,000008_003_00000235#5,1,1,10,10,68
15,000008_003_00000235#10,1,1,10,10,68
15,000008_003_00000235#11,1,1,10,10,16
15,000008_003_00000352#1,1,1,10,10,66
15,000008_003_00000352#3,1,1,10,10,80
15,000008_003_00000352#5,1,1,10,10,74
15,000008_003_00000352#7,1,1,10,10,75
15,000008_003_00000352#8,1,1,10,10,75
15,000008_003_00000352#9,1,1,10,10,76
15,000008_003_00000352#10,1,1,10,10,64
15,000008_003_00000352#12,1,1,10,10,74
15,000008_003_00000352#13,1,1,10,10,16
15,000008_003_00000469#0,1,1,10,10,85
15,000008_003_00000469#1,1,1,10,10,70
15,000008_003_00000469#2,1,1,10,10,67
15,000008_003_00000469#3,1,1,10,10,78
15,000008_003_00000469#4,1,1,10,10,85
15,000008_003_00000469#6,1,1,10,10,89
15,000008_003_00000469#9,1,1,10,10,31
15,000008_003_00000469#10,1,1,10,10,18
15,000008_004_00000665#2,1,1,10,10,34
15,000008_004_00000665#4,1,1,10,10,39
15,000008_004_00000665#11,1,1,10,10,52
15,000008_004_00000665#12,1,1,10,10,63
15,000008_004_00000665#13,1,1,10,10,37
15,000008_013_00000195#1,1,1,10,10,66
15,000008_013_00000195#2,1,1,10,10,60
15,000008_042_00000273#1,1,1,10,10,40
15,000008_045_00000001#0,1,1,10,10,48
15,000008_045_00000001#2,1,1,10,10,70
15,000008_045_00000001#3,1,1,10,10,14
15,000008_045_00000157#0,1,1,10,10,80
15,000008_045_00000157#4,1,1,10,10,17
15,000008_048_00000361#3,1,1,10,10,42
15,000008_048_00000361#4,1,1,9,10,36
15,000008_048_00000361#5,1,1,8,10,29
15,000009_008_00000241#3,1,1,10,10,78
15,000009_008_00000241#5,1,1,10,10,69
15,000009_008_00000241#6,1,1,10,10,29
15,000009_008_00000241#7,1,1,10,10,76
15,000009_008_00000241#9,1,1,10,10,84
15,000009_033_00000333#1,1,1,10,10,16
15,000009_033_00000333#2,1,1,10,10,38
15,000009_033_00000333#3,1,1,10,10,38
15,000009_033_00000333#4,1,1,10,10,36
15,000009_033_00000333#6,1,1,10,10,51
15,000012_008_00000163#3,1,1,10,10,67
15,000012_008_00000163#4,1,1,10,10,55
15,000012_008_00000163#5,1,1,10,10,48
15,000012_008_00000163#6,1,1,10,10,60
15,000012_008_00000163#8,1,1,10,10,74
15,000012_008_00000163#10,1,1,10,10,17
15,000012_008_00000163#11,1,1,10,10,26
15,000012_008_00000163#12,1,1,10,10,27
15,000012_008_00000163#13,1,1,10,10,15
15,000012_008_00000163#14,1,1,10,10,11
15,000012_009_00000244#1,1,1,10,10,71
15,000012_009_00000244#3,1,1,10,10,68
15,000012_009_00000244#4,1,1,10,10,40
15,000012_009_00000244#5,1,1,10,10,45
15,000012_009_00000244#6,1,1,10,10,21
15,000012_009_00000244#7,1,1,10,10,13
15,000012_009_00000244#8,1,1,10,10,12
15,000012_009_00000244#9,1,1,10,10,14
15,000012_009_00000244#10,1,1,10,10,34
15,000012_009_00000244#11,1,1,10,10,18
15,000012_009_00000244#12,1,1,10,10,18
15,000012_009_00000244#13,1,1,10,10,19
15,000012_009_00000244#14,1,1,8,10,8
15,000012_009_00000325#3,1,1,10,10,82
15,000012_009_00000325#4,1,1,10,10,36
15,000012_009_00000325#5,1,1,10,10,43
15,000012_009_00000325#6,1,1,10,10,28
15,000012_009_00000325#7,1,1,10,10,17
15,000012_009_00000325#8,1,1,10,10,16
15,000012_009_00000325#9,1,1,7,10,8
15,000012_009_00000325#11,1,1,10,10,28
15,000012_009_00000325#12,1,1,10,10,15
15,000012_009_00000325#14,1,1,10,10,22
15,000012_009_00000325#15,1,1,4,10,19
15,000012_009_00000325#16,1,1,10,10,35
15,000012_014_00000184#0,1,1,10,10,33
15,000012_014_00000184#1,1,1,10,10,55
15,000012_014_00000184#3,1,1,10,10,26
15,000012_019_00000151#1,1,1,10,10,59
15,000012_019_00000151#2,1,1,10,10,14
15,000012_019_00000151#4,1,1,10,10,21
15,000012_019_00000151#5,1,1,10,10,14
15,000012_022_00000090#0,1,1,10,10,64
15,000012_022_00000090#1,1,1,10,10,23
15,000012_025_00000313#1,1,1,10,10,11
15,000012_025_00000313#2,1,1,10,10,11
15,000012_025_00000313#3,1,1,10,10,13
15,000012_025_00000313#4,1,1,7,10,7
15,000012_025_00000313#5,1,1,10,10,13
15,000012_025_00000313#6,1,1,8,10,8
15,000012_028_00000250#0,1,1,10,10,64
15,000012_028_00000250#1,1,1,10,10,56
15,000013_001_00000001#1,1,1,10,10,33
15,000013_001_00000001#2,1,1,10,10,34
15,000013_001_00000001#3,1,1,10,10,31
15,000013_002_00000281#1,1,1,10,10,31
15,000013_002_00000281#2,1,1,10,10,36
15,000013_002_00000281#3,1,1,10,10,20
15,000013_023_00000075#1,1,1,10,10,56
15,000013_023_00000075#2,1,1,10,10,68
15,000013_025_00000285#0,1,1,10,10,15
15,000013_025_00000285#1,1,1,10,10,56
15,000013_025_00000285#2,1,1,10,10,20
15,000013_030_00000063#0,1,1,10,10,21
15,000013_030_00000063#1,1,1,10,10,68
15,000013_039_00000063#0,1,1,10,10,41
15,000013_039_00000063#1,1,1,10,10,32
15,000013_039_00000063#3,1,1,10,10,26
15,000013_039_00000063#5,1,1,8,10,8
15,000013_040_suppl_00000167#0,1,1,10,10,79
15,000013_040_suppl_00000333#1,1,1,10,10,50
15,000013_040_suppl_00000333#3,1,1,10,10,80
15,000013_040_suppl_00000333#4,1,1,8,10,8
15,000013_044_00000001#0,1,1,10,10,24
15,000013_044_00000001#1,1,1,8,10,31
15,000013_044_00000001#2,1,1,10,10,72
15,000013_044_00000001#4,1,1,2,10,38
15,000013_044_00000001#5,1,1,1,10,72
15,000013_044_00000001#7,1,1,10,10,62
15,000013_048_00000001#0,1,1,10,10,46
15,000013_048_00000001#1,0,1,0,10,60
15,000013_048_00000001#3,1,1,1,10,49
15,000013_048_00000001#4,1,1,10,10,69
15,000013_056_00000281#2,1,1,10,10,49
15,000013_056_00000281#3,1,1,10,10,16
15,000013_056_00000281#4,1,1,10,10,21
15,000013_056_00000281#6,1,1,10,10,11
15,000013_056_00000281#7,1,1,10,10,12
15,000013_056_00000281#8,1,1,10,10,64
15,000013_056_00000281#9,1,1,10,10,43
15,000013_056_00000281#10,1,1,10,10,32
15,000014_012_00000217#1,1,1,10,10,41
15,000014_012_00000217#2,1,1,10,10,48
15,000014_050_00000273#3,1,1,10,10,47
15,000014_050_00000273#4,1,1,10,10,57
15,000014_050_00000273#5,1,1,10,10,26
15,000014_051_suppl_00000341#2,1,1,10,10,15
15,000014_052_00000131#2,1,1,10,10,22
15,000014_052_00000131#3,1,1,8,10,13
15,000015_004_00000268#0,1,1,10,10,27
15,000015_004_suppl_00000223#2,1,1,10,10,36
15,000016_043_suppl_00000292#1,1,1,10,10,21
15,000016_043_suppl_00000292#2,1,1,10,10,56
15,000016_043_suppl_00000292#4,1,1,10,10,30
15,000016_043_suppl_00000292#5,1,1,10,10,25
15,000016_043_suppl_00000292#6,1,1,10,10,45
15,000016_043_suppl_00000292#8,1,1,10,10,26
15,000016_043_suppl_00000292#9,1,1,10,10,32
15,000016_043_suppl_00000292#10,1,1,10,10,19
15,000016_043_suppl_00000292#11,1,1,10,10,27
15,000016_043_suppl_00000292#12,1,1,10,10,32
15,000016_043_suppl_00000292#14,1,1,10,10,70
15,000016_043_suppl_00000292#17,1,1,10,10,47
15,000016_043_suppl_00000292#20,1,1,10,10,23
15,000016_044_00000085#0,1,1,10,10,83
15,000016_044_00000085#1,1,1,10,10,62
15,000016_044_00000085#3,1,1,10,10,17
15,000016_044_00000085#4,1,1,10,10,65
15,000016_044_00000085#7,1,1,10,10,67
15,000016_044_00000085#10,1,1,10,10,78
15,000016_044_00000169#1,1,1,10,10,37
15,000016_044_00000169#2,1,1,10,10,36
15,000016_044_00000169#3,1,1,10,10,16
15,000016_044_00000169#5,1,1,10,10,15
15,000016_044_00000169#6,1,1,10,10,59
15,000016_044_00000169#8,1,1,10,10,88
15,000016_044_00000169#16,1,1,10,10,73
15,000016_044_00000169#17,1,1,10,10,65
15,000017_011_00000297#3,1,1,10,10,12
15,000017_011_00000297#5,1,1,10,10,68
15,000017_011_00000297#9,1,1,10,10,26
15,000017_011_00000297#10,1,1,10,10,86
15,000017_011_00000297#11,1,1,10,10,59
15,000017_011_00000297#13,1,1,10,10,43
15,000017_012_00000135#2,1,1,10,10,36
15,000017_020_00000214#0,1,1,10,10,21
15,000017_020_00000214#2,1,1,10,10,27
15,000017_020_suppl_00000356#0,1,1,10,10,20
15,000017_020_suppl_00000356#2,1,1,10,10,20
15,000018_006_00000063#0,1,1,10,10,66
15,000019_030_00000072#1,1,1,10,10,23
15,000019_030_00000072#2,1,1,10,10,72
15,000019_030_00000072#3,1,1,10,10,54
15,000019_030_00000072#4,1,1,10,10,21
15,000019_030_00000072#5,1,1,10,10,10
15,000019_038_00000205#2,1,1,10,10,20
15,000019_038_00000205#3,1,1,10,10,25
15,000019_038_00000205#4,1,1,10,10,21
15,000019_038_00000205#5,1,1,10,10,36
15,000019_038_00000205#6,1,1,10,10,84
15,000019_038_00000205#7,1,1,10,10,70
15,000019_038_00000205#8,1,1,10,10,82
15,000019_041_00000141#2,1,1,10,10,24
15,000019_045_00000145#4,1,1,10,10,46
15,000019_045_00000145#5,1,1,10,10,42
15,000019_045_00000145#7,1,1,3,10,67
15,000020_010_00000089#1,1,1,10,10,60
15,000020_010_00000089#5,1,1,9,10,9
15,000020_010_00000089#6,1,1,10,10,20
15,000020_010_00000089#7,1,1,5,10,8
15,000020_014_00000193#2,1,1,10,10,63
15,000020_014_00000193#3,1,1,10,10,76
15,000020_014_00000193#5,1,1,10,10,54
15,000020_014_00000193#6,1,1,10,10,77
15,000020_018_00000093#0,1,1,10,10,16
15,000020_018_00000093#1,1,1,10,10,24
15,000020_018_00000093#2,1,1,10,10,81
15,000020_018_00000093#3,1,1,10,10,42
15,000021_020_00000131#2,1,1,10,10,76
15,000023_005_00000070#1,1,1,10,10,32
15,000023_005_00000070#2,1,1,10,10,87
15,000023_005_00000070#3,1,1,10,10,63
15,000023_005_00000070#4,1,1,10,10,63
15,000023_005_00000070#5,1,1,10,10,18
15,000023_005_00000070#6,1,1,10,10,23
15,000031#0,1,1,10,10,53
15,000031#1,1,1,10,10,15
15,000031#2,1,1,8,10,8
15,000031#3,1,1,10,10,15
15,000031#6,1,1,10,10,24
15,000031#8,1,1,10,10,53
15,000031#10,1,1,10,10,16
15,000031#11,1,1,10,10,21
15,000066#0,1,1,10,10,31
15,000066#1,1,1,10,10,15
15,000066#2,1,1,10,10,61
15,000066#3,1,1,10,10,39
15,000070#0,1,1,10,10,28
15,000070#1,1,1,10,10,18
15,000070#2,1,1,6,10,52
15,000070#3,1,1,10,10,67
15,000173#1,1,1,10,10,27
15,000303#2,1,1,10,10,67
15,000303#6,1,1,10,10,30
15,000303#7,1,1,10,10,16
15,000328#1,1,1,10,10,58
15,000328#3,1,1,10,10,65
15,000415#1,1,1,10,10,14
15,000415#2,1,1,8,10,9
15,000415#4,1,1,10,10,22
15,000415#5,1,1,10,10,24
15,000415#6,1,1,10,10,12
15,000415#8,1,1,10,10,10
15,000415#10,1,1,10,10,13
15,000415#11,1,1,10,10,12
15,000415#13,1,1,10,10,21
15,000415#14,1,1,10,10,13
15,000415#15,1,1,10,10,17
15,000415#16,1,1,7,10,8
15,000415#17,1,1,8,10,10
15,000415#19,1,1,10,10,37
15,000433#7,1,1,10,10,57
15,000437#0,1,1,10,10,67
15,000437#1,1,1,10,10,75
15,000437#2,1,1,10,10,26
15,000437#5,1,1,10,10,48
15,000484#2,1,1,10,10,37
15,000484#3,1,1,10,10,55
15,000500#0,1,1,10,10,14
15,000500#1,1,1,9,10,9
15,000500#2,1,1,10,10,15
15,000525#0,1,1,10,10,14
15,000525#1,1,1,10,10,30
15,000525#2,1,1,10,10,35
15,000561#0,1,1,10,10,70
15,000561#3,1,1,10,10,63
15,000561#4,1,1,10,10,38
15,000597#2,1,1,10,10,62
15,000597#3,1,1,10,10,29
15,000630#0,1,1,10,10,14
15,000680#5,1,1,10,10,69
15,000707#1,1,1,10,10,13
15,000707#2,1,1,10,10,18
15,000707#3,1,1,9,10,9
15,000707#4,1,1,10,10,25
15,000707#5,1,1,10,10,20
15,000735#1,1,1,10,10,11
15,000738#0,1,1,10,10,26
15,000738#2,1,1,9,10,9
15,000738#3,1,1,10,10,36
15,000756#4,1,1,10,10,34
15,000759#2,1,1,10,10,34
15,000780#0,1,1,10,10,22
15,000780#3,1,1,10,10,90
15,000783#0,1,1,10,10,45
15,000783#1,1,1,10,10,42
15,000783#3,1,1,10,10,38
15,000783#4,1,1,10,10,26
15,000808#1,1,1,10,10,21
15,000820#2,1,1,10,10,58
15,000820#3,1,1,10,10,45
15,000820#4,1,1,10,10,25
15,000820#5,1,1,10,10,27
15,000820#7,1,1,8,10,8
15,000889#5,1,1,10,10,84
15,000889#6,1,1,10,10,40
15,000889#7,1,1,10,10,14
15,000889#8,1,1,10,10,15
15,000889#9,1,1,10,10,22
15,000889#13,1,1,10,10,24
15,000889#14,1,1,10,10,69
15,000943#0,1,1,10,10,16
15,000943#1,1,1,10,10,14
15,000943#2,1,1,10,10,64
15,000943#3,1,1,6,10,7
15,000943#4,1,1,7,10,7
15,000943#6,1,1,8,10,18
15,000943#7,1,1,10,10,23
15,000952#0,1,1,10,10,22
15,001033#1,1,1,10,10,15
15,001033#2,1,1,10,10,31
15,001033#3,1,1,10,10,41
15,001033#9,1,1,10,10,25
15,001033#10,1,1,10,10,21
15,001035#0,1,1,10,10,19
15,001035#1,1,1,10,10,53
15,001035#2,1,1,10,10,76
15,001035#7,1,1,10,10,40
15,001035#9,1,1,10,10,22
15,001035#10,1,1,10,10,63
15,001114#5,1,1,10,10,47
15,001114#6,1,1,10,10,40
15,001114#7,1,1,10,10,12
15,001114#8,1,1,10,10,26
15,001114#10,1,1,10,10,17
15,001123#0,1,1,10,10,31
15,001123#1,1,1,10,10,76
15,001123#2,1,1,10,10,77
15,001123#4,1,1,10,10,64
15,001123#5,1,1,10,10,42
15,001123#6,1,1,10,10,79
15,001123#7,1,1,10,10,86
15,001123#8,1,1,5,10,36
15,001123#9,1,1,10,10,56
15,001123#10,1,1,10,10,62
15,001123#11,1,1,10,10,66
15,001123#12,1,1,10,10,79
15,001123#13,1,1,10,10,31
15,001123#18,1,1,9,10,9
15,001123#19,1,1,10,10,10
15,001123#20,1,1,10,10,49
15,001123#21,1,1,10,10,32
15,001123#22,1,1,10,10,33
15,001135#4,1,1,10,10,64
15,001135#6,1,1,10,10,72
15,001135#7,1,1,6,10,14
15,001157#4,1,1,10,10,14
15,001157#5,1,1,10,10,30
15,001157#8,1,1,10,10,77
15,001157#9,1,1,10,10,68
15,001202#3,1,1,10,10,72
15,001202#4,1,1,10,10,78
15,001202#8,1,1,10,10,23
15,001202#10,1,1,10,10,56
15,001202#11,1,1,10,10,57
15,001202#12,1,1,10,10,42
15,001257#0,1,1,10,10,46
15,001257#3,1,1,10,10,69
15,001257#6,1,1,10,10,27
15,001257#9,1,1,10,10,27
15,001257#10,1,1,10,10,46
15,001257#11,1,1,10,10,31
15,001276#3,1,1,10,10,58
15,001276#7,1,1,10,10,30
15,001276#9,1,1,10,10,54
15,001276#10,1,1,10,10,27
15,001276#11,1,1,10,10,31
15,001276#12,1,1,10,10,25
15,001276#13,1,1,10,10,35
15,001276#14,1,1,10,10,50
15,001276#15,1,1,10,10,25
15,001295#0,1,1,10,10,30
15,001295#1,1,1,10,10,52
15,001295#3,1,1,10,10,10
15,001295#10,1,1,10,10,55
15,001295#11,1,1,10,10,24
15,001295#12,1,1,10,10,17
15,001295#13,1,1,10,10,28
15,001295#14,1,1,10,10,36
15,001295#15,1,1,10,10,24
15,001295#17,1,1,10,10,19
15,001295#18,1,1,10,10,15
15,001295#19,1,1,10,10,17
15,001295#20,1,1,10,10,16
15,001295#21,1,1,10,10,22
15,001295#22,1,1,10,10,26
15,001295#24,1,1,10,10,26
15,001295#26,1,1,9,10,9
15,001409#0,1,1,10,10,39
15,001409#1,1,1,10,10,43
15,001415#0,1,1,10,10,42
15,001415#1,1,1,10,10,44
15,001415#2,1,1,10,10,41
15,001415#3,1,1,10,10,53
15,001443#3,1,1,10,10,53
15,001443#4,1,1,10,10,73
15,001443#6,1,1,8,10,66
15,001443#7,1,1,10,10,67
15,001443#9,1,1,10,10,27
15,001443#10,1,1,10,10,46
15,001461#2,1,1,10,10,28
15,001461#3,1,1,10,10,42
15,001461#4,1,1,10,10,64
15,001461#5,1,1,10,10,36
15,001531#1,1,1,10,10,16
15,001531#2,1,1,10,10,11
15,001531#6,1,1,10,10,28
15,001531#8,1,1,10,10,11
15,001531#10,1,1,10,10,43
15,001558#4,1,1,10,10,31
15,001683#1,1,1,10,10,83
15,001683#6,1,1,10,10,36
15,001683#7,1,1,10,10,46
15,001683#8,1,1,10,10,50
15,001694#1,1,1,10,10,28
15,001694#2,1,1,10,10,64
15,001694#7,1,1,10,10,62
15,001694#8,1,1,10,10,36
15,001694#9,1,1,10,10,50
15,001694#10,1,1,10,10,27
15,001694#11,1,1,10,10,28
15,001694#12,1,1,10,10,22
15,001694#13,1,1,10,10,27
15,001694#14,1,1,10,10,31
15,001707#1,1,1,10,10,22
15,001707#2,1,1,10,10,68
15,001707#7,1,1,10,10,62
15,001707#8,1,1,10,10,36
15,001707#9,1,1,10,10,31
15,001707#10,1,1,10,10,34
15,001707#11,1,1,10,10,57
15,001707#12,1,1,10,10,19
15,001712#1,1,1,10,10,72
15,001712#6,1,1,10,10,58
15,001712#7,1,1,10,10,16
15,001712#8,1,1,10,10,36
15,001712#9,1,1,10,10,55
15,001712#10,1,1,10,10,25
15,001712#11,1,1,10,10,23
15,001712#12,1,1,10,10,27
15,001724#1,1,1,10,10,11
15,001724#3,1,1,10,10,56
15,001724#7,1,1,10,10,84
15,001724#8,1,1,10,10,34
15,001724#9,1,1,10,10,30
15,001724#10,1,1,10,10,27
15,001724#11,1,1,10,10,34
15,001724#12,1,1,10,10,38
15,001737#3,1,1,10,10,54
15,001737#7,1,1,10,10,76
15,001737#8,1,1,8,10,8
15,001737#9,1,1,10,10,15
15,001737#10,1,1,10,10,36
15,001737#11,1,1,10,10,30
15,001737#12,1,1,10,10,38
15,001737#13,1,1,10,10,30
15,001742#0,1,1,10,10,41
15,001763#0,1,1,10,10,25
15,001785#0,1,1,10,10,50
15,001785#1,1,1,10,10,51
15,001785#2,1,1,10,10,80
15,001851#0,1,1,10,10,48
15,001851#8,1,1,10,10,25
15,001851#9,1,1,10,10,27
15,001851#10,1,1,10,10,31
15,001851#11,1,1,10,10,25
15,001851#12,1,1,10,10,27
15,001851#13,1,1,10,10,50
15,001851#14,1,1,10,10,27
15,001862#0,1,1,10,10,48
15,001862#8,1,1,10,10,21
15,001862#9,1,1,10,10,27
15,001862#10,1,1,10,10,54
15,001862#11,1,1,10,10,21
15,001862#12,1,1,10,10,20
15,001862#13,1,1,10,10,32
15,001862#14,1,1,10,10,29
15,001862#15,1,1,10,10,37
15,001873#0,1,1,10,10,48
15,001873#4,1,1,10,10,73
15,001873#8,1,1,10,10,26
15,001873#9,1,1,10,10,50
15,001873#10,1,1,10,10,14
15,001873#11,1,1,10,10,27
15,001873#12,1,1,10,10,26
15,001873#13,1,1,10,10,27
15,001881#0,1,1,10,10,48
15,001881#4,1,1,10,10,73
15,001881#8,1,1,10,10,25
15,001881#9,1,1,10,10,54
15,001881#10,1,1,10,10,22
15,001884#0,1,1,10,10,52
15,001884#4,1,1,10,10,73
15,001884#8,1,1,10,10,21
15,001884#9,1,1,10,10,57
15,001884#10,1,1,10,10,25
15,001884#11,1,1,10,10,23
15,001884#12,1,1,10,10,20
15,001884#13,1,1,10,10,17
15,001884#14,1,1,10,10,27
15,001898#0,1,1,10,10,52
15,001898#4,1,1,10,10,74
15,001898#7,1,1,10,10,22
15,001898#8,1,1,10,10,20
15,001898#9,1,1,10,10,21
15,001898#10,1,1,10,10,24
15,001898#11,1,1,10,10,36
15,001898#12,1,1,10,10,55
15,001898#13,1,1,10,10,27
15,001898#14,1,1,10,10,24
15,001970#1,1,1,10,10,73
15,001970#3,1,1,10,10,36
15,001970#7,1,1,10,10,65
15,001970#8,1,1,10,10,26
15,001970#9,1,1,10,10,41
15,001970#10,1,1,10,10,27
15,002048#2,1,1,10,10,68
15,002048#3,1,1,10,10,53
15,002048#4,1,1,10,10,76
15,002048#7,1,1,10,10,37
15,002048#8,1,1,10,10,19
15,002048#9,1,1,10,10,40
15,002048#10,1,1,10,10,41
15,002097#3,1,1,10,10,67
15,002097#4,1,1,10,10,75
15,002097#7,1,1,10,10,22
15,002097#8,1,1,10,10,29
15,002097#9,1,1,10,10,32
15,002097#10,1,1,10,10,32
15,002102#0,1,1,10,10,63
15,002102#1,1,1,10,10,67
15,002102#2,1,1,10,10,64
15,002102#3,1,1,10,10,55
15,002102#4,1,1,10,10,59
15,002102#5,1,1,10,10,40
15,002102#6,1,1,10,10,56
15,002102#7,1,1,10,10,56
15,002102#8,1,1,10,10,50
15,002156#0,1,1,10,10,40
15,002156#1,1,1,10,10,28
15,002156#2,1,1,10,10,38
15,002156#3,1,1,10,10,59
15,002156#4,1,1,10,10,81
15,002156#7,1,1,10,10,46
15,002156#8,1,1,10,10,34
15,002156#9,1,1,10,10,53
15,002207#0,1,1,10,10,11
15,002207#1,1,1,10,10,49
15,002235#3,1,1,10,10,36
15,002235#5,1,1,10,10,55
15,002235#6,1,1,4,10,17
15,002235#7,1,1,10,10,27
15,002235#10,1,1,10,10,10
15,002265#3,1,1,10,10,15
15,002265#4,1,1,10,10,13
15,002276#0,1,1,10,10,41
15,002276#1,1,1,10,10,18
15,002276#2,1,1,10,10,32
15,002276#3,1,1,10,10,53
15,002276#6,1,1,10,10,46
15,002331#2,1,1,10,10,49
15,002331#3,1,1,10,10,37
15,002331#4,1,1,10,10,75
15,002331#16,1,1,10,10,14
15,002331#18,1,1,8,10,21
15,002334#1,1,1,10,10,11
15,002334#8,1,1,10,10,56
15,002334#9,1,1,10,10,18
15,002338#0,1,1,10,10,62
15,002338#1,1,1,10,10,70
15,002338#4,1,1,10,10,73
15,002338#5,1,1,10,10,44
15,002357#0,1,1,10,10,23
15,002357#1,1,1,10,10,35
15,002357#2,1,1,10,10,72
15,002357#3,1,1,10,10,43
15,002359#0,1,1,10,10,29
15,002359#1,1,1,10,10,43
15,002359#2,1,1,10,10,45
15,002359#3,1,1,10,10,27
15,002378#0,1,1,10,10,34
15,002378#1,1,1,10,10,11
15,002378#3,1,1,10,10,66
15,002378#5,1,1,10,10,73
15,002378#6,1,1,10,10,19
15,002380#2,1,1,10,10,77
15,002380#3,1,1,10,10,55
15,002380#4,1,1,10,10,19
15,002380#5,1,1,8,10,8
15,002380#6,1,1,10,10,45
15,002380#7,1,1,10,10,14
15,002380#8,1,1,10,10,15
15,002380#9,1,1,10,10,25
15,002413#0,1,1,10,10,23
15,002517#1,1,1,10,10,48
15,002517#2,1,1,10,10,16
15,002517#4,1,1,10,10,23
15,002517#5,1,1,10,10,76
15,002584#4,1,1,10,10,11
15,002584#6,1,1,10,10,11
15,002625#6,1,1,10,10,17
15,002625#8,1,1,10,10,26
15,002625#10,1,1,10,10,27
15,002625#13,1,1,10,10,22
15,002625#14,1,1,10,10,73
15,002625#18,1,1,10,10,29
15,002625#19,1,1,10,10,13
15,002625#20,1,1,10,10,70
15,002625#21,1,1,10,10,82
15,002625#22,1,1,10,10,36
15,002625#23,1,1,10,10,34
15,002625#24,1,1,10,10,65
15,002625#25,1,1,10,10,11
15,002625#26,1,1,10,10,48
15,002625#27,1,1,5,10,25
15,002625#28,1,1,10,10,37
15,002625#29,1,1,10,10,63
15,002625#30,1,1,10,10,23
15,002625#31,1,1,10,10,34
15,002625#32,1,1,10,10,45
15,002625#33,1,1,10,10,12
15,002627#5,1,1,10,10,20
15,002627#7,1,1,10,10,17
15,002627#11,1,1,9,10,74
15,002627#12,1,1,10,10,32
15,002627#15,1,1,10,10,69
15,002627#17,1,1,10,10,73
15,002627#18,1,1,10,10,74
15,002627#19,1,1,10,10,18
15,002627#22,1,1,10,10,87
15,002627#23,1,1,10,10,71
15,002627#26,1,1,10,10,80
15,002627#27,1,1,10,10,81
15,002627#28,1,1,10,10,48
15,002627#30,1,1,10,10,39
15,002627#31,1,1,10,10,50
15,002627#32,1,1,10,10,55
15,002671#7,1,1,10,10,51
15,002671#9,1,1,10,10,25
15,002671#11,1,1,10,10,39
15,002671#12,1,1,10,10,63
15,002671#13,1,1,10,10,45
15,002671#14,1,1,10,10,30
15,002671#15,1,1,10,10,30
15,002671#16,1,1,10,10,18
15,002671#17,1,1,10,10,45
15,002671#18,1,1,10,10,18
15,002671#19,1,1,10,10,57
15,002671#20,1,1,10,10,46
15,002671#21,1,1,10,10,23
15,002671#22,1,1,10,10,23
15,002671#23,1,1,10,10,46
15,002671#24,1,1,10,10,59
15,002677#0,1,1,10,10,63
15,002677#1,1,1,10,10,40
15,002677#16,1,1,10,10,14
15,002677#17,1,1,10,10,24
15,002677#18,1,1,10,10,76
15,002707#11,1,1,10,10,22
15,002707#12,1,1,10,10,25
15,002707#13,1,1,10,10,62
15,002750#1,1,1,10,10,15
15,002750#4,1,1,10,10,42
15,002750#12,1,1,9,10,13
15,002750#13,1,1,10,10,12
15,002750#14,1,1,10,10,10
15,002750#16,1,1,8,10,8
15,002750#18,1,1,10,10,14
15,002750#19,1,1,10,10,22
15,002750#20,1,1,10,10,28
15,002750#21,1,1,10,10,28
15,002750#22,1,1,10,10,53
15,002750#23,1,1,10,10,25
15,002750#25,1,1,10,10,51
15,002762#1,1,1,10,10,17
15,002839#1,1,1,10,10,21
15,002839#2,1,1,10,10,25
15,002839#3,1,1,10,10,48
15,002839#4,1,1,10,10,31
15,002842#3,1,1,10,10,25
15,002842#4,1,1,10,10,21
15,002844#1,1,1,10,10,42
15,002844#2,1,1,10,10,21
15,002844#3,1,1,10,10,38
15,002935#0,1,1,10,10,17
15,002935#1,1,1,5,10,13
15,002955#0,1,1,10,10,72
15,002955#1,1,1,10,10,47
15,002955#4,1,1,10,10,32
15,002955#5,1,1,10,10,21
15,002955#6,1,1,10,10,37
15,002955#7,1,1,9,10,68
15,002955#8,1,1,10,10,61
15,002955#9,1,1,10,10,11
15,002955#10,1,1,10,10,42
15,002955#11,1,1,10,10,42
15,002955#12,1,1,10,10,57
15,002955#13,1,1,10,10,67
15,002955#14,1,1,10,10,73
15,002955#16,1,1,10,10,49
15,002955#17,1,1,10,10,81
15,002955#20,1,1,9,10,15
15,002955#23,1,1,10,10,29
15,002955#24,1,1,7,10,7
15,002987#0,1,1,10,10,16
15,002987#1,1,1,9,10,9
15,002987#2,1,1,10,10,23
15,002987#3,1,1,10,10,14
15,002987#4,1,1,10,10,34
15,002987#6,1,1,10,10,64
15,002987#7,1,1,10,10,73
15,002987#8,1,1,10,10,28
15,002987#9,1,1,10,10,14
15,002987#10,1,1,10,10,15
15,002987#11,1,1,10,10,15
15,002987#12,1,1,8,10,8
15,002987#13,1,1,10,10,34
15,002987#14,1,1,10,10,20
15,002987#15,1,1,10,10,37
15,003007#6,1,1,8,10,9
15,003007#8,1,1,10,10,41
15,003007#9,1,1,10,10,24
15,003013#6,1,1,10,10,20
15,003017#4,1,1,10,10,12
15,003026#4,1,1,10,10,17
15,003056#1,1,1,10,10,24
15,003056#2,1,1,10,10,15
15,003056#3,1,1,10,10,15
15,003056#4,1,1,10,10,11
15,003056#7,1,1,10,10,38
15,003056#8,1,1,9,10,9
15,003056#9,1,1,10,10,27
15,003056#10,1,1,10,10,18
15,003056#11,1,1,10,10,61
15,003148#0,1,1,10,10,61
15,003148#2,1,1,10,10,63
15,003148#3,1,1,10,10,42
15,003148#6,1,1,10,10,47
15,003148#7,1,1,7,10,8
15,003148#8,1,1,7,10,8
15,003160#0,1,1,10,10,42
15,003160#1,1,1,10,10,28
15,003160#2,1,1,10,10,31
15,003160#3,1,1,9,10,27
15,003160#4,1,1,10,10,31
15,003160#5,1,1,10,10,84
15,003160#7,1,1,10,10,37
15,003160#8,1,1,10,10,69
15,003160#9,1,1,10,10,19
15,003160#11,1,1,10,10,78
15,003160#13,1,1,10,10,37
15,003160#14,1,1,10,10,11
15,003160#15,1,1,10,10,55
15,003160#17,1,1,10,10,43
15,003160#18,1,1,10,10,72
15,003160#19,1,1,10,10,26
15,003160#20,1,1,10,10,18
15,003160#21,1,1,10,10,46
15,003198#1,1,1,10,10,64
15,003198#4,1,1,10,10,42
15,003257#5,1,1,10,10,58
15,003262#0,1,1,10,10,28
15,003262#1,1,1,8,10,31
15,003262#4,1,1,10,10,27
15,003262#14,1,1,10,10,10
15,003262#16,1,1,9,10,10
15,003262#17,1,1,10,10,14
15,003262#21,1,1,8,10,16
15,003262#23,1,1,10,10,22
15,003262#24,1,1,10,10,18
15,003262#28,1,1,10,10,50
15,003262#29,1,1,5,10,7
15,003262#30,1,1,10,10,73
15,003273#1,1,1,10,10,73
15,003273#3,1,1,10,10,68
15,003273#4,1,1,10,10,45
15,003273#5,1,1,10,10,12
15,003273#6,1,1,10,10,87
15,003273#8,1,1,10,10,35
15,003273#9,1,1,10,10,19
15,003273#10,1,1,10,10,42
15,003273#11,1,1,10,10,17
15,003273#13,1,1,10,10,20
15,003288#0,1,1,10,10,74
15,003288#3,1,1,10,10,37
15,003288#4,1,1,10,10,27
15,003288#5,1,1,10,10,20
15,003288#6,1,1,10,10,20
15,003288#7,1,1,10,10,16
15,003288#8,1,1,10,10,14
15,003288#9,1,1,10,10,16
15,003288#10,1,1,10,10,18
15,003288#11,1,1,10,10,14
15,003288#12,1,1,10,10,27
15,003288#13,1,1,10,10,33
15,003288#14,1,1,8,10,13
15,003288#16,1,1,10,10,21
15,003288#18,1,1,10,10,69
15,003304#0,1,1,10,10,42
15,003304#1,1,1,10,10,36
15,003304#2,1,1,10,10,14
15,003304#3,1,1,10,10,48
15,003304#4,1,1,10,10,20
15,003304#8,1,1,10,10,25
15,003304#9,1,1,10,10,41
15,003304#11,1,1,10,10,42
15,003304#12,1,1,10,10,30
15,003304#13,1,1,10,10,13
15,003317#1,1,1,10,10,29
15,003317#2,1,1,10,10,26
15,003317#3,1,1,10,10,29
15,003317#5,1,1,10,10,50
15,003317#6,1,1,10,10,23
15,003317#7,1,1,10,10,27
15,003317#8,1,1,10,10,49
15,003317#9,1,1,10,10,30
15,003317#12,1,1,10,10,12
15,003317#14,1,1,10,10,55
15,003317#15,1,1,10,10,70
15,003317#16,1,1,10,10,43
15,003348#0,1,1,10,10,30
15,003353#0,1,1,10,10,14
15,003408#1,1,1,10,10,22
15,003411#0,1,1,10,10,41
15,003411#1,1,1,10,10,52
15,003411#2,1,1,10,10,57
15,003411#3,1,1,10,10,50
15,003419#0,1,1,10,10,84
15,003419#5,1,1,10,10,22
15,003419#13,1,1,8,10,24
15,003419#14,1,1,10,10,30
15,003419#17,1,1,8,10,30
15,003419#18,1,1,10,10,34
15,003419#19,1,1,10,10,18
15,003419#21,1,1,10,10,36
15,003425#5,1,1,10,10,17
15,003425#6,1,1,10,10,13
15,003425#7,1,1,10,10,11
15,003425#10,1,1,10,10,18
15,003425#12,1,1,10,10,44
15,003425#13,1,1,10,10,46
15,003460#0,1,1,10,10,26
15,003460#1,1,1,10,10,64
15,003460#3,1,1,10,10,80
15,003460#5,1,1,10,10,25
15,003460#6,1,1,10,10,73
15,003472#0,1,1,10,10,31
15,003472#1,1,1,10,10,68
15,003472#2,1,1,10,10,20
15,003472#3,1,1,10,10,71
15,003475#1,1,1,10,10,41
15,003475#2,1,1,10,10,22
15,003475#3,1,1,10,10,51
15,003475#5,1,1,10,10,46
15,003475#6,1,1,10,10,70
15,003475#10,1,1,10,10,21
15,003475#11,1,1,10,10,31
15,003487#0,1,1,10,10,53
15,003487#2,1,1,10,10,62
15,003489#0,1,1,10,10,24
15,003489#2,1,1,10,10,31
15,003489#3,1,1,10,10,55
15,003489#4,1,1,10,10,25
15,003489#5,1,1,10,10,35
15,003489#9,1,1,10,10,26
15,003489#14,1,1,10,10,37
15,003526#0,1,1,10,10,18
15,003526#3,1,1,10,10,13
15,003532#0,1,1,10,10,18
15,003532#1,1,1,10,10,42
15,003546#0,1,1,10,10,27
15,003546#1,1,1,10,10,28
15,003546#2,1,1,10,10,37
15,003592#0,1,1,10,10,23
15,003592#1,1,1,10,10,23
15,003592#2,1,1,10,10,31
15,003592#3,1,1,10,10,20
15,003595#3,1,1,10,10,27
15,003595#4,1,1,10,10,30
15,003595#5,1,1,10,10,21
15,003595#6,1,1,10,10,46
15,003603#3,1,1,10,10,32
15,003653#3,1,1,10,10,15
15,003653#5,1,1,10,10,20
15,003653#6,1,1,10,10,18
15,003653#7,1,1,10,10,14
15,003653#8,1,1,10,10,11
15,003653#9,1,1,10,10,12
15,003653#11,1,1,10,10,36
15,003653#12,1,1,10,10,51
15,003653#14,1,1,8,10,8
15,003653#16,1,1,9,10,9
15,003653#17,1,1,10,10,26
15,003653#18,1,1,8,10,8
15,003679#4,1,1,10,10,50
15,003679#5,1,1,10,10,27
15,003679#7,1,1,10,10,25
15,003679#8,1,1,10,10,32
15,003703#0,1,1,10,10,50
15,003739#0,1,1,10,10,30
15,003739#1,1,1,10,10,35
15,003739#2,1,1,10,10,17
15,003739#3,1,1,10,10,11
15,003739#5,1,1,10,10,16
15,003739#6,1,1,10,10,12
15,003739#7,1,1,10,10,26
15,003739#8,1,1,10,10,16
15,003757#0,1,1,10,10,76
15,003757#7,1,1,10,10,27
15,003757#8,1,1,8,10,10
15,003757#10,1,1,10,10,21
15,003757#14,1,1,10,10,13
15,003757#15,1,1,10,10,15
15,003757#16,1,1,8,10,11
15,003769#0,1,1,10,10,56
15,003838#0,1,1,10,10,72
15,003863#1,1,1,10,10,21
15,003863#3,1,1,10,10,17
15,003863#5,1,1,10,10,33
15,003863#7,1,1,10,10,24
15,003863#9,1,1,10,10,13
15,003863#10,1,1,10,10,12
15,003863#11,1,1,10,10,18
15,003895#2,1,1,10,10,55
15,003896#0,1,1,10,10,43
15,003896#1,1,1,10,10,19
15,003902#0,1,1,10,10,41
15,003902#1,1,1,10,10,15
15,003902#3,1,1,10,10,18
15,003902#4,1,1,10,10,30
15,003902#5,1,1,10,10,18
15,003902#6,1,1,10,10,41
15,003904#0,1,1,10,10,33
15,003904#1,1,1,10,10,19
15,003941#0,1,1,10,10,27
15,003941#1,1,1,10,10,17
15,003941#3,1,1,8,10,12
15,003941#5,1,1,10,10,25
15,003941#7,1,1,10,10,20
15,003941#8,1,1,10,10,26
15,003941#10,1,1,10,10,17
15,003941#11,1,1,10,10,26
15,003941#12,1,1,10,10,17
15,003941#13,1,1,10,10,20
15,003941#14,1,1,10,10,18
15,003941#15,1,1,10,10,22
15,003941#16,1,1,10,10,69
15,003941#20,1,1,10,10,10
15,003941#21,1,1,10,10,25
15,003941#22,1,1,10,10,13
15,003941#24,1,1,10,10,37
15,003941#25,1,1,10,10,18
15,003941#26,1,1,10,10,21
15,003941#27,1,1,10,10,18
15,003941#29,1,1,10,10,17
15,003941#30,1,1,10,10,34
15,003982#5,1,1,10,10,26
15,003982#6,1,1,10,10,15
15,003982#8,1,1,10,10,13
15,003982#11,1,1,10,10,19
15,003982#14,1,1,10,10,29
15,003982#19,1,1,9,10,9
15,003982#20,1,1,3,10,10
15,003982#23,1,1,10,10,25
15,003982#24,1,1,10,10,10
15,003982#30,1,1,10,10,12
15,003982#32,1,1,10,10,14
15,003982#34,1,1,10,10,11
15,003982#36,1,1,10,10,46
15,003982#41,1,1,9,10,10
15,003982#42,1,1,10,10,11
15,003982#43,1,1,10,10,13
15,003982#47,1,1,10,10,57
15,003982#48,1,1,10,10,16
15,003982#49,1,1,10,10,69
15,003982#50,1,1,10,10,34
15,003982#53,1,1,7,10,10
15,003982#57,1,1,10,10,18
15,003982#58,1,1,10,10,18
15,003982#60,1,1,10,10,16
15,003982#61,1,1,10,10,15
15,003982#62,1,1,10,10,17
15,003987#5,1,1,10,10,32
15,003987#6,1,1,10,10,28
15,003987#10,1,1,10,10,66
15,003987#11,1,1,10,10,71
15,003987#15,1,1,10,10,33
15,003987#16,1,1,10,10,42
15,003987#23,1,1,7,10,11
15,003987#27,1,1,10,10,11
15,003987#35,1,1,10,10,26
15,003987#38,1,1,10,10,19
15,003987#39,1,1,10,10,17
15,003987#40,1,1,10,10,16
15,003987#41,1,1,10,10,13
15,003987#43,1,1,10,10,10
15,003987#46,1,1,8,10,8
15,003987#47,1,1,10,10,15
15,003987#49,1,1,10,10,12
15,003987#50,1,1,10,10,15
15,003987#51,1,1,10,10,15
15,003987#52,1,1,10,10,10
15,003987#53,1,1,10,10,19
15,003987#55,1,1,10,10,31
15,hehe_173_000002_024_00000105#2,1,1,1,10,11
15,hehe_173_000002_024_00000105#4,1,1,6,10,11
15,hehe_173_000002_024_00000105#6,1,1,10,10,23
15,hehe_173_000002_024_00000105#7,1,1,11,10,15
15,hehe_173_000002_024_00000105#9,1,1,10,10,31
15,hehe_173_000002_024_00000105#10,1,1,10,10,25
15,hehe_173_000002_024_00000105#11,1,1,10,10,11
15,hehe_173_000002_024_00000105#13,1,1,10,10,31
15,hehe_173_000002_024_00000105#15,1,1,10,10,76
15,hehe_186_000002_028_00000050#1,1,1,10,10,77
15,hehe_22_00000004#0,1,1,10,10,29
15,hehe_22_00000004#2,1,1,10,10,23
15,hehe_22_00000004#4,1,1,10,10,69
15,hehe_22_00000004#6,1,1,10,10,57
15,hehe_22_00000004#7,1,1,10,10,70
15,hehe_22_00000004#9,1,1,5,10,11
15,hehe_230_000002_043_00000061#1,1,1,10,10,69
15,hehe_230_000002_043_00000061#6,1,1,10,10,62
15,hehe_230_000002_043_00000061#7,1,1,10,10,58
15,hehe_230_000002_043_00000061#10,1,1,10,10,31
15,hehe_230_000002_043_00000061#11,1,1,10,10,37
15,hehe_230_000002_043_00000061#13,1,1,10,10,19
15,hehe_230_000002_043_00000061#14,1,1,9,10,12
15,hehe_232_000002_043_00000181#0,1,1,8,10,8
15,hehe_232_000002_043_00000181#1,1,1,10,10,22
15,hehe_232_000002_043_00000181#2,1,1,10,10,57
15,hehe_232_000002_043_00000181#3,1,1,10,10,36
15,hehe_232_000002_043_00000181#8,1,1,10,10,57
15,hehe_274_000002_060_00000105#1,1,1,10,10,67
15,hehe_274_000002_060_00000105#5,1,1,10,10,28
15,hehe_274_000002_060_00000105#6,1,1,10,10,11
15,hehe_40_00000033#1,1,1,10,10,26
15,hehe_40_00000033#2,1,1,10,10,46
15,hehe_40_00000033#3,1,1,2,10,40
15,hehe_40_00000033#5,1,1,10,10,40
15,hehe_45_00000001#2,1,1,10,10,42
15,hehe_45_00000001#4,1,1,10,10,28
15,hehe_45_00000001#5,1,1,10,10,49
15,hehe_45_00000001#6,1,1,10,10,40
15,hehe_45_00000001#7,1,1,10,10,60
15,hehe_45_00000001#8,1,1,10,10,34
15,hehe_45_00000001#9,1,1,10,10,46
15,hehe_52_00000107#0,1,1,10,10,19
15,hehe_52_00000107#1,1,1,8,10,8
15,hehe_61_00000090#2,1,1,10,10,76
15,hehe_61_00000090#3,1,1,10,10,39
15,hehe_61_00000090#4,1,1,10,10,20
15,hehe_61_00000090#9,1,1,10,10,64
15,hehe_61_00000090#10,1,1,10,10,50
15,hehe_61_00000090#11,1,1,10,10,84
15,hehe_65_00000229#2,1,1,10,10,59
15,hehe_65_00000229#3,1,1,10,10,32
15,hehe_65_00000229#4,1,1,10,10,30
15,hehe_65_00000229#6,1,1,9,10,16
15,hehe_65_00000229#7,1,1,10,10,21
15,hehe_6_00000054#0,1,1,10,10,12
15,hehe_6_00000054#2,1,1,10,10,35
15,hehe_6_00000054#3,1,1,10,10,32
15,hehe_6_00000054#4,1,1,10,10,27
15,hehe_6_00000054#6,1,1,10,10,76
15,hehe_6_00000054#13,1,1,10,10,74
15,hehe_6_00000054#16,1,1,10,10,32
15,hehe_6_00000054#17,1,1,10,10,38
15,hehe_86_00000253#0,1,1,10,10,45
15,hehe_86_00000253#3,1,1,10,10,58
15,hehe_87_00000315#1,1,1,10,10,39
15,hehe_87_00000315#2,1,1,10,10,40
15,hehe_87_00000315#3,1,1,10,10,33
15,hehe_87_00000315#4,1,1,10,10,20
15,hehe_87_00000315#5,1,1,10,10,30
15,hehe_87_00000315#6,1,1,6,10,14
15,shuming_1007_00000230#0,1,1,10,10,38
15,shuming_1007_00000230#3,1,1,10,10,43
15,shuming_1007_00000230#4,1,1,9,10,36
15,shuming_1007_00000230#5,1,1,10,10,46
15,shuming_1007_00000230#7,1,1,10,10,63
15,shuming_1007_00000230#10,1,1,10,10,62
15,shuming_1007_00000230#11,1,1,10,10,39
15,shuming_1007_00000230#12,1,1,11,10,34
15,shuming_1007_00000230#13,1,1,9,10,10
15,shuming_1007_00000230#14,1,1,6,10,7
15,shuming_1007_00000230#15,1,1,10,10,79
15,shuming_1007_00000230#16,1,1,10,10,47
15,shuming_1007_00000230#17,1,1,10,10,19
15,shuming_1007_00000230#18,1,1,10,10,13
15,shuming_1007_00000230#20,1,1,10,10,20
15,shuming_1007_00000230#21,1,1,10,10,69
15,shuming_1007_00000230#22,1,1,10,10,27
15,shuming_1007_00000230#23,1,1,10,10,22
15,shuming_1013_00000065#0,1,1,10,10,87
15,shuming_1013_00000065#1,1,1,10,10,41
15,shuming_1013_00000065#3,1,1,10,10,26
15,shuming_1028_00000411#3,1,1,10,10,55
15,shuming_1028_00000411#4,1,1,10,10,10
15,shuming_1028_00000411#5,1,1,10,10,15
15,shuming_1064_00000087#0,1,1,10,10,34
15,shuming_1064_00000087#1,1,1,10,10,55
15,shuming_1064_00000087#2,1,1,10,10,56
15,shuming_1064_00000087#3,1,1,10,10,72
15,shuming_1064_00000087#4,1,1,10,10,69
15,shuming_1064_00000087#6,1,1,10,10,26
15,shuming_1064_00000087#7,1,1,10,10,54
15,shuming_1064_00000087#8,1,1,10,10,86
15,shuming_1076_00000257#1,1,1,10,10,31
15,shuming_1076_00000257#2,1,1,10,10,29
15,shuming_1076_00000257#3,1,1,10,10,20
15,shuming_1076_00000257#4,1,1,10,10,19
15,shuming_1076_00000257#5,1,1,10,10,23
15,shuming_1079_00000233#3,1,1,10,10,18
15,shuming_1079_00000233#4,1,1,10,10,12
15,shuming_1079_00000233#6,1,1,10,10,35
15,shuming_1080_00000016#0,1,1,10,10,72
15,shuming_1080_00000016#4,1,1,10,10,10
15,shuming_1132_00000385#2,1,1,10,10,29
15,shuming_1132_00000385#3,1,1,7,10,32
15,shuming_1132_00000385#4,1,1,10,10,25
15,shuming_1135_00000213#0,1,1,10,10,76
15,shuming_1148_00000041#0,1,1,10,10,74
15,shuming_1157_00000010#0,1,1,10,10,72
15,shuming_1157_00000010#1,1,1,10,10,32
15,shuming_1157_00000010#2,1,1,10,10,18
15,shuming_1180_00000231#3,1,1,10,10,49
15,shuming_24_00000001#0,1,1,10,10,40
15,shuming_24_00000001#1,1,1,10,10,62
15,shuming_340_00000020#1,1,1,10,10,21
15,shuming_340_00000020#19,1,1,10,10,11
15,shuming_340_00000020#22,1,1,7,10,7
15,shuming_340_00000020#23,1,1,10,10,12
15,shuming_340_00000020#26,1,1,9,10,9
15,shuming_340_00000020#30,1,1,9,10,9
15,shuming_340_00000020#31,1,1,10,10,12
15,shuming_340_00000020#38,1,1,10,10,10
15,shuming_35_00000199#0,1,1,10,10,73
15,shuming_35_00000199#3,1,1,10,10,36
15,shuming_35_00000199#4,1,1,10,10,26
15,shuming_35_00000199#5,1,1,5,10,87
15,shuming_35_00000199#6,1,1,10,10,18
15,shuming_35_00000199#8,1,1,10,10,14
15,shuming_35_00000199#9,1,1,8,10,8
15,shuming_35_00000199#11,1,1,10,10,39
15,shuming_410_00000037#0,1,1,6,10,7
15,shuming_410_00000037#9,1,1,10,10,45
15,shuming_461_00000082#0,1,1,10,10,53
15,shuming_461_00000082#2,1,1,10,10,42
15,shuming_461_00000082#3,1,1,10,10,31
15,shuming_461_00000082#4,1,1,9,10,14
15,shuming_461_00000082#5,1,1,10,10,11
15,shuming_465_00000030#0,1,1,10,10,10
15,shuming_465_00000030#2,1,1,10,10,56
15,shuming_465_00000030#3,1,1,10,10,15
15,shuming_470_00000057#3,1,1,10,10,43
15,shuming_470_00000057#4,1,1,10,10,23
15,shuming_482_00000018#3,1,1,10,10,53
15,shuming_482_00000018#4,1,1,10,10,44
15,shuming_482_00000018#5,1,1,10,10,62
15,shuming_485_00000027#3,1,1,10,10,16
15,shuming_485_00000027#4,1,1,10,10,52
15,shuming_503_00000052#0,1,1,10,10,32
15,shuming_503_00000052#1,1,1,10,10,26
15,shuming_562_00000223#2,1,1,10,10,76
15,shuming_571_00000215#0,1,1,10,10,56
15,shuming_571_00000215#1,1,1,10,10,46
15,shuming_574_00000017#0,1,1,10,10,63
15,shuming_608_00000031#1,1,1,10,10,19
15,shuming_608_00000031#2,1,1,10,10,30
15,shuming_608_00000031#3,1,1,10,10,35
15,shuming_608_00000031#4,1,1,10,10,11
15,shuming_610_00000148#0,1,1,10,10,50
15,shuming_63_00000393#3,1,1,10,10,15
15,shuming_63_00000393#4,1,1,10,10,17
15,shuming_63_00000393#5,1,1,9,10,9
15,shuming_63_00000393#6,1,1,10,10,23
15,shuming_63_00000393#7,1,1,10,10,21
15,shuming_63_00000393#8,1,1,10,10,23
15,shuming_63_00000393#9,1,1,10,10,20
15,shuming_663_00000328#2,1,1,10,10,50
15,shuming_663_00000328#3,1,1,10,10,40
15,shuming_67_00000001#1,1,1,10,10,55
15,shuming_67_00000001#2,1,1,10,10,18
15,shuming_698_00000001#0,1,1,8,10,11
15,shuming_698_00000001#1,1,1,8,10,13
15,shuming_698_00000001#2,1,1,9,10,17
15,shuming_698_00000001#3,1,1,10,10,20
15,shuming_698_00000001#4,1,1,10,10,15
15,shuming_698_00000001#5,1,1,10,10,14
15,shuming_698_00000001#7,1,1,10,10,26
15,shuming_698_00000001#8,1,1,10,10,17
15,shuming_698_00000001#9,1,1,10,10,14
15,shuming_698_00000001#10,1,1,10,10,13
15,shuming_698_00000001#11,1,1,10,10,13
15,shuming_698_00000001#12,1,1,10,10,15
15,shuming_698_00000001#13,1,1,10,10,14
15,shuming_698_00000001#14,1,1,10,10,12
15,shuming_698_00000001#15,1,1,10,10,15
15,shuming_698_00000001#16,1,1,10,10,15
15,shuming_698_00000001#17,1,1,10,10,23
15,shuming_698_00000001#18,1,1,10,10,18
15,shuming_698_00000001#19,1,1,10,10,19
15,shuming_698_00000001#20,1,1,10,10,22
15,shuming_698_00000001#21,1,1,10,10,24
15,shuming_698_00000001#22,1,1,10,10,18
15,shuming_698_00000001#23,1,1,10,10,35
15,shuming_698_00000001#25,1,1,10,10,64
15,shuming_706_00000375#0,1,1,8,10,41
15,shuming_706_00000375#2,1,1,10,10,32
15,shuming_706_00000375#3,1,1,10,10,17
15,shuming_706_00000375#4,1,1,10,10,52
15,shuming_72_00000270#19,1,1,10,10,54
15,shuming_72_00000270#20,1,1,10,10,22
15,shuming_72_00000270#22,1,1,10,10,48
15,shuming_72_00000270#24,1,1,10,10,20
15,shuming_731_00000492#0,1,1,10,10,32
15,shuming_731_00000492#1,1,1,10,10,26
15,shuming_731_00000492#3,1,1,10,10,60
15,shuming_731_00000492#5,1,1,10,10,69
15,shuming_753_00000172#0,1,1,10,10,12
15,shuming_758_00000371#0,1,1,10,10,52
15,shuming_763_00000009#2,1,1,10,10,15
15,shuming_774_00000273#3,1,1,10,10,63
15,shuming_774_00000273#5,1,1,10,10,31
15,shuming_779_00000254#1,1,1,10,10,63
15,shuming_779_00000254#5,1,1,10,10,80
15,shuming_783_00000248#0,1,1,10,10,81
15,shuming_783_00000248#2,1,1,10,10,66
15,shuming_793_00000117#2,1,1,10,10,31
15,shuming_825_00000172#1,1,1,10,10,13
15,shuming_825_00000172#2,1,1,6,10,7
15,shuming_825_00000172#3,1,1,10,10,16
15,shuming_826_00000213#1,1,1,10,10,14
15,shuming_826_00000213#2,1,1,10,10,18
15,shuming_826_00000213#3,1,1,9,10,9
15,shuming_85_00000273#4,1,1,10,10,11
15,shuming_987_00000275#1,1,1,10,10,41
15,shuming_987_00000275#2,1,1,10,10,23
15,shuming_987_00000275#3,1,1,10,10,19
15,shuming_987_00000275#4,1,1,10,10,21
15,shuming_987_00000275#5,1,1,10,10,10
20,00000045#1,1,1,10,10,242
20,00000045#2,1,1,10,10,88
20,00000045#3,1,1,10,10,105
20,00000045#6,1,1,10,10,286
20,00000045#7,1,1,10,10,279
20,00000057#1,1,1,10,10,225
20,00000057#2,1,1,10,10,88
20,00000057#3,1,1,10,10,111
20,00000057#5,1,1,10,10,133
20,00000063#1,1,1,10,10,279
20,00000063#2,1,1,10,10,90
20,00000063#3,1,1,10,10,107
20,00000063#5,1,1,10,10,208
20,00000095#1,1,1,10,10,279
20,00000095#2,1,1,10,10,114
20,00000095#3,1,1,10,10,105
20,00000106#1,1,1,10,10,245
20,00000106#2,1,1,10,10,135
20,00000106#3,1,1,10,10,122
20,00000106#5,1,1,10,10,157
20,00000123#1,1,1,10,10,196
20,00000123#2,1,1,10,10,87
20,00000123#3,1,1,10,10,190
20,00000123#5,1,1,10,10,108
20,00000171#0,1,1,10,10,120
20,00000180#0,1,1,10,10,136
20,00000234#1,1,1,10,10,108
20,00000257#0,1,1,10,10,93
20,00000271#0,1,1,10,10,118
20,00000271#1,1,1,10,10,132
20,00000273#0,1,1,10,10,84
20,00000273#1,1,1,10,10,99
20,000002_080_00000048#0,1,1,10,10,69
20,000002_083_00000169#0,1,1,10,10,14
20,000002_083_00000169#1,1,1,10,10,26
20,000002_083_00000169#2,1,1,10,10,36
20,00000346#0,1,1,10,10,381
20,00000364#0,1,1,10,10,210
20,00000396#0,1,1,10,10,111
20,00000399#0,1,1,10,10,82
20,000003_081_00000171#10,1,1,10,10,76
20,000003_081_00000171#11,1,1,10,10,82
20,00000426#0,1,1,10,10,653
20,00000506#0,1,1,10,10,117
20,000005_004_00000286#4,1,1,10,10,62
20,000005_006_00000001#1,1,1,10,10,68
20,000005_006_00000001#2,1,1,10,10,25
20,000005_019_00000209#0,1,1,10,10,43
20,000005_019_00000209#1,1,1,10,10,31
20,000005_019_00000209#2,1,1,10,10,59
20,000005_027_00000493#1,1,1,10,10,34
20,000005_027_00000493#2,1,1,10,10,38
20,000005_027_00000493#3,1,1,10,10,49
20,000005_027_00000493#4,1,1,10,10,21
20,000005_027_00000493#5,1,1,10,10,25
20,000005_027_00000493#6,1,1,10,10,20
20,000005_027_00000493#7,1,1,10,10,26
20,000005_027_00000493#8,1,1,10,10,74
20,000005_028_00000001#2,1,1,10,10,77
20,000005_028_00000163#2,1,1,10,10,31
20,00000618#2,1,1,10,10,101
20,000006_010_00000389#4,1,1,10,10,58
20,000006_011_00000307#3,1,1,10,10,25
20,000006_011_00000409#8,1,1,10,10,40
20,000006_011_00000409#10,1,1,10,10,54
20,000006_012_00000001#3,1,1,10,10,38
20,000006_012_00000001#6,1,1,10,10,63
20,000006_012_00000001#11,1,1,10,10,69
20,000006_012_00000001#12,1,1,10,10,33
20,000008_003_00000235#1,1,1,10,10,76
20,000008_003_00000235#2,1,1,10,10,59
20,000008_003_00000235#3,1,1,10,10,81
20,000008_003_00000235#4,1,1,10,10,66
20,000008_003_00000235#5,1,1,10,10,68
20,000008_003_00000235#10,1,1,10,10,68
20,000008_003_00000235#11,1,1,10,10,16
20,000008_003_00000352#1,1,1,10,10,66
20,000008_003_00000352#3,1,1,10,10,80
20,000008_003_00000352#5,1,1,10,10,74
20,000008_003_00000352#7,1,1,10,10,75
20,000008_003_00000352#8,1,1,10,10,75
20,000008_003_00000352#9,1,1,10,10,76
20,000008_003_00000352#10,1,1,10,10,64
20,000008_003_00000352#12,1,1,10,10,74
20,000008_003_00000352#13,1,1,10,10,16
20,000008_003_00000469#0,1,1,10,10,85
20,000008_003_00000469#1,1,1,10,10,70
20,000008_003_00000469#2,1,1,10,10,67
20,000008_003_00000469#3,1,1,10,10,78
20,000008_003_00000469#4,1,1,10,10,85
20,000008_003_00000469#6,1,1,10,10,89
20,000008_003_00000469#9,1,1,10,10,31
20,000008_003_00000469#10,1,1,10,10,18
20,000008_004_00000665#2,1,1,10,10,34
20,000008_004_00000665#4,1,1,10,10,39
20,000008_004_00000665#11,1,1,10,10,52
20,000008_004_00000665#12,1,1,10,10,63
20,000008_004_00000665#13,1,1,10,10,37
20,000008_013_00000195#1,1,1,10,10,66
20,000008_013_00000195#2,1,1,10,10,60
20,000008_042_00000273#1,1,1,10,10,40
20,000008_045_00000001#0,1,1,10,10,48
20,000008_045_00000001#2,1,1,10,10,70
20,000008_045_00000001#3,1,1,10,10,14
20,000008_045_00000157#0,1,1,10,10,80
20,000008_045_00000157#4,1,1,10,10,17
20,000008_048_00000361#3,1,1,10,10,42
20,000008_048_00000361#4,1,1,9,10,36
20,000008_048_00000361#5,1,1,8,10,29
20,000009_008_00000241#3,1,1,10,10,78
20,000009_008_00000241#5,1,1,10,10,69
20,000009_008_00000241#6,1,1,10,10,29
20,000009_008_00000241#7,1,1,10,10,76
20,000009_008_00000241#9,1,1,10,10,84
20,000009_033_00000333#1,1,1,10,10,16
20,000009_033_00000333#2,1,1,10,10,38
20,000009_033_00000333#3,1,1,10,10,38
20,000009_033_00000333#4,1,1,10,10,36
20,000009_033_00000333#6,1,1,10,10,51
20,000012_008_00000163#3,1,1,10,10,67
20,000012_008_00000163#4,1,1,10,10,55
20,000012_008_00000163#5,1,1,10,10,48
20,000012_008_00000163#6,1,1,10,10,60
20,000012_008_00000163#8,1,1,10,10,74
20,000012_008_00000163#10,1,1,10,10,17
20,000012_008_00000163#11,1,1,10,10,26
20,000012_008_00000163#12,1,1,10,10,27
20,000012_008_00000163#13,1,1,10,10,15
20,000012_008_00000163#14,1,1,10,10,11
20,000012_009_00000244#1,1,1,10,10,71
20,000012_009_00000244#3,1,1,10,10,68
20,000012_009_00000244#4,1,1,10,10,40
20,000012_009_00000244#5,1,1,10,10,45
20,000012_009_00000244#6,1,1,10,10,21
20,000012_009_00000244#7,1,1,10,10,13
20,000012_009_00000244#8,1,1,10,10,12
20,000012_009_00000244#9,1,1,10,10,14
20,000012_009_00000244#10,1,1,10,10,34
20,000012_009_00000244#11,1,1,10,10,18
20,000012_009_00000244#12,1,1,10,10,18
20,000012_009_00000244#13,1,1,10,10,19
20,000012_009_00000244#14,1,1,8,10,8
20,000012_009_00000325#3,1,1,10,10,82
20,000012_009_00000325#4,1,1,10,10,36
20,000012_009_00000325#5,1,1,10,10,43
20,000012_009_00000325#6,1,1,10,10,28
20,000012_009_00000325#7,1,1,10,10,17
20,000012_009_00000325#8,1,1,10,10,16
20,000012_009_00000325#9,1,1,7,10,8
20,000012_009_00000325#11,1,1,10,10,28
20,000012_009_00000325#12,1,1,10,10,15
20,000012_009_00000325#14,1,1,10,10,22
20,000012_009_00000325#15,1,1,3,10,19
20,000012_009_00000325#16,1,1,10,10,35
20,000012_014_00000184#0,1,1,10,10,33
20,000012_014_00000184#1,1,1,10,10,55
20,000012_014_00000184#3,1,1,10,10,26
20,000012_019_00000151#1,1,1,10,10,59
20,000012_019_00000151#2,1,1,10,10,14
20,000012_019_00000151#4,1,1,10,10,21
20,000012_019_00000151#5,1,1,10,10,14
20,000012_022_00000090#0,1,1,10,10,64
20,000012_022_00000090#1,1,1,10,10,23
20,000012_025_00000313#1,1,1,10,10,11
20,000012_025_00000313#2,1,1,10,10,11
20,000012_025_00000313#3,1,1,10,10,13
20,000012_025_00000313#4,1,1,7,10,7
20,000012_025_00000313#5,1,1,10,10,13
20,000012_025_00000313#6,1,1,8,10,8
20,000012_028_00000250#0,1,1,10,10,64
20,000012_028_00000250#1,1,1,10,10,56
20,000013_001_00000001#1,1,1,10,10,33
20,000013_001_00000001#2,1,1,10,10,34
20,000013_001_00000001#3,1,1,10,10,31
20,000013_002_00000281#1,1,1,10,10,31
20,000013_002_00000281#2,1,1,10,10,36
20,000013_002_00000281#3,1,1,10,10,20
20,000013_023_00000075#1,1,1,10,10,56
20,000013_023_00000075#2,1,1,10,10,68
20,000013_025_00000285#0,1,1,10,10,15
20,000013_025_00000285#1,1,1,10,10,56
20,000013_025_00000285#2,1,1,10,10,20
20,000013_030_00000063#0,1,1,10,10,21
20,000013_030_00000063#1,1,1,10,10,68
20,000013_039_00000063#0,1,1,10,10,41
20,000013_039_00000063#1,1,1,10,10,32
20,000013_039_00000063#3,1,1,10,10,26
20,000013_039_00000063#5,1,1,8,10,8
20,000013_040_suppl_00000167#0,1,1,10,10,79
20,000013_040_suppl_00000333#1,1,1,10,10,50
20,000013_040_suppl_00000333#3,1,1,10,10,80
20,000013_040_suppl_00000333#4,1,1,8,10,8
20,000013_044_00000001#0,1,1,10,10,24
20,000013_044_00000001#1,1,1,10,10,31
20,000013_044_00000001#2,1,1,10,10,72
20,000013_044_00000001#4,1,1,1,10,38
20,000013_044_00000001#5,0,1,0,10,72
20,000013_044_00000001#7,1,1,10,10,62
20,000013_048_00000001#0,1,1,4,10,46
20,000013_048_00000001#1,0,1,0,10,60
20,000013_048_00000001#3,1,1,6,10,49
20,000013_048_00000001#4,1,1,10,10,69
20,000013_056_00000281#2,1,1,10,10,49
20,000013_056_00000281#3,1,1,10,10,16
20,000013_056_00000281#4,1,1,10,10,21
20,000013_056_00000281#6,1,1,10,10,11
20,000013_056_00000281#7,1,1,10,10,12
20,000013_056_00000281#8,1,1,10,10,64
20,000013_056_00000281#9,1,1,10,10,43
20,000013_056_00000281#10,1,1,10,10,32
20,000014_012_00000217#1,1,1,10,10,41
20,000014_012_00000217#2,1,1,10,10,48
20,000014_050_00000273#3,1,1,10,10,47
20,000014_050_00000273#4,1,1,10,10,57
20,000014_050_00000273#5,1,1,10,10,26
20,000014_051_suppl_00000341#2,1,1,10,10,15
20,000014_052_00000131#2,1,1,10,10,22
20,000014_052_00000131#3,1,1,9,10,13
20,000015_004_00000268#0,1,1,10,10,27
20,000015_004_suppl_00000223#2,1,1,10,10,36
20,000016_043_suppl_00000292#1,1,1,10,10,21
20,000016_043_suppl_00000292#2,1,1,10,10,56
20,000016_043_suppl_00000292#4,1,1,10,10,30
20,000016_043_suppl_00000292#5,1,1,10,10,25
20,000016_043_suppl_00000292#6,1,1,10,10,45
20,000016_043_suppl_00000292#8,1,1,10,10,26
20,000016_043_suppl_00000292#9,1,1,10,10,32
20,000016_043_suppl_00000292#10,1,1,10,10,19
20,000016_043_suppl_00000292#11,1,1,10,10,27
20,000016_043_suppl_00000292#12,1,1,10,10,32
20,000016_043_suppl_00000292#14,1,1,10,10,70
20,000016_043_suppl_00000292#17,1,1,10,10,47
20,000016_043_suppl_00000292#20,1,1,10,10,23
20,000016_044_00000085#0,1,1,10,10,83
20,000016_044_00000085#1,1,1,10,10,62
20,000016_044_00000085#3,1,1,10,10,17
20,000016_044_00000085#4,1,1,10,10,65
20,000016_044_00000085#7,1,1,10,10,67
20,000016_044_00000085#10,1,1,10,10,78
20,000016_044_00000169#1,1,1,10,10,37
20,000016_044_00000169#2,1,1,10,10,36
20,000016_044_00000169#3,1,1,10,10,16
20,000016_044_00000169#5,1,1,10,10,15
20,000016_044_00000169#6,1,1,10,10,59
20,000016_044_00000169#8,1,1,10,10,88
20,000016_044_00000169#16,1,1,10,10,73
20,000016_044_00000169#17,1,1,10,10,65
20,000017_011_00000297#3,1,1,10,10,12
20,000017_011_00000297#5,1,1,10,10,68
20,000017_011_00000297#9,1,1,10,10,26
20,000017_011_00000297#10,1,1,10,10,86
20,000017_011_00000297#11,1,1,10,10,59
20,000017_011_00000297#13,1,1,10,10,43
20,000017_012_00000135#2,1,1,10,10,36
20,000017_020_00000214#0,1,1,10,10,21
20,000017_020_00000214#2,1,1,10,10,27
20,000017_020_suppl_00000356#0,1,1,10,10,20
20,000017_020_suppl_00000356#2,1,1,10,10,20
20,000018_006_00000063#0,1,1,10,10,66
20,000019_030_00000072#1,1,1,10,10,23
20,000019_030_00000072#2,1,1,10,10,72
20,000019_030_00000072#3,1,1,10,10,54
20,000019_030_00000072#4,1,1,10,10,21
20,000019_030_00000072#5,1,1,10,10,10
20,000019_038_00000205#2,1,1,10,10,20
20,000019_038_00000205#3,1,1,10,10,25
20,000019_038_00000205#4,1,1,10,10,21
20,000019_038_00000205#5,1,1,10,10,36
20,000019_038_00000205#6,1,1,10,10,84
20,000019_038_00000205#7,1,1,9,10,70
20,000019_038_00000205#8,1,1,10,10,82
20,000019_041_00000141#2,1,1,10,10,24
20,000019_045_00000145#4,1,1,10,10,46
20,000019_045_00000145#5,1,1,10,10,42
20,000019_045_00000145#7,1,1,7,10,67
20,000020_010_00000089#1,1,1,10,10,60
20,000020_010_00000089#5,1,1,8,10,9
20,000020_010_00000089#6,1,1,10,10,20
20,000020_010_00000089#7,1,1,5,10,8
20,000020_014_00000193#2,1,1,10,10,63
20,000020_014_00000193#3,1,1,10,10,76
20,000020_014_00000193#5,1,1,10,10,54
20,000020_014_00000193#6,1,1,10,10,77
20,000020_018_00000093#0,1,1,10,10,16
20,000020_018_00000093#1,1,1,10,10,24
20,000020_018_00000093#2,1,1,10,10,81
20,000020_018_00000093#3,1,1,10,10,42
20,000021_020_00000131#2,1,1,10,10,76
20,000023_005_00000070#1,1,1,10,10,32
20,000023_005_00000070#2,1,1,10,10,87
20,000023_005_00000070#3,1,1,10,10,63
20,000023_005_00000070#4,1,1,10,10,63
20,000023_005_00000070#5,1,1,10,10,18
20,000023_005_00000070#6,1,1,10,10,23
20,000031#0,1,1,10,10,53
20,000031#1,1,1,10,10,15
20,000031#2,1,1,8,10,8
20,000031#3,1,1,10,10,15
20,000031#6,1,1,10,10,24
20,000031#8,1,1,10,10,53
20,000031#10,1,1,10,10,16
20,000031#11,1,1,7,10,21
20,000066#0,1,1,10,10,31
20,000066#1,1,1,10,10,15
20,000066#2,1,1,10,10,61
20,000066#3,1,1,10,10,39
20,000070#0,1,1,10,10,28
20,000070#1,1,1,10,10,18
20,000070#2,1,1,9,10,52
20,000070#3,1,1,10,10,67
20,000173#1,1,1,10,10,27
20,000303#2,1,1,10,10,67
20,000303#6,1,1,10,10,30
20,000303#7,1,1,10,10,16
20,000328#1,1,1,10,10,58
20,000328#3,1,1,10,10,65
20,000415#1,1,1,10,10,14
20,000415#2,1,1,8,10,9
20,000415#4,1,1,10,10,22
20,000415#5,1,1,10,10,24
20,000415#6,1,1,10,10,12
20,000415#8,1,1,10,10,10
20,000415#10,1,1,10,10,13
20,000415#11,1,1,10,10,12
20,000415#13,1,1,10,10,21
20,000415#14,1,1,10,10,13
20,000415#15,1,1,10,10,17
20,000415#16,1,1,7,10,8
20,000415#17,1,1,7,10,10
20,000415#19,1,1,10,10,37
20,000433#7,1,1,10,10,57
20,000437#0,1,1,10,10,67
20,000437#1,1,1,10,10,75
20,000437#2,1,1,10,10,26
20,000437#5,1,1,10,10,48
20,000484#2,1,1,10,10,37
20,000484#3,1,1,10,10,55
20,000500#0,1,1,10,10,14
20,000500#1,1,1,9,10,9
20,000500#2,1,1,10,10,15
20,000525#0,1,1,10,10,14
20,000525#1,1,1,10,10,30
20,000525#2,1,1,10,10,35
20,000561#0,1,1,10,10,70
20,000561#3,1,1,10,10,63
20,000561#4,1,1,10,10,38
20,000597#2,1,1,10,10,62
20,000597#3,1,1,8,10,29
20,000630#0,1,1,10,10,14
20,000680#5,1,1,10,10,69
20,000707#1,1,1,10,10,13
20,000707#2,1,1,10,10,18
20,000707#3,1,1,9,10,9
20,000707#4,1,1,10,10,25
20,000707#5,1,1,10,10,20
20,000735#1,1,1,10,10,11
20,000738#0,1,1,10,10,26
20,000738#2,1,1,9,10,9
20,000738#3,1,1,10,10,36
20,000756#4,1,1,10,10,34
20,000759#2,1,1,10,10,34
20,000780#0,1,1,10,10,22
20,000780#3,1,1,10,10,90
20,000783#0,1,1,10,10,45
20,000783#1,1,1,10,10,42
20,000783#3,1,1,10,10,38
20,000783#4,1,1,10,10,26
20,000808#1,1,1,10,10,21
20,000820#2,1,1,10,10,58
20,000820#3,1,1,10,10,45
20,000820#4,1,1,10,10,25
20,000820#5,1,1,10,10,27
20,000820#7,1,1,8,10,8
20,000889#5,1,1,10,10,84
20,000889#6,1,1,10,10,40
20,000889#7,1,1,10,10,14
20,000889#8,1,1,10,10,15
20,000889#9,1,1,10,10,22
20,000889#13,1,1,10,10,24
20,000889#14,1,1,10,10,69
20,000943#0,1,1,10,10,16
20,000943#1,1,1,10,10,14
20,000943#2,1,1,10,10,64
20,000943#3,1,1,7,10,7
20,000943#4,1,1,6,10,7
20,000943#6,1,1,7,10,18
20,000943#7,1,1,9,10,23
20,000952#0,1,1,10,10,22
20,001033#1,1,1,10,10,15
20,001033#2,1,1,10,10,31
20,001033#3,1,1,10,10,41
20,001033#9,1,1,10,10,25
20,001033#10,1,1,10,10,21
20,001035#0,1,1,10,10,19
20,001035#1,1,1,10,10,53
20,001035#2,1,1,10,10,76
20,001035#7,1,1,10,10,40
20,001035#9,1,1,10,10,22
20,001035#10,1,1,10,10,63
20,001114#5,1,1,10,10,47
20,001114#6,1,1,10,10,40
20,001114#7,1,1,10,10,12
20,001114#8,1,1,10,10,26
20,001114#10,1,1,10,10,17
20,001123#0,1,1,10,10,31
20,001123#1,1,1,10,10,76
20,001123#2,1,1,10,10,77
20,001123#4,1,1,10,10,64
20,001123#5,1,1,10,10,42
20,001123#6,1,1,10,10,79
20,001123#7,1,1,10,10,86
20,001123#8,1,1,6,10,36
20,001123#9,1,1,10,10,56
20,001123#10,1,1,10,10,62
20,001123#11,1,1,10,10,66
20,001123#12,1,1,10,10,79
20,001123#13,1,1,10,10,31
20,001123#18,1,1,9,10,9
20,001123#19,1,1,10,10,10
20,001123#20,1,1,10,10,49
20,001123#21,1,1,10,10,32
20,001123#22,1,1,10,10,33
20,001135#4,1,1,10,10,64
20,001135#6,1,1,10,10,72
20,001135#7,1,1,5,10,14
20,001157#4,1,1,10,10,14
20,001157#5,1,1,10,10,30
20,001157#8,1,1,10,10,77
20,001157#9,1,1,10,10,68
20,001202#3,1,1,10,10,72
20,001202#4,1,1,10,10,78
20,001202#8,1,1,10,10,23
20,001202#10,1,1,10,10,56
20,001202#11,1,1,10,10,57
20,001202#12,1,1,10,10,42
20,001257#0,1,1,10,10,46
20,001257#3,1,1,10,10,69
20,001257#6,1,1,10,10,27
20,001257#9,1,1,10,10,27
20,001257#10,1,1,10,10,46
20,001257#11,1,1,10,10,31
20,001276#3,1,1,10,10,58
20,001276#7,1,1,10,10,30
20,001276#9,1,1,10,10,54
20,001276#10,1,1,10,10,27
20,001276#11,1,1,10,10,31
20,001276#12,1,1,10,10,25
20,001276#13,1,1,10,10,35
20,001276#14,1,1,10,10,50
20,001276#15,1,1,10,10,25
20,001295#0,1,1,10,10,30
20,001295#1,1,1,10,10,52
20,001295#3,1,1,10,10,10
20,001295#10,1,1,10,10,55
20,001295#11,1,1,10,10,24
20,001295#12,1,1,10,10,17
20,001295#13,1,1,10,10,28
20,001295#14,1,1,10,10,36
20,001295#15,1,1,10,10,24
20,001295#17,1,1,10,10,19
20,001295#18,1,1,10,10,15
20,001295#19,1,1,10,10,17
20,001295#20,1,1,10,10,16
20,001295#21,1,1,10,10,22
20,001295#22,1,1,10,10,26
20,001295#24,1,1,10,10,26
20,001295#26,1,1,9,10,9
20,001409#0,1,1,10,10,39
20,001409#1,1,1,10,10,43
20,001415#0,1,1,10,10,42
20,001415#1,1,1,10,10,44
20,001415#2,1,1,10,10,41
20,001415#3,1,1,10,10,53
20,001443#3,1,1,10,10,53
20,001443#4,1,1,10,10,73
20,001443#6,1,1,10,10,66
20,001443#7,1,1,10,10,67
20,001443#9,1,1,10,10,27
20,001443#10,1,1,10,10,46
20,001461#2,1,1,10,10,28
20,001461#3,1,1,10,10,42
20,001461#4,1,1,10,10,64
20,001461#5,1,1,10,10,36
20,001531#1,1,1,10,10,16
20,001531#2,1,1,10,10,11
20,001531#6,1,1,10,10,28
20,001531#8,1,1,10,10,11
20,001531#10,1,1,10,10,43
20,001558#4,1,1,10,10,31
20,001683#1,1,1,10,10,83
20,001683#6,1,1,10,10,36
20,001683#7,1,1,10,10,46
20,001683#8,1,1,10,10,50
20,001694#1,1,1,10,10,28
20,001694#2,1,1,10,10,64
20,001694#7,1,1,10,10,62
20,001694#8,1,1,10,10,36
20,001694#9,1,1,10,10,50
20,001694#10,1,1,10,10,27
20,001694#11,1,1,10,10,28
20,001694#12,1,1,10,10,22
20,001694#13,1,1,10,10,27
20,001694#14,1,1,10,10,31
20,001707#1,1,1,10,10,22
20,001707#2,1,1,10,10,68
20,001707#7,1,1,10,10,62
20,001707#8,1,1,10,10,36
20,001707#9,1,1,10,10,31
20,001707#10,1,1,10,10,34
20,001707#11,1,1,10,10,57
20,001707#12,1,1,10,10,19
20,001712#1,1,1,10,10,72
20,001712#6,1,1,10,10,58
20,001712#7,1,1,10,10,16
20,001712#8,1,1,10,10,36
20,001712#9,1,1,10,10,55
20,001712#10,1,1,10,10,25
20,001712#11,1,1,10,10,23
20,001712#12,1,1,10,10,27
20,001724#1,1,1,10,10,11
20,001724#3,1,1,10,10,56
20,001724#7,1,1,10,10,84
20,001724#8,1,1,10,10,34
20,001724#9,1,1,10,10,30
20,001724#10,1,1,10,10,27
20,001724#11,1,1,10,10,34
20,001724#12,1,1,10,10,38
20,001737#3,1,1,10,10,54
20,001737#7,1,1,10,10,76
20,001737#8,1,1,8,10,8
20,001737#9,1,1,10,10,15
20,001737#10,1,1,10,10,36
20,001737#11,1,1,10,10,30
20,001737#12,1,1,10,10,38
20,001737#13,1,1,10,10,30
20,001742#0,1,1,10,10,41
20,001763#0,1,1,10,10,25
20,001785#0,1,1,10,10,50
20,001785#1,1,1,10,10,51
20,001785#2,1,1,10,10,80
20,001851#0,1,1,10,10,48
20,001851#8,1,1,10,10,25
20,001851#9,1,1,10,10,27
20,001851#10,1,1,10,10,31
20,001851#11,1,1,10,10,25
20,001851#12,1,1,10,10,27
20,001851#13,1,1,10,10,50
20,001851#14,1,1,10,10,27
20,001862#0,1,1,10,10,48
20,001862#8,1,1,10,10,21
20,001862#9,1,1,10,10,27
20,001862#10,1,1,10,10,54
20,001862#11,1,1,10,10,21
20,001862#12,1,1,10,10,20
20,001862#13,1,1,10,10,32
20,001862#14,1,1,10,10,29
20,001862#15,1,1,10,10,37
20,001873#0,1,1,10,10,48
20,001873#4,1,1,10,10,73
20,001873#8,1,1,10,10,26
20,001873#9,1,1,10,10,50
20,001873#10,1,1,10,10,14
20,001873#11,1,1,10,10,27
20,001873#12,1,1,10,10,26
20,001873#13,1,1,10,10,27
20,001881#0,1,1,10,10,48
20,001881#4,1,1,10,10,73
20,001881#8,1,1,10,10,25
20,001881#9,1,1,10,10,54
20,001881#10,1,1,10,10,22
20,001884#0,1,1,10,10,52
20,001884#4,1,1,10,10,73
20,001884#8,1,1,10,10,21
20,001884#9,1,1,10,10,57
20,001884#10,1,1,10,10,25
20,001884#11,1,1,10,10,23
20,001884#12,1,1,10,10,20
20,001884#13,1,1,10,10,17
20,001884#14,1,1,10,10,27
20,001898#0,1,1,10,10,52
20,001898#4,1,1,10,10,74
20,001898#7,1,1,10,10,22
20,001898#8,1,1,10,10,20
20,001898#9,1,1,10,10,21
20,001898#10,1,1,10,10,24
20,001898#11,1,1,10,10,36
20,001898#12,1,1,10,10,55
20,001898#13,1,1,10,10,27
20,001898#14,1,1,10,10,24
20,001970#1,1,1,10,10,73
20,001970#3,1,1,10,10,36
20,001970#7,1,1,10,10,65
20,001970#8,1,1,10,10,26
20,001970#9,1,1,10,10,41
20,001970#10,1,1,10,10,27
20,002048#2,1,1,10,10,68
20,002048#3,1,1,10,10,53
20,002048#4,1,1,10,10,76
20,002048#7,1,1,10,10,37
20,002048#8,1,1,10,10,19
20,002048#9,1,1,10,10,40
20,002048#10,1,1,10,10,41
20,002097#3,1,1,10,10,67
20,002097#4,1,1,10,10,75
20,002097#7,1,1,10,10,22
20,002097#8,1,1,10,10,29
20,002097#9,1,1,10,10,32
20,002097#10,1,1,10,10,32
20,002102#0,1,1,10,10,63
20,002102#1,1,1,10,10,67
20,002102#2,1,1,10,10,64
20,002102#3,1,1,10,10,55
20,002102#4,1,1,10,10,59
20,002102#5,1,1,10,10,40
20,002102#6,1,1,10,10,56
20,002102#7,1,1,10,10,56
20,002102#8,1,1,10,10,50
20,002156#0,1,1,10,10,40
20,002156#1,1,1,10,10,28
20,002156#2,1,1,10,10,38
20,002156#3,1,1,10,10,59
20,002156#4,1,1,10,10,81
20,002156#7,1,1,10,10,46
20,002156#8,1,1,10,10,34
20,002156#9,1,1,10,10,53
20,002207#0,1,1,10,10,11
20,002207#1,1,1,10,10,49
20,002235#3,1,1,10,10,36
20,002235#5,1,1,10,10,55
20,002235#6,1,1,5,10,17
20,002235#7,1,1,10,10,27
20,002235#10,1,1,10,10,10
20,002265#3,1,1,10,10,15
20,002265#4,1,1,10,10,13
20,002276#0,1,1,10,10,41
20,002276#1,1,1,10,10,18
20,002276#2,1,1,10,10,32
20,002276#3,1,1,10,10,53
20,002276#6,1,1,10,10,46
20,002331#2,1,1,10,10,49
20,002331#3,1,1,10,10,37
20,002331#4,1,1,10,10,75
20,002331#16,1,1,10,10,14
20,002331#18,1,1,9,10,21
20,002334#1,1,1,10,10,11
20,002334#8,1,1,10,10,56
20,002334#9,1,1,10,10,18
20,002338#0,1,1,10,10,62
20,002338#1,1,1,10,10,70
20,002338#4,1,1,10,10,73
20,002338#5,1,1,10,10,44
20,002357#0,1,1,10,10,23
20,002357#1,1,1,10,10,35
20,002357#2,1,1,10,10,72
20,002357#3,1,1,10,10,43
20,002359#0,1,1,10,10,29
20,002359#1,1,1,10,10,43
20,002359#2,1,1,10,10,45
20,002359#3,1,1,10,10,27
20,002378#0,1,1,10,10,34
20,002378#1,1,1,10,10,11
20,002378#3,1,1,10,10,66
20,002378#5,1,1,10,10,73
20,002378#6,1,1,10,10,19
20,002380#2,1,1,10,10,77
20,002380#3,1,1,10,10,55
20,002380#4,1,1,10,10,19
20,002380#5,1,1,8,10,8
20,002380#6,1,1,10,10,45
20,002380#7,1,1,10,10,14
20,002380#8,1,1,10,10,15
20,002380#9,1,1,10,10,25
20,002413#0,1,1,10,10,23
20,002517#1,1,1,10,10,48
20,002517#2,1,1,10,10,16
20,002517#4,1,1,10,10,23
20,002517#5,1,1,10,10,76
20,002584#4,1,1,9,10,11
20,002584#6,1,1,10,10,11
20,002625#6,1,1,10,10,17
20,002625#8,1,1,10,10,26
20,002625#10,1,1,10,10,27
20,002625#13,1,1,10,10,22
20,002625#14,1,1,10,10,73
20,002625#18,1,1,10,10,29
20,002625#19,1,1,10,10,13
20,002625#20,1,1,10,10,70
20,002625#21,1,1,10,10,82
20,002625#22,1,1,10,10,36
20,002625#23,1,1,10,10,34
20,002625#24,1,1,10,10,65
20,002625#25,1,1,10,10,11
20,002625#26,1,1,10,10,48
20,002625#27,1,1,4,10,25
20,002625#28,1,1,10,10,37
20,002625#29,1,1,10,10,63
20,002625#30,1,1,10,10,23
20,002625#31,1,1,10,10,34
20,002625#32,1,1,10,10,45
20,002625#33,1,1,10,10,12
20,002627#5,1,1,10,10,20
20,002627#7,1,1,10,10,17
20,002627#11,1,1,6,10,74
20,002627#12,1,1,10,10,32
20,002627#15,1,1,10,10,69
20,002627#17,1,1,10,10,73
20,002627#18,1,1,10,10,74
20,002627#19,1,1,10,10,18
20,002627#22,1,1,10,10,87
20,002627#23,1,1,10,10,71
20,002627#26,1,1,10,10,80
20,002627#27,1,1,10,10,81
20,002627#28,1,1,10,10,48
20,002627#30,1,1,10,10,39
20,002627#31,1,1,10,10,50
20,002627#32,1,1,10,10,55
20,002671#7,1,1,10,10,51
20,002671#9,1,1,10,10,25
20,002671#11,1,1,10,10,39
20,002671#12,1,1,10,10,63
20,002671#13,1,1,10,10,45
20,002671#14,1,1,10,10,30
20,002671#15,1,1,10,10,30
20,002671#16,1,1,10,10,18
20,002671#17,1,1,10,10,45
20,002671#18,1,1,10,10,18
20,002671#19,1,1,10,10,57
20,002671#20,1,1,10,10,46
20,002671#21,1,1,10,10,23
20,002671#22,1,1,10,10,23
20,002671#23,1,1,10,10,46
20,002671#24,1,1,10,10,59
20,002677#0,1,1,10,10,63
20,002677#1,1,1,10,10,40
20,002677#16,1,1,10,10,14
20,002677#17,1,1,10,10,24
20,002677#18,1,1,10,10,76
20,002707#11,1,1,10,10,22
20,002707#12,1,1,10,10,25
20,002707#13,1,1,10,10,62
20,002750#1,1,1,10,10,15
20,002750#4,1,1,10,10,42
20,002750#12,1,1,10,10,13
20,002750#13,1,1,10,10,12
20,002750#14,1,1,10,10,10
20,002750#16,1,1,8,10,8
20,002750#18,1,1,10,10,14
20,002750#19,1,1,10,10,22
20,002750#20,1,1,10,10,28
20,002750#21,1,1,10,10,28
20,002750#22,1,1,10,10,53
20,002750#23,1,1,10,10,25
20,002750#25,1,1,10,10,51
20,002762#1,1,1,10,10,17
20,002839#1,1,1,10,10,21
20,002839#2,1,1,10,10,25
20,002839#3,1,1,10,10,48
20,002839#4,1,1,10,10,31
20,002842#3,1,1,10,10,25
20,002842#4,1,1,10,10,21
20,002844#1,1,1,10,10,42
20,002844#2,1,1,10,10,21
20,002844#3,1,1,10,10,38
20,002935#0,1,1,9,10,17
20,002935#1,1,1,9,10,13
20,002955#0,1,1,10,10,72
20,002955#1,1,1,10,10,47
20,002955#4,1,1,10,10,32
20,002955#5,1,1,10,10,21
20,002955#6,1,1,10,10,37
20,002955#7,1,1,10,10,68
20,002955#8,1,1,10,10,61
20,002955#9,1,1,10,10,11
20,002955#10,1,1,10,10,42
20,002955#11,1,1,10,10,42
20,002955#12,1,1,10,10,57
20,002955#13,1,1,10,10,67
20,002955#14,1,1,10,10,73
20,002955#16,1,1,10,10,49
20,002955#17,1,1,10,10,81
20,002955#20,1,1,10,10,15
20,002955#23,1,1,10,10,29
20,002955#24,1,1,7,10,7
20,002987#0,1,1,10,10,16
20,002987#1,1,1,9,10,9
20,002987#2,1,1,10,10,23
20,002987#3,1,1,10,10,14
20,002987#4,1,1,10,10,34
20,002987#6,1,1,10,10,64
20,002987#7,1,1,10,10,73
20,002987#8,1,1,10,10,28
20,002987#9,1,1,10,10,14
20,002987#10,1,1,10,10,15
20,002987#11,1,1,10,10,15
20,002987#12,1,1,8,10,8
20,002987#13,1,1,10,10,34
20,002987#14,1,1,10,10,20
20,002987#15,1,1,10,10,37
20,003007#6,1,1,9,10,9
20,003007#8,1,1,10,10,41
20,003007#9,1,1,10,10,24
20,003013#6,1,1,10,10,20
20,003017#4,1,1,10,10,12
20,003026#4,1,1,9,10,17
20,003056#1,1,1,10,10,24
20,003056#2,1,1,10,10,15
20,003056#3,1,1,10,10,15
20,003056#4,1,1,10,10,11
20,003056#7,1,1,10,10,38
20,003056#8,1,1,9,10,9
20,003056#9,1,1,10,10,27
20,003056#10,1,1,9,10,18
20,003056#11,1,1,10,10,61
20,003148#0,1,1,10,10,61
20,003148#2,1,1,10,10,63
20,003148#3,1,1,10,10,42
20,003148#6,1,1,10,10,47
20,003148#7,1,1,7,10,8
20,003148#8,1,1,7,10,8
20,003160#0,1,1,10,10,42
20,003160#1,1,1,10,10,28
20,003160#2,1,1,10,10,31
20,003160#3,1,1,8,10,27
20,003160#4,1,1,7,10,31
20,003160#5,1,1,10,10,84
20,003160#7,1,1,10,10,37
20,003160#8,1,1,10,10,69
20,003160#9,1,1,10,10,19
20,003160#11,1,1,10,10,78
20,003160#13,1,1,10,10,37
20,003160#14,1,1,10,10,11
20,003160#15,1,1,10,10,55
20,003160#17,1,1,10,10,43
20,003160#18,1,1,10,10,72
20,003160#19,1,1,10,10,26
20,003160#20,1,1,10,10,18
20,003160#21,1,1,10,10,46
20,003198#1,1,1,10,10,64
20,003198#4,1,1,10,10,42
20,003257#5,1,1,10,10,58
20,003262#0,1,1,10,10,28
20,003262#1,1,1,10,10,31
20,003262#4,1,1,10,10,27
20,003262#14,1,1,8,10,10
20,003262#16,1,1,9,10,10
20,003262#17,1,1,10,10,14
20,003262#21,1,1,8,10,16
20,003262#23,1,1,10,10,22
20,003262#24,1,1,10,10,18
20,003262#28,1,1,10,10,50
20,003262#29,1,1,5,10,7
20,003262#30,1,1,10,10,73
20,003273#1,1,1,10,10,73
20,003273#3,1,1,10,10,68
20,003273#4,1,1,10,10,45
20,003273#5,1,1,10,10,12
20,003273#6,1,1,10,10,87
20,003273#8,1,1,10,10,35
20,003273#9,1,1,10,10,19
20,003273#10,1,1,10,10,42
20,003273#11,1,1,10,10,17
20,003273#13,1,1,10,10,20
20,003288#0,1,1,10,10,74
20,003288#3,1,1,10,10,37
20,003288#4,1,1,10,10,27
20,003288#5,1,1,10,10,20
20,003288#6,1,1,10,10,20
20,003288#7,1,1,10,10,16
20,003288#8,1,1,10,10,14
20,003288#9,1,1,10,10,16
20,003288#10,1,1,10,10,18
20,003288#11,1,1,10,10,14
20,003288#12,1,1,10,10,27
20,003288#13,1,1,10,10,33
20,003288#14,1,1,10,10,13
20,003288#16,1,1,10,10,21
20,003288#18,1,1,10,10,69
20,003304#0,1,1,10,10,42
20,003304#1,1,1,10,10,36
20,003304#2,1,1,10,10,14
20,003304#3,1,1,10,10,48
20,003304#4,1,1,10,10,20
20,003304#8,1,1,10,10,25
20,003304#9,1,1,10,10,41
20,003304#11,1,1,10,10,42
20,003304#12,1,1,10,10,30
20,003304#13,1,1,10,10,13
20,003317#1,1,1,10,10,29
20,003317#2,1,1,10,10,26
20,003317#3,1,1,10,10,29
20,003317#5,1,1,10,10,50
20,003317#6,1,1,10,10,23
20,003317#7,1,1,10,10,27
20,003317#8,1,1,10,10,49
20,003317#9,1,1,10,10,30
20,003317#12,1,1,10,10,12
20,003317#14,1,1,10,10,55
20,003317#15,1,1,10,10,70
20,003317#16,1,1,10,10,43
20,003348#0,1,1,10,10,30
20,003353#0,1,1,10,10,14
20,003408#1,1,1,10,10,22
20,003411#0,1,1,10,10,41
20,003411#1,1,1,10,10,52
20,003411#2,1,1,10,10,57
20,003411#3,1,1,10,10,50
20,003419#0,1,1,10,10,84
20,003419#5,1,1,10,10,22
20,003419#13,1,1,8,10,24
20,003419#14,1,1,10,10,30
20,003419#17,1,1,10,10,30
20,003419#18,1,1,10,10,34
20,003419#19,1,1,10,10,18
20,003419#21,1,1,10,10,36
20,003425#5,1,1,10,10,17
20,003425#6,1,1,9,10,13
20,003425#7,1,1,10,10,11
20,003425#10,1,1,10,10,18
20,003425#12,1,1,10,10,44
20,003425#13,1,1,10,10,46
20,003460#0,1,1,10,10,26
20,003460#1,1,1,10,10,64
20,003460#3,1,1,10,10,80
20,003460#5,1,1,10,10,25
20,003460#6,1,1,10,10,73
20,003472#0,1,1,10,10,31
20,003472#1,1,1,10,10,68
20,003472#2,1,1,10,10,20
20,003472#3,1,1,10,10,71
20,003475#1,1,1,10,10,41
20,003475#2,1,1,10,10,22
20,003475#3,1,1,10,10,51
20,003475#5,1,1,10,10,46
20,003475#6,1,1,10,10,70
20,003475#10,1,1,10,10,21
20,003475#11,1,1,10,10,31
20,003487#0,1,1,10,10,53
20,003487#2,1,1,10,10,62
20,003489#0,1,1,10,10,24
20,003489#2,1,1,10,10,31
20,003489#3,1,1,10,10,55
20,003489#4,1,1,10,10,25
20,003489#5,1,1,10,10,35
20,003489#9,1,1,10,10,26
20,003489#14,1,1,10,10,37
20,003526#0,1,1,10,10,18
20,003526#3,1,1,10,10,13
20,003532#0,1,1,10,10,18
20,003532#1,1,1,10,10,42
20,003546#0,1,1,10,10,27
20,003546#1,1,1,10,10,28
20,003546#2,1,1,10,10,37
20,003592#0,1,1,10,10,23
20,003592#1,1,1,10,10,23
20,003592#2,1,1,10,10,31
20,003592#3,1,1,10,10,20
20,003595#3,1,1,10,10,27
20,003595#4,1,1,10,10,30
20,003595#5,1,1,10,10,21
20,003595#6,1,1,10,10,46
20,003603#3,1,1,10,10,32
20,003653#3,1,1,10,10,15
20,003653#5,1,1,10,10,20
20,003653#6,1,1,8,10,18
20,003653#7,1,1,10,10,14
20,003653#8,1,1,10,10,11
20,003653#9,1,1,10,10,12
20,003653#11,1,1,10,10,36
20,003653#12,1,1,10,10,51
20,003653#14,1,1,8,10,8
20,003653#16,1,1,9,10,9
20,003653#17,1,1,10,10,26
20,003653#18,1,1,8,10,8
20,003679#4,1,1,10,10,50
20,003679#5,1,1,10,10,27
20,003679#7,1,1,10,10,25
20,003679#8,1,1,10,10,32
20,003703#0,1,1,10,10,50
20,003739#0,1,1,10,10,30
20,003739#1,1,1,10,10,35
20,003739#2,1,1,10,10,17
20,003739#3,1,1,10,10,11
20,003739#5,1,1,10,10,16
20,003739#6,1,1,9,10,12
20,003739#7,1,1,10,10,26
20,003739#8,1,1,10,10,16
20,003757#0,1,1,10,10,76
20,003757#7,1,1,10,10,27
20,003757#8,1,1,9,10,10
20,003757#10,1,1,10,10,21
20,003757#14,1,1,10,10,13
20,003757#15,1,1,10,10,15
20,003757#16,1,1,8,10,11
20,003769#0,1,1,10,10,56
20,003838#0,1,1,10,10,72
20,003863#1,1,1,10,10,21
20,003863#3,1,1,10,10,17
20,003863#5,1,1,10,10,33
20,003863#7,1,1,10,10,24
20,003863#9,1,1,10,10,13
20,003863#10,1,1,10,10,12
20,003863#11,1,1,10,10,18
20,003895#2,1,1,10,10,55
20,003896#0,1,1,10,10,43
20,003896#1,1,1,10,10,19
20,003902#0,1,1,10,10,41
20,003902#1,1,1,10,10,15
20,003902#3,1,1,10,10,18
20,003902#4,1,1,10,10,30
20,003902#5,1,1,10,10,18
20,003902#6,1,1,10,10,41
20,003904#0,1,1,10,10,33
20,003904#1,1,1,10,10,19
20,003941#0,1,1,10,10,27
20,003941#1,1,1,10,10,17
20,003941#3,1,1,10,10,12
20,003941#5,1,1,10,10,25
20,003941#7,1,1,10,10,20
20,003941#8,1,1,10,10,26
20,003941#10,1,1,10,10,17
20,003941#11,1,1,10,10,26
20,003941#12,1,1,10,10,17
20,003941#13,1,1,10,10,20
20,003941#14,1,1,10,10,18
20,003941#15,1,1,10,10,22
20,003941#16,1,1,10,10,69
20,003941#20,1,1,10,10,10
20,003941#21,1,1,9,10,25
20,003941#22,1,1,10,10,13
20,003941#24,1,1,10,10,37
20,003941#25,1,1,10,10,18
20,003941#26,1,1,10,10,21
20,003941#27,1,1,10,10,18
20,003941#29,1,1,10,10,17
20,003941#30,1,1,10,10,34
20,003982#5,1,1,10,10,26
20,003982#6,1,1,10,10,15
20,003982#8,1,1,10,10,13
20,003982#11,1,1,10,10,19
20,003982#14,1,1,10,10,29
20,003982#19,1,1,9,10,9
20,003982#20,1,1,3,10,10
20,003982#23,1,1,10,10,25
20,003982#24,1,1,10,10,10
20,003982#30,1,1,10,10,12
20,003982#32,1,1,8,10,14
20,003982#34,1,1,10,10,11
20,003982#36,1,1,7,10,46
20,003982#41,1,1,9,10,10
20,003982#42,1,1,10,10,11
20,003982#43,1,1,10,10,13
20,003982#47,1,1,10,10,57
20,003982#48,1,1,10,10,16
20,003982#49,1,1,10,10,69
20,003982#50,1,1,10,10,34
20,003982#53,1,1,7,10,10
20,003982#57,1,1,10,10,18
20,003982#58,1,1,10,10,18
20,003982#60,1,1,10,10,16
20,003982#61,1,1,10,10,15
20,003982#62,1,1,10,10,17
20,003987#5,1,1,10,10,32
20,003987#6,1,1,10,10,28
20,003987#10,1,1,10,10,66
20,003987#11,1,1,10,10,71
20,003987#15,1,1,10,10,33
20,003987#16,1,1,10,10,42
20,003987#23,1,1,7,10,11
20,003987#27,1,1,10,10,11
20,003987#35,1,1,10,10,26
20,003987#38,1,1,10,10,19
20,003987#39,1,1,10,10,17
20,003987#40,1,1,10,10,16
20,003987#41,1,1,10,10,13
20,003987#43,1,1,10,10,10
20,003987#46,1,1,8,10,8
20,003987#47,1,1,10,10,15
20,003987#49,1,1,10,10,12
20,003987#50,1,1,10,10,15
20,003987#51,1,1,10,10,15
20,003987#52,1,1,10,10,10
20,003987#53,1,1,10,10,19
20,003987#55,1,1,10,10,31
20,hehe_173_000002_024_00000105#2,1,1,1,10,11
20,hehe_173_000002_024_00000105#4,1,1,4,10,11
20,hehe_173_000002_024_00000105#6,1,1,11,10,23
20,hehe_173_000002_024_00000105#7,1,1,11,10,15
20,hehe_173_000002_024_00000105#9,1,1,10,10,31
20,hehe_173_000002_024_00000105#10,1,1,10,10,25
20,hehe_173_000002_024_00000105#11,1,1,10,10,11
20,hehe_173_000002_024_00000105#13,1,1,10,10,31
20,hehe_173_000002_024_00000105#15,1,1,10,10,76
20,hehe_186_000002_028_00000050#1,1,1,10,10,77
20,hehe_22_00000004#0,1,1,10,10,29
20,hehe_22_00000004#2,1,1,10,10,23
20,hehe_22_00000004#4,1,1,10,10,69
20,hehe_22_00000004#6,1,1,10,10,57
20,hehe_22_00000004#7,1,1,10,10,70
20,hehe_22_00000004#9,1,1,7,10,11
20,hehe_230_000002_043_00000061#1,1,1,10,10,69
20,hehe_230_000002_043_00000061#6,1,1,10,10,62
20,hehe_230_000002_043_00000061#7,1,1,10,10,58
20,hehe_230_000002_043_00000061#10,1,1,10,10,31
20,hehe_230_000002_043_00000061#11,1,1,10,10,37
20,hehe_230_000002_043_00000061#13,1,1,10,10,19
20,hehe_230_000002_043_00000061#14,1,1,5,10,12
20,hehe_232_000002_043_00000181#0,1,1,8,10,8
20,hehe_232_000002_043_00000181#1,1,1,10,10,22
20,hehe_232_000002_043_00000181#2,1,1,10,10,57
20,hehe_232_000002_043_00000181#3,1,1,10,10,36
20,hehe_232_000002_043_00000181#8,1,1,10,10,57
20,hehe_274_000002_060_00000105#1,1,1,10,10,67
20,hehe_274_000002_060_00000105#5,1,1,10,10,28
20,hehe_274_000002_060_00000105#6,1,1,10,10,11
20,hehe_40_00000033#1,1,1,10,10,26
20,hehe_40_00000033#2,1,1,10,10,46
20,hehe_40_00000033#3,0,1,0,10,40
20,hehe_40_00000033#5,1,1,10,10,40
20,hehe_45_00000001#2,1,1,10,10,42
20,hehe_45_00000001#4,1,1,10,10,28
20,hehe_45_00000001#5,1,1,10,10,49
20,hehe_45_00000001#6,1,1,10,10,40
20,hehe_45_00000001#7,1,1,10,10,60
20,hehe_45_00000001#8,1,1,10,10,34
20,hehe_45_00000001#9,1,1,10,10,46
20,hehe_52_00000107#0,1,1,10,10,19
20,hehe_52_00000107#1,1,1,8,10,8
20,hehe_61_00000090#2,1,1,10,10,76
20,hehe_61_00000090#3,1,1,10,10,39
20,hehe_61_00000090#4,1,1,10,10,20
20,hehe_61_00000090#9,1,1,10,10,64
20,hehe_61_00000090#10,1,1,10,10,50
20,hehe_61_00000090#11,1,1,10,10,84
20,hehe_65_00000229#2,1,1,10,10,59
20,hehe_65_00000229#3,1,1,10,10,32
20,hehe_65_00000229#4,1,1,10,10,30
20,hehe_65_00000229#6,1,1,10,10,16
20,hehe_65_00000229#7,1,1,10,10,21
20,hehe_6_00000054#0,1,1,10,10,12
20,hehe_6_00000054#2,1,1,10,10,35
20,hehe_6_00000054#3,1,1,10,10,32
20,hehe_6_00000054#4,1,1,10,10,27
20,hehe_6_00000054#6,1,1,10,10,76
20,hehe_6_00000054#13,1,1,10,10,74
20,hehe_6_00000054#16,1,1,10,10,32
20,hehe_6_00000054#17,1,1,10,10,38
20,hehe_86_00000253#0,1,1,10,10,45
20,hehe_86_00000253#3,1,1,10,10,58
20,hehe_87_00000315#1,1,1,10,10,39
20,hehe_87_00000315#2,1,1,10,10,40
20,hehe_87_00000315#3,1,1,10,10,33
20,hehe_87_00000315#4,1,1,10,10,20
20,hehe_87_00000315#5,1,1,10,10,30
20,hehe_87_00000315#6,1,1,9,10,14
20,shuming_1007_00000230#0,1,1,10,10,38
20,shuming_1007_00000230#3,1,1,10,10,43
20,shuming_1007_00000230#4,1,1,10,10,36
20,shuming_1007_00000230#5,1,1,10,10,46
20,shuming_1007_00000230#7,1,1,10,10,63
20,shuming_1007_00000230#10,1,1,10,10,62
20,shuming_1007_00000230#11,1,1,10,10,39
20,shuming_1007_00000230#12,1,1,10,10,34
20,shuming_1007_00000230#13,1,1,10,10,10
20,shuming_1007_00000230#14,1,1,6,10,7
20,shuming_1007_00000230#15,1,1,10,10,79
20,shuming_1007_00000230#16,1,1,10,10,47
20,shuming_1007_00000230#17,1,1,10,10,19
20,shuming_1007_00000230#18,1,1,8,10,13
20,shuming_1007_00000230#20,1,1,10,10,20
20,shuming_1007_00000230#21,1,1,10,10,69
20,shuming_1007_00000230#22,1,1,10,10,27
20,shuming_1007_00000230#23,1,1,10,10,22
20,shuming_1013_00000065#0,1,1,10,10,87
20,shuming_1013_00000065#1,1,1,10,10,41
20,shuming_1013_00000065#3,1,1,10,10,26
20,shuming_1028_00000411#3,1,1,10,10,55
20,shuming_1028_00000411#4,1,1,9,10,10
20,shuming_1028_00000411#5,1,1,10,10,15
20,shuming_1064_00000087#0,1,1,10,10,34
20,shuming_1064_00000087#1,1,1,10,10,55
20,shuming_1064_00000087#2,1,1,10,10,56
20,shuming_1064_00000087#3,1,1,10,10,72
20,shuming_1064_00000087#4,1,1,10,10,69
20,shuming_1064_00000087#6,1,1,10,10,26
20,shuming_1064_00000087#7,1,1,10,10,54
20,shuming_1064_00000087#8,1,1,10,10,86
20,shuming_1076_00000257#1,1,1,10,10,31
20,shuming_1076_00000257#2,1,1,10,10,29
20,shuming_1076_00000257#3,1,1,10,10,20
20,shuming_1076_00000257#4,1,1,10,10,19
20,shuming_1076_00000257#5,1,1,10,10,23
20,shuming_1079_00000233#3,1,1,10,10,18
20,shuming_1079_00000233#4,1,1,10,10,12
20,shuming_1079_00000233#6,1,1,10,10,35
20,shuming_1080_00000016#0,1,1,10,10,72
20,shuming_1080_00000016#4,1,1,10,10,10
20,shuming_1132_00000385#2,1,1,10,10,29
20,shuming_1132_00000385#3,1,1,10,10,32
20,shuming_1132_00000385#4,1,1,10,10,25
20,shuming_1135_00000213#0,1,1,10,10,76
20,shuming_1148_00000041#0,1,1,10,10,74
20,shuming_1157_00000010#0,1,1,10,10,72
20,shuming_1157_00000010#1,1,1,10,10,32
20,shuming_1157_00000010#2,1,1,10,10,18
20,shuming_1180_00000231#3,1,1,10,10,49
20,shuming_24_00000001#0,1,1,10,10,40
20,shuming_24_00000001#1,1,1,10,10,62
20,shuming_340_00000020#1,1,1,10,10,21
20,shuming_340_00000020#19,1,1,10,10,11
20,shuming_340_00000020#22,1,1,7,10,7
20,shuming_340_00000020#23,1,1,10,10,12
20,shuming_340_00000020#26,1,1,9,10,9
20,shuming_340_00000020#30,1,1,9,10,9
20,shuming_340_00000020#31,1,1,10,10,12
20,shuming_340_00000020#38,1,1,10,10,10
20,shuming_35_00000199#0,1,1,10,10,73
20,shuming_35_00000199#3,1,1,10,10,36
20,shuming_35_00000199#4,1,1,10,10,26
20,shuming_35_00000199#5,1,1,3,10,87
20,shuming_35_00000199#6,1,1,10,10,18
20,shuming_35_00000199#8,1,1,10,10,14
20,shuming_35_00000199#9,1,1,8,10,8
20,shuming_35_00000199#11,1,1,10,10,39
20,shuming_410_00000037#0,1,1,6,10,7
20,shuming_410_00000037#9,1,1,10,10,45
20,shuming_461_00000082#0,1,1,10,10,53
20,shuming_461_00000082#2,1,1,10,10,42
20,shuming_461_00000082#3,1,1,10,10,31
20,shuming_461_00000082#4,1,1,10,10,14
20,shuming_461_00000082#5,1,1,10,10,11
20,shuming_465_00000030#0,1,1,10,10,10
20,shuming_465_00000030#2,1,1,10,10,56
20,shuming_465_00000030#3,1,1,10,10,15
20,shuming_470_00000057#3,1,1,10,10,43
20,shuming_470_00000057#4,1,1,10,10,23
20,shuming_482_00000018#3,1,1,10,10,53
20,shuming_482_00000018#4,1,1,10,10,44
20,shuming_482_00000018#5,1,1,10,10,62
20,shuming_485_00000027#3,1,1,10,10,16
20,shuming_485_00000027#4,1,1,10,10,52
20,shuming_503_00000052#0,1,1,10,10,32
20,shuming_503_00000052#1,1,1,10,10,26
20,shuming_562_00000223#2,1,1,10,10,76
20,shuming_571_00000215#0,1,1,10,10,56
20,shuming_571_00000215#1,1,1,10,10,46
20,shuming_574_00000017#0,1,1,10,10,63
20,shuming_608_00000031#1,1,1,10,10,19
20,shuming_608_00000031#2,1,1,10,10,30
20,shuming_608_00000031#3,1,1,10,10,35
20,shuming_608_00000031#4,1,1,10,10,11
20,shuming_610_00000148#0,1,1,10,10,50
20,shuming_63_00000393#3,1,1,10,10,15
20,shuming_63_00000393#4,1,1,10,10,17
20,shuming_63_00000393#5,1,1,9,10,9
20,shuming_63_00000393#6,1,1,10,10,23
20,shuming_63_00000393#7,1,1,10,10,21
20,shuming_63_00000393#8,1,1,10,10,23
20,shuming_63_00000393#9,1,1,10,10,20
20,shuming_663_00000328#2,1,1,10,10,50
20,shuming_663_00000328#3,1,1,10,10,40
20,shuming_67_00000001#1,1,1,10,10,55
20,shuming_67_00000001#2,1,1,10,10,18
20,shuming_698_00000001#0,1,1,10,10,11
20,shuming_698_00000001#1,1,1,5,10,13
20,shuming_698_00000001#2,1,1,10,10,17
20,shuming_698_00000001#3,1,1,10,10,20
20,shuming_698_00000001#4,1,1,10,10,15
20,shuming_698_00000001#5,1,1,10,10,14
20,shuming_698_00000001#7,1,1,10,10,26
20,shuming_698_00000001#8,1,1,10,10,17
20,shuming_698_00000001#9,1,1,10,10,14
20,shuming_698_00000001#10,1,1,10,10,13
20,shuming_698_00000001#11,1,1,10,10,13
20,shuming_698_00000001#12,1,1,10,10,15
20,shuming_698_00000001#13,1,1,10,10,14
20,shuming_698_00000001#14,1,1,10,10,12
20,shuming_698_00000001#15,1,1,10,10,15
20,shuming_698_00000001#16,1,1,10,10,15
20,shuming_698_00000001#17,1,1,10,10,23
20,shuming_698_00000001#18,1,1,10,10,18
20,shuming_698_00000001#19,1,1,10,10,19
20,shuming_698_00000001#20,1,1,10,10,22
20,shuming_698_00000001#21,1,1,10,10,24
20,shuming_698_00000001#22,1,1,10,10,18
20,shuming_698_00000001#23,1,1,10,10,35
20,shuming_698_00000001#25,1,1,10,10,64
20,shuming_706_00000375#0,1,1,8,10,41
20,shuming_706_00000375#2,1,1,10,10,32
20,shuming_706_00000375#3,1,1,8,10,17
20,shuming_706_00000375#4,1,1,10,10,52
20,shuming_72_00000270#19,1,1,10,10,54
20,shuming_72_00000270#20,1,1,10,10,22
20,shuming_72_00000270#22,1,1,10,10,48
20,shuming_72_00000270#24,1,1,10,10,20
20,shuming_731_00000492#0,1,1,10,10,32
20,shuming_731_00000492#1,1,1,10,10,26
20,shuming_731_00000492#3,1,1,10,10,60
20,shuming_731_00000492#5,1,1,10,10,69
20,shuming_753_00000172#0,1,1,10,10,12
20,shuming_758_00000371#0,1,1,10,10,52
20,shuming_763_00000009#2,1,1,10,10,15
20,shuming_774_00000273#3,1,1,10,10,63
20,shuming_774_00000273#5,1,1,10,10,31
20,shuming_779_00000254#1,1,1,10,10,63
20,shuming_779_00000254#5,1,1,10,10,80
20,shuming_783_00000248#0,1,1,10,10,81
20,shuming_783_00000248#2,1,1,10,10,66
20,shuming_793_00000117#2,1,1,10,10,31
20,shuming_825_00000172#1,1,1,10,10,13
20,shuming_825_00000172#2,1,1,7,10,7
20,shuming_825_00000172#3,1,1,10,10,16
20,shuming_826_00000213#1,1,1,10,10,14
20,shuming_826_00000213#2,1,1,10,10,18
20,shuming_826_00000213#3,1,1,9,10,9
20,shuming_85_00000273#4,1,1,10,10,11
20,shuming_987_00000275#1,1,1,10,10,41
20,shuming_987_00000275#2,1,1,10,10,23
20,shuming_987_00000275#3,1,1,10,10,19
20,shuming_987_00000275#4,1,1,10,10,21
20,shuming_987_00000275#5,1,1,10,10,10
25,00000045#1,1,1,10,10,242
25,00000045#2,1,1,10,10,88
25,00000045#3,1,1,10,10,105
25,00000045#6,1,1,10,10,286
25,00000045#7,1,1,10,10,279
25,00000057#1,1,1,10,10,225
25,00000057#2,1,1,10,10,88
25,00000057#3,1,1,10,10,111
25,00000057#5,1,1,10,10,133
25,00000063#1,1,1,10,10,279
25,00000063#2,1,1,10,10,90
25,00000063#3,1,1,10,10,107
25,00000063#5,1,1,10,10,208
25,00000095#1,1,1,10,10,279
25,00000095#2,1,1,10,10,114
25,00000095#3,1,1,10,10,105
25,00000106#1,1,1,10,10,245
25,00000106#2,1,1,10,10,135
25,00000106#3,1,1,10,10,122
25,00000106#5,1,1,10,10,157
25,00000123#1,1,1,10,10,196
25,00000123#2,1,1,10,10,87
25,00000123#3,1,1,10,10,190
25,00000123#5,1,1,10,10,108
25,00000171#0,1,1,10,10,120
25,00000180#0,1,1,10,10,136
25,00000234#1,1,1,10,10,108
25,00000257#0,1,1,10,10,93
25,00000271#0,1,1,10,10,118
25,00000271#1,1,1,10,10,132
25,00000273#0,1,1,10,10,84
25,00000273#1,1,1,10,10,99
25,000002_080_00000048#0,1,1,10,10,69
25,000002_083_00000169#0,1,1,10,10,14
25,000002_083_00000169#1,1,1,10,10,26
25,000002_083_00000169#2,1,1,10,10,36
25,00000346#0,1,1,10,10,381
25,00000364#0,1,1,10,10,210
25,00000396#0,1,1,10,10,111
25,00000399#0,1,1,10,10,82
25,000003_081_00000171#10,1,1,10,10,76
25,000003_081_00000171#11,1,1,10,10,82
25,00000426#0,1,1,10,10,653
25,00000506#0,1,1,10,10,117
25,000005_004_00000286#4,1,1,10,10,62
25,000005_006_00000001#1,1,1,10,10,68
25,000005_006_00000001#2,1,1,10,10,25
25,000005_019_00000209#0,1,1,10,10,43
25,000005_019_00000209#1,1,1,10,10,31
25,000005_019_00000209#2,1,1,10,10,59
25,000005_027_00000493#1,1,1,10,10,34
25,000005_027_00000493#2,1,1,10,10,38
25,000005_027_00000493#3,1,1,10,10,49
25,000005_027_00000493#4,1,1,10,10,21
25,000005_027_00000493#5,1,1,10,10,25
25,000005_027_00000493#6,1,1,10,10,20
25,000005_027_00000493#7,1,1,10,10,26
25,000005_027_00000493#8,1,1,10,10,74
25,000005_028_00000001#2,1,1,10,10,77
25,000005_028_00000163#2,1,1,10,10,31
25,00000618#2,1,1,10,10,101
25,000006_010_00000389#4,1,1,10,10,58
25,000006_011_00000307#3,1,1,10,10,25
25,000006_011_00000409#8,1,1,10,10,40
25,000006_011_00000409#10,1,1,10,10,54
25,000006_012_00000001#3,1,1,10,10,38
25,000006_012_00000001#6,1,1,10,10,63
25,000006_012_00000001#11,1,1,10,10,69
25,000006_012_00000001#12,1,1,10,10,33
25,000008_003_00000235#1,1,1,10,10,76
25,000008_003_00000235#2,1,1,10,10,59
25,000008_003_00000235#3,1,1,10,10,81
25,000008_003_00000235#4,1,1,10,10,66
25,000008_003_00000235#5,1,1,10,10,68
25,000008_003_00000235#10,1,1,10,10,68
25,000008_003_00000235#11,1,1,10,10,16
25,000008_003_00000352#1,1,1,10,10,66
25,000008_003_00000352#3,1,1,10,10,80
25,000008_003_00000352#5,1,1,10,10,74
25,000008_003_00000352#7,1,1,10,10,75
25,000008_003_00000352#8,1,1,10,10,75
25,000008_003_00000352#9,1,1,10,10,76
25,000008_003_00000352#10,1,1,10,10,64
25,000008_003_00000352#12,1,1,10,10,74
25,000008_003_00000352#13,1,1,10,10,16
25,000008_003_00000469#0,1,1,10,10,85
25,000008_003_00000469#1,1,1,10,10,70
25,000008_003_00000469#2,1,1,10,10,67
25,000008_003_00000469#3,1,1,10,10,78
25,000008_003_00000469#4,1,1,10,10,85
25,000008_003_00000469#6,1,1,10,10,89
25,000008_003_00000469#9,1,1,10,10,31
25,000008_003_00000469#10,1,1,10,10,18
25,000008_004_00000665#2,1,1,10,10,34
25,000008_004_00000665#4,1,1,10,10,39
25,000008_004_00000665#11,1,1,10,10,52
25,000008_004_00000665#12,1,1,10,10,63
25,000008_004_00000665#13,1,1,10,10,37
25,000008_013_00000195#1,1,1,10,10,66
25,000008_013_00000195#2,1,1,10,10,60
25,000008_042_00000273#1,1,1,10,10,40
25,000008_045_00000001#0,1,1,10,10,48
25,000008_045_00000001#2,1,1,10,10,70
25,000008_045_00000001#3,1,1,10,10,14
25,000008_045_00000157#0,1,1,10,10,80
25,000008_045_00000157#4,1,1,10,10,17
25,000008_048_00000361#3,1,1,10,10,42
25,000008_048_00000361#4,1,1,10,10,36
25,000008_048_00000361#5,1,1,9,10,29
25,000009_008_00000241#3,1,1,10,10,78
25,000009_008_00000241#5,1,1,10,10,69
25,000009_008_00000241#6,1,1,10,10,29
25,000009_008_00000241#7,1,1,10,10,76
25,000009_008_00000241#9,1,1,10,10,84
25,000009_033_00000333#1,1,1,10,10,16
25,000009_033_00000333#2,1,1,10,10,38
25,000009_033_00000333#3,1,1,10,10,38
25,000009_033_00000333#4,1,1,10,10,36
25,000009_033_00000333#6,1,1,10,10,51
25,000012_008_00000163#3,1,1,10,10,67
25,000012_008_00000163#4,1,1,10,10,55
25,000012_008_00000163#5,1,1,10,10,48
25,000012_008_00000163#6,1,1,10,10,60
25,000012_008_00000163#8,1,1,10,10,74
25,000012_008_00000163#10,1,1,10,10,17
25,000012_008_00000163#11,1,1,10,10,26
25,000012_008_00000163#12,1,1,10,10,27
25,000012_008_00000163#13,1,1,10,10,15
25,000012_008_00000163#14,1,1,10,10,11
25,000012_009_00000244#1,1,1,10,10,71
25,000012_009_00000244#3,1,1,10,10,68
25,000012_009_00000244#4,1,1,10,10,40
25,000012_009_00000244#5,1,1,10,10,45
25,000012_009_00000244#6,1,1,10,10,21
25,000012_009_00000244#7,1,1,10,10,13
25,000012_009_00000244#8,1,1,10,10,12
25,000012_009_00000244#9,1,1,10,10,14
25,000012_009_00000244#10,1,1,10,10,34
25,000012_009_00000244#11,1,1,10,10,18
25,000012_009_00000244#12,1,1,10,10,18
25,000012_009_00000244#13,1,1,10,10,19
25,000012_009_00000244#14,1,1,8,10,8
25,000012_009_00000325#3,1,1,10,10,82
25,000012_009_00000325#4,1,1,10,10,36
25,000012_009_00000325#5,1,1,10,10,43
25,000012_009_00000325#6,1,1,10,10,28
25,000012_009_00000325#7,1,1,10,10,17
25,000012_009_00000325#8,1,1,10,10,16
25,000012_009_00000325#9,1,1,7,10,8
25,000012_009_00000325#11,1,1,10,10,28
25,000012_009_00000325#12,1,1,10,10,15
25,000012_009_00000325#14,1,1,10,10,22
25,000012_009_00000325#15,1,1,3,10,19
25,000012_009_00000325#16,1,1,10,10,35
25,000012_014_00000184#0,1,1,10,10,33
25,000012_014_00000184#1,1,1,10,10,55
25,000012_014_00000184#3,1,1,10,10,26
25,000012_019_00000151#1,1,1,10,10,59
25,000012_019_00000151#2,1,1,10,10,14
25,000012_019_00000151#4,1,1,10,10,21
25,000012_019_00000151#5,1,1,10,10,14
25,000012_022_00000090#0,1,1,10,10,64
25,000012_022_00000090#1,1,1,10,10,23
25,000012_025_00000313#1,1,1,10,10,11
25,000012_025_00000313#2,1,1,10,10,11
25,000012_025_00000313#3,1,1,10,10,13
25,000012_025_00000313#4,1,1,7,10,7
25,000012_025_00000313#5,1,1,10,10,13
25,000012_025_00000313#6,1,1,8,10,8
25,000012_028_00000250#0,1,1,10,10,64
25,000012_028_00000250#1,1,1,10,10,56
25,000013_001_00000001#1,1,1,10,10,33
25,000013_001_00000001#2,1,1,10,10,34
25,000013_001_00000001#3,1,1,10,10,31
25,000013_002_00000281#1,1,1,10,10,31
25,000013_002_00000281#2,1,1,10,10,36
25,000013_002_00000281#3,1,1,10,10,20
25,000013_023_00000075#1,1,1,10,10,56
25,000013_023_00000075#2,1,1,10,10,68
25,000013_025_00000285#0,1,1,10,10,15
25,000013_025_00000285#1,1,1,10,10,56
25,000013_025_00000285#2,1,1,10,10,20
25,000013_030_00000063#0,1,1,10,10,21
25,000013_030_00000063#1,1,1,10,10,68
25,000013_039_00000063#0,1,1,10,10,41
25,000013_039_00000063#1,1,1,10,10,32
25,000013_039_00000063#3,1,1,10,10,26
25,000013_039_00000063#5,1,1,8,10,8
25,000013_040_suppl_00000167#0,1,1,10,10,79
25,000013_040_suppl_00000333#1,1,1,10,10,50
25,000013_040_suppl_00000333#3,1,1,10,10,80
25,000013_040_suppl_00000333#4,1,1,8,10,8
25,000013_044_00000001#0,1,1,10,10,24
25,000013_044_00000001#1,1,1,10,10,31
25,000013_044_00000001#2,1,1,6,10,72
25,000013_044_00000001#4,0,1,0,10,38
25,000013_044_00000001#5,1,1,4,10,72
25,000013_044_00000001#7,1,1,10,10,62
25,000013_048_00000001#0,1,1,10,10,46
25,000013_048_00000001#1,1,1,2,10,60
25,000013_048_00000001#3,0,1,0,10,49
25,000013_048_00000001#4,1,1,8,10,69
25,000013_056_00000281#2,1,1,10,10,49
25,000013_056_00000281#3,1,1,10,10,16
25,000013_056_00000281#4,1,1,10,10,21
25,000013_056_00000281#6,1,1,10,10,11
25,000013_056_00000281#7,1,1,10,10,12
25,000013_056_00000281#8,1,1,10,10,64
25,000013_056_00000281#9,1,1,10,10,43
25,000013_056_00000281#10,1,1,10,10,32
25,000014_012_00000217#1,1,1,10,10,41
25,000014_012_00000217#2,1,1,10,10,48
25,000014_050_00000273#3,1,1,10,10,47
25,000014_050_00000273#4,1,1,10,10,57
25,000014_050_00000273#5,1,1,10,10,26
25,000014_051_suppl_00000341#2,1,1,10,10,15
25,000014_052_00000131#2,1,1,10,10,22
25,000014_052_00000131#3,1,1,10,10,13
25,000015_004_00000268#0,1,1,10,10,27
25,000015_004_suppl_00000223#2,1,1,10,10,36
25,000016_043_suppl_00000292#1,1,1,10,10,21
25,000016_043_suppl_00000292#2,1,1,10,10,56
25,000016_043_suppl_00000292#4,1,1,10,10,30
25,000016_043_suppl_00000292#5,1,1,10,10,25
25,000016_043_suppl_00000292#6,1,1,10,10,45
25,000016_043_suppl_00000292#8,1,1,10,10,26
25,000016_043_suppl_00000292#9,1,1,10,10,32
25,000016_043_suppl_00000292#10,1,1,10,10,19
25,000016_043_suppl_00000292#11,1,1,10,10,27
25,000016_043_suppl_00000292#12,1,1,10,10,32
25,000016_043_suppl_00000292#14,1,1,10,10,70
25,000016_043_suppl_00000292#17,1,1,10,10,47
25,000016_043_suppl_00000292#20,1,1,10,10,23
25,000016_044_00000085#0,1,1,10,10,83
25,000016_044_00000085#1,1,1,10,10,62
25,000016_044_00000085#3,1,1,10,10,17
25,000016_044_00000085#4,1,1,10,10,65
25,000016_044_00000085#7,1,1,10,10,67
25,000016_044_00000085#10,1,1,10,10,78
25,000016_044_00000169#1,1,1,10,10,37
25,000016_044_00000169#2,1,1,10,10,36
25,000016_044_00000169#3,1,1,10,10,16
25,000016_044_00000169#5,1,1,10,10,15
25,000016_044_00000169#6,1,1,10,10,59
25,000016_044_00000169#8,1,1,10,10,88
25,000016_044_00000169#16,1,1,10,10,73
25,000016_044_00000169#17,1,1,10,10,65
25,000017_011_00000297#3,1,1,10,10,12
25,000017_011_00000297#5,1,1,10,10,68
25,000017_011_00000297#9,1,1,10,10,26
25,000017_011_00000297#10,1,1,10,10,86
25,000017_011_00000297#11,1,1,10,10,59
25,000017_011_00000297#13,1,1,10,10,43
25,000017_012_00000135#2,1,1,10,10,36
25,000017_020_00000214#0,1,1,10,10,21
25,000017_020_00000214#2,1,1,10,10,27
25,000017_020_suppl_00000356#0,1,1,10,10,20
25,000017_020_suppl_00000356#2,1,1,10,10,20
25,000018_006_00000063#0,1,1,10,10,66
25,000019_030_00000072#1,1,1,10,10,23
25,000019_030_00000072#2,1,1,10,10,72
25,000019_030_00000072#3,1,1,10,10,54
25,000019_030_00000072#4,1,1,10,10,21
25,000019_030_00000072#5,1,1,10,10,10
25,000019_038_00000205#2,1,1,10,10,20
25,000019_038_00000205#3,1,1,10,10,25
25,000019_038_00000205#4,1,1,10,10,21
25,000019_038_00000205#5,1,1,10,10,36
25,000019_038_00000205#6,1,1,10,10,84
25,000019_038_00000205#7,1,1,7,10,70
25,000019_038_00000205#8,1,1,10,10,82
25,000019_041_00000141#2,1,1,10,10,24
25,000019_045_00000145#4,1,1,10,10,46
25,000019_045_00000145#5,1,1,10,10,42
25,000019_045_00000145#7,1,1,4,10,67
25,000020_010_00000089#1,1,1,10,10,60
25,000020_010_00000089#5,1,1,9,10,9
25,000020_010_00000089#6,1,1,10,10,20
25,000020_010_00000089#7,1,1,5,10,8
25,000020_014_00000193#2,1,1,10,10,63
25,000020_014_00000193#3,1,1,10,10,76
25,000020_014_00000193#5,1,1,10,10,54
25,000020_014_00000193#6,1,1,10,10,77
25,000020_018_00000093#0,1,1,10,10,16
25,000020_018_00000093#1,1,1,10,10,24
25,000020_018_00000093#2,1,1,10,10,81
25,000020_018_00000093#3,1,1,10,10,42
25,000021_020_00000131#2,1,1,10,10,76
25,000023_005_00000070#1,1,1,10,10,32
25,000023_005_00000070#2,1,1,10,10,87
25,000023_005_00000070#3,1,1,10,10,63
25,000023_005_00000070#4,1,1,10,10,63
25,000023_005_00000070#5,1,1,10,10,18
25,000023_005_00000070#6,1,1,10,10,23
25,000031#0,1,1,10,10,53
25,000031#1,1,1,10,10,15
25,000031#2,1,1,8,10,8
25,000031#3,1,1,10,10,15
25,000031#6,1,1,10,10,24
25,000031#8,1,1,10,10,53
25,000031#10,1,1,10,10,16
25,000031#11,1,1,10,10,21
25,000066#0,1,1,10,10,31
25,000066#1,1,1,10,10,15
25,000066#2,1,1,10,10,61
25,000066#3,1,1,10,10,39
25,000070#0,1,1,10,10,28
25,000070#1,1,1,10,10,18
25,000070#2,1,1,9,10,52
25,000070#3,1,1,10,10,67
25,000173#1,1,1,10,10,27
25,000303#2,1,1,10,10,67
25,000303#6,1,1,10,10,30
25,000303#7,1,1,10,10,16
25,000328#1,1,1,10,10,58
25,000328#3,1,1,10,10,65
25,000415#1,1,1,10,10,14
25,000415#2,1,1,8,10,9
25,000415#4,1,1,10,10,22
25,000415#5,1,1,10,10,24
25,000415#6,1,1,10,10,12
25,000415#8,1,1,10,10,10
25,000415#10,1,1,10,10,13
25,000415#11,1,1,10,10,12
25,000415#13,1,1,10,10,21
25,000415#14,1,1,10,10,13
25,000415#15,1,1,10,10,17
25,000415#16,1,1,8,10,8
25,000415#17,1,1,8,10,10
25,000415#19,1,1,10,10,37
25,000433#7,1,1,10,10,57
25,000437#0,1,1,10,10,67
25,000437#1,1,1,10,10,75
25,000437#2,1,1,10,10,26
25,000437#5,1,1,10,10,48
25,000484#2,1,1,10,10,37
25,000484#3,1,1,10,10,55
25,000500#0,1,1,10,10,14
25,000500#1,1,1,9,10,9
25,000500#2,1,1,10,10,15
25,000525#0,1,1,10,10,14
25,000525#1,1,1,10,10,30
25,000525#2,1,1,10,10,35
25,000561#0,1,1,10,10,70
25,000561#3,1,1,10,10,63
25,000561#4,1,1,10,10,38
25,000597#2,1,1,10,10,62
25,000597#3,1,1,6,10,29
25,000630#0,1,1,10,10,14
25,000680#5,1,1,10,10,69
25,000707#1,1,1,10,10,13
25,000707#2,1,1,10,10,18
25,000707#3,1,1,8,10,9
25,000707#4,1,1,10,10,25
25,000707#5,1,1,10,10,20
25,000735#1,1,1,10,10,11
25,000738#0,1,1,10,10,26
25,000738#2,1,1,9,10,9
25,000738#3,1,1,10,10,36
25,000756#4,1,1,10,10,34
25,000759#2,1,1,10,10,34
25,000780#0,1,1,10,10,22
25,000780#3,1,1,10,10,90
25,000783#0,1,1,10,10,45
25,000783#1,1,1,10,10,42
25,000783#3,1,1,10,10,38
25,000783#4,1,1,10,10,26
25,000808#1,1,1,10,10,21
25,000820#2,1,1,10,10,58
25,000820#3,1,1,10,10,45
25,000820#4,1,1,10,10,25
25,000820#5,1,1,10,10,27
25,000820#7,1,1,8,10,8
25,000889#5,1,1,10,10,84
25,000889#6,1,1,10,10,40
25,000889#7,1,1,10,10,14
25,000889#8,1,1,10,10,15
25,000889#9,1,1,10,10,22
25,000889#13,1,1,10,10,24
25,000889#14,1,1,10,10,69
25,000943#0,1,1,10,10,16
25,000943#1,1,1,10,10,14
25,000943#2,1,1,10,10,64
25,000943#3,1,1,6,10,7
25,000943#4,1,1,6,10,7
25,000943#6,1,1,6,10,18
25,000943#7,1,1,10,10,23
25,000952#0,1,1,10,10,22
25,001033#1,1,1,10,10,15
25,001033#2,1,1,10,10,31
25,001033#3,1,1,10,10,41
25,001033#9,1,1,10,10,25
25,001033#10,1,1,10,10,21
25,001035#0,1,1,10,10,19
25,001035#1,1,1,10,10,53
25,001035#2,1,1,10,10,76
25,001035#7,1,1,10,10,40
25,001035#9,1,1,10,10,22
25,001035#10,1,1,10,10,63
25,001114#5,1,1,10,10,47
25,001114#6,1,1,10,10,40
25,001114#7,1,1,10,10,12
25,001114#8,1,1,10,10,26
25,001114#10,1,1,10,10,17
25,001123#0,1,1,10,10,31
25,001123#1,1,1,10,10,76
25,001123#2,1,1,10,10,77
25,001123#4,1,1,10,10,64
25,001123#5,1,1,10,10,42
25,001123#6,1,1,10,10,79
25,001123#7,1,1,10,10,86
25,001123#8,1,1,9,10,36
25,001123#9,1,1,10,10,56
25,001123#10,1,1,10,10,62
25,001123#11,1,1,10,10,66
25,001123#12,1,1,10,10,79
25,001123#13,1,1,10,10,31
25,001123#18,1,1,9,10,9
25,001123#19,1,1,9,10,10
25,001123#20,1,1,10,10,49
25,001123#21,1,1,10,10,32
25,001123#22,1,1,10,10,33
25,001135#4,1,1,10,10,64
25,001135#6,1,1,10,10,72
25,001135#7,1,1,5,10,14
25,001157#4,1,1,10,10,14
25,001157#5,1,1,10,10,30
25,001157#8,1,1,10,10,77
25,001157#9,1,1,10,10,68
25,001202#3,1,1,10,10,72
25,001202#4,1,1,10,10,78
25,001202#8,1,1,10,10,23
25,001202#10,1,1,10,10,56
25,001202#11,1,1,10,10,57
25,001202#12,1,1,10,10,42
25,001257#0,1,1,10,10,46
25,001257#3,1,1,10,10,69
25,001257#6,1,1,10,10,27
25,001257#9,1,1,10,10,27
25,001257#10,1,1,10,10,46
25,001257#11,1,1,10,10,31
25,001276#3,1,1,10,10,58
25,001276#7,1,1,10,10,30
25,001276#9,1,1,10,10,54
25,001276#10,1,1,10,10,27
25,001276#11,1,1,10,10,31
25,001276#12,1,1,10,10,25
25,001276#13,1,1,10,10,35
25,001276#14,1,1,10,10,50
25,001276#15,1,1,10,10,25
25,001295#0,1,1,10,10,30
25,001295#1,1,1,10,10,52
25,001295#3,1,1,10,10,10
25,001295#10,1,1,10,10,55
25,001295#11,1,1,10,10,24
25,001295#12,1,1,10,10,17
25,001295#13,1,1,10,10,28
25,001295#14,1,1,10,10,36
25,001295#15,1,1,10,10,24
25,001295#17,1,1,10,10,19
25,001295#18,1,1,10,10,15
25,001295#19,1,1,10,10,17
25,001295#20,1,1,10,10,16
25,001295#21,1,1,10,10,22
25,001295#22,1,1,10,10,26
25,001295#24,1,1,10,10,26
25,001295#26,1,1,9,10,9
25,001409#0,1,1,10,10,39
25,001409#1,1,1,10,10,43
25,001415#0,1,1,10,10,42
25,001415#1,1,1,10,10,44
25,001415#2,1,1,10,10,41
25,001415#3,1,1,10,10,53
25,001443#3,1,1,10,10,53
25,001443#4,1,1,10,10,73
25,001443#6,1,1,10,10,66
25,001443#7,1,1,10,10,67
25,001443#9,1,1,10,10,27
25,001443#10,1,1,10,10,46
25,001461#2,1,1,10,10,28
25,001461#3,1,1,10,10,42
25,001461#4,1,1,10,10,64
25,001461#5,1,1,10,10,36
25,001531#1,1,1,10,10,16
25,001531#2,1,1,10,10,11
25,001531#6,1,1,10,10,28
25,001531#8,1,1,10,10,11
25,001531#10,1,1,10,10,43
25,001558#4,1,1,10,10,31
25,001683#1,1,1,10,10,83
25,001683#6,1,1,10,10,36
25,001683#7,1,1,10,10,46
25,001683#8,1,1,10,10,50
25,001694#1,1,1,10,10,28
25,001694#2,1,1,10,10,64
25,001694#7,1,1,10,10,62
25,001694#8,1,1,10,10,36
25,001694#9,1,1,10,10,50
25,001694#10,1,1,10,10,27
25,001694#11,1,1,10,10,28
25,001694#12,1,1,10,10,22
25,001694#13,1,1,10,10,27
25,001694#14,1,1,10,10,31
25,001707#1,1,1,10,10,22
25,001707#2,1,1,10,10,68
25,001707#7,1,1,10,10,62
25,001707#8,1,1,10,10,36
25,001707#9,1,1,10,10,31
25,001707#10,1,1,10,10,34
25,001707#11,1,1,10,10,57
25,001707#12,1,1,10,10,19
25,001712#1,1,1,10,10,72
25,001712#6,1,1,10,10,58
25,001712#7,1,1,10,10,16
25,001712#8,1,1,10,10,36
25,001712#9,1,1,10,10,55
25,001712#10,1,1,10,10,25
25,001712#11,1,1,10,10,23
25,001712#12,1,1,10,10,27
25,001724#1,1,1,10,10,11
25,001724#3,1,1,10,10,56
25,001724#7,1,1,10,10,84
25,001724#8,1,1,10,10,34
25,001724#9,1,1,10,10,30
25,001724#10,1,1,10,10,27
25,001724#11,1,1,10,10,34
25,001724#12,1,1,10,10,38
25,001737#3,1,1,10,10,54
25,001737#7,1,1,10,10,76
25,001737#8,1,1,8,10,8
25,001737#9,1,1,10,10,15
25,001737#10,1,1,10,10,36
25,001737#11,1,1,10,10,30
25,001737#12,1,1,10,10,38
25,001737#13,1,1,10,10,30
25,001742#0,1,1,10,10,41
25,001763#0,1,1,10,10,25
25,001785#0,1,1,10,10,50
25,001785#1,1,1,10,10,51
25,001785#2,1,1,10,10,80
25,001851#0,1,1,10,10,48
25,001851#8,1,1,10,10,25
25,001851#9,1,1,10,10,27
25,001851#10,1,1,10,10,31
25,001851#11,1,1,10,10,25
25,001851#12,1,1,10,10,27
25,001851#13,1,1,10,10,50
25,001851#14,1,1,10,10,27
25,001862#0,1,1,10,10,48
25,001862#8,1,1,10,10,21
25,001862#9,1,1,10,10,27
25,001862#10,1,1,10,10,54
25,001862#11,1,1,10,10,21
25,001862#12,1,1,10,10,20
25,001862#13,1,1,10,10,32
25,001862#14,1,1,10,10,29
25,001862#15,1,1,10,10,37
25,001873#0,1,1,10,10,48
25,001873#4,1,1,10,10,73
25,001873#8,1,1,10,10,26
25,001873#9,1,1,10,10,50
25,001873#10,1,1,10,10,14
25,001873#11,1,1,10,10,27
25,001873#12,1,1,10,10,26
25,001873#13,1,1,10,10,27
25,001881#0,1,1,10,10,48
25,001881#4,1,1,10,10,73
25,001881#8,1,1,10,10,25
25,001881#9,1,1,10,10,54
25,001881#10,1,1,10,10,22
25,001884#0,1,1,10,10,52
25,001884#4,1,1,10,10,73
25,001884#8,1,1,10,10,21
25,001884#9,1,1,10,10,57
25,001884#10,1,1,10,10,25
25,001884#11,1,1,10,10,23
25,001884#12,1,1,10,10,20
25,001884#13,1,1,10,10,17
25,001884#14,1,1,10,10,27
25,001898#0,1,1,10,10,52
25,001898#4,1,1,10,10,74
25,001898#7,1,1,10,10,22
25,001898#8,1,1,10,10,20
25,001898#9,1,1,10,10,21
25,001898#10,1,1,10,10,24
25,001898#11,1,1,10,10,36
25,001898#12,1,1,10,10,55
25,001898#13,1,1,10,10,27
25,001898#14,1,1,10,10,24
25,001970#1,1,1,10,10,73
25,001970#3,1,1,10,10,36
25,001970#7,1,1,10,10,65
25,001970#8,1,1,10,10,26
25,001970#9,1,1,10,10,41
25,001970#10,1,1,10,10,27
25,002048#2,1,1,10,10,68
25,002048#3,1,1,10,10,53
25,002048#4,1,1,10,10,76
25,002048#7,1,1,10,10,37
25,002048#8,1,1,10,10,19
25,002048#9,1,1,10,10,40
25,002048#10,1,1,10,10,41
25,002097#3,1,1,10,10,67
25,002097#4,1,1,10,10,75
25,002097#7,1,1,10,10,22
25,002097#8,1,1,10,10,29
25,002097#9,1,1,10,10,32
25,002097#10,1,1,10,10,32
25,002102#0,1,1,10,10,63
25,002102#1,1,1,10,10,67
25,002102#2,1,1,10,10,64
25,002102#3,1,1,10,10,55
25,002102#4,1,1,10,10,59
25,002102#5,1,1,10,10,40
25,002102#6,1,1,10,10,56
25,002102#7,1,1,10,10,56
25,002102#8,1,1,10,10,50
25,002156#0,1,1,10,10,40
25,002156#1,1,1,10,10,28
25,002156#2,1,1,10,10,38
25,002156#3,1,1,6,10,59
25,002156#4,1,1,10,10,81
25,002156#7,1,1,10,10,46
25,002156#8,1,1,10,10,34
25,002156#9,1,1,10,10,53
25,002207#0,1,1,10,10,11
25,002207#1,1,1,10,10,49
25,002235#3,1,1,10,10,36
25,002235#5,1,1,10,10,55
25,002235#6,1,1,4,10,17
25,002235#7,1,1,10,10,27
25,002235#10,1,1,10,10,10
25,002265#3,1,1,10,10,15
25,002265#4,1,1,10,10,13
25,002276#0,1,1,10,10,41
25,002276#1,1,1,10,10,18
25,002276#2,1,1,10,10,32
25,002276#3,1,1,10,10,53
25,002276#6,1,1,10,10,46
25,002331#2,1,1,10,10,49
25,002331#3,1,1,10,10,37
25,002331#4,1,1,10,10,75
25,002331#16,1,1,10,10,14
25,002331#18,1,1,8,10,21
25,002334#1,1,1,10,10,11
25,002334#8,1,1,10,10,56
25,002334#9,1,1,10,10,18
25,002338#0,1,1,10,10,62
25,002338#1,1,1,10,10,70
25,002338#4,1,1,10,10,73
25,002338#5,1,1,10,10,44
25,002357#0,1,1,10,10,23
25,002357#1,1,1,10,10,35
25,002357#2,1,1,10,10,72
25,002357#3,1,1,10,10,43
25,002359#0,1,1,10,10,29
25,002359#1,1,1,10,10,43
25,002359#2,1,1,10,10,45
25,002359#3,1,1,10,10,27
25,002378#0,1,1,10,10,34
25,002378#1,1,1,10,10,11
25,002378#3,1,1,10,10,66
25,002378#5,1,1,10,10,73
25,002378#6,1,1,10,10,19
25,002380#2,1,1,10,10,77
25,002380#3,1,1,10,10,55
25,002380#4,1,1,10,10,19
25,002380#5,1,1,8,10,8
25,002380#6,1,1,10,10,45
25,002380#7,1,1,10,10,14
25,002380#8,1,1,10,10,15
25,002380#9,1,1,10,10,25
25,002413#0,1,1,10,10,23
25,002517#1,1,1,10,10,48
25,002517#2,1,1,10,10,16
25,002517#4,1,1,10,10,23
25,002517#5,1,1,10,10,76
25,002584#4,1,1,5,10,11
25,002584#6,1,1,10,10,11
25,002625#6,1,1,10,10,17
25,002625#8,1,1,10,10,26
25,002625#10,1,1,10,10,27
25,002625#13,1,1,10,10,22
25,002625#14,1,1,10,10,73
25,002625#18,1,1,10,10,29
25,002625#19,1,1,10,10,13
25,002625#20,1,1,10,10,70
25,002625#21,1,1,10,10,82
25,002625#22,1,1,10,10,36
25,002625#23,1,1,10,10,34
25,002625#24,1,1,10,10,65
25,002625#25,1,1,10,10,11
25,002625#26,1,1,10,10,48
25,002625#27,1,1,5,10,25
25,002625#28,1,1,10,10,37
25,002625#29,1,1,10,10,63
25,002625#30,1,1,10,10,23
25,002625#31,1,1,10,10,34
25,002625#32,1,1,10,10,45
25,002625#33,1,1,10,10,12
25,002627#5,1,1,10,10,20
25,002627#7,1,1,10,10,17
25,002627#11,1,1,10,10,74
25,002627#12,1,1,10,10,32
25,002627#15,1,1,10,10,69
25,002627#17,1,1,10,10,73
25,002627#18,1,1,10,10,74
25,002627#19,1,1,10,10,18
25,002627#22,1,1,10,10,87
25,002627#23,1,1,10,10,71
25,002627#26,1,1,10,10,80
25,002627#27,1,1,10,10,81
25,002627#28,1,1,10,10,48
25,002627#30,1,1,10,10,39
25,002627#31,1,1,10,10,50
25,002627#32,1,1,10,10,55
25,002671#7,1,1,10,10,51
25,002671#9,1,1,10,10,25
25,002671#11,1,1,10,10,39
25,002671#12,1,1,10,10,63
25,002671#13,1,1,10,10,45
25,002671#14,1,1,10,10,30
25,002671#15,1,1,10,10,30
25,002671#16,1,1,10,10,18
25,002671#17,1,1,10,10,45
25,002671#18,1,1,10,10,18
25,002671#19,1,1,10,10,57
25,002671#20,1,1,10,10,46
25,002671#21,1,1,10,10,23
25,002671#22,1,1,10,10,23
25,002671#23,1,1,10,10,46
25,002671#24,1,1,10,10,59
25,002677#0,1,1,10,10,63
25,002677#1,1,1,10,10,40
25,002677#16,1,1,10,10,14
25,002677#17,1,1,10,10,24
25,002677#18,1,1,10,10,76
25,002707#11,1,1,10,10,22
25,002707#12,1,1,10,10,25
25,002707#13,1,1,10,10,62
25,002750#1,1,1,10,10,15
25,002750#4,1,1,10,10,42
25,002750#12,1,1,9,10,13
25,002750#13,1,1,10,10,12
25,002750#14,1,1,10,10,10
25,002750#16,1,1,8,10,8
25,002750#18,1,1,10,10,14
25,002750#19,1,1,10,10,22
25,002750#20,1,1,10,10,28
25,002750#21,1,1,10,10,28
25,002750#22,1,1,10,10,53
25,002750#23,1,1,10,10,25
25,002750#25,1,1,10,10,51
25,002762#1,1,1,10,10,17
25,002839#1,1,1,10,10,21
25,002839#2,1,1,10,10,25
25,002839#3,1,1,10,10,48
25,002839#4,1,1,10,10,31
25,002842#3,1,1,10,10,25
25,002842#4,1,1,10,10,21
25,002844#1,1,1,10,10,42
25,002844#2,1,1,10,10,21
25,002844#3,1,1,10,10,38
25,002935#0,1,1,10,10,17
25,002935#1,1,1,8,10,13
25,002955#0,1,1,10,10,72
25,002955#1,1,1,10,10,47
25,002955#4,1,1,10,10,32
25,002955#5,1,1,10,10,21
25,002955#6,1,1,10,10,37
25,002955#7,1,1,9,10,68
25,002955#8,1,1,10,10,61
25,002955#9,1,1,10,10,11
25,002955#10,1,1,10,10,42
25,002955#11,1,1,10,10,42
25,002955#12,1,1,10,10,57
25,002955#13,1,1,10,10,67
25,002955#14,1,1,10,10,73
25,002955#16,1,1,10,10,49
25,002955#17,1,1,10,10,81
25,002955#20,1,1,10,10,15
25,002955#23,1,1,10,10,29
25,002955#24,1,1,7,10,7
25,002987#0,1,1,10,10,16
25,002987#1,1,1,9,10,9
25,002987#2,1,1,10,10,23
25,002987#3,1,1,10,10,14
25,002987#4,1,1,10,10,34
25,002987#6,1,1,10,10,64
25,002987#7,1,1,10,10,73
25,002987#8,1,1,10,10,28
25,002987#9,1,1,10,10,14
25,002987#10,1,1,10,10,15
25,002987#11,1,1,10,10,15
25,002987#12,1,1,8,10,8
25,002987#13,1,1,10,10,34
25,002987#14,1,1,10,10,20
25,002987#15,1,1,10,10,37
25,003007#6,1,1,9,10,9
25,003007#8,1,1,10,10,41
25,003007#9,1,1,10,10,24
25,003013#6,1,1,10,10,20
25,003017#4,1,1,10,10,12
25,003026#4,1,1,10,10,17
25,003056#1,1,1,10,10,24
25,003056#2,1,1,10,10,15
25,003056#3,1,1,10,10,15
25,003056#4,1,1,10,10,11
25,003056#7,1,1,10,10,38
25,003056#8,1,1,8,10,9
25,003056#9,1,1,10,10,27
25,003056#10,1,1,10,10,18
25,003056#11,1,1,10,10,61
25,003148#0,1,1,10,10,61
25,003148#2,1,1,10,10,63
25,003148#3,1,1,10,10,42
25,003148#6,1,1,10,10,47
25,003148#7,1,1,7,10,8
25,003148#8,1,1,7,10,8
25,003160#0,1,1,10,10,42
25,003160#1,1,1,10,10,28
25,003160#2,1,1,10,10,31
25,003160#3,1,1,7,10,27
25,003160#4,1,1,10,10,31
25,003160#5,1,1,10,10,84
25,003160#7,1,1,10,10,37
25,003160#8,1,1,10,10,69
25,003160#9,1,1,10,10,19
25,003160#11,1,1,10,10,78
25,003160#13,1,1,10,10,37
25,003160#14,1,1,10,10,11
25,003160#15,1,1,10,10,55
25,003160#17,1,1,10,10,43
25,003160#18,1,1,10,10,72
25,003160#19,1,1,10,10,26
25,003160#20,1,1,10,10,18
25,003160#21,1,1,10,10,46
25,003198#1,1,1,10,10,64
25,003198#4,1,1,10,10,42
25,003257#5,1,1,10,10,58
25,003262#0,1,1,10,10,28
25,003262#1,1,1,10,10,31
25,003262#4,1,1,10,10,27
25,003262#14,1,1,10,10,10
25,003262#16,1,1,9,10,10
25,003262#17,1,1,10,10,14
25,003262#21,1,1,9,10,16
25,003262#23,1,1,10,10,22
25,003262#24,1,1,10,10,18
25,003262#28,1,1,10,10,50
25,003262#29,1,1,5,10,7
25,003262#30,1,1,10,10,73
25,003273#1,1,1,10,10,73
25,003273#3,1,1,10,10,68
25,003273#4,1,1,10,10,45
25,003273#5,1,1,10,10,12
25,003273#6,1,1,10,10,87
25,003273#8,1,1,10,10,35
25,003273#9,1,1,10,10,19
25,003273#10,1,1,10,10,42
25,003273#11,1,1,10,10,17
25,003273#13,1,1,10,10,20
25,003288#0,1,1,10,10,74
25,003288#3,1,1,10,10,37
25,003288#4,1,1,10,10,27
25,003288#5,1,1,10,10,20
25,003288#6,1,1,10,10,20
25,003288#7,1,1,10,10,16
25,003288#8,1,1,10,10,14
25,003288#9,1,1,10,10,16
25,003288#10,1,1,10,10,18
25,003288#11,1,1,10,10,14
25,003288#12,1,1,10,10,27
25,003288#13,1,1,10,10,33
25,003288#14,1,1,10,10,13
25,003288#16,1,1,10,10,21
25,003288#18,1,1,10,10,69
25,003304#0,1,1,10,10,42
25,003304#1,1,1,10,10,36
25,003304#2,1,1,10,10,14
25,003304#3,1,1,10,10,48
25,003304#4,1,1,10,10,20
25,003304#8,1,1,10,10,25
25,003304#9,1,1,10,10,41
25,003304#11,1,1,10,10,42
25,003304#12,1,1,10,10,30
25,003304#13,1,1,10,10,13
25,003317#1,1,1,10,10,29
25,003317#2,1,1,10,10,26
25,003317#3,1,1,10,10,29
25,003317#5,1,1,10,10,50
25,003317#6,1,1,10,10,23
25,003317#7,1,1,10,10,27
25,003317#8,1,1,10,10,49
25,003317#9,1,1,10,10,30
25,003317#12,1,1,10,10,12
25,003317#14,1,1,8,10,55
25,003317#15,1,1,10,10,70
25,003317#16,1,1,10,10,43
25,003348#0,1,1,10,10,30
25,003353#0,1,1,10,10,14
25,003408#1,1,1,10,10,22
25,003411#0,1,1,10,10,41
25,003411#1,1,1,10,10,52
25,003411#2,1,1,10,10,57
25,003411#3,1,1,10,10,50
25,003419#0,1,1,10,10,84
25,003419#5,1,1,10,10,22
25,003419#13,1,1,8,10,24
25,003419#14,1,1,10,10,30
25,003419#17,1,1,9,10,30
25,003419#18,1,1,10,10,34
25,003419#19,1,1,10,10,18
25,003419#21,1,1,10,10,36
25,003425#5,1,1,10,10,17
25,003425#6,1,1,9,10,13
25,003425#7,1,1,10,10,11
25,003425#10,1,1,10,10,18
25,003425#12,1,1,10,10,44
25,003425#13,1,1,10,10,46
25,003460#0,1,1,10,10,26
25,003460#1,1,1,10,10,64
25,003460#3,1,1,10,10,80
25,003460#5,1,1,10,10,25
25,003460#6,1,1,10,10,73
25,003472#0,1,1,10,10,31
25,003472#1,1,1,10,10,68
25,003472#2,1,1,10,10,20
25,003472#3,1,1,10,10,71
25,003475#1,1,1,10,10,41
25,003475#2,1,1,10,10,22
25,003475#3,1,1,10,10,51
25,003475#5,1,1,10,10,46
25,003475#6,1,1,10,10,70
25,003475#10,1,1,10,10,21
25,003475#11,1,1,10,10,31
25,003487#0,1,1,10,10,53
25,003487#2,1,1,10,10,62
25,003489#0,1,1,10,10,24
25,003489#2,1,1,10,10,31
25,003489#3,1,1,10,10,55
25,003489#4,1,1,10,10,25
25,003489#5,1,1,10,10,35
25,003489#9,1,1,10,10,26
25,003489#14,1,1,10,10,37
25,003526#0,1,1,10,10,18
25,003526#3,1,1,10,10,13
25,003532#0,1,1,10,10,18
25,003532#1,1,1,10,10,42
25,003546#0,1,1,10,10,27
25,003546#1,1,1,10,10,28
25,003546#2,1,1,10,10,37
25,003592#0,1,1,10,10,23
25,003592#1,1,1,10,10,23
25,003592#2,1,1,10,10,31
25,003592#3,1,1,10,10,20
25,003595#3,1,1,10,10,27
25,003595#4,1,1,10,10,30
25,003595#5,1,1,10,10,21
25,003595#6,1,1,10,10,46
25,003603#3,1,1,10,10,32
25,003653#3,1,1,10,10,15
25,003653#5,1,1,10,10,20
25,003653#6,1,1,10,10,18
25,003653#7,1,1,10,10,14
25,003653#8,1,1,10,10,11
25,003653#9,1,1,10,10,12
25,003653#11,1,1,10,10,36
25,003653#12,1,1,10,10,51
25,003653#14,1,1,8,10,8
25,003653#16,1,1,9,10,9
25,003653#17,1,1,10,10,26
25,003653#18,1,1,8,10,8
25,003679#4,1,1,10,10,50
25,003679#5,1,1,10,10,27
25,003679#7,1,1,10,10,25
25,003679#8,1,1,10,10,32
25,003703#0,1,1,10,10,50
25,003739#0,1,1,10,10,30
25,003739#1,1,1,10,10,35
25,003739#2,1,1,10,10,17
25,003739#3,1,1,10,10,11
25,003739#5,1,1,10,10,16
25,003739#6,1,1,9,10,12
25,003739#7,1,1,10,10,26
25,003739#8,1,1,10,10,16
25,003757#0,1,1,10,10,76
25,003757#7,1,1,10,10,27
25,003757#8,1,1,8,10,10
25,003757#10,1,1,10,10,21
25,003757#14,1,1,10,10,13
25,003757#15,1,1,10,10,15
25,003757#16,1,1,9,10,11
25,003769#0,1,1,10,10,56
25,003838#0,1,1,10,10,72
25,003863#1,1,1,10,10,21
25,003863#3,1,1,10,10,17
25,003863#5,1,1,10,10,33
25,003863#7,1,1,10,10,24
25,003863#9,1,1,10,10,13
25,003863#10,1,1,10,10,12
25,003863#11,1,1,10,10,18
25,003895#2,1,1,10,10,55
25,003896#0,1,1,10,10,43
25,003896#1,1,1,10,10,19
25,003902#0,1,1,10,10,41
25,003902#1,1,1,10,10,15
25,003902#3,1,1,10,10,18
25,003902#4,1,1,10,10,30
25,003902#5,1,1,10,10,18
25,003902#6,1,1,10,10,41
25,003904#0,1,1,10,10,33
25,003904#1,1,1,10,10,19
25,003941#0,1,1,10,10,27
25,003941#1,1,1,10,10,17
25,003941#3,1,1,10,10,12
25,003941#5,1,1,10,10,25
25,003941#7,1,1,10,10,20
25,003941#8,1,1,10,10,26
25,003941#10,1,1,10,10,17
25,003941#11,1,1,10,10,26
25,003941#12,1,1,10,10,17
25,003941#13,1,1,10,10,20
25,003941#14,1,1,10,10,18
25,003941#15,1,1,10,10,22
25,003941#16,1,1,10,10,69
25,003941#20,1,1,9,10,10
25,003941#21,1,1,10,10,25
25,003941#22,1,1,10,10,13
25,003941#24,1,1,10,10,37
25,003941#25,1,1,10,10,18
25,003941#26,1,1,10,10,21
25,003941#27,1,1,10,10,18
25,003941#29,1,1,10,10,17
25,003941#30,1,1,10,10,34
25,003982#5,1,1,10,10,26
25,003982#6,1,1,10,10,15
25,003982#8,1,1,10,10,13
25,003982#11,1,1,10,10,19
25,003982#14,1,1,10,10,29
25,003982#19,1,1,5,10,9
25,003982#20,1,1,7,10,10
25,003982#23,1,1,10,10,25
25,003982#24,1,1,10,10,10
25,003982#30,1,1,10,10,12
25,003982#32,1,1,10,10,14
25,003982#34,1,1,10,10,11
25,003982#36,1,1,10,10,46
25,003982#41,1,1,9,10,10
25,003982#42,1,1,10,10,11
25,003982#43,1,1,10,10,13
25,003982#47,1,1,10,10,57
25,003982#48,1,1,10,10,16
25,003982#49,1,1,10,10,69
25,003982#50,1,1,10,10,34
25,003982#53,1,1,7,10,10
25,003982#57,1,1,10,10,18
25,003982#58,1,1,10,10,18
25,003982#60,1,1,10,10,16
25,003982#61,1,1,10,10,15
25,003982#62,1,1,10,10,17
25,003987#5,1,1,10,10,32
25,003987#6,1,1,10,10,28
25,003987#10,1,1,10,10,66
25,003987#11,1,1,10,10,71
25,003987#15,1,1,10,10,33
25,003987#16,1,1,10,10,42
25,003987#23,1,1,8,10,11
25,003987#27,1,1,10,10,11
25,003987#35,1,1,10,10,26
25,003987#38,1,1,10,10,19
25,003987#39,1,1,10,10,17
25,003987#40,1,1,10,10,16
25,003987#41,1,1,10,10,13
25,003987#43,1,1,10,10,10
25,003987#46,1,1,8,10,8
25,003987#47,1,1,10,10,15
25,003987#49,1,1,10,10,12
25,003987#50,1,1,10,10,15
25,003987#51,1,1,10,10,15
25,003987#52,1,1,10,10,10
25,003987#53,1,1,10,10,19
25,003987#55,1,1,10,10,31
25,hehe_173_000002_024_00000105#2,0,1,0,10,11
25,hehe_173_000002_024_00000105#4,1,1,7,10,11
25,hehe_173_000002_024_00000105#6,1,1,10,10,23
25,hehe_173_000002_024_00000105#7,1,1,9,10,15
25,hehe_173_000002_024_00000105#9,1,1,10,10,31
25,hehe_173_000002_024_00000105#10,1,1,10,10,25
25,hehe_173_000002_024_00000105#11,1,1,9,10,11
25,hehe_173_000002_024_00000105#13,1,1,10,10,31
25,hehe_173_000002_024_00000105#15,1,1,10,10,76
25,hehe_186_000002_028_00000050#1,1,1,10,10,77
25,hehe_22_00000004#0,1,1,10,10,29
25,hehe_22_00000004#2,1,1,10,10,23
25,hehe_22_00000004#4,1,1,10,10,69
25,hehe_22_00000004#6,1,1,10,10,57
25,hehe_22_00000004#7,1,1,10,10,70
25,hehe_22_00000004#9,1,1,6,10,11
25,hehe_230_000002_043_00000061#1,1,1,10,10,69
25,hehe_230_000002_043_00000061#6,1,1,10,10,62
25,hehe_230_000002_043_00000061#7,1,1,10,10,58
25,hehe_230_000002_043_00000061#10,1,1,10,10,31
25,hehe_230_000002_043_00000061#11,1,1,10,10,37
25,hehe_230_000002_043_00000061#13,1,1,10,10,19
25,hehe_230_000002_043_00000061#14,1,1,8,10,12
25,hehe_232_000002_043_00000181#0,1,1,8,10,8
25,hehe_232_000002_043_00000181#1,1,1,10,10,22
25,hehe_232_000002_043_00000181#2,1,1,10,10,57
25,hehe_232_000002_043_00000181#3,1,1,10,10,36
25,hehe_232_000002_043_00000181#8,1,1,10,10,57
25,hehe_274_000002_060_00000105#1,1,1,10,10,67
25,hehe_274_000002_060_00000105#5,1,1,10,10,28
25,hehe_274_000002_060_00000105#6,1,1,10,10,11
25,hehe_40_00000033#1,1,1,10,10,26
25,hehe_40_00000033#2,1,1,10,10,46
25,hehe_40_00000033#3,0,1,0,10,40
25,hehe_40_00000033#5,1,1,10,10,40
25,hehe_45_00000001#2,1,1,10,10,42
25,hehe_45_00000001#4,1,1,10,10,28
25,hehe_45_00000001#5,1,1,10,10,49
25,hehe_45_00000001#6,1,1,10,10,40
25,hehe_45_00000001#7,1,1,10,10,60
25,hehe_45_00000001#8,1,1,10,10,34
25,hehe_45_00000001#9,1,1,10,10,46
25,hehe_52_00000107#0,1,1,10,10,19
25,hehe_52_00000107#1,1,1,8,10,8
25,hehe_61_00000090#2,1,1,10,10,76
25,hehe_61_00000090#3,1,1,10,10,39
25,hehe_61_00000090#4,1,1,10,10,20
25,hehe_61_00000090#9,1,1,10,10,64
25,hehe_61_00000090#10,1,1,10,10,50
25,hehe_61_00000090#11,1,1,10,10,84
25,hehe_65_00000229#2,1,1,10,10,59
25,hehe_65_00000229#3,1,1,10,10,32
25,hehe_65_00000229#4,1,1,10,10,30
25,hehe_65_00000229#6,1,1,6,10,16
25,hehe_65_00000229#7,1,1,10,10,21
25,hehe_6_00000054#0,1,1,10,10,12
25,hehe_6_00000054#2,1,1,10,10,35
25,hehe_6_00000054#3,1,1,10,10,32
25,hehe_6_00000054#4,1,1,10,10,27
25,hehe_6_00000054#6,1,1,10,10,76
25,hehe_6_00000054#13,1,1,10,10,74
25,hehe_6_00000054#16,1,1,10,10,32
25,hehe_6_00000054#17,1,1,10,10,38
25,hehe_86_00000253#0,1,1,10,10,45
25,hehe_86_00000253#3,1,1,10,10,58
25,hehe_87_00000315#1,1,1,10,10,39
25,hehe_87_00000315#2,1,1,10,10,40
25,hehe_87_00000315#3,1,1,10,10,33
25,hehe_87_00000315#4,1,1,10,10,20
25,hehe_87_00000315#5,1,1,10,10,30
25,hehe_87_00000315#6,1,1,8,10,14
25,shuming_1007_00000230#0,1,1,10,10,38
25,shuming_1007_00000230#3,1,1,10,10,43
25,shuming_1007_00000230#4,1,1,5,10,36
25,shuming_1007_00000230#5,1,1,10,10,46
25,shuming_1007_00000230#7,1,1,10,10,63
25,shuming_1007_00000230#10,1,1,10,10,62
25,shuming_1007_00000230#11,1,1,10,10,39
25,shuming_1007_00000230#12,1,1,11,10,34
25,shuming_1007_00000230#13,1,1,9,10,10
25,shuming_1007_00000230#14,1,1,5,10,7
25,shuming_1007_00000230#15,1,1,10,10,79
25,shuming_1007_00000230#16,1,1,10,10,47
25,shuming_1007_00000230#17,1,1,10,10,19
25,shuming_1007_00000230#18,1,1,8,10,13
25,shuming_1007_00000230#20,1,1,10,10,20
25,shuming_1007_00000230#21,1,1,10,10,69
25,shuming_1007_00000230#22,1,1,10,10,27
25,shuming_1007_00000230#23,1,1,10,10,22
25,shuming_1013_00000065#0,1,1,10,10,87
25,shuming_1013_00000065#1,1,1,10,10,41
25,shuming_1013_00000065#3,1,1,10,10,26
25,shuming_1028_00000411#3,1,1,10,10,55
25,shuming_1028_00000411#4,1,1,10,10,10
25,shuming_1028_00000411#5,1,1,10,10,15
25,shuming_1064_00000087#0,1,1,10,10,34
25,shuming_1064_00000087#1,1,1,10,10,55
25,shuming_1064_00000087#2,1,1,10,10,56
25,shuming_1064_00000087#3,1,1,10,10,72
25,shuming_1064_00000087#4,1,1,10,10,69
25,shuming_1064_00000087#6,1,1,10,10,26
25,shuming_1064_00000087#7,1,1,10,10,54
25,shuming_1064_00000087#8,1,1,10,10,86
25,shuming_1076_00000257#1,1,1,10,10,31
25,shuming_1076_00000257#2,1,1,10,10,29
25,shuming_1076_00000257#3,1,1,10,10,20
25,shuming_1076_00000257#4,1,1,10,10,19
25,shuming_1076_00000257#5,1,1,10,10,23
25,shuming_1079_00000233#3,1,1,10,10,18
25,shuming_1079_00000233#4,1,1,10,10,12
25,shuming_1079_00000233#6,1,1,10,10,35
25,shuming_1080_00000016#0,1,1,10,10,72
25,shuming_1080_00000016#4,1,1,10,10,10
25,shuming_1132_00000385#2,1,1,10,10,29
25,shuming_1132_00000385#3,1,1,6,10,32
25,shuming_1132_00000385#4,1,1,10,10,25
25,shuming_1135_00000213#0,1,1,10,10,76
25,shuming_1148_00000041#0,1,1,10,10,74
25,shuming_1157_00000010#0,1,1,10,10,72
25,shuming_1157_00000010#1,1,1,10,10,32
25,shuming_1157_00000010#2,1,1,10,10,18
25,shuming_1180_00000231#3,1,1,10,10,49
25,shuming_24_00000001#0,1,1,10,10,40
25,shuming_24_00000001#1,1,1,10,10,62
25,shuming_340_00000020#1,1,1,10,10,21
25,shuming_340_00000020#19,1,1,10,10,11
25,shuming_340_00000020#22,1,1,7,10,7
25,shuming_340_00000020#23,1,1,10,10,12
25,shuming_340_00000020#26,1,1,9,10,9
25,shuming_340_00000020#30,1,1,9,10,9
25,shuming_340_00000020#31,1,1,10,10,12
25,shuming_340_00000020#38,1,1,10,10,10
25,shuming_35_00000199#0,1,1,10,10,73
25,shuming_35_00000199#3,1,1,10,10,36
25,shuming_35_00000199#4,1,1,10,10,26
25,shuming_35_00000199#5,1,1,4,10,87
25,shuming_35_00000199#6,1,1,10,10,18
25,shuming_35_00000199#8,1,1,10,10,14
25,shuming_35_00000199#9,1,1,8,10,8
25,shuming_35_00000199#11,1,1,10,10,39
25,shuming_410_00000037#0,1,1,6,10,7
25,shuming_410_00000037#9,1,1,10,10,45
25,shuming_461_00000082#0,1,1,10,10,53
25,shuming_461_00000082#2,1,1,10,10,42
25,shuming_461_00000082#3,1,1,10,10,31
25,shuming_461_00000082#4,1,1,10,10,14
25,shuming_461_00000082#5,1,1,10,10,11
25,shuming_465_00000030#0,1,1,10,10,10
25,shuming_465_00000030#2,1,1,10,10,56
25,shuming_465_00000030#3,1,1,10,10,15
25,shuming_470_00000057#3,1,1,10,10,43
25,shuming_470_00000057#4,1,1,10,10,23
25,shuming_482_00000018#3,1,1,10,10,53
25,shuming_482_00000018#4,1,1,10,10,44
25,shuming_482_00000018#5,1,1,10,10,62
25,shuming_485_00000027#3,1,1,10,10,16
25,shuming_485_00000027#4,1,1,10,10,52
25,shuming_503_00000052#0,1,1,10,10,32
25,shuming_503_00000052#1,1,1,10,10,26
25,shuming_562_00000223#2,1,1,10,10,76
25,shuming_571_00000215#0,1,1,10,10,56
25,shuming_571_00000215#1,1,1,10,10,46
25,shuming_574_00000017#0,1,1,10,10,63
25,shuming_608_00000031#1,1,1,10,10,19
25,shuming_608_00000031#2,1,1,10,10,30
25,shuming_608_00000031#3,1,1,10,10,35
25,shuming_608_00000031#4,1,1,10,10,11
25,shuming_610_00000148#0,1,1,10,10,50
25,shuming_63_00000393#3,1,1,10,10,15
25,shuming_63_00000393#4,1,1,10,10,17
25,shuming_63_00000393#5,1,1,8,10,9
25,shuming_63_00000393#6,1,1,10,10,23
25,shuming_63_00000393#7,1,1,10,10,21
25,shuming_63_00000393#8,1,1,10,10,23
25,shuming_63_00000393#9,1,1,10,10,20
25,shuming_663_00000328#2,1,1,10,10,50
25,shuming_663_00000328#3,1,1,10,10,40
25,shuming_67_00000001#1,1,1,10,10,55
25,shuming_67_00000001#2,1,1,10,10,18
25,shuming_698_00000001#0,1,1,10,10,11
25,shuming_698_00000001#1,1,1,3,10,13
25,shuming_698_00000001#2,1,1,10,10,17
25,shuming_698_00000001#3,1,1,10,10,20
25,shuming_698_00000001#4,1,1,10,10,15
25,shuming_698_00000001#5,1,1,10,10,14
25,shuming_698_00000001#7,1,1,10,10,26
25,shuming_698_00000001#8,1,1,10,10,17
25,shuming_698_00000001#9,1,1,10,10,14
25,shuming_698_00000001#10,1,1,10,10,13
25,shuming_698_00000001#11,1,1,10,10,13
25,shuming_698_00000001#12,1,1,10,10,15
25,shuming_698_00000001#13,1,1,10,10,14
25,shuming_698_00000001#14,1,1,10,10,12
25,shuming_698_00000001#15,1,1,10,10,15
25,shuming_698_00000001#16,1,1,10,10,15
25,shuming_698_00000001#17,1,1,10,10,23
25,shuming_698_00000001#18,1,1,10,10,18
25,shuming_698_00000001#19,1,1,10,10,19
25,shuming_698_00000001#20,1,1,10,10,22
25,shuming_698_00000001#21,1,1,10,10,24
25,shuming_698_00000001#22,1,1,10,10,18
25,shuming_698_00000001#23,1,1,10,10,35
25,shuming_698_00000001#25,1,1,10,10,64
25,shuming_706_00000375#0,1,1,8,10,41
25,shuming_706_00000375#2,1,1,10,10,32
25,shuming_706_00000375#3,1,1,9,10,17
25,shuming_706_00000375#4,1,1,10,10,52
25,shuming_72_00000270#19,1,1,10,10,54
25,shuming_72_00000270#20,1,1,10,10,22
25,shuming_72_00000270#22,1,1,10,10,48
25,shuming_72_00000270#24,1,1,10,10,20
25,shuming_731_00000492#0,1,1,10,10,32
25,shuming_731_00000492#1,1,1,10,10,26
25,shuming_731_00000492#3,1,1,10,10,60
25,shuming_731_00000492#5,1,1,10,10,69
25,shuming_753_00000172#0,1,1,10,10,12
25,shuming_758_00000371#0,1,1,10,10,52
25,shuming_763_00000009#2,1,1,10,10,15
25,shuming_774_00000273#3,1,1,10,10,63
25,shuming_774_00000273#5,1,1,10,10,31
25,shuming_779_00000254#1,1,1,10,10,63
25,shuming_779_00000254#5,1,1,10,10,80
25,shuming_783_00000248#0,1,1,10,10,81
25,shuming_783_00000248#2,1,1,10,10,66
25,shuming_793_00000117#2,1,1,10,10,31
25,shuming_825_00000172#1,1,1,10,10,13
25,shuming_825_00000172#2,1,1,6,10,7
25,shuming_825_00000172#3,1,1,10,10,16
25,shuming_826_00000213#1,1,1,10,10,14
25,shuming_826_00000213#2,1,1,10,10,18
25,shuming_826_00000213#3,1,1,9,10,9
25,shuming_85_00000273#4,1,1,10,10,11
25,shuming_987_00000275#1,1,1,10,10,41
25,shuming_987_00000275#2,1,1,10,10,23
25,shuming_987_00000275#3,1,1,10,10,19
25,shuming_987_00000275#4,1,1,10,10,21
25,shuming_987_00000275#5,1,1,10,10,10
30,00000045#1,1,1,10,10,242
30,00000045#2,1,1,10,10,88
30,00000045#3,1,1,10,10,105
30,00000045#6,1,1,10,10,286
30,00000045#7,1,1,10,10,279
30,00000057#1,1,1,10,10,225
30,00000057#2,1,1,10,10,88
30,00000057#3,1,1,10,10,111
30,00000057#5,1,1,10,10,133
30,00000063#1,1,1,10,10,279
30,00000063#2,1,1,10,10,90
30,00000063#3,1,1,10,10,107
30,00000063#5,1,1,10,10,208
30,00000095#1,1,1,10,10,279
30,00000095#2,1,1,10,10,114
30,00000095#3,1,1,10,10,105
30,00000106#1,1,1,10,10,245
30,00000106#2,1,1,10,10,135
30,00000106#3,1,1,10,10,122
30,00000106#5,1,1,10,10,157
30,00000123#1,1,1,10,10,196
30,00000123#2,1,1,10,10,87
30,00000123#3,1,1,10,10,190
30,00000123#5,1,1,10,10,108
30,00000171#0,1,1,10,10,120
30,00000180#0,1,1,10,10,136
30,00000234#1,1,1,10,10,108
30,00000257#0,1,1,10,10,93
30,00000271#0,1,1,10,10,118
30,00000271#1,1,1,10,10,132
30,00000273#0,1,1,10,10,84
30,00000273#1,1,1,10,10,99
30,000002_080_00000048#0,1,1,10,10,69
30,000002_083_00000169#0,1,1,10,10,14
30,000002_083_00000169#1,1,1,10,10,26
30,000002_083_00000169#2,1,1,10,10,36
30,00000346#0,1,1,10,10,381
30,00000364#0,1,1,10,10,210
30,00000396#0,1,1,10,10,111
30,00000399#0,1,1,10,10,82
30,000003_081_00000171#10,1,1,10,10,76
30,000003_081_00000171#11,1,1,10,10,82
30,00000426#0,1,1,10,10,653
30,00000506#0,1,1,10,10,117
30,000005_004_00000286#4,1,1,10,10,62
30,000005_006_00000001#1,1,1,10,10,68
30,000005_006_00000001#2,1,1,10,10,25
30,000005_019_00000209#0,1,1,10,10,43
30,000005_019_00000209#1,1,1,10,10,31
30,000005_019_00000209#2,1,1,10,10,59
30,000005_027_00000493#1,1,1,10,10,34
30,000005_027_00000493#2,1,1,10,10,38
30,000005_027_00000493#3,1,1,10,10,49
30,000005_027_00000493#4,1,1,10,10,21
30,000005_027_00000493#5,1,1,10,10,25
30,000005_027_00000493#6,1,1,10,10,20
30,000005_027_00000493#7,1,1,10,10,26
30,000005_027_00000493#8,1,1,10,10,74
30,000005_028_00000001#2,1,1,10,10,77
30,000005_028_00000163#2,1,1,10,10,31
30,00000618#2,1,1,10,10,101
30,000006_010_00000389#4,1,1,10,10,58
30,000006_011_00000307#3,1,1,10,10,25
30,000006_011_00000409#8,1,1,10,10,40
30,000006_011_00000409#10,1,1,10,10,54
30,000006_012_00000001#3,1,1,10,10,38
30,000006_012_00000001#6,1,1,10,10,63
30,000006_012_00000001#11,1,1,10,10,69
30,000006_012_00000001#12,1,1,10,10,33
30,000008_003_00000235#1,1,1,10,10,76
30,000008_003_00000235#2,1,1,10,10,59
30,000008_003_00000235#3,1,1,10,10,81
30,000008_003_00000235#4,1,1,10,10,66
30,000008_003_00000235#5,1,1,10,10,68
30,000008_003_00000235#10,1,1,10,10,68
30,000008_003_00000235#11,1,1,10,10,16
30,000008_003_00000352#1,1,1,10,10,66
30,000008_003_00000352#3,1,1,10,10,80
30,000008_003_00000352#5,1,1,10,10,74
30,000008_003_00000352#7,1,1,10,10,75
30,000008_003_00000352#8,1,1,10,10,75
30,000008_003_00000352#9,1,1,10,10,76
30,000008_003_00000352#10,1,1,10,10,64
30,000008_003_00000352#12,1,1,10,10,74
30,000008_003_00000352#13,1,1,10,10,16
30,000008_003_00000469#0,1,1,10,10,85
30,000008_003_00000469#1,1,1,10,10,70
30,000008_003_00000469#2,1,1,10,10,67
30,000008_003_00000469#3,1,1,10,10,78
30,000008_003_00000469#4,1,1,10,10,85
30,000008_003_00000469#6,1,1,10,10,89
30,000008_003_00000469#9,1,1,10,10,31
30,000008_003_00000469#10,1,1,10,10,18
30,000008_004_00000665#2,1,1,10,10,34
30,000008_004_00000665#4,1,1,10,10,39
30,000008_004_00000665#11,1,1,10,10,52
30,000008_004_00000665#12,1,1,10,10,63
30,000008_004_00000665#13,1,1,10,10,37
30,000008_013_00000195#1,1,1,10,10,66
30,000008_013_00000195#2,1,1,10,10,60
30,000008_042_00000273#1,1,1,10,10,40
30,000008_045_00000001#0,1,1,10,10,48
30,000008_045_00000001#2,1,1,10,10,70
30,000008_045_00000001#3,1,1,10,10,14
30,000008_045_00000157#0,1,1,10,10,80
30,000008_045_00000157#4,1,1,10,10,17
30,000008_048_00000361#3,1,1,10,10,42
30,000008_048_00000361#4,1,1,10,10,36
30,000008_048_00000361#5,1,1,8,10,29
30,000009_008_00000241#3,1,1,10,10,78
30,000009_008_00000241#5,1,1,10,10,69
30,000009_008_00000241#6,1,1,10,10,29
30,000009_008_00000241#7,1,1,10,10,76
30,000009_008_00000241#9,1,1,10,10,84
30,000009_033_00000333#1,1,1,10,10,16
30,000009_033_00000333#2,1,1,10,10,38
30,000009_033_00000333#3,1,1,10,10,38
30,000009_033_00000333#4,1,1,10,10,36
30,000009_033_00000333#6,1,1,10,10,51
30,000012_008_00000163#3,1,1,10,10,67
30,000012_008_00000163#4,1,1,10,10,55
30,000012_008_00000163#5,1,1,10,10,48
30,000012_008_00000163#6,1,1,10,10,60
30,000012_008_00000163#8,1,1,10,10,74
30,000012_008_00000163#10,1,1,10,10,17
30,000012_008_00000163#11,1,1,10,10,26
30,000012_008_00000163#12,1,1,10,10,27
30,000012_008_00000163#13,1,1,10,10,15
30,000012_008_00000163#14,1,1,10,10,11
30,000012_009_00000244#1,1,1,10,10,71
30,000012_009_00000244#3,1,1,10,10,68
30,000012_009_00000244#4,1,1,10,10,40
30,000012_009_00000244#5,1,1,10,10,45
30,000012_009_00000244#6,1,1,10,10,21
30,000012_009_00000244#7,1,1,10,10,13
30,000012_009_00000244#8,1,1,10,10,12
30,000012_009_00000244#9,1,1,10,10,14
30,000012_009_00000244#10,1,1,10,10,34
30,000012_009_00000244#11,1,1,10,10,18
30,000012_009_00000244#12,1,1,10,10,18
30,000012_009_00000244#13,1,1,10,10,19
30,000012_009_00000244#14,1,1,8,10,8
30,000012_009_00000325#3,1,1,10,10,82
30,000012_009_00000325#4,1,1,10,10,36
30,000012_009_00000325#5,1,1,10,10,43
30,000012_009_00000325#6,1,1,10,10,28
30,000012_009_00000325#7,1,1,10,10,17
30,000012_009_00000325#8,1,1,10,10,16
30,000012_009_00000325#9,1,1,7,10,8
30,000012_009_00000325#11,1,1,10,10,28
30,000012_009_00000325#12,1,1,10,10,15
30,000012_009_00000325#14,1,1,10,10,22
30,000012_009_00000325#15,1,1,3,10,19
30,000012_009_00000325#16,1,1,10,10,35
30,000012_014_00000184#0,1,1,10,10,33
30,000012_014_00000184#1,1,1,10,10,55
30,000012_014_00000184#3,1,1,10,10,26
30,000012_019_00000151#1,1,1,10,10,59
30,000012_019_00000151#2,1,1,10,10,14
30,000012_019_00000151#4,1,1,10,10,21
30,000012_019_00000151#5,1,1,10,10,14
30,000012_022_00000090#0,1,1,10,10,64
30,000012_022_00000090#1,1,1,10,10,23
30,000012_025_00000313#1,1,1,10,10,11
30,000012_025_00000313#2,1,1,10,10,11
30,000012_025_00000313#3,1,1,10,10,13
30,000012_025_00000313#4,1,1,7,10,7
30,000012_025_00000313#5,1,1,10,10,13
30,000012_025_00000313#6,1,1,8,10,8
30,000012_028_00000250#0,1,1,10,10,64
30,000012_028_00000250#1,1,1,10,10,56
30,000013_001_00000001#1,1,1,10,10,33
30,000013_001_00000001#2,1,1,10,10,34
30,000013_001_00000001#3,1,1,10,10,31
30,000013_002_00000281#1,1,1,10,10,31
30,000013_002_00000281#2,1,1,10,10,36
30,000013_002_00000281#3,1,1,10,10,20
30,000013_023_00000075#1,1,1,10,10,56
30,000013_023_00000075#2,1,1,10,10,68
30,000013_025_00000285#0,1,1,10,10,15
30,000013_025_00000285#1,1,1,10,10,56
30,000013_025_00000285#2,1,1,10,10,20
30,000013_030_00000063#0,1,1,10,10,21
30,000013_030_00000063#1,1,1,10,10,68
30,000013_039_00000063#0,1,1,10,10,41
30,000013_039_00000063#1,1,1,10,10,32
30,000013_039_00000063#3,1,1,10,10,26
30,000013_039_00000063#5,1,1,8,10,8
30,000013_040_suppl_00000167#0,1,1,10,10,79
30,000013_040_suppl_00000333#1,1,1,10,10,50
30,000013_040_suppl_00000333#3,1,1,10,10,80
30,000013_040_suppl_00000333#4,1,1,8,10,8
30,000013_044_00000001#0,1,1,10,10,24
30,000013_044_00000001#1,1,1,10,10,31
30,000013_044_00000001#2,0,1,0,10,72
30,000013_044_00000001#4,0,1,0,10,38
30,000013_044_00000001#5,1,1,10,10,72
30,000013_044_00000001#7,1,1,10,10,62
30,000013_048_00000001#0,1,1,10,10,46
30,000013_048_00000001#1,1,1,9,10,60
30,000013_048_00000001#3,0,1,0,10,49
30,000013_048_00000001#4,1,1,1,10,69
30,000013_056_00000281#2,1,1,10,10,49
30,000013_056_00000281#3,1,1,10,10,16
30,000013_056_00000281#4,1,1,10,10,21
30,000013_056_00000281#6,1,1,10,10,11
30,000013_056_00000281#7,1,1,10,10,12
30,000013_056_00000281#8,1,1,10,10,64
30,000013_056_00000281#9,1,1,10,10,43
30,000013_056_00000281#10,1,1,10,10,32
30,000014_012_00000217#1,1,1,10,10,41
30,000014_012_00000217#2,1,1,10,10,48
30,000014_050_00000273#3,1,1,10,10,47
30,000014_050_00000273#4,1,1,10,10,57
30,000014_050_00000273#5,1,1,10,10,26
30,000014_051_suppl_00000341#2,1,1,10,10,15
30,000014_052_00000131#2,1,1,10,10,22
30,000014_052_00000131#3,1,1,10,10,13
30,000015_004_00000268#0,1,1,10,10,27
30,000015_004_suppl_00000223#2,1,1,10,10,36
30,000016_043_suppl_00000292#1,1,1,10,10,21
30,000016_043_suppl_00000292#2,1,1,10,10,56
30,000016_043_suppl_00000292#4,1,1,10,10,30
30,000016_043_suppl_00000292#5,1,1,10,10,25
30,000016_043_suppl_00000292#6,1,1,10,10,45
30,000016_043_suppl_00000292#8,1,1,10,10,26
30,000016_043_suppl_00000292#9,1,1,10,10,32
30,000016_043_suppl_00000292#10,1,1,10,10,19
30,000016_043_suppl_00000292#11,1,1,10,10,27
30,000016_043_suppl_00000292#12,1,1,10,10,32
30,000016_043_suppl_00000292#14,1,1,10,10,70
30,000016_043_suppl_00000292#17,1,1,10,10,47
30,000016_043_suppl_00000292#20,1,1,10,10,23
30,000016_044_00000085#0,1,1,10,10,83
30,000016_044_00000085#1,1,1,10,10,62
30,000016_044_00000085#3,1,1,10,10,17
30,000016_044_00000085#4,1,1,10,10,65
30,000016_044_00000085#7,1,1,10,10,67
30,000016_044_00000085#10,1,1,10,10,78
30,000016_044_00000169#1,1,1,10,10,37
30,000016_044_00000169#2,1,1,10,10,36
30,000016_044_00000169#3,1,1,10,10,16
30,000016_044_00000169#5,1,1,10,10,15
30,000016_044_00000169#6,1,1,9,10,59
30,000016_044_00000169#8,1,1,10,10,88
30,000016_044_00000169#16,1,1,10,10,73
30,000016_044_00000169#17,1,1,10,10,65
30,000017_011_00000297#3,1,1,10,10,12
30,000017_011_00000297#5,1,1,10,10,68
30,000017_011_00000297#9,1,1,10,10,26
30,000017_011_00000297#10,1,1,10,10,86
30,000017_011_00000297#11,1,1,10,10,59
30,000017_011_00000297#13,1,1,10,10,43
30,000017_012_00000135#2,1,1,10,10,36
30,000017_020_00000214#0,1,1,10,10,21
30,000017_020_00000214#2,1,1,10,10,27
30,000017_020_suppl_00000356#0,1,1,10,10,20
30,000017_020_suppl_00000356#2,1,1,10,10,20
30,000018_006_00000063#0,1,1,10,10,66
30,000019_030_00000072#1,1,1,10,10,23
30,000019_030_00000072#2,1,1,10,10,72
30,000019_030_00000072#3,1,1,10,10,54
30,000019_030_00000072#4,1,1,10,10,21
30,000019_030_00000072#5,1,1,10,10,10
30,000019_038_00000205#2,1,1,10,10,20
30,000019_038_00000205#3,1,1,10,10,25
30,000019_038_00000205#4,1,1,10,10,21
30,000019_038_00000205#5,1,1,10,10,36
30,000019_038_00000205#6,1,1,10,10,84
30,000019_038_00000205#7,1,1,10,10,70
30,000019_038_00000205#8,1,1,10,10,82
30,000019_041_00000141#2,1,1,10,10,24
30,000019_045_00000145#4,1,1,10,10,46
30,000019_045_00000145#5,1,1,10,10,42
30,000019_045_00000145#7,1,1,4,10,67
30,000020_010_00000089#1,1,1,10,10,60
30,000020_010_00000089#5,1,1,8,10,9
30,000020_010_00000089#6,1,1,10,10,20
30,000020_010_00000089#7,1,1,7,10,8
30,000020_014_00000193#2,1,1,10,10,63
30,000020_014_00000193#3,1,1,10,10,76
30,000020_014_00000193#5,1,1,10,10,54
30,000020_014_00000193#6,1,1,10,10,77
30,000020_018_00000093#0,1,1,10,10,16
30,000020_018_00000093#1,1,1,10,10,24
30,000020_018_00000093#2,1,1,10,10,81
30,000020_018_00000093#3,1,1,10,10,42
30,000021_020_00000131#2,1,1,10,10,76
30,000023_005_00000070#1,1,1,10,10,32
30,000023_005_00000070#2,1,1,10,10,87
30,000023_005_00000070#3,1,1,10,10,63
30,000023_005_00000070#4,1,1,10,10,63
30,000023_005_00000070#5,1,1,10,10,18
30,000023_005_00000070#6,1,1,10,10,23
30,000031#0,1,1,10,10,53
30,000031#1,1,1,10,10,15
30,000031#2,1,1,8,10,8
30,000031#3,1,1,10,10,15
30,000031#6,1,1,10,10,24
30,000031#8,1,1,10,10,53
30,000031#10,1,1,10,10,16
30,000031#11,1,1,10,10,21
30,000066#0,1,1,10,10,31
30,000066#1,1,1,10,10,15
30,000066#2,1,1,9,10,61
30,000066#3,1,1,10,10,39
30,000070#0,1,1,10,10,28
30,000070#1,1,1,10,10,18
30,000070#2,1,1,10,10,52
30,000070#3,1,1,10,10,67
30,000173#1,1,1,10,10,27
30,000303#2,1,1,10,10,67
30,000303#6,1,1,10,10,30
30,000303#7,1,1,10,10,16
30,000328#1,1,1,10,10,58
30,000328#3,1,1,10,10,65
30,000415#1,1,1,10,10,14
30,000415#2,1,1,7,10,9
30,000415#4,1,1,10,10,22
30,000415#5,1,1,10,10,24
30,000415#6,1,1,10,10,12
30,000415#8,1,1,10,10,10
30,000415#10,1,1,10,10,13
30,000415#11,1,1,10,10,12
30,000415#13,1,1,10,10,21
30,000415#14,1,1,10,10,13
30,000415#15,1,1,10,10,17
30,000415#16,1,1,6,10,8
30,000415#17,1,1,9,10,10
30,000415#19,1,1,10,10,37
30,000433#7,1,1,10,10,57
30,000437#0,1,1,10,10,67
30,000437#1,1,1,10,10,75
30,000437#2,1,1,10,10,26
30,000437#5,1,1,10,10,48
30,000484#2,1,1,10,10,37
30,000484#3,1,1,10,10,55
30,000500#0,1,1,10,10,14
30,000500#1,1,1,9,10,9
30,000500#2,1,1,10,10,15
30,000525#0,1,1,10,10,14
30,000525#1,1,1,10,10,30
30,000525#2,1,1,10,10,35
30,000561#0,1,1,10,10,70
30,000561#3,1,1,10,10,63
30,000561#4,1,1,10,10,38
30,000597#2,1,1,10,10,62
30,000597#3,1,1,5,10,29
30,000630#0,1,1,10,10,14
30,000680#5,1,1,10,10,69
30,000707#1,1,1,10,10,13
30,000707#2,1,1,10,10,18
30,000707#3,1,1,9,10,9
30,000707#4,1,1,10,10,25
30,000707#5,1,1,10,10,20
30,000735#1,1,1,10,10,11
30,000738#0,1,1,10,10,26
30,000738#2,1,1,9,10,9
30,000738#3,1,1,10,10,36
30,000756#4,1,1,10,10,34
30,000759#2,1,1,10,10,34
30,000780#0,1,1,10,10,22
30,000780#3,1,1,10,10,90
30,000783#0,1,1,10,10,45
30,000783#1,1,1,10,10,42
30,000783#3,1,1,10,10,38
30,000783#4,1,1,10,10,26
30,000808#1,1,1,10,10,21
30,000820#2,1,1,10,10,58
30,000820#3,1,1,10,10,45
30,000820#4,1,1,10,10,25
30,000820#5,1,1,10,10,27
30,000820#7,1,1,8,10,8
30,000889#5,1,1,10,10,84
30,000889#6,1,1,10,10,40
30,000889#7,1,1,10,10,14
30,000889#8,1,1,10,10,15
30,000889#9,1,1,10,10,22
30,000889#13,1,1,10,10,24
30,000889#14,1,1,10,10,69
30,000943#0,1,1,10,10,16
30,000943#1,1,1,10,10,14
30,000943#2,1,1,10,10,64
30,000943#3,1,1,6,10,7
30,000943#4,1,1,6,10,7
30,000943#6,1,1,7,10,18
30,000943#7,1,1,10,10,23
30,000952#0,1,1,10,10,22
30,001033#1,1,1,10,10,15
30,001033#2,1,1,10,10,31
30,001033#3,1,1,10,10,41
30,001033#9,1,1,10,10,25
30,001033#10,1,1,10,10,21
30,001035#0,1,1,10,10,19
30,001035#1,1,1,10,10,53
30,001035#2,1,1,10,10,76
30,001035#7,1,1,10,10,40
30,001035#9,1,1,10,10,22
30,001035#10,1,1,10,10,63
30,001114#5,1,1,10,10,47
30,001114#6,1,1,10,10,40
30,001114#7,1,1,10,10,12
30,001114#8,1,1,10,10,26
30,001114#10,1,1,10,10,17
30,001123#0,1,1,10,10,31
30,001123#1,1,1,10,10,76
30,001123#2,1,1,10,10,77
30,001123#4,1,1,10,10,64
30,001123#5,1,1,10,10,42
30,001123#6,1,1,10,10,79
30,001123#7,1,1,10,10,86
30,001123#8,1,1,3,10,36
30,001123#9,1,1,10,10,56
30,001123#10,1,1,10,10,62
30,001123#11,1,1,10,10,66
30,001123#12,1,1,10,10,79
30,001123#13,1,1,10,10,31
30,001123#18,1,1,9,10,9
30,001123#19,1,1,9,10,10
30,001123#20,1,1,10,10,49
30,001123#21,1,1,10,10,32
30,001123#22,1,1,10,10,33
30,001135#4,1,1,10,10,64
30,001135#6,1,1,10,10,72
30,001135#7,1,1,9,10,14
30,001157#4,1,1,10,10,14
30,001157#5,1,1,10,10,30
30,001157#8,1,1,10,10,77
30,001157#9,1,1,10,10,68
30,001202#3,1,1,10,10,72
30,001202#4,1,1,10,10,78
30,001202#8,1,1,10,10,23
30,001202#10,1,1,10,10,56
30,001202#11,1,1,10,10,57
30,001202#12,1,1,10,10,42
30,001257#0,1,1,10,10,46
30,001257#3,1,1,10,10,69
30,001257#6,1,1,10,10,27
30,001257#9,1,1,10,10,27
30,001257#10,1,1,10,10,46
30,001257#11,1,1,10,10,31
30,001276#3,1,1,10,10,58
30,001276#7,1,1,10,10,30
30,001276#9,1,1,10,10,54
30,001276#10,1,1,10,10,27
30,001276#11,1,1,10,10,31
30,001276#12,1,1,10,10,25
30,001276#13,1,1,10,10,35
30,001276#14,1,1,10,10,50
30,001276#15,1,1,10,10,25
30,001295#0,1,1,10,10,30
30,001295#1,1,1,10,10,52
30,001295#3,1,1,10,10,10
30,001295#10,1,1,10,10,55
30,001295#11,1,1,10,10,24
30,001295#12,1,1,10,10,17
30,001295#13,1,1,10,10,28
30,001295#14,1,1,10,10,36
30,001295#15,1,1,10,10,24
30,001295#17,1,1,10,10,19
30,001295#18,1,1,10,10,15
30,001295#19,1,1,10,10,17
30,001295#20,1,1,10,10,16
30,001295#21,1,1,10,10,22
30,001295#22,1,1,10,10,26
30,001295#24,1,1,10,10,26
30,001295#26,1,1,9,10,9
30,001409#0,1,1,10,10,39
30,001409#1,1,1,10,10,43
30,001415#0,1,1,10,10,42
30,001415#1,1,1,10,10,44
30,001415#2,1,1,10,10,41
30,001415#3,1,1,10,10,53
30,001443#3,1,1,10,10,53
30,001443#4,1,1,10,10,73
30,001443#6,1,1,4,10,66
30,001443#7,1,1,10,10,67
30,001443#9,1,1,10,10,27
30,001443#10,1,1,10,10,46
30,001461#2,1,1,10,10,28
30,001461#3,1,1,10,10,42
30,001461#4,1,1,10,10,64
30,001461#5,1,1,10,10,36
30,001531#1,1,1,10,10,16
30,001531#2,1,1,10,10,11
30,001531#6,1,1,10,10,28
30,001531#8,1,1,10,10,11
30,001531#10,1,1,10,10,43
30,001558#4,1,1,10,10,31
30,001683#1,1,1,10,10,83
30,001683#6,1,1,10,10,36
30,001683#7,1,1,10,10,46
30,001683#8,1,1,10,10,50
30,001694#1,1,1,10,10,28
30,001694#2,1,1,10,10,64
30,001694#7,1,1,10,10,62
30,001694#8,1,1,10,10,36
30,001694#9,1,1,10,10,50
30,001694#10,1,1,10,10,27
30,001694#11,1,1,10,10,28
30,001694#12,1,1,10,10,22
30,001694#13,1,1,10,10,27
30,001694#14,1,1,10,10,31
30,001707#1,1,1,10,10,22
30,001707#2,1,1,10,10,68
30,001707#7,1,1,10,10,62
30,001707#8,1,1,10,10,36
30,001707#9,1,1,10,10,31
30,001707#10,1,1,10,10,34
30,001707#11,1,1,10,10,57
30,001707#12,1,1,10,10,19
30,001712#1,1,1,10,10,72
30,001712#6,1,1,10,10,58
30,001712#7,1,1,10,10,16
30,001712#8,1,1,10,10,36
30,001712#9,1,1,10,10,55
30,001712#10,1,1,10,10,25
30,001712#11,1,1,10,10,23
30,001712#12,1,1,10,10,27
30,001724#1,1,1,10,10,11
30,001724#3,1,1,10,10,56
30,001724#7,1,1,10,10,84
30,001724#8,1,1,10,10,34
30,001724#9,1,1,10,10,30
30,001724#10,1,1,10,10,27
30,001724#11,1,1,10,10,34
30,001724#12,1,1,10,10,38
30,001737#3,1,1,10,10,54
30,001737#7,1,1,10,10,76
30,001737#8,1,1,8,10,8
30,001737#9,1,1,10,10,15
30,001737#10,1,1,10,10,36
30,001737#11,1,1,10,10,30
30,001737#12,1,1,10,10,38
30,001737#13,1,1,10,10,30
30,001742#0,1,1,10,10,41
30,001763#0,1,1,10,10,25
30,001785#0,1,1,10,10,50
30,001785#1,1,1,10,10,51
30,001785#2,1,1,10,10,80
30,001851#0,1,1,10,10,48
30,001851#8,1,1,10,10,25
30,001851#9,1,1,10,10,27
30,001851#10,1,1,10,10,31
30,001851#11,1,1,10,10,25
30,001851#12,1,1,10,10,27
30,001851#13,1,1,10,10,50
30,001851#14,1,1,10,10,27
30,001862#0,1,1,10,10,48
30,001862#8,1,1,10,10,21
30,001862#9,1,1,10,10,27
30,001862#10,1,1,10,10,54
30,001862#11,1,1,10,10,21
30,001862#12,1,1,10,10,20
30,001862#13,1,1,10,10,32
30,001862#14,1,1,10,10,29
30,001862#15,1,1,10,10,37
30,001873#0,1,1,10,10,48
30,001873#4,1,1,10,10,73
30,001873#8,1,1,10,10,26
30,001873#9,1,1,10,10,50
30,001873#10,1,1,10,10,14
30,001873#11,1,1,10,10,27
30,001873#12,1,1,10,10,26
30,001873#13,1,1,10,10,27
30,001881#0,1,1,10,10,48
30,001881#4,1,1,10,10,73
30,001881#8,1,1,10,10,25
30,001881#9,1,1,10,10,54
30,001881#10,1,1,10,10,22
30,001884#0,1,1,10,10,52
30,001884#4,1,1,10,10,73
30,001884#8,1,1,10,10,21
30,001884#9,1,1,10,10,57
30,001884#10,1,1,10,10,25
30,001884#11,1,1,10,10,23
30,001884#12,1,1,10,10,20
30,001884#13,1,1,10,10,17
30,001884#14,1,1,10,10,27
30,001898#0,1,1,10,10,52
30,001898#4,1,1,10,10,74
30,001898#7,1,1,10,10,22
30,001898#8,1,1,10,10,20
30,001898#9,1,1,10,10,21
30,001898#10,1,1,10,10,24
30,001898#11,1,1,10,10,36
30,001898#12,1,1,10,10,55
30,001898#13,1,1,10,10,27
30,001898#14,1,1,10,10,24
30,001970#1,1,1,10,10,73
30,001970#3,1,1,10,10,36
30,001970#7,1,1,10,10,65
30,001970#8,1,1,10,10,26
30,001970#9,1,1,10,10,41
30,001970#10,1,1,10,10,27
30,002048#2,1,1,10,10,68
30,002048#3,1,1,10,10,53
30,002048#4,1,1,10,10,76
30,002048#7,1,1,10,10,37
30,002048#8,1,1,10,10,19
30,002048#9,1,1,10,10,40
30,002048#10,1,1,10,10,41
30,002097#3,1,1,10,10,67
30,002097#4,1,1,10,10,75
30,002097#7,1,1,10,10,22
30,002097#8,1,1,10,10,29
30,002097#9,1,1,10,10,32
30,002097#10,1,1,10,10,32
30,002102#0,1,1,10,10,63
30,002102#1,1,1,10,10,67
30,002102#2,1,1,10,10,64
30,002102#3,1,1,10,10,55
30,002102#4,1,1,10,10,59
30,002102#5,1,1,10,10,40
30,002102#6,1,1,10,10,56
30,002102#7,1,1,10,10,56
30,002102#8,1,1,10,10,50
30,002156#0,1,1,10,10,40
30,002156#1,1,1,10,10,28
30,002156#2,1,1,10,10,38
30,002156#3,1,1,10,10,59
30,002156#4,1,1,10,10,81
30,002156#7,1,1,10,10,46
30,002156#8,1,1,10,10,34
30,002156#9,1,1,10,10,53
30,002207#0,1,1,10,10,11
30,002207#1,1,1,10,10,49
30,002235#3,1,1,10,10,36
30,002235#5,1,1,10,10,55
30,002235#6,1,1,5,10,17
30,002235#7,1,1,10,10,27
30,002235#10,1,1,10,10,10
30,002265#3,1,1,10,10,15
30,002265#4,1,1,10,10,13
30,002276#0,1,1,10,10,41
30,002276#1,1,1,10,10,18
30,002276#2,1,1,10,10,32
30,002276#3,1,1,10,10,53
30,002276#6,1,1,10,10,46
30,002331#2,1,1,10,10,49
30,002331#3,1,1,10,10,37
30,002331#4,1,1,10,10,75
30,002331#16,1,1,10,10,14
30,002331#18,1,1,8,10,21
30,002334#1,1,1,10,10,11
30,002334#8,1,1,10,10,56
30,002334#9,1,1,10,10,18
30,002338#0,1,1,10,10,62
30,002338#1,1,1,10,10,70
30,002338#4,1,1,10,10,73
30,002338#5,1,1,10,10,44
30,002357#0,1,1,10,10,23
30,002357#1,1,1,10,10,35
30,002357#2,1,1,10,10,72
30,002357#3,1,1,10,10,43
30,002359#0,1,1,10,10,29
30,002359#1,1,1,10,10,43
30,002359#2,1,1,10,10,45
30,002359#3,1,1,10,10,27
30,002378#0,1,1,10,10,34
30,002378#1,1,1,10,10,11
30,002378#3,1,1,10,10,66
30,002378#5,1,1,10,10,73
30,002378#6,1,1,10,10,19
30,002380#2,1,1,10,10,77
30,002380#3,1,1,10,10,55
30,002380#4,1,1,10,10,19
30,002380#5,1,1,8,10,8
30,002380#6,1,1,10,10,45
30,002380#7,1,1,10,10,14
30,002380#8,1,1,10,10,15
30,002380#9,1,1,10,10,25
30,002413#0,1,1,10,10,23
30,002517#1,1,1,10,10,48
30,002517#2,1,1,10,10,16
30,002517#4,1,1,10,10,23
30,002517#5,1,1,10,10,76
30,002584#4,1,1,7,10,11
30,002584#6,1,1,10,10,11
30,002625#6,1,1,10,10,17
30,002625#8,1,1,10,10,26
30,002625#10,1,1,10,10,27
30,002625#13,1,1,10,10,22
30,002625#14,1,1,10,10,73
30,002625#18,1,1,10,10,29
30,002625#19,1,1,9,10,13
30,002625#20,1,1,10,10,70
30,002625#21,1,1,10,10,82
30,002625#22,1,1,10,10,36
30,002625#23,1,1,10,10,34
30,002625#24,1,1,10,10,65
30,002625#25,1,1,10,10,11
30,002625#26,1,1,10,10,48
30,002625#27,1,1,3,10,25
30,002625#28,1,1,10,10,37
30,002625#29,1,1,10,10,63
30,002625#30,1,1,10,10,23
30,002625#31,1,1,10,10,34
30,002625#32,1,1,10,10,45
30,002625#33,1,1,10,10,12
30,002627#5,1,1,10,10,20
30,002627#7,1,1,10,10,17
30,002627#11,1,1,9,10,74
30,002627#12,1,1,10,10,32
30,002627#15,1,1,10,10,69
30,002627#17,1,1,10,10,73
30,002627#18,1,1,10,10,74
30,002627#19,1,1,10,10,18
30,002627#22,1,1,10,10,87
30,002627#23,1,1,10,10,71
30,002627#26,1,1,10,10,80
30,002627#27,1,1,10,10,81
30,002627#28,1,1,10,10,48
30,002627#30,1,1,10,10,39
30,002627#31,1,1,10,10,50
30,002627#32,1,1,10,10,55
30,002671#7,1,1,10,10,51
30,002671#9,1,1,10,10,25
30,002671#11,1,1,10,10,39
30,002671#12,1,1,10,10,63
30,002671#13,1,1,10,10,45
30,002671#14,1,1,10,10,30
30,002671#15,1,1,10,10,30
30,002671#16,1,1,10,10,18
30,002671#17,1,1,10,10,45
30,002671#18,1,1,10,10,18
30,002671#19,1,1,10,10,57
30,002671#20,1,1,10,10,46
30,002671#21,1,1,10,10,23
30,002671#22,1,1,10,10,23
30,002671#23,1,1,10,10,46
30,002671#24,1,1,10,10,59
30,002677#0,1,1,10,10,63
30,002677#1,1,1,10,10,40
30,002677#16,1,1,10,10,14
30,002677#17,1,1,10,10,24
30,002677#18,1,1,10,10,76
30,002707#11,1,1,10,10,22
30,002707#12,1,1,10,10,25
30,002707#13,1,1,10,10,62
30,002750#1,1,1,10,10,15
30,002750#4,1,1,10,10,42
30,002750#12,1,1,10,10,13
30,002750#13,1,1,8,10,12
30,002750#14,1,1,10,10,10
30,002750#16,1,1,8,10,8
30,002750#18,1,1,10,10,14
30,002750#19,1,1,10,10,22
30,002750#20,1,1,10,10,28
30,002750#21,1,1,10,10,28
30,002750#22,1,1,10,10,53
30,002750#23,1,1,10,10,25
30,002750#25,1,1,10,10,51
30,002762#1,1,1,10,10,17
30,002839#1,1,1,10,10,21
30,002839#2,1,1,10,10,25
30,002839#3,1,1,10,10,48
30,002839#4,1,1,10,10,31
30,002842#3,1,1,10,10,25
30,002842#4,1,1,10,10,21
30,002844#1,1,1,10,10,42
30,002844#2,1,1,10,10,21
30,002844#3,1,1,10,10,38
30,002935#0,1,1,10,10,17
30,002935#1,1,1,9,10,13
30,002955#0,1,1,10,10,72
30,002955#1,1,1,10,10,47
30,002955#4,1,1,10,10,32
30,002955#5,1,1,10,10,21
30,002955#6,1,1,10,10,37
30,002955#7,1,1,10,10,68
30,002955#8,1,1,9,10,61
30,002955#9,1,1,10,10,11
30,002955#10,1,1,10,10,42
30,002955#11,1,1,10,10,42
30,002955#12,1,1,10,10,57
30,002955#13,1,1,10,10,67
30,002955#14,1,1,10,10,73
30,002955#16,1,1,10,10,49
30,002955#17,1,1,10,10,81
30,002955#20,1,1,10,10,15
30,002955#23,1,1,10,10,29
30,002955#24,1,1,7,10,7
30,002987#0,1,1,10,10,16
30,002987#1,1,1,9,10,9
30,002987#2,1,1,10,10,23
30,002987#3,1,1,10,10,14
30,002987#4,1,1,10,10,34
30,002987#6,1,1,10,10,64
30,002987#7,1,1,10,10,73
30,002987#8,1,1,10,10,28
30,002987#9,1,1,10,10,14
30,002987#10,1,1,10,10,15
30,002987#11,1,1,10,10,15
30,002987#12,1,1,8,10,8
30,002987#13,1,1,10,10,34
30,002987#14,1,1,10,10,20
30,002987#15,1,1,10,10,37
30,003007#6,1,1,9,10,9
30,003007#8,1,1,10,10,41
30,003007#9,1,1,10,10,24
30,003013#6,1,1,10,10,20
30,003017#4,1,1,10,10,12
30,003026#4,1,1,10,10,17
30,003056#1,1,1,10,10,24
30,003056#2,1,1,10,10,15
30,003056#3,1,1,10,10,15
30,003056#4,1,1,10,10,11
30,003056#7,1,1,10,10,38
30,003056#8,1,1,8,10,9
30,003056#9,1,1,10,10,27
30,003056#10,1,1,9,10,18
30,003056#11,1,1,10,10,61
30,003148#0,1,1,10,10,61
30,003148#2,1,1,10,10,63
30,003148#3,1,1,10,10,42
30,003148#6,1,1,10,10,47
30,003148#7,1,1,7,10,8
30,003148#8,1,1,7,10,8
30,003160#0,1,1,10,10,42
30,003160#1,1,1,10,10,28
30,003160#2,1,1,11,10,31
30,003160#3,1,1,6,10,27
30,003160#4,1,1,9,10,31
30,003160#5,1,1,10,10,84
30,003160#7,1,1,10,10,37
30,003160#8,1,1,10,10,69
30,003160#9,1,1,10,10,19
30,003160#11,1,1,10,10,78
30,003160#13,1,1,10,10,37
30,003160#14,1,1,10,10,11
30,003160#15,1,1,10,10,55
30,003160#17,1,1,10,10,43
30,003160#18,1,1,10,10,72
30,003160#19,1,1,10,10,26
30,003160#20,1,1,10,10,18
30,003160#21,1,1,10,10,46
30,003198#1,1,1,10,10,64
30,003198#4,1,1,10,10,42
30,003257#5,1,1,10,10,58
30,003262#0,1,1,10,10,28
30,003262#1,1,1,10,10,31
30,003262#4,1,1,10,10,27
30,003262#14,1,1,10,10,10
30,003262#16,1,1,9,10,10
30,003262#17,1,1,10,10,14
30,003262#21,1,1,9,10,16
30,003262#23,1,1,10,10,22
30,003262#24,1,1,10,10,18
30,003262#28,1,1,10,10,50
30,003262#29,1,1,4,10,7
30,003262#30,1,1,10,10,73
30,003273#1,1,1,10,10,73
30,003273#3,1,1,10,10,68
30,003273#4,1,1,10,10,45
30,003273#5,1,1,10,10,12
30,003273#6,1,1,10,10,87
30,003273#8,1,1,10,10,35
30,003273#9,1,1,10,10,19
30,003273#10,1,1,10,10,42
30,003273#11,1,1,10,10,17
30,003273#13,1,1,10,10,20
30,003288#0,1,1,10,10,74
30,003288#3,1,1,10,10,37
30,003288#4,1,1,10,10,27
30,003288#5,1,1,10,10,20
30,003288#6,1,1,10,10,20
30,003288#7,1,1,10,10,16
30,003288#8,1,1,10,10,14
30,003288#9,1,1,10,10,16
30,003288#10,1,1,10,10,18
30,003288#11,1,1,10,10,14
30,003288#12,1,1,10,10,27
30,003288#13,1,1,10,10,33
30,003288#14,1,1,8,10,13
30,003288#16,1,1,10,10,21
30,003288#18,1,1,10,10,69
30,003304#0,1,1,10,10,42
30,003304#1,1,1,10,10,36
30,003304#2,1,1,10,10,14
30,003304#3,1,1,10,10,48
30,003304#4,1,1,10,10,20
30,003304#8,1,1,10,10,25
30,003304#9,1,1,10,10,41
30,003304#11,1,1,10,10,42
30,003304#12,1,1,10,10,30
30,003304#13,1,1,10,10,13
30,003317#1,1,1,7,10,29
30,003317#2,1,1,10,10,26
30,003317#3,1,1,10,10,29
30,003317#5,1,1,10,10,50
30,003317#6,1,1,10,10,23
30,003317#7,1,1,10,10,27
30,003317#8,1,1,10,10,49
30,003317#9,1,1,10,10,30
30,003317#12,1,1,10,10,12
30,003317#14,1,1,10,10,55
30,003317#15,1,1,10,10,70
30,003317#16,1,1,10,10,43
30,003348#0,1,1,10,10,30
30,003353#0,1,1,10,10,14
30,003408#1,1,1,10,10,22
30,003411#0,1,1,10,10,41
30,003411#1,1,1,10,10,52
30,003411#2,1,1,10,10,57
30,003411#3,1,1,10,10,50
30,003419#0,1,1,10,10,84
30,003419#5,1,1,10,10,22
30,003419#13,1,1,10,10,24
30,003419#14,1,1,10,10,30
30,003419#17,1,1,8,10,30
30,003419#18,1,1,10,10,34
30,003419#19,1,1,10,10,18
30,003419#21,1,1,10,10,36
30,003425#5,1,1,10,10,17
30,003425#6,1,1,10,10,13
30,003425#7,1,1,10,10,11
30,003425#10,1,1,10,10,18
30,003425#12,1,1,10,10,44
30,003425#13,1,1,10,10,46
30,003460#0,1,1,10,10,26
30,003460#1,1,1,10,10,64
30,003460#3,1,1,10,10,80
30,003460#5,1,1,10,10,25
30,003460#6,1,1,10,10,73
30,003472#0,1,1,10,10,31
30,003472#1,1,1,10,10,68
30,003472#2,1,1,10,10,20
30,003472#3,1,1,10,10,71
30,003475#1,1,1,10,10,41
30,003475#2,1,1,10,10,22
30,003475#3,1,1,10,10,51
30,003475#5,1,1,10,10,46
30,003475#6,1,1,10,10,70
30,003475#10,1,1,10,10,21
30,003475#11,1,1,10,10,31
30,003487#0,1,1,10,10,53
30,003487#2,1,1,10,10,62
30,003489#0,1,1,10,10,24
30,003489#2,1,1,10,10,31
30,003489#3,1,1,10,10,55
30,003489#4,1,1,10,10,25
30,003489#5,1,1,10,10,35
30,003489#9,1,1,10,10,26
30,003489#14,1,1,10,10,37
30,003526#0,1,1,10,10,18
30,003526#3,1,1,10,10,13
30,003532#0,1,1,10,10,18
30,003532#1,1,1,10,10,42
30,003546#0,1,1,10,10,27
30,003546#1,1,1,10,10,28
30,003546#2,1,1,10,10,37
30,003592#0,1,1,10,10,23
30,003592#1,1,1,10,10,23
30,003592#2,1,1,10,10,31
30,003592#3,1,1,10,10,20
30,003595#3,1,1,10,10,27
30,003595#4,1,1,10,10,30
30,003595#5,1,1,10,10,21
30,003595#6,1,1,10,10,46
30,003603#3,1,1,10,10,32
30,003653#3,1,1,10,10,15
30,003653#5,1,1,10,10,20
30,003653#6,1,1,10,10,18
30,003653#7,1,1,10,10,14
30,003653#8,1,1,10,10,11
30,003653#9,1,1,10,10,12
30,003653#11,1,1,10,10,36
30,003653#12,1,1,10,10,51
30,003653#14,1,1,8,10,8
30,003653#16,1,1,8,10,9
30,003653#17,1,1,10,10,26
30,003653#18,1,1,8,10,8
30,003679#4,1,1,10,10,50
30,003679#5,1,1,10,10,27
30,003679#7,1,1,10,10,25
30,003679#8,1,1,10,10,32
30,003703#0,1,1,10,10,50
30,003739#0,1,1,10,10,30
30,003739#1,1,1,10,10,35
30,003739#2,1,1,10,10,17
30,003739#3,1,1,10,10,11
30,003739#5,1,1,10,10,16
30,003739#6,1,1,10,10,12
30,003739#7,1,1,10,10,26
30,003739#8,1,1,10,10,16
30,003757#0,1,1,10,10,76
30,003757#7,1,1,10,10,27
30,003757#8,1,1,9,10,10
30,003757#10,1,1,10,10,21
30,003757#14,1,1,10,10,13
30,003757#15,1,1,10,10,15
30,003757#16,1,1,10,10,11
30,003769#0,1,1,10,10,56
30,003838#0,1,1,10,10,72
30,003863#1,1,1,10,10,21
30,003863#3,1,1,10,10,17
30,003863#5,1,1,10,10,33
30,003863#7,1,1,10,10,24
30,003863#9,1,1,10,10,13
30,003863#10,1,1,10,10,12
30,003863#11,1,1,10,10,18
30,003895#2,1,1,10,10,55
30,003896#0,1,1,10,10,43
30,003896#1,1,1,10,10,19
30,003902#0,1,1,10,10,41
30,003902#1,1,1,10,10,15
30,003902#3,1,1,10,10,18
30,003902#4,1,1,10,10,30
30,003902#5,1,1,10,10,18
30,003902#6,1,1,10,10,41
30,003904#0,1,1,10,10,33
30,003904#1,1,1,10,10,19
30,003941#0,1,1,10,10,27
30,003941#1,1,1,10,10,17
30,003941#3,1,1,10,10,12
30,003941#5,1,1,10,10,25
30,003941#7,1,1,10,10,20
30,003941#8,1,1,10,10,26
30,003941#10,1,1,10,10,17
30,003941#11,1,1,10,10,26
30,003941#12,1,1,10,10,17
30,003941#13,1,1,10,10,20
30,003941#14,1,1,10,10,18
30,003941#15,1,1,10,10,22
30,003941#16,1,1,10,10,69
30,003941#20,1,1,10,10,10
30,003941#21,1,1,10,10,25
30,003941#22,1,1,10,10,13
30,003941#24,1,1,10,10,37
30,003941#25,1,1,10,10,18
30,003941#26,1,1,10,10,21
30,003941#27,1,1,10,10,18
30,003941#29,1,1,10,10,17
30,003941#30,1,1,10,10,34
30,003982#5,1,1,10,10,26
30,003982#6,1,1,10,10,15
30,003982#8,1,1,10,10,13
30,003982#11,1,1,10,10,19
30,003982#14,1,1,10,10,29
30,003982#19,1,1,6,10,9
30,003982#20,1,1,6,10,10
30,003982#23,1,1,10,10,25
30,003982#24,1,1,10,10,10
30,003982#30,1,1,10,10,12
30,003982#32,1,1,10,10,14
30,003982#34,1,1,10,10,11
30,003982#36,1,1,10,10,46
30,003982#41,1,1,9,10,10
30,003982#42,1,1,10,10,11
30,003982#43,1,1,10,10,13
30,003982#47,1,1,10,10,57
30,003982#48,1,1,10,10,16
30,003982#49,1,1,10,10,69
30,003982#50,1,1,10,10,34
30,003982#53,1,1,7,10,10
30,003982#57,1,1,10,10,18
30,003982#58,1,1,10,10,18
30,003982#60,1,1,10,10,16
30,003982#61,1,1,10,10,15
30,003982#62,1,1,10,10,17
30,003987#5,1,1,10,10,32
30,003987#6,1,1,10,10,28
30,003987#10,1,1,10,10,66
30,003987#11,1,1,10,10,71
30,003987#15,1,1,10,10,33
30,003987#16,1,1,10,10,42
30,003987#23,1,1,7,10,11
30,003987#27,1,1,10,10,11
30,003987#35,1,1,10,10,26
30,003987#38,1,1,10,10,19
30,003987#39,1,1,10,10,17
30,003987#40,1,1,10,10,16
30,003987#41,1,1,10,10,13
30,003987#43,1,1,10,10,10
30,003987#46,1,1,8,10,8
30,003987#47,1,1,10,10,15
30,003987#49,1,1,10,10,12
30,003987#50,1,1,10,10,15
30,003987#51,1,1,10,10,15
30,003987#52,1,1,10,10,10
30,003987#53,1,1,10,10,19
30,003987#55,1,1,10,10,31
30,hehe_173_000002_024_00000105#2,0,1,0,10,11
30,hehe_173_000002_024_00000105#4,1,1,5,10,11
30,hehe_173_000002_024_00000105#6,1,1,11,10,23
30,hehe_173_000002_024_00000105#7,1,1,10,10,15
30,hehe_173_000002_024_00000105#9,1,1,10,10,31
30,hehe_173_000002_024_00000105#10,1,1,10,10,25
30,hehe_173_000002_024_00000105#11,1,1,9,10,11
30,hehe_173_000002_024_00000105#13,1,1,10,10,31
30,hehe_173_000002_024_00000105#15,1,1,10,10,76
30,hehe_186_000002_028_00000050#1,1,1,10,10,77
30,hehe_22_00000004#0,1,1,10,10,29
30,hehe_22_00000004#2,1,1,10,10,23
30,hehe_22_00000004#4,1,1,10,10,69
30,hehe_22_00000004#6,1,1,10,10,57
30,hehe_22_00000004#7,1,1,10,10,70
30,hehe_22_00000004#9,1,1,7,10,11
30,hehe_230_000002_043_00000061#1,1,1,10,10,69
30,hehe_230_000002_043_00000061#6,1,1,10,10,62
30,hehe_230_000002_043_00000061#7,1,1,10,10,58
30,hehe_230_000002_043_00000061#10,1,1,10,10,31
30,hehe_230_000002_043_00000061#11,1,1,10,10,37
30,hehe_230_000002_043_00000061#13,1,1,10,10,19
30,hehe_230_000002_043_00000061#14,1,1,6,10,12
30,hehe_232_000002_043_00000181#0,1,1,8,10,8
30,hehe_232_000002_043_00000181#1,1,1,10,10,22
30,hehe_232_000002_043_00000181#2,1,1,10,10,57
30,hehe_232_000002_043_00000181#3,1,1,10,10,36
30,hehe_232_000002_043_00000181#8,1,1,10,10,57
30,hehe_274_000002_060_00000105#1,1,1,10,10,67
30,hehe_274_000002_060_00000105#5,1,1,10,10,28
30,hehe_274_000002_060_00000105#6,1,1,10,10,11
30,hehe_40_00000033#1,1,1,10,10,26
30,hehe_40_00000033#2,1,1,10,10,46
30,hehe_40_00000033#3,1,1,1,10,40
30,hehe_40_00000033#5,1,1,10,10,40
30,hehe_45_00000001#2,1,1,10,10,42
30,hehe_45_00000001#4,1,1,10,10,28
30,hehe_45_00000001#5,1,1,10,10,49
30,hehe_45_00000001#6,1,1,10,10,40
30,hehe_45_00000001#7,1,1,10,10,60
30,hehe_45_00000001#8,1,1,10,10,34
30,hehe_45_00000001#9,1,1,10,10,46
30,hehe_52_00000107#0,1,1,10,10,19
30,hehe_52_00000107#1,1,1,8,10,8
30,hehe_61_00000090#2,1,1,10,10,76
30,hehe_61_00000090#3,1,1,10,10,39
30,hehe_61_00000090#4,1,1,10,10,20
30,hehe_61_00000090#9,1,1,10,10,64
30,hehe_61_00000090#10,1,1,10,10,50
30,hehe_61_00000090#11,1,1,10,10,84
30,hehe_65_00000229#2,1,1,10,10,59
30,hehe_65_00000229#3,1,1,10,10,32
30,hehe_65_00000229#4,1,1,10,10,30
30,hehe_65_00000229#6,1,1,10,10,16
30,hehe_65_00000229#7,1,1,10,10,21
30,hehe_6_00000054#0,1,1,10,10,12
30,hehe_6_00000054#2,1,1,10,10,35
30,hehe_6_00000054#3,1,1,10,10,32
30,hehe_6_00000054#4,1,1,10,10,27
30,hehe_6_00000054#6,1,1,10,10,76
30,hehe_6_00000054#13,1,1,9,10,74
30,hehe_6_00000054#16,1,1,10,10,32
30,hehe_6_00000054#17,1,1,10,10,38
30,hehe_86_00000253#0,1,1,10,10,45
30,hehe_86_00000253#3,1,1,10,10,58
30,hehe_87_00000315#1,1,1,10,10,39
30,hehe_87_00000315#2,1,1,10,10,40
30,hehe_87_00000315#3,1,1,10,10,33
30,hehe_87_00000315#4,1,1,10,10,20
30,hehe_87_00000315#5,1,1,10,10,30
30,hehe_87_00000315#6,1,1,9,10,14
30,shuming_1007_00000230#0,1,1,10,10,38
30,shuming_1007_00000230#3,1,1,10,10,43
30,shuming_1007_00000230#4,1,1,3,10,36
30,shuming_1007_00000230#5,1,1,10,10,46
30,shuming_1007_00000230#7,1,1,10,10,63
30,shuming_1007_00000230#10,1,1,10,10,62
30,shuming_1007_00000230#11,1,1,10,10,39
30,shuming_1007_00000230#12,1,1,10,10,34
30,shuming_1007_00000230#13,1,1,10,10,10
30,shuming_1007_00000230#14,1,1,5,10,7
30,shuming_1007_00000230#15,1,1,10,10,79
30,shuming_1007_00000230#16,1,1,10,10,47
30,shuming_1007_00000230#17,1,1,10,10,19
30,shuming_1007_00000230#18,1,1,9,10,13
30,shuming_1007_00000230#20,1,1,10,10,20
30,shuming_1007_00000230#21,1,1,10,10,69
30,shuming_1007_00000230#22,1,1,10,10,27
30,shuming_1007_00000230#23,1,1,10,10,22
30,shuming_1013_00000065#0,1,1,10,10,87
30,shuming_1013_00000065#1,1,1,10,10,41
30,shuming_1013_00000065#3,1,1,10,10,26
30,shuming_1028_00000411#3,1,1,10,10,55
30,shuming_1028_00000411#4,1,1,10,10,10
30,shuming_1028_00000411#5,1,1,10,10,15
30,shuming_1064_00000087#0,1,1,10,10,34
30,shuming_1064_00000087#1,1,1,10,10,55
30,shuming_1064_00000087#2,1,1,10,10,56
30,shuming_1064_00000087#3,1,1,10,10,72
30,shuming_1064_00000087#4,1,1,10,10,69
30,shuming_1064_00000087#6,1,1,10,10,26
30,shuming_1064_00000087#7,1,1,10,10,54
30,shuming_1064_00000087#8,1,1,10,10,86
30,shuming_1076_00000257#1,1,1,10,10,31
30,shuming_1076_00000257#2,1,1,10,10,29
30,shuming_1076_00000257#3,1,1,10,10,20
30,shuming_1076_00000257#4,1,1,10,10,19
30,shuming_1076_00000257#5,1,1,10,10,23
30,shuming_1079_00000233#3,1,1,10,10,18
30,shuming_1079_00000233#4,1,1,10,10,12
30,shuming_1079_00000233#6,1,1,10,10,35
30,shuming_1080_00000016#0,1,1,10,10,72
30,shuming_1080_00000016#4,1,1,10,10,10
30,shuming_1132_00000385#2,1,1,10,10,29
30,shuming_1132_00000385#3,1,1,6,10,32
30,shuming_1132_00000385#4,1,1,10,10,25
30,shuming_1135_00000213#0,1,1,10,10,76
30,shuming_1148_00000041#0,1,1,10,10,74
30,shuming_1157_00000010#0,1,1,10,10,72
30,shuming_1157_00000010#1,1,1,10,10,32
30,shuming_1157_00000010#2,1,1,10,10,18
30,shuming_1180_00000231#3,1,1,10,10,49
30,shuming_24_00000001#0,1,1,10,10,40
30,shuming_24_00000001#1,1,1,10,10,62
30,shuming_340_00000020#1,1,1,10,10,21
30,shuming_340_00000020#19,1,1,10,10,11
30,shuming_340_00000020#22,1,1,7,10,7
30,shuming_340_00000020#23,1,1,10,10,12
30,shuming_340_00000020#26,1,1,9,10,9
30,shuming_340_00000020#30,1,1,9,10,9
30,shuming_340_00000020#31,1,1,10,10,12
30,shuming_340_00000020#38,1,1,10,10,10
30,shuming_35_00000199#0,1,1,10,10,73
30,shuming_35_00000199#3,1,1,10,10,36
30,shuming_35_00000199#4,1,1,10,10,26
30,shuming_35_00000199#5,1,1,3,10,87
30,shuming_35_00000199#6,1,1,10,10,18
30,shuming_35_00000199#8,1,1,10,10,14
30,shuming_35_00000199#9,1,1,8,10,8
30,shuming_35_00000199#11,1,1,10,10,39
30,shuming_410_00000037#0,1,1,6,10,7
30,shuming_410_00000037#9,1,1,10,10,45
30,shuming_461_00000082#0,1,1,10,10,53
30,shuming_461_00000082#2,1,1,10,10,42
30,shuming_461_00000082#3,1,1,10,10,31
30,shuming_461_00000082#4,1,1,10,10,14
30,shuming_461_00000082#5,1,1,10,10,11
30,shuming_465_00000030#0,1,1,10,10,10
30,shuming_465_00000030#2,1,1,10,10,56
30,shuming_465_00000030#3,1,1,10,10,15
30,shuming_470_00000057#3,1,1,10,10,43
30,shuming_470_00000057#4,1,1,10,10,23
30,shuming_482_00000018#3,1,1,10,10,53
30,shuming_482_00000018#4,1,1,10,10,44
30,shuming_482_00000018#5,1,1,10,10,62
30,shuming_485_00000027#3,1,1,10,10,16
30,shuming_485_00000027#4,1,1,10,10,52
30,shuming_503_00000052#0,1,1,10,10,32
30,shuming_503_00000052#1,1,1,10,10,26
30,shuming_562_00000223#2,1,1,10,10,76
30,shuming_571_00000215#0,1,1,10,10,56
30,shuming_571_00000215#1,1,1,10,10,46
30,shuming_574_00000017#0,1,1,10,10,63
30,shuming_608_00000031#1,1,1,10,10,19
30,shuming_608_00000031#2,1,1,10,10,30
30,shuming_608_00000031#3,1,1,10,10,35
30,shuming_608_00000031#4,1,1,10,10,11
30,shuming_610_00000148#0,1,1,10,10,50
30,shuming_63_00000393#3,1,1,10,10,15
30,shuming_63_00000393#4,1,1,10,10,17
30,shuming_63_00000393#5,1,1,9,10,9
30,shuming_63_00000393#6,1,1,10,10,23
30,shuming_63_00000393#7,1,1,10,10,21
30,shuming_63_00000393#8,1,1,10,10,23
30,shuming_63_00000393#9,1,1,10,10,20
30,shuming_663_00000328#2,1,1,10,10,50
30,shuming_663_00000328#3,1,1,10,10,40
30,shuming_67_00000001#1,1,1,10,10,55
30,shuming_67_00000001#2,1,1,10,10,18
30,shuming_698_00000001#0,1,1,10,10,11
30,shuming_698_00000001#1,1,1,5,10,13
30,shuming_698_00000001#2,1,1,10,10,17
30,shuming_698_00000001#3,1,1,10,10,20
30,shuming_698_00000001#4,1,1,10,10,15
30,shuming_698_00000001#5,1,1,10,10,14
30,shuming_698_00000001#7,1,1,10,10,26
30,shuming_698_00000001#8,1,1,10,10,17
30,shuming_698_00000001#9,1,1,10,10,14
30,shuming_698_00000001#10,1,1,10,10,13
30,shuming_698_00000001#11,1,1,10,10,13
30,shuming_698_00000001#12,1,1,10,10,15
30,shuming_698_00000001#13,1,1,10,10,14
30,shuming_698_00000001#14,1,1,10,10,12
30,shuming_698_00000001#15,1,1,10,10,15
30,shuming_698_00000001#16,1,1,10,10,15
30,shuming_698_00000001#17,1,1,10,10,23
30,shuming_698_00000001#18,1,1,10,10,18
30,shuming_698_00000001#19,1,1,10,10,19
30,shuming_698_00000001#20,1,1,10,10,22
30,shuming_698_00000001#21,1,1,10,10,24
30,shuming_698_00000001#22,1,1,10,10,18
30,shuming_698_00000001#23,1,1,10,10,35
30,shuming_698_00000001#25,1,1,10,10,64
30,shuming_706_00000375#0,1,1,8,10,41
30,shuming_706_00000375#2,1,1,10,10,32
30,shuming_706_00000375#3,1,1,8,10,17
30,shuming_706_00000375#4,1,1,10,10,52
30,shuming_72_00000270#19,1,1,10,10,54
30,shuming_72_00000270#20,1,1,10,10,22
30,shuming_72_00000270#22,1,1,10,10,48
30,shuming_72_00000270#24,1,1,10,10,20
30,shuming_731_00000492#0,1,1,10,10,32
30,shuming_731_00000492#1,1,1,10,10,26
30,shuming_731_00000492#3,1,1,10,10,60
30,shuming_731_00000492#5,1,1,10,10,69
30,shuming_753_00000172#0,1,1,10,10,12
30,shuming_758_00000371#0,1,1,10,10,52
30,shuming_763_00000009#2,1,1,10,10,15
30,shuming_774_00000273#3,1,1,10,10,63
30,shuming_774_00000273#5,1,1,10,10,31
30,shuming_779_00000254#1,1,1,10,10,63
30,shuming_779_00000254#5,1,1,10,10,80
30,shuming_783_00000248#0,1,1,10,10,81
30,shuming_783_00000248#2,1,1,10,10,66
30,shuming_793_00000117#2,1,1,10,10,31
30,shuming_825_00000172#1,1,1,10,10,13
30,shuming_825_00000172#2,1,1,7,10,7
30,shuming_825_00000172#3,1,1,10,10,16
30,shuming_826_00000213#1,1,1,10,10,14
30,shuming_826_00000213#2,1,1,10,10,18
30,shuming_826_00000213#3,1,1,9,10,9
30,shuming_85_00000273#4,1,1,10,10,11
30,shuming_987_00000275#1,1,1,10,10,41
30,shuming_987_00000275#2,1,1,10,10,23
30,shuming_987_00000275#3,1,1,10,10,19
30,shuming_987_00000275#4,1,1,10,10,21
30,shuming_987_00000275#5,1,1,10,10,10
30,00000045#1,1,1,10,10,242
30,00000045#2,1,1,10,10,88
30,00000045#3,1,1,10,10,105
30,00000045#6,1,1,10,10,286
30,00000045#7,1,1,10,10,279
30,00000057#1,1,1,10,10,225
30,00000057#2,1,1,10,10,88
30,00000057#3,1,1,10,10,111
30,00000057#5,1,1,10,10,133
30,00000063#1,1,1,10,10,279
30,00000063#2,1,1,10,10,90
30,00000063#3,1,1,10,10,107
30,00000063#5,1,1,10,10,208
30,00000095#1,1,1,10,10,279
30,00000095#2,1,1,10,10,114
30,00000095#3,1,1,10,10,105
30,00000106#1,1,1,10,10,245
30,00000106#2,1,1,10,10,135
30,00000106#3,1,1,10,10,122
30,00000106#5,1,1,10,10,157
30,00000123#1,1,1,10,10,196
30,00000123#2,1,1,10,10,87
30,00000123#3,1,1,10,10,190
30,00000123#5,1,1,10,10,108
30,00000171#0,1,1,10,10,120
30,00000180#0,1,1,10,10,136
30,00000234#1,1,1,10,10,108
30,00000257#0,1,1,10,10,93
30,00000271#0,1,1,10,10,118
30,00000271#1,1,1,10,10,132
30,00000273#0,1,1,10,10,84
30,00000273#1,1,1,10,10,99
30,000002_080_00000048#0,1,1,10,10,69
30,000002_083_00000169#0,1,1,10,10,14
30,000002_083_00000169#1,1,1,10,10,26
30,000002_083_00000169#2,1,1,10,10,36
30,00000346#0,1,1,10,10,381
30,00000364#0,1,1,10,10,210
30,00000396#0,1,1,10,10,111
30,00000399#0,1,1,10,10,82
30,000003_081_00000171#10,1,1,10,10,76
30,000003_081_00000171#11,1,1,10,10,82
30,00000426#0,1,1,10,10,653
30,00000506#0,1,1,10,10,117
30,000005_004_00000286#4,1,1,10,10,62
30,000005_006_00000001#1,1,1,10,10,68
30,000005_006_00000001#2,1,1,10,10,25
30,000005_019_00000209#0,1,1,10,10,43
30,000005_019_00000209#1,1,1,10,10,31
30,000005_019_00000209#2,1,1,10,10,59
30,000005_027_00000493#1,1,1,10,10,34
30,000005_027_00000493#2,1,1,10,10,38
30,000005_027_00000493#3,1,1,10,10,49
30,000005_027_00000493#4,1,1,10,10,21
30,000005_027_00000493#5,1,1,10,10,25
30,000005_027_00000493#6,1,1,10,10,20
30,000005_027_00000493#7,1,1,10,10,26
30,000005_027_00000493#8,1,1,10,10,74
30,000005_028_00000001#2,1,1,10,10,77
30,000005_028_00000163#2,1,1,10,10,31
30,00000618#2,1,1,10,10,101
30,000006_010_00000389#4,1,1,10,10,58
30,000006_011_00000307#3,1,1,10,10,25
30,000006_011_00000409#8,1,1,10,10,40
30,000006_011_00000409#10,1,1,10,10,54
30,000006_012_00000001#3,1,1,10,10,38
30,000006_012_00000001#6,1,1,10,10,63
30,000006_012_00000001#11,1,1,10,10,69
30,000006_012_00000001#12,1,1,10,10,33
30,000008_003_00000235#1,1,1,10,10,76
30,000008_003_00000235#2,1,1,10,10,59
30,000008_003_00000235#3,1,1,10,10,81
30,000008_003_00000235#4,1,1,10,10,66
30,000008_003_00000235#5,1,1,10,10,68
30,000008_003_00000235#10,1,1,10,10,68
30,000008_003_00000235#11,1,1,10,10,16
30,000008_003_00000352#1,1,1,10,10,66
30,000008_003_00000352#3,1,1,10,10,80
30,000008_003_00000352#5,1,1,10,10,74
30,000008_003_00000352#7,1,1,10,10,75
30,000008_003_00000352#8,1,1,10,10,75
30,000008_003_00000352#9,1,1,10,10,76
30,000008_003_00000352#10,1,1,10,10,64
30,000008_003_00000352#12,1,1,10,10,74
30,000008_003_00000352#13,1,1,10,10,16
30,000008_003_00000469#0,1,1,10,10,85
30,000008_003_00000469#1,1,1,10,10,70
30,000008_003_00000469#2,1,1,10,10,67
30,000008_003_00000469#3,1,1,10,10,78
30,000008_003_00000469#4,1,1,10,10,85
30,000008_003_00000469#6,1,1,10,10,89
30,000008_003_00000469#9,1,1,10,10,31
30,000008_003_00000469#10,1,1,10,10,18
30,000008_004_00000665#2,1,1,10,10,34
30,000008_004_00000665#4,1,1,10,10,39
30,000008_004_00000665#11,1,1,10,10,52
30,000008_004_00000665#12,1,1,10,10,63
30,000008_004_00000665#13,1,1,10,10,37
30,000008_013_00000195#1,1,1,10,10,66
30,000008_013_00000195#2,1,1,10,10,60
30,000008_042_00000273#1,1,1,10,10,40
30,000008_045_00000001#0,1,1,10,10,48
30,000008_045_00000001#2,1,1,10,10,70
30,000008_045_00000001#3,1,1,10,10,14
30,000008_045_00000157#0,1,1,10,10,80
30,000008_045_00000157#4,1,1,10,10,17
30,000008_048_00000361#3,1,1,10,10,42
30,000008_048_00000361#4,1,1,10,10,36
30,000008_048_00000361#5,1,1,8,10,29
30,000009_008_00000241#3,1,1,10,10,78
30,000009_008_00000241#5,1,1,10,10,69
30,000009_008_00000241#6,1,1,10,10,29
30,000009_008_00000241#7,1,1,10,10,76
30,000009_008_00000241#9,1,1,10,10,84
30,000009_033_00000333#1,1,1,10,10,16
30,000009_033_00000333#2,1,1,10,10,38
30,000009_033_00000333#3,1,1,10,10,38
30,000009_033_00000333#4,1,1,10,10,36
30,000009_033_00000333#6,1,1,10,10,51
30,000012_008_00000163#3,1,1,10,10,67
30,000012_008_00000163#4,1,1,10,10,55
30,000012_008_00000163#5,1,1,10,10,48
30,000012_008_00000163#6,1,1,10,10,60
30,000012_008_00000163#8,1,1,10,10,74
30,000012_008_00000163#10,1,1,10,10,17
30,000012_008_00000163#11,1,1,10,10,26
30,000012_008_00000163#12,1,1,10,10,27
30,000012_008_00000163#13,1,1,10,10,15
30,000012_008_00000163#14,1,1,10,10,11
30,000012_009_00000244#1,1,1,10,10,71
30,000012_009_00000244#3,1,1,10,10,68
30,000012_009_00000244#4,1,1,10,10,40
30,000012_009_00000244#5,1,1,10,10,45
30,000012_009_00000244#6,1,1,10,10,21
30,000012_009_00000244#7,1,1,10,10,13
30,000012_009_00000244#8,1,1,10,10,12
30,000012_009_00000244#9,1,1,10,10,14
30,000012_009_00000244#10,1,1,10,10,34
30,000012_009_00000244#11,1,1,10,10,18
30,000012_009_00000244#12,1,1,10,10,18
30,000012_009_00000244#13,1,1,10,10,19
30,000012_009_00000244#14,1,1,8,10,8
30,000012_009_00000325#3,1,1,10,10,82
30,000012_009_00000325#4,1,1,10,10,36
30,000012_009_00000325#5,1,1,10,10,43
30,000012_009_00000325#6,1,1,10,10,28
30,000012_009_00000325#7,1,1,10,10,17
30,000012_009_00000325#8,1,1,10,10,16
30,000012_009_00000325#9,1,1,7,10,8
30,000012_009_00000325#11,1,1,10,10,28
30,000012_009_00000325#12,1,1,10,10,15
30,000012_009_00000325#14,1,1,10,10,22
30,000012_009_00000325#15,1,1,3,10,19
30,000012_009_00000325#16,1,1,10,10,35
30,000012_014_00000184#0,1,1,10,10,33
30,000012_014_00000184#1,1,1,10,10,55
30,000012_014_00000184#3,1,1,10,10,26
30,000012_019_00000151#1,1,1,10,10,59
30,000012_019_00000151#2,1,1,10,10,14
30,000012_019_00000151#4,1,1,10,10,21
30,000012_019_00000151#5,1,1,10,10,14
30,000012_022_00000090#0,1,1,10,10,64
30,000012_022_00000090#1,1,1,10,10,23
30,000012_025_00000313#1,1,1,10,10,11
30,000012_025_00000313#2,1,1,10,10,11
30,000012_025_00000313#3,1,1,10,10,13
30,000012_025_00000313#4,1,1,7,10,7
30,000012_025_00000313#5,1,1,10,10,13
30,000012_025_00000313#6,1,1,8,10,8
30,000012_028_00000250#0,1,1,10,10,64
30,000012_028_00000250#1,1,1,10,10,56
30,000013_001_00000001#1,1,1,10,10,33
30,000013_001_00000001#2,1,1,10,10,34
30,000013_001_00000001#3,1,1,10,10,31
30,000013_002_00000281#1,1,1,10,10,31
30,000013_002_00000281#2,1,1,10,10,36
30,000013_002_00000281#3,1,1,10,10,20
30,000013_023_00000075#1,1,1,10,10,56
30,000013_023_00000075#2,1,1,10,10,68
30,000013_025_00000285#0,1,1,10,10,15
30,000013_025_00000285#1,1,1,10,10,56
30,000013_025_00000285#2,1,1,10,10,20
30,000013_030_00000063#0,1,1,10,10,21
30,000013_030_00000063#1,1,1,10,10,68
30,000013_039_00000063#0,1,1,10,10,41
30,000013_039_00000063#1,1,1,10,10,32
30,000013_039_00000063#3,1,1,10,10,26
30,000013_039_00000063#5,1,1,8,10,8
30,000013_040_suppl_00000167#0,1,1,10,10,79
30,000013_040_suppl_00000333#1,1,1,10,10,50
30,000013_040_suppl_00000333#3,1,1,10,10,80
30,000013_040_suppl_00000333#4,1,1,8,10,8
30,000013_044_00000001#0,1,1,10,10,24
30,000013_044_00000001#1,1,1,10,10,31
30,000013_044_00000001#2,0,1,0,10,72
30,000013_044_00000001#4,0,1,0,10,38
30,000013_044_00000001#5,1,1,10,10,72
30,000013_044_00000001#7,1,1,10,10,62
30,000013_048_00000001#0,1,1,10,10,46
30,000013_048_00000001#1,1,1,9,10,60
30,000013_048_00000001#3,0,1,0,10,49
30,000013_048_00000001#4,1,1,1,10,69
30,000013_056_00000281#2,1,1,10,10,49
30,000013_056_00000281#3,1,1,10,10,16
30,000013_056_00000281#4,1,1,10,10,21
30,000013_056_00000281#6,1,1,10,10,11
30,000013_056_00000281#7,1,1,10,10,12
30,000013_056_00000281#8,1,1,10,10,64
30,000013_056_00000281#9,1,1,10,10,43
30,000013_056_00000281#10,1,1,10,10,32
30,000014_012_00000217#1,1,1,10,10,41
30,000014_012_00000217#2,1,1,10,10,48
30,000014_050_00000273#3,1,1,10,10,47
30,000014_050_00000273#4,1,1,10,10,57
30,000014_050_00000273#5,1,1,10,10,26
30,000014_051_suppl_00000341#2,1,1,10,10,15
30,000014_052_00000131#2,1,1,10,10,22
30,000014_052_00000131#3,1,1,10,10,13
30,000015_004_00000268#0,1,1,10,10,27
30,000015_004_suppl_00000223#2,1,1,10,10,36
30,000016_043_suppl_00000292#1,1,1,10,10,21
30,000016_043_suppl_00000292#2,1,1,10,10,56
30,000016_043_suppl_00000292#4,1,1,10,10,30
30,000016_043_suppl_00000292#5,1,1,10,10,25
30,000016_043_suppl_00000292#6,1,1,10,10,45
30,000016_043_suppl_00000292#8,1,1,10,10,26
30,000016_043_suppl_00000292#9,1,1,10,10,32
30,000016_043_suppl_00000292#10,1,1,10,10,19
30,000016_043_suppl_00000292#11,1,1,10,10,27
30,000016_043_suppl_00000292#12,1,1,10,10,32
30,000016_043_suppl_00000292#14,1,1,10,10,70
30,000016_043_suppl_00000292#17,1,1,10,10,47
30,000016_043_suppl_00000292#20,1,1,10,10,23
30,000016_044_00000085#0,1,1,10,10,83
30,000016_044_00000085#1,1,1,10,10,62
30,000016_044_00000085#3,1,1,10,10,17
30,000016_044_00000085#4,1,1,10,10,65
30,000016_044_00000085#7,1,1,10,10,67
30,000016_044_00000085#10,1,1,10,10,78
30,000016_044_00000169#1,1,1,10,10,37
30,000016_044_00000169#2,1,1,10,10,36
30,000016_044_00000169#3,1,1,10,10,16
30,000016_044_00000169#5,1,1,10,10,15
30,000016_044_00000169#6,1,1,9,10,59
30,000016_044_00000169#8,1,1,10,10,88
30,000016_044_00000169#16,1,1,10,10,73
30,000016_044_00000169#17,1,1,10,10,65
30,000017_011_00000297#3,1,1,10,10,12
30,000017_011_00000297#5,1,1,10,10,68
30,000017_011_00000297#9,1,1,10,10,26
30,000017_011_00000297#10,1,1,10,10,86
30,000017_011_00000297#11,1,1,10,10,59
30,000017_011_00000297#13,1,1,10,10,43
30,000017_012_00000135#2,1,1,10,10,36
30,000017_020_00000214#0,1,1,10,10,21
30,000017_020_00000214#2,1,1,10,10,27
30,000017_020_suppl_00000356#0,1,1,10,10,20
30,000017_020_suppl_00000356#2,1,1,10,10,20
30,000018_006_00000063#0,1,1,10,10,66
30,000019_030_00000072#1,1,1,10,10,23
30,000019_030_00000072#2,1,1,10,10,72
30,000019_030_00000072#3,1,1,10,10,54
30,000019_030_00000072#4,1,1,10,10,21
30,000019_030_00000072#5,1,1,10,10,10
30,000019_038_00000205#2,1,1,10,10,20
30,000019_038_00000205#3,1,1,10,10,25
30,000019_038_00000205#4,1,1,10,10,21
30,000019_038_00000205#5,1,1,10,10,36
30,000019_038_00000205#6,1,1,10,10,84
30,000019_038_00000205#7,1,1,10,10,70
30,000019_038_00000205#8,1,1,10,10,82
30,000019_041_00000141#2,1,1,10,10,24
30,000019_045_00000145#4,1,1,10,10,46
30,000019_045_00000145#5,1,1,10,10,42
30,000019_045_00000145#7,1,1,4,10,67
30,000020_010_00000089#1,1,1,10,10,60
30,000020_010_00000089#5,1,1,8,10,9
30,000020_010_00000089#6,1,1,10,10,20
30,000020_010_00000089#7,1,1,7,10,8
30,000020_014_00000193#2,1,1,10,10,63
30,000020_014_00000193#3,1,1,10,10,76
30,000020_014_00000193#5,1,1,10,10,54
30,000020_014_00000193#6,1,1,10,10,77
30,000020_018_00000093#0,1,1,10,10,16
30,000020_018_00000093#1,1,1,10,10,24
30,000020_018_00000093#2,1,1,10,10,81
30,000020_018_00000093#3,1,1,10,10,42
30,000021_020_00000131#2,1,1,10,10,76
30,000023_005_00000070#1,1,1,10,10,32
30,000023_005_00000070#2,1,1,10,10,87
30,000023_005_00000070#3,1,1,10,10,63
30,000023_005_00000070#4,1,1,10,10,63
30,000023_005_00000070#5,1,1,10,10,18
30,000023_005_00000070#6,1,1,10,10,23
30,000031#0,1,1,10,10,53
30,000031#1,1,1,10,10,15
30,000031#2,1,1,8,10,8
30,000031#3,1,1,10,10,15
30,000031#6,1,1,10,10,24
30,000031#8,1,1,10,10,53
30,000031#10,1,1,10,10,16
30,000031#11,1,1,10,10,21
30,000066#0,1,1,10,10,31
30,000066#1,1,1,10,10,15
30,000066#2,1,1,9,10,61
30,000066#3,1,1,10,10,39
30,000070#0,1,1,10,10,28
30,000070#1,1,1,10,10,18
30,000070#2,1,1,10,10,52
30,000070#3,1,1,10,10,67
30,000173#1,1,1,10,10,27
30,000303#2,1,1,10,10,67
30,000303#6,1,1,10,10,30
30,000303#7,1,1,10,10,16
30,000328#1,1,1,10,10,58
30,000328#3,1,1,10,10,65
30,000415#1,1,1,10,10,14
30,000415#2,1,1,7,10,9
30,000415#4,1,1,10,10,22
30,000415#5,1,1,10,10,24
30,000415#6,1,1,10,10,12
30,000415#8,1,1,10,10,10
30,000415#10,1,1,10,10,13
30,000415#11,1,1,10,10,12
30,000415#13,1,1,10,10,21
30,000415#14,1,1,10,10,13
30,000415#15,1,1,10,10,17
30,000415#16,1,1,6,10,8
30,000415#17,1,1,9,10,10
30,000415#19,1,1,10,10,37
30,000433#7,1,1,10,10,57
30,000437#0,1,1,10,10,67
30,000437#1,1,1,10,10,75
30,000437#2,1,1,10,10,26
30,000437#5,1,1,10,10,48
30,000484#2,1,1,10,10,37
30,000484#3,1,1,10,10,55
30,000500#0,1,1,10,10,14
30,000500#1,1,1,9,10,9
30,000500#2,1,1,10,10,15
30,000525#0,1,1,10,10,14
30,000525#1,1,1,10,10,30
30,000525#2,1,1,10,10,35
30,000561#0,1,1,10,10,70
30,000561#3,1,1,10,10,63
30,000561#4,1,1,10,10,38
30,000597#2,1,1,10,10,62
30,000597#3,1,1,5,10,29
30,000630#0,1,1,10,10,14
30,000680#5,1,1,10,10,69
30,000707#1,1,1,10,10,13
30,000707#2,1,1,10,10,18
30,000707#3,1,1,9,10,9
30,000707#4,1,1,10,10,25
30,000707#5,1,1,10,10,20
30,000735#1,1,1,10,10,11
30,000738#0,1,1,10,10,26
30,000738#2,1,1,9,10,9
30,000738#3,1,1,10,10,36
30,000756#4,1,1,10,10,34
30,000759#2,1,1,10,10,34
30,000780#0,1,1,10,10,22
30,000780#3,1,1,10,10,90
30,000783#0,1,1,10,10,45
30,000783#1,1,1,10,10,42
30,000783#3,1,1,10,10,38
30,000783#4,1,1,10,10,26
30,000808#1,1,1,10,10,21
30,000820#2,1,1,10,10,58
30,000820#3,1,1,10,10,45
30,000820#4,1,1,10,10,25
30,000820#5,1,1,10,10,27
30,000820#7,1,1,8,10,8
30,000889#5,1,1,10,10,84
30,000889#6,1,1,10,10,40
30,000889#7,1,1,10,10,14
30,000889#8,1,1,10,10,15
30,000889#9,1,1,10,10,22
30,000889#13,1,1,10,10,24
30,000889#14,1,1,10,10,69
30,000943#0,1,1,10,10,16
30,000943#1,1,1,10,10,14
30,000943#2,1,1,10,10,64
30,000943#3,1,1,6,10,7
30,000943#4,1,1,6,10,7
30,000943#6,1,1,7,10,18
30,000943#7,1,1,10,10,23
30,000952#0,1,1,10,10,22
30,001033#1,1,1,10,10,15
30,001033#2,1,1,10,10,31
30,001033#3,1,1,10,10,41
30,001033#9,1,1,10,10,25
30,001033#10,1,1,10,10,21
30,001035#0,1,1,10,10,19
30,001035#1,1,1,10,10,53
30,001035#2,1,1,10,10,76
30,001035#7,1,1,10,10,40
30,001035#9,1,1,10,10,22
30,001035#10,1,1,10,10,63
30,001114#5,1,1,10,10,47
30,001114#6,1,1,10,10,40
30,001114#7,1,1,10,10,12
30,001114#8,1,1,10,10,26
30,001114#10,1,1,10,10,17
30,001123#0,1,1,10,10,31
30,001123#1,1,1,10,10,76
30,001123#2,1,1,10,10,77
30,001123#4,1,1,10,10,64
30,001123#5,1,1,10,10,42
30,001123#6,1,1,10,10,79
30,001123#7,1,1,10,10,86
30,001123#8,1,1,3,10,36
30,001123#9,1,1,10,10,56
30,001123#10,1,1,10,10,62
30,001123#11,1,1,10,10,66
30,001123#12,1,1,10,10,79
30,001123#13,1,1,10,10,31
30,001123#18,1,1,9,10,9
30,001123#19,1,1,9,10,10
30,001123#20,1,1,10,10,49
30,001123#21,1,1,10,10,32
30,001123#22,1,1,10,10,33
30,001135#4,1,1,10,10,64
30,001135#6,1,1,10,10,72
30,001135#7,1,1,9,10,14
30,001157#4,1,1,10,10,14
30,001157#5,1,1,10,10,30
30,001157#8,1,1,10,10,77
30,001157#9,1,1,10,10,68
30,001202#3,1,1,10,10,72
30,001202#4,1,1,10,10,78
30,001202#8,1,1,10,10,23
30,001202#10,1,1,10,10,56
30,001202#11,1,1,10,10,57
30,001202#12,1,1,10,10,42
30,001257#0,1,1,10,10,46
30,001257#3,1,1,10,10,69
30,001257#6,1,1,10,10,27
30,001257#9,1,1,10,10,27
30,001257#10,1,1,10,10,46
30,001257#11,1,1,10,10,31
30,001276#3,1,1,10,10,58
30,001276#7,1,1,10,10,30
30,001276#9,1,1,10,10,54
30,001276#10,1,1,10,10,27
30,001276#11,1,1,10,10,31
30,001276#12,1,1,10,10,25
30,001276#13,1,1,10,10,35
30,001276#14,1,1,10,10,50
30,001276#15,1,1,10,10,25
30,001295#0,1,1,10,10,30
30,001295#1,1,1,10,10,52
30,001295#3,1,1,10,10,10
30,001295#10,1,1,10,10,55
30,001295#11,1,1,10,10,24
30,001295#12,1,1,10,10,17
30,001295#13,1,1,10,10,28
30,001295#14,1,1,10,10,36
30,001295#15,1,1,10,10,24
30,001295#17,1,1,10,10,19
30,001295#18,1,1,10,10,15
30,001295#19,1,1,10,10,17
30,001295#20,1,1,10,10,16
30,001295#21,1,1,10,10,22
30,001295#22,1,1,10,10,26
30,001295#24,1,1,10,10,26
30,001295#26,1,1,9,10,9
30,001409#0,1,1,10,10,39
30,001409#1,1,1,10,10,43
30,001415#0,1,1,10,10,42
30,001415#1,1,1,10,10,44
30,001415#2,1,1,10,10,41
30,001415#3,1,1,10,10,53
30,001443#3,1,1,10,10,53
30,001443#4,1,1,10,10,73
30,001443#6,1,1,4,10,66
30,001443#7,1,1,10,10,67
30,001443#9,1,1,10,10,27
30,001443#10,1,1,10,10,46
30,001461#2,1,1,10,10,28
30,001461#3,1,1,10,10,42
30,001461#4,1,1,10,10,64
30,001461#5,1,1,10,10,36
30,001531#1,1,1,10,10,16
30,001531#2,1,1,10,10,11
30,001531#6,1,1,10,10,28
30,001531#8,1,1,10,10,11
30,001531#10,1,1,10,10,43
30,001558#4,1,1,10,10,31
30,001683#1,1,1,10,10,83
30,001683#6,1,1,10,10,36
30,001683#7,1,1,10,10,46
30,001683#8,1,1,10,10,50
30,001694#1,1,1,10,10,28
30,001694#2,1,1,10,10,64
30,001694#7,1,1,10,10,62
30,001694#8,1,1,10,10,36
30,001694#9,1,1,10,10,50
30,001694#10,1,1,10,10,27
30,001694#11,1,1,10,10,28
30,001694#12,1,1,10,10,22
30,001694#13,1,1,10,10,27
30,001694#14,1,1,10,10,31
30,001707#1,1,1,10,10,22
30,001707#2,1,1,10,10,68
30,001707#7,1,1,10,10,62
30,001707#8,1,1,10,10,36
30,001707#9,1,1,10,10,31
30,001707#10,1,1,10,10,34
30,001707#11,1,1,10,10,57
30,001707#12,1,1,10,10,19
30,001712#1,1,1,10,10,72
30,001712#6,1,1,10,10,58
30,001712#7,1,1,10,10,16
30,001712#8,1,1,10,10,36
30,001712#9,1,1,10,10,55
30,001712#10,1,1,10,10,25
30,001712#11,1,1,10,10,23
30,001712#12,1,1,10,10,27
30,001724#1,1,1,10,10,11
30,001724#3,1,1,10,10,56
30,001724#7,1,1,10,10,84
30,001724#8,1,1,10,10,34
30,001724#9,1,1,10,10,30
30,001724#10,1,1,10,10,27
30,001724#11,1,1,10,10,34
30,001724#12,1,1,10,10,38
30,001737#3,1,1,10,10,54
30,001737#7,1,1,10,10,76
30,001737#8,1,1,8,10,8
30,001737#9,1,1,10,10,15
30,001737#10,1,1,10,10,36
30,001737#11,1,1,10,10,30
30,001737#12,1,1,10,10,38
30,001737#13,1,1,10,10,30
30,001742#0,1,1,10,10,41
30,001763#0,1,1,10,10,25
30,001785#0,1,1,10,10,50
30,001785#1,1,1,10,10,51
30,001785#2,1,1,10,10,80
30,001851#0,1,1,10,10,48
30,001851#8,1,1,10,10,25
30,001851#9,1,1,10,10,27
30,001851#10,1,1,10,10,31
30,001851#11,1,1,10,10,25
30,001851#12,1,1,10,10,27
30,001851#13,1,1,10,10,50
30,001851#14,1,1,10,10,27
30,001862#0,1,1,10,10,48
30,001862#8,1,1,10,10,21
30,001862#9,1,1,10,10,27
30,001862#10,1,1,10,10,54
30,001862#11,1,1,10,10,21
30,001862#12,1,1,10,10,20
30,001862#13,1,1,10,10,32
30,001862#14,1,1,10,10,29
30,001862#15,1,1,10,10,37
30,001873#0,1,1,10,10,48
30,001873#4,1,1,10,10,73
30,001873#8,1,1,10,10,26
30,001873#9,1,1,10,10,50
30,001873#10,1,1,10,10,14
30,001873#11,1,1,10,10,27
30,001873#12,1,1,10,10,26
30,001873#13,1,1,10,10,27
30,001881#0,1,1,10,10,48
30,001881#4,1,1,10,10,73
30,001881#8,1,1,10,10,25
30,001881#9,1,1,10,10,54
30,001881#10,1,1,10,10,22
30,001884#0,1,1,10,10,52
30,001884#4,1,1,10,10,73
30,001884#8,1,1,10,10,21
30,001884#9,1,1,10,10,57
30,001884#10,1,1,10,10,25
30,001884#11,1,1,10,10,23
30,001884#12,1,1,10,10,20
30,001884#13,1,1,10,10,17
30,001884#14,1,1,10,10,27
30,001898#0,1,1,10,10,52
30,001898#4,1,1,10,10,74
30,001898#7,1,1,10,10,22
30,001898#8,1,1,10,10,20
30,001898#9,1,1,10,10,21
30,001898#10,1,1,10,10,24
30,001898#11,1,1,10,10,36
30,001898#12,1,1,10,10,55
30,001898#13,1,1,10,10,27
30,001898#14,1,1,10,10,24
30,001970#1,1,1,10,10,73
30,001970#3,1,1,10,10,36
30,001970#7,1,1,10,10,65
30,001970#8,1,1,10,10,26
30,001970#9,1,1,10,10,41
30,001970#10,1,1,10,10,27
30,002048#2,1,1,10,10,68
30,002048#3,1,1,10,10,53
30,002048#4,1,1,10,10,76
30,002048#7,1,1,10,10,37
30,002048#8,1,1,10,10,19
30,002048#9,1,1,10,10,40
30,002048#10,1,1,10,10,41
30,002097#3,1,1,10,10,67
30,002097#4,1,1,10,10,75
30,002097#7,1,1,10,10,22
30,002097#8,1,1,10,10,29
30,002097#9,1,1,10,10,32
30,002097#10,1,1,10,10,32
30,002102#0,1,1,10,10,63
30,002102#1,1,1,10,10,67
30,002102#2,1,1,10,10,64
30,002102#3,1,1,10,10,55
30,002102#4,1,1,10,10,59
30,002102#5,1,1,10,10,40
30,002102#6,1,1,10,10,56
30,002102#7,1,1,10,10,56
30,002102#8,1,1,10,10,50
30,002156#0,1,1,10,10,40
30,002156#1,1,1,10,10,28
30,002156#2,1,1,10,10,38
30,002156#3,1,1,10,10,59
30,002156#4,1,1,10,10,81
30,002156#7,1,1,10,10,46
30,002156#8,1,1,10,10,34
30,002156#9,1,1,10,10,53
30,002207#0,1,1,10,10,11
30,002207#1,1,1,10,10,49
30,002235#3,1,1,10,10,36
30,002235#5,1,1,10,10,55
30,002235#6,1,1,5,10,17
30,002235#7,1,1,10,10,27
30,002235#10,1,1,10,10,10
30,002265#3,1,1,10,10,15
30,002265#4,1,1,10,10,13
30,002276#0,1,1,10,10,41
30,002276#1,1,1,10,10,18
30,002276#2,1,1,10,10,32
30,002276#3,1,1,10,10,53
30,002276#6,1,1,10,10,46
30,002331#2,1,1,10,10,49
30,002331#3,1,1,10,10,37
30,002331#4,1,1,10,10,75
30,002331#16,1,1,10,10,14
30,002331#18,1,1,8,10,21
30,002334#1,1,1,10,10,11
30,002334#8,1,1,10,10,56
30,002334#9,1,1,10,10,18
30,002338#0,1,1,10,10,62
30,002338#1,1,1,10,10,70
30,002338#4,1,1,10,10,73
30,002338#5,1,1,10,10,44
30,002357#0,1,1,10,10,23
30,002357#1,1,1,10,10,35
30,002357#2,1,1,10,10,72
30,002357#3,1,1,10,10,43
30,002359#0,1,1,10,10,29
30,002359#1,1,1,10,10,43
30,002359#2,1,1,10,10,45
30,002359#3,1,1,10,10,27
30,002378#0,1,1,10,10,34
30,002378#1,1,1,10,10,11
30,002378#3,1,1,10,10,66
30,002378#5,1,1,10,10,73
30,002378#6,1,1,10,10,19
30,002380#2,1,1,10,10,77
30,002380#3,1,1,10,10,55
30,002380#4,1,1,10,10,19
30,002380#5,1,1,8,10,8
30,002380#6,1,1,10,10,45
30,002380#7,1,1,10,10,14
30,002380#8,1,1,10,10,15
30,002380#9,1,1,10,10,25
30,002413#0,1,1,10,10,23
30,002517#1,1,1,10,10,48
30,002517#2,1,1,10,10,16
30,002517#4,1,1,10,10,23
30,002517#5,1,1,10,10,76
30,002584#4,1,1,7,10,11
30,002584#6,1,1,10,10,11
30,002625#6,1,1,10,10,17
30,002625#8,1,1,10,10,26
30,002625#10,1,1,10,10,27
30,002625#13,1,1,10,10,22
30,002625#14,1,1,10,10,73
30,002625#18,1,1,10,10,29
30,002625#19,1,1,9,10,13
30,002625#20,1,1,10,10,70
30,002625#21,1,1,10,10,82
30,002625#22,1,1,10,10,36
30,002625#23,1,1,10,10,34
30,002625#24,1,1,10,10,65
30,002625#25,1,1,10,10,11
30,002625#26,1,1,10,10,48
30,002625#27,1,1,3,10,25
30,002625#28,1,1,10,10,37
30,002625#29,1,1,10,10,63
30,002625#30,1,1,10,10,23
30,002625#31,1,1,10,10,34
30,002625#32,1,1,10,10,45
30,002625#33,1,1,10,10,12
30,002627#5,1,1,10,10,20
30,002627#7,1,1,10,10,17
30,002627#11,1,1,9,10,74
30,002627#12,1,1,10,10,32
30,002627#15,1,1,10,10,69
30,002627#17,1,1,10,10,73
30,002627#18,1,1,10,10,74
30,002627#19,1,1,10,10,18
30,002627#22,1,1,10,10,87
30,002627#23,1,1,10,10,71
30,002627#26,1,1,10,10,80
30,002627#27,1,1,10,10,81
30,002627#28,1,1,10,10,48
30,002627#30,1,1,10,10,39
30,002627#31,1,1,10,10,50
30,002627#32,1,1,10,10,55
30,002671#7,1,1,10,10,51
30,002671#9,1,1,10,10,25
30,002671#11,1,1,10,10,39
30,002671#12,1,1,10,10,63
30,002671#13,1,1,10,10,45
30,002671#14,1,1,10,10,30
30,002671#15,1,1,10,10,30
30,002671#16,1,1,10,10,18
30,002671#17,1,1,10,10,45
30,002671#18,1,1,10,10,18
30,002671#19,1,1,10,10,57
30,002671#20,1,1,10,10,46
30,002671#21,1,1,10,10,23
30,002671#22,1,1,10,10,23
30,002671#23,1,1,10,10,46
30,002671#24,1,1,10,10,59
30,002677#0,1,1,10,10,63
30,002677#1,1,1,10,10,40
30,002677#16,1,1,10,10,14
30,002677#17,1,1,10,10,24
30,002677#18,1,1,10,10,76
30,002707#11,1,1,10,10,22
30,002707#12,1,1,10,10,25
30,002707#13,1,1,10,10,62
30,002750#1,1,1,10,10,15
30,002750#4,1,1,10,10,42
30,002750#12,1,1,10,10,13
30,002750#13,1,1,8,10,12
30,002750#14,1,1,10,10,10
30,002750#16,1,1,8,10,8
30,002750#18,1,1,10,10,14
30,002750#19,1,1,10,10,22
30,002750#20,1,1,10,10,28
30,002750#21,1,1,10,10,28
30,002750#22,1,1,10,10,53
30,002750#23,1,1,10,10,25
30,002750#25,1,1,10,10,51
30,002762#1,1,1,10,10,17
30,002839#1,1,1,10,10,21
30,002839#2,1,1,10,10,25
30,002839#3,1,1,10,10,48
30,002839#4,1,1,10,10,31
30,002842#3,1,1,10,10,25
30,002842#4,1,1,10,10,21
30,002844#1,1,1,10,10,42
30,002844#2,1,1,10,10,21
30,002844#3,1,1,10,10,38
30,002935#0,1,1,10,10,17
30,002935#1,1,1,9,10,13
30,002955#0,1,1,10,10,72
30,002955#1,1,1,10,10,47
30,002955#4,1,1,10,10,32
30,002955#5,1,1,10,10,21
30,002955#6,1,1,10,10,37
30,002955#7,1,1,10,10,68
30,002955#8,1,1,9,10,61
30,002955#9,1,1,10,10,11
30,002955#10,1,1,10,10,42
30,002955#11,1,1,10,10,42
30,002955#12,1,1,10,10,57
30,002955#13,1,1,10,10,67
30,002955#14,1,1,10,10,73
30,002955#16,1,1,10,10,49
30,002955#17,1,1,10,10,81
30,002955#20,1,1,10,10,15
30,002955#23,1,1,10,10,29
30,002955#24,1,1,7,10,7
30,002987#0,1,1,10,10,16
30,002987#1,1,1,9,10,9
30,002987#2,1,1,10,10,23
30,002987#3,1,1,10,10,14
30,002987#4,1,1,10,10,34
30,002987#6,1,1,10,10,64
30,002987#7,1,1,10,10,73
30,002987#8,1,1,10,10,28
30,002987#9,1,1,10,10,14
30,002987#10,1,1,10,10,15
30,002987#11,1,1,10,10,15
30,002987#12,1,1,8,10,8
30,002987#13,1,1,10,10,34
30,002987#14,1,1,10,10,20
30,002987#15,1,1,10,10,37
30,003007#6,1,1,9,10,9
30,003007#8,1,1,10,10,41
30,003007#9,1,1,10,10,24
30,003013#6,1,1,10,10,20
30,003017#4,1,1,10,10,12
30,003026#4,1,1,10,10,17
30,003056#1,1,1,10,10,24
30,003056#2,1,1,10,10,15
30,003056#3,1,1,10,10,15
30,003056#4,1,1,10,10,11
30,003056#7,1,1,10,10,38
30,003056#8,1,1,8,10,9
30,003056#9,1,1,10,10,27
30,003056#10,1,1,9,10,18
30,003056#11,1,1,10,10,61
30,003148#0,1,1,10,10,61
30,003148#2,1,1,10,10,63
30,003148#3,1,1,10,10,42
30,003148#6,1,1,10,10,47
30,003148#7,1,1,7,10,8
30,003148#8,1,1,7,10,8
30,003160#0,1,1,10,10,42
30,003160#1,1,1,10,10,28
30,003160#2,1,1,11,10,31
30,003160#3,1,1,6,10,27
30,003160#4,1,1,9,10,31
30,003160#5,1,1,10,10,84
30,003160#7,1,1,10,10,37
30,003160#8,1,1,10,10,69
30,003160#9,1,1,10,10,19
30,003160#11,1,1,10,10,78
30,003160#13,1,1,10,10,37
30,003160#14,1,1,10,10,11
30,003160#15,1,1,10,10,55
30,003160#17,1,1,10,10,43
30,003160#18,1,1,10,10,72
30,003160#19,1,1,10,10,26
30,003160#20,1,1,10,10,18
30,003160#21,1,1,10,10,46
30,003198#1,1,1,10,10,64
30,003198#4,1,1,10,10,42
30,003257#5,1,1,10,10,58
30,003262#0,1,1,10,10,28
30,003262#1,1,1,10,10,31
30,003262#4,1,1,10,10,27
30,003262#14,1,1,10,10,10
30,003262#16,1,1,9,10,10
30,003262#17,1,1,10,10,14
30,003262#21,1,1,9,10,16
30,003262#23,1,1,10,10,22
30,003262#24,1,1,10,10,18
30,003262#28,1,1,10,10,50
30,003262#29,1,1,4,10,7
30,003262#30,1,1,10,10,73
30,003273#1,1,1,10,10,73
30,003273#3,1,1,10,10,68
30,003273#4,1,1,10,10,45
30,003273#5,1,1,10,10,12
30,003273#6,1,1,10,10,87
30,003273#8,1,1,10,10,35
30,003273#9,1,1,10,10,19
30,003273#10,1,1,10,10,42
30,003273#11,1,1,10,10,17
30,003273#13,1,1,10,10,20
30,003288#0,1,1,10,10,74
30,003288#3,1,1,10,10,37
30,003288#4,1,1,10,10,27
30,003288#5,1,1,10,10,20
30,003288#6,1,1,10,10,20
30,003288#7,1,1,10,10,16
30,003288#8,1,1,10,10,14
30,003288#9,1,1,10,10,16
30,003288#10,1,1,10,10,18
30,003288#11,1,1,10,10,14
30,003288#12,1,1,10,10,27
30,003288#13,1,1,10,10,33
30,003288#14,1,1,8,10,13
30,003288#16,1,1,10,10,21
30,003288#18,1,1,10,10,69
30,003304#0,1,1,10,10,42
30,003304#1,1,1,10,10,36
30,003304#2,1,1,10,10,14
30,003304#3,1,1,10,10,48
30,003304#4,1,1,10,10,20
30,003304#8,1,1,10,10,25
30,003304#9,1,1,10,10,41
30,003304#11,1,1,10,10,42
30,003304#12,1,1,10,10,30
30,003304#13,1,1,10,10,13
30,003317#1,1,1,7,10,29
30,003317#2,1,1,10,10,26
30,003317#3,1,1,10,10,29
30,003317#5,1,1,10,10,50
30,003317#6,1,1,10,10,23
30,003317#7,1,1,10,10,27
30,003317#8,1,1,10,10,49
30,003317#9,1,1,10,10,30
30,003317#12,1,1,10,10,12
30,003317#14,1,1,10,10,55
30,003317#15,1,1,10,10,70
30,003317#16,1,1,10,10,43
30,003348#0,1,1,10,10,30
30,003353#0,1,1,10,10,14
30,003408#1,1,1,10,10,22
30,003411#0,1,1,10,10,41
30,003411#1,1,1,10,10,52
30,003411#2,1,1,10,10,57
30,003411#3,1,1,10,10,50
30,003419#0,1,1,10,10,84
30,003419#5,1,1,10,10,22
30,003419#13,1,1,10,10,24
30,003419#14,1,1,10,10,30
30,003419#17,1,1,8,10,30
30,003419#18,1,1,10,10,34
30,003419#19,1,1,10,10,18
30,003419#21,1,1,10,10,36
30,003425#5,1,1,10,10,17
30,003425#6,1,1,10,10,13
30,003425#7,1,1,10,10,11
30,003425#10,1,1,10,10,18
30,003425#12,1,1,10,10,44
30,003425#13,1,1,10,10,46
30,003460#0,1,1,10,10,26
30,003460#1,1,1,10,10,64
30,003460#3,1,1,10,10,80
30,003460#5,1,1,10,10,25
30,003460#6,1,1,10,10,73
30,003472#0,1,1,10,10,31
30,003472#1,1,1,10,10,68
30,003472#2,1,1,10,10,20
30,003472#3,1,1,10,10,71
30,003475#1,1,1,10,10,41
30,003475#2,1,1,10,10,22
30,003475#3,1,1,10,10,51
30,003475#5,1,1,10,10,46
30,003475#6,1,1,10,10,70
30,003475#10,1,1,10,10,21
30,003475#11,1,1,10,10,31
30,003487#0,1,1,10,10,53
30,003487#2,1,1,10,10,62
30,003489#0,1,1,10,10,24
30,003489#2,1,1,10,10,31
30,003489#3,1,1,10,10,55
30,003489#4,1,1,10,10,25
30,003489#5,1,1,10,10,35
30,003489#9,1,1,10,10,26
30,003489#14,1,1,10,10,37
30,003526#0,1,1,10,10,18
30,003526#3,1,1,10,10,13
30,003532#0,1,1,10,10,18
30,003532#1,1,1,10,10,42
30,003546#0,1,1,10,10,27
30,003546#1,1,1,10,10,28
30,003546#2,1,1,10,10,37
30,003592#0,1,1,10,10,23
30,003592#1,1,1,10,10,23
30,003592#2,1,1,10,10,31
30,003592#3,1,1,10,10,20
30,003595#3,1,1,10,10,27
30,003595#4,1,1,10,10,30
30,003595#5,1,1,10,10,21
30,003595#6,1,1,10,10,46
30,003603#3,1,1,10,10,32
30,003653#3,1,1,10,10,15
30,003653#5,1,1,10,10,20
30,003653#6,1,1,10,10,18
30,003653#7,1,1,10,10,14
30,003653#8,1,1,10,10,11
30,003653#9,1,1,10,10,12
30,003653#11,1,1,10,10,36
30,003653#12,1,1,10,10,51
30,003653#14,1,1,8,10,8
30,003653#16,1,1,8,10,9
30,003653#17,1,1,10,10,26
30,003653#18,1,1,8,10,8
30,003679#4,1,1,10,10,50
30,003679#5,1,1,10,10,27
30,003679#7,1,1,10,10,25
30,003679#8,1,1,10,10,32
30,003703#0,1,1,10,10,50
30,003739#0,1,1,10,10,30
30,003739#1,1,1,10,10,35
30,003739#2,1,1,10,10,17
30,003739#3,1,1,10,10,11
30,003739#5,1,1,10,10,16
30,003739#6,1,1,10,10,12
30,003739#7,1,1,10,10,26
30,003739#8,1,1,10,10,16
30,003757#0,1,1,10,10,76
30,003757#7,1,1,10,10,27
30,003757#8,1,1,9,10,10
30,003757#10,1,1,10,10,21
30,003757#14,1,1,10,10,13
30,003757#15,1,1,10,10,15
30,003757#16,1,1,10,10,11
30,003769#0,1,1,10,10,56
30,003838#0,1,1,10,10,72
30,003863#1,1,1,10,10,21
30,003863#3,1,1,10,10,17
30,003863#5,1,1,10,10,33
30,003863#7,1,1,10,10,24
30,003863#9,1,1,10,10,13
30,003863#10,1,1,10,10,12
30,003863#11,1,1,10,10,18
30,003895#2,1,1,10,10,55
30,003896#0,1,1,10,10,43
30,003896#1,1,1,10,10,19
30,003902#0,1,1,10,10,41
30,003902#1,1,1,10,10,15
30,003902#3,1,1,10,10,18
30,003902#4,1,1,10,10,30
30,003902#5,1,1,10,10,18
30,003902#6,1,1,10,10,41
30,003904#0,1,1,10,10,33
30,003904#1,1,1,10,10,19
30,003941#0,1,1,10,10,27
30,003941#1,1,1,10,10,17
30,003941#3,1,1,10,10,12
30,003941#5,1,1,10,10,25
30,003941#7,1,1,10,10,20
30,003941#8,1,1,10,10,26
30,003941#10,1,1,10,10,17
30,003941#11,1,1,10,10,26
30,003941#12,1,1,10,10,17
30,003941#13,1,1,10,10,20
30,003941#14,1,1,10,10,18
30,003941#15,1,1,10,10,22
30,003941#16,1,1,10,10,69
30,003941#20,1,1,10,10,10
30,003941#21,1,1,10,10,25
30,003941#22,1,1,10,10,13
30,003941#24,1,1,10,10,37
30,003941#25,1,1,10,10,18
30,003941#26,1,1,10,10,21
30,003941#27,1,1,10,10,18
30,003941#29,1,1,10,10,17
30,003941#30,1,1,10,10,34
30,003982#5,1,1,10,10,26
30,003982#6,1,1,10,10,15
30,003982#8,1,1,10,10,13
30,003982#11,1,1,10,10,19
30,003982#14,1,1,10,10,29
30,003982#19,1,1,6,10,9
30,003982#20,1,1,6,10,10
30,003982#23,1,1,10,10,25
30,003982#24,1,1,10,10,10
30,003982#30,1,1,10,10,12
30,003982#32,1,1,10,10,14
30,003982#34,1,1,10,10,11
30,003982#36,1,1,10,10,46
30,003982#41,1,1,9,10,10
30,003982#42,1,1,10,10,11
30,003982#43,1,1,10,10,13
30,003982#47,1,1,10,10,57
30,003982#48,1,1,10,10,16
30,003982#49,1,1,10,10,69
30,003982#50,1,1,10,10,34
30,003982#53,1,1,7,10,10
30,003982#57,1,1,10,10,18
30,003982#58,1,1,10,10,18
30,003982#60,1,1,10,10,16
30,003982#61,1,1,10,10,15
30,003982#62,1,1,10,10,17
30,003987#5,1,1,10,10,32
30,003987#6,1,1,10,10,28
30,003987#10,1,1,10,10,66
30,003987#11,1,1,10,10,71
30,003987#15,1,1,10,10,33
30,003987#16,1,1,10,10,42
30,003987#23,1,1,7,10,11
30,003987#27,1,1,10,10,11
30,003987#35,1,1,10,10,26
30,003987#38,1,1,10,10,19
30,003987#39,1,1,10,10,17
30,003987#40,1,1,10,10,16
30,003987#41,1,1,10,10,13
30,003987#43,1,1,10,10,10
30,003987#46,1,1,8,10,8
30,003987#47,1,1,10,10,15
30,003987#49,1,1,10,10,12
30,003987#50,1,1,10,10,15
30,003987#51,1,1,10,10,15
30,003987#52,1,1,10,10,10
30,003987#53,1,1,10,10,19
30,003987#55,1,1,10,10,31
30,hehe_173_000002_024_00000105#2,0,1,0,10,11
30,hehe_173_000002_024_00000105#4,1,1,5,10,11
30,hehe_173_000002_024_00000105#6,1,1,11,10,23
30,hehe_173_000002_024_00000105#7,1,1,10,10,15
30,hehe_173_000002_024_00000105#9,1,1,10,10,31
30,hehe_173_000002_024_00000105#10,1,1,10,10,25
30,hehe_173_000002_024_00000105#11,1,1,9,10,11
30,hehe_173_000002_024_00000105#13,1,1,10,10,31
30,hehe_173_000002_024_00000105#15,1,1,10,10,76
30,hehe_186_000002_028_00000050#1,1,1,10,10,77
30,hehe_22_00000004#0,1,1,10,10,29
30,hehe_22_00000004#2,1,1,10,10,23
30,hehe_22_00000004#4,1,1,10,10,69
30,hehe_22_00000004#6,1,1,10,10,57
30,hehe_22_00000004#7,1,1,10,10,70
30,hehe_22_00000004#9,1,1,7,10,11
30,hehe_230_000002_043_00000061#1,1,1,10,10,69
30,hehe_230_000002_043_00000061#6,1,1,10,10,62
30,hehe_230_000002_043_00000061#7,1,1,10,10,58
30,hehe_230_000002_043_00000061#10,1,1,10,10,31
30,hehe_230_000002_043_00000061#11,1,1,10,10,37
30,hehe_230_000002_043_00000061#13,1,1,10,10,19
30,hehe_230_000002_043_00000061#14,1,1,6,10,12
30,hehe_232_000002_043_00000181#0,1,1,8,10,8
30,hehe_232_000002_043_00000181#1,1,1,10,10,22
30,hehe_232_000002_043_00000181#2,1,1,10,10,57
30,hehe_232_000002_043_00000181#3,1,1,10,10,36
30,hehe_232_000002_043_00000181#8,1,1,10,10,57
30,hehe_274_000002_060_00000105#1,1,1,10,10,67
30,hehe_274_000002_060_00000105#5,1,1,10,10,28
30,hehe_274_000002_060_00000105#6,1,1,10,10,11
30,hehe_40_00000033#1,1,1,10,10,26
30,hehe_40_00000033#2,1,1,10,10,46
30,hehe_40_00000033#3,1,1,1,10,40
30,hehe_40_00000033#5,1,1,10,10,40
30,hehe_45_00000001#2,1,1,10,10,42
30,hehe_45_00000001#4,1,1,10,10,28
30,hehe_45_00000001#5,1,1,10,10,49
30,hehe_45_00000001#6,1,1,10,10,40
30,hehe_45_00000001#7,1,1,10,10,60
30,hehe_45_00000001#8,1,1,10,10,34
30,hehe_45_00000001#9,1,1,10,10,46
30,hehe_52_00000107#0,1,1,10,10,19
30,hehe_52_00000107#1,1,1,8,10,8
30,hehe_61_00000090#2,1,1,10,10,76
30,hehe_61_00000090#3,1,1,10,10,39
30,hehe_61_00000090#4,1,1,10,10,20
30,hehe_61_00000090#9,1,1,10,10,64
30,hehe_61_00000090#10,1,1,10,10,50
30,hehe_61_00000090#11,1,1,10,10,84
30,hehe_65_00000229#2,1,1,10,10,59
30,hehe_65_00000229#3,1,1,10,10,32
30,hehe_65_00000229#4,1,1,10,10,30
30,hehe_65_00000229#6,1,1,10,10,16
30,hehe_65_00000229#7,1,1,10,10,21
30,hehe_6_00000054#0,1,1,10,10,12
30,hehe_6_00000054#2,1,1,10,10,35
30,hehe_6_00000054#3,1,1,10,10,32
30,hehe_6_00000054#4,1,1,10,10,27
30,hehe_6_00000054#6,1,1,10,10,76
30,hehe_6_00000054#13,1,1,9,10,74
30,hehe_6_00000054#16,1,1,10,10,32
30,hehe_6_00000054#17,1,1,10,10,38
30,hehe_86_00000253#0,1,1,10,10,45
30,hehe_86_00000253#3,1,1,10,10,58
30,hehe_87_00000315#1,1,1,10,10,39
30,hehe_87_00000315#2,1,1,10,10,40
30,hehe_87_00000315#3,1,1,10,10,33
30,hehe_87_00000315#4,1,1,10,10,20
30,hehe_87_00000315#5,1,1,10,10,30
30,hehe_87_00000315#6,1,1,9,10,14
30,shuming_1007_00000230#0,1,1,10,10,38
30,shuming_1007_00000230#3,1,1,10,10,43
30,shuming_1007_00000230#4,1,1,3,10,36
30,shuming_1007_00000230#5,1,1,10,10,46
30,shuming_1007_00000230#7,1,1,10,10,63
30,shuming_1007_00000230#10,1,1,10,10,62
30,shuming_1007_00000230#11,1,1,10,10,39
30,shuming_1007_00000230#12,1,1,10,10,34
30,shuming_1007_00000230#13,1,1,10,10,10
30,shuming_1007_00000230#14,1,1,5,10,7
30,shuming_1007_00000230#15,1,1,10,10,79
30,shuming_1007_00000230#16,1,1,10,10,47
30,shuming_1007_00000230#17,1,1,10,10,19
30,shuming_1007_00000230#18,1,1,9,10,13
30,shuming_1007_00000230#20,1,1,10,10,20
30,shuming_1007_00000230#21,1,1,10,10,69
30,shuming_1007_00000230#22,1,1,10,10,27
30,shuming_1007_00000230#23,1,1,10,10,22
30,shuming_1013_00000065#0,1,1,10,10,87
30,shuming_1013_00000065#1,1,1,10,10,41
30,shuming_1013_00000065#3,1,1,10,10,26
30,shuming_1028_00000411#3,1,1,10,10,55
30,shuming_1028_00000411#4,1,1,10,10,10
30,shuming_1028_00000411#5,1,1,10,10,15
30,shuming_1064_00000087#0,1,1,10,10,34
30,shuming_1064_00000087#1,1,1,10,10,55
30,shuming_1064_00000087#2,1,1,10,10,56
30,shuming_1064_00000087#3,1,1,10,10,72
30,shuming_1064_00000087#4,1,1,10,10,69
30,shuming_1064_00000087#6,1,1,10,10,26
30,shuming_1064_00000087#7,1,1,10,10,54
30,shuming_1064_00000087#8,1,1,10,10,86
30,shuming_1076_00000257#1,1,1,10,10,31
30,shuming_1076_00000257#2,1,1,10,10,29
30,shuming_1076_00000257#3,1,1,10,10,20
30,shuming_1076_00000257#4,1,1,10,10,19
30,shuming_1076_00000257#5,1,1,10,10,23
30,shuming_1079_00000233#3,1,1,10,10,18
30,shuming_1079_00000233#4,1,1,10,10,12
30,shuming_1079_00000233#6,1,1,10,10,35
30,shuming_1080_00000016#0,1,1,10,10,72
30,shuming_1080_00000016#4,1,1,10,10,10
30,shuming_1132_00000385#2,1,1,10,10,29
30,shuming_1132_00000385#3,1,1,6,10,32
30,shuming_1132_00000385#4,1,1,10,10,25
30,shuming_1135_00000213#0,1,1,10,10,76
30,shuming_1148_00000041#0,1,1,10,10,74
30,shuming_1157_00000010#0,1,1,10,10,72
30,shuming_1157_00000010#1,1,1,10,10,32
30,shuming_1157_00000010#2,1,1,10,10,18
30,shuming_1180_00000231#3,1,1,10,10,49
30,shuming_24_00000001#0,1,1,10,10,40
30,shuming_24_00000001#1,1,1,10,10,62
30,shuming_340_00000020#1,1,1,10,10,21
30,shuming_340_00000020#19,1,1,10,10,11
30,shuming_340_00000020#22,1,1,7,10,7
30,shuming_340_00000020#23,1,1,10,10,12
30,shuming_340_00000020#26,1,1,9,10,9
30,shuming_340_00000020#30,1,1,9,10,9
30,shuming_340_00000020#31,1,1,10,10,12
30,shuming_340_00000020#38,1,1,10,10,10
30,shuming_35_00000199#0,1,1,10,10,73
30,shuming_35_00000199#3,1,1,10,10,36
30,shuming_35_00000199#4,1,1,10,10,26
30,shuming_35_00000199#5,1,1,3,10,87
30,shuming_35_00000199#6,1,1,10,10,18
30,shuming_35_00000199#8,1,1,10,10,14
30,shuming_35_00000199#9,1,1,8,10,8
30,shuming_35_00000199#11,1,1,10,10,39
30,shuming_410_00000037#0,1,1,6,10,7
30,shuming_410_00000037#9,1,1,10,10,45
30,shuming_461_00000082#0,1,1,10,10,53
30,shuming_461_00000082#2,1,1,10,10,42
30,shuming_461_00000082#3,1,1,10,10,31
30,shuming_461_00000082#4,1,1,10,10,14
30,shuming_461_00000082#5,1,1,10,10,11
30,shuming_465_00000030#0,1,1,10,10,10
30,shuming_465_00000030#2,1,1,10,10,56
30,shuming_465_00000030#3,1,1,10,10,15
30,shuming_470_00000057#3,1,1,10,10,43
30,shuming_470_00000057#4,1,1,10,10,23
30,shuming_482_00000018#3,1,1,10,10,53
30,shuming_482_00000018#4,1,1,10,10,44
30,shuming_482_00000018#5,1,1,10,10,62
30,shuming_485_00000027#3,1,1,10,10,16
30,shuming_485_00000027#4,1,1,10,10,52
30,shuming_503_00000052#0,1,1,10,10,32
30,shuming_503_00000052#1,1,1,10,10,26
30,shuming_562_00000223#2,1,1,10,10,76
30,shuming_571_00000215#0,1,1,10,10,56
30,shuming_571_00000215#1,1,1,10,10,46
30,shuming_574_00000017#0,1,1,10,10,63
30,shuming_608_00000031#1,1,1,10,10,19
30,shuming_608_00000031#2,1,1,10,10,30
30,shuming_608_00000031#3,1,1,10,10,35
30,shuming_608_00000031#4,1,1,10,10,11
30,shuming_610_00000148#0,1,1,10,10,50
30,shuming_63_00000393#3,1,1,10,10,15
30,shuming_63_00000393#4,1,1,10,10,17
30,shuming_63_00000393#5,1,1,9,10,9
30,shuming_63_00000393#6,1,1,10,10,23
30,shuming_63_00000393#7,1,1,10,10,21
30,shuming_63_00000393#8,1,1,10,10,23
30,shuming_63_00000393#9,1,1,10,10,20
30,shuming_663_00000328#2,1,1,10,10,50
30,shuming_663_00000328#3,1,1,10,10,40
30,shuming_67_00000001#1,1,1,10,10,55
30,shuming_67_00000001#2,1,1,10,10,18
30,shuming_698_00000001#0,1,1,10,10,11
30,shuming_698_00000001#1,1,1,5,10,13
30,shuming_698_00000001#2,1,1,10,10,17
30,shuming_698_00000001#3,1,1,10,10,20
30,shuming_698_00000001#4,1,1,10,10,15
30,shuming_698_00000001#5,1,1,10,10,14
30,shuming_698_00000001#7,1,1,10,10,26
30,shuming_698_00000001#8,1,1,10,10,17
30,shuming_698_00000001#9,1,1,10,10,14
30,shuming_698_00000001#10,1,1,10,10,13
30,shuming_698_00000001#11,1,1,10,10,13
30,shuming_698_00000001#12,1,1,10,10,15
30,shuming_698_00000001#13,1,1,10,10,14
30,shuming_698_00000001#14,1,1,10,10,12
30,shuming_698_00000001#15,1,1,10,10,15
30,shuming_698_00000001#16,1,1,10,10,15
30,shuming_698_00000001#17,1,1,10,10,23
30,shuming_698_00000001#18,1,1,10,10,18
30,shuming_698_00000001#19,1,1,10,10,19
30,shuming_698_00000001#20,1,1,10,10,22
30,shuming_698_00000001#21,1,1,10,10,24
30,shuming_698_00000001#22,1,1,10,10,18
30,shuming_698_00000001#23,1,1,10,10,35
30,shuming_698_00000001#25,1,1,10,10,64
30,shuming_706_00000375#0,1,1,8,10,41
30,shuming_706_00000375#2,1,1,10,10,32
30,shuming_706_00000375#3,1,1,8,10,17
30,shuming_706_00000375#4,1,1,10,10,52
30,shuming_72_00000270#19,1,1,10,10,54
30,shuming_72_00000270#20,1,1,10,10,22
30,shuming_72_00000270#22,1,1,10,10,48
30,shuming_72_00000270#24,1,1,10,10,20
30,shuming_731_00000492#0,1,1,10,10,32
30,shuming_731_00000492#1,1,1,10,10,26
30,shuming_731_00000492#3,1,1,10,10,60
30,shuming_731_00000492#5,1,1,10,10,69
30,shuming_753_00000172#0,1,1,10,10,12
30,shuming_758_00000371#0,1,1,10,10,52
30,shuming_763_00000009#2,1,1,10,10,15
30,shuming_774_00000273#3,1,1,10,10,63
30,shuming_774_00000273#5,1,1,10,10,31
30,shuming_779_00000254#1,1,1,10,10,63
30,shuming_779_00000254#5,1,1,10,10,80
30,shuming_783_00000248#0,1,1,10,10,81
30,shuming_783_00000248#2,1,1,10,10,66
30,shuming_793_00000117#2,1,1,10,10,31
30,shuming_825_00000172#1,1,1,10,10,13
30,shuming_825_00000172#2,1,1,7,10,7
30,shuming_825_00000172#3,1,1,10,10,16
30,shuming_826_00000213#1,1,1,10,10,14
30,shuming_826_00000213#2,1,1,10,10,18
30,shuming_826_00000213#3,1,1,9,10,9
30,shuming_85_00000273#4,1,1,10,10,11
30,shuming_987_00000275#1,1,1,10,10,41
30,shuming_987_00000275#2,1,1,10,10,23
30,shuming_987_00000275#3,1,1,10,10,19
30,shuming_987_00000275#4,1,1,10,10,21
30,shuming_987_00000275#5,1,1,10,10,10
