gt_key,entry_epoch,offset,epoch,live,other,margin,R,H,gm,ctr
00000045#1,0,0,0,-9.552072120386626,-11.119693805384134,1.5676216849975084,0.0,0.0,-10.173206655154297,0.6211345347676716
00000045#1,0,1,10,-9.885163224299944,-14.734562502891798,4.849399278591854,2.177301302964967,-2.5103924068782852,-12.690526230066645,2.8053630057667007
00000045#2,0,0,0,-9.523360488671369,-12.207759869989918,2.684399381318549,0.0,0.0,-10.508587760528284,0.9852272718569157
00000045#2,0,1,10,-8.315980916108424,-14.548393346160516,6.232412430052092,4.1765046026258705,-2.9691250300629264,-13.455976106074907,5.139995189966482
00000045#3,0,0,0,-7.578747816951923,-9.924946943317185,2.3461991263652617,0.0,0.0,-9.816278168753675,2.2375303518017517
00000045#3,0,1,10,-10.104523631090263,-14.765559810390396,4.661036179300133,5.765983204407004,-8.291759018545344,-14.214990264140829,4.1104666330505655
00000045#6,0,0,0,-9.536906701193564,-10.21939884050576,0.6824921393121954,0.0,0.0,-9.45433270583994,-0.08257399535362353
00000045#6,0,1,10,-13.036789292356676,-13.785655100977444,0.7488658086207671,0.15088492881109783,-3.6507675199742105,-15.779410339393463,2.7426210470367867
00000045#7,0,0,0,-8.149742495848699,-10.154022468383676,2.0042799725349774,0.0,0.0,-8.620746499634633,0.471004003785934
00000045#7,0,1,10,-10.9118394497687,-13.861512445797796,2.949672996029097,-0.2321898872680297,-2.5299070666519707,-12.864805397817369,1.9529659480486696
00000057#1,0,0,0,-9.70660721264888,-11.008671599800351,1.3020643871514714,0.0,0.0,-10.325642289944215,0.6190350772953348
00000057#1,0,1,10,-10.746276267717546,-14.856075215153828,4.109798947436282,1.8258448981618631,-2.865513953230529,-13.329791804987545,2.5835155372699994
00000057#2,0,0,0,-10.867520916472017,-12.080330279809367,1.2128093633373496,0.0,0.0,-11.042040775611335,0.174519859139318
00000057#2,0,1,10,-7.37060089321474,-15.043808949432897,7.673208056218157,7.097709556827176,-3.600789533569899,-13.900326488858285,6.529725595643545
00000057#3,0,0,0,-8.902228613701777,-9.609172518084952,0.7069439043831753,0.0,0.0,-9.935585469826831,1.0333568561250548
00000057#3,0,1,10,-13.641695808167173,-15.401512907624108,1.759817099456935,3.811276387413451,-8.550743581878848,-16.584045365567224,2.9423495574000516
00000057#5,10,-1,0,-6.880691670055471,-12.46377556923874,5.5830838991832685,0.0,0.0,-7.999931380513288,1.1192397104578165
00000057#5,10,0,10,-9.820453717583298,-14.563518173039633,4.743064455456334,0.4342663128587425,-3.3740283603865677,-13.511019302878381,3.690565585295083
00000057#5,10,1,20,-8.63628319824689,-14.032107360724053,5.3958241624771635,2.019584921101737,-3.775176449293154,-13.033662931433392,4.3973797331865025
00000063#1,0,0,0,-9.381955513442534,-11.0885515458944,1.7065960324518663,0.0,0.0,-10.25105733868858,0.8691018252460463
00000063#1,0,1,10,-9.771575815362134,-14.840723068182555,5.069147252820422,2.2675813694336417,-2.657201671353241,-13.060510985324123,3.2889351699619898
00000063#2,0,0,0,-9.674623064300675,-12.285395317049923,2.610772252749248,0.0,0.0,-10.53479862124106,0.8601755569403853
00000063#2,0,1,10,-7.516782632358215,-14.837347514958108,7.320564882599893,5.757160626994856,-3.599320195052395,-13.830185778167296,6.313403145809081
00000063#3,0,0,0,-7.59599512258889,-9.088117927255816,1.4921228046669253,0.0,0.0,-9.832433732717654,2.236438610128763
00000063#3,0,1,10,-10.580392142252448,-15.063522906394086,4.483130764141638,6.549844875437943,-9.5342418951015,-14.77609916129017,4.195707019037723
00000063#5,0,0,0,-8.868486833508614,-10.212046627282934,1.34355979377432,0.0,0.0,-9.633543037736535,0.7650562042279212
00000063#5,0,1,10,-14.142252643832897,-14.999843244642157,0.8575906008092602,-0.14524571219464555,-5.128520098129638,-17.752629839940905,3.610377196108008
00000095#1,0,0,0,-9.296074969678283,-10.833175856055767,1.537100886377484,0.0,0.0,-9.88630523283944,0.5902302631611569
00000095#1,0,1,10,-9.935354744774022,-14.874228246822028,4.938873502048006,1.9592976458826934,-2.5985774209784323,-12.959569451455366,3.0242147066813434
00000095#2,0,0,0,-10.861068302505643,-11.611006461798068,0.7499381592924248,0.0,0.0,-10.951895111507033,0.09082680900139017
00000095#2,0,1,10,-7.818638579120417,-14.925040763354218,7.106402184233801,6.853204057527305,-3.8107743341420797,-14.153491909350421,6.334853330230004
00000095#3,0,0,0,-8.914598977545726,-9.198013552025476,0.2834145744797496,0.0,0.0,-10.056882286756716,1.14228330921099
00000095#3,0,1,10,-13.72473388865585,-15.401723822602147,1.676989933946297,4.403039623919881,-9.213174535030005,-16.979769178573772,3.255035289917922
00000106#1,0,0,0,-9.846185191910568,-10.54693861139041,0.7007534194798417,0.0,0.0,-10.346284426218169,0.5000992343076014
00000106#1,0,1,10,-10.718087683097213,-14.86497700406946,4.146889320972248,2.035935140134061,-2.9078376313207066,-13.20619537207859,2.4881076889813762
00000106#2,0,0,0,-11.143081218814174,-10.775373294686998,-0.3677079241271759,0.0,0.0,-10.699310561698743,-0.4437706571154312
00000106#2,0,1,10,-9.768195972576372,-14.782166433718139,5.013970461141767,5.031873135782563,-3.65698788954476,-14.412688563957316,4.644492591380944
00000106#3,10,-1,0,-6.684217525931207,-9.078685898317811,2.394468372386604,0.0,0.0,-9.871193135042503,3.186975609111296
00000106#3,10,0,10,-11.693238641881539,-15.057597945763238,3.364359303881699,2.9781585486027677,-7.9871796645531,-13.588706223409426,1.8954675815278872
00000106#3,10,1,20,-9.1889188758435,-15.158151771128928,5.969232895285428,7.030740749098109,-9.535442099010401,-14.452355497238473,5.263436621394973
00000106#5,0,0,0,-8.457453810924541,-7.4005006936835205,-1.0569531172410205,0.0,0.0,-9.830235130626841,1.3727813197023
00000106#5,0,1,10,-13.170058801073516,-13.662850199014713,0.49279139794119686,-0.03058559115225279,-4.682019398996722,-12.346879846037565,-0.8231789550359512
00000123#1,0,0,0,-9.005601739370231,-11.344325198604572,2.338723459234341,0.0,0.0,-10.18199596842188,1.176394229051649
00000123#1,0,1,10,-11.474368499997102,-14.893051072142661,3.41868257214556,0.44705032828617774,-2.915817088913048,-13.408450515361837,1.9340820153647353
00000123#2,0,0,0,-9.168291711572763,-12.442630864943013,3.2743391533702493,0.0,0.0,-10.205268883819732,1.036977172246969
00000123#2,0,1,10,-9.568664110902908,-13.963163823150985,4.394499712248077,2.6503515813870893,-3.050723980717234,-13.101932810865529,3.533268699962621
00000123#3,0,0,0,-9.877287267182503,-10.85802688603195,0.9807396188494479,0.0,0.0,-9.968691586845962,0.09140431966345908
00000123#3,0,1,10,-14.111773441084061,-13.448147622514522,-0.663625818569539,-0.4196221328623606,-3.814864041039198,-12.682540977662498,-1.4292324634215632
00000123#5,0,0,0,-8.73641139701137,-10.747319820127128,2.010908423115758,0.0,0.0,-9.819042897024483,1.0826315000131128
00000123#5,0,1,10,-11.404098126509377,-13.151266900337475,1.7471687738280988,0.873999556751623,-3.5416862862496297,-11.997381416416383,0.5932832899070064
00000171#0,0,0,0,-7.978757299067357,-6.665708097631811,-1.3130492014355468,0.0,0.0,-9.910500413440586,1.9317431143732282
00000171#0,0,1,10,-16.366675335600547,-13.972682928994494,-2.3939924066060527,-1.1622411635746133,-7.2256768729585765,-15.50571948648277,-0.8609558491177776
00000180#0,0,0,0,-8.956468509106209,-6.7725174968848245,-2.1839510122213843,0.0,0.0,-9.821016329050666,0.8645478199444572
00000180#0,0,1,10,-16.665890734500046,-14.202664114578916,-2.46322661992113,-1.0060930596965498,-6.703329165697287,-15.42832562271163,-1.237565111788415
00000234#1,0,0,0,-7.521685993681354,-6.717418350373666,-0.8042676433076874,0.0,0.0,-9.824408638080806,2.302722644399452
00000234#1,0,1,10,-14.917953988796416,-13.48322607330747,-1.4347279154889456,-0.7426983106804235,-6.653569684434639,-14.925165519851673,0.007211531055256515
00000257#0,10,-1,0,-4.828325926970514,-9.615337885439606,4.787011958469092,0.0,0.0,-8.99378890377222,4.165462976801706
00000257#0,10,0,10,-11.412670097442309,-14.994999787155084,3.5823296897127754,-0.445073183769634,-6.139270986702159,-16.640925402313187,5.228255304870878
00000257#0,10,1,20,-9.67574480747496,-16.36894374695356,6.693198939478599,2.157977210215866,-7.00539609072031,-16.730369675676837,7.054624868201877
00000271#0,10,-1,0,-4.322319240111108,-8.654660389457774,4.332341149346666,0.0,0.0,-9.011531253677997,4.689212013566889
00000271#0,10,0,10,-12.24296800929419,-15.020301878163862,2.777333868869672,-1.7608506796872843,-6.159798089495796,-16.675229489633725,4.432261480339536
00000271#0,10,1,20,-6.398988083753556,-14.73918692799673,8.340198844243174,3.4628410031135806,-5.539509846756027,-13.013923668133067,6.614935584379511
00000271#1,10,-1,0,-6.2746330877544,-9.1617401865544,2.8871070988000005,0.0,0.0,-9.098054079447515,2.823420991693115
00000271#1,10,0,10,-11.372992470328072,-14.260481552075063,2.887489081746992,-1.748300974360744,-3.3500584082129277,-13.167685319465983,1.7946928491379115
00000271#1,10,1,20,-9.030684416955424,-14.945842484221002,5.915158067265578,2.0223117549928538,-4.778363084193877,-14.050513572029518,5.019829155074094
00000273#0,30,-2,10,-4.967469422369364,-14.252999960441352,9.285530538071988,4.030198648506752,-2.912287278864677,-11.593769153686388,6.626299731317024
00000273#0,30,-1,20,-6.173907076842845,-14.568520795319628,8.394613718476784,3.0742967604156393,-3.1628230452470456,-12.683947633379896,6.510040556537051
00000273#0,30,0,30,-7.557530910762585,-15.093943417167894,7.536412506405309,2.532358952592763,-4.004509071343909,-14.588169248112804,7.030638337350219
00000273#0,30,1,40,-6.518648141940325,-15.890116766124716,9.371468624184391,3.637110828430525,-4.0703781783594115,-14.207932396566209,7.689284254625884
00000273#1,0,0,0,-7.02484251280021,-10.898661354854731,3.873818842054521,0.0,0.0,-8.169541187173486,1.1446986743732763
00000273#1,0,1,10,-2.202220692573638,-14.23409930317883,12.031878610605192,7.503689497158792,-2.6810676769322197,-10.521037444983348,8.31881675240971
000002_080_00000048#0,150,-2,130,1.1692178179197654,-15.27485570809677,16.444073526016535,7.6375049951413345,-1.2281697621909942,-10.86886192131894,12.038079739238706
000002_080_00000048#0,150,-1,140,0.7782096222889852,-15.691865989740986,16.470075612029973,7.421880706514636,-1.4035536691950758,-11.711605413189906,12.489815035478891
000002_080_00000048#0,150,0,150,-9.17743047561628,-18.084079208997057,8.906648733380777,1.1269800692760414,-5.064293129861746,-17.594833047234204,8.417402571617924
000002_080_00000048#0,150,1,160,-0.682190480371041,-15.558421013986031,14.87623053361499,6.250388539761783,-1.692461605102249,-12.116207674874198,11.434017194503157
000002_083_00000169#0,0,0,0,-7.027519962199429,-10.775630904051662,3.7481109418522323,0.0,0.0,-8.443683813877158,1.4161638516777284
000002_083_00000169#0,0,1,10,-8.667287991386754,-13.117717227136692,4.450429235749938,1.1687859033946313,-2.808553932581956,-11.823089933633172,3.155801942246418
000002_083_00000169#1,10,-1,0,-3.619554211619807,-11.500269224085935,7.880715012466128,0.0,0.0,-8.940570027802982,5.321015816183175
000002_083_00000169#1,10,0,10,-10.378389640661602,-14.589607170087056,4.211217529425454,-3.65753514101914,-3.1013002880226552,-12.977750807578074,2.599361166916472
000002_083_00000169#1,10,1,20,-9.77958552599187,-14.442861739840197,4.663276213848327,-2.9552679139950584,-3.2047634003770042,-12.424065757094844,2.6444802311029747
00000346#0,0,0,0,-10.987295431464663,-12.523295432332656,1.5360000008679933,0.0,0.0,-9.77498169336283,-1.212313738101832
00000346#0,0,1,10,-8.334008853496952,-14.330705379117333,5.996696525620381,5.384244627115928,-2.7309580491482173,-13.08045390988453,4.746445056387579
00000364#0,0,0,0,-9.749509718869989,-10.476552723471178,0.7270430046011889,0.0,0.0,-10.399501599930087,0.6499918810600978
00000364#0,0,1,10,-12.005560518686321,-13.552836721446717,1.5472762027603952,1.1168561874970093,-3.3729069873133417,-13.409563547836285,1.4040030291499637
00000396#0,0,0,0,-7.445199284302614,-7.980681292215581,0.5354820079129672,0.0,0.0,-10.151029813226405,2.7058305289237907
00000396#0,0,1,10,-11.471582558039266,-13.007161710956655,1.5355791529173892,1.3746377497909683,-5.401021023527621,-14.129408043399074,2.6578254853598082
00000399#0,20,-2,0,-5.038449798700831,-8.242936976111588,3.2044871774107575,0.0,0.0,-9.563572162783993,4.525122364083162
00000399#0,20,-1,10,-2.746120090873168,-11.852175099810747,9.10605500893758,6.349011622251249,-4.056681914423587,-10.166673549816966,7.4205534589437985
00000399#0,20,0,20,-6.917149176703367,-13.564943281657143,6.6477941049537765,2.9700665666654182,-4.848765944667955,-13.388085250866538,6.470936074163172
00000399#0,20,1,30,-12.02040223529269,-15.106566090741541,3.086163855448852,-0.47262446757903875,-6.509327969012819,-16.562615518778763,4.542213283486074
000003_081_00000171#10,0,0,0,-8.385500805604172,-12.47027248436941,4.084771678765238,0.0,0.0,-10.723140398923874,2.337639593319702
000003_081_00000171#10,0,1,10,-2.7151426840795647,-12.183040293865536,9.467897609785972,8.154743399303673,-2.4843852777790643,-9.943759861295636,7.228617177216071
000003_081_00000171#11,0,0,0,-8.138427191731237,-11.200488521940727,3.06206133020949,0.0,0.0,-10.451497978364333,2.313070786633096
000003_081_00000171#11,0,1,10,-9.28698450604859,-13.970983680521421,4.683999174472831,3.14179785588685,-4.290355170204203,-14.11436236882403,4.827377862775441
00000426#0,0,0,0,-10.570093829314526,-9.903377298643496,-0.6667165306710299,0.0,0.0,-9.589795330594926,-0.9802984987196002
00000426#0,0,1,10,-12.153371642476518,-14.170767781853598,2.0173961393770803,2.2033864371784393,-3.786664250340431,-15.26034553072372,3.106973888247202
000005_004_00000286#4,0,0,0,-9.574436507546004,-11.275354093769248,1.7009175862232446,0.0,0.0,-9.021974596214966,-0.5524619113310383
000005_004_00000286#4,0,1,10,-1.7769397448150857,-12.831358492552612,11.054418747737525,8.262421580691328,-0.46492481796040774,-8.891320835626939,7.114381090811853
000005_006_00000001#1,20,-2,0,-1.9429626497421726,-8.381674531353351,6.438711881611178,0.0,0.0,-9.11372080814318,7.170758158401007
000005_006_00000001#1,20,-1,10,-1.8492946769107235,-11.731723014784086,9.882428337873362,3.190533563028491,-3.0968655901970417,-9.865746650138965,8.016451973228241
000005_006_00000001#1,20,0,20,-6.988043916780358,-12.919033219677539,5.930989302897181,-1.8133905111279671,-3.231690755910218,-11.954638836844714,4.966594920064356
000005_006_00000001#1,20,1,30,0.30500409076088886,-13.36214530760802,13.66714939836891,3.889794359252528,-1.6418276187494665,-10.443077856645095,10.748081947405984
000005_006_00000001#2,50,-2,30,-6.166609771180592,-12.178521510379742,6.01191173919915,-4.995631579849298,-0.6840504055234904,-9.088257004725557,2.9216472335449657
000005_006_00000001#2,50,-1,40,-3.3459061344738483,-12.681097263812648,9.3351911293388,-1.8615426595299094,-0.9974356891361347,-9.990333496845333,6.644427362371484
000005_006_00000001#2,50,0,50,-9.682268334262066,-15.060041628160516,5.37777329389845,-6.883253452881172,-2.312087095573089,-13.925347952991707,4.243079618729642
000005_006_00000001#2,50,1,60,-6.883840316623932,-14.066382181872969,7.182541865249037,-5.213840099843592,-1.1830724309725356,-11.509647670587661,4.625807353963729
000005_027_00000493#1,70,-2,50,-0.0526221847251378,-13.62099377970344,13.568371594978302,0.9931791266762646,-1.5516649982528916,-10.78143419030161,10.728812005576472
000005_027_00000493#1,70,-1,60,1.0210916775487142,-14.499039039727501,15.520130717276215,1.8772642117192335,-1.3620362210220085,-11.315925665181707,12.337017342730421
000005_027_00000493#1,70,0,70,-9.373121463766628,-16.850231910269343,7.477110446502715,-5.129465520649626,-4.749519629968491,-16.803491913483672,7.430370449717044
000005_027_00000493#1,70,1,80,-0.6954365115504899,-15.035507974879268,14.340071463328778,0.8195626713663389,-2.020862869768318,-12.245475177742696,11.550038666192206
000005_027_00000493#3,140,-2,120,-6.58387266691015,-16.734518471895182,10.150645804985032,-2.147520657579711,-3.9350564254880096,-15.77589321441134,9.19202054750119
000005_027_00000493#3,140,-1,130,0.28763391812701755,-15.017970504358878,15.305604422485896,2.6379706571390824,-1.8490411551696355,-11.99677994350945,12.284413861636468
000005_027_00000493#3,140,0,140,-7.34841935207171,-17.206083912947364,9.857664560875653,-2.4506699254238096,-4.396453842805471,-16.458152476427205,9.109733124355495
000005_027_00000493#3,140,1,150,-2.828873527888586,-16.327588980525938,13.498715452637352,0.7828215327662194,-3.110399476812376,-14.276056242377912,11.447182714489326
000005_027_00000493#8,0,0,0,-10.510797733025568,-11.714711752409933,1.2039140193843654,0.0,0.0,-9.516670810060369,-0.994126922965199
000005_027_00000493#8,0,1,10,-2.370961718110049,-12.212199031733853,9.841237313623804,8.784967407701037,-0.6451313927855189,-9.237836529285168,6.866874811175119
000005_028_00000001#2,20,-2,0,-6.161056084158684,-7.561379001600523,1.400322917441839,0.0,0.0,-9.802760291057968,3.641704206899284
000005_028_00000001#2,20,-1,10,-5.130617557907017,-12.45381046407747,7.323192906170454,7.347718872503895,-6.317280346252227,-11.085607223635328,5.954989665728312
000005_028_00000001#2,20,0,20,-7.650507295852781,-13.447670696136527,5.797163400283746,5.595997134016848,-7.085448345710946,-12.541281508742317,4.890774212889537
000005_028_00000001#2,20,1,30,-11.7991783338686,-16.20131279997758,4.402134466108979,2.9988300426842507,-8.636952292394167,-15.931038076221968,4.1318597423533685
00000618#2,0,0,0,-7.304120435861202,-8.637614471592462,1.3334940357312597,0.0,0.0,-9.913169755635375,2.609049319774172
00000618#2,0,1,10,-8.480606185583255,-12.349505810891362,3.8688996253081065,3.0897444756665378,-4.266230225388591,-12.594791820674011,4.114185635090756
000006_010_00000389#4,0,0,0,-9.713814848778547,-12.340896981864157,2.62708213308561,0.0,0.0,-9.259922034346765,-0.4538928144317822
000006_010_00000389#4,0,1,10,-5.278112944399791,-15.794556106967324,10.516443162567533,6.321202449096328,-1.885500544717572,-9.334636553527861,4.05652360912807
000006_011_00000409#8,20,-2,0,-2.410527792073175,-11.352896855582433,8.942369063509258,0.0,0.0,-7.778550948634347,5.368023156561172
000006_011_00000409#8,20,-1,10,-5.972301755950578,-13.004017726305898,7.03171597035532,-1.5361116170152957,-2.0256623468621076,-11.703523335304792,5.731221579354214
000006_011_00000409#8,20,0,20,-10.430588582681532,-14.26308105274401,3.832492470062478,-5.9924276665239535,-2.027633124084403,-11.303762968830725,0.8731743861491932
000006_011_00000409#8,20,1,30,0.8014488727396518,-13.080045035417431,13.881493908157083,5.0345936245898,-1.8226169597769735,-9.661046421212376,10.462495293952028
000006_011_00000409#10,30,-2,10,-5.935786308401578,-12.775008753438918,6.83922244503734,2.7161129996304867,-2.541558343363767,-10.651299890709604,4.715513582308025
000006_011_00000409#10,30,-1,20,-6.3908573905082235,-13.806929783740951,7.416072393232728,2.633503920480419,-2.9140203463203447,-11.969867856220581,5.579010465712358
000006_011_00000409#10,30,0,30,-10.072003291003462,-14.789944291560072,4.7179410005566105,0.11231661586652564,-4.073978942201689,-14.096023885083191,4.02402059407973
000006_011_00000409#10,30,1,40,-12.672397047016274,-17.707471282772733,5.0350742357564595,-1.4922039315369897,-5.069852150810986,-17.000542115677355,4.328145068661081
000006_012_00000001#3,120,-2,100,0.32843142921462487,-14.481671731359471,14.810103160574096,7.050292378943244,-2.146693274732371,-10.743484261933217,11.071915691147842
000006_012_00000001#3,120,-1,110,-4.919765918763863,-15.400113203281398,10.480347284517535,2.711345885040954,-3.0559441288085694,-13.224788296185169,8.305022377421306
000006_012_00000001#3,120,0,120,-7.614360487197816,-17.52799105242699,9.913630565229175,1.479921931365828,-4.519114743567396,-16.441478138441866,8.82711765124405
000006_012_00000001#3,120,1,130,-4.666603461683938,-15.295840155553599,10.629236693869661,3.3966466557243087,-3.4880824424119985,-13.503141984843102,8.836538523159165
000006_012_00000001#6,30,-2,10,-3.1476534732050165,-11.626707492962819,8.479054019757802,2.647938747105585,-2.1586015112836,-10.166382338082244,7.018728864877227
000006_012_00000001#6,30,-1,20,-1.8751943551206312,-12.36173120475377,10.48653684963314,2.884592707717432,-1.1227963538110615,-9.361668969694753,7.486474614574122
000006_012_00000001#6,30,0,30,-7.556495741353022,-13.950567638638681,6.394071897285659,-2.2074857042301357,-1.7120193280958844,-12.656541285225744,5.100045543872723
000006_012_00000001#6,30,1,40,-12.521126420369036,-15.89934864878671,3.3782222284176733,-5.971672548684701,-2.9124631626573336,-15.430716217634043,2.9095897972650064
000006_012_00000001#11,120,-2,100,-5.412166746084191,-15.145196949908648,9.733030203824457,-1.7922649680494032,-3.458569063643392,-13.723993441541856,8.311826695457665
000006_012_00000001#11,120,-1,110,-4.35208436749929,-15.09199365377878,10.739909286279492,-1.3619060050939238,-2.8288456480139708,-13.836074121364254,9.483989753864964
000006_012_00000001#11,120,0,120,-7.907407802721132,-17.01362080657367,9.106213003852538,-3.4514864509282486,-4.294588637401488,-16.42996840855353,8.5225606058324
000006_012_00000001#11,120,1,130,-6.665240199530272,-15.661978234684604,8.996738035154332,-2.7645660052240166,-3.73934147991486,-15.012266534049807,8.347026334519535
000006_012_00000001#12,0,0,0,-7.64967610509852,-13.131516385408599,5.481840280310079,0.0,0.0,-9.227355273170932,1.5776791680724127
000006_012_00000001#12,0,1,10,-1.6523306919796426,-12.923494968306407,11.271164276326765,6.42297922807943,-0.42563381496055097,-9.687524140922775,8.035193448943133
000008_003_00000235#1,150,-2,130,0.593240965507146,-15.070115231709227,15.663356197216373,5.72405530587685,-1.981792362272401,-12.210515290273234,12.80375625578038
000008_003_00000235#1,150,-1,140,-2.2445677749449873,-15.479182237486242,13.234614462541256,3.848726443165209,-2.9442722400128933,-13.299713840336004,11.055146065391018
000008_003_00000235#1,150,0,150,-9.606769666094463,-17.952477829322515,8.345708163228052,-0.7499505294175774,-5.707797158579583,-18.106388102665036,8.499618436570573
000008_003_00000235#1,150,1,160,-13.584611823368839,-17.808653641093624,4.224041817724785,-3.8039730206626174,-6.631616824608917,-19.51295588541343,5.928344062044591
000008_003_00000235#2,220,-2,200,-3.5394669695258445,-17.090431067264092,13.550964097738248,8.842929304240393,-6.972381256728074,-15.141800613893324,11.60233364436748
000008_003_00000235#2,220,-1,210,-6.732477210433139,-17.236908118646006,10.504430908212868,6.385739614871226,-7.708201808266202,-16.165998068930076,9.433520858496937
000008_003_00000235#2,220,0,220,-8.062038055133025,-18.378526113621973,10.316488058488948,6.004583944482844,-8.656606982577706,-17.906972322549443,9.844934267416418
000008_003_00000235#2,220,1,230,-10.475184760949457,-19.464160055480868,8.98897529453141,4.56881432363574,-9.633984067547035,-19.8632459072745,9.388061146325043
000008_003_00000235#3,140,-2,120,-1.3883411249185968,-14.786342142455387,13.39800101753679,9.284496320959168,-4.159672337540033,-12.298649415459865,10.910308290541268
000008_003_00000235#3,140,-1,130,-1.272070487623905,-14.390008451535568,13.117937963911663,9.363384025220396,-4.122289404506569,-11.831676504411774,10.55960601678787
000008_003_00000235#3,140,0,140,-9.939229108593558,-16.36446301350851,6.4252339049149505,4.0180549963420775,-7.444118996597903,-16.274328941841265,6.335099833247707
000008_003_00000235#3,140,1,150,-3.216524820082782,-15.16282367283695,11.946298852754168,8.569458022305614,-5.272817734050664,-13.376672231888307,10.160147411805525
000008_003_00000235#4,50,-2,30,-5.9139120379979095,-13.233440209130485,7.319528171132576,4.858379932559016,-4.595993559856348,-12.690683346987539,6.7767713089896295
000008_003_00000235#4,50,-1,40,-2.1912694515208058,-12.243196519617982,10.051927068097175,8.008438766160708,-4.0234098069809345,-10.493147651850927,8.301878200330123
000008_003_00000235#4,50,0,50,-13.653425681987564,-16.396917970464287,2.743492288476723,0.24668875272684732,-7.723816024013834,-17.684160996751213,4.03073531476365
000008_003_00000235#4,50,1,60,-10.544022228281161,-14.740666821734125,4.196644593452964,1.939894606720912,-6.307618424301495,-14.833442023845059,4.289419795563898
000008_003_00000235#5,100,-2,80,0.5926259284163251,-14.238048439606146,14.830674368022471,4.944072202680744,-2.1474768029224904,-11.480704116885127,12.073330045301452
000008_003_00000235#5,100,-1,90,-0.8861614618017075,-15.201212290111163,14.315050828309456,3.6743020527046086,-2.3564940431643873,-12.764197097698611,11.878035635896904
000008_003_00000235#5,100,0,100,-10.578943065384145,-17.373545949979746,6.7946028845956015,-2.508107246486689,-5.866866347555527,-18.047007127518643,7.4680640621344985
000008_003_00000235#5,100,1,110,-3.430097824543326,-15.800589278802764,12.370491454259438,2.0773737326336614,-3.3035020858350586,-13.991351463235908,10.561253638692582
000008_003_00000235#10,60,-2,40,-2.5688894632141483,-13.71874197692226,11.149852513708112,4.344149673210868,-2.5957333984835826,-11.858551546796997,9.289662083582849
000008_003_00000235#10,60,-1,50,-0.3673202833497502,-12.779874478500359,12.412554195150609,5.7737891027394355,-1.8238036481477518,-9.809935101384491,9.442614818034741
000008_003_00000235#10,60,0,60,-7.212138831869851,-14.597560986848828,7.385422154978977,0.6526212913664264,-3.547454385294843,-13.442085809323315,6.229946977453464
000008_003_00000235#10,60,1,70,-4.420166077824787,-14.838326992815576,10.41816091499079,3.2461270777437257,-3.348987417627078,-13.473032212407055,9.052866134582269
000008_003_00000352#3,0,0,0,-7.786056469684841,-10.182916196341607,2.396859726656766,0.0,0.0,-10.355480882335092,2.5694244126502515
000008_003_00000352#3,0,1,10,-11.69227304778794,-13.606060838735372,1.9137877909474312,0.9935715397399543,-4.8997881178430545,-13.503075437206954,1.8108023894190133
000008_003_00000352#5,10,-1,0,-5.672298199624826,-9.543240833382022,3.8709426337571964,0.0,0.0,-9.32033665229134,3.6480384526665146
000008_003_00000352#5,10,0,10,-9.678068165343284,-12.355778112043819,2.677709946700535,-0.18159061226582907,-3.824179353452629,-13.020359098096316,3.3422909327530324
000008_003_00000352#5,10,1,20,-7.662779774673228,-12.655048219972171,4.992268445298943,1.3602411499019325,-3.350722724950335,-12.706122664530488,5.04334288985726
000008_003_00000352#7,20,-2,0,-1.6424255641800958,-8.028760830289142,6.386335266109047,0.0,0.0,-9.346901720879265,7.704476156699169
000008_003_00000352#7,20,-1,10,-6.39067863154183,-12.328148767230758,5.937470135688928,-0.22690472731088018,-4.521348340050854,-11.55367861874497,5.16299998720314
000008_003_00000352#7,20,0,20,-8.90352169886305,-13.918876251128443,5.015354552265393,-2.5693313570523464,-4.691764777630608,-13.381689266254746,4.478167567391695
000008_003_00000352#7,20,1,30,-7.031675860623827,-13.615644045211972,6.583968184588145,-1.3972937092880229,-3.9919565871557086,-12.832370223730585,5.800694363106758
000008_003_00000352#8,160,-2,140,0.2766243104367234,-15.955868143417197,16.232492453853922,10.142598957080457,-4.361165289663726,-12.99454791771032,13.271172228147043
000008_003_00000352#8,160,-1,150,-2.612988418334524,-16.33537943757566,13.722391019241137,8.309209088594061,-5.417388149948577,-14.493226965586928,11.880238547252404
000008_003_00000352#8,160,0,160,-9.577433947923048,-16.51125197909636,6.933818031173313,3.2679643967208207,-7.340588987663861,-17.166180897775043,7.588746949851995
000008_003_00000352#8,160,1,170,-2.8880677194609365,-16.26512618260101,13.377058463140072,8.112257128939964,-5.495515491420894,-14.513096018659406,11.625028299198469
000008_003_00000352#9,70,-2,50,-1.490690795009062,-13.273137523127787,11.782446728118725,3.5816730616690653,-1.9858071481502395,-10.924116286997311,9.433425491988249
000008_003_00000352#9,70,-1,60,-3.7608310156700675,-15.45546542503154,11.694634409361473,1.8330202459439233,-2.507294553086103,-13.0477091564346,9.286878140764532
000008_003_00000352#9,70,0,70,-7.804838366335882,-16.150845633994965,8.346007267659083,-0.49296328970708814,-4.225318368100906,-15.868857187909411,8.06401882157353
000008_003_00000352#9,70,1,80,-9.24767363821038,-17.319784739440692,8.072111101230313,-1.4618713245683734,-4.699245605114118,-16.769834761269717,7.5221611230593375
000008_003_00000352#10,40,-2,20,-3.6454635135545104,-13.760310269602794,10.114846756048284,0.6889736418297834,-3.102608895289372,-11.611757874897789,7.966294361343278
000008_003_00000352#10,40,-1,30,-2.3930152749829103,-13.582048446570207,11.189033171587297,0.79423485535145,-1.9554218702394386,-11.500311552959921,9.10729627797701
000008_003_00000352#10,40,0,40,-8.878371285082377,-15.013254451944409,6.134883166862032,-3.9655525362948563,-3.680990488692599,-14.23548646102032,5.357115175937944
000008_003_00000352#10,40,1,50,-11.083564990559292,-15.506133917180794,4.422568926621501,-5.19105170335105,-4.6606850271133204,-15.669343680067891,4.585778689508599
000008_003_00000352#12,140,-2,120,-0.13827763485761757,-14.938627844021322,14.800350209163705,7.494531334904205,-2.788422734686434,-12.431267719078145,12.292990084220527
000008_003_00000352#12,140,-1,130,0.1869318970191074,-14.49091908606011,14.677850983079217,7.717128773128409,-2.6858106410339113,-11.571560171445496,11.758492068464603
000008_003_00000352#12,140,0,140,-8.609120540471004,-16.20844193439475,7.599321393923745,1.6169427013009186,-5.381677006696532,-15.82795183651902,7.218831296048016
000008_003_00000352#12,140,1,150,-4.68160311413977,-15.49764052841158,10.816037414271811,4.48972612483465,-4.32694300389903,-14.055338670275269,9.3737355561355
000008_003_00000469#0,0,0,0,-6.977109942607433,-8.111331904627779,1.1342219620203462,0.0,0.0,-9.739872339484437,2.7627623968770045
000008_003_00000469#0,0,1,10,-9.44391414174175,-13.278431547387726,3.8345174056459754,3.4986588955148186,-5.965463094649136,-13.117697915762959,3.6737837740212083
000008_003_00000469#2,220,-2,200,-2.350336018676913,-17.001726734447637,14.651390715770724,3.8649282693840297,-3.146948998076806,-15.21800305099928,12.867667032322368
000008_003_00000469#2,220,-1,210,-5.934961891400794,-17.44140071045614,11.506438819055345,1.3757566013675055,-4.242403202784164,-16.716649932367993,10.781688040967198
000008_003_00000469#2,220,0,220,-9.536693260973404,-18.547480063980373,9.010786803006969,-0.9125443908897117,-5.555833580099556,-19.039874056081345,9.50318079510794
000008_003_00000469#2,220,1,230,-6.102518485700868,-18.60348148560304,12.500962999902173,1.6349997897550956,-4.669202985471827,-17.90033127584987,11.797812790149
000008_003_00000469#3,40,-2,20,-5.588896379545222,-13.129506492490126,7.540610112944904,1.7706299606444214,-2.783293742869229,-11.80086069740147,6.211964317856248
000008_003_00000469#3,40,-1,30,-6.142154897690033,-14.691655991636043,8.54950109394601,1.6363764316215752,-3.2022987319911937,-13.658584715374777,7.516429817684744
000008_003_00000469#3,40,0,40,-7.466634883172558,-15.34596181934408,7.8793269361715215,1.1890240660649152,-4.079426351917059,-14.85702815762379,7.390393274451231
000008_003_00000469#3,40,1,50,-8.59571098472765,-14.910509330303341,6.314798345575692,0.18419970560080667,-4.203678093008041,-14.414144898839709,5.81843391411206
000008_003_00000469#4,20,-2,0,-5.292406578506785,-10.067777174319087,4.775370595812301,0.0,0.0,-8.815430565424508,3.523023986917723
000008_003_00000469#4,20,-1,10,-6.783634468417491,-11.873352594228505,5.0897181258110145,1.1520289188818413,-2.6432568087925468,-9.256947671075993,2.4733132026585025
000008_003_00000469#4,20,0,20,-7.4690378428771185,-12.635149014810827,5.166111171933708,1.4866720011080994,-3.6633032654784325,-12.004214833507843,4.535176990630725
000008_003_00000469#4,20,1,30,-8.698709110900111,-12.83000775778094,4.131298646880829,0.0531984224884825,-3.4595009548818085,-11.773328007258547,3.0746188963584355
000008_003_00000469#6,170,-2,150,-0.26792206445947286,-16.075764570497753,15.80784250603828,9.900773525335127,-6.609584373314783,-13.62983138004006,13.361909315580586
000008_003_00000469#6,170,-1,160,-3.3132010178927818,-15.620215298403988,12.307014280511206,7.515073697341716,-7.269163498754681,-14.033643675391305,10.720442657498523
000008_003_00000469#6,170,0,170,-7.768894010797537,-17.461611225644518,9.692717214846981,4.8573651291542275,-9.067147923471946,-16.98847799359719,9.219583982799653
000008_003_00000469#6,170,1,180,-4.456956231738118,-16.822794775929736,12.365838544191618,7.21605401063423,-8.113899025892533,-15.621082780861892,11.164126549123774
000008_004_00000665#4,130,-2,110,-3.802652104286789,-14.554844387064854,10.752192282778065,3.590163029740256,-2.5558877499597292,-13.10212150172182,9.29946939743503
000008_004_00000665#4,130,-1,120,-2.8483088212985006,-15.081198790170724,12.232889968872223,4.667223144391308,-2.6786045816224924,-13.743538488259256,10.895229666960756
000008_004_00000665#4,130,0,130,-11.317024349006457,-17.393890975797,6.076866626790542,-1.8704865472857715,-4.60961041765337,-16.403778818314247,5.08675446930779
000008_004_00000665#4,130,1,140,-12.316482752964887,-17.802220401738566,5.485737648773679,-1.6061285364432756,-5.873426832454296,-17.94974620475966,5.633263451794772
000008_004_00000665#11,90,-2,70,-1.153647533890478,-14.174282142782388,13.02063460889191,4.045959165196156,-2.073800025271045,-11.343132766720183,10.189485232829705
000008_004_00000665#11,90,-1,80,-4.066931460174075,-13.629657088063155,9.56272562788908,1.3331344491226744,-2.2742592354811606,-11.174110927764877,7.107179467590802
000008_004_00000665#11,90,0,90,-10.599217141863402,-16.45538685033475,5.856169708471349,-2.2582164073538413,-5.215194060693972,-16.455802203632906,5.856585061769504
000008_004_00000665#11,90,1,100,-0.001419440754556689,-14.027695810751633,14.026276369997076,5.107678016140964,-1.9832907830799313,-10.632799756409858,10.631380315655301
000008_004_00000665#12,220,-2,200,-0.2028079126059108,-15.12296520271336,14.920157290107449,3.649800564124793,-3.474096894988109,-13.1286861053317,12.92587819272579
000008_004_00000665#12,220,-1,210,-3.8694134231134605,-15.170265391476843,11.300851968363382,1.0794508387447883,-4.570352680115654,-14.269805138227369,10.400391715113908
000008_004_00000665#12,220,0,220,-8.39263338044817,-16.74778757132868,8.355154190880508,-1.8151622752346763,-6.198959523470899,-16.988287060811583,8.595653680363412
000008_004_00000665#12,220,1,230,-6.130246555399417,-16.612441184346192,10.482194628946775,-0.13207842597903907,-5.619656547677783,-16.373796764211992,10.243550208812575
000008_013_00000195#1,70,-2,50,-1.3864974016317841,-12.543969644647461,11.157472243015677,6.950978123320695,-3.042297868758686,-9.892964789714997,8.506467388083212
000008_013_00000195#1,70,-1,60,-0.27416325280098164,-13.496444708813982,13.222281456013,8.20322537225697,-3.182210968864158,-11.02802003425849,10.75385678145751
000008_013_00000195#1,70,0,70,-8.488314906185177,-14.652311849844425,6.163996943659248,2.7285461799120885,-5.921683429903473,-14.47097172666645,5.982656820481273
000008_013_00000195#1,70,1,80,-11.734734226662136,-14.961085024995178,3.2263507983330424,0.31750532217577376,-6.757061892644116,-15.725049350321894,3.9903151236597587
000008_042_00000273#1,40,-2,20,-4.257173558950033,-13.16590684415873,8.908733285208697,0.043124234417332374,-2.195203292455287,-11.483513512068917,7.2263399531188846
000008_042_00000273#1,40,-1,30,-2.648184558112863,-13.771324333935556,11.123139775822693,1.6714572917284198,-2.2145473489292047,-11.474143959016187,8.825959400903324
000008_042_00000273#1,40,0,40,-8.666144822071129,-16.19056358997483,7.5244187679037005,-3.121193275872851,-3.439857045286199,-15.46244025777205,6.796295435700921
000008_042_00000273#1,40,1,50,-8.626432556469933,-16.423486004995418,7.797053448525485,-2.3728924164601057,-4.148445639097749,-15.799116945002517,7.172684388532584
000008_045_00000001#0,90,-2,70,-4.81950665044651,-15.061422921180197,10.241916270733688,0.1820277014656897,-3.44507564805219,-13.387329050691584,8.567822400245074
000008_045_00000001#0,90,-1,80,0.11160767835700014,-13.981933739024743,14.093541417381743,3.413235666234881,-1.7451692840178712,-10.779355307854082,10.890962986211083
000008_045_00000001#0,90,0,90,-10.390427760957412,-17.2897839603679,6.899356199410487,-2.511537515309216,-6.322431541788186,-18.156388999525763,7.765961238568352
000008_045_00000001#0,90,1,100,-7.000922198381122,-15.717292707389168,8.716370509008046,-0.7247884261529398,-4.719675068368173,-14.631730616219409,7.630808417838287
000008_045_00000001#2,20,-2,0,-3.3727620903301414,-10.08080305488279,6.708040964552648,0.0,0.0,-8.919844195023332,5.547082104693191
000008_045_00000001#2,20,-1,10,-5.768062798136157,-13.837683583556789,8.069620785420632,1.5938222321693156,-3.989122939975331,-12.266356229904794,6.498293431768637
000008_045_00000001#2,20,0,20,-10.558662395001043,-16.421598779310386,5.862936384309343,-0.4932789035528913,-6.692621401118011,-17.301002668703894,6.742340273702851
000008_045_00000001#2,20,1,30,-5.601390431016277,-14.669652173532569,9.068261742516292,2.585510487296469,-4.814138827982605,-13.26395225036921,7.662561819352932
000008_045_00000157#0,10,-1,0,-4.6222046610923915,-9.38759658576543,4.765391924673038,0.0,0.0,-9.670930309735718,5.048725648643327
000008_045_00000157#0,10,0,10,-8.803513533801326,-13.67198921709008,4.868475683288754,1.8004409728097768,-5.981749845518711,-13.580720796554997,4.777207262753672
000008_045_00000157#0,10,1,20,-4.9477448315399695,-14.018734591639861,9.070989760099891,5.560204456483713,-5.885744626931291,-11.657734208905916,6.709989377365947
000008_048_00000361#3,180,-2,160,0.7161598850297679,-14.452235811405778,15.168395696435546,4.760328345944902,-2.6736562168539266,-11.357532006422367,12.073691891452135
000008_048_00000361#3,180,-1,170,-1.5532831352712577,-15.816959277736228,14.26367614246497,3.3275681445364356,-3.510339035746485,-12.724320022045232,11.171036886773974
000008_048_00000361#3,180,0,180,-7.803989859328897,-19.286714673797533,11.482724814468636,-0.05701544768535083,-6.376462167582338,-18.155459309707833,10.351469450378936
000008_048_00000361#3,180,1,190,-0.8601004500287104,-15.832698859502251,14.972598409473541,4.001175855215834,-3.490764061183336,-13.007151693754794,12.147051243726084
000009_008_00000241#3,30,-2,10,0.0819719526846221,-12.481585477405925,12.563557430090547,4.034916297117494,-3.13750941237598,-9.659972433120739,9.741944385805361
000009_008_00000241#3,30,-1,20,-0.34969432751299756,-12.900169482441044,12.550475154928046,2.521133855213347,-2.0553932506694528,-9.9998769477727,9.650182620259702
000009_008_00000241#3,30,0,30,-11.077936606076815,-15.767781323176639,4.689844717099824,-5.234891801909559,-5.0276098721103635,-16.496428769238218,5.418492163161403
000009_008_00000241#3,30,1,40,0.10046894408401386,-13.346108278516503,13.446577222600517,2.970694047118511,-2.054790170977605,-10.669111585838202,10.769580529922216
000009_008_00000241#5,20,-2,0,0.38864827848101235,-8.093488853548333,8.482137132029345,0.0,0.0,-8.474508482599619,8.863156761080631
000009_008_00000241#5,20,-1,10,-1.3578204230706135,-11.774309399821576,10.416488976750962,1.4186678960435817,-3.1651365975952075,-9.300835432959087,7.943015009888473
000009_008_00000241#5,20,0,20,-7.489776919708797,-13.644228784574654,6.154451864865857,-3.626321433657879,-4.252103764531931,-13.973496127147387,6.48371920743859
000009_008_00000241#5,20,1,30,-4.089703690782091,-13.731204856381892,9.6415011655998,-1.4252978026657792,-3.0530541665973243,-12.048178304843008,7.958474614060917
000009_008_00000241#6,70,-2,50,-2.430144547878676,-13.814031505013974,11.383886957135298,-0.48229993448773056,-2.013715346108301,-12.060028553789403,9.629884005910727
000009_008_00000241#6,70,-1,60,-4.76832863394767,-15.117941097832118,10.349612463884448,-2.4503454610789275,-2.383853905586098,-13.805830243548394,9.037501609600724
000009_008_00000241#6,70,0,70,-11.114316323939388,-16.11232196587761,4.998005641938221,-7.084260648163878,-4.095926408492865,-16.084073829687608,4.96975750574822
000009_008_00000241#6,70,1,80,-6.169837471039209,-15.278542858125068,9.108705387085859,-3.1857856245915714,-3.049922579164993,-14.490121849939465,8.320284378900256
000009_008_00000241#7,100,-2,80,-1.6094348936291532,-14.986482823600577,13.377047929971424,1.646664454155677,-2.8481099192855686,-12.289226821902275,10.679791928273122
000009_008_00000241#7,100,-1,90,-2.093141529862006,-14.90616664210738,12.813025112245374,1.1304262406034953,-2.8155783419662397,-12.31621301607442,10.223071486212413
000009_008_00000241#7,100,0,100,-7.1709065400580325,-16.32805337489323,9.157146834835197,-1.9834756246338907,-4.77944148692488,-15.571077934447814,8.400171394389782
000009_008_00000241#7,100,1,110,-1.0641710877768968,-14.45551908756736,13.391347999790463,1.6518791489650786,-2.308060808242714,-11.402199041736239,10.338027953959342
000009_008_00000241#9,10,-1,0,-3.7609608584156042,-9.351088679404164,5.59012782098856,0.0,0.0,-9.485831137906537,5.724870279490933
000009_008_00000241#9,10,0,10,-9.446901026767627,-12.486638298604316,3.039737271836689,-1.7957712429534989,-3.8901689253985237,-12.398964715245564,2.9520636884779368
000009_008_00000241#9,10,1,20,-7.631945398476683,-12.439617036697367,4.807671638220684,-1.9122971950802503,-1.9586873449808282,-10.75751437172046,3.1255689732437766
000009_033_00000333#6,10,-1,0,-0.13210699967486939,-12.66753983496897,12.5354328352941,0.0,0.0,-9.37339103633146,9.241284036656591
000009_033_00000333#6,10,0,10,-7.128863508490433,-14.444869002170744,7.316005493680311,-1.9559516376912098,-5.040804871124355,-13.745788420525583,6.6169249120351505
000009_033_00000333#6,10,1,20,-7.3195363472339805,-15.79715100063881,8.477614653404828,-1.0848423265244524,-6.10258702103466,-15.127788425798329,7.808252078564348
000012_008_00000163#3,60,-2,40,-1.5140542116528408,-13.246623841388256,11.732569629735416,4.734720369985569,-3.168685138906696,-10.303585525509826,8.789531313856985
000012_008_00000163#3,60,-1,50,-2.0160904266477573,-13.948725418439857,11.9326349917921,5.213458548548355,-4.149459532464399,-11.746391955125892,9.730301528478135
000012_008_00000163#3,60,0,60,-9.753245760377709,-16.551152228422403,6.797906468044694,0.758674199209187,-7.431830516855182,-16.44542442184012,6.69217866146241
000012_008_00000163#3,60,1,70,-3.8614255694565376,-14.735216922616502,10.873791353159964,3.6796588984013088,-4.460995025126133,-12.397438543778522,8.536012974321984
000012_008_00000163#4,100,-2,80,-1.5313640050546873,-14.749548345825007,13.21818434077032,1.4173564105660663,-2.676789737998435,-12.138381875527566,10.607017870472879
000012_008_00000163#4,100,-1,90,0.8669434099389655,-14.381942255235366,15.248885665174331,3.6143705547823943,-2.4754964672211104,-10.848038580867152,11.714981990806118
000012_008_00000163#4,100,0,100,-10.262130963146229,-17.48129997030798,7.219169007161751,-3.472025419642842,-6.518174865881068,-18.721272845997827,8.459141882851599
000012_008_00000163#4,100,1,110,-4.90194025335752,-16.4700244146134,11.568084161255879,-0.3060023278696944,-4.324007247865507,-15.135635119567674,10.233694866210154
000012_008_00000163#8,40,-2,20,-1.541967988254214,-12.848130869147369,11.306162880893154,1.7130064427475524,-1.8127229659839266,-10.029130823812567,8.487162835558353
000012_008_00000163#8,40,-1,30,-4.014599505702115,-13.393465468667827,9.378865962965712,0.210464485396193,-2.7828125260804684,-11.748093367144412,7.733493861442296
000012_008_00000163#8,40,0,40,-7.731066669626966,-16.53087741481828,8.799810745191316,-1.7831864701861981,-4.5056287344229276,-15.874355176338966,8.143288506712
000012_008_00000163#8,40,1,50,-6.08526917315784,-15.923302265285386,9.838033092127546,-0.5183317326156325,-4.124685975524368,-15.159097418026846,9.073828244869006
000012_008_00000163#13,30,-2,10,-1.8909102090285295,-13.578271693646137,11.687361484617607,0.5042348735448736,-2.2266245227662522,-10.449424556273778,8.558514347245248
000012_008_00000163#13,30,-1,20,0.0079660844542353,-12.863026646466942,12.870992730921177,2.0427112428944514,-1.8662245986330652,-9.489090302336505,9.49705638679074
000012_008_00000163#13,30,0,30,-9.229381403573111,-16.169013686675463,6.939632283102352,-3.5468041109654953,-5.514056732800465,-16.037146512126423,6.807765108553312
000012_008_00000163#13,30,1,40,-0.5366193742100851,-14.269754903525543,13.733135529315458,1.8098331180771607,-2.177931932480095,-11.317219983043449,10.780600608833364
000012_008_00000163#14,20,-2,0,-2.653809579645367,-9.889088594520894,7.235279014875527,0.0,0.0,-8.408235637866648,5.754426058221281
000012_008_00000163#14,20,-1,10,-1.7168901238158458,-13.185811444974588,11.468921321158742,3.073284552179061,-2.1363650963495395,-10.243581024657441,8.526690900841595
000012_008_00000163#14,20,0,20,-7.275920836637098,-14.538960287758016,7.2630394511209175,-0.42460298136324237,-4.197508275628489,-14.255307621692234,6.979386785055135
000012_008_00000163#14,20,1,30,0.7644245736226516,-12.93719462942473,13.701619203047382,5.646523952727399,-2.228289799459381,-9.487632328083535,10.252056901706187
000012_009_00000244#1,20,-2,0,-5.181124929854541,-10.228571409989913,5.047446480135371,0.0,0.0,-9.334924320110217,4.153799390255675
000012_009_00000244#1,20,-1,10,-6.541756489851311,-14.36642680262752,7.82467031277621,3.426675396991364,-4.787306956988134,-12.92615499936077,6.3843985095094595
000012_009_00000244#1,20,0,20,-7.013801575799736,-14.40016658549801,7.386365009698274,3.1711506000504905,-5.003827245995685,-12.856471541778845,5.842669965979109
000012_009_00000244#1,20,1,30,-11.961103200446797,-17.090706538305625,5.129603337858828,1.0665528325377136,-7.846531103129969,-17.386772576849847,5.42566937640305
000012_009_00000244#3,10,-1,0,-5.532393081692098,-9.063739312566835,3.5313462308747363,0.0,0.0,-9.85844081861078,4.3260477369186825
000012_009_00000244#3,10,0,10,-8.336878340847196,-14.19902968994646,5.862151349099264,2.5285613571631855,-5.333046616318283,-13.55418652556817,5.217308184720974
000012_009_00000244#3,10,1,20,-2.8792162318206476,-13.802738491623934,10.923522259803287,7.546175854018358,-4.8929990041469065,-11.143726198547265,8.264509966726617
000012_009_00000244#13,140,-2,120,-0.7693440499580575,-16.166591133933895,15.397247083975838,1.8492922884285106,-2.120758707469334,-14.049913724013924,13.280569674055867
000012_009_00000244#13,140,-1,130,-4.057727483121411,-17.672778488948673,13.615051005827262,-0.6849319255129238,-2.8749179266912535,-16.325431062738154,12.267703579616743
000012_009_00000244#13,140,0,140,-7.438550901884429,-20.294124599070113,12.855573697185683,-2.9437527983730445,-3.9969204725941503,-19.571839812343597,12.133288910459168
000012_009_00000244#13,140,1,150,0.085103844574963,-16.52415558277288,16.609259427347844,2.6868931876251567,-2.10391171213296,-14.222329844468073,14.307433689043036
000012_009_00000244#14,170,-2,150,-1.1743736127458497,-17.47917919441133,16.30480558166548,3.2664281930918184,-2.984665449039716,-15.153062511733353,13.978688898987503
000012_009_00000244#14,170,-1,160,-3.899686952854948,-18.37647095325244,14.476784000397492,1.1634990868475379,-3.6070496829045338,-16.705315905424236,12.805628952569288
000012_009_00000244#14,170,0,170,-7.156146897736006,-20.985991726119664,13.829844828383658,-1.0322416595729424,-4.667768881365111,-19.492676179173795,12.33652928143779
000012_009_00000244#14,170,1,180,-7.791785275328394,-21.553484847566963,13.76169957223857,-1.363265607004033,-4.972383311526409,-19.955139479254072,12.163354203925678
000012_009_00000325#3,0,0,0,-7.297314828053787,-10.107318670925919,2.8100038428721312,0.0,0.0,-9.59506200114803,2.2977471730942423
000012_009_00000325#3,0,1,10,-11.351937840135719,-14.928655275942567,3.5767174358068488,1.651489145376026,-5.706112157457957,-15.286212495538166,3.9342746554024473
000012_009_00000325#5,160,-2,140,-1.215778354102019,-16.425917089382963,15.210138735280944,2.679309252774982,-2.8950430173448636,-13.594779688042555,12.379001333940536
000012_009_00000325#5,160,-1,150,-2.3596280833246324,-17.538434148320025,15.178806064995392,1.9224323346315342,-3.282015828424029,-14.969277269778003,12.609649186453371
000012_009_00000325#5,160,0,160,-7.838160693814121,-20.139611093916685,12.301450400102564,-1.7796376006492194,-5.058478503632764,-18.76617921406856,10.92801852025444
000012_009_00000325#5,160,1,170,-4.162082065983096,-17.674872891320867,13.51279082533777,0.8819847599244204,-4.044022236375379,-15.816555935223024,11.654473869239927
000012_009_00000325#8,180,-2,160,-5.2150569318077125,-18.021844955950257,12.806788024142545,0.26663840200666034,-3.35480443643302,-16.224883287929092,11.00982635612138
000012_009_00000325#8,180,-1,170,-3.539605292449628,-17.486282457631216,13.946677165181587,1.6335151280969673,-3.0462295231652425,-15.131892925343154,11.592287632893527
000012_009_00000325#8,180,0,180,-7.731985416311879,-19.369976573486937,11.637991157175058,-1.3398311851030558,-4.265263333827471,-17.7072182892946,9.975232872982723
000012_009_00000325#8,180,1,190,-8.212242309624282,-19.868010134422466,11.655767824798184,-1.5392084610669663,-4.546142951175963,-18.342499638313555,10.130257328689273
000012_009_00000325#14,200,-2,180,-5.263141778447642,-19.27167196721831,14.008530188770667,-1.3099432390424668,-3.712461859239657,-17.48550547746809,12.222363699020448
000012_009_00000325#14,200,-1,190,-5.384257963397213,-19.21705623625295,13.832798272855737,-1.4245300517241906,-3.718991231507504,-17.473731549884924,12.08947358648771
000012_009_00000325#14,200,0,200,-10.629771709868555,-21.248454610051713,10.618682900183158,-5.418012423580491,-4.9710226061225455,-21.264586069611976,10.634814359743421
000012_009_00000325#14,200,1,210,-9.491774794914043,-21.0182404598609,11.526465664946855,-4.350964497665322,-4.900073617083203,-20.379024758684967,10.887249963770923
000012_014_00000184#0,190,-2,170,-3.9957472374860803,-15.41453754416037,11.418790306674289,1.5020808509464119,-2.450254564525284,-13.28491691356178,9.2891696760757
000012_014_00000184#0,190,-1,180,-6.840997284043555,-17.43278547152517,10.591788187481617,-0.2831437754073076,-3.510279984729039,-16.552632282605583,9.711634998562028
000012_014_00000184#0,190,0,190,-13.869108558633744,-19.74184073958155,5.872732180947807,-5.913987622170875,-4.907547412555662,-20.456259985940562,6.587151427306818
000012_014_00000184#0,190,1,200,-13.97579487554244,-19.43151474306885,5.455719867526408,-6.169784706390578,-4.758436645244655,-19.934422595795464,5.958627720253023
000012_014_00000184#1,50,-2,30,-6.89341252452634,-14.770047075816176,7.876634551289836,-0.07282398978374349,-4.098913414888005,-13.184763584146678,6.291351059620338
000012_014_00000184#1,50,-1,40,-3.067863302460932,-14.00647503688813,10.938611734427198,2.19010926386508,-2.5362974464714205,-11.762285240940075,8.694421938479143
000012_014_00000184#1,50,0,50,-8.330486568827345,-15.553040839316115,7.22255427048877,-1.0479954053273413,-4.560816043645412,-15.141456246913444,6.810969678086099
000012_014_00000184#1,50,1,60,-3.090709563325845,-14.12613657620356,11.035427012877715,2.445619733455432,-2.8146541769266857,-11.725205960090326,8.634496396764481
000012_014_00000184#3,10,-1,0,-4.231326625673814,-10.293536543343674,6.062209917669859,0.0,0.0,-8.724348583353466,4.493021957679652
000012_014_00000184#3,10,0,10,-7.292623529661654,-12.130830494781753,4.838206965120099,-1.5043501868668203,-1.5569467171210194,-9.497929567997636,2.2053060383359817
000012_014_00000184#3,10,1,20,-2.6616252402678313,-13.569975545769557,10.908350305501726,3.4901829940929576,-1.9204816086869747,-10.249475964223606,7.587850723955775
000012_019_00000151#4,0,0,0,-8.283942406124256,-11.252887421904608,2.9689450157803527,0.0,0.0,-9.74041484652443,1.4564724404001748
000012_019_00000151#4,0,1,10,-11.418887753444476,-13.927062589175069,2.5081748357305926,-0.6699640560687774,-2.4649812912514433,-12.61017427981709,1.191286526372613
000012_019_00000151#5,10,-1,0,-6.359423471502195,-10.038784292493963,3.679360820991768,0.0,0.0,-8.88608223264532,2.526658761143125
000012_019_00000151#5,10,0,10,-10.109255404330794,-13.474622389325651,3.365366984994857,-1.3666538059082427,-2.383178126920357,-11.234845886388028,1.125590482057234
000012_019_00000151#5,10,1,20,-8.427874132585961,-13.629276252214769,5.201402119628808,0.0076542741595586605,-2.0761049352433254,-11.269234734225085,2.841360601639124
000012_022_00000090#0,30,-2,10,-5.65012053743073,-13.461064571311965,7.810944033881235,1.2266410661796812,-2.223225356596549,-11.298003708234768,5.647883170804038
000012_022_00000090#0,30,-1,20,-6.221590843134056,-13.367778382049535,7.146187538915479,0.5813077319537991,-2.1493623280739924,-11.280954498958472,5.059363655824416
000012_022_00000090#0,30,0,30,-7.706879038701807,-14.513280953220853,6.806401914519046,-0.21288062281320919,-2.840462168874735,-12.87068653175023,5.163807493048424
000012_022_00000090#0,30,1,40,-8.530265816032614,-14.118935171345449,5.588669355312835,-1.2015339533577727,-2.6751956156609786,-12.72198072995363,4.191714913921016
000012_022_00000090#1,0,0,0,-8.41738909538637,-10.648067738395836,2.2306786430094654,0.0,0.0,-9.602502890969376,1.1851137955830051
000012_022_00000090#1,0,1,10,-8.370496063811427,-14.086089209186667,5.715593145375241,2.755532821235886,-2.7086397896609418,-13.21835483349935,4.847858769687923
000012_025_00000313#1,40,-2,20,-2.1513198212515814,-13.231300081370685,11.079980260119104,2.89716108132877,-2.10880762119651,-8.833171350542111,6.68185152929053
000012_025_00000313#1,40,-1,30,-2.3394953422963116,-14.044638494003905,11.705143151707594,3.6645485909496887,-3.0643706518621587,-10.773630165132943,8.434134822836631
000012_025_00000313#1,40,0,40,-13.262054844551045,-16.948984441557435,3.6869295970063902,-5.370224853119735,-4.952156710047468,-16.38085754041644,3.1188026958653943
000012_025_00000313#1,40,1,50,-5.3395252983979375,-16.71390535183292,11.374380053434983,1.8458521660004332,-4.24570418301453,-14.764450976201013,9.424925677803076
000012_025_00000313#2,40,-2,20,-0.961861428825225,-13.885500710168243,12.923639281343018,2.9961051867107384,-2.053884676064622,-8.963602624165881,8.001741195340657
000012_025_00000313#2,40,-1,30,-1.0901204694997908,-14.717452843411051,13.62733237391126,3.6897265443112595,-2.875765074339709,-10.596484232007445,9.506363762507654
000012_025_00000313#2,40,0,40,-11.337934916394861,-18.008182902438225,6.670247986043364,-4.451725281374838,-4.982127695548682,-16.65505337358974,5.31711845719488
000012_025_00000313#2,40,1,50,-0.3871030648264995,-15.877537672979964,15.490434608153464,4.440684220514749,-2.9237053458699074,-11.253678021031755,10.866574956205255
000012_025_00000313#3,0,0,0,-8.325725677857282,-10.168698562245602,1.8429728843883204,0.0,0.0,-10.056406732661726,1.7306810548044442
000012_025_00000313#3,0,1,10,-5.291573244082527,-14.05938424074772,8.767810996665194,5.6695003610726635,-2.635347927297909,-12.794155572164867,7.502582328082339
000012_025_00000313#4,60,-2,40,-3.543603334775847,-13.343579984447434,9.799976649671587,0.9024825442520203,-2.793513907900401,-11.44870978134741,7.905106446571564
000012_025_00000313#4,60,-1,50,-3.912628872735686,-13.041015525253965,9.128386652518278,0.4393227029485782,-2.699379604556798,-10.448719664537247,6.536090791801561
000012_025_00000313#4,60,0,60,-8.888852899823643,-14.924085757503505,6.035232857679862,-3.5011775034962627,-3.735103425199914,-12.814160061775615,3.925307161951972
000012_025_00000313#4,60,1,70,-3.429673482549717,-13.65320384322332,10.223530360673603,0.9706557104741549,-2.7477572218964053,-11.02073864371449,7.591065161164773
000012_025_00000313#5,0,0,0,-6.941625476789888,-10.311596768290412,3.3699712915005247,0.0,0.0,-9.000850593498994,2.059225116709106
000012_025_00000313#5,0,1,10,-4.918551548251646,-13.911764904441986,8.99321335619034,4.902048882415327,-2.8789749538770852,-12.318823480743395,7.40027193249175
000012_025_00000313#6,30,-2,10,-0.5288525149393504,-13.377394435008744,12.848541920069394,6.179004403412815,-2.4044233050207136,-9.390510860543136,8.861658345603786
000012_025_00000313#6,30,-1,20,-1.3783736114391658,-12.857427758675382,11.479054147236216,5.144342903762157,-2.2192829018698705,-9.085083594029031,7.7067099825898655
000012_025_00000313#6,30,0,30,-7.393145830061314,-12.350840239734712,4.9576944096733975,-0.5362802771545048,-2.5534319395753573,-8.202385007432628,0.8092391773713139
000012_025_00000313#6,30,1,40,-6.284255551612699,-12.987149107523091,6.702893555910392,0.9478008368822519,-2.928622775163499,-10.297736096173486,4.013480544560786
000012_028_00000250#0,10,-1,0,-5.129028556270329,-8.807126199030309,3.6780976427599796,0.0,0.0,-9.203750831549511,4.074722275279182
000012_028_00000250#0,10,0,10,-9.204624526763531,-13.809590731647813,4.604966204884281,2.0544270020059194,-6.1300229724991215,-13.917305123828859,4.712680597065328
000012_028_00000250#0,10,1,20,-5.077175798398628,-13.834544170206268,8.75736837180764,6.01053493546815,-5.958682177596448,-11.137645963069275,6.060470164670647
000012_028_00000250#1,40,-2,20,0.5911563871456895,-12.991590117781236,13.582746504926925,3.3933205344849275,-2.445731724659134,-8.903057686766344,9.494214073912033
000012_028_00000250#1,40,-1,30,-3.1040644285143424,-12.928753246863486,9.824688818349145,0.07217176924267532,-2.8198037750769136,-9.487372263798607,6.383307835284264
000012_028_00000250#1,40,0,40,-8.68770084727359,-15.528149988356398,6.840449141082809,-4.027012212144809,-4.304256212448676,-14.98472668614597,6.297025838872381
000012_028_00000250#1,40,1,50,0.874191884595021,-13.534128741427267,14.408320626022288,4.259518051347598,-3.0288937440724735,-10.503216303740379,11.3774081883354
000013_002_00000281#2,130,-2,110,-0.8229008391970467,-14.583352045987397,13.76045120679035,3.47872028181686,-3.895154621229169,-11.722685642565457,10.89978480336841
000013_002_00000281#2,130,-1,120,0.4563202414899834,-14.292753013647195,14.749073255137178,4.609330890999964,-3.746544149725243,-11.107481632752728,11.563801874242712
000013_002_00000281#2,130,0,130,-7.441820467283408,-17.980549518088885,10.538729050805477,-0.8542835639690738,-6.1810704035295965,-16.705790596861604,9.263970129578196
000013_002_00000281#2,130,1,140,0.33406680859104654,-15.049430550878094,15.38349735946914,4.7622735296570715,-4.021740221281287,-11.825510267345097,12.159577075936143
000013_002_00000281#3,70,-2,50,-0.13108687709432232,-14.058052812971283,13.92696593587696,7.640440508461006,-4.589250605491954,-11.388213904340281,11.257127027245959
000013_002_00000281#3,70,-1,60,-5.630535348195,-15.94326204879831,10.31272670060331,3.309799179835834,-5.758057747967462,-14.310932648455129,8.680397300260129
000013_002_00000281#3,70,0,70,-19.013667310316812,-21.846427583967127,2.8327602736503152,-3.793887007437618,-12.037503522815822,-24.41045671420282,5.396789403886007
000013_002_00000281#3,70,1,80,-20.63406572394714,-21.977241122810266,1.3431753988631279,-4.214373606760119,-13.237415337123652,-25.737541644014513,5.103475920067375
000013_023_00000075#2,140,-2,120,-6.562668979566039,-17.555834776712565,10.993165797146526,1.2204000082634376,-4.422070213487271,-17.2580703889329,10.69540140936686
000013_023_00000075#2,140,-1,130,-4.5499492576291285,-16.05227906760639,11.50232980997726,2.720486355892784,-3.9094368391797065,-15.450733431469368,10.90078417384024
000013_023_00000075#2,140,0,140,-10.591332125626433,-19.19201192447254,8.600679798846105,-1.954461327090093,-5.275872024194134,-19.613012003959508,9.021679878333074
000013_023_00000075#2,140,1,150,-8.959541830652757,-18.148046614127736,9.18850478347498,-0.607545597810228,-4.990997458500323,-18.228712704251574,9.269170873598817
000013_030_00000063#0,50,-2,30,0.46772001519849127,-14.18701870484215,14.65473872004064,6.265797520378282,-3.2468086204770557,-9.579359872517967,10.047079887716459
000013_030_00000063#0,50,-1,40,-1.8255212147267237,-15.332721671315596,13.507200456588873,4.688864187990998,-3.963116518014986,-11.347982215940362,9.522461001213639
000013_030_00000063#0,50,0,50,-8.410227820502627,-18.492093926998365,10.081866106495738,0.00404468175821604,-5.863003617558107,-17.58737192797857,9.177144107475943
000013_030_00000063#0,50,1,60,-0.13990432014913168,-15.298798332922976,15.158894012773844,6.313731927432326,-3.9023673628787225,-12.095968358063319,11.956064037914187
000013_030_00000063#1,10,-1,0,-4.985906992733864,-7.081103395398079,2.0951964026642154,0.0,0.0,-9.72897557697024,4.743068584236377
000013_030_00000063#1,10,0,10,-8.874161303975681,-14.02063672557692,5.14647542160124,3.1196379073861142,-7.007892218627932,-14.288113950042415,5.413952646066734
000013_030_00000063#1,10,1,20,-9.78339702759979,-15.053760606593508,5.270363578993718,3.1874722286354076,-7.984962263501334,-15.050153882607711,5.266756855007921
000013_039_00000063#3,0,0,0,-7.433789336532825,-13.726887007944361,6.2930976714115365,0.0,0.0,-7.095155090962515,-0.33863424557030974
000013_039_00000063#3,0,1,10,1.927917279422939,-13.614782844207522,15.54270012363046,9.594009670801162,-0.23230305484539748,-8.371034839100174,10.298952118523113
000013_039_00000063#5,10,-1,0,-6.696122029664979,-12.424820663838364,5.728698634173385,0.0,0.0,-9.173265579639677,2.4771435499746985
000013_039_00000063#5,10,0,10,-11.962899113455876,-14.62388139859702,2.6609822851411433,-2.0363206130033253,-3.230456470787572,-13.443822923402228,1.4809238099463524
000013_039_00000063#5,10,1,20,-7.6222530805142075,-13.947378832868315,6.325125752354108,1.8451737545214364,-2.771304805370665,-11.145380259297516,3.5231271787833087
000013_040_suppl_00000167#0,0,0,0,-8.822698456882657,-10.686808279705634,1.8641098228229769,0.0,0.0,-8.739368673997236,-0.08332978288542137
000013_040_suppl_00000167#0,0,1,10,-10.310296535199647,-11.439152380595177,1.1288558453955293,0.15092952526952086,-1.6385276035865113,-9.287223991893454,-1.0230725433061938
000013_040_suppl_00000333#1,10,-1,0,-6.543513041895533,-10.351487026816049,3.8079739849205154,0.0,0.0,-8.491987451277213,1.9484744093816797
000013_040_suppl_00000333#1,10,0,10,-10.725751184596263,-12.356996919237325,1.6312457346410625,-1.7511128626064778,-2.4311252800942516,-9.951564243037694,-0.7741869415585683
000013_040_suppl_00000333#1,10,1,20,-7.812969889140678,-11.719841012637591,3.906871123496913,0.5077693525586633,-1.7772261998038084,-8.532883466408991,0.7199135772683132
000013_040_suppl_00000333#3,50,-2,30,-1.7170311785516734,-13.211683701828491,11.494652523276818,1.525926109216324,-2.1835958325257314,-11.216833859032313,9.49980268048064
000013_040_suppl_00000333#3,50,-1,40,-0.7984996169639551,-12.471523022284027,11.673023405320071,2.16509929896571,-1.904237460687399,-9.759849700877952,8.961350083913997
000013_040_suppl_00000333#3,50,0,50,-7.0736921374130475,-14.736726224154445,7.663034086741398,-2.283288239613867,-3.731042442556914,-14.031333327879182,6.957641190466134
000013_040_suppl_00000333#3,50,1,60,0.15061835138956248,-13.27410409859156,13.424722449981122,2.877570111585195,-1.6675903049533662,-10.55116166671928,10.701780018108842
000013_040_suppl_00000333#4,50,-2,30,-5.117674833473146,-11.766246093443659,6.648571259970513,1.909753670235736,-0.30225889794741656,-8.929063360869055,3.811388527395909
000013_040_suppl_00000333#4,50,-1,40,-4.684517503537702,-13.85897266115494,9.174455157617238,3.089302069013575,-1.0486499667898115,-10.852316833548924,6.167799330011222
000013_040_suppl_00000333#4,50,0,50,-8.793088057304793,-15.214994023462559,6.421905966157766,0.13309998625714625,-2.201018437800474,-14.018469247790334,5.225381190485541
000013_040_suppl_00000333#4,50,1,60,-7.588853614118451,-14.240497167883838,6.651643553765387,0.7010543625409578,-1.5647383708979432,-12.540048449317403,4.951194835198953
000013_044_00000001#0,0,0,0,-7.017982239267209,-13.067661078788788,6.0496788395215795,0.0,0.0,-8.93414390345897,1.9161616641917618
000013_044_00000001#0,0,1,10,-1.574266487966156,-14.34341841631641,12.769151928350254,7.259483277679241,-1.8157675263781883,-10.344203474894222,8.769936986928066
000013_044_00000001#1,210,-2,190,-2.1232868937552514,-16.822086580186237,14.698799686430986,1.0520601560300338,-2.997155779722735,-14.345929363506462,12.22264246975121
000013_044_00000001#1,210,-1,200,-6.435514205102668,-19.143336771531853,12.707822566429186,-2.060819870857483,-4.196503064182634,-17.15681159757661,10.721297392473943
000013_044_00000001#1,210,0,210,-8.806101275917255,-19.40142543558266,10.595324159665404,-3.855979418847531,-4.771930587007175,-18.002290982813943,9.196189706896687
000013_044_00000001#1,210,1,220,-7.737226308678388,-18.912352674459324,11.175126365780937,-3.127836531886817,-4.431198506729022,-17.39541409441688,9.658187785738491
000013_044_00000001#2,30,-2,10,-5.696003591957814,-12.794716864819787,7.098713272861973,2.1787493053467157,-2.954936194923417,-10.67922041015941,4.983216818201596
000013_044_00000001#2,30,-1,20,-5.463313969742039,-14.330043374532632,8.866729404790593,3.2179108739011184,-3.761408141262045,-11.888048976903283,6.424735007161244
000013_044_00000001#2,30,0,30,-15.28594598495031,-18.1541975053326,2.868251520382291,-1.1706560255163998,-9.195473257052797,-20.047457217766905,4.761511232816595
000013_044_00000001#2,30,1,40,-22.80864555214262,-22.33496224504961,-0.47368330709301176,-5.354683611829595,-12.534145237931916,-26.427378975498716,3.618733423356094
000013_044_00000001#4,210,-2,190,-2.1232868937552514,-16.822086580186237,14.698799686430986,1.0520601560300338,-2.997155779722735,-14.345929363506462,12.22264246975121
000013_044_00000001#4,210,-1,200,-6.435514205102668,-19.143336771531853,12.707822566429186,-2.060819870857483,-4.196503064182634,-17.15681159757661,10.721297392473943
000013_044_00000001#4,210,0,210,-8.806101275917255,-19.40142543558266,10.595324159665404,-3.855979418847531,-4.771930587007175,-18.002290982813943,9.196189706896687
000013_044_00000001#4,210,1,220,-7.737226308678388,-18.912352674459324,11.175126365780937,-3.127836531886817,-4.431198506729022,-17.39541409441688,9.658187785738491
000013_044_00000001#5,30,-2,10,-5.696003591957814,-12.794716864819787,7.098713272861973,2.1787493053467157,-2.954936194923417,-10.67922041015941,4.983216818201596
000013_044_00000001#5,30,-1,20,-5.463313969742039,-14.330043374532632,8.866729404790593,3.2179108739011184,-3.761408141262045,-11.888048976903283,6.424735007161244
000013_044_00000001#5,30,0,30,-15.28594598495031,-18.1541975053326,2.868251520382291,-1.1706560255163998,-9.195473257052797,-20.047457217766905,4.761511232816595
000013_044_00000001#5,30,1,40,-22.80864555214262,-22.33496224504961,-0.47368330709301176,-5.354683611829595,-12.534145237931916,-26.427378975498716,3.618733423356094
000013_044_00000001#7,70,-2,50,-6.3878429831872445,-15.294633108825224,8.90679012563798,0.6822121117599877,-4.730102553409221,-14.451026985421791,8.063184002234546
000013_044_00000001#7,70,-1,60,-1.0970541799635747,-14.55667508345549,13.459620903491915,4.122835353129258,-2.8799369915548207,-11.522937071084444,10.42588289112087
000013_044_00000001#7,70,0,70,-7.342305591833889,-16.295387400279846,8.953081808445958,0.15279124253087062,-5.155144292826749,-15.927515189082627,8.585209597248738
000013_044_00000001#7,70,1,80,-2.727621355741178,-15.24751436819456,12.519893012453382,3.0476575284537297,-3.4353263426568965,-13.289558281243204,10.561936925502026
000013_056_00000281#4,130,-2,110,-1.8164890731143588,-15.82374728462649,14.00725821151213,3.7543730656763525,-1.825879225544301,-14.019882893400167,12.203393820285807
000013_056_00000281#4,130,-1,120,-6.446885941500149,-17.032258916558746,10.585372975058597,0.7465968804187737,-3.4484999086725123,-16.24941923712403,9.802533295623881
000013_056_00000281#4,130,0,130,-8.143182119587866,-19.199569290823156,11.05638717123529,-0.968481674651914,-3.429717531689542,-18.178075187949833,10.034893068361967
000013_056_00000281#4,130,1,140,-3.875611719910168,-17.44745850623218,13.571846786322013,2.3476346807812494,-2.478263487445007,-15.855767928650065,11.980156208739897
000013_056_00000281#9,0,0,0,-7.037496910250349,-11.219622386141358,4.182125475891009,0.0,0.0,-8.868834032427346,1.831337122176997
000013_056_00000281#9,0,1,10,-3.256307250090165,-12.904135949376485,9.64782869928632,6.096338618592167,-2.3151489584319833,-10.708487326517579,7.452180076427414
000013_056_00000281#10,60,-2,40,-1.3467860742902111,-13.452635320796453,12.105849246506242,5.714236174734531,-2.7263840445770873,-11.565844464014257,10.219058389724045
000013_056_00000281#10,60,-1,50,0.2542065171360157,-13.17509222043693,13.429298737572946,7.26208841452912,-2.673243692945449,-10.159274545502088,10.413481062638104
000013_056_00000281#10,60,0,60,-8.626872597082457,-17.492128547679716,8.865255950597259,0.45999670376914237,-4.7522310964039445,-16.71149531478814,8.084622717705685
000013_056_00000281#10,60,1,70,0.4426581347450522,-13.637413163464688,14.08007129820974,7.449040995711536,-2.671744656518829,-10.407416653399046,10.850074788144099
000014_012_00000217#1,10,-1,0,-5.24467924696866,-12.342901119218318,7.098221872249658,0.0,0.0,-9.73514131171184,4.4904620647431805
000014_012_00000217#1,10,0,10,-9.531905552532907,-13.604309884298697,4.0724043317657905,-1.6591056525214238,-2.6281206530428225,-12.350224391261738,2.818318838728832
000014_012_00000217#1,10,1,20,-8.343646868916846,-14.550207844121944,6.2065609752050985,0.33402797661853123,-3.4329955985667167,-13.660507309210038,5.316860440293192
000014_012_00000217#2,220,-2,200,-3.3205263208563167,-16.53890566402254,13.218379343166223,7.589483742557115,-5.491626022827089,-13.164865383872067,9.84433906301575
000014_012_00000217#2,220,-1,210,-5.4066938008261465,-17.588575788942514,12.181881988116366,6.0722358177124764,-6.060545577952281,-14.765581426801354,9.358887625975207
000014_012_00000217#2,220,0,220,-9.009788572257978,-19.110645593025474,10.100857020767496,3.640222467518699,-7.231626999190334,-17.089365766009504,8.079577193751525
000014_012_00000217#2,220,1,230,-8.570989176609162,-19.286146746730328,10.715157570121166,4.098047982666952,-7.250653118689771,-17.181451139568654,8.610461962959493
000014_050_00000273#3,10,-1,0,-5.040174901521347,-11.872517613351157,6.83234271182981,0.0,0.0,-8.66623470559771,3.6260598040763625
000014_050_00000273#3,10,0,10,-8.401060409490004,-13.245215293974162,4.844154884484158,-2.1962154974442663,-1.1646700105243908,-9.597522835529796,1.1964624260397922
000014_050_00000273#3,10,1,20,-7.918444591295362,-13.370644208608148,5.452199617312786,-1.3881513754008314,-1.4901183143731838,-11.496312731318634,3.5778681400232717
000015_004_suppl_00000223#2,0,0,0,-7.0677044404164056,-12.155931227662247,5.0882267872458415,0.0,0.0,-10.276772846500124,3.209068406083719
000015_004_suppl_00000223#2,0,1,10,-2.7828554821184976,-13.604308100277574,10.821452618159077,7.148231236285074,-2.863382277987166,-10.935316268698434,8.152460786579937
000016_043_suppl_00000292#5,120,-2,100,-0.7782224427826776,-15.104482359866022,14.326259917083345,1.5727888946603734,-1.4339453836921763,-12.286028075079857,11.50780563229718
000016_043_suppl_00000292#5,120,-1,110,-5.175848873758265,-16.28172727031629,11.105878396558023,-2.261368228538386,-1.9974146914690043,-13.320015030921953,8.144166157163689
000016_043_suppl_00000292#5,120,0,120,-7.584609436305099,-17.707856681566582,10.123247245261483,-3.838421349766083,-2.8291221327881413,-15.280194073005566,7.695584636700467
000016_043_suppl_00000292#5,120,1,130,-4.909409923048188,-17.056520097505086,12.147110174456898,-1.597040764468995,-2.3953032048283185,-14.443223566939011,9.533813643890824
000016_043_suppl_00000292#9,90,-2,70,-3.9520372667460357,-13.25212363663291,9.300086369886873,1.591745818461208,-1.5330749723951569,-10.131011902731045,6.178974635985009
000016_043_suppl_00000292#9,90,-1,80,-4.844139914566476,-13.596010148170349,8.751870233603873,0.9792392948676598,-1.812671096622049,-11.485326642345418,6.641186727778942
000016_043_suppl_00000292#9,90,0,90,-10.896612741563303,-18.241589178311756,7.344976436748453,-2.9674251919332413,-3.9184794368179743,-17.02427134894016,6.127658607376858
000016_043_suppl_00000292#9,90,1,100,-4.16406870377973,-14.211829750390187,10.047761046610457,1.6287361331542005,-1.7820967241218435,-11.706410960346526,7.542342256566796
000016_043_suppl_00000292#12,60,-2,40,-1.8726659502019558,-13.380446081557338,11.507780131355382,0.04834839611070407,-1.7826185806823176,-11.193040179883207,9.320374229681251
000016_043_suppl_00000292#12,60,-1,50,-6.576168508885423,-16.453616905780276,9.877448396894852,-2.7093709783026783,-3.728401764952402,-15.184597216056007,8.608428707170585
000016_043_suppl_00000292#12,60,0,60,-9.883502576449342,-17.4452618856597,7.561759309210359,-4.707495517191392,-5.037611293627608,-17.206243430720875,7.322740854271533
000016_043_suppl_00000292#12,60,1,70,-1.6501990038225252,-14.16481730227276,12.514618298450236,0.1654877092625595,-1.6772909474547424,-11.365386198195393,9.715187194372868
000016_043_suppl_00000292#14,10,-1,0,-4.285962909170291,-10.169267584829043,5.883304675658753,0.0,0.0,-8.466082587665703,4.180119678495412
000016_043_suppl_00000292#14,10,0,10,-9.051795954579815,-13.652769464767605,4.60097351018779,1.503250340251158,-6.269083385660682,-12.851955591726457,3.800159637146642
000016_043_suppl_00000292#14,10,1,20,-3.727350095833298,-14.35013090502137,10.622780809188072,6.078921160761382,-5.52030834742439,-11.036876111228779,7.30952601539548
000016_043_suppl_00000292#20,90,-2,70,-2.5444506138560117,-13.947436176815103,11.402985562959092,3.704022030708537,-2.0589237620626983,-12.05092398186347,9.506473368007459
000016_043_suppl_00000292#20,90,-1,80,-0.3447390876629868,-14.34468349179279,13.999944404129803,5.665445244377315,-1.8206354495384507,-11.291841409667512,10.947102322004525
000016_043_suppl_00000292#20,90,0,90,-7.2564604155836125,-15.587182194602416,8.330721779018804,0.16633127360814237,-3.2332428066899044,-14.822926747189099,7.566466331605486
000016_043_suppl_00000292#20,90,1,100,-0.7701545842938167,-14.974982357536303,14.204827773242487,5.512935818840992,-2.0935415206329586,-12.226218700353597,11.45606411605978
000016_044_00000085#0,10,-1,0,-4.999454929124592,-9.955023148036904,4.955568218912312,0.0,0.0,-9.724494005683324,4.725039076558732
000016_044_00000085#0,10,0,10,-10.389461568756575,-13.52964426005268,3.140182691296104,-1.063701798055936,-4.326304841576047,-14.333753576474264,3.9442920077176886
000016_044_00000085#0,10,1,20,-3.4052904407941664,-12.47366571443916,9.068375273644994,3.61588309012064,-2.021718601790214,-10.605739162975839,7.200448722181672
000016_044_00000085#1,60,-2,40,-4.318975616505895,-15.59847559309409,11.279499976588195,-0.7690289035281062,-2.2366124720696448,-14.225686566632307,9.906710950126412
000016_044_00000085#1,60,-1,50,-0.5670557486552177,-14.679690662868218,14.112634914213,2.2791734092852396,-1.532894917032313,-12.466576206132409,11.899520457477191
000016_044_00000085#1,60,0,60,-7.103384401720469,-15.325953086221517,8.222568684501049,-3.7065443069731727,-2.0835058538391515,-14.031849672386238,6.92846527066577
000016_044_00000085#1,60,1,70,-1.7996890857631733,-15.290120317120563,13.49043123135739,1.105507568234151,-1.59186241308918,-13.267147089022478,11.467458003259305
000016_044_00000085#10,20,-2,0,-3.4064778107487648,-10.089034778971016,6.682556968222251,0.0,0.0,-8.295921457437295,4.88944364668853
000016_044_00000085#10,20,-1,10,-6.083579659713893,-12.832461120142938,6.748881460429045,0.8130397029216949,-3.490141551886823,-11.035939868624444,4.952360208910552
000016_044_00000085#10,20,0,20,-8.78224398780915,-12.677914402856644,3.895670415047494,-1.9987319019437484,-3.3770342751166362,-11.53779728394889,2.755553296139741
000016_044_00000085#10,20,1,30,-7.674801553688228,-12.872922421080844,5.198120867392616,-0.294092402688213,-3.9742313402512504,-11.746922170060705,4.072120616372477
000016_044_00000169#1,40,-2,20,-1.7997647341298135,-12.469393615238292,10.66962888110848,4.110688699083367,-1.7561499226987092,-9.596763895583528,7.796999161453715
000016_044_00000169#1,40,-1,30,-2.6784739981792125,-13.368126426838195,10.689652428658983,3.3542350936191694,-1.8784055812839107,-11.471331082187199,8.792857084007986
000016_044_00000169#1,40,0,40,-11.205279588422496,-15.922248497043508,4.716968908621013,-2.422928939220554,-4.628047138687471,-16.781689106024086,5.57640951760159
000016_044_00000169#1,40,1,50,-6.628385692931082,-14.208205628670136,7.579819935739054,-0.03919698281896622,-2.4348851995976446,-12.640575667980853,6.012189975049771
000016_044_00000169#16,20,-2,0,-6.1598986057102145,-11.633787441636127,5.473888835925912,0.0,0.0,-9.012261656760732,2.852363051050517
000016_044_00000169#16,20,-1,10,-6.496162372782894,-13.309121594924797,6.812959222141902,2.51238819937649,-2.84865196644917,-11.70293344221988,5.206771069436986
000016_044_00000169#16,20,0,20,-7.224984714308945,-13.504169878508495,6.27918516419955,1.8565723277667834,-2.9216584363655143,-12.234720199708823,5.009735485399878
000016_044_00000169#16,20,1,30,-9.331998670025847,-13.85449104031962,4.522492370293774,0.06127652498733038,-3.2333765893029627,-12.341411026098905,3.0094123560730583
000016_044_00000169#17,0,0,0,-7.080452476306096,-10.659985644866401,3.579533168560305,0.0,0.0,-8.74169993357093,1.6612474572648335
000016_044_00000169#17,0,1,10,-4.986379494472722,-13.61772853824063,8.631349043767909,4.654937183809299,-2.5608642019759245,-10.332380764579408,5.346001270106687
000017_011_00000297#5,20,-2,0,-3.3167665690038444,-7.740259040795826,4.423492471791982,0.0,0.0,-9.282752131827714,5.965985562823869
000017_011_00000297#5,20,-1,10,-2.5291620977616542,-12.1744979202796,9.645335822517946,5.51121145446791,-4.72360698322572,-10.082246755433262,7.553084657671608
000017_011_00000297#5,20,0,20,-8.992998384838426,-13.50121264267449,4.508214257836064,-0.11476289963641717,-5.561468916198164,-13.900715885637672,4.9077175007992455
000017_011_00000297#5,20,1,30,-7.411698050264254,-14.254166252686488,6.842468202422234,1.50607893434784,-5.601010415608249,-13.817182556155672,6.405484505891417
000017_011_00000297#9,0,0,0,-9.093322893913209,-10.820637107113745,1.7273142132005361,0.0,0.0,-9.935310242294594,0.8419873483813856
000017_011_00000297#9,0,1,10,-4.736031845117807,-14.94448366839906,10.208451823281253,6.447474125339577,-2.0901830765441756,-11.13926354581156,6.403231700693752
000017_011_00000297#10,0,0,0,-9.47375391841331,-12.921495990868893,3.4477420724555827,0.0,0.0,-9.403749138163898,-0.07000478024941259
000017_011_00000297#10,0,1,10,-4.199823753941551,-14.410583230973991,10.21075947703244,7.8516425372714895,-2.57771237279973,-10.686784764621137,6.486961010679586
000017_011_00000297#11,0,0,0,-10.06012478450741,-12.20601226812299,2.1458874836155797,0.0,0.0,-10.039358097772583,-0.02076668673482729
000017_011_00000297#11,0,1,10,-4.3868405207353325,-14.97013688803618,10.583296367300846,7.971716630052746,-2.2984323662806676,-11.333031494454403,6.94619097371907
000017_011_00000297#13,0,0,0,-11.025870755688747,-13.279901768278757,2.2540310125900103,0.0,0.0,-9.162483090788035,-1.8633876649007117
000017_011_00000297#13,0,1,10,-8.659373174162049,-13.95573722152179,5.2963640473597415,3.8975880101722686,-1.531090428645569,-12.305832007331153,3.6464588331691044
000017_012_00000135#2,0,0,0,-10.24479219598536,-12.472727192709911,2.227934996724551,0.0,0.0,-8.824525968127244,-1.4202662278581162
000017_012_00000135#2,0,1,10,-2.045881208027076,-12.206038374720842,10.160157166693766,8.561007645537469,-0.3620966575791842,-9.512307363486968,7.466426155459892
000018_006_00000063#0,30,-2,10,-3.3713486511127186,-11.957776218173144,8.586427567060426,5.26290025594308,-2.042659167024554,-9.144917243030028,5.773568591917309
000018_006_00000063#0,30,-1,20,-2.9267057609033955,-12.876754625135067,9.950048864231672,5.294205373128169,-1.6293213940003204,-9.790556553785446,6.863850792882051
000018_006_00000063#0,30,0,30,-8.099932622287472,-13.90161029649807,5.801677674210598,0.9229071784628315,-2.4312500607190595,-11.595584944804761,3.495652322517289
000018_006_00000063#0,30,1,40,-2.977678549762799,-14.398594225452129,11.42091567568933,5.504068806660772,-1.8901576163923264,-11.406418715045666,8.428740165282868
000019_030_00000072#2,80,-2,60,-1.8347727187582947,-13.970151173206471,12.135378454448176,4.5042538738633615,-3.176292612859277,-10.85643132284207,9.021658604083775
000019_030_00000072#2,80,-1,70,-3.445180710810247,-15.012382674193105,11.567201963382859,4.1254074757471795,-4.407854206795047,-12.966359856936622,9.521179146126375
000019_030_00000072#2,80,0,80,-9.543731813121568,-16.00381595788017,6.4600841447586035,-0.20895996011113827,-6.17203787324805,-15.667147297382565,6.123415484260997
000019_030_00000072#2,80,1,90,-4.276965701296696,-15.571554212040947,11.294588510744251,3.5016340484517645,-4.6158657699860814,-13.525670370376277,9.248704669079581
000019_030_00000072#3,80,-2,60,0.8647461650116917,-13.687013937839817,14.551760102851508,6.5563666980966,-1.0041197784899776,-9.80321052654732,10.667956691559011
000019_030_00000072#3,80,-1,70,1.5240462642316466,-13.694351404102923,15.21839766833457,7.19851790294897,-0.9869708841223925,-9.900229821078078,11.424276085309724
000019_030_00000072#3,80,0,80,-8.218934871235668,-16.074660154323055,7.855725283087388,0.6400278643502331,-4.17146198099097,-15.357285651556822,7.138350780321154
000019_030_00000072#3,80,1,90,0.981573943786465,-14.094258665709583,15.075832609496048,6.756165235829107,-1.0870905374477107,-10.78263368463625,11.764207628422716
000019_038_00000205#2,0,0,0,-9.235281574684738,-10.23435107147644,0.9990694967917015,0.0,0.0,-9.245687917287155,0.01040634260241724
000019_038_00000205#2,0,1,10,-0.7997890784721307,-13.997926285446336,13.198137206974206,11.162887314353902,-2.7273948181412955,-10.497583009779008,9.697793931306878
000019_038_00000205#3,0,0,0,-8.744687083254313,-10.539248317352493,1.7945612340981807,0.0,0.0,-9.51700720276649,0.7723201195121767
000019_038_00000205#3,0,1,10,-1.2126198715112473,-13.496183716770267,12.28356384525902,10.02157505799131,-2.4895078462482454,-10.142159095786601,8.929539224275354
000019_038_00000205#4,0,0,0,-7.954200843514425,-10.000894039570696,2.046693196056271,0.0,0.0,-9.254626345459256,1.3004255019448312
000019_038_00000205#4,0,1,10,-0.3811115408042838,-13.392271065988243,13.01115952518396,9.799976240032045,-2.226886937321905,-9.283797648916618,8.902686108112334
000019_038_00000205#5,20,-2,0,-4.212343459435644,-9.791965919910215,5.579622460474571,0.0,0.0,-9.270862701681374,5.05851924224573
000019_038_00000205#5,20,-1,10,-3.917718798692495,-12.24138646806604,8.323667669373545,2.7221788463235215,-2.4275541855803726,-10.411915517606294,6.494196718913799
000019_038_00000205#5,20,0,20,-7.758325854110235,-14.696331867503538,6.938006013393303,-0.8468436305442082,-2.699138764130383,-12.85341149852407,5.095085644413834
000019_038_00000205#5,20,1,30,-4.531898206125653,-13.811054571549043,9.27915636542339,1.7733369987651413,-2.0928917454551508,-12.012663964611335,7.480765758485681
000019_038_00000205#6,70,-2,50,-6.781419362583421,-12.850005189957047,6.068585827373626,-1.228432847883616,-3.3238596867432064,-12.13284432688527,5.351424964301849
000019_038_00000205#6,70,-1,60,-6.1348422231236555,-13.945837620520571,7.8109953973969155,-0.5556631059315018,-3.3500522892355553,-12.99944649642566,6.864604273302005
000019_038_00000205#6,70,0,70,-8.314619652090144,-14.824554742918151,6.509935090828007,-1.7132670696481656,-4.37222575448538,-14.73136375903468,6.416744106944536
000019_038_00000205#6,70,1,80,-8.20995313151264,-14.370099302384231,6.160146170871592,-1.5967454308469167,-4.3840808727091245,-14.46555766525841,6.255604533745771
000019_038_00000205#7,20,-2,0,-3.8282241106083585,-8.936454140388914,5.108230029780556,0.0,0.0,-9.017011301131047,5.188787190522689
000019_038_00000205#7,20,-1,10,-4.200740831965829,-12.67954383141302,8.478802999447192,2.246252418935644,-2.618769140293115,-10.391587920754205,6.1908470887883755
000019_038_00000205#7,20,0,20,-7.735947742781874,-13.843475329650467,6.107527586868593,-1.3577836856311323,-2.549939946542383,-12.65213670334007,4.916188960558196
000019_038_00000205#7,20,1,30,-8.244142559089038,-14.145614184255127,5.901471625166089,-1.6912970249804222,-2.7246214235002575,-13.35016335465886,5.1060207955698225
000019_038_00000205#8,70,-2,50,-2.614934454677141,-13.430342086533148,10.815407631856008,6.140910631911355,-2.1900735157783373,-11.609833809424421,8.994899354747279
000019_038_00000205#8,70,-1,60,-4.343001584564895,-14.561188412712209,10.218186828147314,4.792658795107583,-2.569888808862318,-12.682879765126204,8.339878180561309
000019_038_00000205#8,70,0,70,-7.041090768793188,-16.11330614179581,9.072215373002622,3.096885784976404,-3.5722049829594322,-15.011594334729637,7.970503565936449
000019_038_00000205#8,70,1,80,-3.8496200400098246,-14.933367037244379,11.083746997234554,5.598842261576398,-2.882690730776063,-13.090442761152579,9.240822721142754
000019_041_00000141#2,30,-2,10,-0.45078310393222765,-13.967966432390547,13.51718332845832,6.229258479235032,-2.9532153528439666,-10.174983897397198,9.72420079346497
000019_041_00000141#2,30,-1,20,-2.893422146403033,-15.20857715067551,12.315155004272476,4.668192251543584,-3.8347881676233233,-12.14541710551226,9.251994959109227
000019_041_00000141#2,30,0,30,-11.7225188719333,-15.93797901695715,4.215460145023851,-3.0614671716227533,-4.934225469987254,-15.859962981373243,4.137444109439944
000019_041_00000141#2,30,1,40,-3.9611286999791364,-16.72339652376639,12.762267823787253,4.128514306176269,-4.362816775832114,-14.14422142724711,10.183092727267974
000019_045_00000145#4,20,-2,0,-1.4737496763178601,-9.474113661342514,8.000363985024654,0.0,0.0,-8.975122701190065,7.501373024872205
000019_045_00000145#4,20,-1,10,-2.0505474006415128,-12.091065333484456,10.040517932842944,2.193946795902746,-2.7707445202263967,-9.1838852082065,7.1333378075649865
000019_045_00000145#4,20,0,20,-12.111615522063186,-14.84995855748892,2.738343035425734,-7.58714111964808,-3.0507247260972443,-13.670582923254399,1.5589674011912127
000019_045_00000145#4,20,1,30,-3.8388837168381116,-13.275922119594373,9.437038402756261,-0.3173072357624611,-2.0478268047577886,-11.562486510017711,7.7236027931796
000019_045_00000145#5,20,-2,0,-5.840158099295831,-10.038136467650805,4.197978368354974,0.0,0.0,-9.238835871993132,3.398677772697301
000019_045_00000145#5,20,-1,10,-1.9038904246117525,-12.182260133421954,10.278369708810201,6.277411111268834,-2.3411434365847557,-8.589454101939678,6.6855636773279254
000019_045_00000145#5,20,0,20,-11.93370512792405,-14.788425338922522,2.8547202109984724,-3.4795566823111685,-2.6139903463170504,-13.41782945474795,1.4841243268239008
000019_045_00000145#5,20,1,30,-4.920620460523151,-13.88615001580197,8.96552955527882,2.8087192517081294,-1.8891816129354493,-12.078181968247504,7.1575615077243535
000019_045_00000145#7,10,-1,0,-3.936070652845527,-7.877760029452435,3.9416893766069077,0.0,0.0,-9.194463043975944,5.258392391130417
000019_045_00000145#7,10,0,10,-11.712923474575248,-13.612326857509593,1.899403382934345,-4.420496759187326,-3.356356062542395,-12.347919370698294,0.634995896123046
000019_045_00000145#7,10,1,20,-12.173555645228772,-14.153464973477405,1.9799093282486329,-4.850543903700757,-3.386941088682488,-12.788597875076254,0.6150422298474822
000020_010_00000089#1,240,-2,220,-3.413038217146445,-19.39697366811566,15.983935450969215,14.2646594679291,-13.588712658523342,-15.994417230591514,12.58137901344507
000020_010_00000089#1,240,-1,230,-5.922782246501231,-20.612240177635478,14.689457931134246,12.835460485324573,-14.669257705273603,-18.039314853094982,12.11653260659375
000020_010_00000089#1,240,0,240,-9.08927456939555,-21.773060431150043,12.683785861754492,10.894092906245088,-15.89438244908844,-20.634453855020006,11.545179285624455
000020_010_00000089#1,240,1,250,-9.855813245576346,-22.21435777768169,12.358544532105345,10.615755801850959,-16.382584020875107,-21.588897784512497,11.73308453893615
000020_010_00000089#7,10,-1,0,-3.5620815339116065,-11.772821533333039,8.210739999421431,0.0,0.0,-8.701384738283046,5.13930320437144
000020_010_00000089#7,10,0,10,-10.962687366202802,-12.767020129972694,1.8043327637698923,-4.038888280951116,-3.3617175513400808,-11.708510559219844,0.745823193017042
000020_010_00000089#7,10,1,20,-1.8549989655781234,-11.924331518385534,10.06933255280741,3.984819850434859,-2.2777372821013766,-8.32108458370842,6.466085618130296
000020_014_00000193#2,130,-2,110,-4.649484099177222,-14.552139082221418,9.902654983044195,-1.7306916193226782,-2.721270682781738,-13.003560685566292,8.35407658638907
000020_014_00000193#2,130,-1,120,-0.23765308631481474,-14.981184357692452,14.743531271377638,2.5343317445207862,-2.574463033762795,-12.747331368894924,12.50967828258011
000020_014_00000193#2,130,0,130,-7.870453992141639,-16.049780673605053,8.179326681463413,-3.8003200562057513,-3.872612138863082,-15.15817743057759,7.28772343843595
000020_014_00000193#2,130,1,140,-0.26553182437865175,-14.836090848667427,14.570559024288775,2.375558154135283,-2.4435681814411288,-12.168842388149551,11.9033105637709
000020_014_00000193#3,70,-2,50,-6.385206938181387,-14.9487224558815,8.563515517700113,4.611208677964473,-5.131184589885098,-14.47934615627256,8.094139218091174
000020_014_00000193#3,70,-1,60,-3.4204539934772615,-15.692217616153766,12.271763622676504,6.751228144887989,-4.30645111210449,-14.002070915590593,10.581616922113332
000020_014_00000193#3,70,0,70,-9.767868402856326,-17.282898239210873,7.515029836354547,3.020609199034014,-6.9232465756295785,-18.223530896869693,8.455662494013367
000020_014_00000193#3,70,1,80,-9.417326411601156,-16.619793398008987,7.202466986407831,2.897021796389859,-6.449117181730253,-16.570115620996635,7.152789209395479
000020_014_00000193#5,0,0,0,-7.358199249647596,-11.205349931015093,3.8471506813674967,0.0,0.0,-9.722913521204516,2.3647142715569203
000020_014_00000193#5,0,1,10,-2.99121953218582,-12.05257521036176,9.06135567817594,6.954122007063922,-2.587142289602146,-10.305664671188168,7.314445139002348
000020_014_00000193#6,0,0,0,-7.338467664995976,-8.514008728299954,1.175541063303978,0.0,0.0,-9.900271745684245,2.561804080688269
000020_014_00000193#6,0,1,10,-6.262852061959029,-12.367264616499112,6.104412554540083,4.20260154190762,-3.126985938870672,-11.370287438211065,5.107435376252036
000020_018_00000093#0,120,-2,100,-1.4482762923905206,-14.662369057394685,13.214092765004164,-0.37871268307135697,-1.3151372622290554,-12.143312355873954,10.695036063483434
000020_018_00000093#0,120,-1,110,-4.135956717975942,-15.551427158515565,11.415470440539623,-2.3871013244597545,-1.9944290464260792,-12.845516060997786,8.709559343021844
000020_018_00000093#0,120,0,120,-8.908964646352626,-17.156965020873024,8.248000374520398,-6.081746881081409,-3.072791418181109,-16.254828016457232,7.345863370104606
000020_018_00000093#0,120,1,130,0.4395455968949413,-14.833265092500767,15.272810689395708,1.3771360400041024,-1.1831640960190528,-12.039496641756779,12.47904223865172
000020_018_00000093#2,10,-1,0,-3.8033559625129394,-13.955078806916191,10.151722844403253,0.0,0.0,-9.178665921843441,5.375309959330502
000020_018_00000093#2,10,0,10,-8.93641438952543,-13.864036954368522,4.927622564843093,1.0208920455290844,-6.153950472541574,-14.66727295253475,5.7308585630093205
000020_018_00000093#2,10,1,20,-4.301066196793138,-12.991412632798419,8.690346436005282,4.729481861952012,-5.22719209623221,-10.302198914128255,6.001132717335117
000020_018_00000093#3,0,0,0,-8.423063609042247,-11.692890081565846,3.269826472523599,0.0,0.0,-9.353268822122269,0.930205213080022
000020_018_00000093#3,0,1,10,-8.717209659571624,-14.197463159383611,5.480253499811987,1.6652021335774303,-1.9593481841068079,-12.909774624953485,4.192564965381861
000021_020_00000131#2,30,-2,10,0.13804472295018932,-13.614119826566402,13.752164549516591,8.070050057594544,-1.5889006645863741,-8.605006440362125,8.743051163312314
000021_020_00000131#2,30,-1,20,1.6175523782651524,-14.032897161182756,15.650449539447909,9.911839472101693,-1.951182423778559,-9.285132501195138,10.90268487946029
000021_020_00000131#2,30,0,30,-10.199313662793289,-15.44307719123055,5.2437635284372615,1.669396023215552,-5.525605015950858,-15.881947880812703,5.682634218019414
000021_020_00000131#2,30,1,40,-3.683736359677315,-14.515851514207931,10.832115154530616,6.822217700628039,-4.162849390247372,-12.22902703578633,8.545290676109015
000023_005_00000070#2,70,-2,50,-1.6986092958007788,-13.518107715496685,11.819498419695906,8.97126745344918,-3.9655764765166825,-11.2774394524424,9.57883015664162
000023_005_00000070#2,70,-1,60,-1.46021119944875,-14.328378093858625,12.868166894409875,9.155295281616482,-3.911206208331956,-12.26562200315945,10.8054108037107
000023_005_00000070#2,70,0,70,-8.713685555525913,-15.664376569052692,6.950691013526779,4.458942929224696,-6.468328212017333,-16.04370504591183,7.330019490385919
000023_005_00000070#2,70,1,80,-8.582768390650585,-16.528535384018575,7.9457669933679895,5.0739660301824,-6.95243414809971,-16.56606519833308,7.983296807682496
000023_005_00000070#3,150,-2,130,-2.7619043132960197,-15.76704761006384,13.00514329676782,6.095948883715712,-4.203939230624014,-13.646622929693015,10.884718616396995
000023_005_00000070#3,150,-1,140,-6.777278696676932,-17.210320405201813,10.43304170852488,3.7368532316641376,-5.860217961953352,-16.140240571303536,9.362961874626604
000023_005_00000070#3,150,0,150,-7.3475865792093655,-17.560314206142152,10.212727626932786,3.5944154516859474,-6.288088064507596,-16.885308867140395,9.537722287931029
000023_005_00000070#3,150,1,160,-7.006597131243323,-16.60313652393412,9.596539392690795,3.4685916868971356,-5.821274851752741,-16.14001433461265,9.133417203369328
000023_005_00000070#4,10,-1,0,-6.336165509857697,-9.607954619485799,3.271789109628102,0.0,0.0,-9.628766147448287,3.2926006375905903
000023_005_00000070#4,10,0,10,-13.01082140924098,-14.257640221635043,1.2468188123940624,-0.9236689728138252,-5.750986926569459,-14.688748658843389,1.6779272496024085
000023_005_00000070#4,10,1,20,-9.845542349453963,-13.58507766378662,3.7395353143326577,1.0681016970963437,-4.57747853669261,-13.160491251940869,3.314948902486906
000066#0,70,-2,50,0.08650161482302288,-13.612380684249437,13.69888229907246,1.4941459085300273,-1.4929570601410975,-10.500445392389855,10.586947007212878
000066#0,70,-1,60,-2.623719208627495,-15.26519710769132,12.641477899063824,-0.5142736154867888,-2.1947583595747995,-12.949388552076249,10.325669343448753
000066#0,70,0,70,-8.091681364474478,-16.730962554116726,8.639281189642247,-3.5841374761052585,-4.592856654803313,-16.415133374076646,8.323452009602168
000066#0,70,1,80,-7.794022188041353,-16.44882996371719,8.654807775675838,-3.5432837519358484,-4.336051202539598,-15.918158983895474,8.12413679585412
000066#2,0,0,0,-10.76741537005582,-8.746602569323349,-2.0208128007324717,0.0,0.0,-8.46605007241278,-2.3013652976430397
000066#2,0,1,10,-12.405703287580161,-12.227171935694523,-0.1785313518856384,1.9219676610832837,-3.5602555786076246,-10.867255153457364,-1.5384481341227971
000066#3,0,0,0,-7.555664033370205,-11.507027030897635,3.95136299752743,0.0,0.0,-8.801322881533912,1.245658848163706
000066#3,0,1,10,-0.9724476945314198,-14.992292147535968,14.019844453004549,8.385213102958724,-1.8019967641199393,-8.524368795367348,7.551921100835928
000070#0,60,-2,40,-4.4763644835920715,-15.19091873379351,10.714554250201438,1.5614382113706724,-2.9187515645410866,-13.24162916232965,8.765264678737578
000070#0,60,-1,50,-3.239742394137977,-14.9070112228325,11.667268828694523,2.720896777362135,-2.8415880410784546,-12.986170584479687,9.74642819034171
000070#0,60,0,60,-8.625685635302911,-16.969704522074124,8.344018886771213,-1.3955113013771139,-4.111123203504141,-15.823203136815756,7.197517501512845
000070#0,60,1,70,-6.923576761518507,-16.49279792486173,9.569221163343222,0.652858165137677,-4.457383796234526,-15.737749651181256,8.81417288966275
000070#2,0,0,0,-11.547726218258386,-9.121800243517262,-2.4259259747411246,0.0,0.0,-8.961254321662661,-2.586471896595725
000070#2,0,1,10,-9.889256652467019,-11.745711270090297,1.8564546176232781,4.292241643582468,-2.6337720777911002,-9.755107638931495,-0.13414901353552366
000070#3,0,0,0,-7.170092973815352,-11.363313439622269,4.193220465806917,0.0,0.0,-9.320803686015378,2.1507107122000253
000070#3,0,1,10,-0.43561801383423315,-15.910249696696201,15.474631682861968,8.804260737026315,-2.0697857770451957,-9.804717819515444,9.369099805681211
000173#1,0,0,0,-8.870467883498339,-11.561684436025498,2.691216552527159,0.0,0.0,-10.592009871883006,1.7215419883846668
000173#1,0,1,10,-10.875497958641027,-13.048902404030276,2.1734044453892487,1.5750760775304613,-3.5801061526731495,-13.065811302866317,2.19031334422529
000303#2,120,-2,100,-4.131469019072348,-15.000822241183037,10.86935322211069,-0.7804897093689984,-2.6084873400952002,-13.465308532789946,9.333839513717598
000303#2,120,-1,110,-3.9661008253009804,-14.934316740215774,10.968215914914794,-1.0660707216177605,-2.1575381340750703,-13.284391177809356,9.318290352508376
000303#2,120,0,120,-7.6297061211041095,-16.18873677393939,8.559030652835279,-2.921481334354992,-3.965732817140968,-15.858529137146059,8.22882301604195
000303#2,120,1,130,-4.866882127583062,-14.955661745977583,10.088779618394522,-1.3843380581912355,-2.740052099783677,-13.245598904756454,8.378716777173391
000328#1,70,-2,50,0.9834018524106991,-13.08831088739274,14.07171273980344,5.995283757891189,-1.294082903648329,-9.587087354763218,10.570489207173917
000328#1,70,-1,60,0.931570765858778,-14.2406648691632,15.172235635021979,6.004515745978963,-1.3551459782880242,-10.885183245052204,11.816754010910982
000328#1,70,0,70,-18.462610484732103,-19.415194992316067,0.9525845075839641,-6.416680666508546,-8.328130816391397,-22.05592944385683,3.5933189591247263
000328#1,70,1,80,-22.48564665670878,-21.20913492923778,-1.276511727471,-8.702838457551138,-10.06500919732548,-25.149686675727523,2.664040019018742
000328#3,0,0,0,-10.573940315969928,-11.376166974840078,0.8022266588701505,0.0,0.0,-9.690419765148024,-0.8835205508219044
000328#3,0,1,10,0.9851937183010904,-13.372203367764737,14.357397086065827,12.049040441199146,-0.4899064069281289,-8.172563058913273,9.157756777214363
000415#2,180,-2,160,-5.38725213163174,-16.182424368669444,10.795172237037704,2.893911448739864,-2.913364087969745,-14.300993469507993,8.913741337876253
000415#2,180,-1,170,-5.188060102005451,-16.07747982472194,10.88941972271649,3.0123882057319085,-2.8326488153355003,-14.136953157898736,8.948893055893285
000415#2,180,0,180,-7.331452355866865,-16.54951579422563,9.218063438358765,1.3390977633274304,-3.3027506267924363,-14.802404360643415,7.470952004776549
000415#2,180,1,190,-7.8878833032796365,-16.921212288079058,9.033328984799422,0.9885342800055001,-3.508618090883277,-14.980581530479926,7.092698227200289
000415#5,200,-2,180,-1.3914326999228646,-16.511527905299495,15.12009520537663,1.1424996638012872,-2.220577510025042,-13.97807568785593,12.586642987933065
000415#5,200,-1,190,-6.448745086888256,-17.960132622260275,11.51138753537202,-2.6157272241918483,-3.519663008997298,-16.30559743206201,9.856852345173756
000415#5,200,0,200,-7.743278809019023,-18.255497779503074,10.51221897048405,-3.509430187831032,-3.9204937674888813,-16.802119693659023,9.058840884639999
000415#5,200,1,210,-5.2112412717714065,-17.81784599109969,12.606604719328285,-1.5145661432214172,-3.3833202748508793,-15.900673867914277,10.68943259614287
000415#15,60,-2,40,-4.014134449794614,-14.165087858276474,10.15095340848186,2.5367469202657484,-1.1799346754194944,-12.673982985188173,8.659848535393559
000415#15,60,-1,50,-6.508026407791277,-15.320605324863733,8.812578917072456,0.4289754910030661,-1.566055204153475,-13.596851204839355,7.088824797048078
000415#15,60,0,60,-7.080468595527812,-15.424688105005972,8.34421950947816,0.0337141004972219,-1.7432360013841652,-14.634882922578818,7.554414327051006
000415#15,60,1,70,-6.600155193124486,-15.454748134305149,8.854592941180663,0.5178975529999916,-1.7471060514836094,-14.366168091635066,7.76601289851058
000415#16,10,-1,0,-5.817818999636312,-10.766566200837342,4.94874720120103,0.0,0.0,-8.708186935433684,2.8903679357973715
000415#16,10,0,10,-7.671119220058176,-13.302150474403645,5.631031254345468,-0.45523245371982446,-1.3980677667020394,-9.742270127321428,2.0711509072632515
000415#16,10,1,20,-4.3305495915038374,-12.666080280787611,8.335530689283773,2.4755066338148266,-0.9882372256823517,-10.438737461184035,6.108187869680197
000415#17,20,-2,0,-6.709932068160887,-10.096385631771948,3.3864535636110613,0.0,0.0,-9.354840388930292,2.644908320769405
000415#17,20,-1,10,-5.823917106861916,-12.685190863617017,6.8612737567551,2.7936177514536786,-1.9076027901547072,-10.333275984723668,4.509358877861752
000415#17,20,0,20,-8.47736274705623,-13.895239229596125,5.417876482539896,-0.1125743006343436,-1.6548563782609982,-12.105614444832483,3.6282516977762533
000415#17,20,1,30,-1.0887041646461952,-13.367074205741636,12.27837004109544,6.763570429942948,-1.1423425264282554,-10.994857671332916,9.90615350668672
000433#7,0,0,0,-8.773631324041592,-11.378717903534216,2.6050865794926246,0.0,0.0,-9.974765910139242,1.2011345860976501
000433#7,0,1,10,-13.085605799555907,-13.81243324989105,0.7268274503351435,-1.2304040921771975,-3.0815703833371177,-13.916459658551451,0.8308538589955443
000437#0,30,-2,10,-1.5313035095998284,-12.83504994970182,11.30374644010199,4.891995134456147,-2.533911324651651,-9.756871414792357,8.225567905192529
000437#0,30,-1,20,-0.26751296499076815,-12.918349193358281,12.650836228367513,6.143242564385449,-2.5213682099718935,-9.46921376034709,9.201700795356322
000437#0,30,0,30,-14.285664401792488,-17.329611605842086,3.043947204049598,-2.0055184083779367,-8.390758674010227,-19.589504330171657,5.303839928379169
000437#0,30,1,40,-4.851319601313904,-15.117201839954078,10.265882238640174,3.4919923429570527,-4.453924624866632,-12.901723995454619,8.050404394140715
000437#1,20,-2,0,-3.981210106200682,-9.69983143677908,5.718621330578398,0.0,0.0,-8.896855069943703,4.915644963743021
000437#1,20,-1,10,-5.6523780367845475,-12.970364950485061,7.317986913700514,0.5467203098997464,-2.217888240483612,-11.297007317659626,5.644629280875078
000437#1,20,0,20,-7.682942468849561,-14.174644416227679,6.491701947378118,-1.4346613689879963,-2.2670709936608824,-12.303898868111181,4.620956399261621
000437#1,20,1,30,-7.843180904737964,-14.927482489910927,7.084301585172963,-0.6173774299169836,-3.2445933686202983,-13.909996773182948,6.066815868444984
000437#2,50,-2,30,-5.552511811549749,-14.668439907882501,9.115928096332752,0.6905244376218338,-2.893826056628284,-11.568986598697785,6.016474787148036
000437#2,50,-1,40,-3.299662783889561,-14.731595838232973,11.431933054343412,2.772471914580502,-2.722924505926764,-11.969681839480598,8.670019055591037
000437#2,50,0,50,-7.708615308820809,-15.321025844250977,7.612410535430168,-0.8910901565570608,-3.4683149597204492,-14.343127989863028,6.634512681042219
000437#2,50,1,60,-13.061436514605138,-18.170735881599615,5.1092993669944775,-5.1710711382356696,-4.54115518382617,-17.36919025034673,4.307753735741592
000437#5,30,-2,10,-5.982138446980086,-13.206932998206513,7.224794551226427,1.9456804447238998,-2.4131056896824354,-11.668173674929053,5.686035227948967
000437#5,30,-1,20,-4.9029840598836785,-14.063204136198028,9.16022007631435,3.062653542341926,-2.4509244002040544,-11.397865113562787,6.494881053679109
000437#5,30,0,30,-7.197031434742846,-15.15717426534,7.960142830597154,1.646647213878683,-3.328965446599979,-13.626605074119448,6.429573639376602
000437#5,30,1,40,-8.68755094992467,-16.26262641230029,7.575075462375619,0.4575371761955944,-3.6303749240987147,-15.010358301047333,6.322807351122663
000484#3,40,-2,20,-4.3741115113152915,-14.018215278824549,9.644103767509257,7.557846440447104,-7.603324590031881,-12.194035273685186,7.8199237623698945
000484#3,40,-1,30,-0.6240211345416249,-13.734731214705164,13.110710080163539,11.248136546181309,-7.54352431899242,-9.787745871071705,9.16372473653008
000484#3,40,0,40,-8.976099049027143,-17.985937064880456,9.009838015853314,7.382971810942603,-12.030437498239232,-17.68924873553388,8.713149686506737
000484#3,40,1,50,1.164055297144376,-13.065692804512091,14.229748101656467,13.323534996218505,-7.8308463373436155,-8.963079346828906,10.127134643973282
000525#0,0,0,0,-8.326057246578678,-11.421477256406174,3.095420009827496,0.0,0.0,-9.589244233042367,1.2631869864636887
000525#0,0,1,10,-9.962986407453084,-14.132907600607583,4.169921193154499,0.8598864798076171,-2.4968156406820228,-12.69495091969223,2.7319645122391467
000525#1,0,0,0,-7.113923583884052,-11.14657506874289,4.032651484858839,0.0,0.0,-9.356566057259702,2.24264247337565
000525#1,0,1,10,-3.800039241191283,-13.144838806420191,9.344799565228907,4.982612217894436,-1.6687278752016668,-9.798886325583892,5.998847084392609
000561#0,270,-2,250,-4.6117285687811105,-17.134543174556867,12.522814605775757,0.8663384390759115,-4.856445316951304,-15.780615691240351,11.16888712245924
000561#0,270,-1,260,-6.866454693583844,-18.055047340957984,11.18859264737414,-0.41866327744281984,-5.826169725235307,-17.55368729318911,10.687232599605267
000561#0,270,0,270,-7.748423115413027,-18.37421093473373,10.625787819320701,-0.9109517735710826,-6.215849650936227,-18.19200384314613,10.443580727733101
000561#0,270,1,280,-8.448025895066017,-18.74527732231318,10.297251427247161,-1.2603465993615326,-6.566057604798766,-18.808040556661222,10.360014661595205
000561#3,60,-2,40,-5.659046710978952,-14.472604509950358,8.813557798971406,4.960440869735157,-7.199251488401147,-12.616928172405665,6.957881461426712
000561#3,60,-1,50,-6.5736978695307,-14.87386619232143,8.300168322790729,4.9487299966442055,-8.102191773861945,-13.84184463531563,7.2681467657849295
000561#3,60,0,60,-12.207531523894115,-17.333614613944405,5.12608309005029,1.5011662067313227,-10.288461638312477,-16.91823632254805,4.710704798653936
000561#3,60,1,70,-9.239838615074863,-16.367200906582156,7.127362291507293,3.2016305143163297,-9.02123303707823,-15.354786391187458,6.114947776112595
000561#4,20,-2,0,-3.335227912498258,-9.993371704455576,6.658143791957318,0.0,0.0,-8.161114581061149,4.825886668562891
000561#4,20,-1,10,-4.826940942354161,-12.796131131589224,7.9691901892350625,0.12838913844587507,-1.6201021683017784,-10.198464746842237,5.371523804488076
000561#4,20,0,20,-7.515470075872273,-12.58234466159536,5.066874585723088,-2.8554898517660936,-1.324752311607921,-10.09011476113279,2.574644685260518
000561#4,20,1,30,-2.4887201353793857,-13.2014858403747,10.712765704995313,2.437771760861109,-1.5912639837422367,-10.484678254273357,7.995958118893971
000597#2,50,-2,30,-5.888886341483982,-14.64615164079704,8.757265299313058,1.0862503239820902,-2.874547760625092,-13.142929898028733,7.254043556544751
000597#2,50,-1,40,-3.641272469434224,-14.809665682360231,11.168393212926008,2.8760025818613695,-2.416686146454613,-12.670591250896484,9.02931878146226
000597#2,50,0,50,-7.330428033713112,-15.18905762138534,7.858629587672228,0.9803595827389144,-4.210198711611046,-14.82078536900849,7.4903573352953785
000597#2,50,1,60,-2.537840117360794,-14.33237439794842,11.794534280587627,4.0334508935288635,-2.470702106048677,-12.235044971553831,9.697204854193037
000597#3,10,-1,0,-3.8567393707889632,-9.878960323803044,6.022220953014081,0.0,0.0,-9.157987907147502,5.301248536358539
000597#3,10,0,10,-9.729990387272007,-13.719296817778933,3.9893064305069252,-2.7740298521565574,-3.0992211643264866,-14.01545608631725,4.285465699045243
000597#3,10,1,20,-6.327039656057836,-14.30142977852127,7.974390122463434,0.29267400872624494,-2.7629742939951174,-12.727735194134949,6.400695538077113
000630#0,0,0,0,-8.003683591628878,-11.422854568194936,3.4191709765660576,0.0,0.0,-9.584564730247132,1.5808811386182544
000630#0,0,1,10,-3.7467042964754027,-13.337244041299543,9.590539744824142,6.162180900744005,-1.9052016055905292,-10.022942795630064,6.276238499154661
000680#5,0,0,0,-7.043227715522152,-12.105746324904095,5.062518609381943,0.0,0.0,-8.443339386097742,1.4001116705755905
000680#5,0,1,10,-2.7138906076569516,-12.805614500592409,10.091723892935457,6.244226894685887,-1.9148897868206887,-9.753984646389412,7.040094038732461
000707#4,0,0,0,-7.771334857960145,-14.216649945902041,6.445315087941896,0.0,0.0,-9.49452857786016,1.7231937199000154
000707#4,0,1,10,2.86162407808275,-13.92250626298185,16.7841303410646,11.103916322127134,-0.4709573860842404,-9.05526303483379,11.91688711291654
000707#5,0,0,0,-7.689719472191551,-14.106007188473434,6.416287716281883,0.0,0.0,-8.864631648817635,1.1749121766260844
000707#5,0,1,10,-1.5658761070301974,-13.054699988439033,11.488823881408836,6.618987113944444,-0.4951437487830881,-9.560390275319305,7.994514168289108
000738#0,0,0,0,-7.944315309345012,-12.071236770320656,4.126921460975644,0.0,0.0,-8.384461576072974,0.44014626672796187
000738#0,0,1,10,-4.526291889618551,-12.959826292675716,8.433534403057166,5.286939617112798,-1.8689161973863362,-8.838914966920878,4.3126230773023275
000738#2,0,0,0,-7.073915944437758,-12.501978242147914,5.428062297710156,0.0,0.0,-8.500385356555645,1.4264694121178874
000738#2,0,1,10,-1.166931113424548,-13.479809571716466,12.312878458291918,7.443041704639506,-1.5360568736262978,-9.038646924297282,7.871715810872734
000738#3,0,0,0,-7.507459322642549,-11.561817950334264,4.054358627691715,0.0,0.0,-8.714142423651108,1.2066831010085588
000738#3,0,1,10,-7.765228240641635,-13.361162636325364,5.595934395683729,1.5206156786125007,-1.7783845966115868,-10.923757407089907,3.1585291664482718
000780#0,0,0,0,-9.677044908965996,-10.185453795167954,0.5084088862019573,0.0,0.0,-9.795857616013157,0.11881270704716052
000780#0,0,1,10,-6.142388125530832,-12.977686321082306,6.8352981955514736,5.298425204938265,-1.763768421503102,-10.751677908267391,4.609289782736559
000780#3,10,-1,0,-6.391909296781602,-9.778749606254959,3.3868403094733566,0.0,0.0,-9.644792462089272,3.2528831653076704
000780#3,10,0,10,-9.704551783825014,-13.17055823755993,3.4660064537349164,-0.2847683179049558,-3.0278741691384563,-13.23259629012071,3.5280445062956964
000780#3,10,1,20,-0.6096498976933908,-13.416326774092745,12.806676876399354,8.034125448302195,-2.2518660492139846,-10.462222224132754,9.852572326439363
000783#1,90,-2,70,-0.4743944688340562,-14.160790856393305,13.686396387559249,7.207181469348425,-2.1482156942193615,-11.161505090538675,10.687110621704619
000783#1,90,-1,80,0.5868241161628944,-13.768907223581179,14.355731339744073,7.9738312106660345,-1.85364685054002,-10.565742001401295,11.15256611756419
000783#1,90,0,90,-16.227880220986826,-18.631095204812638,2.403214983825812,-2.3857798041818596,-8.308740172841846,-21.061642844245323,4.833762623258497
000783#1,90,1,100,-17.23567497854878,-20.29649985141871,3.0608248728699294,-3.5956727800409864,-8.106641954544672,-21.314537577538978,4.078862598990199
000820#2,80,-2,60,-1.5669540120069776,-14.75116886998665,13.184214857979672,3.9586095516421063,-5.130378219433248,-12.012934960871432,10.445980948864454
000820#2,80,-1,70,-5.936459318624166,-16.406192451622793,10.469733132998627,1.2495173966112936,-6.790791371019624,-15.423286687182397,9.486827368558231
000820#2,80,0,80,-9.752614419304694,-18.358553612196783,8.60593919289209,-0.8123620834466045,-8.545066991642253,-19.25508183493104,9.502467415626347
000820#2,80,1,90,1.2590673095423597,-13.984207502928651,15.243274812471011,5.711030292346605,-4.056777638588409,-10.46862971305106,11.72769702259342
000820#4,190,-2,170,0.34962904536022776,-15.179554662097468,15.529183707457696,4.242643062423669,-0.6897413491592084,-11.078813655243069,11.428442700603297
000820#4,190,-1,180,-6.286069664987664,-16.76916208191767,10.483092416930006,-1.0293177033335992,-2.0534792937498327,-14.196160552875384,7.910090887887719
000820#4,190,0,190,-7.304161474494692,-17.001213783105165,9.697052308610473,-2.27434490929111,-1.8265438972993495,-13.59285758645638,6.288696111961689
000820#4,190,1,200,-4.3895433943641695,-16.220400520432396,11.830857126068226,0.09248846068783001,-1.278759187147767,-12.469195176249345,8.079651781885175
000820#5,90,-2,70,-3.522605249561175,-13.900542810125986,10.37793756056481,2.0644193295539024,-1.29443099244134,-12.388833193615008,8.866227944053833
000820#5,90,-1,80,-2.2734987696446733,-13.941805885718221,11.668307116073548,3.12910721502491,-1.1100123979958463,-11.35335527464449,9.079856504999817
000820#5,90,0,90,-6.996771959169068,-15.344026807467321,8.347254848298252,-0.8148638288401258,-1.8893145436552046,-13.497351662608784,6.500579703439716
000820#5,90,1,100,-1.5968088714446864,-14.158887802006792,12.562078930562105,3.664418139173494,-0.9686334239444432,-11.05304035472502,9.456231483280334
000820#7,20,-2,0,-4.614875407538513,-12.200600368118398,7.585724960579885,0.0,0.0,-8.554108941633865,3.9392335340953526
000820#7,20,-1,10,-5.057643027568423,-12.345491639214229,7.287848611645806,1.3926883108629746,-1.8354559308928846,-9.654880888172551,4.597237860604128
000820#7,20,0,20,-7.576795396324282,-12.825273376008107,5.248477979683826,-1.5358032827393342,-1.4261167060464346,-10.27409805820237,2.697302661878088
000820#7,20,1,30,-1.9658436765755027,-12.9368503004352,10.971006623859697,3.479883372696467,-0.830851641733457,-10.063214293911734,8.097370617336232
000889#5,10,-1,0,-5.172955984032665,-9.910293035494472,4.737337051461807,0.0,0.0,-9.796050475055994,4.623094491023329
000889#5,10,0,10,-7.1223657721122295,-13.330169167550288,6.2078033954380585,1.230677825085451,-3.1800876131650155,-11.344335576016853,4.221969803904623
000889#5,10,1,20,-7.663522809087833,-12.674624510086534,5.011101700998702,0.74048925316441,-3.2310560782195776,-12.527981040176316,4.864458231088483
000889#6,80,-2,60,-2.6001050385466655,-13.442951006122785,10.84284596757612,-0.023432635094283505,-2.059748988867594,-11.282629860694387,8.682524822147721
000889#6,80,-1,70,-1.29841271102576,-14.622721913332992,13.324309202307232,2.0088858577547195,-2.7903751541956914,-12.690992499398577,11.392579788372817
000889#6,80,0,80,-8.817583453834448,-16.574651801439444,7.757068347604996,-2.612248050511942,-5.688411988737718,-16.855116161221193,8.037532707386745
000889#6,80,1,90,0.4637040232196732,-13.86403499158357,14.327739014803242,3.1770112293479915,-2.196383791543532,-11.370272531147867,11.83397655436754
000889#7,0,0,0,-9.182560327875942,-10.462493027497326,1.2799326996213836,0.0,0.0,-9.184583208660735,0.0020228807847928465
000889#7,0,1,10,-8.999431824567123,-12.123908078629196,3.1244762540620723,2.1736755738752658,-1.9905470705664472,-10.165640582842151,1.1662087582750278
000889#8,0,0,0,-10.664185994896139,-10.735286288202955,0.07110029330681655,0.0,0.0,-9.216690522676712,-1.4474954722194262
000889#8,0,1,10,-8.508174276048647,-12.035743378441492,3.527569102392844,5.406802933474328,-3.2507912146268363,-9.786703447781683,1.2785291717330356
000889#9,0,0,0,-9.485653894770852,-11.448617516649277,1.9629636218784245,0.0,0.0,-9.771068222293126,0.2854143275222736
000889#9,0,1,10,-9.061363696936514,-12.058493883314785,2.9971301863782713,2.3946513665253417,-1.9703611686910034,-10.30358514311097,1.2422214461744563
000889#13,60,-2,40,-6.387177698492161,-15.027516951668026,8.640339253175865,-2.9121093090893173,-2.440332180266624,-14.183173300502395,7.795995602010233
000889#13,60,-1,50,-6.185689652573004,-15.052587208496156,8.866897555923153,-2.721511507485165,-2.4294419359516186,-14.173679641976761,7.987989989403758
000889#13,60,0,60,-8.976326742700241,-16.519775703337906,7.543448960637665,-4.60663811452606,-3.334952419037961,-16.40522096741962,7.428894224719379
000889#13,60,1,70,-3.7241764545013716,-15.756981695397327,12.032805240895955,-0.2984180551430349,-2.3910221902221167,-14.563551341498295,10.839374886996923
000889#14,20,-2,0,-5.5086815318438545,-10.323507541736632,4.814826009892777,0.0,0.0,-8.129180853180547,2.620499321336692
000889#14,20,-1,10,-5.798375834967413,-11.527396015278882,5.729020180311469,1.1604698420232635,-1.4501641451468217,-9.365900606757828,3.5675247717904153
000889#14,20,0,20,-9.510392229979091,-12.66030673226662,3.149914502287528,-2.1849704874437674,-1.8167402106914694,-9.952140406814342,0.4417481768352509
000889#14,20,1,30,-6.198404436170288,-12.11882202460093,5.9204175884306425,1.3054668950248178,-1.9951897993512517,-9.208313817249406,3.009909381079118
000943#1,70,-2,50,-3.0965312647051233,-16.08801357476213,12.991482310057005,6.794509365148635,-3.182989639459311,-12.327489134830763,9.23095787012564
000943#1,70,-1,60,-4.25080050188005,-16.617943510136236,12.367143008256186,6.325657960378644,-3.8684074718642467,-13.8449309675679,9.594130465687849
000943#1,70,0,70,-8.654013799390892,-17.815276424619114,9.161262625228222,2.7582934498078022,-4.7042562588042465,-14.822329377065529,6.168315577674637
000943#1,70,1,80,-5.664227927448593,-18.333281731779806,12.669053804331213,6.087873474117632,-5.044050411171778,-15.463557507088018,9.799329579639425
000943#3,130,-2,110,-0.17963047962096823,-15.067121542358707,14.88749106273774,5.590121214254011,-1.0319115982873326,-12.324478391810667,12.144847912189698
000943#3,130,-1,120,1.4949938800243494,-14.795954673363187,16.290948553387537,7.090581128958444,-0.8577471533464487,-10.795676885094275,12.290670765118625
000943#3,130,0,130,-8.285292381579497,-17.014972379607887,8.72967999802839,-0.7886954984813852,-2.7587567875104653,-14.298764851764423,6.013472470184926
000943#3,130,1,140,-3.1470456125976227,-16.317710260716577,13.170664648118954,3.6436798202269642,-2.0528853372369404,-14.058129264425013,10.91108365182739
000943#4,0,0,0,-7.038136129141931,-11.387395753655056,4.349259624513126,0.0,0.0,-8.27457235638268,1.23643622724075
000943#4,0,1,10,-7.753169488774285,-12.818149003337204,5.0649795145629195,1.3352382087793062,-2.0502715684116612,-12.396323342217512,4.643153853443227
000943#6,0,0,0,-7.375921006275888,-11.744900034566985,4.368979028291097,0.0,0.0,-9.011442695809604,1.6355216895337161
000943#6,0,1,10,-0.7315112602663199,-16.768518040923247,16.037006780656927,9.595466829899234,-2.9510570838896655,-9.864845341528993,9.133334081262673
000943#7,0,0,0,-7.413844469669529,-11.545001542338088,4.131157072668559,0.0,0.0,-8.050327753636745,0.6364832839672161
000943#7,0,1,10,-1.024833694482158,-15.779522719944403,14.754689025462245,8.567474186343132,-2.1784634111557604,-8.854332936794597,7.829499242312439
001033#1,40,-2,20,-0.7576374829739692,-13.617614199532381,12.859976716558412,8.939211636206917,-2.994606957298622,-9.550447053670792,8.792809570696823
001033#1,40,-1,30,-4.1724964694691185,-13.740329824050502,9.567833354581383,6.379347093713868,-3.8496014013007205,-11.308194307330844,7.135697837861725
001033#1,40,0,40,-7.014724800477731,-15.095881876428733,8.081157075951001,4.23453019706079,-4.547012835656256,-13.369675230018794,6.354950429541063
001033#1,40,1,50,-4.88713370218364,-15.424652268856082,10.537518566672443,6.317342102768376,-4.50223364306975,-13.078356852662294,8.191223150478654
001033#2,0,0,0,-7.374312815391684,-14.129491756160519,6.755178940768835,0.0,0.0,-10.112154978969906,2.7378421635782226
001033#2,0,1,10,-6.203148729419821,-14.052330520211756,7.849181790791935,4.204391102426891,-3.033227016455029,-10.521016677422969,4.317867948003148
001033#9,40,-2,20,-3.709490775900055,-11.730703291255637,8.021212515355582,1.3430811482985434,-2.481634106174955,-8.246218852572271,4.536728076672216
001033#9,40,-1,30,-3.11646362722559,-12.073743210774058,8.957279583548468,1.8357257062231391,-2.381251515425086,-7.842332004907746,4.725868377682156
001033#9,40,0,40,-9.375266191747993,-12.8979480980384,3.5226819062904067,-3.4970870309999413,-3.3072413427244087,-10.667525430373038,1.2922592386250447
001033#9,40,1,50,-8.297747252955546,-13.55117883926269,5.253431586307144,-2.7609832605829636,-2.9658261743489387,-9.835957972227137,1.538210719271591
001035#7,0,0,0,-8.108592974113382,-13.60721180406383,5.498618829950448,0.0,0.0,-9.90086236895177,1.7922693948383888
001035#7,0,1,10,-8.375509924533002,-14.54883329957039,6.173323375037388,3.1249098694357116,-3.391826819855332,-12.144648521174132,3.7691385966411293
001035#9,0,0,0,-7.278466365050402,-12.226349087852997,4.947882722802595,0.0,0.0,-10.230739008039034,2.952272642988632
001035#9,0,1,10,-5.251637392822671,-14.173784277031654,8.922146884208983,5.061492523397718,-3.034663551169987,-10.993708805781532,5.742071412958861
001035#10,0,0,0,-7.718244110360548,-12.649709665884892,4.931465555524344,0.0,0.0,-9.706687881970154,1.9884437716096066
001035#10,0,1,10,-6.04247577192871,-14.498470560439166,8.455994788510456,4.849212815275434,-3.173444476843597,-12.56842347370912,6.525947701780409
001114#7,30,-2,10,-5.316257447180954,-13.418026255559393,8.10176880837844,2.117092306307323,-2.657849572796466,-10.885765759387375,5.5695083122064215
001114#7,30,-1,20,-5.367398347679966,-14.496198893343923,9.128800545663957,2.8026511765647903,-3.3945493435529457,-11.59450375345297,6.227105405773004
001114#7,30,0,30,-9.799262042958812,-15.723041280473431,5.923779237514619,-0.22118309604239883,-4.8025787662246024,-14.014805516449691,4.215543473490879
001114#7,30,1,40,-9.966966297819624,-15.389925504704117,5.422959206884492,-0.10969209063033425,-5.081774026497479,-14.423677736273648,4.456711438454024
001114#10,0,0,0,-9.95865582627032,-10.166425524529593,0.20776969825927338,0.0,0.0,-10.547769503804394,0.5891136775340744
001114#10,0,1,10,-11.023424655433608,-14.740547611197922,3.7171229557643137,3.1218410900437306,-4.186609919207019,-14.299057854360571,3.275633198926963
001123#0,90,-2,70,-3.752219902719215,-12.951536933969363,9.199317031250148,-1.1694151634862173,-1.271739022881924,-11.197852845870948,7.4456329431517325
001123#0,90,-1,80,-2.26484970611663,-13.393541936741512,11.128692230624882,0.22632634246532124,-1.1801103322308775,-11.16613375605904,8.90128404994241
001123#0,90,0,90,-11.363459316086018,-16.512809513395236,5.149350197309218,-6.718105281607702,-3.3342883181272427,-15.446546844078398,4.0830875279923795
001123#0,90,1,100,-11.247224265223839,-17.025123896925166,5.777899631701327,-5.2494208472082775,-4.686737701664487,-17.349952540725535,6.102728275501697
001123#1,90,-2,70,0.4243442562938071,-14.860439568507646,15.284783824801453,7.480751861573126,-2.259099690263807,-10.897625596058552,11.321969852352359
001123#1,90,-1,80,0.8769257640979671,-14.680559526991246,15.557485291089213,7.775561072168863,-2.1013273930553833,-10.202478343723191,11.079404107821158
001123#1,90,0,90,-7.081653698431966,-16.316606390674682,9.234952692242716,2.311518037586678,-4.595863821003132,-14.5771926950081,7.495538996576133
001123#1,90,1,100,-14.901293770900896,-17.72136925543842,2.8200754845375258,-3.427692159938509,-6.676293695946875,-18.626727688942722,3.7254339180418263
001123#2,170,-2,150,-5.474587704733395,-18.044525407889974,12.56993770315658,0.6311943987770929,-5.044124587784551,-16.754562973550453,11.279975268817058
001123#2,170,-1,160,-4.906686759104602,-17.516790946199563,12.610104187094962,0.8248515628503537,-4.669880806229019,-16.37903022221268,11.472343463108079
001123#2,170,0,170,-8.264889020436108,-18.713966111642982,10.449077091206874,-1.361739988644315,-5.841491516065856,-18.676220691077507,10.411331670641399
001123#2,170,1,180,-7.438987848040121,-19.61796532299291,12.178977474952788,-0.014890974349152764,-6.362439357965031,-19.458873856546965,12.019886008506845
001123#4,30,-2,10,-2.53006618950832,-13.729940186222652,11.199873996714333,4.4049684706155885,-2.8007006410759097,-10.05728972301093,7.52722353350261
001123#4,30,-1,20,-1.4020061883658528,-13.33285506741979,11.930848879053936,4.986821873663466,-2.2544940429813205,-9.375239940870259,7.973233752504406
001123#4,30,0,30,-9.23055063710235,-13.745903719636221,4.515353082533871,-0.8283944760018476,-4.267822142052504,-11.988217988876604,2.757667351774254
001123#4,30,1,40,-0.6264456805320968,-12.55641951213018,11.929973831598083,5.554168522723053,-2.0462801842071516,-8.6089252615783,7.982479581046203
001123#7,70,-2,50,-4.29752814018601,-15.705193948936952,11.407665808750941,0.9153263794714954,-3.239817534016784,-13.62305608789111,9.3255279477051
001123#7,70,-1,60,-6.517006256808822,-16.935389923952677,10.418383667143855,-0.5843290749025498,-3.9596401962655503,-15.112194366292925,8.595188109484104
001123#7,70,0,70,-9.424634596058683,-16.84041670654569,7.415782110487006,-2.5060620090978176,-4.9455356013201435,-16.643960428705626,7.219325832646943
001123#7,70,1,80,-2.635082197809183,-15.891517911215999,13.256435713406816,2.154076235834097,-2.8161214480025585,-13.283684185759661,10.648601987950478
001123#8,30,-2,10,-5.183770903803079,-12.62257013896966,7.438799235166582,-1.5339900641733815,-2.203730757359036,-10.083038930000132,4.899268026197054
001123#8,30,-1,20,-5.5954307351091215,-13.16617063328122,7.570739898172099,-2.09036938230543,-2.0590112705330306,-10.961506509707023,5.366075774597902
001123#8,30,0,30,-12.103642817977896,-14.789052427477852,2.685409609499956,-6.929807362290574,-3.7277853734166615,-13.782010174663219,1.6783673566853228
001123#8,30,1,40,-13.199760921913072,-15.585804647099106,2.3860437251860347,-6.8199869031274405,-4.93372393651497,-15.913049909029246,2.713288987116174
001123#10,170,-2,150,0.08196659485873425,-16.147810843524532,16.229777438383266,10.235152975588797,-4.223646272498672,-12.696178371472824,12.778144966331558
001123#10,170,-1,160,-4.714473192765839,-18.020014853288735,13.305541660522897,7.178693935155013,-5.9636270196894605,-16.182214439940996,11.467741247175157
001123#10,170,0,170,-7.050022577015511,-18.37449424547861,11.324471668463097,5.521145155383078,-6.641627624167198,-17.254645117666822,10.204622540651311
001123#10,170,1,180,-6.8762869037125185,-18.581079127310517,11.704792223597998,5.890887479032266,-6.837634274513393,-17.54446117834686,10.668174274634342
001123#11,30,-2,10,-2.326849730811574,-14.551647549072452,12.224797818260878,4.423213574468104,-2.5082466323075,-10.434332058018898,8.107482327207324
001123#11,30,-1,20,-1.7000484147070836,-14.69375878692686,12.993710372219777,5.018122465370626,-2.4763542071055307,-10.877532647275324,9.17748423256824
001123#11,30,0,30,-7.40826708491586,-14.171436196717348,6.7631691118014885,0.566232878673965,-3.732683290617646,-12.890927009238382,5.4826599243225225
001123#11,30,1,40,-7.32754515703826,-16.199971563119504,8.872426406081244,1.6791178793337758,-4.764846363399858,-15.223670172937181,7.896125015898921
001123#12,40,-2,20,-5.835885174653479,-14.004661544449782,8.168776369796303,1.7790168226936967,-4.004494863539692,-12.205455915758664,6.369570741105186
001123#12,40,-1,30,-5.769857725305835,-14.871282671756322,9.101424946450487,2.684733812238391,-4.844184403736743,-12.282927360300318,6.513069634994483
001123#12,40,0,40,-9.140400697718785,-16.820599681623367,7.680198983904582,0.9098469220230472,-6.43984048593435,-16.343973140543483,7.203572442824697
001123#12,40,1,50,0.26169499662073115,-14.668122446182299,14.92981744280303,7.039607766721667,-3.167505636293453,-10.965988122446772,11.227683119067503
001123#13,40,-2,20,-5.432088049222569,-12.65527277690201,7.22318472767944,2.026084747767671,-1.4314758992448002,-10.519777199422887,5.087689150200317
001123#13,40,-1,30,-2.3760853386203973,-12.46806196995474,10.091976631334342,4.8148154418103,-1.164203882685257,-10.694585287918295,8.318499949297898
001123#13,40,0,40,-7.4061353875502505,-14.63740135095179,7.23126596340154,0.8990441310494877,-2.278482620854298,-14.049911755859592,6.643776368309341
001123#13,40,1,50,-7.164166583323526,-15.597247000972096,8.43308041764857,1.3834096430170453,-2.5208793285951314,-14.767687635003218,7.603521051679692
001123#19,0,0,0,-7.079956721323029,-9.79700849409791,2.71705177277488,0.0,0.0,-9.648019841807246,2.568063120484217
001123#19,0,1,10,-4.906753497312972,-12.569969425950955,7.663215928637983,4.5071686214191775,-2.3339653974091212,-10.890462287321073,5.983708790008101
001123#21,0,0,0,-8.403002857515265,-12.435958271940468,4.032955414425203,0.0,0.0,-9.9549910094705,1.5519881519552357
001123#21,0,1,10,0.16147440506774657,-14.426723509278744,14.588197914346491,11.030933155189546,-2.4664558926065343,-9.747076516612585,9.908550921680332
001135#4,0,0,0,-9.822507157407,-12.383338582091238,2.5608314246842383,0.0,0.0,-10.278134191782533,0.4556270343755333
001135#4,0,1,10,-6.830265644399184,-14.810561268670696,7.980295624271513,5.444630005663905,-2.4523884926560893,-12.380664318784659,5.550398674385475
001135#6,0,0,0,-7.885474305204582,-13.180126991122737,5.294652685918155,0.0,0.0,-10.050217029564747,2.164742724360165
001135#6,0,1,10,-5.124056594178018,-14.159048491862865,9.034991897684847,5.5999793535410385,-2.838561642514475,-11.507516922101667,6.383460327923649
001135#7,0,0,0,-8.357612113935485,-11.446305361789229,3.088693247853744,0.0,0.0,-10.260086417948937,1.9024743040134524
001135#7,0,1,10,-8.311700825458662,-14.322336557242945,6.010635731784284,3.1967952873313763,-3.150883998854553,-11.80449350994967,3.4927926844910093
001202#3,20,-2,0,-5.8844215399374855,-14.27823054255585,8.393809002618365,0.0,0.0,-9.81334718120314,3.9289256412656544
001202#3,20,-1,10,-5.508594736538932,-14.0476873673381,8.539092630799168,3.706473766388712,-3.330646962990158,-11.63160773969121,6.123013003152279
001202#3,20,0,20,-12.667528558397002,-15.181917108201956,2.514388549804954,-0.6381730501774929,-6.144933968282023,-15.964680851136633,3.2971522927396304
001202#3,20,1,30,-16.08669969419467,-16.041188114945648,-0.04551157924902327,-2.996683799062235,-7.20559435519495,-17.377887792296008,1.2911880981013368
001202#4,30,-2,10,-4.326430258930536,-14.61674080571918,10.290310546788644,3.535292142841365,-5.12186179811509,-12.349186954096814,8.022756695166278
001202#4,30,-1,20,-3.955332071414645,-14.780571375765703,10.825239304351058,5.392383590340943,-6.607855058098777,-12.330202153080558,8.374870081665913
001202#4,30,0,30,-13.276726550362437,-15.925876249997266,2.6491496996348296,-0.5381821985434816,-9.998683748162144,-17.73427329224172,4.457546741879284
001202#4,30,1,40,-11.79011663520452,-16.852436552746276,5.062319917541757,1.087933372339743,-10.138189403887452,-17.54232482123732,5.752208186032799
001257#0,10,-1,0,-1.7362379351126167,-10.65268128770839,8.916443352595774,0.0,0.0,-8.252234203656117,6.515996268543501
001257#0,10,0,10,-7.385405622609973,-15.101929674743523,7.7165240521335505,-2.093650527478607,-3.5555171600187494,-14.385462990068854,7.000057367458881
001257#0,10,1,20,-11.082807560852395,-16.088131151193593,5.005323590341199,-3.9820859894442853,-5.364483636295493,-16.607631536225966,5.524823975373572
001257#3,90,-2,70,1.1713814335082695,-13.85278386453179,15.02416529804006,12.116634079886065,-6.795309469667179,-8.614949470826492,9.786330904334761
001257#3,90,-1,80,1.254434462392048,-14.451104193238752,15.7055386556308,12.604896261203884,-7.20051862210122,-9.32572415551265,10.580158617904699
001257#3,90,0,90,-7.699068436154381,-17.60241986300336,9.903351426848978,7.7410520741384,-11.290177333582164,-16.838297836325648,9.139229400171267
001257#3,90,1,100,-5.696485603184991,-16.100740323431513,10.404254720246522,8.412194315864765,-9.95873674233914,-13.175662012693259,7.479176409508268
001257#10,160,-2,140,-1.1862942756195451,-16.410413683363338,15.224119407743792,3.288255130977883,-3.6496999899055647,-13.790552014809016,12.604257739189471
001257#10,160,-1,150,-6.592237292040608,-18.928735414626114,12.336498122585507,0.35417003026495975,-6.121557905613704,-18.40953207857152,11.817294786530912
001257#10,160,0,160,-8.279218302444253,-19.68625448753021,11.407036185085957,-0.2972427320144857,-7.157126153737904,-20.160713435923203,11.88149513347895
001257#10,160,1,170,-7.31024415683607,-19.275518227622772,11.965274070786702,-0.09902871178679451,-6.386366028357412,-18.976113451343114,11.665869294507043
001276#3,20,-2,0,-4.384872043846757,-11.711704428869014,7.326832385022257,0.0,0.0,-8.590337258535442,4.205465214688685
001276#3,20,-1,10,-6.458469584962778,-14.694400601196286,8.235931016233508,1.4538293530063195,-3.5274268941223403,-13.233029693121175,6.774560108158397
001276#3,20,0,20,-9.805029050998993,-15.638136266857126,5.833107215858133,-0.05704552854544609,-5.36311147860679,-15.297511844092867,5.492482793093874
001276#3,20,1,30,-7.6933935513427265,-14.854676394468777,7.161282843126051,1.5436597208291252,-4.852181228325095,-14.036142715948722,6.342749164605996
001295#3,0,0,0,-7.0746764449971495,-11.54786081896444,4.47318437396729,0.0,0.0,-7.489628887100739,0.4149524421035897
001295#3,0,1,10,-0.7762605888559815,-13.025903398683061,12.24964280982708,7.914148634495445,-1.6157327783542756,-8.163925342198807,7.3876647533428255
001295#12,170,-2,150,-5.866188793111682,-18.869832074198307,13.003643281086624,1.5482662411221062,-3.803999668989772,-16.92575193456104,11.059563141449356
001295#12,170,-1,160,-4.782538329203783,-17.854243998426234,13.071705669222451,2.39315364854799,-3.5652366125077566,-16.028028419719703,11.24549009051592
001295#12,170,0,170,-7.915767840026305,-19.769853472645885,11.85408563261958,0.5026988073689735,-4.808011282151263,-18.26713858824169,10.351370748215384
001295#12,170,1,180,-6.8404237457016865,-19.59570999419806,12.755286248496374,1.2078235397080737,-4.437791920165743,-17.77612150410225,10.935697758400563
001295#19,90,-2,70,0.030388560536680487,-14.21834600598498,14.24873456652166,3.916208280433234,-2.4600746397236017,-11.020668759733164,11.051057320269845
001295#19,90,-1,80,0.10707817145656406,-14.621350279097964,14.728428450554528,4.06843373808169,-2.535610486452174,-11.806070154884752,11.913148326341316
001295#19,90,0,90,-11.0407173513418,-18.891787449932195,7.8510700985903945,-1.925888096019217,-7.689084175149632,-20.01073530801816,8.970017956676358
001295#19,90,1,100,0.5736073377070241,-14.404697472041782,14.978304809748806,4.706066816490428,-2.706714398610452,-11.540682662828738,12.114290000535762
001409#1,0,0,0,-8.446683591070297,-9.147485105793844,0.7008015147235476,0.0,0.0,-10.175589182778976,1.7289055917086795
001409#1,0,1,10,0.4347004746491674,-13.436603335827957,13.871303810477125,11.320530396760738,-2.439146331041276,-9.528983415571487,9.963683890220654
001415#1,160,-2,140,-4.776841102217855,-17.337212084101402,12.560370981883548,-0.25416117887615863,-4.5633725363446125,-15.671255350974432,10.894414248756577
001415#1,160,-1,150,-2.445220960691411,-15.758302877870932,13.31308191717952,0.7417204037367413,-3.227633977431068,-13.547153561460428,11.101932600769018
001415#1,160,0,160,-13.51884845848517,-20.633668425732125,7.114819967246955,-4.971287503623452,-8.588253567864633,-22.873505055955388,9.354656597470218
001415#1,160,1,170,-10.074948821557982,-18.831192733210752,8.75624391165277,-3.374169716502293,-6.741471718058605,-19.487213532218995,9.412264710661013
001443#6,30,-2,10,-2.4070375325849387,-12.759182178055775,10.352144645470837,4.479851109744233,-2.4061012120678757,-9.898267021025218,7.491229488440279
001443#6,30,-1,20,-1.048797082319572,-12.929830703337537,11.881033621017965,5.873093978721909,-2.4411036307801846,-9.960074768627367,8.911277686307795
001443#6,30,0,30,-8.900931700783108,-14.007603939956894,5.106672239173786,-0.36866294392578514,-4.0514813265960266,-13.270687994298038,4.36975629351493
001443#6,30,1,40,-2.8294360153428197,-14.29938427905162,11.469948263708801,5.208171946626404,-3.5568205317079276,-11.979263147177585,9.149827131834765
001443#7,90,-2,70,-0.8920077719398734,-14.153032453583506,13.261024681643633,4.436166434654757,-1.5956798970573716,-11.450270144572825,10.558262372632951
001443#7,90,-1,80,-0.11584929303354485,-14.785014946482972,14.669165653449427,5.315530422156596,-1.6988854056528817,-11.858327728621731,11.742478435588186
001443#7,90,0,90,-7.825933088582809,-16.741813776604985,8.915880688022177,-0.9741496996718699,-3.11928907937368,-15.901084007985384,8.075150919402574
001443#7,90,1,100,-4.350148586162154,-16.60481535282777,12.254666766665617,2.3625936800474667,-2.980247956672362,-15.353211773768797,11.003063187606642
001558#4,60,-2,40,0.05957582261832073,-13.124759173848055,13.184334996466376,2.4648189062401746,-1.9085369406100527,-9.792282708462666,9.851858531080987
001558#4,60,-1,50,-0.45663280036587217,-13.665380233525838,13.208747433159965,2.156964171020408,-2.116890828374479,-10.904910345858866,10.448277545492994
001558#4,60,0,60,-8.554582135880603,-17.851656178044326,9.297074042163723,-4.178216481847246,-3.8796595110215555,-16.461045568240326,7.906463432359724
001558#4,60,1,70,0.7633538693008042,-13.88328682318954,14.646640692490344,3.1712228615344307,-1.9111628492218253,-10.330070544103771,11.093424413404575
001683#1,10,-1,0,-1.0643982382173647,-11.992615697709608,10.928217459492243,0.0,0.0,-7.845208734200841,6.780810495983476
001683#1,10,0,10,-7.200329569928105,-14.851176762852003,7.650847192923898,-2.553530925898543,-3.582400405812197,-14.417350716926691,7.2170211469985865
001683#1,10,1,20,-7.1668905771485925,-14.443172594248171,7.276282017099579,-2.2050919692192483,-3.8974003697119795,-13.5836283909187,6.416737813770107
001694#2,10,-1,0,-3.114388545461912,-9.934762941889662,6.82037439642775,0.0,0.0,-8.822524282259954,5.708135736798042
001694#2,10,0,10,-8.617121198537617,-15.175682250386988,6.55856105184937,-0.8804215457713482,-4.622311107304357,-15.375296425776364,6.7581752272387465
001694#2,10,1,20,-11.494571038016076,-15.663464317453176,4.1688932794371,-2.1963202109956312,-6.1838622815585325,-16.46986139349141,4.975290355475334
001694#7,30,-2,10,-5.002732555908064,-13.81246933468313,8.809736778775065,1.2385726593122914,-3.6879274034487945,-11.640371766867593,6.637639210959529
001694#7,30,-1,20,-0.6321241163299209,-14.608344584152487,13.976220467822566,6.029107492701702,-4.107853797260062,-10.143017171814751,9.51089305548483
001694#7,30,0,30,-11.119424531734143,-15.042600695745111,3.923176164010968,-1.2739515076232508,-7.292095212339332,-15.874540520522531,4.755115988788388
001694#7,30,1,40,-1.9448379093103876,-14.269695413551933,12.324857504241546,5.7275102111542475,-5.118970308693074,-10.781569797240843,8.836731887930455
001707#1,0,0,0,-9.659738557014402,-10.812050314977547,1.1523117579631457,0.0,0.0,-10.218645934778912,0.5589073777645108
001707#1,0,1,10,2.842520669335885,-16.803629941817178,19.64615061115306,16.386855074046743,-3.884595847696456,-11.956359933951461,14.798880603287346
001707#2,10,-1,0,-2.9042360661387887,-10.32056131944844,7.416325253309652,0.0,0.0,-8.653125640874512,5.748889574735723
001707#2,10,0,10,-8.889417697197047,-15.21944292425448,6.330025227057433,-1.7056966147507127,-4.279485016307545,-15.541577592716031,6.6521598955189845
001707#2,10,1,20,-10.95333676880098,-15.541818024436184,4.5884812556352035,-2.5467554111592414,-5.50234529150295,-16.093723648818177,5.140386880017196
001707#7,30,-2,10,-4.134494756215279,-13.875668603086625,9.741173846871346,3.163753544984962,-4.3090770591834815,-11.334281007834988,7.1997862516197095
001707#7,30,-1,20,-0.7847721499929321,-14.542421658029742,13.75764950803681,7.340136041110019,-5.1357369490861915,-10.143418821511947,9.358646671519015
001707#7,30,0,30,-11.272102857353232,-15.120965374363017,3.8488625170097848,0.29302812244541165,-8.575959737781885,-16.033023674216313,4.760920816863081
001707#7,30,1,40,-2.627416147731026,-14.373630502297054,11.746214354566028,7.019913231652341,-6.658158137366607,-11.217045451869678,8.589629304138652
001712#1,10,-1,0,-3.103015510876439,-9.965983275179005,6.8629677643025655,0.0,0.0,-8.848907147526228,5.745891636649789
001712#1,10,0,10,-8.703875334080415,-15.248297357419778,6.544422023339363,-0.9814040987447026,-4.619455724459273,-15.487598002385015,6.7837226683046
001712#1,10,1,20,-10.707832362303044,-15.472643069661673,4.764810707358629,-1.6996937753437882,-5.905123076082817,-15.900659038760324,5.19282667645728
001712#6,70,-2,50,-4.834844751649253,-14.466282330265827,9.631437578616573,4.301743254391042,-6.29192223811976,-12.161537882190643,7.32669313054139
001712#6,70,-1,60,-1.8002624342375846,-15.290057892677439,13.489795458439854,7.020665936676521,-5.976262602993571,-12.006405757519138,10.206143323281553
001712#6,70,0,70,-8.049394978732957,-16.92372494014095,8.874329961407993,3.267959879952908,-8.47268909076533,-15.813388650198021,7.763993671465064
001712#6,70,1,80,-2.3266503817918185,-14.944910990297856,12.618260608506038,6.812472755447386,-6.294457369318669,-11.510857931547363,9.184207549755545
001724#1,0,0,0,-10.126472966110075,-10.600052283345295,0.4735793172352203,0.0,0.0,-10.450567175481702,0.32409420937162636
001724#1,0,1,10,-10.64767034340386,-14.76586519006274,4.118194846658881,2.7906952055610486,-3.311892582854833,-13.944866205764436,3.297195862360576
001724#3,10,-1,0,-3.4591160811749697,-9.39384239487251,5.9347263136975394,0.0,0.0,-8.847218851575601,5.388102770400631
001724#3,10,0,10,-9.161925524189144,-15.258091156410213,6.096165632221069,-0.6677962918759288,-5.035013151138245,-15.683117066824495,6.521191542635352
001724#3,10,1,20,-11.742840908643913,-15.825157188078832,4.082316279434918,-1.580508734369507,-6.703216093099437,-16.677809906358206,4.934968997714293
001724#7,30,-2,10,-3.7985226684707722,-13.867851284206056,10.069328615735284,2.373024165902793,-3.6229817806354907,-11.08125400316865,7.282731334697878
001724#7,30,-1,20,-0.6712843362764538,-14.569836582715944,13.89855224643949,6.16929812848174,-4.292017411020119,-10.047024850935529,9.375740514659075
001724#7,30,0,30,-11.211995190400613,-15.149272714112751,3.9372775237121385,-1.0498275017329681,-7.6136026349295705,-16.0589300998075,4.8469349094068885
001724#7,30,1,40,-2.7883138531812186,-14.479536395523953,11.691222542342734,5.459180466168741,-5.698929265611886,-11.454395619390006,8.666081766208787
001737#3,10,-1,0,-3.32092382384616,-10.359644772269322,7.038720948423162,0.0,0.0,-8.756010450676031,5.435086626829872
001737#3,10,0,10,-8.646311719736104,-15.382311664453953,6.7359999447178485,-1.019548003699374,-4.305839892190571,-15.45529245675577,6.808980737019665
001737#3,10,1,20,-11.363882841815048,-15.765682357482632,4.401799515667584,-2.189477247020945,-5.853481770947943,-16.525252211972635,5.161369370157587
001737#7,30,-2,10,-0.6982158242775913,-14.61015878704739,13.911942962769798,8.07212882199234,-4.004831696255699,-9.940769277660037,9.242553453382445
001737#7,30,-1,20,-2.1963010855632987,-14.315592936454552,12.119291850891253,8.28148162468807,-5.7122697602371355,-10.835320291404814,8.639019205841516
001737#7,30,0,30,-7.6228881852971675,-14.670620324967919,7.047732139670751,5.32111258631188,-8.178487821594814,-14.218463120935253,6.595574935638085
001737#7,30,1,40,-6.0200147719980315,-15.396344458682078,9.376329686684047,7.17594604040346,-8.430447862387258,-14.112051561306243,8.092036789308212
001737#9,0,0,0,-9.1955071539117,-12.413758870351703,3.218251716440003,0.0,0.0,-9.176321250176567,-0.01918590373513318
001737#9,0,1,10,-10.844765369431146,-13.54456478071509,2.6997994112839443,1.4706464214599313,-3.119904636979377,-10.32910632393453,-0.5156590454966157
001742#0,0,0,0,-7.241516826726409,-13.797717223892716,6.556200397166307,0.0,0.0,-9.451548410271851,2.210031583545442
001742#0,0,1,10,-1.6599796191787188,-13.7600748451296,12.10009522595088,8.254167137510406,-2.672629929962715,-11.06357233351431,9.403592714335591
001763#0,0,0,0,-8.738932514086658,-11.682461385648075,2.9435288715614174,0.0,0.0,-9.683031239213392,0.9440987251267341
001763#0,0,1,10,1.2868055765282822,-15.607678102468759,16.89448367899704,13.129805139184912,-3.1040670485699717,-11.118560755443758,12.40536633197204
001785#2,0,0,0,-9.231553882274573,-11.94443213762,2.7128782553454265,0.0,0.0,-9.62499861585866,0.3934447335840865
001785#2,0,1,10,-9.238040870725897,-15.047357780326767,5.80931690960087,4.403248522873703,-4.409735511325026,-14.71928916579251,5.481248295066614
001851#0,10,-1,0,-2.9471878856250777,-10.348539131673162,7.401351246048084,0.0,0.0,-8.144976294037397,5.197788408412319
001851#0,10,0,10,-8.630700110473677,-15.22949536802444,6.598795257550762,-1.8917554244288914,-3.791756800419708,-15.269557240132523,6.638857129658845
001851#0,10,1,20,-12.01111942023558,-16.348039047611454,4.336919627375874,-3.5585526634073044,-5.505378871203199,-17.331632369822646,5.320512949587066
001862#0,10,-1,0,-1.625919800121764,-10.803941325807186,9.178021525685422,0.0,0.0,-8.192858235300664,6.5669384351788995
001862#0,10,0,10,-8.285272960220047,-15.194238683289571,6.9089657230695245,-2.910255690581818,-3.7490974695164643,-15.002883425640102,6.717610465420055
001862#0,10,1,20,-11.875639654247635,-16.309703975653044,4.434064321405408,-4.67884438827296,-5.570875465852911,-17.179742821807743,5.304103167560108
001862#11,150,-2,130,-3.854383415055044,-17.906638389213402,14.052254974158359,0.24760918425840694,-2.6566297267672705,-14.344568255710989,10.490184840655946
001862#11,150,-1,140,-5.012705662411014,-17.504414497792872,12.491708835381859,-0.8407344555520364,-2.7266083343127967,-14.46951069612196,9.456805033710946
001862#11,150,0,150,-7.374895749370319,-19.68525826957844,12.310362520208121,-1.982629264792414,-3.9469036120317247,-17.280501518598076,9.905605769227757
001862#11,150,1,160,-5.72554452016838,-18.4006635913911,12.67511907122272,-1.1261828575207473,-3.153998790101452,-15.345342739197099,9.61979821902872
001873#0,10,-1,0,-2.2572658787086226,-10.671232274249151,8.413966395540529,0.0,0.0,-8.307910302981098,6.050644424272475
001873#0,10,0,10,-8.740620651470742,-15.252843881268545,6.512223229797803,-2.5589602165608825,-3.924394556201236,-15.310241679834483,6.569621028363741
001873#0,10,1,20,-12.953118532857058,-16.466162467371063,3.5130439345140054,-4.8102103167631665,-5.885642337385269,-17.860445743645048,4.90732721078799
001873#4,50,-2,30,-2.021794457543873,-13.48660271854975,11.464808261005878,8.71786164440729,-6.537170166080228,-10.082591175862738,8.060796718318866
001873#4,50,-1,40,-4.193436955155857,-14.355762591583105,10.162325636427248,7.862689172562716,-7.853640191847639,-11.847593334145126,7.654156378989269
001873#4,50,0,50,-7.849152422113276,-15.056483678935091,7.207331256821815,5.503598332005684,-9.150264818248026,-13.985129283851863,6.1359768617385875
001873#4,50,1,60,-5.29871644800795,-15.501279638815225,10.202563190807275,7.9110346191310175,-9.007265131268033,-13.606709648569591,8.307993200561642
001873#10,150,-2,130,-4.660824466309739,-19.285898143814215,14.625073677504476,1.369538125891586,-4.305627456404011,-16.235344693955618,11.574520227645879
001873#10,150,-1,140,-6.459917884472092,-19.94502927134186,13.485111386869768,0.27425166954862146,-5.0094344182234,-18.008655497826172,11.548737613354081
001873#10,150,0,150,-8.793132472283698,-20.694800566449686,11.901668094165988,-1.5787049928064194,-5.489692343679965,-18.841598145895706,10.048465673612007
001873#10,150,1,160,-5.925102629241625,-20.488822211114005,14.56371958187238,0.7843614352801129,-4.984728928724424,-17.489444945510538,11.564342316268913
001881#0,10,-1,0,-1.7558859892089167,-10.664187083664883,8.908301094455966,0.0,0.0,-8.221210019608774,6.465324030399858
001881#0,10,0,10,-7.0168969664906164,-15.10220850070379,8.085311534213174,-1.826781417594706,-3.434229559686994,-14.266021372216942,7.2491244057263255
001881#0,10,1,20,-12.759969372574535,-16.308114111687743,3.5481447391132086,-5.1965373786489035,-5.8075460047167144,-17.618556416951368,4.858587044376833
001884#0,10,-1,0,-1.6624600172406065,-10.911527639786932,9.249067622546326,0.0,0.0,-8.415550205998164,6.753090188757557
001884#0,10,0,10,-7.620456604403724,-15.157440498314998,7.536983893911273,-2.3228452305019007,-3.635151356661216,-14.706123384558586,7.085666780154861
001884#0,10,1,20,-12.413798010409888,-16.164962716881035,3.7511647064711475,-5.056833464781626,-5.694504528387655,-17.303328173362534,4.889530162952646
001884#4,100,-2,80,0.9891284242304295,-14.221666914798245,15.210795339028675,9.631201056450125,-4.5359735948424476,-9.328469657313578,10.317598081544007
001884#4,100,-1,90,0.9631670707235838,-14.909499441459621,15.872666512183205,10.052657104560156,-4.983390996459324,-10.5324751287693,11.495642199492885
001884#4,100,0,100,-8.224002689484037,-17.5698934964187,9.345890806934664,4.509856780177244,-8.627760432284031,-16.295186633929745,8.071183944445709
001884#4,100,1,110,-12.858601315645071,-18.834417788951605,5.9758164733065335,1.4370124470324415,-10.189514725300263,-19.17225578016026,6.313654464515189
001898#0,10,-1,0,-2.3951852204054287,-9.632608249455265,7.237423029049836,0.0,0.0,-8.858343920527522,6.463158700122094
001898#0,10,0,10,-8.138229994603352,-15.390588939731066,7.252358945127714,-0.827411364645104,-4.91563340955282,-15.241962594663127,7.103732600059775
001898#0,10,1,20,-12.734024155634394,-15.924518726099528,3.190494570465134,-3.389126189594551,-6.9497127456344145,-17.251079043034263,4.517054887399869
001898#4,90,-2,70,-2.062128357346049,-15.103900776141298,13.041772418795249,7.8843336715681325,-6.69905712379649,-11.572971599925177,9.510843242579128
001898#4,90,-1,80,-1.697515172212869,-15.248087655864271,13.550572483651402,8.373321584974777,-6.823431852069954,-11.888987543192506,10.191472370979637
001898#4,90,0,90,-8.639859162207841,-18.341769733199683,9.701910570991842,4.870566534363551,-10.263020791453702,-18.274394680085454,9.634535517877612
001898#4,90,1,100,-6.94510347817999,-17.398117047594386,10.453013569414395,5.681104304932512,-9.378802877994811,-15.375205044813436,8.430101566633446
001898#11,10,-1,0,-1.0870282850238624,-13.823432123512005,12.736403838488142,0.0,0.0,-8.565432376972089,7.478404091948226
001898#11,10,0,10,-7.840209927938471,-15.513782657641366,7.6735727297028955,-1.4084101262005184,-5.34477151671409,-14.298002710804882,6.457792782866411
001898#11,10,1,20,-2.5295202481774286,-14.818687587266197,12.289167339088769,1.9223441220546222,-3.3648360852081884,-11.372905788102491,8.843385539925062
001898#14,180,-2,160,-5.076482448581164,-18.624427109854395,13.547944661273231,-1.3980093974403571,-3.31180718436664,-16.092073421643928,11.015590973062764
001898#14,180,-1,170,-3.0503648321227885,-18.051735217064827,15.001370384942039,0.018514177984612523,-2.7022131433332346,-14.903164767074529,11.85279993495174
001898#14,180,0,180,-7.8720047220124325,-20.306182615551652,12.43417789353922,-3.0763423393128626,-4.428996515925403,-18.335659493738554,10.463654771726121
001898#14,180,1,190,-5.1218634160374314,-19.85342528496858,14.731561868931148,-0.8096596102584952,-3.94553793900477,-17.42700392585012,12.305140509812688
001970#1,10,-1,0,-4.9603258723351455,-9.68334404476838,4.723018172433234,0.0,0.0,-9.527074781225426,4.566748908890281
001970#1,10,0,10,-8.773008977753939,-15.037315524129768,6.264306546375829,2.3654450342439572,-6.178128139662751,-15.173199997007451,6.400191019253512
001970#1,10,1,20,-7.151224929831656,-14.980864691281791,7.829639761450135,4.702639737767914,-6.8935387952644245,-14.136245277545505,6.985020347713849
001970#3,0,0,0,-7.06433162819836,-10.55105144101328,3.48671981281492,0.0,0.0,-9.823305590925195,2.7589739627268344
001970#3,0,1,10,-3.184085592849012,-14.095730616537907,10.911645023688894,6.479995499844662,-2.5997494644953143,-11.060231117178072,7.8761455243290595
001970#7,70,-2,50,-0.5226543352244342,-14.356399122444301,13.833744787219867,8.385842440486998,-4.4369724295365085,-10.166772067071074,9.64411773184664
001970#7,70,-1,60,-4.421312912704263,-16.153154868024597,11.731841955320334,6.290262081510699,-6.240050648040038,-13.979628117970542,9.558315205266279
001970#7,70,0,70,-10.763680286758728,-18.09760168931291,7.333921402554182,2.4680520056990556,-8.76020794628286,-18.097523810273607,7.333843523514879
001970#7,70,1,80,-6.871634427849571,-17.12885258692808,10.257218159078509,5.325115751429613,-7.72522583310426,-16.10610803882639,9.23447361097682
002048#2,30,-2,10,-1.8571013219910633,-15.025420711624921,13.168319389633858,6.05215357309247,-2.199882048818828,-10.734730920787415,8.877629598796352
002048#2,30,-1,20,-2.81050139291613,-14.41734701011995,11.60684561720382,5.6672881226247664,-2.768416669276192,-11.30403162286764,8.49353022995151
002048#2,30,0,30,-6.937153417672046,-15.443168399121289,8.506014981449244,3.353462402521958,-4.5812429739292995,-14.45194396449191,7.514790546819865
002048#2,30,1,40,-5.375446689213752,-14.148562943948603,8.773116254734852,4.116490812869953,-3.782564655819001,-12.432090271441233,7.056643582227481
002048#3,100,-2,80,1.287695120845001,-15.487811227701132,16.77550634854613,10.073291549254748,-3.2848098128455643,-10.405375475975474,11.693070596820474
002048#3,100,-1,90,1.6186097156734842,-15.26731752184002,16.885927237513506,10.49234814242039,-3.3729518111827232,-10.575976311319073,12.194586026992557
002048#3,100,0,100,-9.580535771735466,-18.288978890422822,8.708443118687356,3.5186444961483865,-7.59839365231967,-17.636789355528975,8.05625358379351
002048#3,100,1,110,-6.669795287397761,-16.61480293552476,9.945007648127,4.68861645492163,-5.857625126755209,-14.603821479391572,7.93402619199381
002097#3,70,-2,50,0.7768019383367673,-14.803457063099982,15.58025900143675,8.750905751468245,-2.899180516007056,-9.855226967254955,10.632028905591723
002097#3,70,-1,60,1.3669527577655938,-15.462090971933174,16.829043729698768,9.404757706944508,-2.9628816520544925,-10.490976265176899,11.857929022942493
002097#3,70,0,70,-7.8978594057486085,-16.897046701605838,8.99918729585723,3.298303107367782,-6.121239215991969,-15.996519755286654,8.098660349538045
002097#3,70,1,80,0.12144113498818854,-14.749515277705926,14.870956412694115,8.29648906907611,-3.100124636963499,-10.639374137717333,10.760815272705521
002097#4,180,-2,160,0.2651616086081017,-16.11978515173885,16.38494676034695,12.849673348034969,-7.959547732297233,-11.950661250932612,12.215822859540713
002097#4,180,-1,170,-5.759542864112184,-17.954826325033807,12.195283460921623,9.300685350101753,-10.435264207084304,-15.983608780772059,10.224065916659875
002097#4,180,0,180,-8.416059836869707,-19.550222119385623,11.134162282515916,8.101601783617003,-11.892697613357075,-18.66509482698601,10.249034990116304
002097#4,180,1,190,-6.392603815657182,-18.93004479439953,12.53744097874235,9.298851985877727,-11.066491794405275,-17.08627552470601,10.693671709048829
002102#0,0,0,0,-9.155942417052561,-12.04379300774499,2.8878505906924286,0.0,0.0,-9.798295953029507,0.6423535359769463
002102#0,0,1,10,-6.353770966343006,-14.46879216456449,8.115021198221484,5.688897618822721,-2.8867261681131664,-12.544986347106573,6.191215380763566
002156#3,80,-2,60,-4.18738822087082,-15.015385257053843,10.827997036183024,3.0040662538892478,-2.687254970009197,-13.297399318817192,9.110011097946373
002156#3,80,-1,70,0.4852441924453643,-13.627913508780821,14.113157701226186,6.566621691807248,-1.5771779946110138,-10.096313932399157,10.581558124844522
002156#3,80,0,80,-7.7117682068600395,-15.23322913013717,7.521460923277131,-0.17366386199140216,-3.033904840117767,-13.928079650998404,6.2163114441383645
002156#3,80,1,90,-8.70647236102225,-17.10174385266692,8.395271491644671,0.14841878604056902,-4.350691642311949,-16.271099490534585,7.564627129512335
002156#4,90,-2,70,-0.4707368604654647,-13.56606867199688,13.095331811531416,6.969614337681644,-2.6708179332648143,-10.63733565738986,10.166598796924395
002156#4,90,-1,80,-6.712435376976185,-16.625561332532197,9.913125955556012,2.729912193351625,-4.672814305445515,-15.048916774345495,8.33648139736931
002156#4,90,0,90,-9.725631823140645,-18.625205598051455,8.89957377491081,1.0605420329801678,-6.016640591238518,-17.487905563209303,7.7622737400686574
002156#4,90,1,100,-1.6372054832515026,-14.34916282399557,12.711957340744068,6.416598862666967,-3.2842710810361746,-11.715878184737297,10.078672701485795
002156#7,30,-2,10,-0.5037666599186679,-12.56384327759816,12.060076617679492,2.102492256796678,-2.1782470360409683,-9.503526763743636,8.999760103824968
002156#7,30,-1,20,-1.136331022300304,-12.797340572177998,11.661009549877694,1.495740600431081,-2.2040597420570074,-10.067723026991656,8.931392004691352
002156#7,30,0,30,-10.543628612468822,-16.56574877506298,6.022120162594156,-3.495809820137789,-6.619806911656656,-17.725715821764094,7.182087209295272
002156#7,30,1,40,-3.038380282519494,-15.06366136664601,12.025281084126515,0.6006976854299801,-3.2110660872750967,-12.814538949774773,9.77615866725528
002156#8,110,-2,90,-3.3596933934050055,-14.78852011574669,11.428826722341686,-0.26869147855757314,-3.440270927545621,-13.181078991531676,9.821385598126671
002156#8,110,-1,100,0.8970237119132367,-14.926361453406157,15.823385165319394,2.9475938584314862,-2.3998391592164383,-11.658943723579915,12.555967435493152
002156#8,110,0,110,-8.224331144566147,-17.45922498532261,9.234893840756463,-2.418638359257213,-6.154961798007123,-17.496463892723025,9.272132748156878
002156#8,110,1,120,-0.2467361152298082,-14.851539177274102,14.604803062044294,1.9294602361986781,-2.525465364126675,-12.13713056706407,11.890394451834261
002207#0,0,0,0,-8.238416318403878,-11.127980386666904,2.8895640682630255,0.0,0.0,-9.433684467844003,1.1952681494401247
002207#0,0,1,10,-1.0103480509927607,-12.89934645128618,11.888998400293419,7.860773297587136,-0.6327050301760186,-9.50304556032606,8.492697509333299
002207#1,150,-2,130,-0.3634249227009114,-15.705537606527963,15.342112683827052,6.846136193148295,-2.2914574383903417,-12.785194904230073,12.421769981529161
002207#1,150,-1,140,0.8632238397117877,-15.400123602031618,16.263347441743406,7.712608643797922,-1.931281126627269,-12.011690144816965,12.874913984528753
002207#1,150,0,150,-10.187290969054798,-18.978012756143073,8.790721787088275,1.1102858812819885,-6.379473172877921,-19.995228411614374,9.807937442559576
002207#1,150,1,160,-1.7096622046729646,-15.912392481585476,14.202730276912511,5.879819105724492,-2.6713776329385914,-13.443148107161122,11.733485902488157
002235#6,10,-1,0,-6.161361135155566,-9.265739881555707,3.1043787464001404,0.0,0.0,-10.084397772085598,3.923036636930032
002235#6,10,0,10,-9.662134596246734,-13.694787903365441,4.032653307118707,3.1063267891189295,-6.607100250210096,-14.763520732848846,5.1013861366021125
002235#6,10,1,20,-7.615724888149276,-12.951169337079213,5.335444448929937,3.568014123513258,-5.022377876506967,-13.092925026406498,5.4772001382572215
002235#7,0,0,0,-8.47338202039543,-11.345120135424088,2.8717381150286574,0.0,0.0,-9.161132312003053,0.6877502916076228
002235#7,0,1,10,-1.6674051299575634,-11.985881824107704,10.31847669415014,7.133830414351094,-0.32785352391322764,-8.966319618965743,7.29891448900818
002235#10,0,0,0,-8.5678000182011,-11.085916262337893,2.5181162441367935,0.0,0.0,-8.137337408773531,-0.4304626094275683
002235#10,0,1,10,-1.7398159720401374,-13.24274084444011,11.502924872399973,8.069301543902132,-1.2413174977411696,-9.208212769063026,7.468396797022889
002265#3,70,-2,50,-0.3252462041690727,-13.939280475536489,13.614034271367416,1.2835703093753867,-0.9395435068376425,-11.143133831454543,10.81788762728547
002265#3,70,-1,60,0.7955800332496565,-14.42951629577305,15.225096329022707,2.3351442629718937,-0.8702912230154203,-11.475012092695701,12.270592125945358
002265#3,70,0,70,-7.024961144177283,-15.587238509722763,8.56227736554548,-4.997057263129175,-1.3586308743412907,-12.435634923549623,5.41067377937234
002265#3,70,1,80,1.2409992612735508,-14.22020990734033,15.46120916861388,2.6805497234363402,-0.7702774554559726,-11.297345669890953,12.538344931164504
002265#4,0,0,0,-7.347527908783388,-10.781245843414887,3.433717934631499,0.0,0.0,-8.582676860508023,1.2351489517246357
002265#4,0,1,10,-7.5494718958389955,-13.44832002110899,5.898848125269995,1.8243881851906583,-2.026332172246266,-11.111210403079165,3.561738507240169
002276#1,40,-2,20,0.21100189948673886,-13.223038932368071,13.43404083185481,4.618097637287659,-2.0577238092826144,-9.74646020373203,9.957462103218768
002276#1,40,-1,30,-0.4203039202678269,-12.933938750686991,12.513634830419164,4.133074622934477,-2.2040066146839985,-9.950592764027183,9.530288843759356
002276#1,40,0,40,-8.604099669368482,-15.960491325581952,7.35639165621347,-2.138110941933365,-4.116616798916812,-14.985827565394416,6.381727896025934
002276#1,40,1,50,-0.24656109196577347,-13.324909753608306,13.078348661642533,4.470703668517723,-2.3678928319651913,-10.833769202005664,10.58720811003989
002331#2,160,-2,140,-5.458072672927379,-16.068541753200876,10.610469080273496,-1.3405606752837351,-4.273485773840582,-14.52600033240689,9.06792765947951
002331#2,160,-1,150,-4.997809919523026,-15.952203629438358,10.954393709915333,-1.0100976056136228,-4.143686090106341,-14.661265626273908,9.66345570675088
002331#2,160,0,160,-7.902034889419049,-17.393237602002653,9.491202712583604,-2.4867643289761463,-5.57124433663984,-17.096682031289788,9.194647141870739
002331#2,160,1,170,-7.991229278992147,-17.60317228767315,9.611943008681003,-2.402837321011437,-5.744365734177648,-17.27777578641314,9.286546507420994
002331#18,0,0,0,-11.363196537425255,-10.578989551285844,-0.7842069861394112,0.0,0.0,-10.069211408962836,-1.2939851284624186
002331#18,0,1,10,-15.11572776858507,-13.88011920475909,-1.2356085638259806,-0.16743855837830246,-3.5850926727815136,-12.609565547991807,-2.5061622205932643
002334#8,230,-2,210,-4.364954786193987,-16.81198820484699,12.447033418653003,0.5059656564751496,-5.0021339525989355,-15.184339615882292,10.819384829688305
002334#8,230,-1,220,-3.8289360036519575,-17.160041896547952,13.331105892895994,1.0550653877584746,-5.015214901340231,-15.260771977738912,11.431835974086955
002334#8,230,0,230,-7.9820297581627315,-18.494533303098493,10.512503544935761,-1.3809151826953712,-6.7323280853971585,-18.34567374217932,10.363643984016587
002334#8,230,1,240,-9.405351862669434,-19.331449151411935,9.9260972887425,-2.0764269511005775,-7.460138421498655,-19.655452107222498,10.250100244553064
002338#0,70,-2,50,-0.5719797208582946,-12.879369925215489,12.307390204357194,2.6873563845247688,-1.7262122944394456,-10.244470981093892,9.672491260235597
002338#0,70,-1,60,0.6478719820981151,-13.752641357898707,14.400513339996822,3.8130424638581024,-1.6320466708163694,-10.494035904104063,11.141907886202178
002338#0,70,0,70,-8.00999210861763,-16.45460683360865,8.444614724991022,-2.1078489609932594,-4.369019336680752,-16.142334182425767,8.132342073808138
002338#0,70,1,80,-12.588021323985252,-17.60489790187845,5.016876577893196,-4.777538175568767,-6.277359337472868,-18.760134292637016,6.1721129686517635
002338#1,30,-2,10,-4.171718036973466,-11.945173353546666,7.7734553165732,3.7901802819835337,-4.0480378077073995,-9.499818746794302,5.328100709820836
002338#1,30,-1,20,-1.4300228626886415,-12.250964164490195,10.820941301801554,5.616848557353878,-3.1330109087929188,-9.510790364764533,8.080767502075892
002338#1,30,0,30,-7.223764637244548,-12.940978862291823,5.717214225047275,0.8501975140577231,-4.1601016400526705,-11.155009368056058,3.9312447308115104
002338#1,30,1,40,-6.386849842681509,-13.348939368301284,6.962089525619775,1.794281581523355,-4.267270912955263,-10.262454544246891,3.875604701565382
002338#4,30,-2,10,-3.3532461594840903,-13.598259573584727,10.245013414100637,3.006057991180434,-4.937211152532848,-11.005774173564257,7.652528014080167
002338#4,30,-1,20,0.4482231083687047,-13.390901038164275,13.83912414653298,6.159372261996657,-4.289056155496276,-8.621862939938968,9.070086048307672
002338#4,30,0,30,-8.76473157236533,-15.532457685567858,6.767726113202528,0.34440249613988705,-7.687041070373541,-15.406493775246867,6.641762202881537
002338#4,30,1,40,1.1119082331789265,-14.18367196551289,15.295580198691816,7.440394364229635,-4.906393132919033,-10.244234260109735,11.356142493288662
002357#2,20,-2,0,-3.158932019933504,-9.706418964290062,6.547486944356558,0.0,0.0,-8.42511808821041,5.266186068276907
002357#2,20,-1,10,-0.7839668379708726,-13.138740618582043,12.35477378061117,4.218657623243131,-1.8436924412805,-9.640236724672116,8.856269886701243
002357#2,20,0,20,-7.026529555980764,-13.887440833675779,6.860911277695015,-0.6205367825116479,-3.247060753535612,-13.396922813291296,6.370393257310532
002357#2,20,1,30,-0.20978065920458633,-12.696343945835249,12.486563286630663,4.5727420005102495,-1.623590639781332,-10.322456856455636,10.11267619725105
002357#3,0,0,0,-9.73046340204097,-9.63675380150644,-0.09370960053452926,0.0,0.0,-10.291989029203974,0.5615256271630038
002357#3,0,1,10,-4.7324914701179654,-14.366558781663713,9.634067311545747,7.670007843316234,-2.6720359113932295,-12.569311827694433,7.836820357576467
002359#0,0,0,0,-10.284442691744516,-9.898895559035207,-0.3855471327093092,0.0,0.0,-10.602442692396968,0.31800000065245193
002359#0,0,1,10,-6.635460998178996,-13.778453839603218,7.142992841424222,6.58650526440119,-2.9375235708356686,-13.013130611699154,6.377669613520158
002378#3,140,-2,120,0.5606553664209102,-15.186547553402363,15.747202919823273,3.7090801763370482,-2.2667458192187624,-12.12620252547079,12.6868578918917
002378#3,140,-1,130,-5.6766706314819615,-18.054315133465405,12.377644501983443,0.08586853229749147,-4.880860173082077,-16.728610003906997,11.051939372425036
002378#3,140,0,140,-7.636463307821459,-18.945274825472268,11.30881151765081,-1.130301106819943,-5.624483210304141,-18.523854653055476,10.887391345234018
002378#3,140,1,150,-9.164173151307342,-19.63513164436033,10.47095849305299,-1.9638226366282225,-6.3186715239817435,-19.868674299179542,10.7045011478722
002380#2,110,-2,90,1.3512425426254921,-14.784310945595468,16.13555348822096,6.785690996277735,-4.20751241438529,-11.709831513974244,13.061074056599736
002380#2,110,-1,100,1.372584824216478,-14.08800012601295,15.460584950229428,6.518572775483648,-3.9190519120002176,-10.38955876431748,11.762143588533958
002380#2,110,0,110,-7.980647979762876,-17.912438602813836,9.93179062305096,1.053989102384544,-7.807701042880468,-17.498993466466796,9.51834548670392
002380#2,110,1,120,0.15279900252149048,-14.4966495580681,14.64944856058959,5.63406668365404,-4.254331641865597,-11.686779330918947,11.839578333440437
002413#0,0,0,0,-8.944361433397367,-10.08865066539961,1.1442892320022438,0.0,0.0,-9.751597830209422,0.8072363968120548
002413#0,0,1,10,-7.4367588440070795,-13.400014871016712,5.963256027009632,3.743216643562914,-2.235614054172627,-9.533100615202988,2.0963417711959087
002517#1,0,0,0,-10.309616791617902,-9.644495074067406,-0.6651217175504964,0.0,0.0,-10.429295541008736,0.11967874939083423
002517#1,0,1,10,-7.481057182886892,-13.312667562397513,5.831610379510621,5.468993329975337,-2.6404337212443276,-10.736488804510886,3.255431621623994
002517#2,0,0,0,-10.03416169439994,-9.986143006915846,-0.04801868748409355,0.0,0.0,-10.210579123885992,0.17641742948605277
002517#2,0,1,10,-6.561314304991388,-13.041476152884812,6.480161847893424,5.957625344323972,-2.4847779549154208,-9.655939970411636,3.0946256654202475
002517#4,0,0,0,-9.889736499825478,-10.39391036651963,0.5041738666941527,0.0,0.0,-10.686707655793468,0.7969711559679897
002517#4,0,1,10,-6.991022207945695,-14.246696705688304,7.255674497742609,5.990869778874218,-3.092155486994435,-10.808411006116158,3.8173887981704624
002517#5,0,0,0,-10.260753455413052,-10.277770540452229,0.01701708503917665,0.0,0.0,-10.638794179175376,0.37804072376232334
002517#5,0,1,10,-11.791618288936338,-13.897160181535995,2.105541892599657,1.9448570502873537,-3.475721883810639,-12.656669574671307,0.8650512857349693
002584#4,0,0,0,-9.304608571003683,-12.022109249312265,2.717500678308582,0.0,0.0,-10.053379077193394,0.748770506189711
002584#4,0,1,10,-4.143185608889201,-15.307652930953864,11.164467322064663,7.486858596381689,-2.3254356342672065,-11.40268714994748,7.259501541058279
002584#6,0,0,0,-8.987392450069963,-11.661104469592791,2.673712019522828,0.0,0.0,-9.908494681572975,0.9211022315030117
002584#6,0,1,10,-7.005265829365614,-15.345374884334195,8.34010905496858,4.442273172775602,-2.460146552071252,-12.181079825406151,5.175813996040537
002625#6,120,-2,100,-3.1200467212946883,-14.52480539009974,11.404758668805052,1.4098292349250823,-2.0661290112416903,-12.103882909550974,8.983836188256285
002625#6,120,-1,110,-1.2175533660605282,-14.081838926144664,12.864285560084136,2.6682363444274655,-1.4220427655099135,-11.49554525907223,10.277991893011702
002625#6,120,0,120,-7.376126433138734,-15.029301359966041,7.653174926827307,-1.4672458641117094,-3.4451336240489443,-14.471375732376531,7.095249299237797
002625#6,120,1,130,-3.7177263012100266,-15.631147787761645,11.913421486551618,1.4458574762002452,-2.6998368324321915,-13.922520142638398,10.204793841428371
002625#8,70,-2,50,-4.636135747435509,-14.2583324542572,9.62219670682169,1.576762191072905,-1.6170517115247187,-12.752683772388508,8.116548024952998
002625#8,70,-1,60,-4.320676699817466,-14.568771327290348,10.24809462747288,1.8148096933899747,-1.5396401662237449,-13.04804725938615,8.727370559568683
002625#8,70,0,70,-7.139766664206434,-16.07602297867567,8.936256314469237,-0.2054377289448701,-2.338482708277868,-14.74714248231272,7.607375818106286
002625#8,70,1,80,-2.7963113646538043,-15.343320999866286,12.547009635212483,3.4808635321960923,-1.6813286698662009,-13.067921314604034,10.271609949950228
002625#13,210,-2,190,-0.6815370554037958,-17.21391701777241,16.532379962368616,1.9965190714752947,-2.2588418064868265,-14.222928614100537,13.541391558696741
002625#13,210,-1,200,0.032154674991524246,-17.02816827687194,17.060322951863466,2.6777551104026616,-2.2263861150188715,-14.229396612679276,14.2615512876708
002625#13,210,0,210,-7.785442825265894,-20.49489407150106,12.709451246235169,-3.164648881077033,-4.201579623796597,-18.211783136250727,10.426340310984834
002625#13,210,1,220,-3.8219940524934177,-18.93996120763286,15.117967155139441,-0.1642632158560886,-3.238516516245065,-16.39420101891657,12.57220696642315
002625#14,0,0,0,-7.739878030359277,-9.142468409259166,1.4025903788998892,0.0,0.0,-10.063960572877827,2.32408254251855
002625#14,0,1,10,-1.0735777920009877,-12.57681891010187,11.503241118100883,9.747284600535245,-3.080984362176954,-10.084686543132229,9.01110875113124
002625#21,70,-2,50,-3.57468096298886,-13.54984968872122,9.97516872573236,6.201304467552298,-3.5373923916464682,-11.980560319499448,8.405879356510589
002625#21,70,-1,60,-3.578053843514809,-13.803007097423873,10.224953253909064,6.052901876339002,-3.3923626809591205,-12.47423458305505,8.896180739540242
002625#21,70,0,70,-8.49974394515513,-15.330501584386656,6.830757639231527,3.1154081641339655,-5.376559070394405,-15.93463772035988,7.434893775204751
002625#21,70,1,80,-8.270404918455164,-15.11467872463243,6.8442738061772666,3.2622786448489247,-5.294090524409398,-15.208179126708723,6.937774208253559
002625#24,0,0,0,-7.051085006125901,-11.145922036762872,4.094837030636971,0.0,0.0,-9.908561977423307,2.857476971297406
002625#24,0,1,10,-0.037617018410381675,-12.573818373492188,12.536201355081806,10.083504753583863,-3.070036765868345,-9.500706001508805,9.463088983098423
002625#25,180,-2,160,-1.8228271201804382,-16.576736644731884,14.753909524551446,4.3073236339301335,-2.416602313078121,-13.963180004212626,12.140352884032188
002625#25,180,-1,170,-0.7895696512879731,-16.253394540488554,15.46382488920058,5.066542352366806,-2.1425635626223283,-13.207783098381391,12.418213447093418
002625#25,180,0,180,-10.743417512052797,-19.734350449511364,8.990932937458567,-2.407163412919097,-4.62270565810125,-17.73088561421568,6.987468102162882
002625#25,180,1,190,-5.796487500068999,-17.827445326209403,12.030957826140405,1.1883940636912933,-3.271333122727841,-15.652824576548284,9.856337076479285
002625#27,160,-2,140,-6.6321079557042,-16.756382656865533,10.124274701161333,3.8852577320063464,-4.562031674434924,-15.531075027512989,8.898967071808789
002625#27,160,-1,150,-6.121465735191611,-16.444802752773874,10.323337017582263,4.546316175697909,-4.712447897613899,-15.773301181055091,9.65183544586348
002625#27,160,0,160,-8.498277717872526,-16.787830680129524,8.289552962256998,2.640586461342905,-5.183530165939809,-16.495016947745533,7.996739229873008
002625#27,160,1,170,-12.512191715766706,-17.798729822799473,5.286538107032767,0.32715813305107266,-6.884015835542156,-18.75998839567545,6.247796679908744
002625#29,70,-2,50,0.7981129909605329,-13.235505202406573,14.033618193367106,8.478789422245558,-2.8080030260676048,-9.91717184212161,10.715284833082142
002625#29,70,-1,60,-2.2035810725274985,-14.061385708551569,11.85780463602407,6.045828669085688,-3.376736336395767,-12.07126250738425,9.86768143485675
002625#29,70,0,70,-7.785245174896781,-15.799241586154384,8.013996411257603,2.883570003865367,-5.796141773544727,-15.98860590250518,8.203360727608398
002625#29,70,1,80,-7.698118464910689,-15.635521087881878,7.93740262297119,3.0872307532013044,-5.912675812894573,-15.638968479670316,7.9408500147596275
002625#31,80,-2,60,-1.5072990533333357,-13.43677907400008,11.929480020666745,-1.5161181706948579,-0.8411193030299717,-11.2853755729651,9.778076519631764
002625#31,80,-1,70,-0.91102150883024,-13.465668822378872,12.554647313548632,-1.338645730448338,-0.42231419877339427,-10.622434746726311,9.711413237896071
002625#31,80,0,80,-10.201933815505825,-16.113168887034483,5.911235071528658,-8.437560990093804,-2.6143112458035125,-15.521928728050648,5.319994912544823
002625#31,80,1,90,1.1251453920642263,-13.623750469917043,14.74889586198127,0.9451290600344135,-0.6699220883616794,-10.730453762042844,11.85559915410707
002627#5,230,-2,210,-6.5330905365269665,-18.762977714486375,12.229887177959409,-0.596110259298281,-3.666838021339564,-17.410880391035864,10.877789854508897
002627#5,230,-1,220,-5.085263025247958,-17.87257664065897,12.787313615411012,0.5570378484003502,-3.3721586177591867,-16.535104114213325,11.449841088965368
002627#5,230,0,230,-6.921716241290575,-19.438091990871477,12.516375749580902,-0.736220867685379,-3.9153531177160747,-18.276499242296516,11.354783001005941
002627#5,230,1,240,-6.772690263375107,-19.533813380274545,12.761123116899437,-0.5414445871448361,-3.96110342034115,-18.30849352161434,11.535803258239234
002627#7,180,-2,160,-4.438098723874123,-17.49051767521896,13.052418951344837,0.8435631728764341,-2.9036276728821044,-15.022045213252435,10.583946489378311
002627#7,180,-1,170,-6.455384970103903,-18.863995847039767,12.408610876935864,-0.4688343463934488,-3.6085163998420016,-16.72887852479197,10.273493554688066
002627#7,180,0,180,-8.986062881852224,-18.99817155048378,10.012108668631555,-2.6373445103778175,-3.970684147605953,-16.798392466394954,7.812329584542731
002627#7,180,1,190,-9.80199733770359,-18.23270551813636,8.43070818043277,-3.6996928792267108,-3.7242702346084258,-15.528391767577697,5.726394429874107
002627#11,0,0,0,-8.22063928775448,-11.17127433516948,2.950635047415,0.0,0.0,-10.011302643337297,1.7906633555828169
002627#11,0,1,10,-11.898753510985417,-13.230932817438614,1.332179306453197,-0.47177026524686116,-3.2063439579840756,-12.569521204333862,0.670767693348445
002627#12,80,-2,60,-3.3906120518801277,-14.126020550315713,10.735408498435586,3.6203206529888705,-3.095552383064308,-11.765560012132228,8.3749479602521
002627#12,80,-1,70,-4.7496895675982795,-13.889994882158746,9.140305314560466,2.881567010353761,-3.71587625614735,-12.528357464531785,7.778667896933506
002627#12,80,0,80,-8.603642413923325,-15.042719609102015,6.43907719517869,0.299383780226921,-4.9876458723455555,-14.609142244130275,6.005499830206951
002627#12,80,1,90,-10.238297256933215,-16.061822372961238,5.823525116028023,-0.8391474390354094,-5.483769496093116,-15.839652311335113,5.601355054401898
002627#15,170,-2,150,-6.845315683313508,-16.545622739149028,9.70030705583552,-0.7586121621725219,-2.9780457067052737,-15.415468172933977,8.570152489620469
002627#15,170,-1,160,-4.826509864560657,-16.887094130341236,12.06058426578058,1.0250173712579183,-2.742869421382862,-15.133666115355787,10.307156250795131
002627#15,170,0,170,-8.139014180162384,-17.911833647766287,9.772819467603902,-1.6041682996316675,-3.426188066095004,-16.194403493469693,8.055389313307309
002627#15,170,1,180,-5.923842260832425,-18.151600221812537,12.227757960980112,0.6108321944947734,-3.4260166408914854,-16.38913467403581,10.465292413203384
002627#17,180,-2,160,-1.1050781338139881,-14.198468058414434,13.093389924600446,6.43813088714564,-3.9030517249227077,-10.941584339942722,9.836506206128734
002627#17,180,-1,170,-2.150077342359194,-14.843607089424227,12.693529747065032,5.984476986173648,-4.494397032495921,-12.360396791330485,10.21031944897129
002627#17,180,0,180,-8.19144998240469,-16.59937397508813,8.407923992683441,2.086426029387481,-6.63771871575525,-15.739770055108023,7.5483200727033335
002627#17,180,1,190,-7.380419083538616,-16.718568523495122,9.338149439956506,2.6996665642383513,-6.439928351740047,-15.447570047595681,8.067150964057065
002627#18,0,0,0,-7.841862240836344,-9.455171644175389,1.613309403339045,0.0,0.0,-9.991089275232731,2.1492270343963877
002627#18,0,1,10,-1.872740264481867,-12.344011736102862,10.471271471620994,9.733595478582341,-3.764473502227864,-10.325221679616604,8.452481415134738
002627#22,0,0,0,-7.817187705491599,-10.162626598211284,2.3454388927196854,0.0,0.0,-9.848939691775728,2.031751986284129
002627#22,0,1,10,-3.031147208013204,-12.942297127452047,9.911149919438843,7.824092855672566,-3.0380523581941703,-10.873511269411898,7.842364061398694
002627#26,190,-2,170,-1.7349846059317642,-14.498112032246743,12.763127426314979,4.145612004058602,-3.506131561101672,-12.438418183450361,10.703433577518597
002627#26,190,-1,180,-5.862765978966721,-15.211267496308036,9.348501517341315,1.3921867695515417,-4.880487699629569,-14.42223168571383,8.55946570674711
002627#26,190,0,190,-8.216758504979305,-16.127344790300953,7.9105862853216475,0.014023241380971108,-5.856316697471582,-16.14203039331801,7.925271888338704
002627#26,190,1,200,-5.604339611163596,-15.15171686810983,9.547377256946234,1.6281193659997042,-4.857993928274606,-14.471751148798873,8.867411537635277
002627#27,80,-2,60,-2.3905501205938737,-13.396648511055144,11.00609839046127,6.382262346366946,-2.8419291679261613,-11.241380425014155,8.850830304420281
002627#27,80,-1,70,-5.8066995779502175,-14.937277170023776,9.130577592073559,4.686922768428047,-4.562739047343606,-14.009042618014169,8.202343040063951
002627#27,80,0,80,-14.570162542912001,-17.099418813082963,2.5292562701709613,-0.9035980960958279,-7.7356811477815155,-19.25036389225119,4.680201349339189
002627#27,80,1,90,-4.1970618510996,-14.520013624188948,10.322951773089347,5.6422577358669805,-3.908436287931923,-12.576741175136398,8.379679324036797
002627#31,140,-2,120,-3.318405776197915,-15.011183320656617,11.692777544458702,0.3536695672254697,-2.176727194867515,-12.266717365840938,8.948311589643023
002627#31,140,-1,130,-0.4704625238762574,-14.781415095061938,14.31095257118568,2.723958315473106,-1.6990726907934937,-11.564131660665515,11.093669136789257
002627#31,140,0,140,-7.657079734793502,-16.681276707903926,9.024196973110424,-2.0732725566699806,-4.088459029567652,-15.66731451530898,8.010234780515479
002627#31,140,1,150,-12.717570185587157,-16.823905748367256,4.1063355627800995,-5.6999536064494,-5.522268430581887,-16.985748694707592,4.268178509120435
002671#7,140,-2,120,-4.280261161521358,-16.80382811862813,12.52356695710677,7.182337443558822,-5.476830661672127,-15.105399263284172,10.825138101762814
002671#7,140,-1,130,-4.203866045273747,-16.82652880623712,12.622662760963374,7.272821309334519,-5.490919411200213,-14.733470931899108,10.52960488662536
002671#7,140,0,140,-9.190443670740544,-17.99649257554455,8.806048904804006,4.062412080977889,-7.2670878083103805,-17.37645746631758,8.186013795577034
002671#7,140,1,150,-2.8405114377730243,-17.11639605631492,14.275884618541895,8.602075943556995,-5.4568194379219666,-14.981325914501873,12.140814476728849
002671#11,100,-2,80,-1.3634925023204048,-13.343764172217714,11.98027166989731,2.2788820247708497,-1.7843419714253281,-10.762695870121478,9.399203367801073
002671#11,100,-1,90,-0.7368154013395163,-14.052819265368875,13.316003864029359,2.6333463655575886,-1.5121292112311786,-11.231070003973919,10.494254602634403
002671#11,100,0,100,-8.759547264335996,-16.718121487141232,7.958574222805236,-1.8567461920645596,-5.04476851660551,-16.466760450657105,7.707213186321109
002671#11,100,1,110,-4.929644643754628,-15.796376406729081,10.866731762974453,0.30986948908934453,-3.381481577178046,-14.600503073162168,9.67085842940754
002671#24,180,-2,160,-5.383176835520329,-15.705118067134459,10.32194123161413,2.982616870589463,-3.568046829510937,-14.127082632935776,8.743905797415447
002671#24,180,-1,170,-5.178693705674384,-15.570984083951302,10.392290378276918,2.9993015003375745,-3.3802483294131034,-14.135299594328723,8.95660588865434
002671#24,180,0,180,-7.886248401484735,-17.03311444823484,9.146866046750105,1.4533933106373893,-4.541894835523269,-16.38288709550356,8.496638694018824
002671#24,180,1,190,-8.280080733149562,-16.456231535378286,8.176150802228724,1.0416510248468471,-4.5239848813975545,-15.625987074417301,7.345906341267739
002677#18,0,0,0,-8.11144129494253,-13.497086360798873,5.385645065856343,0.0,0.0,-9.68166632908313,1.5702250341406003
002677#18,0,1,10,-3.3629778857479193,-12.054012008996366,8.691034123248446,6.114252088781754,-1.3657886795871437,-9.852525049056798,6.489547163308878
002707#13,0,0,0,-9.70977616272536,-12.167738931309085,2.457962768583725,0.0,0.0,-9.569943421071237,-0.13983274165412318
002707#13,0,1,10,-5.047531225910536,-12.560779323048225,7.513248097137689,5.946275537479046,-1.2840306006642224,-10.986847870526846,5.93931664461631
002750#4,0,0,0,-9.105046217750827,-11.536866097764827,2.4318198800140003,0.0,0.0,-10.213510264800048,1.108464047049221
002750#4,0,1,10,-0.10681174979308494,-15.928574999676009,15.821763249882924,11.091066844198913,-2.092832376241171,-10.453746744344109,10.346934994551024
002750#25,140,-2,120,-4.227777295411022,-14.103010831906705,9.875233536495681,3.595486328424053,-3.956620951166903,-12.533402665386733,8.305625369975711
002750#25,140,-1,130,-4.237602853699503,-13.592183412211426,9.354580558511923,3.6055669041760394,-3.97652708520737,-11.81043423761635,7.5728313839168475
002750#25,140,0,140,-9.673780619095474,-15.189524328112478,5.515743709017004,0.1416470280018487,-5.9487849744291506,-15.309225339425167,5.6354447203296925
002750#25,140,1,150,-2.1596642658270646,-14.232083878148977,12.072419612321912,5.597870701029612,-3.890892294188504,-12.27030467183931,10.110640406012246
002839#4,0,0,0,-10.414562886243633,-10.153456685557883,-0.2611062006857505,0.0,0.0,-10.211769366866212,-0.20279351937742085
002839#4,0,1,10,-12.91748752420076,-14.237638981717225,1.3201514575164648,0.78934527511238,-3.2922699130695072,-14.025212835033097,1.1077253108323362
002842#3,30,-2,10,-5.751019650521203,-11.793803029558124,6.042783379036921,-0.04003273709840505,-1.6847983706349754,-9.626646791103534,3.8756271405823313
002842#3,30,-1,20,-5.474492861479355,-12.505486520135594,7.030993658656239,-0.2714135235888637,-1.1768907951026693,-11.102837223456895,5.62834436197754
002842#3,30,0,30,-9.535133332363227,-14.448626145169444,4.913492812806217,-3.85156449523285,-1.6573802943425546,-14.421668295528876,4.88653496316565
002842#3,30,1,40,-7.474282571963372,-15.353438806395781,7.879156234432409,-1.4933290446926448,-1.9547649844829054,-14.975314163318162,7.501031591354789
002842#4,0,0,0,-8.542907797680355,-10.601177496926319,2.0582696992459635,0.0,0.0,-9.11308108038306,0.5701732827027044
002842#4,0,1,10,-7.204042360026348,-13.01526578893859,5.811223428912243,3.322866776740638,-1.9840013390866305,-11.546960026326625,4.342917666300277
002844#1,140,-2,120,-0.2044297081121602,-14.252657173404634,14.048227465292474,2.766869841867033,-1.2208116296538178,-11.336148389784684,11.131718681672524
002844#1,140,-1,130,-5.935651489287213,-15.483874301490978,9.548222812203765,-1.3745942598395433,-2.8105693091222945,-13.085356569196989,7.149705079909776
002844#1,140,0,140,-7.702604483005352,-15.913635862529592,8.21103137952424,-2.6695313414795563,-3.2825852212004203,-13.983080384550618,6.280475901545266
002844#1,140,1,150,-2.4783024926303376,-15.068957927088174,12.590655434457837,1.180039187293156,-1.907853759598118,-12.220006921677568,9.74170442904723
002844#2,130,-2,110,-1.7929420804211063,-14.21532203593852,12.422379955517414,1.8958147519446822,-0.40417221402994663,-11.562966496297301,9.770024415876195
002844#2,130,-1,120,-1.2878533604050144,-14.065644883144955,12.77779152273994,2.4576554586294286,-0.4609242006986012,-11.249489697634973,9.961636337229958
002844#2,130,0,130,-13.275093562760674,-19.116659232438334,5.84156566967766,-6.415906436529513,-3.574602507895319,-18.39711131421504,5.122017751454365
002844#2,130,1,140,-11.827170033235333,-19.2960918066845,7.468921773449168,-4.9312621238635455,-3.6113232910359456,-16.57896245804789,4.751792424812557
002844#3,20,-2,0,-3.7570963824322376,-11.414797863586095,7.6577014811538575,0.0,0.0,-8.575345722176126,4.818249339743888
002844#3,20,-1,10,-4.150573182340066,-12.288704800245943,8.138131617905877,1.9217257778100532,-2.3152025777178817,-10.629796380676616,6.47922319833655
002844#3,20,0,20,-8.114903355832407,-14.318975820533339,6.204072464700932,-2.2041339349413565,-2.153673038458813,-13.587821137949783,5.472917782117376
002844#3,20,1,30,-4.871299806422108,-13.7704287376923,8.899128931270191,0.3507881127906316,-1.4649915367805022,-13.305663191196592,8.434363384774484
002935#0,0,0,0,-9.512722371263584,-9.806261737916236,0.29353936665265223,0.0,0.0,-10.00695291115194,0.4942305398883562
002935#0,0,1,10,-4.682302034615702,-12.769377244164765,8.087075209549063,7.10382564947628,-2.273405312828399,-9.957157284746208,5.274855250130505
002935#1,0,0,0,-10.341092971403729,-9.803110197028571,-0.5379827743751573,0.0,0.0,-10.466453009540308,0.12536003813657892
002935#1,0,1,10,-5.305431518400902,-13.314709559888282,8.00927804148738,7.653795684359269,-2.6181342313564424,-10.379035238978547,5.073603720577645
002955#0,0,0,0,-9.603949216811635,-11.690583987027459,2.0866347702158237,0.0,0.0,-9.400487762405204,-0.20346145440643149
002955#0,0,1,10,-2.787559709949443,-12.001755163822752,9.214195453873309,7.486814321640767,-0.6704248147785767,-9.573819826210578,6.7862601162611345
002955#1,0,0,0,-8.33083406307974,-12.914056860458267,4.583222797378527,0.0,0.0,-9.83127451263475,1.5004404495550094
002955#1,0,1,10,-3.9106986275098556,-12.90926361558282,8.998564988072964,5.383457827384657,-0.9633223918147724,-9.55475635134975,5.644057723839895
002955#4,170,-2,150,-5.341576135457757,-14.900407298229428,9.558831162771671,0.1443731685114784,-4.196653798034147,-12.864407062692502,7.522830927234745
002955#4,170,-1,160,-5.269380718181097,-15.425854458968614,10.156473740787517,0.2109142351740645,-4.190999447420072,-13.261601203427105,7.992220485246008
002955#4,170,0,170,-9.031124670776691,-18.006241690747075,8.975117019970384,-1.8585564968891735,-5.883272667952429,-16.818682579741164,7.787557908964473
002955#4,170,1,180,-4.694517504242006,-16.776562142999364,12.082044638757358,1.4499270444745482,-4.855149042781465,-14.637091125955733,9.942573621713727
002955#7,80,-2,60,-2.482984190972111,-14.926085568859607,12.443101377887496,4.68198730607059,-2.340328883989044,-12.57970340182568,10.09671921085357
002955#7,80,-1,70,-4.689239628263177,-15.230222455097994,10.540982826834817,3.165390993414694,-3.0299880086242146,-13.221668521695818,8.532428893432641
002955#7,80,0,80,-8.259552902129297,-16.84760137196072,8.588048469831424,0.7999745047043558,-4.234884793779996,-15.880889324281943,7.6213364221526465
002955#7,80,1,90,-6.079422600681246,-15.273843856029444,9.194421255348198,2.1889000766226827,-3.4436800642502723,-13.79841636515495,7.718993764473703
002955#8,10,-1,0,-3.6560380667537924,-9.801032003681986,6.144993936928193,0.0,0.0,-9.08529212083275,5.4292540540789584
002955#8,10,0,10,-9.659559973571369,-12.408301709727574,2.748741736156205,-3.758508445194404,-2.2450134616231727,-10.648069171318424,0.9885091977470548
002955#8,10,1,20,-8.928227433406374,-12.389472044422572,3.4612446110161983,-4.228853987171426,-1.0433353794811548,-10.303316276307365,1.3750888429009915
002955#9,190,-2,170,-5.108280038117452,-18.388623275836252,13.2803432377188,-1.8418437159062417,-2.526009859012743,-16.406839800859306,11.298559762741853
002955#9,190,-1,180,-5.6414898355533065,-18.38539328262459,12.743903447071284,-2.1351749406579925,-2.7658884316968466,-16.716083517770326,11.074593682217019
002955#9,190,0,190,-7.497620402967343,-20.19496206457438,12.697341661607037,-3.432460036445467,-3.3247339033234082,-18.28196242874957,10.784342025782227
002955#9,190,1,200,-4.274424886332161,-18.872437263968074,14.598012377635913,-0.9860945019774094,-2.5479039211562844,-16.447788647638326,12.173363761306165
002955#10,180,-2,160,-3.873006282518766,-15.725963710549536,11.85295742803077,-0.8238764092196655,-3.0630098026048165,-14.029403313568006,10.15639703104924
002955#10,180,-1,170,-3.890783188901022,-15.906447246784793,12.015664057883772,-0.6549902145430782,-3.24967290366366,-14.100716106007662,10.20993291710664
002955#10,180,0,180,-9.059294089732873,-17.284735216108487,8.225441126375614,-4.312539708581544,-4.760634310457045,-16.685910821501498,7.626616731768625
002955#10,180,1,190,-5.927201928623459,-17.516650171785557,11.589448243162098,-2.1976587944424857,-3.7434230634866896,-15.54370478220959,9.61650285358613
002955#11,120,-2,100,-4.073072933768772,-14.100541018455367,10.027468084686594,-2.7921316729762595,-1.0280787919925003,-12.039412430482813,7.96633949671404
002955#11,120,-1,110,-2.80023454476677,-15.729337242379675,12.929102697612905,-1.2489918091845507,-1.2983802667822069,-13.441369726253884,10.641135181487114
002955#11,120,0,120,-8.819857963720763,-17.87497260085951,9.055114637138749,-5.596098298610966,-2.9708971963097843,-17.432544065573246,8.612686101852484
002955#11,120,1,130,-6.0598357996559615,-17.53070339052966,11.470867590873699,-3.2434624212230307,-2.5635109096329183,-16.633427487318382,10.573591687662422
002955#12,70,-2,50,-4.606386853460965,-13.472551895549838,8.866165042088873,4.273664828093424,-3.460258398478321,-12.037285272713213,7.430898419252248
002955#12,70,-1,60,-3.0611376701287885,-14.176796925826128,11.11565925569734,5.5724443793361935,-3.213788766388914,-12.28623121683159,9.225093546702801
002955#12,70,0,70,-7.369339020812858,-15.535348200266762,8.166009179453905,2.830764969808714,-4.780310707545505,-14.967063933016997,7.597724912204138
002955#12,70,1,80,-6.309367500380922,-15.281740426075395,8.972372925694472,3.7141946496629883,-4.603768866967843,-14.337923933042491,8.028556432661569
002955#13,170,-2,150,-0.32375706318427966,-16.00488010831313,15.681123045128851,3.242620221516392,-2.211130369495701,-13.84631431401287,13.52255725082859
002955#13,170,-1,160,-5.608060994995164,-16.29298633901876,10.684925344023597,-1.1832744254270682,-3.069539654363125,-14.698360733034024,9.09029973803886
002955#13,170,0,170,-9.88657037074045,-17.338544513849083,7.451974143108632,-4.079772544203319,-4.451550911332161,-16.903830196338372,7.017259825597922
002955#13,170,1,180,-11.310721703186836,-18.221240220246177,6.910518517059341,-4.517145373050369,-5.438329414931497,-18.804273790206913,7.493552087020078
002955#14,10,-1,0,-5.025750538436636,-8.531704308362077,3.5059537699254406,0.0,0.0,-9.440708506741313,4.414957968304677
002955#14,10,0,10,-8.497038822955208,-12.467381918852759,3.970343095897551,0.7263515548772927,-4.1976398393958645,-12.759279671026873,4.262240848071665
002955#14,10,1,20,-7.5318462266539425,-13.579473317893742,6.047627091239799,1.2240175067603452,-3.7301131949776516,-13.203735184734407,5.671888958080465
002955#17,30,-2,10,-6.280374075753816,-11.913521277656677,5.633147201902862,1.8719765451337134,-3.431328201594474,-11.810758274629698,5.530384198875883
002955#17,30,-1,20,-6.571621665008561,-12.557586358202277,5.985964693193717,0.6081171855700345,-2.45871643128554,-11.939705187098019,5.368083522089458
002955#17,30,0,30,-7.440828943947528,-14.661703749658859,7.220874805711331,0.8444297581241491,-3.564236282778622,-14.51532339489355,7.0744944509460215
002955#17,30,1,40,-10.362105260056117,-15.04178177940311,4.679676519346993,-2.0812547705292115,-3.5598280702338503,-14.937902884038602,4.575797623982485
002955#20,150,-2,130,-4.424404415462698,-16.355233135722315,11.930828720259617,-0.884748497701187,-3.917917604527492,-14.26430400303102,9.839899587568322
002955#20,150,-1,140,-6.417788526603842,-17.42493856593832,11.007150039334476,-2.3289747216680325,-4.467075491701791,-15.59135374739258,9.173565220788738
002955#20,150,0,150,-8.666933358669345,-17.999077792473997,9.332144433804652,-4.1633779048505595,-4.881817140584767,-16.19802988272649,7.531096524057146
002955#20,150,1,160,-5.651479443641804,-17.983196518663235,12.33171707502143,-1.5046003175160165,-4.5251408128917685,-15.441819269262828,9.790339825621023
002955#23,10,-1,0,-4.041273126726626,-9.77574993078014,5.734476804053514,0.0,0.0,-8.432347820720013,4.391074693993387
002955#23,10,0,10,-7.243515699645305,-11.617034016973971,4.373518317328666,-1.349963069644117,-1.8522795032745618,-8.908759401570716,1.6652437019254114
002955#23,10,1,20,-1.7220383669549602,-11.574669181842102,9.852630814887142,3.895155868940233,-1.5759211091685672,-7.406344122016544,5.684305755061584
002955#24,150,-2,130,-3.6405296029325367,-14.171969385182521,10.531439782249985,-0.8034092713415104,-3.129386031417279,-11.886076331754666,8.245546728822129
002955#24,150,-1,140,-3.414065562075166,-14.519469557529444,11.105403995454278,-0.3050844930110248,-3.4012467688903936,-12.530140115513637,9.116074553438471
002955#24,150,0,150,-7.050851982754323,-16.431491556136788,9.380639573382464,-2.8116141330199187,-4.531503549560657,-14.998387374875746,7.947535392121423
002955#24,150,1,160,-4.026447377475954,-15.794520617992537,11.768073240516584,-0.6053240074710637,-3.7133890698311425,-13.248319834589433,9.221872457113479
002987#0,10,-1,0,-3.826401604083763,-10.837365104404654,7.010963500320891,0.0,0.0,-8.164174987478354,4.337773383394591
002987#0,10,0,10,-6.942009857377334,-12.466881122803098,5.524871265425764,-1.4103144671749082,-1.7052937861186628,-8.69330695390347,1.7512970965261356
002987#0,10,1,20,-4.673175628090501,-11.9605841657518,7.2874085376613,-0.43813407897671075,-0.4086399450300271,-7.583483987079117,2.9103083589886163
002987#1,60,-2,40,-3.4242817292435657,-11.902342658963851,8.478060929720286,-0.8669405285281804,-0.5595590064604292,-9.381679655758468,5.957397926514902
002987#1,60,-1,50,-4.3508531222480915,-13.082794621418651,8.73194149917056,-1.5110982539195872,-0.8419726740735483,-11.066222953521965,6.715369831273874
002987#1,60,0,60,-7.857250637748066,-13.766564246469615,5.909313608721549,-4.623470634424947,-1.235997809068163,-11.929302338867066,4.072051701118999
002987#1,60,1,70,-7.769572425732136,-13.729189122980088,5.959616697247952,-4.466984261038795,-1.3048059704383848,-12.496778731242406,4.72720630551027
002987#3,120,-2,100,-5.104367151894097,-15.46884723885058,10.364480086956483,-1.8825668559639537,-2.2337854649675917,-13.816503293552993,8.712136141658895
002987#3,120,-1,110,-2.431388998289618,-15.041253755555239,12.60986475726562,0.05676573660065687,-1.5001399039277232,-13.130154531690687,10.698765533401069
002987#3,120,0,120,-10.873957628941698,-16.98727796070291,6.113320331761214,-6.579999229638426,-3.30594356834072,-16.583209292482326,5.709251663540629
002987#3,120,1,130,-6.358417907018091,-16.837637911280314,10.479220004262224,-2.6460761403154804,-2.724326935740059,-14.806669410049118,8.448251503031027
002987#6,70,-2,50,-0.3720424577654633,-12.55622208670733,12.184179628941866,1.784606094867633,-1.8936243059707154,-9.803487855307978,9.431445397542515
002987#6,70,-1,60,0.2749111206452888,-13.316032075224188,13.590943195869476,2.4340126010936167,-1.896077233785947,-10.43962954555556,10.714540666200849
002987#6,70,0,70,-8.63816800377795,-16.44592463958831,7.8077566358103585,-3.2084467472610068,-5.166697009854563,-16.50794169748466,7.86977369370671
002987#6,70,1,80,-6.605634569748693,-16.0868010104426,9.481166440693906,-1.9650175813239747,-4.377592741762337,-15.268942367480518,8.663307797731825
002987#7,70,-2,50,-1.4570797852766173,-13.300485296951173,11.843405511674556,7.826686394051403,-4.22225193832151,-11.189646903449256,9.73256711817264
002987#7,70,-1,60,-4.003879754451859,-14.66598138037795,10.662101625926091,5.584947133142461,-4.52731264658781,-12.985721397431265,8.981841642979406
002987#7,70,0,70,-7.008465720730083,-16.331120701323457,9.322654980593374,3.873069281977935,-5.8200207617015085,-15.084369983358263,8.07590426262818
002987#7,70,1,80,-4.500579942094156,-15.81351524321686,11.312935301122705,5.941352256256221,-5.380417957343867,-14.332887281182058,9.832307339087903
002987#8,10,-1,0,-0.7222878029374584,-10.834750225608495,10.112462422671037,0.0,0.0,-7.810057855239883,7.0877700523024245
002987#8,10,0,10,-7.325147549542019,-12.107958483087248,4.782810933545229,-4.932073675311587,-1.6707860712929734,-9.046042909469564,1.7208953599275452
002987#8,10,1,20,-4.353416687295017,-11.647655123675206,7.294238436380189,-2.519229543230507,-1.1118993411270512,-7.795966381575208,3.442549694280191
002987#9,10,-1,0,-0.9828445855318044,-11.884986503275162,10.902141917743357,0.0,0.0,-7.94587604642274,6.963031460890935
002987#9,10,0,10,-8.52230920877721,-11.988265605203093,3.4659563964258826,-5.952259922824878,-1.587204700420529,-9.413749975567402,0.8914407667901916
002987#9,10,1,20,-5.31702543577552,-11.826663924609981,6.509638488834462,-3.251514188354465,-1.0826666618892502,-7.966767388475162,2.6497419526996424
002987#10,0,0,0,-9.340772078199736,-12.877366475228307,3.536594397028571,0.0,0.0,-7.860651804132966,-1.4801202740667696
002987#10,0,1,10,-0.6109279116489965,-13.233955271893624,12.623027360244627,9.352183021744619,-0.6223388551938775,-9.574923548386803,8.963995636737806
002987#11,140,-2,120,-2.056393873020477,-15.770688162047477,13.714294289027,-0.3245077385678634,-1.1565726730979993,-14.308062231854686,12.251668358834209
002987#11,140,-1,130,-3.4978559422334286,-16.609020562762048,13.11116462052862,-1.386485628846513,-1.536056852032301,-14.747552887337703,11.249696945104274
002987#11,140,0,140,-7.571689578863186,-17.67293120486634,10.101241626003155,-4.620445456327333,-2.375930661181238,-16.774783533790217,9.20309395492703
002987#11,140,1,150,-8.300149017041463,-17.123539539568064,8.823390522526601,-5.484759249682485,-2.2400763060043634,-15.677812621056212,7.377663604014749
002987#12,60,-2,40,-6.524289990469735,-12.556840713224787,6.032550722755052,-2.740023731755346,-0.727487260898398,-10.776055338872647,4.251765348402912
002987#12,60,-1,50,-4.868771160017397,-13.322303681009453,8.453532520992056,-1.2431694244466502,-0.5688227377547559,-11.340712574103508,6.4719414140861105
002987#12,60,0,60,-7.374935171119837,-14.23925952279659,6.864324351676753,-3.209828919003269,-1.108327254300577,-12.916398165122054,5.541462994002217
002987#12,60,1,70,-8.133181837095663,-14.55051154879255,6.417329711696887,-3.6656037462804205,-1.4107990929992509,-13.042018544333724,4.908836707238061
002987#14,170,-2,150,-4.607784620069474,-16.10930063881071,11.501516018741235,-1.2316754053883647,-3.68913153862339,-12.659564209109428,8.051779589039954
002987#14,170,-1,160,-3.2255583912494963,-16.80044968377235,13.574891292522853,0.08359398535419293,-3.6221747005459703,-13.233031237961258,10.007472846711762
002987#14,170,0,170,-9.533575741637257,-18.576693483856737,9.04311774221948,-4.694314977971993,-5.152283087607546,-16.855732125820058,7.322156384182801
002987#14,170,1,180,-7.308417497234828,-19.16160756683996,11.853190069605134,-2.502244858636212,-5.119194962540897,-16.99089174015523,9.682474242920403
002987#15,60,-2,40,-2.761599271887585,-11.86537058032081,9.103771308433226,0.10149645621539127,-1.655625238250845,-9.003469194190435,6.24186992230285
002987#15,60,-1,50,-4.8715726682880085,-12.784248781941427,7.9126761136534185,-1.8500397222554708,-1.8140624561804066,-10.075290055367324,5.203717387079315
002987#15,60,0,60,-9.205736659611897,-13.966574851497622,4.760838191885725,-4.70372008046955,-3.2945460892902165,-13.199560657009437,3.9938239973975396
002987#15,60,1,70,-4.300385826849048,-13.117714670372498,8.81732884352345,-0.4388193893535064,-2.6540959476434107,-11.121829414991062,6.821443588142014
003007#6,70,-2,50,-1.7685256442518718,-12.674234833615584,10.905709189363712,-0.10818586504127037,-0.7444032907486529,-10.245440275519401,8.47691463126753
003007#6,70,-1,60,-4.336683380847544,-13.813404884161175,9.47672150331363,-2.5317609475581695,-0.8889859448274255,-11.240768495225831,6.9040851143782875
003007#6,70,0,70,-7.766833165570576,-14.103431120155756,6.33659795458518,-5.14601003255757,-1.704886644551057,-13.538426023975616,5.7715928584050396
003007#6,70,1,80,-10.585835329521085,-15.804634122739134,5.218798793218049,-7.33299197187717,-2.336906869181967,-13.884902635248329,3.2990673057272435
003007#8,100,-2,80,0.27200854380380335,-14.731293671822385,15.003302215626189,1.6055674677162797,-1.6218819868126113,-12.021473206439813,12.293481750243616
003007#8,100,-1,90,0.59794199413518,-14.069574880790285,14.667516874925465,1.575088248479827,-1.2654693172447802,-11.249760361462265,11.847702355597445
003007#8,100,0,100,-9.191437839989115,-16.173902313273704,6.982464473284589,-5.151328001503445,-4.328432901385805,-15.529350780608157,6.3379129406190415
003007#8,100,1,110,-3.619059914586284,-15.340192214172983,11.7211322995867,-1.6541430839527829,-2.253239893533636,-13.195397587907356,9.576337673321072
003007#9,20,-2,0,-2.1581768687952874,-10.565953741577896,8.407776872782609,0.0,0.0,-8.13210387475782,5.973927005962533
003007#9,20,-1,10,-2.383891472251869,-12.766015308175291,10.382123835923423,1.9996285984767779,-2.2253432019333586,-8.595980165986065,6.212088693734196
003007#9,20,0,20,-7.76564961806519,-13.883843899104345,6.118194281039155,-4.027999326714522,-1.5794734225553801,-10.27120395999162,2.5055543419264303
003007#9,20,1,30,-0.6799404906915072,-13.141008706259164,12.461068215567657,2.383639293443944,-0.9054029153401637,-9.665200514929374,8.985260024237867
003013#6,40,-2,20,-6.486734349602063,-13.098987118288335,6.612252768686272,-0.1589165528563541,-2.2362906147127672,-8.633846747465784,2.1471123978637205
003013#6,40,-1,30,-5.016914963436566,-12.942569257838194,7.925654294401628,2.0135662140018398,-2.938953995405464,-10.235301435008159,5.218386471571593
003013#6,40,0,40,-9.177176855353686,-14.069634383456352,4.892457528102666,-1.5474995427405207,-3.5381501305802234,-11.843310375775447,2.666133520421761
003013#6,40,1,50,-10.669488449400195,-14.404888797529283,3.7354003481290885,-2.869628517238778,-3.708332750128475,-12.329458064095569,1.659969614695374
003026#4,10,-1,0,-4.8137558388851875,-12.43660278459797,7.622846945712782,0.0,0.0,-8.79103635913885,3.9772805202536627
003026#4,10,0,10,-8.89350434437538,-13.785750515132293,4.892246170756913,-1.6582615995545833,-2.421486905935609,-10.897848166436722,2.004343822061342
003026#4,10,1,20,-6.305340988252363,-13.14038388788105,6.835042899628688,0.06987744913162075,-1.561462598498796,-10.08814649147567,3.782805503223308
003056#1,0,0,0,-8.22016225820061,-13.076296659187584,4.856134400986974,0.0,0.0,-8.803953019145728,0.583790760945119
003056#1,0,1,10,-6.035654302765407,-13.004757338370357,6.969103035604951,4.588722852467295,-2.404214897032092,-10.746531359428422,4.710877056663016
003056#3,110,-2,90,-5.74041212803651,-15.555611721457778,9.815199593421267,-0.7519584522388025,-1.6227762742010081,-13.546313631077533,7.805901503041023
003056#3,110,-1,100,-3.5073900820798,-13.1058901263774,9.5985000442976,0.42123089770460886,-0.562943578187709,-9.854052200198405,6.346662118118605
003056#3,110,0,110,-10.775539057157758,-15.064171601990775,4.288632544833018,-5.634234660834501,-1.7756269947265566,-12.03227332077539,1.2567342636176324
003056#3,110,1,120,-7.765531439116206,-14.300756754808788,6.535225315692582,-2.992088450898273,-1.4077655866212333,-11.342858714643286,3.5773272755270806
003056#7,0,0,0,-7.445139565613618,-10.510558485169987,3.065418919556369,0.0,0.0,-9.144473772890152,1.6993342072765332
003056#7,0,1,10,-9.46867186002863,-12.489176671172196,3.0205048111435655,-0.10489241218520329,-1.9186398822298085,-10.509318204205954,1.0406463441773237
003056#8,10,-1,0,-6.036498901623909,-10.22573702524627,4.189238123622361,0.0,0.0,-9.099940754253492,3.063441852629583
003056#8,10,0,10,-10.459360374065781,-13.142219908016662,2.6828595339508805,-2.155481319631336,-2.2673801528105364,-10.881445857870665,0.4220854838048833
003056#8,10,1,20,-7.171370283690408,-11.898969547495373,4.727599263804965,0.5045822564779541,-1.639453638544453,-8.730386915819615,1.5590166321292074
003056#9,20,-2,0,-4.850961433803089,-10.519494007825068,5.668532574021979,0.0,0.0,-8.624211202367048,3.773249768563959
003056#9,20,-1,10,-6.400674840761591,-11.758246301302396,5.357571460540805,-0.18677237109833467,-1.3629410358601692,-8.957077996192341,2.5564031554307496
003056#9,20,0,20,-7.32846235449901,-11.591681408325064,4.263219053826054,-1.2523923580614627,-1.2251085626344596,-8.704798577686466,1.3763362231874563
003056#9,20,1,30,-3.815104018695778,-11.905497263745197,8.09039324504942,2.761141185122152,-1.7252837700148427,-10.059298184097043,6.244194165401265
003056#10,40,-2,20,-5.712509588623313,-12.2995878992657,6.587078310642388,-3.166417977233792,-1.3292673962266437,-8.864801909315524,3.1522923206922115
003056#10,40,-1,30,-3.942547807489694,-12.404656673813374,8.46210886632368,-0.932935439722367,-1.7927881526044502,-10.329899342284648,6.387351534794954
003056#10,40,0,40,-9.452741968735381,-13.253738793194206,3.8009968244588244,-6.030669680475634,-2.205248073096871,-11.233735637787904,1.7809936690525223
003056#10,40,1,50,-8.243266163496806,-13.779233360359157,5.535967196862352,-4.963492832805496,-2.062949115528433,-11.121359757552346,2.8780935940555405
003056#11,0,0,0,-7.229158399255842,-10.764812766977506,3.5356543677216647,0.0,0.0,-9.216496889284011,1.9873384900281694
003056#11,0,1,10,-9.257385193592492,-11.491307883536123,2.233922689943631,-0.37117651125134943,-1.6570502830853013,-9.625553172001325,0.36816797840883275
003148#0,10,-1,0,-3.610813182373155,-10.219865635411205,6.60905245303805,0.0,0.0,-8.847410521586086,5.236597339212931
003148#0,10,0,10,-8.409459425188333,-14.014789272923675,5.605329847735343,-0.9536261836789572,-3.8450200591362202,-14.303339623266636,5.893880198078303
003148#0,10,1,20,-10.044670508615802,-15.419905025232712,5.37523451661691,-2.9917978342578837,-3.442059491984763,-14.282547589752037,4.237877081136235
003148#2,240,-2,220,-5.31855118073813,-17.679315644701642,12.360764463963513,-0.02461987569277513,-5.178325085257651,-16.809484679564136,11.490933498826006
003148#2,240,-1,230,-5.611035807359691,-17.801116294763446,12.190080487403755,0.035025399489527764,-5.530454987061515,-17.392071616806334,11.781035809446642
003148#2,240,0,240,-8.763156313868748,-18.972836455785348,10.2096801419166,-1.7456741272050391,-6.9018759668760055,-19.72540261188577,10.962246298017021
003148#2,240,1,250,-6.715476188418986,-18.355569592270367,11.640093403851381,-0.7521497765914651,-5.847720192039817,-18.15882483697961,11.443348648560622
003148#7,0,0,0,-10.51239124045076,-10.165404280184053,-0.34698696026670817,0.0,0.0,-10.172249035574117,-0.3401422048766438
003148#7,0,1,10,-10.010325423086769,-13.768409631951286,3.758084208864517,3.375182137479745,-2.8731163201157535,-12.680726071740215,2.6704006486534464
003148#8,0,0,0,-8.86614308354855,-11.980286763852448,3.114143680303897,0.0,0.0,-8.936749311657767,0.07060622810921657
003148#8,0,1,10,-6.171009856202242,-13.31958138390748,7.148571527705237,5.112694998838519,-2.417561771492211,-11.442275156148321,5.271265299946079
003160#0,10,-1,0,-3.293393865379592,-11.360618703264269,8.067224837884677,0.0,0.0,-8.626201332853597,5.332807467474005
003160#0,10,0,10,-7.811171514892756,-13.94253170633661,6.131360191443854,-0.3967143762999643,-4.121063273213199,-13.740631539799402,5.929460024906646
003160#0,10,1,20,-0.2673478088353747,-13.51870778060858,13.251359971773205,5.089877675923252,-2.0638316193790347,-9.603567669057158,9.336219860221783
003160#2,0,0,0,-7.1419552327618385,-9.470271447990163,2.328316215228324,0.0,0.0,-9.582347777697644,2.440392544935805
003160#2,0,1,10,-6.780981463243959,-11.976408951606574,5.195427488362615,2.547147489344518,-2.186173719826639,-9.13450800045584,2.3535265372118808
003160#3,40,-2,20,-4.1754880526521205,-14.054007591279461,9.87851953862734,3.4696947573199517,-2.6085147414219,-11.797253744612126,7.621765691960006
003160#3,40,-1,30,-5.360902622134226,-13.779768404019535,8.418865781885309,3.1326965443862527,-3.4569310979703065,-12.825936997113947,7.465034374979721
003160#3,40,0,40,-7.04580807251832,-15.18235765252519,8.136549580006871,1.5759128711276866,-3.5850528750958346,-14.312549043440233,7.266740970921913
003160#3,40,1,50,-7.937924502521971,-15.60092910579138,7.663004603269409,1.2875010984928315,-4.1887575324646305,-15.007191961365619,7.0692674588436475
003160#4,20,-2,0,-5.546197689003153,-9.63232409599938,4.086126406996227,0.0,0.0,-8.925886706046201,3.3796890170430487
003160#4,20,-1,10,-6.404199650316391,-11.661235672877785,5.257036022561394,0.6891601293386467,-1.5471620906518853,-8.946598248909075,2.5423985985926834
003160#4,20,0,20,-7.81084224585495,-13.586745101636392,5.7759028557814425,0.08461259048681047,-2.3492571473386077,-12.549752233515497,4.738909987660547
003160#4,20,1,30,-8.522716710862909,-14.048035423632719,5.52531871276981,-0.2112093321918369,-2.7653096896679195,-13.07546754475892,4.552750833896011
003160#5,50,-2,30,-2.642236196920747,-12.51780999674798,9.875573799827233,2.036058796322343,-1.9763204398646224,-10.627985564549032,7.985749367628285
003160#5,50,-1,40,-1.270144005910975,-13.368422606794875,12.0982786008839,3.320245989181236,-1.8884154417137435,-11.189472935679824,9.919328929768849
003160#5,50,0,50,-9.462921849957452,-15.76371791281547,6.3007960628580175,-1.67037231438406,-5.090574982194925,-16.628229933513403,7.165308083555951
003160#5,50,1,60,-2.2027499145229115,-13.795034522086398,11.592284607563487,2.725291930179507,-2.226067291323951,-11.620502518749324,9.417752604226413
003160#7,80,-2,60,-4.092127001304936,-14.916159705395062,10.824032704090126,2.7964449847134665,-3.903823047004461,-13.288980183725014,9.196853182420078
003160#7,80,-1,70,-3.2925948699867504,-14.488026892853586,11.195432022866836,2.8688905372727374,-3.176736468245546,-12.594326317952145,9.301731447965395
003160#7,80,0,80,-7.719214983825783,-16.223966925498736,8.504751941672954,0.6125592410491092,-5.3470252858609495,-15.957750386985744,8.238535403159961
003160#7,80,1,90,-4.91443454191946,-16.372753390770466,11.458318848851006,2.4493042704465076,-4.378989873352026,-14.291428953958018,9.376994412038558
003160#8,30,-2,10,-3.5642268368931838,-13.020768355365938,9.456541518472754,5.050387886804692,-4.711969495657997,-10.676649622831897,7.112422785938714
003160#8,30,-1,20,-0.21104194871529458,-13.09448904937182,12.883447100656525,8.705069480655954,-5.01346620133137,-9.648181484107296,9.437139535392001
003160#8,30,0,30,-8.397319918343612,-14.639141504315134,6.241821585971522,3.657808019741778,-8.152482710045511,-14.530368243478321,6.133048325134709
003160#8,30,1,40,-3.76748544612591,-14.265022248528872,10.497536802402962,7.1984307088435076,-7.0632709269295395,-12.256821165507723,8.489335719381813
003160#11,60,-2,40,-2.9533397800080685,-14.192616722184138,11.239276942176069,6.329554398193007,-2.463582737541907,-12.064668972949434,9.111329192941366
003160#11,60,-1,50,-3.1567979767753283,-13.217801686381074,10.061003709605746,5.829994512374078,-2.1674810484902367,-11.391063466842583,8.234265490067255
003160#11,60,0,60,-7.913607704201332,-15.971551548671204,8.057943844469872,2.830279200579274,-3.9245754641214363,-14.713514325774938,6.799906621573606
003160#11,60,1,70,-2.3092065955339933,-13.336586964002368,11.027380368468375,6.506122718630666,-1.996017873505489,-10.500835479028783,8.19162888349479
003160#18,110,-2,90,-3.818938028826679,-14.83470182911867,11.01576380029199,1.2163656938502099,-2.6631797227963707,-12.740669849587363,8.921731820760684
003160#18,110,-1,100,-3.298065919315734,-14.673329080765772,11.375263161450038,1.8344532392512134,-2.7603951586864293,-13.001584192006193,9.70351827269046
003160#18,110,0,110,-9.301717555268947,-17.441483837576964,8.139766282308017,-1.3973691117303972,-5.532224443658032,-17.406540407028356,8.104822851759408
003160#18,110,1,120,-3.7235619707957195,-15.90622896113318,12.182666990337461,1.4379516024558048,-2.789389573371006,-13.763984807373362,10.040422836577642
003160#21,150,-2,130,0.16515462625156907,-15.31312306367936,15.478277689930929,9.944290815631103,-3.466384426440689,-10.635618209154135,10.800772835405704
003160#21,150,-1,140,-5.903916443689354,-17.445397086493415,11.54148064280406,5.596995634933004,-5.188160315683511,-14.786026824739345,8.88211038104999
003160#21,150,0,150,-9.05259252004273,-18.25457552833106,9.20198300828833,3.7883119970987793,-6.528152754202663,-17.421089571724348,8.368497051681619
003160#21,150,1,160,-2.8190900948568993,-16.71021543160213,13.89112533674523,8.285734757397618,-4.792073089315672,-13.090288161834577,10.271198066977679
003257#5,120,-2,100,-6.020296646980334,-16.780312072920758,10.760015425940423,-0.14754888060507998,-3.2400793129323002,-15.141392071394478,9.121095424414143
003257#5,120,-1,110,-2.7823845943391685,-15.581091831010522,12.798707236671353,2.0976954692622596,-2.247411610158474,-13.440960763666126,10.658576169326958
003257#5,120,0,120,-9.907913432525355,-19.18214039797417,9.274226965448815,-2.7434122021392597,-4.531832776943141,-18.194385640714945,8.28647220818959
003257#5,120,1,130,-4.945424776603547,-16.714300621710876,11.76887584510733,0.6427955714764422,-2.955551894637035,-14.361699421259607,9.41627464465606
003262#0,0,0,0,-8.170363597380433,-11.472710603648782,3.3023470062683487,0.0,0.0,-8.81114476077446,0.6407811633940277
003262#0,0,1,10,-4.3550317260137446,-15.37037274907893,11.015341023065186,5.91592878758879,-2.1005969162221003,-10.004004649725783,5.648972923712038
003262#1,0,0,0,-8.733895436317901,-13.115473966779227,4.381578530461326,0.0,0.0,-9.573221160876033,0.8393257245581314
003262#1,0,1,10,-5.566400863212959,-14.44882798766833,8.882427124455372,5.193241742039161,-2.0257471689342186,-9.115858913514565,3.549458050301606
003262#17,90,-2,70,-1.5047996951161,-14.583781281290939,13.078981586174839,-0.35373130631667227,-1.1728096314230045,-12.156627988150836,10.651828293034736
003262#17,90,-1,80,-1.6007970587820282,-15.03511823124398,13.434321172461951,-0.4989980680211836,-1.1235402333844213,-11.740351654151032,10.139554595369004
003262#17,90,0,90,-9.10200993214227,-15.65841438171896,6.556404449576689,-7.060915850160377,-2.06283532460547,-14.853547279256519,5.751537347114249
003262#17,90,1,100,-2.146733535028245,-15.394281468975807,13.247547933947562,-1.1373019428292448,-1.031172834822577,-11.143517991654308,8.996784456626063
003262#21,0,0,0,-7.532021102918398,-10.667634109765775,3.135613006847377,0.0,0.0,-8.813666443815658,1.28164534089726
003262#21,0,1,10,-4.411855706177168,-12.107106403756152,7.695250697578984,5.068134795758475,-1.9479693990172464,-9.499376086117936,5.087520379940767
003262#24,90,-2,70,-3.028262726210153,-14.70473926644221,11.676476540232057,-2.3736558834523933,-0.9937424885150721,-11.923845242672556,8.895582516462403
003262#24,90,-1,80,-3.3940725771170523,-14.384339124763018,10.990266547645966,-2.8523784132006043,-0.8808298096737612,-10.39516386653125,7.001091289414198
003262#24,90,0,90,-7.565891638095064,-16.11756165802109,8.551670019926025,-6.006600885187607,-1.898426398664769,-14.392901896277387,6.827010258182323
003262#24,90,1,100,-1.6932742161730339,-14.182548567971104,12.48927435179807,-1.3010013157549922,-0.731408546175353,-9.20348418811737,7.510209971944336
003262#28,0,0,0,-8.352880479766476,-11.457677024872005,3.104796545105529,0.0,0.0,-10.318426882217224,1.965546402450748
003262#28,0,1,10,-5.142115651879138,-13.738418097882704,8.596302446003566,5.441591584003538,-2.2308267561161994,-11.868783218196752,6.726667566317614
003262#29,0,0,0,-7.2747540344426005,-8.17937644259541,0.90462240815281,0.0,0.0,-8.752929175439697,1.478175140997096
003262#29,0,1,10,-6.855581665981333,-11.882543640349827,5.0269619743684935,3.005359501653048,-2.5861871331917805,-9.648747474949255,2.793165808967922
003262#30,0,0,0,-8.666217902304018,-8.967230084358787,0.30101218205476954,0.0,0.0,-8.731169593380743,0.06495169107672538
003262#30,0,1,10,-8.321088002479543,-12.427035248156745,4.105947245677202,2.3304122166362076,-1.985282316811733,-10.33680183270332,2.0157138302237776
003273#1,40,-2,20,-0.2571670274633444,-12.2980307343033,12.040863706839955,1.7131745645961143,-1.749286860107187,-7.943010289262653,7.685843261799309
003273#1,40,-1,30,-4.154266554700537,-13.350531460162493,9.196264905461955,-1.0480239613894065,-2.885187861358857,-11.189417730065616,7.035151175365079
003273#1,40,0,40,-14.181506457568345,-16.723409320013978,2.5419028624456335,-6.9862923491437865,-6.974159376472286,-18.651317779853134,4.469811322284789
003273#1,40,1,50,-8.99158797784687,-14.680474199040077,5.688886221193208,-4.752016986325723,-4.018516259568873,-13.200356897505896,4.208768919659027
003273#6,10,-1,0,-3.1990767364038524,-7.860477007288018,4.661400270884165,0.0,0.0,-8.875485298444437,5.676408562040584
003273#6,10,0,10,-9.751136297792666,-13.365596490794863,3.6144601930021967,1.1933288057223046,-7.745388367111118,-13.981520229193192,4.230383931400526
003273#6,10,1,20,-11.044082920295658,-14.51656410660793,3.4724811863122724,1.710369854439962,-9.555376038331767,-15.73311347233122,4.689030552035563
003273#9,190,-2,170,-4.4313060848481065,-17.003025880327996,12.57171979547989,-2.5269444621988386,-3.4834818936385963,-14.897424365000267,10.46611828015216
003273#9,190,-1,180,-4.7010373371549345,-17.84318155920781,13.142144222052876,-2.388332278023758,-3.891825330120505,-15.791839601856383,11.090802264701448
003273#9,190,0,190,-7.643934480938476,-18.378878800478617,10.73494431954014,-4.795643278466839,-4.427411473460966,-17.053503276724403,9.409568795785926
003273#9,190,1,200,-7.492545567553172,-18.070393647883858,10.577848080330686,-4.730199525809908,-4.341466312732592,-16.966044757860647,9.473499190307475
003273#11,150,-2,130,-2.524924811236545,-15.391090762117553,12.866165950881008,0.31850494186529543,-2.530403147788746,-12.292413930838045,9.7674891196015
003273#11,150,-1,140,-4.194019575470012,-15.37786251961564,11.183842944145628,-1.316581208686959,-2.5644117614699584,-11.61932224164876,7.425302666178748
003273#11,150,0,150,-8.318830183670347,-17.00561804880783,8.686787865137482,-4.099233797090516,-3.906569781266736,-15.497143541544304,7.178313357873957
003273#11,150,1,160,-4.758680645259052,-16.12958444336941,11.370903798110358,-1.1620616773265282,-3.2835923626194297,-13.507360114890673,8.748679469631622
003288#0,20,-2,0,-5.31582599647993,-9.45870559908171,4.142879602601781,0.0,0.0,-9.650619806908177,4.334793810428247
003288#0,20,-1,10,-5.7181132150367375,-13.54532090135618,7.827207686319442,4.601946059728225,-5.0042332782850325,-12.367706313380337,6.649593098343599
003288#0,20,0,20,-10.899504639753376,-15.63175270460752,4.732248064854144,1.7183285896214837,-7.30200723289493,-16.336803434646686,5.4372987948933105
003288#0,20,1,30,-5.610045678872655,-14.278213213980749,8.668167535108093,5.567821414940914,-5.862041097333639,-12.704438173821464,7.094392494948808
003288#4,140,-2,120,0.6321610047069797,-14.839784524685816,15.471945529392796,5.286748345886927,-2.9491060675867407,-12.475997364872386,13.108158369579366
003288#4,140,-1,130,-3.3730113720119608,-17.43911556241395,14.066104190401989,2.510716529534685,-4.178246627953438,-15.821500575958027,12.448489203946066
003288#4,140,0,140,-8.817351456063047,-19.34683351404141,10.529482057978363,-1.6993650421142954,-5.412505140355544,-18.642126766646822,9.824775310583775
003288#4,140,1,150,-0.6047147588681181,-16.040708841764495,15.435994082896377,4.561391300437194,-3.4606247857121044,-13.587145206871087,12.982430448002969
003288#5,70,-2,50,-2.707748378794726,-14.710374902664814,12.002626523870088,-0.07479776346211064,-2.452201646538005,-12.118631299197888,9.410882920403163
003288#5,70,-1,60,-0.40601755127691064,-14.28463130633559,13.87861375505868,2.2041788563632823,-2.4294474388455827,-11.890632188861403,11.484614637584492
003288#5,70,0,70,-8.219445537691744,-16.787831763236994,8.56838622554525,-4.463586765307893,-3.575109803589241,-15.865959470960277,7.646513933268533
003288#5,70,1,80,-2.296852279022488,-16.273283928797998,13.97643164977551,0.6683757283470575,-2.7844790385749354,-14.032914283790523,11.736062004768035
003288#11,10,-1,0,-5.440947943109478,-11.16146072822331,5.720512785113831,0.0,0.0,-8.519483074390008,3.07853513128053
003288#11,10,0,10,-8.213816710352694,-13.239575919327928,5.025759208975234,-0.998002127775937,-1.7748666394672785,-9.404022859702495,1.1902061493498017
003288#11,10,1,20,-3.5248870232157987,-12.986243009847247,9.461355986631448,2.694024349401525,-0.7779634295078455,-8.020262532550499,4.4953755093347
003288#14,10,-1,0,-4.824077616526439,-10.660425064970257,5.836347448443818,0.0,0.0,-8.53484404140836,3.710766424881922
003288#14,10,0,10,-8.653218526961957,-13.788393203645265,5.135174676683308,-2.1584037666280667,-1.670737143807452,-10.574315492831465,1.9210969658695074
003288#14,10,1,20,-5.135764498888969,-13.584292653237757,8.448528154348788,0.9084769539041146,-1.2201638362666452,-9.331386670282654,4.195622171393685
003288#16,10,-1,0,-6.885754443227917,-10.189508071950689,3.303753628722772,0.0,0.0,-8.993374333359498,2.1076198901315806
003288#16,10,0,10,-12.52605339550969,-14.682554907047816,2.156501511538126,-3.0577493008802152,-2.582549651401558,-13.321650936749776,0.7955975412400864
003288#16,10,1,20,-11.088096029480365,-15.046567290094737,3.958471260614372,-1.3838765269038635,-2.8184650593485845,-12.865351362674303,1.7772553331939385
003304#3,90,-2,70,0.27903551810141813,-13.978426528386219,14.257462046487637,8.370098207323164,-2.7324086880907466,-10.900229710284632,11.17926522838605
003304#3,90,-1,80,0.3790847251040308,-13.920900732992635,14.299985458096666,8.39613496624358,-2.6583962400085497,-10.65780069540147,11.0368854205055
003304#3,90,0,90,-7.264637833724308,-14.423021128153248,7.1583832944289405,1.8455952314950244,-3.7515790640883333,-11.222713765703764,3.9580759319794563
003304#3,90,1,100,0.6008957505913735,-14.339891051505418,14.940786802096792,8.961143732081219,-3.0015939803588463,-11.081569725983613,11.682465476574986
003304#13,0,0,0,-7.4673033309034675,-12.130570089387481,4.6632667584840135,0.0,0.0,-8.951991677644857,1.4846883467413896
003304#13,0,1,10,0.10844115418831102,-13.005145271633985,13.113586425822296,9.082866253006673,-1.507121767914894,-8.576009546510171,8.684450700698482
003317#7,10,-1,0,-5.66701218601341,-13.785393301493551,8.11838111548014,0.0,0.0,-10.074873684573072,4.4078614985596625
003317#7,10,0,10,-9.125079526875812,-13.77478287689913,4.649703350023318,-0.12117172778709451,-3.3368956130753076,-12.149591975337813,3.0245124484620014
003317#7,10,1,20,-5.7351742314069725,-14.802461008947143,9.06728677754017,3.6667295837830722,-3.734891629176635,-11.89729746350426,6.162123232097288
003317#9,90,-2,70,-0.8178437924479738,-15.629913613508016,14.812069821060042,5.340133081696241,-3.9089252997152837,-11.776530235523666,10.958686443075692
003317#9,90,-1,80,0.49191656852867993,-15.433097145492141,15.925013714020821,6.695196457191382,-3.954228314233771,-11.05311196540292,11.5450285339316
003317#9,90,0,90,-9.941794351007104,-16.81269192643166,6.870897575424557,-1.501646042691906,-6.191096733886267,-17.483718768689002,7.541924417681898
003317#9,90,1,100,-5.528753901929438,-17.821347674681796,12.292593772752358,2.1691584916552804,-5.4488608191557875,-16.193099225449746,10.664345323520308
003317#12,150,-2,130,-5.92249877081475,-15.886477892525576,9.963979121710826,0.9926848226323148,-3.1347424505602204,-13.48838289104136,7.56588412022661
003317#12,150,-1,140,-1.8814507486601997,-15.954506679027622,14.073055930367422,4.482381063703677,-2.583390669477033,-12.712899458568634,10.831448709908434
003317#12,150,0,150,-8.068846337179195,-17.366378386064582,9.297532048885387,-0.1488292521568959,-4.139575942135455,-15.73315748523621,7.664311148057015
003317#12,150,1,160,-4.339861956229647,-16.550529276048685,12.210667319819038,2.866505135716214,-3.425925949059017,-14.733731132603737,10.39386917637409
003317#14,40,-2,20,-2.7793354888193846,-12.209613825105638,9.430278336286253,1.4438692118659193,-1.9216655563766314,-9.207463607292794,6.42812811847341
003317#14,40,-1,30,-5.079607670641135,-11.846870159277573,6.7672624886364385,-0.5817177061345511,-2.196350820197911,-9.754662678093075,4.67505500745194
003317#14,40,0,40,-13.822153982279627,-14.924309587819254,1.102155605539627,-7.77850164618623,-3.7421131917847243,-13.765070303016188,-0.057083679263438825
003317#14,40,1,50,-9.19686080979402,-13.528790161663345,4.331929351869325,-4.431920285659295,-2.4634013798260517,-11.26777441452345,2.07091360472943
003317#15,10,-1,0,-4.433840526896173,-12.841358023347167,8.407517496450994,0.0,0.0,-9.171346372514591,4.7375058456184185
003317#15,10,0,10,-7.994485148908158,-12.94429974278686,4.949814593878703,-0.6314687522754454,-2.9291758697365395,-11.032598515348665,3.0381133664405073
003317#15,10,1,20,-2.8316144983688467,-12.051840846395724,9.220226348026877,3.686087988029054,-2.0838619595017276,-9.283865224358552,6.452250725989705
003317#16,90,-2,70,0.024849974426903287,-13.738142716104546,13.76299269053145,5.270001842621812,-1.6682848216339936,-10.336002762687055,10.360852737113959
003317#16,90,-1,80,0.28122017276026945,-13.31801475575485,13.59923492851512,4.8809214697398575,-1.0228342504186747,-9.339591804031956,9.620811976792226
003317#16,90,0,90,-7.13259349941368,-16.211089076326687,9.078495576913006,-0.3035225793003038,-3.252203873552461,-14.63136578398261,7.498772284568929
003317#16,90,1,100,-1.9435610974859472,-14.925437354162202,12.981876256676255,3.9268217660615106,-2.2935158169865426,-12.133000820062586,10.189439722576639
003348#0,0,0,0,-7.676946335411465,-12.559211022642055,4.88226468723059,0.0,0.0,-9.639214538806092,1.9622682033946273
003348#0,0,1,10,0.7409693717735735,-15.492570887003442,16.233540258777015,10.02198059273278,-1.6040648855477428,-8.499681531939887,9.24065090371346
003353#0,0,0,0,-10.507276081789158,-12.241856441819486,1.7345803600303284,0.0,0.0,-10.273887327640402,-0.2333887541487556
003353#0,0,1,10,0.2633256248429152,-13.716213139846491,13.979538764689407,12.14892261516469,-1.3783209085326158,-7.851793956331163,8.115119581174078
003411#1,60,-2,40,-5.769356190441588,-13.447260347559002,7.677904157117414,3.865705442625951,-4.570471715727787,-11.668348681723506,5.898992491281918
003411#1,60,-1,50,-3.312525665519324,-13.67084927829368,10.358323612774356,5.8184927065117655,-4.066428454691337,-11.184038280373185,7.871512614853861
003411#1,60,0,60,-7.261890329367175,-14.378695493907586,7.116805164540411,2.220640703579637,-4.417941115607059,-11.368875077482437,4.106984748115263
003411#1,60,1,70,-7.3059154781144855,-15.141308551800702,7.835393073686216,3.1468697051827323,-5.3881952659574655,-13.206746044344811,5.900830566230326
003411#2,90,-2,70,-0.36835131500553153,-13.92550703751731,13.557155722511778,3.227760100542623,-2.095975955932765,-10.970878358957348,10.602527043951817
003411#2,90,-1,80,-5.015069503516429,-15.286636220582245,10.271566717065816,0.21400367808832943,-3.728937721989369,-13.01085011920861,7.995780615692182
003411#2,90,0,90,-14.338903864832524,-18.32421613039911,3.9853122655665842,-6.25711703676252,-6.581651368454613,-18.280865722291068,3.941961857458544
003411#2,90,1,100,1.1618480156914135,-14.621877655571675,15.783725671263088,4.740687798052884,-2.0787043227460806,-11.149771927768029,12.311619943459442
003411#3,20,-2,0,-3.8219190458480465,-12.983573864770054,9.161654818922008,0.0,0.0,-8.666300179614543,4.844381133766497
003411#3,20,-1,10,-5.513146467410882,-13.476828044133736,7.963681576722854,2.4081346045926884,-4.099362026155524,-11.078758380573369,5.565611913162487
003411#3,20,0,20,-12.109687791859198,-14.354323165672023,2.244635373812825,-2.109278745283186,-6.178490000727965,-15.28997791450596,3.1802901226467615
003411#3,20,1,30,-9.343056308679376,-14.908602761870512,5.565546453191136,0.3151754521584387,-5.836312714989768,-14.189924466366856,4.84686815768748
003419#0,40,-2,20,-6.238586616241958,-12.95510295246847,6.716516336226513,-0.011271900199028018,-3.3962998474918926,-10.617393632144244,4.378807015902287
003419#0,40,-1,30,-5.245300680678444,-13.197908867084685,7.952608186406241,1.5271808502112112,-3.941466662338618,-10.610174693538717,5.364874012860273
003419#0,40,0,40,-8.716501132269158,-15.50306114945204,6.786560017182882,0.1392939179805106,-6.024780181698632,-14.81927156765932,6.102770435390161
003419#0,40,1,50,-3.368452095292783,-14.506766816393506,11.138314721100723,3.649013052007801,-4.186450278749547,-11.762982042420383,8.3945299471276
003419#13,0,0,0,-7.463499550152511,-12.298750402760506,4.835250852607995,0.0,0.0,-9.56413971533183,2.1006401651793194
003419#13,0,1,10,-10.576181690637602,-13.710885880123147,3.1347041894855447,-0.8381491436546025,-2.274532996830489,-11.273811466012555,0.6976297753749527
003419#14,0,0,0,-7.946135710625958,-12.901810200102219,4.9556744894762605,0.0,0.0,-10.144467883242969,2.198332172617011
003419#14,0,1,10,-3.9952805170298014,-13.810694530084724,9.815414013054923,6.173483968120254,-2.2226287745240976,-10.38904481568558,6.393764298655778
003419#17,0,0,0,-8.142140158029735,-13.615842345602372,5.473702187572638,0.0,0.0,-9.81629135623016,1.6741511982004251
003419#17,0,1,10,-8.823589830288817,-13.94117407795252,5.117584247663702,1.5340413181705688,-2.2154909904296516,-10.384771450473373,1.5611816201845556
003419#18,20,-2,0,-1.6600598060507803,-8.795540575503592,7.135480769452812,0.0,0.0,-8.316251797195372,6.656191991144592
003419#18,20,-1,10,-4.270245878414395,-12.648249656657121,8.378003778242727,-0.44522385099315276,-2.1649622213704633,-8.457706079772,4.187460201357606
003419#18,20,0,20,-7.17912258876528,-13.277271061748056,6.098148472982777,-3.9985936532655164,-1.5204691294489847,-10.55692365789894,3.3778010691336604
003419#18,20,1,30,-2.1813659987342415,-12.874025832293745,10.692659833559503,0.36321593748212067,-0.8845221301655837,-10.224973213144162,8.04360721440992
003419#19,30,-2,10,-2.209931892219931,-14.069046493532937,11.859114601313006,7.274360892391172,-2.726466015143292,-9.90677542501741,7.6968435327974785
003419#19,30,-1,20,-4.876113298544617,-13.212998659457748,8.336885360913131,5.0602345142131515,-3.178521043289957,-9.639224997271297,4.76311169872668
003419#19,30,0,30,-7.3445534044436425,-13.77175641171154,6.427203007267897,3.4385952688205093,-4.025321903796341,-11.121426415078227,3.776873010634585
003419#19,30,1,40,-5.434497024408129,-13.56903739571087,8.13454037130274,5.468627532207352,-4.145297787147669,-10.350059560992133,4.915562536584003
003425#7,100,-2,80,-5.921301610409223,-15.498231701173799,9.576930090764575,3.0459359704703166,-3.2297288132182667,-13.227184082171917,7.305882471762693
003425#7,100,-1,90,-3.6139021254622294,-15.781706935767726,12.167804810305498,5.329299866598809,-3.205693224399766,-13.027178224340142,9.413276098877912
003425#7,100,0,100,-7.17897724882878,-17.324080902235618,10.145103653406839,2.836171113813059,-4.277639594980567,-15.562963013188332,8.38398576435955
003425#7,100,1,110,-0.3385946170807248,-15.549601534142852,15.211006917062127,8.191630726304762,-2.7927165757242136,-11.834459992000843,11.495865374920118
003425#10,70,-2,50,0.10976230120884445,-13.631814106020537,13.741576407229381,2.2454182703805836,-0.5784335035132182,-9.391747681817213,9.501509983026057
003425#10,70,-1,60,-4.694770225537923,-14.522710431951467,9.827940206413544,-1.50558780880047,-1.6319599510789318,-12.200654553637927,7.505884328100004
003425#10,70,0,70,-6.982969578300491,-15.548391469703137,8.565421891402647,-3.1377433601119726,-2.288003752529997,-13.464238109397073,6.481268531096582
003425#10,70,1,80,-3.6961294800556423,-15.330821452279622,11.63469197222398,-0.6261875111640816,-1.5127195032330398,-12.356614672848444,8.660485192792802
003460#0,280,-2,260,-6.345272580192979,-18.255083604065344,11.909811023872365,-0.6150110937296867,-4.244475640882106,-17.171145912082793,10.825873331889813
003460#0,280,-1,270,-6.765681217517297,-18.28396531408848,11.518284096571183,-0.9426482647162042,-4.337247107219907,-17.305469878625683,10.539788661108386
003460#0,280,0,280,-7.063235213574516,-18.402971101683033,11.339735888108518,-1.1258608994387118,-4.451588468554618,-17.52619068219736,10.462955468622845
003460#0,280,1,290,-7.279201710287385,-18.43006873102003,11.150867020732644,-1.2578661934253228,-4.535549671280877,-17.627105142135164,10.34790343184778
003460#3,110,-2,90,-6.528070126761664,-16.703053403495364,10.1749832767337,-0.7582057795936752,-2.8464217990325533,-14.402562414748248,7.874492287986584
003460#3,110,-1,100,-0.6292354822449653,-13.382388505509155,12.75315302326419,3.585257898928794,-1.291050833038324,-9.993642978632002,9.364407496387036
003460#3,110,0,110,-9.546528926717317,-15.549927677110668,6.003398750393352,-2.506689576904641,-4.11639680167724,-15.074727170372435,5.528198243655119
003460#3,110,1,120,-7.0279314799350265,-17.80180692804102,10.773875448105994,-1.241068850986227,-2.863420080813364,-15.270403015908629,8.242471535973603
003460#5,0,0,0,-7.140079292523492,-10.476493896429675,3.3364146039061833,0.0,0.0,-8.701335751057542,1.56125645853405
003460#5,0,1,10,-1.5680435481587978,-12.832013333382344,11.263969785223546,7.449334069811571,-1.8772983254468771,-9.81390855373929,8.245865005580493
003460#6,70,-2,50,-2.558846026279422,-13.739715612705725,11.180869586426303,6.946178392155253,-2.6936573038298173,-10.166187928225465,7.607341901946043
003460#6,70,-1,60,-3.8669951334893238,-14.939678528107962,11.072683394618638,6.177111352815714,-3.2327393717001804,-11.724918213571707,7.857923080082383
003460#6,70,0,70,-7.9205871276827295,-16.494650873076374,8.574063745393644,3.0097108620197046,-4.118930875097576,-14.65515598207075,6.734568854388021
003460#6,70,1,80,-3.6557655670173137,-15.03181864112478,11.376053074107466,6.272723104699882,-3.1171215571123376,-12.456557473456689,8.800791906439375
003472#0,0,0,0,-7.396533803802601,-10.313827516309793,2.917293712507192,0.0,0.0,-10.042580297961406,2.6460464941588047
003472#0,0,1,10,-2.4730289114257014,-13.09222785550292,10.619198944077219,7.449018720163837,-2.5255138277869364,-10.943004249407856,8.469975337982156
003472#1,30,-2,10,-1.8522432385102912,-13.447964365707854,11.595721127197564,3.739313887377542,-3.9551137463639185,-10.032031562316035,8.179788323805745
003472#1,30,-1,20,0.6242392740513942,-13.041908846288406,13.6661481203398,5.6790684395958,-3.418385786020491,-8.749873045466623,9.374112319518018
003472#1,30,0,30,-7.6627976064738945,-15.40435462364072,7.741557017166825,0.788098074740919,-6.814452301690899,-14.301083985763315,6.63828637928942
003472#1,30,1,40,1.1332508406807555,-13.993236246677348,15.126487087358104,6.95717035480778,-4.18747613460311,-8.867546204137652,10.000797044818407
003475#2,120,-2,100,-1.6490038282819004,-14.949563386284073,13.300559558002172,3.5449964979325577,-2.105602398477589,-12.291618521296504,10.642614693014604
003475#2,120,-1,110,-3.818651119359699,-15.407301144040744,11.588650024681044,2.0563250847741474,-2.7865782763969773,-13.723518472565681,9.904867353205983
003475#2,120,0,120,-7.186233477530168,-16.384433059168526,9.198199581638358,-0.17518321100148704,-3.9226523387918117,-15.562456975709615,8.376223498179447
003475#2,120,1,130,-1.3016862423713107,-16.021599613116148,14.719913370744838,4.210933612816546,-2.4242219274509873,-13.56484248334467,12.263156240973359
003475#5,120,-2,100,-0.6762014933690104,-14.831444148688862,14.155242655319851,2.9604142588436853,-1.585043668566473,-12.203925336316784,11.527723842947774
003475#5,120,-1,110,-5.67570585104312,-16.27933651815148,10.603630667108362,-0.34835367995414,-3.2757800874427576,-15.175116759851273,9.499410908808152
003475#5,120,0,120,-7.967780015008718,-17.102278271037637,9.13449825602892,-1.8405512830742627,-4.075656648288232,-16.390003658743154,8.422223643734437
003475#5,120,1,130,-1.8633232292418445,-15.379015797217619,13.515692567975774,2.1888975557530985,-2.0006487013487204,-12.78976894374401,10.926445714502165
003475#6,0,0,0,-8.1021955283036,-9.888102502156547,1.7859069738529474,0.0,0.0,-9.761377866042857,1.6591823377392565
003475#6,0,1,10,-1.5405492798515183,-11.610245920807126,10.069696640955607,10.04323041937151,-3.4815841709194277,-9.43607144199658,7.8955221621450615
003487#0,120,-2,100,0.7535742632882041,-15.13698388117134,15.890558144459543,4.478022872236826,-1.2264768069345413,-12.098134982248157,12.85170924553636
003487#0,120,-1,110,-5.826021207535764,-17.091589347839452,11.265568140303689,0.08458935639142018,-3.412638761913103,-16.32548043046272,10.499459222926955
003487#0,120,0,120,-12.256801204237387,-18.532200820374413,6.275399616137026,-4.444349033374465,-5.314480368848841,-20.05938916811992,7.802587963882534
003487#0,120,1,130,-2.258448648142827,-16.721226249820702,14.462777601677875,2.500876483019368,-2.2613533291481143,-15.065786660997142,12.807338012854316
003487#2,160,-2,140,-4.246205662060474,-16.789469076912013,12.54326341485154,4.455445199023038,-6.691706262947709,-15.281479061155075,11.035273399094601
003487#2,160,-1,150,-1.9011429242045832,-16.177454278452785,14.276311354248202,6.081987290005665,-5.973185616074445,-13.897831683596804,11.996688759392221
003487#2,160,0,160,-10.518853676061752,-18.919235595828557,8.400381919766804,0.5582349234120443,-9.067144001337994,-19.56322282124714,9.044369145185389
003487#2,160,1,170,-7.178189307315304,-17.947582904952043,10.76939359763674,2.601766571801936,-7.770011280981437,-17.05567817320558,9.877488865890278
003489#5,80,-2,60,-2.088435895020666,-14.403499639662932,12.315063744642266,5.78167763411423,-2.2500508038438976,-11.99268419052604,9.904248295505374
003489#5,80,-1,70,-4.194528459472505,-15.176518418176384,10.981989958703878,4.696698823566503,-3.2711645577480093,-13.566605887331432,9.372077427858926
003489#5,80,0,80,-7.465156407969985,-15.937448777749319,8.472292369779334,2.5086623445212353,-4.353756027200221,-15.406501712298173,7.941345304328188
003489#5,80,1,90,-6.244546281610674,-16.8802152643452,10.635668982734526,3.619974809285854,-4.24445836560553,-15.251638554832674,9.007092273222
003526#3,0,0,0,-7.014179023436689,-10.218366223537409,3.2041872001007192,0.0,0.0,-9.239308390500328,2.225129367063639
003526#3,0,1,10,-5.8692778241451204,-12.408255868204055,6.5389780440589345,3.5464721521832017,-2.4015709528916327,-10.842177253727101,4.972899429581981
003532#0,0,0,0,-7.326639399683139,-10.479791231932012,3.1531518322488727,0.0,0.0,-8.90800866301155,1.581369263328411
003532#0,0,1,10,-1.0810804565323089,-12.920612510787015,11.839532054254706,8.769008917951217,-2.523449974800387,-10.053889036839102,8.972808580306793
003532#1,0,0,0,-7.447702467216084,-9.271881424386155,1.824178957170071,0.0,0.0,-9.243181909076592,1.7954794418605076
003532#1,0,1,10,-5.06576281487847,-12.393731527763649,7.327968712885179,4.941440561217725,-2.5595009088801106,-11.068459698091914,6.002696883213444
003546#0,50,-2,30,-4.742948989216238,-12.621028094576989,7.878079105360751,-2.67159730380855,-2.270201615401806,-11.465080681047837,6.722131691831599
003546#0,50,-1,40,-3.1343049805021774,-13.563090346425687,10.42878536592351,-0.9667336640569424,-2.3664212464393533,-12.066438550713302,8.932133570211125
003546#0,50,0,50,-17.98290296517206,-18.761114753105286,0.7782117879332269,-9.80173838328247,-8.380014511883708,-21.310938407019226,3.3280354418471667
003546#0,50,1,60,-5.491102820267882,-14.676335816772173,9.185232996504292,-2.4267170406039487,-3.2632357096580513,-13.861845838337674,8.370743018069792
003546#1,40,-2,20,-0.5308688802056949,-13.5490895331985,13.018220652992806,3.7509207885599616,-1.8659985573470697,-10.585912253060924,10.055043372855229
003546#1,40,-1,30,-6.495770194039906,-13.564930212639574,7.069160018599668,-1.96759212769207,-2.1123869549292493,-11.354262921584846,4.85849272754494
003546#1,40,0,40,-7.580284782416663,-15.168404589407217,7.588119806990554,-2.211866878449554,-2.952626792548522,-13.83981545676994,6.259530674353278
003546#1,40,1,50,-6.6987658506068275,-14.76372942634784,8.064963575741013,-1.5266722356407874,-2.7563025035474533,-13.448394768723459,6.749628918116631
003595#6,30,-2,10,-3.2512476528623466,-13.09009229286103,9.838844639998683,1.6991298498536676,-3.192757589946342,-10.668647495263974,7.417399842401627
003595#6,30,-1,20,-0.2774017250082501,-12.938998660763707,12.661596935755457,4.0368796742539885,-2.5566614864925667,-9.443580461021897,9.166178736013647
003595#6,30,0,30,-8.445910899477271,-15.827384513154026,7.381473613676755,-0.5835811499931518,-6.104709836714447,-15.543668878351943,7.097757978874672
003595#6,30,1,40,-1.6615059599659574,-14.133230388111144,12.471724428145187,3.4507584809886898,-3.354644528184975,-11.34992993714953,9.688423977183573
003653#3,130,-2,110,-1.70777511171962,-13.573248893923633,11.865473782204013,1.8263548207675,-1.0453013836082854,-9.584350044541232,7.876574932821612
003653#3,130,-1,120,-5.24042264437033,-15.103393364731367,9.862970720361037,-0.8311705556281361,-1.9204235398633593,-12.86476460644523,7.624341962074899
003653#3,130,0,130,-9.273745610330488,-16.332396464381485,7.058650854050997,-3.274326974298545,-3.510590087153109,-15.01874450885876,5.744998898528271
003653#3,130,1,140,-6.727398013556472,-15.07336101318337,8.345962999626897,-2.1433075802104122,-2.0952618844672255,-12.400718787557244,5.673320774000771
003653#6,120,-2,100,-1.4782777634177808,-13.864009378403875,12.385731614986094,4.2904297081065845,-0.9388537419515255,-10.881908443841374,9.403630680423593
003653#6,120,-1,110,-5.014875993474931,-14.95629385375462,9.941417860279689,1.5474879273914803,-1.7325101912935708,-13.340381118331335,8.325505124856404
003653#6,120,0,120,-7.287418876949732,-16.41993578978117,9.132516912831438,-0.03627910284703795,-2.421286044529854,-14.630367753648748,7.342948876699016
003653#6,120,1,130,-3.681010359477354,-14.64617606639489,10.965165706917535,2.6531255976858596,-1.5042822275903736,-12.332682670827909,8.651672311350556
003653#9,70,-2,50,-0.36580291200465,-12.973332698154092,12.607529786149442,5.045692232312464,-1.0558378717656938,-10.057097968296981,9.691295056292331
003653#9,70,-1,60,-5.7763350014940755,-14.771253913657784,8.994918912163708,0.5839015958549818,-2.004579324797637,-12.878918835126008,7.1025838336319325
003653#9,70,0,70,-8.430506888532799,-16.478732055545862,8.048225167013063,-1.268100692768138,-2.8067489232132403,-14.215470561297975,5.784963672765176
003653#9,70,1,80,-5.012399917705267,-16.796634345453384,11.784234427748117,2.0187887525351442,-2.6755313976889905,-14.926999660700126,9.91459974299486
003679#5,90,-2,70,-5.889122430758772,-14.628075516686984,8.738953085928213,-3.3290538359798894,-1.4193398986140369,-13.51819275104257,7.629070320283797
003679#5,90,-1,80,-3.5106923989174996,-13.785827624849361,10.275135225931862,-1.338300637962016,-1.0316630647906377,-11.94888774642309,8.43819534750559
003679#5,90,0,90,-9.33015982419445,-14.554030916098473,5.223871091904023,-6.606710528887685,-1.582720599141918,-13.323665938010949,3.9935061138164993
003679#5,90,1,100,-6.6209187319364045,-13.436470210611848,6.815551478675443,-4.496430291473732,-0.9837597442978261,-11.629053742709852,5.008135010773447
003679#7,120,-2,100,-3.6216173437021375,-15.60259050578164,11.980973162079502,2.031515516849974,-1.9687499921392915,-13.65293960148925,10.031322257787112
003679#7,120,-1,110,-2.154154112559006,-14.798390505852458,12.644236393293452,2.861124275102104,-1.3308955192482896,-12.26618734149772,10.112033228938714
003679#7,120,0,120,-9.739686747264587,-16.705801741427116,6.966114994162529,-2.8614856156034456,-3.193818263248321,-17.196228613484458,7.456541866219871
003679#7,120,1,130,1.0574823932647668,-15.147534753960166,16.205017147224932,6.126766413899361,-1.3849011522217745,-11.90126850512872,12.958750898393486
003703#0,220,-2,200,-0.03666203379602351,-15.830471326809919,15.793809293013895,2.1600949247600223,-3.3823880474045307,-12.86171048670387,12.825048452907847
003703#0,220,-1,210,-4.816743782663593,-18.07975314702181,13.263009364358215,-0.42341841445348827,-5.57895645705859,-16.707499206112065,11.890755423448471
003703#0,220,0,220,-9.395854594423366,-20.157381160519634,10.761526566096268,-2.875734257479034,-7.705751425792816,-20.694948940457785,11.299094346034419
003703#0,220,1,230,-7.814584257723775,-19.442301743221456,11.627717485497682,-1.9853570734354475,-7.014858273136812,-19.382838031483747,11.568253773759972
003739#2,40,-2,20,-6.507660322226222,-15.949237588865742,9.44157726663952,-0.4316355133020391,-2.6462433560458942,-13.839385173189704,7.331724850963482
003739#2,40,-1,30,-0.5326335179617594,-13.630721276640449,13.09808775867869,4.749368323453224,-1.852220388536694,-11.315675212583509,10.78304169462175
003739#2,40,0,40,-11.757202935869664,-17.740015684278006,5.982812748408342,-4.138851775502715,-4.188569707488659,-17.649809751082863,5.892606815213199
003739#2,40,1,50,-6.1589371483706685,-16.478250068621925,10.319312920251257,0.191420367668921,-2.9205760631613007,-14.525232770800562,8.366295622429893
003739#6,70,-2,50,0.41672684900693824,-12.971611427966845,13.388338276973784,6.026412689023441,-1.7026664490900627,-9.260622859156339,9.677349708163277
003739#6,70,-1,60,-3.350632497795928,-14.062733540381842,10.712101042585914,3.3719628277350506,-2.815575934604539,-11.748734348977976,8.398101851182048
003739#6,70,0,70,-9.06186192384105,-17.084889090993094,8.023027167152044,0.2060046898984087,-5.360847222813019,-16.350329313723922,7.288467389882872
003739#6,70,1,80,-3.3303418737550956,-14.213112123645274,10.882770249890179,2.7774066333846004,-2.2007291162132563,-11.421863446560081,8.091521572804986
003739#7,30,-2,10,-0.5409240593052829,-13.416635260697282,12.875711201391999,2.842180860772375,-1.8830076497204775,-9.990368885975997,9.449444826670714
003739#7,30,-1,20,-1.3386524653928316,-12.635724235503092,11.29707177011026,1.556461839426952,-1.3950170344626032,-9.806048289643764,8.467395824250932
003739#7,30,0,30,-7.610671054096789,-14.753175360912428,7.142504306815638,-2.465043820711104,-3.6455299630285047,-14.260343231394584,6.649672177297795
003739#7,30,1,40,0.09015835416678186,-13.36152912132393,13.451687475490711,2.855817519126659,-1.2655618946026967,-9.81617922843755,9.906337582604332
003757#0,50,-2,30,-5.426477177271323,-13.731569346359317,8.305092169087994,3.5777818686886365,-4.15015257824368,-11.929713520265786,6.503236342994462
003757#0,50,-1,40,-0.7349415838221489,-13.348723773487137,12.613782189664988,7.246108555503798,-3.1269436716096672,-8.969791095753601,8.234849511931452
003757#0,50,0,50,-7.759082735495005,-15.76744821828861,8.008365482793605,1.658015862684974,-4.562992130463699,-13.79844256380342,6.039359828308415
003757#0,50,1,60,-9.359691215965661,-15.809045903089524,6.449354687123863,0.2271725870410357,-4.732757335290417,-14.455420645034552,5.095729429068891
003757#8,250,-2,230,-6.472064476519021,-19.36247997966086,12.89041550314184,-0.04261701822615871,-3.231748536400701,-17.94163364223427,11.469569165715248
003757#8,250,-1,240,-5.65695680127674,-19.362487602310654,13.705530801033914,0.6787287890239289,-3.1379866684085074,-17.89680835793183,12.239851556655088
003757#8,250,0,250,-7.036378278505091,-19.683396687882233,12.647018409377143,-0.350563049629117,-3.4881163069838124,-18.33438140280967,11.298003124304579
003757#8,250,1,260,-6.717359384096959,-19.421146043762228,12.703786659665269,-0.20062138568032672,-3.3190390765244704,-18.081068153617817,11.363708769520859
003757#10,210,-2,190,-2.2426290366662727,-15.849394536314298,13.606765499648025,0.057153572969466104,-1.5994100557638768,-13.474565569921246,11.231936533254974
003757#10,210,-1,200,-5.75926274694892,-16.93846250178266,11.17919975483374,-2.6843227157090226,-2.3745674773680356,-15.058977093055441,9.299714346106521
003757#10,210,0,210,-7.002411245509132,-17.51569215646157,10.513280910952437,-3.5400845116090034,-2.7619541800282663,-15.624506133336473,8.622094887827341
003757#10,210,1,220,-3.7769170378574026,-16.5326210020833,12.755703964225898,-1.0750641890982133,-2.0014802948873274,-14.26105807887489,10.484141041017487
003757#16,10,-1,0,-6.6914805168744795,-10.802469404456737,4.110988887582257,0.0,0.0,-9.143572410364996,2.4520918934905165
003757#16,10,0,10,-8.382657744025128,-13.034907301705577,4.652249557680449,0.8663995560867379,-2.557576783237386,-12.439613550340306,4.0569558063151785
003757#16,10,1,20,-10.623680203068304,-13.962136664667522,3.3384564615992183,-1.7358485872854716,-2.1963510989083526,-12.512938895553843,1.889258692485539
003769#0,70,-2,50,1.2094111507533203,-13.7767671153216,14.986178266074921,6.481948133660715,-1.7660071329630522,-10.031562855810702,11.240974006564022
003769#0,70,-1,60,0.062353850161137814,-13.8598567434756,13.922210593636738,5.511993683476748,-1.9431099833712668,-10.75985389348154,10.822207743642679
003769#0,70,0,70,-7.579513293885725,-16.017939354865096,8.43842606097937,0.8756365346567287,-4.948619978598111,-15.621752040469772,8.042238746584047
003769#0,70,1,80,0.18355274618543582,-14.007222364960885,14.190775111146321,5.517584219862792,-1.8275016237330135,-11.067554294111256,11.251107040296692
003838#0,20,-2,0,-4.209164000299766,-9.303616083481597,5.094452083181831,0.0,0.0,-9.494230630937512,5.285066630637746
003838#0,20,-1,10,-4.451390930833824,-13.411515709963908,8.960124779130084,5.252573838904855,-5.494800769438914,-11.118838399334317,6.667447468500493
003838#0,20,0,20,-7.9038974099738795,-14.774925413287601,6.871028003313722,3.9292602886199632,-7.623993698294077,-13.910409079208252,6.0065116692343725
003838#0,20,1,30,-10.469888077594451,-16.297818678576714,5.827930600982263,3.2328728752103895,-9.493596952505076,-16.023632207768575,5.553744130174124
003863#1,50,-2,30,-4.669916701039758,-13.7545543475567,9.084637646516942,-1.1041719338216258,-1.1782632940325093,-12.456740760026898,7.78682405898714
003863#1,50,-1,40,-6.019742214979346,-14.30626147328216,8.286519258302814,-2.3066793027509376,-1.3255814390427854,-13.026165062665191,7.006422847685845
003863#1,50,0,50,-8.556048165817813,-15.654204237532067,7.098156071714254,-4.230736198286635,-1.937830494345555,-15.262335430149337,6.7062872643315234
003863#1,50,1,60,-4.890323861610106,-13.591687352314294,8.701363490704187,-1.5726042607909303,-0.9302381276335527,-12.717132162415377,7.82680830080527
003863#3,0,0,0,-10.421362247342152,-10.030088265033848,-0.391273982308304,0.0,0.0,-10.126129249108164,-0.2952329982339883
003863#3,0,1,10,-11.544882053451598,-13.841504573063887,2.2966225196122885,1.3757431581602946,-2.4992629642697404,-13.496099295497373,1.9512172420457752
003863#5,30,-2,10,-1.5959458691362265,-13.654907746827702,12.058961877691475,2.7982180489453796,-2.104722999093898,-10.655169960461992,9.059224091325765
003863#5,30,-1,20,-1.6960375263700094,-14.45095517123896,12.75491764486895,2.78460904972443,-2.1912056571067313,-11.417999321415039,9.72196179504503
003863#5,30,0,30,-9.372381892668553,-15.571824015338763,6.199442122670209,-3.966352298891371,-3.116588674789474,-14.74696570814784,5.374583815479287
003863#5,30,1,40,-7.2404404627392935,-16.333191416635184,9.09275095389589,-1.6640251678190063,-3.286974375932579,-15.384390429726444,8.143949966987151
003863#9,70,-2,50,-1.8230988678555207,-12.824710061988965,11.001611194133444,2.1521845981591126,-1.026279485386401,-10.276862121461429,8.453763253605908
003863#9,70,-1,60,-1.0717401752590217,-13.052748797960763,11.981008622701742,2.8898911418595503,-1.0126273364903398,-10.841713995087153,9.769973819828131
003863#9,70,0,70,-7.3557028005852905,-16.191974553245384,8.836271752660092,-1.3941074631284,-3.012591356828658,-14.684274776231534,7.328571975646244
003863#9,70,1,80,-0.9735231186604238,-13.839312348946887,12.865789230286463,3.4842571316363924,-1.508776269668584,-11.497960787255648,10.524437668595224
003902#4,120,-2,100,-3.0203886717529445,-16.16827660880569,13.147887937052747,0.1771884009998086,-2.3860644526159662,-14.364347269760387,11.343958598007443
003902#4,120,-1,110,-3.603476742424684,-16.498233078776984,12.8947563363523,-0.35817656089750427,-2.433787561390393,-15.26899185756094,11.665515115136255
003902#4,120,0,120,-10.101769673545428,-18.361322598776013,8.259552925230585,-5.750337296815685,-3.539919756592957,-18.30761606737081,8.20584639382538
003902#4,120,1,130,-7.5517263944456685,-18.064790462982007,10.513064068536337,-3.5533547894811335,-3.186858984827748,-17.320741320428997,9.769014925983328
003902#5,70,-2,50,-1.5443615568495854,-13.407671496076446,11.86330993922686,2.98462509927837,-0.47341713559819354,-9.784817997403072,8.240456440553487
003902#5,70,-1,60,-6.260337359293424,-14.10999007193774,7.849652712644315,-1.2751225455341495,-0.929645293229513,-11.434351600962465,5.174014241669041
003902#5,70,0,70,-8.40818104464217,-14.566870376932343,6.158689332290173,-2.7875918160139497,-1.5650197080984585,-13.73174149527656,5.323560450634391
003902#5,70,1,80,-3.46051456296639,-13.848569052117927,10.388054489151537,1.3519595331570544,-0.7569045755936825,-10.56524960497727,7.10473504201088
003941#0,60,-2,40,0.6759403935777897,-13.59162919565352,14.267569589231309,5.044898662720225,-1.4995255278029762,-10.167795682061316,10.843736075639105
003941#0,60,-1,50,-0.45503383542349063,-13.427783231699141,12.97274939627565,3.5492431782878247,-1.1348442723718546,-9.992552398584719,9.537518563161228
003941#0,60,0,60,-9.568721643050111,-15.952497643208229,6.383776000158118,-4.043710495355191,-2.65557840635546,-14.60813956734094,5.039417924290829
003941#0,60,1,70,-0.09153049664228874,-14.337456558376365,14.245926061734076,4.075767032600099,-1.2978647879029275,-11.095725133091221,11.004194636448933
003941#12,40,-2,20,-1.84915639239604,-13.36799832894403,11.51884193654799,4.242988036151568,-1.8362907849744046,-10.306628515791195,8.457472123395155
003941#12,40,-1,30,-2.1201025137264082,-14.291881539534167,12.171779025807759,4.02847064745905,-1.8927195176122549,-12.408799784456802,10.288697270730394
003941#12,40,0,40,-7.6436364238719,-14.940342671605471,7.296706247733571,-0.5061773519594555,-2.881605428339241,-14.077186065775154,6.433549641903253
003941#12,40,1,50,-6.955140052417317,-15.57300815119461,8.617868098777294,0.05186311328575055,-2.7511495221298636,-14.22725659240335,7.272116539986033
003941#13,50,-2,30,-2.2017358034458,-13.516888501708165,11.315152698262365,2.3820440048599663,-1.7282159133662072,-11.65459602800093,9.45286022455513
003941#13,50,-1,40,-5.145988872109675,-14.829441927615047,9.683453055505371,0.2150330761558097,-2.505458053325926,-13.414433803632894,8.26844493152322
003941#13,50,0,50,-10.378887975842655,-15.602692855434746,5.223804879592091,-4.355584444186696,-3.1677396367164006,-14.522474505407699,4.143586529565043
003941#13,50,1,60,-8.098164099654126,-16.615212417119864,8.517048317465738,-2.180590731823412,-3.0620094728911544,-15.451755888584684,7.353591788930558
003941#16,0,0,0,-7.5182922543225725,-8.903157751446699,1.3848654971241263,0.0,0.0,-9.870031862492448,2.3517396081698756
003941#16,0,1,10,-4.679119582115156,-12.463377454063034,7.784257871947878,6.665806536585241,-3.8266338643778246,-10.740027186604594,6.060907604489438
003941#20,150,-2,130,-2.4108000292586818,-16.71131941699513,14.30051938773645,3.78789622963889,-1.2684860517469287,-13.858601908645513,11.44780187938683
003941#20,150,-1,140,-5.2154737366421395,-18.079784664340607,12.864310927698469,1.6779711698614874,-1.963234699352983,-15.536466088637232,10.320992351995091
003941#20,150,0,150,-9.764252947293562,-18.51182507461598,8.74757212732242,-2.0681923278933665,-2.7658504122495513,-16.865356069334602,7.1011031220410405
003941#20,150,1,160,-4.8306118177701745,-17.57044860839528,12.739836790625107,1.8225824654326033,-1.7229840760521338,-15.038400009740805,10.20778819197063
003941#21,120,-2,100,-4.494886846150123,-16.165430247742517,11.670543401592393,1.95354241092463,-1.346559381007915,-14.412257231650209,9.917370385500085
003941#21,120,-1,110,-4.189162995725951,-16.372313702056868,12.183150706330917,2.1085043294174746,-1.1957974490765881,-14.230250434319863,10.041087438593912
003941#21,120,0,120,-11.164684430101431,-17.410826305025324,6.246141874923893,-3.6933267793310867,-2.369487774703507,-15.915789815610795,4.751105385509364
003941#21,120,1,130,-5.126999488592138,-17.236327837930347,12.10932834933821,1.5552181939806236,-1.580347806505924,-15.024392931748684,9.897393443156545
003941#24,60,-2,40,-0.10998584514616994,-13.365760072418311,13.255774227272141,0.8083621311605516,-1.2871320479038566,-10.503380626401691,10.393394781255521
003941#24,60,-1,50,-0.01708748477600608,-13.29019900658292,13.273111521806914,0.40828324654832837,-0.7941548029214696,-9.943198567048084,9.926111082272078
003941#24,60,0,60,-7.102038977675587,-15.755921341174073,8.653882363498486,-5.478282345671078,-1.992540703601644,-13.732630133715764,6.630591156040177
003941#24,60,1,70,-7.237874904599885,-15.29254099424525,8.054666089645366,-5.784970498048883,-1.8216884781481375,-13.526935580974387,6.289060676374501
003941#25,180,-2,160,-4.841994700767991,-17.972430013232938,13.130435312464947,-0.7681760156018802,-2.053487299669805,-16.13014679588432,11.288152095116327
003941#25,180,-1,170,-5.909286357906431,-18.114904695840305,12.205618337933874,-1.6629262157951947,-2.226028756614931,-16.071226755615168,10.161940397708737
003941#25,180,0,180,-7.238677367612593,-19.02706530495942,11.78838793734683,-2.4585195402289104,-2.759826441887377,-17.35599172030267,10.117314352690077
003941#25,180,1,190,-7.2949561807579295,-18.98064994330636,11.685693762548432,-2.6239809935006733,-2.6506438017609506,-17.02958863730399,9.734632456546063
003982#36,170,-2,150,-6.343760216795573,-18.501873640181646,12.158113423386073,0.6263978338750249,-3.5214098999692034,-16.396510013977238,10.052749797181665
003982#36,170,-1,160,-5.614927585018766,-18.37225751565786,12.757329930639095,1.2181288569002104,-3.3843082912175815,-16.191125155506025,10.57619757048726
003982#36,170,0,170,-8.58632334290261,-19.32365876948669,10.737335426584082,-1.0498716530014125,-4.0877035391998024,-16.88840732407022,8.302083981167609
003982#36,170,1,180,-5.519782873328078,-18.49026302447759,12.970480151149511,1.4975649339889885,-3.5685996566156715,-16.555653116265507,11.03587024293743
003982#41,180,-2,160,-5.772268863448122,-16.842823157063428,11.070554293615306,1.4802077284260609,-2.62450230739711,-15.080531424541784,9.308262561093661
003982#41,180,-1,170,-5.193053777152315,-17.00005076782068,11.806996990668367,1.9510573986223165,-2.5161368912975584,-14.998116828371495,9.80506305121918
003982#41,180,0,180,-9.681748799831013,-19.54119668909942,9.859447889268406,-1.0148453853059447,-4.038929130047995,-18.279519783733228,8.597770983902215
003982#41,180,1,190,-8.164115154430611,-18.97232615150842,10.808210997077808,-0.020313007509343617,-3.5158278624441945,-17.34115727744085,9.177042123010239
003982#49,100,-2,80,-4.528767326719503,-13.79998052494619,9.271213198226686,6.638301932727772,-4.957349922582696,-12.12844472599947,7.599677399279967
003982#49,100,-1,90,-2.668492436889185,-14.09480581832166,11.426313381432475,7.99887419998988,-4.457647300014486,-11.95902084517092,9.290528408281736
003982#49,100,0,100,-10.72231455976234,-15.531644519588403,4.809329959826062,2.733176323280234,-7.245771546177996,-16.11223523718549,5.3899206774231505
003982#49,100,1,110,-10.873639915049269,-16.029636168307974,5.155996253258705,2.7454301970865904,-7.409350775271281,-16.154666322388056,5.281026407338787
003982#50,110,-2,90,-3.085374659958182,-15.498886501527847,12.413511841569665,2.3604694342675794,-2.309290296441012,-13.06937160349016,9.983996943531977
003982#50,110,-1,100,-2.2487718718524228,-15.924362174284669,13.675590302432246,3.2053450202569587,-2.317563094324632,-13.236382785986606,10.987610914134184
003982#50,110,0,110,-8.098879597189612,-17.894399908621413,9.795520311431801,-1.3345585786737506,-3.6277672207311116,-16.190324454847726,8.091444857658114
003982#50,110,1,120,-4.708940972712911,-16.53536114456504,11.82642017185213,1.1355392595446911,-2.707926434472853,-13.917885252836252,9.20894428012334
003982#53,190,-2,170,-5.652250295508235,-17.24422301752998,11.591972722021744,-0.31630045602280754,-2.5071466593879452,-15.427091531919556,9.774841236411321
003982#53,190,-1,180,-6.104112910004216,-17.298473403451908,11.194360493447693,-0.6081557239841637,-2.6671540059225696,-15.792340888991264,9.688227978987047
003982#53,190,0,190,-7.553129308488966,-17.09538552211452,9.542256213625553,-1.869474287689231,-2.8548518407022527,-15.715762775217568,8.162633466728602
003982#53,190,1,200,-5.3747264043904295,-16.98885960386027,11.61413319946984,0.04966928079698674,-2.5955925050899338,-15.465083018112116,10.090356613721687
003987#10,10,-1,0,-4.447558766740629,-10.787654535046846,6.340095768306217,0.0,0.0,-9.416793745267883,4.969234978527254
003987#10,10,0,10,-12.732767108207673,-14.021252568549176,1.2884854603415032,-3.178488440415849,-5.1067199010511946,-15.264916976407022,2.5321498681993493
003987#10,10,1,20,-4.209227924704258,-13.73229418335032,9.523066258646061,2.6516127183160636,-2.413281876279693,-11.118887786292461,6.909659861588203
003987#55,0,0,0,-6.993484921572723,-11.268799482831326,4.275314561258604,0.0,0.0,-9.081294843150472,2.0878099215777493
003987#55,0,1,10,-7.91923665651135,-11.436628574516847,3.5173919180054973,0.6399003762991899,-1.5656521112378172,-8.7229629755235,0.8037263190121493
hehe_173_000002_024_00000105#4,20,-2,0,-5.070992422095335,-9.54187250775027,4.470880085654935,0.0,0.0,-7.737718930448902,2.666726508353567
hehe_173_000002_024_00000105#4,20,-1,10,-6.515929772646732,-11.771311805666585,5.255382033019853,0.9041609560648403,-2.3490983066162365,-8.877663314337228,2.361733541690496
hehe_173_000002_024_00000105#4,20,0,20,-7.89842697981133,-12.55609736427798,4.65767038446665,-0.5103923811283271,-2.3170421765876665,-8.373979172039162,0.4755521922278323
hehe_173_000002_024_00000105#4,20,1,30,-5.41186965811835,-12.50852450269892,7.09665484458057,2.1084827069836303,-2.4493599430066455,-8.568671811767866,3.156802153649515
hehe_173_000002_024_00000105#13,20,-2,0,-5.539956516190098,-11.841886775093261,6.301930258903163,0.0,0.0,-8.182536383710612,2.6425798675205145
hehe_173_000002_024_00000105#13,20,-1,10,-2.8112109559058425,-14.471851915150149,11.660640959244306,4.135800422295512,-1.407054862011257,-9.619903074707322,6.8086921188014795
hehe_173_000002_024_00000105#13,20,0,20,-8.952133063493424,-15.069153674686483,6.117020611193059,-1.7093470111878153,-1.7028295361155115,-10.91813508100661,1.966002017513187
hehe_173_000002_024_00000105#13,20,1,30,-4.500113308525175,-15.107724436048837,10.607611127523661,2.8673991749537424,-1.8275559672888204,-11.02850614255789,6.528392834032714
hehe_173_000002_024_00000105#15,0,0,0,-8.670015457242087,-13.089732919623316,4.419717462381229,0.0,0.0,-9.962750329538183,1.292734872296096
hehe_173_000002_024_00000105#15,0,1,10,-9.313472533673568,-13.98412840182182,4.670655868148252,2.300972225393571,-2.9444293018250525,-12.781928732609103,3.4684561989355345
hehe_186_000002_028_00000050#1,0,0,0,-8.583077227710493,-12.400526349454989,3.8174491217444952,0.0,0.0,-9.522057936370453,0.93898070865996
hehe_186_000002_028_00000050#1,0,1,10,-11.588040636345799,-14.79266838656984,3.2046277502240414,0.33030390366909135,-3.3352673123043965,-12.37826042354434,0.7902197871985415
hehe_22_00000004#6,0,0,0,-10.287282297464621,-10.27779318125045,-0.009489116214171034,0.0,0.0,-10.40965622604872,0.12237392858409812
hehe_22_00000004#6,0,1,10,-8.102304790332509,-13.949696170891219,5.84739138055871,4.6365147824830615,-2.451537275350949,-11.433136617521555,3.330831827189046
hehe_22_00000004#7,40,-2,20,-5.387797219964213,-13.831580921345147,8.443783701380934,4.084796674079971,-3.0337678678823714,-11.561606339215851,6.173809119251638
hehe_22_00000004#7,40,-1,30,-4.017200981094092,-15.046473875950582,11.02927289485649,5.451437694670323,-3.0298126496026025,-12.484517868160205,8.467316887066113
hehe_22_00000004#7,40,0,40,-8.651386462503629,-16.125177168937896,7.473790706434267,2.6935384355084206,-4.9060988718502365,-15.13763582134608,6.486249358842452
hehe_22_00000004#7,40,1,50,-6.465949207233752,-14.157951302676025,7.692002095442273,3.479305518439298,-3.506428699511237,-12.022191098806658,5.556241891572906
hehe_22_00000004#9,40,-2,20,-6.682365146106566,-12.106513260863395,5.424148114756829,-2.226413261441811,-1.943370948579075,-8.302772696832458,1.6204075507258917
hehe_22_00000004#9,40,-1,30,-6.447056801405959,-12.554178769763366,6.107121968357407,-1.5551841027275661,-2.3792917625927132,-9.55138701992212,3.10433021851616
hehe_22_00000004#9,40,0,40,-10.029325399203016,-12.941563863106849,2.912238463903833,-4.212599256073369,-3.304145207043967,-11.491503527584086,1.4621781283810709
hehe_22_00000004#9,40,1,50,0.296335692354182,-12.582407806894455,12.878743499248637,4.893778539054138,-2.0848619106142765,-8.262015690336918,8.5583513826911
hehe_230_000002_043_00000061#1,110,-2,90,-6.094515696475753,-17.124247545816058,11.029731849340305,4.757724667733644,-5.928561811760552,-15.565967222305423,9.47145152582967
hehe_230_000002_043_00000061#1,110,-1,100,-1.5016169420838317,-15.807557833871691,14.30594089178786,8.096795306561598,-4.674733696196585,-12.229368744725024,10.727751802641192
hehe_230_000002_043_00000061#1,110,0,110,-7.268086300758252,-18.03814985011727,10.770063549359019,4.1951630641575015,-6.539570812466909,-16.513569280929637,9.245482980171385
hehe_230_000002_043_00000061#1,110,1,120,-10.39649922905734,-18.91966468101311,8.52316545195577,1.936873949178461,-7.4096946257869565,-18.39785404697016,8.00135481791282
hehe_230_000002_043_00000061#6,0,0,0,-7.953152895301457,-13.237160088633265,5.284007193331808,0.0,0.0,-9.633357786631914,1.6802048913304564
hehe_230_000002_043_00000061#6,0,1,10,-11.414077680992682,-14.575413872706457,3.161336191713776,1.4604864173341912,-4.921411203025416,-15.592381276879287,4.1783035958866055
hehe_230_000002_043_00000061#7,0,0,0,-7.609552968424577,-13.21726640397276,5.607713435548183,0.0,0.0,-10.227475194839798,2.617922226415221
hehe_230_000002_043_00000061#7,0,1,10,-0.7024417744401283,-14.891546679765504,14.189104905325376,9.233311822247316,-2.3262006282628676,-9.444712050848786,8.742270276408657
hehe_230_000002_043_00000061#11,0,0,0,-7.639136365735148,-14.087243874426347,6.4481075086912,0.0,0.0,-7.810895882927859,0.17175951719271154
hehe_230_000002_043_00000061#11,0,1,10,-1.4272910515069608,-12.575443638744705,11.148152587237744,6.906717797570476,-0.6948724833422877,-9.405175856517555,7.977884805010595
hehe_230_000002_043_00000061#13,170,-2,150,-4.280967420751949,-16.052659632452798,11.771692211700849,2.1669204462209914,-2.100192704168872,-14.532161473463146,10.251194052711197
hehe_230_000002_043_00000061#13,170,-1,160,-4.2413848768908124,-15.948661397539759,11.707276520648946,2.066571818432263,-1.9602615325190067,-14.382279378075571,10.140894501184759
hehe_230_000002_043_00000061#13,170,0,170,-8.225732847381641,-17.839980767255636,9.614247919873995,-0.7575875592207169,-3.1204501253568555,-16.483442024928163,8.257709177546522
hehe_230_000002_043_00000061#13,170,1,180,-2.067918030825857,-15.546213275078323,13.478295244252465,3.9334411612811286,-1.653664029302917,-13.413761606562359,11.345843575736502
hehe_230_000002_043_00000061#14,50,-2,30,-3.4204729832458725,-12.569209591245558,9.148736607999686,0.9187858556319126,-2.312308520990464,-7.744327167159678,4.323854183913806
hehe_230_000002_043_00000061#14,50,-1,40,-2.507641852561153,-11.55735722515844,9.049715372597287,1.7893308456371972,-2.270022380311029,-7.676635900897163,5.16899404833601
hehe_230_000002_043_00000061#14,50,0,50,-8.019983915408014,-13.471928097437681,5.451944182029667,-2.767520266719602,-3.2255133308010917,-10.137117967463883,2.117134052055869
hehe_230_000002_043_00000061#14,50,1,60,-6.692884592253694,-13.154887617003034,6.46200302474934,-1.1448438468103954,-3.5210904275559787,-9.999670223286932,3.3067856310332377
hehe_232_000002_043_00000181#1,100,-2,80,-5.692388822123354,-12.803017995072814,7.11062917294946,-2.231685281673478,-1.0424034145808658,-9.821646036240907,4.129257214117553
hehe_232_000002_043_00000181#1,100,-1,90,-5.637754615383024,-13.322530049113688,7.684775433730664,-2.1405471547184534,-1.0789073347955607,-9.948392937448418,4.310638322065394
hehe_232_000002_043_00000181#1,100,0,100,-7.567616340157112,-13.437004518827703,5.86938817867059,-3.841675244365966,-1.3076409699221365,-9.28295435167886,1.715338011521748
hehe_232_000002_043_00000181#1,100,1,110,-6.825841244193394,-12.777927473608312,5.952086229414918,-3.3801859771606546,-1.0273551411637296,-8.458937567888546,1.6330963236951517
hehe_232_000002_043_00000181#2,40,-2,20,-1.3909119735474533,-11.501277261814042,10.110365288266589,3.232772719982545,-0.5917944054616089,-7.2315003930104815,5.840588419463028
hehe_232_000002_043_00000181#2,40,-1,30,0.6122626329851943,-12.583555609240484,13.195818242225679,5.27164217171277,-0.6274892506591865,-9.533212362395291,10.145474995380486
hehe_232_000002_043_00000181#2,40,0,40,-9.031248268655812,-13.492324158228696,4.461075889572884,-2.8307025616888692,-2.1686554188985534,-11.752801114720642,2.7215528460648297
hehe_232_000002_043_00000181#2,40,1,50,-0.7880251828001068,-12.34788243807801,11.559857255277903,3.438882870496056,-0.1950177652277736,-9.097527209959432,8.309502027159326
hehe_232_000002_043_00000181#3,0,0,0,-9.44096395056435,-11.038737331760931,1.5977733811965802,0.0,0.0,-9.640697878793206,0.19973392822885572
hehe_232_000002_043_00000181#3,0,1,10,-3.5474395997025745,-12.790784704244452,9.243345104541877,7.033890189858546,-1.14036583899677,-10.471613921892763,6.924174322190188
hehe_232_000002_043_00000181#8,20,-2,0,-2.2836967596878317,-10.550529429621019,8.266832669933187,0.0,0.0,-8.140994992255493,5.857298232567661
hehe_232_000002_043_00000181#8,20,-1,10,-2.4297339860217093,-12.92617999146459,10.49644600544288,3.488682908794287,-3.6347201351281657,-9.32419427712549,6.894460291103782
hehe_232_000002_043_00000181#8,20,0,20,-9.178815028294293,-13.098545200694076,3.919730172399783,-1.8030531450452512,-5.092065123561211,-13.208002366411757,4.029187338117463
hehe_232_000002_043_00000181#8,20,1,30,-11.78711391347122,-15.32977252159521,3.5426586081239897,-2.000966781480598,-7.502450372302791,-16.132315365274117,4.345201451802897
hehe_274_000002_060_00000105#1,10,-1,0,-2.6244513652989783,-11.43613936822292,8.81168800292394,0.0,0.0,-8.824182529021835,6.1997311637228565
hehe_274_000002_060_00000105#1,10,0,10,-8.94642067114201,-13.360239651435446,4.413818980293437,0.37523699778784936,-6.697206303630881,-13.0808857827315,4.13446511158949
hehe_274_000002_060_00000105#1,10,1,20,-3.852853997313364,-14.65861659432382,10.805762597010457,5.322686280220122,-6.551088912234508,-11.821647272620451,7.968793275307087
hehe_274_000002_060_00000105#5,130,-2,110,0.027283934869759108,-15.173780794077684,15.201064728947443,2.3738423839906404,-0.12594483091130337,-11.81118994538816,11.838473880257919
hehe_274_000002_060_00000105#5,130,-1,120,0.10213538319224824,-15.441517009300993,15.543652392493241,2.6062245964392394,-0.28347559503741326,-11.623707458952511,11.72584284214476
hehe_274_000002_060_00000105#5,130,0,130,-7.577763407824962,-15.264069579629126,7.686306171804164,-4.273992731993648,-1.083157057621737,-11.637858637335343,4.060095229510381
hehe_274_000002_060_00000105#5,130,1,140,-5.667972534105431,-15.530015747257767,9.862043213152337,-2.3824029882775717,-1.0649559276182812,-12.576306214624216,6.908333680518785
hehe_274_000002_060_00000105#6,130,-2,110,-2.344638810378431,-14.739011598382586,12.394372788004155,0.02833063097832378,-0.5229202631891394,-12.700463584185629,10.355824773807198
hehe_274_000002_060_00000105#6,130,-1,120,-5.312609662203068,-15.512693645983493,10.200083983780425,-2.289387155277812,-1.1731733287576405,-13.394055497144407,8.08144583494134
hehe_274_000002_060_00000105#6,130,0,130,-7.756833008194357,-16.691462473276793,8.934629465082438,-4.019471665327638,-1.8873121646991038,-15.326525706295222,7.569692698100865
hehe_274_000002_060_00000105#6,130,1,140,-7.802917194493489,-16.334565409659383,8.531648215165895,-4.111380853741835,-1.8414871625840386,-14.338818409861238,6.535901215367749
hehe_40_00000033#2,40,-2,20,0.09215714021787136,-12.665520518839068,12.75767765905694,7.892444990083943,-3.547075306172152,-9.122825851493742,9.214982991711613
hehe_40_00000033#2,40,-1,30,0.2694741005352519,-12.714776458229332,12.984250558764584,8.115045140412324,-3.592358496183153,-9.810820023923371,10.080294124458623
hehe_40_00000033#2,40,0,40,-10.064380861368727,-16.212063565752494,6.147682704383767,2.2458028845232,-8.056971202198007,-16.785611207181503,6.721230345812776
hehe_40_00000033#2,40,1,50,1.0522770504771835,-13.33463138971186,14.386908440189043,9.360414925677226,-4.054925331506124,-9.832504639487974,10.884781689965157
hehe_45_00000001#5,0,0,0,-8.292559361592689,-13.787839247306671,5.495279885713982,0.0,0.0,-9.241865406983608,0.9493060453909195
hehe_45_00000001#5,0,1,10,1.3628249610522651,-13.464208823934118,14.827033784986384,10.138587911622462,-0.48320358897750904,-9.208916613342454,10.57174157439472
hehe_45_00000001#6,30,-2,10,-4.081720295512099,-14.357806512401002,10.276086216888903,2.074680724258105,-2.8094343873120824,-10.833637066453859,6.75191677094176
hehe_45_00000001#6,30,-1,20,-5.513577576471057,-14.238665459999808,8.72508788352875,0.7862912697689617,-2.9529022137818974,-11.688575341486827,6.174997765015769
hehe_45_00000001#6,30,0,30,-7.806007186581574,-14.615950077226078,6.809942890644503,-1.0131380810676203,-3.4459024730558325,-12.962852726906311,5.156845540324737
hehe_45_00000001#6,30,1,40,-6.864058749218092,-15.309391129606404,8.445332380388312,0.6277172797493549,-4.144809396509325,-14.020473734417132,7.15641498519904
hehe_45_00000001#7,200,-2,180,-2.8704657722433993,-16.67661146298919,13.80614569074579,2.116320011555747,-2.9414073290139604,-14.269769133423077,11.399303361179678
hehe_45_00000001#7,200,-1,190,-4.975300423276519,-17.241622988579543,12.266322565303025,0.706399396295887,-3.6363213647872197,-15.557039511881044,10.581739088604525
hehe_45_00000001#7,200,0,200,-7.604242060113689,-17.711102325615673,10.106860265501984,-1.1405973927690796,-4.418266212559423,-17.010241592889162,9.405999532775473
hehe_45_00000001#7,200,1,210,-4.715790034624813,-17.207958871726937,12.492168837102124,1.0492592899002995,-3.719670869739927,-15.870760806824585,11.154970772199771
hehe_45_00000001#8,100,-2,80,-1.0448767115260242,-14.703513879870446,13.658637168344422,1.462958734596386,-1.7251684330730725,-11.471944488642146,10.427067777116122
hehe_45_00000001#8,100,-1,90,-3.3111627065964306,-16.047302347699,12.736139641102568,0.1521033016387041,-2.680598995185797,-13.609517443923458,10.298354737327028
hehe_45_00000001#8,100,0,100,-9.057030193601433,-16.376244526464305,7.319214332862872,-4.555372869317813,-3.718990311234283,-14.971914072388921,5.914883878787489
hehe_45_00000001#8,100,1,110,-8.69034577585124,-16.22741450105811,7.53706872520687,-4.330512677493706,-3.5771660853081966,-14.260958698024337,5.570612922173098
hehe_52_00000107#0,100,-2,80,-0.4397310847657714,-15.031268093076205,14.591537008310434,-0.03489212267412878,-2.8117494526877076,-12.47416904468421,12.034437959918439
hehe_52_00000107#0,100,-1,90,0.6666735352103696,-14.316704438829998,14.983377974040367,0.9697259064111696,-2.709962861796865,-11.059672443476886,11.726345978687256
hehe_52_00000107#0,100,0,100,-7.32091317871161,-17.477651239127688,10.156738060416078,-4.762505763628791,-4.965317905678884,-16.947951678145177,9.627038499433567
hehe_52_00000107#0,100,1,110,0.050542411317056946,-15.007774600979841,15.058317012296898,0.5878956234769159,-2.944263702755924,-12.295438048336237,12.345980459653294
hehe_61_00000090#2,70,-2,50,-5.240093889817668,-13.020709893359559,7.7806160035418905,3.465215246429895,-5.360339393251684,-10.787999415430116,5.547905525612448
hehe_61_00000090#2,70,-1,60,-4.203960170888719,-12.456114015293409,8.25215384440469,3.68174516720822,-4.54073559510106,-9.424078584660133,5.220118413771415
hehe_61_00000090#2,70,0,70,-7.758200850162829,-13.248409013748951,5.490208163586122,1.6272063455063455,-6.040437452673295,-11.840136167587877,4.081935317425049
hehe_61_00000090#2,70,1,80,-7.803966355923736,-13.141512082692516,5.337545726768781,1.3268427969602206,-5.785839409888077,-10.832823633039977,3.0288572771162414
hehe_61_00000090#9,100,-2,80,-2.8422223709551613,-13.015255779970087,10.173033409014925,0.6933451410007705,-3.4322970892627143,-10.340450134851226,7.498227763896065
hehe_61_00000090#9,100,-1,90,-5.2266462929824264,-14.797157638562943,9.570511345580517,-0.32053870764593784,-4.8028371626432715,-13.088073399879022,7.8614271068965955
hehe_61_00000090#9,100,0,100,-9.691753221183452,-15.967748197574947,6.275994976391495,-3.1812610713958427,-6.407221727094392,-16.895775996914292,7.20402277573084
hehe_61_00000090#9,100,1,110,-8.49443150017089,-16.164063900958055,7.669632400787165,-2.425281014203023,-5.96588006327465,-16.148480507687697,7.654049007516807
hehe_61_00000090#10,10,-1,0,-2.6423572461608007,-12.048999873033807,9.406642626873007,0.0,0.0,-7.813677572458026,5.171320326297225
hehe_61_00000090#10,10,0,10,-10.04460625014263,-12.464083647855148,2.4194773977125177,-5.31359467766805,-2.08865432631378,-10.842370337363862,0.7977640872212319
hehe_61_00000090#10,10,1,20,-7.411301494588557,-13.962451297902199,6.551149803313642,-2.489809048743858,-2.279135199683898,-11.583421370204135,4.172119875615579
hehe_61_00000090#11,10,-1,0,-2.7315912802830766,-12.653164783821639,9.921573503538562,0.0,0.0,-8.991049928789055,6.259458648505978
hehe_61_00000090#11,10,0,10,-9.00762086503747,-12.773276151908242,3.7656552868707713,-3.661103879858499,-2.6149257048958945,-9.71575923303132,0.7081383679938504
hehe_61_00000090#11,10,1,20,-10.90773097176244,-13.63061309727731,2.72288212551487,-5.222207381649795,-2.9539323098295687,-10.376590267010538,-0.5311407047519019
hehe_65_00000229#2,160,-2,140,-3.7526853819139596,-16.69664233091801,12.94395694900405,7.3122908778423845,-6.5020151792282626,-13.747032695339934,9.994347313425974
hehe_65_00000229#2,160,-1,150,-4.592955037468145,-16.27407077609816,11.681115738630016,6.091378142910211,-6.121372099850275,-12.945850486830556,8.35289544936241
hehe_65_00000229#2,160,0,160,-14.093094932084014,-17.96631871040178,3.873223778317765,-1.3413197631068643,-8.188814088449067,-17.483979555780106,3.390884623696092
hehe_65_00000229#2,160,1,170,-16.505545025421327,-18.237457075763572,1.7319120503422454,-3.5496672271772054,-8.39291671771604,-18.409241226461862,1.9036962010405354
hehe_6_00000054#0,0,0,0,-7.1272378018277385,-14.208916868793773,7.081679066966035,0.0,0.0,-10.36365997952967,3.2364221777019315
hehe_6_00000054#0,0,1,10,-5.008624416993833,-14.088503498311564,9.079879081317731,5.357404679373684,-3.2387912945397774,-9.952218536841185,4.943594119847352
hehe_6_00000054#3,230,-2,210,-4.11710359709571,-17.726112207772363,13.609008610676653,0.856401260545999,-2.3295791974718814,-15.466839421153486,11.349735824057776
hehe_6_00000054#3,230,-1,220,-1.1588206762576085,-16.538954476147346,15.380133799889737,3.0959455893913335,-1.6108406054791145,-13.819581349897888,12.66076067364028
hehe_6_00000054#3,230,0,230,-7.207512898338578,-18.4070134573013,11.199500558962722,-1.5131524617997845,-3.050434776368966,-16.29419371796661,9.086680819628032
hehe_6_00000054#3,230,1,240,-5.824366026408663,-18.765682990045498,12.941316963636835,-0.32852714413550554,-2.85191322210333,-16.47041505179824,10.646049025389578
hehe_6_00000054#6,0,0,0,-7.575865191503193,-7.8385910603617965,0.2627258688586034,0.0,0.0,-9.682666714296946,2.106801522793753
hehe_6_00000054#6,0,1,10,-12.162473184805,-12.501184248422216,0.33871106361721637,1.3183895700892867,-5.904997563391094,-13.922013434309209,1.7595402495042087
hehe_6_00000054#13,0,0,0,-8.354159634199048,-11.941655479289548,3.5874958450904995,0.0,0.0,-10.071529454191596,1.7173698199925482
hehe_6_00000054#13,0,1,10,-9.741558712891884,-13.595960314100275,3.854401601208391,1.4339655525438872,-2.821364631236723,-10.615902546666746,0.8743438337748621
hehe_6_00000054#16,0,0,0,-8.541521566255039,-10.654645053495738,2.113123487240699,0.0,0.0,-9.585039187266473,1.0435176210114339
hehe_6_00000054#16,0,1,10,-9.604320491853754,-13.790697455266113,4.186376963412359,2.085178502016239,-3.147977427614954,-12.355823372549954,2.7515028806962007
hehe_6_00000054#17,0,0,0,-10.23527477572458,-11.285907989575257,1.050633213850677,0.0,0.0,-9.529075238758631,-0.7061995369659488
hehe_6_00000054#17,0,1,10,-9.246233077400277,-14.579706450503533,5.333473373103256,3.7637537903462555,-2.774712092021952,-12.077307217776246,2.8310741403759696
hehe_86_00000253#0,100,-2,80,-4.42716694050192,-14.863365013666566,10.436198073164647,-3.117966633160748,-2.6684921835674835,-12.50832898285941,8.08116204235749
hehe_86_00000253#0,100,-1,90,-5.231001015741067,-14.693555032648641,9.462554016907575,-4.108383281567898,-2.4819096103994815,-13.025764956673001,7.794763940931934
hehe_86_00000253#0,100,0,100,-12.39741760374816,-16.932399286971645,4.534981683223485,-9.067362535703662,-4.6893469442708104,-17.250017691551047,4.852600087802887
hehe_86_00000253#0,100,1,110,-5.045084071803295,-15.520575359078226,10.47549128727493,-3.159082267056241,-3.245293680973366,-14.405039200893613,9.359955129090318
hehe_86_00000253#3,20,-2,0,0.017351255207397998,-9.506738363697842,9.52408961890524,0.0,0.0,-7.618515642895507,7.635866898102905
hehe_86_00000253#3,20,-1,10,-3.580291033278776,-12.893844192944925,9.31355315966615,-0.733336969371194,-2.86430531911498,-10.745065964128635,7.164774930849859
hehe_86_00000253#3,20,0,20,-7.706429427867179,-14.093882082307697,6.387452654440518,-3.935684379674504,-3.788096303400073,-13.611032937408424,5.9046035095412455
hehe_86_00000253#3,20,1,30,-4.987781303219094,-13.97210706375581,8.984325760536716,-1.0075619466081909,-3.9975706118183014,-12.381277580544847,7.393496277325752
hehe_87_00000315#1,220,-2,200,-3.7047963211759622,-15.843230006224942,12.13843368504898,0.7652522546562333,-3.7305688080147705,-13.395546144868243,9.69074982369228
hehe_87_00000315#1,220,-1,210,-4.563273821641367,-16.39955750335048,11.836283681709112,0.5234322847942154,-4.3472263386181575,-14.708907732033188,10.14563391039182
hehe_87_00000315#1,220,0,220,-9.232920625114708,-18.486695881644252,9.253775256529543,-2.254913079418678,-6.2385277778786055,-18.528160221246168,9.29523959613146
hehe_87_00000315#1,220,1,230,-6.546412363036353,-17.6594211292626,11.113008766226248,-0.4139162735691486,-5.39301632164978,-16.797050233257686,10.250637870221333
hehe_87_00000315#5,50,-2,30,-0.20624575245331123,-12.849251976474044,12.643006224020732,2.244294335935691,-2.1408498995495444,-10.144503954576196,9.938258202122885
hehe_87_00000315#5,50,-1,40,-2.9277573212166654,-13.459231969680076,10.53147464846341,-0.30286569544760367,-2.315201436929604,-11.936822727525119,9.009065406308453
hehe_87_00000315#5,50,0,50,-7.895348310795416,-14.922812169621144,7.027463858825728,-4.358214363745045,-3.227443758210914,-14.596785692742015,6.701437381946599
hehe_87_00000315#5,50,1,60,-4.671343244525936,-14.53468368975789,9.863340445231954,-1.578071093371145,-2.783581962315333,-12.1596407552098,7.488297510683864
hehe_87_00000315#6,40,-2,20,-3.332630606874865,-13.628724041055966,10.2960934341811,-1.5183233776142844,-2.380904503805586,-11.493829531237246,8.161198924362381
hehe_87_00000315#6,40,-1,30,-0.4763469814293231,-12.863912591686946,12.387565610257623,1.2125654707241456,-2.255509726698474,-9.581416549133037,9.105069567703714
hehe_87_00000315#6,40,0,40,-7.963038490400203,-14.745111044630102,6.782072554229899,-5.1121721308355355,-3.4174636341096734,-14.171871925858797,6.208833435458594
hehe_87_00000315#6,40,1,50,-7.815709613918943,-15.790797153678028,7.975087539759085,-4.912624151616782,-3.469682736847166,-14.515503715911967,6.699794101993024
shuming_1007_00000230#0,60,-2,40,-3.1380156086943014,-15.055746332187692,11.91773072349339,-0.5534422783368695,-2.5243371420775924,-12.605903555293368,9.467887946599067
shuming_1007_00000230#0,60,-1,50,-3.0345240403327622,-15.62478132931788,12.590257288985118,-0.1260055019886428,-2.84828235006428,-12.883936737094066,9.849412696761304
shuming_1007_00000230#0,60,0,60,-11.626278984193341,-19.152923142124312,7.526644157930971,-6.902113230009221,-4.66392956590428,-17.97815604159865,6.351877057405307
shuming_1007_00000230#0,60,1,70,-3.805208101818641,-15.667693005130065,11.862484903311424,-1.1746801553812602,-2.5702917581575413,-13.300029817819329,9.494821716000688
shuming_1007_00000230#3,50,-2,30,-0.8226696409562564,-13.148402409783596,12.32573276882734,-0.6395431297169267,-2.0496095159858285,-10.302344193414859,9.479674552458603
shuming_1007_00000230#3,50,-1,40,-0.6518880893771541,-13.783719411704453,13.131831322327299,-0.6100071458107408,-1.9083639483129122,-10.794362820627706,10.142474731250552
shuming_1007_00000230#3,50,0,50,-9.337386569040092,-16.764733785746838,7.427347216706746,-6.3728841984213584,-4.830985375365232,-16.541614548936995,7.204227979896903
shuming_1007_00000230#3,50,1,60,-1.6113606402028253,-13.928279644027885,12.31691900382506,-1.334828412947867,-2.1430152320014573,-11.478113349005945,9.86675270880312
shuming_1007_00000230#4,30,-2,10,-6.5502498905278586,-13.764941262836322,7.214691372308463,0.6253756736827603,-3.311530537276645,-12.511557920094383,5.961308029566524
shuming_1007_00000230#4,30,-1,20,-2.3891901540932947,-12.921958595334345,10.53276844124105,4.0794248121831345,-2.6045199393424556,-10.761542793772227,8.372352639678933
shuming_1007_00000230#4,30,0,30,-8.403036052380102,-14.69199606508637,6.2889600127062675,0.5976108754430665,-5.136551900889195,-15.300498031666457,6.897461979286355
shuming_1007_00000230#4,30,1,40,-6.92249779389634,-14.974584334685009,8.052086540788668,1.2443961756582147,-4.30279894262058,-14.359998115911031,7.437500322014691
shuming_1007_00000230#5,40,-2,20,-3.9224083158362504,-13.141075425018066,9.218667109181816,2.3796150586307343,-2.5917647656283824,-10.667570902436154,6.745162586599903
shuming_1007_00000230#5,40,-1,30,-0.26596535474572036,-13.459603049598806,13.193637694853086,6.3017996324205265,-2.8575063783276446,-10.424000302254465,10.158034947508744
shuming_1007_00000230#5,40,0,40,-7.015704902385316,-15.651662164884975,8.635957262499659,0.5407136671373243,-3.846159960684038,-13.44535859420313,6.429653691817814
shuming_1007_00000230#5,40,1,50,-5.164588280290644,-14.422105315648643,9.257517035358,1.9912726712743694,-3.4456023427264113,-12.641303734962461,7.476715454671817
shuming_1007_00000230#7,30,-2,10,-5.64099206008234,-13.380697171548817,7.739705111466478,2.3104898115097625,-4.453857104805378,-12.469288974885089,6.828296914802749
shuming_1007_00000230#7,30,-1,20,-1.4808014237498366,-13.06526117525863,11.584459751508794,5.261616550268677,-3.244793207231789,-9.885546842757474,8.404745419007638
shuming_1007_00000230#7,30,0,30,-8.439376257786773,-14.919126592894742,6.479750335107969,1.006736793624198,-5.948488284624247,-14.617926710092467,6.178550452305695
shuming_1007_00000230#7,30,1,40,-1.4221746683103724,-13.585241572421747,12.163066904111375,5.842489333463801,-3.767039234987449,-11.062949942879015,9.640775274568643
shuming_1007_00000230#15,120,-2,100,-4.939413989757142,-15.868702984721544,10.929288994964402,2.395358067243986,-4.333803110814337,-14.538361612048854,9.598947622291712
shuming_1007_00000230#15,120,-1,110,-4.846683696698424,-16.184768028479862,11.338084331781438,2.593448075252955,-4.439162825764587,-14.066092695022595,9.219408998324171
shuming_1007_00000230#15,120,0,120,-8.53790604614258,-18.20577968387956,9.667873637736978,0.7452090973312528,-6.282146197287043,-17.947379890761614,9.409473844619033
shuming_1007_00000230#15,120,1,130,-7.734372802643135,-17.84601696554711,10.111644162903977,0.8622015422710159,-5.5956053987273595,-17.027771910536657,9.293399107893523
shuming_1007_00000230#16,20,-2,0,1.2882235133562006,-11.723175259383012,13.011398772739213,0.0,0.0,-7.795040245826083,9.083263759182284
shuming_1007_00000230#16,20,-1,10,-1.5120781568547859,-13.058070086694734,11.545991929839948,-0.8827334957612676,-1.9175681744497153,-10.010878432582716,8.49880027572793
shuming_1007_00000230#16,20,0,20,-7.581810039225237,-14.111041056543158,6.529231017317921,-5.186444797810901,-3.6835887547705335,-13.61222829572302,6.030418256497782
shuming_1007_00000230#16,20,1,30,-0.740091012222301,-13.002307367116682,12.262216354894381,-0.23165397313091685,-1.7966605524475812,-10.07120076499028,9.33110975276798
shuming_1007_00000230#18,140,-2,120,-3.9996447818716874,-17.130574894316624,13.130930112444936,0.09156300966595499,-3.189974632521303,-15.134396800118369,11.134752018246681
shuming_1007_00000230#18,140,-1,130,-4.444572862040712,-16.919269622134653,12.474696760093941,-0.3572083796556429,-3.1861313233687296,-15.062634164863505,10.618061302822793
shuming_1007_00000230#18,140,0,140,-8.115296334927073,-18.65431368411224,10.539017349185166,-2.870647564520897,-4.343415611389837,-17.685744904411763,9.57044856948469
shuming_1007_00000230#18,140,1,150,-7.447904813687957,-18.158334596224247,10.71042978253629,-2.17468284870031,-4.371988805971308,-17.5759396085741,10.128034794886142
shuming_1007_00000230#21,30,-2,10,-2.201608372881016,-13.483601425133052,11.281993052252037,6.327632015243754,-4.742034169430227,-10.359458968174364,8.157850595293347
shuming_1007_00000230#21,30,-1,20,-0.14964702853056622,-13.169561809164524,13.019914780633957,8.436352787923015,-4.798793597759037,-9.382078789672942,9.232431761142376
shuming_1007_00000230#21,30,0,30,-8.21728039555385,-15.927497280765037,7.710216885211187,4.466919012742799,-8.896993189602103,-15.456050020653025,7.2387696250991755
shuming_1007_00000230#21,30,1,40,0.45979269116582344,-13.929639146371512,14.389431837537336,10.094229202521836,-5.847230292661468,-10.332891790806743,10.792684481972566
shuming_1013_00000065#0,30,-2,10,-3.6432629891893598,-12.983260428296816,9.339997439107457,5.128124820103488,-5.170170933641873,-10.273716591946766,6.630453602757406
shuming_1013_00000065#0,30,-1,20,-3.1919416331970787,-13.304654418529736,10.112712785332658,6.161121305564265,-5.751846063110369,-9.604763682054651,6.4128220488575725
shuming_1013_00000065#0,30,0,30,-12.423745473691584,-16.01514686700679,3.5914013933152074,1.290061392833163,-10.112589990873772,-15.839579902309445,3.4158344286178615
shuming_1013_00000065#0,30,1,40,-8.738747376913928,-16.32809607023992,7.5893486933259915,4.69008378689456,-9.827614288157513,-15.17732586239731,6.438578485483383
shuming_1013_00000065#1,30,-2,10,-1.3515398897400566,-12.281803543946957,10.9302636542069,2.7848367720525027,-1.465124451357084,-8.902116931483194,7.5505770417431375
shuming_1013_00000065#1,30,-1,20,-6.818773303461494,-13.866060761455692,7.047287457994198,-2.1270050251916848,-2.0205160678343344,-11.793689982560515,4.974916679099021
shuming_1013_00000065#1,30,0,30,-6.972473788478382,-13.91456331540947,6.942089526931088,-1.393250408613961,-2.907971169428946,-12.156064899584644,5.183591111106262
shuming_1013_00000065#1,30,1,40,-5.631256090739601,-15.082055055389379,9.450798964649778,0.4760527165117616,-3.4360565968158876,-13.419579513714348,7.788323422974747
shuming_1013_00000065#3,40,-2,20,-3.9099641656319513,-13.058549746163244,9.148585580531293,0.675600676886305,-1.91394055189085,-10.79705264755463,6.887088481922678
shuming_1013_00000065#3,40,-1,30,-5.013694065147503,-13.549205840489265,8.535511775341762,-0.2157256084856627,-2.1263441660344338,-10.332660626595432,5.31896656144793
shuming_1013_00000065#3,40,0,40,-7.799352495029032,-16.098429822368868,8.299077327339836,-1.9914443772731376,-3.136283827128488,-14.479865930875318,6.6805134358462865
shuming_1013_00000065#3,40,1,50,-9.003543647651707,-15.879027400511823,6.8754837528601165,-3.035551508264616,-3.296367848759685,-15.442371249747419,6.438827602095712
shuming_1028_00000411#3,110,-2,90,0.7936348271997318,-15.424753163306308,16.218387990506038,10.31460320122127,-3.516490118513153,-10.89090898693663,11.684543814136362
shuming_1028_00000411#3,110,-1,100,-4.988309077346701,-17.447026279523918,12.458717202177217,6.397927901555238,-5.3817587233935535,-14.93443775849706,9.946128681150359
shuming_1028_00000411#3,110,0,110,-11.175131016878861,-21.337110372375758,10.161979355496896,3.1999656960850915,-8.370618457455567,-21.397980909608364,10.222849892729503
shuming_1028_00000411#3,110,1,120,-6.649375767673205,-18.539485633900846,11.89010986622764,5.90715471089255,-6.5520522230573714,-17.138388502717262,10.489012735044057
shuming_1064_00000087#3,140,-2,120,-3.920756497791123,-15.211663280126814,11.290906782335691,0.4118973678050506,-3.0079691647890408,-12.960736469514032,9.039979971722909
shuming_1064_00000087#3,140,-1,130,-0.582065780808561,-14.617968549901956,14.035902769093395,2.6444553242792592,-1.9018364042806875,-11.947863967522494,11.365798186713933
shuming_1064_00000087#3,140,0,140,-9.20749095619682,-17.680794572204114,8.473303616007295,-2.096523035524606,-5.786283219865081,-18.54661159653051,9.339120640333691
shuming_1064_00000087#3,140,1,150,-10.342910035539676,-18.43049690583509,8.087586870295413,-3.516797425251668,-5.501427909480875,-19.02158009686843,8.678670061328754
shuming_1064_00000087#4,60,-2,40,-5.26831098189069,-14.930576694164838,9.662265712274149,0.022320436676763755,-3.6033773654380408,-13.416268675176077,8.147957693285388
shuming_1064_00000087#4,60,-1,50,-1.7364294507593172,-13.857320333162122,12.120890882402804,2.8056700817569626,-2.8548454793868667,-11.435078595658192,9.698649144898875
shuming_1064_00000087#4,60,0,60,-9.958978378957424,-17.196073564818445,7.237095185861021,-2.1776931396254504,-6.09403118620256,-17.21388258081334,7.254904201855917
shuming_1064_00000087#4,60,1,70,-11.841669143939924,-18.039954375631446,6.198285231691521,-3.5566250377823225,-6.597790053028189,-18.40528839419373,6.563619250253804
shuming_1064_00000087#8,130,-2,110,-5.26729287262998,-16.671967192804754,11.404674320174774,1.0374367883608682,-4.194525769780567,-15.33099119438233,10.06369832175235
shuming_1064_00000087#8,130,-1,120,-4.375351334358626,-16.264165258707507,11.88881392434888,1.3122614364260614,-3.577408879574406,-14.991936184783015,10.616584850424388
shuming_1064_00000087#8,130,0,130,-10.882269237166094,-18.727031492319146,7.844762255153052,-2.256616176501439,-6.515449169454373,-19.772464634293083,8.89019539712699
shuming_1064_00000087#8,130,1,140,-9.602614263606384,-18.482752951091804,8.88013868748542,-1.6089431313749918,-5.88346724102111,-19.385824826878686,9.783210563272302
shuming_1079_00000233#3,40,-2,20,-3.8656322127054423,-12.493494105104494,8.627861892399052,0.08108978116709098,-1.7119683889534882,-10.222864525853627,6.3572323131481845
shuming_1079_00000233#3,40,-1,30,-2.2198706335553506,-12.928854684581049,10.708984051025698,1.4567349887981438,-1.4418520174344494,-11.15633341856915,8.936462785013799
shuming_1079_00000233#3,40,0,40,-8.215001088935722,-14.420086458900062,6.2050853699643405,-3.9446891308540697,-2.035558353162607,-12.66117252289069,4.446171433954968
shuming_1079_00000233#3,40,1,50,-5.454719273501333,-13.876594701939691,8.421875428438359,-1.6816635900591352,-1.5383020785231523,-11.305920568013548,5.851201294512215
shuming_1080_00000016#0,190,-2,170,-5.373098717214119,-16.543438765886805,11.170340048672685,-0.3372107138288274,-4.287509324450543,-15.399533032236421,10.026434315022303
shuming_1080_00000016#0,190,-1,180,-5.5931874095884915,-16.58740879513336,10.994221385544868,-0.42838593783348866,-4.416422792820254,-15.544547133021544,9.951359723433052
shuming_1080_00000016#0,190,0,190,-9.468284907200406,-18.3282600288114,8.859975121610994,-2.919793352651623,-5.800112875614034,-18.825481831828487,9.35719692462808
shuming_1080_00000016#0,190,1,200,-7.4161132304459425,-16.585515197782605,9.169401967336663,-2.1385592796213295,-4.529175271889864,-16.207268826567383,8.79115559612144
shuming_1132_00000385#3,120,-2,100,-6.340683920298396,-16.074215046293286,9.73353112599489,-3.8262457071965947,-2.2646209032129363,-13.704275827650862,7.3635919073524665
shuming_1132_00000385#3,120,-1,110,-5.0491129893899735,-15.308456889107802,10.259343899717829,-3.202971809228289,-1.5963238702728195,-12.959699652275575,7.910586662885601
shuming_1132_00000385#3,120,0,120,-12.984048847268156,-18.101596045373466,5.11754719810531,-8.415189573704257,-4.3190419636750335,-17.534586277948744,4.550537430680588
shuming_1132_00000385#3,120,1,130,-10.976377386438891,-17.276164604081707,6.299787217642816,-6.8686151334949574,-3.8579449430550685,-16.583106828921224,5.606729442482333
shuming_1132_00000385#4,130,-2,110,0.24396033158043373,-13.992885592668244,14.236845924248678,1.1403557719897597,-0.9345194728198214,-11.146781252320741,11.390741583901175
shuming_1132_00000385#4,130,-1,120,-6.102416498188351,-16.926924961369878,10.824508463181527,-3.354800369798406,-2.78574016080044,-15.608318478596681,9.50590198040833
shuming_1132_00000385#4,130,0,130,-8.538411315689576,-18.73363869315191,10.195227377462334,-4.9457073635157185,-3.6308279845843527,-16.989039879911747,8.450628564222171
shuming_1132_00000385#4,130,1,140,-4.629402301094146,-16.964113761301544,12.334711460207398,-2.0084270653577727,-2.6590992681468686,-14.833549870934666,10.20414756984052
shuming_1135_00000213#0,30,-2,10,-4.4958464218337015,-13.237736199068443,8.741889777234743,4.852632301279403,-3.4645796185880298,-11.563109138497097,7.067262716663396
shuming_1135_00000213#0,30,-1,20,-0.4483455223556376,-12.533091387845381,12.084745865489744,7.684886730899658,-2.249333148730221,-8.538408468165565,8.090062945809928
shuming_1135_00000213#0,30,0,30,-7.424963936370084,-15.247122895859242,7.822158959489158,4.1880243563220585,-5.729089188167068,-14.358206569109342,6.933242632739258
shuming_1135_00000213#0,30,1,40,-3.7589839340022237,-15.218630060781285,11.459646126779061,6.571737317949761,-4.446822147426911,-12.78676405955092,9.027780125548697
shuming_1148_00000041#0,120,-2,100,-4.05724438050391,-15.260240808023644,11.202996427519734,6.553588186301223,-6.829627369545641,-13.41557833867761,9.3583339581737
shuming_1148_00000041#0,120,-1,110,-1.440965039621144,-14.8762603506325,13.435295311011355,8.581732018382803,-6.241491860744457,-11.816532524561126,10.375567484939982
shuming_1148_00000041#0,120,0,120,-7.256554351351808,-16.718564502701174,9.462010151349366,4.8695820714513935,-8.34493122554371,-16.057183580092612,8.800629228740805
shuming_1148_00000041#0,120,1,130,-1.6057685827951929,-14.667650436640622,13.06188185384543,8.360666507313708,-6.185229892849408,-11.771740000957267,10.165971418162075
shuming_1157_00000010#0,30,-2,10,-4.134137181973827,-13.46377383580491,9.329636653831082,3.819873009421976,-5.1935692238881845,-11.16578452984205,7.031647347868223
shuming_1157_00000010#0,30,-1,20,-2.812436277692477,-13.226214027928123,10.413777750235646,5.247178266137087,-5.299173576321946,-10.575007304691725,7.7625710269992485
shuming_1157_00000010#0,30,0,30,-24.103562982893557,-20.55512653999159,-3.5484364429019664,-7.994807010327801,-13.348315005058142,-24.72378833375262,0.6202253508590623
shuming_1157_00000010#0,30,1,40,-7.661243943288435,-16.210041094078242,8.548797150789808,4.131275717066426,-9.032078692847243,-15.398248785394776,7.737004842106341
shuming_1180_00000231#3,20,-2,0,-3.8740169883404576,-10.167857910944573,6.293840922604115,0.0,0.0,-9.039431885126,5.165414896785542
shuming_1180_00000231#3,20,-1,10,-5.447567220484505,-12.691738004772262,7.244170784287757,0.4065824058948717,-1.9801326380389188,-11.013999070882276,5.566431850397771
shuming_1180_00000231#3,20,0,20,-10.348724271757185,-14.490172291582219,4.1414480198250345,-3.087546232362568,-3.387161051054159,-13.837198207106669,3.488473935349484
shuming_1180_00000231#3,20,1,30,-9.440405030606524,-13.797179989633754,4.356774959027231,-2.922152016201358,-2.644236026064708,-12.312069840623435,2.8716648100169113
shuming_24_00000001#0,0,0,0,-7.177770126221627,-10.638968540196705,3.4611984139750787,0.0,0.0,-8.996559143480965,1.8187890172593386
shuming_24_00000001#0,0,1,10,-4.397664598718472,-14.729956777803993,10.33229217908552,5.317246755849163,-2.537141228346008,-12.437831954235397,8.040167355516925
shuming_24_00000001#1,0,0,0,-9.345306640725374,-9.859014812292752,0.5137081715673784,0.0,0.0,-10.384863220062618,1.039556579337244
shuming_24_00000001#1,0,1,10,-3.028114512039492,-14.219432822890827,11.191318310851335,8.551132229815344,-2.2339401011294617,-11.12801591634041,8.099901404300917
shuming_340_00000020#1,10,-1,0,-6.22413895315203,-13.086343221310809,6.862204268158779,0.0,0.0,-7.748705585799499,1.5245666326474687
shuming_340_00000020#1,10,0,10,-11.302232997630682,-13.523430117978112,2.22119712034743,-2.5519748494444627,-2.5261191950341892,-10.679026151077165,-0.6232068465535168
shuming_340_00000020#1,10,1,20,-10.737782674484315,-13.247583151486257,2.509800477001942,-1.9211596957276331,-2.5924840256046515,-10.767667485404049,0.02988481091973405
shuming_35_00000199#0,100,-2,80,-5.851182690711873,-14.425009888266862,8.573827197554989,4.4897935042780395,-3.5046261239479435,-12.446287929542072,6.5951052388301985
shuming_35_00000199#0,100,-1,90,-5.159326648260469,-15.440231648811988,10.280905000551519,5.383353879449862,-3.7063304566683617,-13.774377574083914,8.615050925823445
shuming_35_00000199#0,100,0,100,-8.04740795369679,-14.989555741739817,6.942147788043027,3.3469506721271123,-4.558008554781933,-14.326172118138844,6.2787641644420535
shuming_35_00000199#0,100,1,110,-15.075529956454428,-17.403947129077324,2.3284171726228955,-1.130182385271279,-7.1089975001411805,-18.456035149761956,3.3805051933075276
shuming_35_00000199#4,160,-2,140,-3.8270777673321748,-17.54853509025005,13.721457322917875,0.44785862168478685,-2.398184633529621,-15.551705967575236,11.72462820024306
shuming_35_00000199#4,160,-1,150,-5.4715383396908415,-18.365388583008283,12.893850243317441,-0.7948210689557564,-2.7999655152477443,-16.57434310992828,11.102804770237437
shuming_35_00000199#4,160,0,160,-7.993148766600697,-19.175153269786453,11.182004503185755,-2.7662615397890176,-3.350135471324339,-17.83524307862906,9.842094312028362
shuming_35_00000199#4,160,1,170,-6.9349692869588875,-18.554888163269894,11.619918876311006,-2.060340516609375,-2.997877014862172,-16.8680202985538,9.933051011594914
shuming_35_00000199#5,20,-2,0,-5.3129677537831,-9.361539316478474,4.048571562695374,0.0,0.0,-9.405383081221222,4.092415327438122
shuming_35_00000199#5,20,-1,10,-6.195612289383802,-12.37820043746422,6.182588148080417,2.0989433715950105,-2.981587907195712,-10.70188774198906,4.506275452605258
shuming_35_00000199#5,20,0,20,-8.068036523921878,-13.17516274331096,5.107126219389082,0.30916709709281953,-3.064235867231597,-12.105039322831638,4.037002798909761
shuming_35_00000199#5,20,1,30,-6.913801277438009,-13.584368670288638,6.6705673928506295,1.0511058531309692,-2.6519393767858777,-11.633596396607842,4.7197951191698335
shuming_35_00000199#6,130,-2,110,-3.2093839687712515,-14.56143333124437,11.352049362473117,2.390713353014961,-2.0972942872286593,-12.396082991617055,9.186699022845804
shuming_35_00000199#6,130,-1,120,-6.811253635838881,-15.723087519057998,8.911833883219117,-0.22719119080077688,-3.0812594104805506,-13.908561012028542,7.0973073761896615
shuming_35_00000199#6,130,0,130,-7.30631342272418,-15.8095691111238,8.50325568839962,-0.5496814051345362,-3.253828983032091,-14.07625484028275,6.76994141755857
shuming_35_00000199#6,130,1,140,-16.871510243537024,-17.763935307436135,0.8924250638991111,-7.937236046493313,-5.431471162486158,-17.623762987654292,0.7522527441172677
shuming_410_00000037#0,40,-2,20,0.4747840610201557,-11.81603351429698,12.290817575317135,1.6334058219237626,-0.7721314258745515,-8.21580102046899,8.690585081489147
shuming_410_00000037#0,40,-1,30,-0.5105646391292336,-12.339648805825627,11.829084166696394,0.2547389046940305,-0.3788132087942069,-9.637449252508315,9.126884613379081
shuming_410_00000037#0,40,0,40,-6.986354338930834,-14.151891662930906,7.165537324000072,-5.063190005110888,-1.5366739987908904,-13.607657754199863,6.621303415269029
shuming_410_00000037#0,40,1,50,-9.048067025487555,-14.94216983391206,5.894102808424504,-7.252028372831864,-1.4095483176266352,-13.608669615238604,4.560602589751049
shuming_410_00000037#9,0,0,0,-10.212415213958424,-12.762656898039278,2.550241684080854,0.0,0.0,-10.347146007794809,0.13473079383638442
shuming_410_00000037#9,0,1,10,-8.353306450402837,-15.360433487469578,7.007127037066741,4.763950354887777,-2.9048415913321897,-12.937664525527,4.584358075124163
shuming_461_00000082#3,0,0,0,-7.9391516066893,-13.170483137031425,5.231331530342125,0.0,0.0,-9.600495515668062,1.6613439089787612
shuming_461_00000082#3,0,1,10,0.2888380124537342,-13.213968519067734,13.502806531521468,8.69196453931474,-0.4639749201717045,-8.320091608842459,8.608929621296193
shuming_461_00000082#4,0,0,0,-8.885095674935059,-12.39215579536278,3.507060120427722,0.0,0.0,-8.713686995805078,-0.17140867912998026
shuming_461_00000082#4,0,1,10,0.36620179122826535,-12.691484607388517,13.057686398616783,9.415067902868575,-0.16377043670525193,-8.603635151040795,8.96983694226906
shuming_461_00000082#5,20,-2,0,-2.736589126096705,-12.33717148198799,9.600582355891286,0.0,0.0,-8.69152956403211,5.954940437935406
shuming_461_00000082#5,20,-1,10,-2.9193496078779795,-13.292610440086435,10.373260832208455,1.1013742240499655,-1.284134705831241,-8.993392391565331,6.074042783687352
shuming_461_00000082#5,20,0,20,-7.1979886572128615,-14.533776883773042,7.33578822656018,-1.8138771764235093,-2.647522354692648,-12.746937000175722,5.54894834296286
shuming_461_00000082#5,20,1,30,-3.504558188779665,-14.072732139769325,10.56817395098966,1.5692700000080824,-2.3372390626910433,-10.54389789719938,7.039339708419716
shuming_482_00000018#5,20,-2,0,-2.510712634389563,-11.78523002416543,9.274517389775868,0.0,0.0,-8.019579731438911,5.5088670970493485
shuming_482_00000018#5,20,-1,10,-1.4892590231491738,-13.350418813692013,11.861159790542839,4.178971607000732,-3.157517995760343,-8.78564274756147,7.296383724412296
shuming_482_00000018#5,20,0,20,-9.127645992492734,-14.264341407845276,5.136695415352541,-1.38090284495195,-5.2360305131512215,-13.97447772059371,4.846831728100975
shuming_482_00000018#5,20,1,30,0.678925872854272,-13.341901951938189,14.02082782479246,6.334244929657713,-3.144606422413876,-8.676081568848641,9.355007441702913
shuming_485_00000027#3,0,0,0,-10.312157783676211,-10.376549126668314,0.0643913429921028,0.0,0.0,-10.275237125455668,-0.036920658220543245
shuming_485_00000027#3,0,1,10,-9.903110938042015,-14.401701430304094,4.498590492262078,2.670643513997027,-2.2615966683628312,-11.774357570523582,1.8712466324815669
shuming_485_00000027#4,0,0,0,-9.092274311920763,-9.922195222917605,0.829920910996842,0.0,0.0,-9.738903527852523,0.6466292159317604
shuming_485_00000027#4,0,1,10,-12.808415581894813,-12.74515468634505,-0.06326089554976377,-1.354063333396616,-2.3620779365774345,-12.258892059722454,-0.5495235221723593
shuming_503_00000052#1,0,0,0,-8.893140974671331,-14.191887494482582,5.298746519811251,0.0,0.0,-9.785243168217319,0.8921021935459876
shuming_503_00000052#1,0,1,10,-0.47298603875352896,-12.925502352071598,12.45251631331807,9.143126742063497,-0.722971806145698,-9.07934280899112,8.606356770237591
shuming_562_00000223#2,0,0,0,-10.518730116310937,-9.88980805096321,-0.6289220653477283,0.0,0.0,-10.495772459780401,-0.022957656530536497
shuming_562_00000223#2,0,1,10,-13.057998151681177,-13.672588991292683,0.6145908396115054,0.2788803572875098,-2.8181483926577497,-12.646232869352955,-0.41176528232822207
shuming_571_00000215#0,30,-2,10,-0.49015354934172706,-12.646472554020914,12.156319004679187,2.173625761439388,-2.1575047747365965,-9.41999158162215,8.929838032280422
shuming_571_00000215#0,30,-1,20,-4.8414859970656465,-13.951232672922718,9.109746675857071,-1.1290642593083313,-3.2061472017127968,-12.343775230256108,7.502289233190462
shuming_571_00000215#0,30,0,30,-9.168416077096264,-15.905569505284845,6.737153428188581,-3.2467795064516127,-5.4153620346001325,-16.27150368312094,7.103087606024676
shuming_571_00000215#0,30,1,40,-13.037090241383826,-19.265872019331724,6.228781777947898,-5.175158257503858,-7.3556574478354495,-20.282651983259598,7.245561741875772
shuming_574_00000017#0,20,-2,0,-3.5007349817398428,-9.339239736850608,5.838504755110765,0.0,0.0,-8.515815020625794,5.0150800388859516
shuming_574_00000017#0,20,-1,10,-4.857853611737115,-12.927755485345347,8.069901873608233,2.80320285378245,-4.160321483779722,-11.017972216580503,6.1601186048433885
shuming_574_00000017#0,20,0,20,-8.610628879716266,-15.686505506847858,7.075876627131592,1.086491688365995,-6.196385586342418,-15.188373158187266,6.577744278471
shuming_574_00000017#0,20,1,30,-7.5537694068324726,-14.87955739031056,7.325787983478087,2.2425897099249186,-6.295624135017548,-13.867640380157367,6.313870973324894
shuming_608_00000031#3,160,-2,140,-4.014032189713664,-15.38591573458416,11.371883544870496,2.818469493394333,-3.4756095376952993,-13.442472852883485,9.428440663169821
shuming_608_00000031#3,160,-1,150,-1.369949890511048,-14.369958437035905,13.000008546524857,4.651457824760677,-2.664515569859028,-11.983326701137264,10.613376810626216
shuming_608_00000031#3,160,0,160,-6.97010648654366,-16.730398374183547,9.760291887639887,1.1785010885106928,-4.7917154296416555,-15.995855615457259,9.0257491289136
shuming_608_00000031#3,160,1,170,-4.203883339127067,-15.67110414798828,11.467220808861214,2.8266997892720713,-3.6736909829864413,-13.905716883656291,9.701833544529224
shuming_610_00000148#0,100,-2,80,0.9616542450833379,-13.90121397049581,14.862868215579148,8.245592295497673,-2.3803765645854544,-10.832320931918906,11.793975177002244
shuming_610_00000148#0,100,-1,90,0.1346241859184545,-14.214897661949514,14.349521847867969,7.542505190369813,-2.5043195186224785,-11.539080670003074,11.673704855921528
shuming_610_00000148#0,100,0,100,-8.176096267736664,-15.829019919428175,7.652923651691511,0.5927034811596994,-3.8652382630674835,-14.579086997815436,6.402990730078772
shuming_610_00000148#0,100,1,110,-14.220234597158562,-16.857191357201952,2.6369567600433896,-4.249057364385386,-5.067615746944297,-17.796346294312144,3.576111697153582
shuming_63_00000393#3,0,0,0,-9.310286117938812,-12.085880199754111,2.7755940818152993,0.0,0.0,-9.961686476839917,0.651400358901105
shuming_63_00000393#3,0,1,10,-6.37068028930521,-13.928189463479134,7.557509174173924,5.403645738018177,-2.4640399093845757,-12.694396478111939,6.323716188806729
shuming_63_00000393#4,0,0,0,-9.288176713169568,-11.8159464359934,2.527769722823832,0.0,0.0,-9.925978830838147,0.6378021176685795
shuming_63_00000393#4,0,1,10,-4.127048298315502,-12.916071855726116,8.789023557410614,7.1756444141558,-2.014515999301734,-10.993034335216308,6.8659860369008054
shuming_63_00000393#5,0,0,0,-8.601173824291628,-12.72002444658374,4.118850622292111,0.0,0.0,-9.693516767086841,1.092342942795213
shuming_63_00000393#5,0,1,10,-3.3487246256860583,-13.590589508283632,10.241864882597573,7.0201013412330235,-1.7676521426274538,-10.650540242765015,7.301815617078956
shuming_63_00000393#6,0,0,0,-10.342354069624388,-11.371474205978757,1.0291201363543685,0.0,0.0,-10.277569290994359,-0.0647847786300293
shuming_63_00000393#6,0,1,10,-6.19237262386617,-13.921882189453438,7.729509565587268,6.60691808301512,-2.4569366372569026,-12.493898243905603,6.301525620039433
shuming_63_00000393#7,0,0,0,-10.55164085778255,-11.163896106301937,0.6122552485193875,0.0,0.0,-10.358873797343913,-0.19276706043863712
shuming_63_00000393#7,0,1,10,-4.855511806983529,-13.738426691517589,8.88291488453406,8.02318790159177,-2.327058850792749,-11.579451422440508,6.723939615456979
shuming_63_00000393#8,0,0,0,-10.645142215488885,-11.187029526816751,0.5418873113278657,0.0,0.0,-10.388560392182455,-0.25658182330642987
shuming_63_00000393#8,0,1,10,-2.4243935976660094,-14.430182625743823,12.005789028077814,10.308192710186969,-2.087444092364092,-11.137177217046109,8.7127836193801
shuming_63_00000393#9,0,0,0,-9.981900057160535,-11.311726921993058,1.3298268648325227,0.0,0.0,-10.724066472814762,0.7421664156542267
shuming_63_00000393#9,0,1,10,-2.7867624382516087,-13.48444828602369,10.697685847772082,9.203637249142119,-2.0084996302331937,-9.816211565639088,7.02944912738748
shuming_663_00000328#3,170,-2,150,-4.737018324819973,-17.70406917475098,12.967050849931008,-2.349777373172258,-3.0828899975869524,-16.05847281481092,11.321454489990947
shuming_663_00000328#3,170,-1,160,-6.843420039749839,-19.251524353051586,12.408104313301747,-3.622124822548968,-3.916944263140109,-17.80689270513635,10.96347266538651
shuming_663_00000328#3,170,0,170,-7.708343426000251,-19.393198870589373,11.684855444589122,-4.454406345322811,-3.949586126616678,-17.719931609395143,10.011588183394892
shuming_663_00000328#3,170,1,180,-5.952636642451811,-18.902247540437067,12.949610897985256,-2.882980420456592,-3.7653052679344565,-17.308663018363607,11.356026375911796
shuming_67_00000001#1,100,-2,80,-5.372724885861832,-15.40452748952268,10.031802603660848,-1.9362139263489997,-4.095792404195672,-13.565431970304777,8.192707084442945
shuming_67_00000001#1,100,-1,90,-2.0280861906302583,-14.605647674682455,12.577561484052197,0.3952517398730371,-3.0826193751861344,-11.349159780594192,9.321073589963934
shuming_67_00000001#1,100,0,100,-8.238349412420627,-17.022073259404756,8.78372384698413,-4.5806390470017675,-4.316991810101699,-14.642572796420254,6.404223383999627
shuming_67_00000001#1,100,1,110,-8.114521150343895,-16.824472683093084,8.709951532749189,-4.374828234535966,-4.39897436049077,-14.718222200727249,6.6037010503833535
shuming_67_00000001#2,50,-2,30,-0.11400105458738707,-12.619396478682125,12.505395424094738,1.586437056466134,-0.5488220504693002,-9.87723893303002,9.763237878442633
shuming_67_00000001#2,50,-1,40,-5.330705548691047,-13.025614033411653,7.694908484720606,-3.348436549365363,-0.8306529387414634,-9.976666658012894,4.6459611093218465
shuming_67_00000001#2,50,0,50,-7.075395657884649,-15.087375355982998,8.011979698098347,-4.073346573539085,-1.8504330237613438,-14.327932947412378,7.252537289527729
shuming_67_00000001#2,50,1,60,-0.614929443665492,-12.993373931653332,12.37844448798784,0.8788459287004797,-0.34215931178175074,-10.00113222521925,9.386202781553758
shuming_698_00000001#8,210,-2,190,-4.805007793470812,-17.278722384304224,12.473714590833412,-2.1686642987082814,-2.4103675164771103,-14.881401111176965,10.076393317706152
shuming_698_00000001#8,210,-1,200,-1.8815057869629888,-16.266798383938752,14.385292596975763,0.19436022187237212,-1.8498900305499402,-13.863707822360276,11.982202035397286
shuming_698_00000001#8,210,0,210,-6.9840394915572865,-17.69905441729584,10.715014925738554,-3.7774985868454483,-2.9805649264264176,-15.375726357153681,8.391686865596395
shuming_698_00000001#8,210,1,220,-7.891795269220712,-18.37380302130923,10.482007752088517,-4.390068132691849,-3.275751158243442,-16.06698004739515,8.175184778174437
shuming_698_00000001#15,260,-2,240,-4.793513183159506,-16.808922135605762,12.015408952446256,1.9248036873896952,-3.203219461708989,-14.666392137053881,9.872878953894375
shuming_698_00000001#15,260,-1,250,-3.2080925686789747,-16.29777203981207,13.089679471133095,3.160605153151633,-2.8536003129903955,-14.233191625973207,11.025099057294232
shuming_698_00000001#15,260,0,260,-7.274987304957225,-16.98333835203926,9.708351047082036,-0.018550066588207237,-3.7413398295288056,-15.199372452353364,7.924385147396139
shuming_698_00000001#15,260,1,270,-6.129518506080739,-16.931484632175405,10.801966126094666,0.9054886441843895,-3.5199097414249163,-15.040376328411957,8.910857822331218
shuming_698_00000001#25,120,-2,100,-2.746454830882051,-14.05972721048639,11.313272379604339,3.168122660006048,-3.0590687959492144,-11.660107648912827,8.913652818030776
shuming_698_00000001#25,120,-1,110,-2.314150385860952,-14.367605946930901,12.05345556106995,3.4882088354990093,-2.9468505264210765,-11.82846966947352,9.514319283612569
shuming_698_00000001#25,120,0,120,-10.049245652933566,-17.251312126484162,7.202066473550596,-1.5844770815648537,-5.609259876429828,-17.387140931976116,7.3378952790425505
shuming_698_00000001#25,120,1,130,-6.22473954355652,-15.4842423482715,9.25950280471498,0.7820138260998424,-4.1512446747174785,-14.094441885037824,7.869702341481304
shuming_706_00000375#0,0,0,0,-10.136060678421229,-9.799837194799771,-0.33622348362145793,0.0,0.0,-8.936525245839567,-1.199535432581662
shuming_706_00000375#0,0,1,10,-8.70031389343841,-11.94222991647524,3.241916023036829,3.3858428252863373,-1.950096040303519,-9.035063770102143,0.33474987666373224
shuming_706_00000375#3,30,-2,10,-1.395266478363892,-12.03253893509869,10.637272456734799,2.8286860047888176,-2.561515090210138,-9.886530507239458,8.491264028875566
shuming_706_00000375#3,30,-1,20,-6.858001103393587,-13.680147059022165,6.822145955628578,-2.21803307308395,-2.977530637367065,-12.520323672916165,5.662322569522578
shuming_706_00000375#3,30,0,30,-6.926957397463383,-16.341889476749973,9.41493207928659,-1.3972117501049146,-3.8673082544158968,-16.03321649649031,9.106259099026929
shuming_706_00000375#3,30,1,40,-6.928375113018558,-15.710617599637237,8.782242486618678,-1.8415014352206938,-3.4244362848552927,-14.813054210611332,7.884679097592774
shuming_72_00000270#20,60,-2,40,-5.885380765458486,-15.124496994821182,9.239116229362697,3.179001303041643,-4.223956482688143,-13.468934689278015,7.583553923819529
shuming_72_00000270#20,60,-1,50,-3.874660902551488,-14.45923025391921,10.584569351367723,4.643401015411911,-3.677636332151413,-12.47624407259733,8.601583170045842
shuming_72_00000270#20,60,0,60,-7.075531746449485,-15.305941147429799,8.230409400980314,2.1778848139778355,-4.412990974615335,-14.101588202154034,7.026056455704548
shuming_72_00000270#20,60,1,70,-7.535132374499412,-15.91068019830108,8.375547823801668,1.9778632892471175,-4.672570077934543,-14.68831016395283,7.153177789453418
shuming_72_00000270#22,70,-2,50,-5.076560095441341,-14.761891027800159,9.685330932358818,4.364325273902634,-4.706040662235579,-12.343198113439287,7.266638017997947
shuming_72_00000270#22,70,-1,60,-1.9098716524128498,-13.841380692680161,11.931509040267311,5.97839048976433,-3.153417435068784,-9.949293839443676,8.039422187030826
shuming_72_00000270#22,70,0,70,-9.527858720938763,-14.399675250787393,4.87181652984863,-0.4106179850148157,-4.382396028815552,-12.216432753410473,2.68857403247171
shuming_72_00000270#22,70,1,80,-14.2662302576007,-18.24486127173292,3.978631014132219,-0.5969052746466259,-8.93448027584568,-19.369647862891718,5.103417605291018
shuming_72_00000270#24,180,-2,160,-3.613859272011304,-16.911648147935832,13.297788875924528,2.98686664313028,-3.751553007175161,-14.543478370906108,10.929619098894804
shuming_72_00000270#24,180,-1,170,-5.410952420075237,-18.08598361842637,12.675031198351132,2.06150710575717,-4.6232866178659835,-16.61830383539602,11.207351415320783
shuming_72_00000270#24,180,0,180,-8.069320237222911,-18.53665547301234,10.467335235789427,0.044893712961695975,-5.265041042218184,-17.845588056680484,9.776267819457573
shuming_72_00000270#24,180,1,190,-5.48481973847124,-18.2243529180217,12.739533179550461,2.2117370973744688,-4.847383927879285,-17.083836467614123,11.599016729142884
shuming_731_00000492#3,30,-2,10,-2.8816790205427187,-12.420702043785054,9.539023023242336,6.358920663527531,-5.5355603059044,-10.457843155059143,7.576164134516424
shuming_731_00000492#3,30,-1,20,1.004767801115694,-12.974674060029736,13.97944186114543,9.416871889982833,-4.7070647107012915,-9.014119873826193,10.018887674941887
shuming_731_00000492#3,30,0,30,-9.98980860126779,-16.572294245614295,6.582485644346505,2.3041315071855526,-8.588900730287492,-17.322117300200574,7.332308698932785
shuming_731_00000492#3,30,1,40,1.223411473881967,-14.34653521525563,15.569946689137597,10.816282457608542,-5.887831605560725,-10.834620955609322,12.05803242949129
shuming_731_00000492#5,0,0,0,-8.753848092070855,-13.045412650745249,4.291564558674393,0.0,0.0,-9.617760724826589,0.8639126327557332
shuming_731_00000492#5,0,1,10,-2.8910925685003788,-16.010492263082547,13.119399694582167,8.739139068809907,-2.8763835452394306,-10.264655839709265,7.373563271208886
shuming_774_00000273#3,20,-2,0,-4.683608511692646,-7.612859355646769,2.929250843954123,0.0,0.0,-9.646060100642808,4.962451588950162
shuming_774_00000273#3,20,-1,10,-6.803430248984833,-12.802373287683459,5.998943038698625,2.3855487655347,-4.505370502826887,-12.46589170825145,5.662461459266616
shuming_774_00000273#3,20,0,20,-9.858430771919219,-13.477854065691112,3.6194232937718933,-0.8754130396985587,-4.299409220528014,-13.499350191998438,3.6409194200792196
shuming_774_00000273#3,20,1,30,-11.176349063622604,-14.627506760046387,3.451157696423783,-1.6695201742748433,-4.823220377655115,-14.663851984832883,3.487502921210279
shuming_774_00000273#5,50,-2,30,1.060443552159592,-14.406489721274754,15.466933273434346,5.590863457127069,-1.5195750394656797,-9.217013594356002,10.277457146515594
shuming_774_00000273#5,50,-1,40,-0.6239895342315531,-14.095507030593048,13.471517496361495,4.247762359927764,-1.8609070286575173,-9.89547002430721,9.271480490075657
shuming_774_00000273#5,50,0,50,-8.39436413152616,-15.29282720990497,6.898463078378811,-1.71067452902391,-3.672844737000452,-14.747504561087384,6.353140429561224
shuming_774_00000273#5,50,1,60,-9.529958533712183,-15.701885032676707,6.171926498964524,-3.723122932514329,-2.795990735696056,-13.546557519700158,4.016598985987976
shuming_779_00000254#1,90,-2,70,-2.7416766745408836,-14.005718370680732,11.264041696139849,5.5457533406185,-4.176079890159604,-10.840024005475518,8.098347330934635
shuming_779_00000254#1,90,-1,80,-0.11577317156958777,-14.216992158776318,14.10121898720673,7.852052551482038,-3.856475598051847,-10.156325544697074,10.040552373127486
shuming_779_00000254#1,90,0,90,-9.607411663970652,-17.31305259913534,7.705640935164688,1.3946261371439754,-6.8906876761148474,-15.672930289759009,6.065518625788357
shuming_779_00000254#1,90,1,100,1.015950582413872,-14.350400610016848,15.36635119243072,8.831387055873043,-3.7040863484593913,-9.58553266729208,10.601483249705952
shuming_779_00000254#5,0,0,0,-8.183131487459029,-9.858294295139883,1.675162807680854,0.0,0.0,-9.435770257395278,1.2526387699362491
shuming_779_00000254#5,0,1,10,-9.977840072151073,-13.223536503390209,3.2456964312391356,-0.2793790581607265,-1.5153295265313176,-10.12565495483163,0.14781488268055654
shuming_783_00000248#0,20,-2,0,-0.6656662921911334,-8.238438267576628,7.5727719753854945,0.0,0.0,-8.795441526482602,8.129775234291468
shuming_783_00000248#0,20,-1,10,-2.599014028950881,-12.278028513629174,9.679014484678293,1.792699583968754,-3.726047320728502,-10.353831530918741,7.75481750196786
shuming_783_00000248#0,20,0,20,-7.629284659575834,-13.468072213449581,5.838787553873747,-2.8079436299503437,-4.155674737434357,-13.176661159934143,5.547376500358309
shuming_783_00000248#0,20,1,30,-9.04076304319808,-14.396196407906096,5.355433364708016,-4.225233862173102,-4.1498628888338445,-14.633719136371509,5.592956093173429
shuming_783_00000248#2,40,-2,20,-2.549921129198207,-14.234285664119538,11.68436453492133,-1.8927675143443654,-2.4738984941210287,-10.408627259779188,7.85870613058098
shuming_783_00000248#2,40,-1,30,0.6795531848803691,-13.688509959697589,14.368063144577958,1.7229382070060613,-2.860129901392879,-9.613257881896912,10.292811066777281
shuming_783_00000248#2,40,0,40,-9.457326260173167,-16.107260075636233,6.649933815463067,-6.1128440286884,-5.161227110751954,-15.441223809949804,5.983897549776637
shuming_783_00000248#2,40,1,50,-10.689626030540943,-16.904758797184687,6.215132766643745,-7.292448815330352,-5.213922094477778,-15.265113908336597,4.575487877795654
shuming_793_00000117#2,10,-1,0,-6.4570782119058805,-14.017017135021394,7.559938923115514,0.0,0.0,-9.348052414759271,2.890974202853391
shuming_793_00000117#2,10,0,10,-8.826618639472699,-14.605947014839565,5.779328375366866,0.7525913128276231,-3.1221317403944413,-11.60571255362491,2.7790939141522113
shuming_793_00000117#2,10,1,20,-2.590556991197337,-13.023363329058597,10.43280633786126,6.249933313707974,-2.3834120929994302,-7.952067446019953,5.361510454822616
shuming_825_00000172#1,130,-2,110,-1.8863904086869425,-16.691795648756855,14.805405240069913,6.695221843369304,-3.374571237647186,-13.210111292508996,11.323720883822054
shuming_825_00000172#1,130,-1,120,0.6340961000215835,-15.944261844704904,16.578357944726488,8.62806196521618,-2.7869248507855344,-11.504369202204044,12.138465302225628
shuming_825_00000172#1,130,0,130,-9.230704101136315,-19.237305451721653,10.006601350585338,1.18735512441028,-5.211018211137533,-17.55896808719289,8.328263986056577
shuming_825_00000172#1,130,1,140,-1.4818085878995735,-17.849537878063977,16.367729290164405,7.646659160725423,-3.9214267342159355,-14.061689805400079,12.579881217500505
shuming_825_00000172#2,0,0,0,-7.749866215144878,-12.578262685448788,4.82839647030391,0.0,0.0,-8.84646666657754,1.0966004514326615
shuming_825_00000172#2,0,1,10,1.121374444022889,-13.499532569366622,14.62090701338951,10.450229767870539,-1.5789891087027734,-9.160217202941768,10.281591646964657
shuming_826_00000213#2,110,-2,90,-6.072269296811989,-17.131856951787526,11.059587654975537,4.708028894074945,-4.239480369295618,-15.632557208800614,9.560287911988626
shuming_826_00000213#2,110,-1,100,-1.5586053528056212,-16.139087709752722,14.580482356947101,8.18556895324651,-3.203356484460815,-12.915182338508528,11.356576985702906
shuming_826_00000213#2,110,0,110,-8.916289349122657,-18.131190224491704,9.214900875369047,2.6545001279071454,-5.0299716554384855,-16.453287139361652,7.5369977902389955
shuming_826_00000213#2,110,1,120,0.8360947176140492,-15.326154894825098,16.162249612439147,10.068324000009367,-2.6914114608040016,-10.825636918821425,11.661731636435475
shuming_826_00000213#3,0,0,0,-7.867747938816882,-12.597254499668704,4.7295065608518225,0.0,0.0,-9.30873776486096,1.4409898260440777
shuming_826_00000213#3,0,1,10,-1.502343624074662,-14.133248043908736,12.630904419834074,8.270393597870724,-1.9049892831285042,-10.215526699991095,8.713183075916433
shuming_85_00000273#4,40,-2,20,-4.081823726626741,-14.469834526665387,10.388010800038646,4.086631388297946,-2.0548500195664383,-10.986403572989735,6.904579846362994
shuming_85_00000273#4,40,-1,30,-1.1443777889495657,-14.104514440605632,12.960136651656066,7.1099416397545845,-2.140714333345901,-10.303803435610766,9.1594256466612
shuming_85_00000273#4,40,0,40,-13.970290045370865,-15.697830175768956,1.7275401303980917,-4.330404900093505,-3.5262800499191105,-14.717119943695552,0.7468298983246875
shuming_85_00000273#4,40,1,50,-2.394837235157402,-15.733180140562013,13.33834290540461,6.932710915146716,-3.2139430549458687,-12.840561932553195,10.445724697395793
shuming_987_00000275#5,200,-2,180,-4.278874064482311,-18.74844533682753,14.469571272345219,1.071766189427958,-3.7006528249665074,-17.161400366048642,12.882526301566331
shuming_987_00000275#5,200,-1,190,-3.99772006063019,-18.932838890438095,14.935118829807905,1.3418279028901736,-3.689560534576602,-17.46757186049259,13.4698517998624
shuming_987_00000275#5,200,0,200,-9.261108884898295,-21.16609672207315,11.904987837174854,-2.6328590801943244,-4.97826237576021,-20.61412623363865,11.353017348740355
shuming_987_00000275#5,200,1,210,-8.126510462838635,-20.966508055120165,12.83999759228153,-1.5922804537663682,-4.884242580128505,-19.95204261597242,11.825532153133786
