key,image_stem,gt_id,gt_class,gt_class_name,native_area,in_86,frozen_best_same_iou,detected,cls_logit_stride8,cls_sigmoid_stride8,cls_bias_stride8,cls_feature_term,p3_norm,h_norm,p3_absmean,h_absmean,h_nearzero_frac
00000045#1,00000045,1,8,light,3068.0,0,0.906481,1,-14.0229,8.12666e-07,-9.6719,-4.3511,6.1487,25.7273,0.29085,0.9978,0.0
00000045#2,00000045,2,8,light,1105.0,0,0.707446,1,-14.5699,4.70303e-07,-9.6719,-4.898,6.5146,55.1262,0.30122,2.07208,0.0078
00000045#3,00000045,3,6,car,1248.0,0,0.867606,1,-11.9464,6.482451e-06,-9.8906,-2.0558,6.5318,48.8579,0.31803,1.73716,0.0039
00000045#6,00000045,6,10,uav,3528.0,0,0.926418,1,-19.4249,3.663e-09,-9.7969,-9.628,6.8614,45.1224,0.32583,1.5278,0.0
00000045#7,00000045,7,10,uav,3441.0,0,0.788766,1,-18.6839,7.686e-09,-9.7969,-8.887,5.9356,42.7806,0.29213,1.44018,0.0
00000057#1,00000057,1,8,light,2997.0,0,0.836579,1,-15.7942,1.38246e-07,-9.6719,-6.1224,6.4826,27.809,0.29421,1.0219,0.0
00000057#2,00000057,2,8,light,1273.0,0,0.929483,1,-16.6573,5.8322e-08,-9.6719,-6.9854,6.5097,46.0319,0.30639,1.81958,0.0
00000057#3,00000057,3,6,car,1375.0,0,0.810906,1,-15.1911,2.52699e-07,-9.8906,-5.3004,7.1211,61.2766,0.32499,2.06432,0.0
00000057#5,00000057,5,10,uav,1633.0,0,0.827673,1,-17.7549,1.946e-08,-9.7969,-7.958,6.6161,47.6148,0.31323,1.56957,0.0
00000063#1,00000063,1,8,light,3190.0,0,0.890509,1,-13.7722,1.044236e-06,-9.6719,-4.1003,6.1409,25.427,0.29161,0.97516,0.0
00000063#2,00000063,2,8,light,1311.0,0,0.909023,1,-15.5644,1.73969e-07,-9.6719,-5.8925,6.2906,45.674,0.29865,1.84719,0.0
00000063#3,00000063,3,6,car,1375.0,0,0.902969,1,-13.0161,2.224307e-06,-9.8906,-3.1254,6.5074,52.4117,0.31538,1.83802,0.0
00000063#5,00000063,5,10,uav,2496.0,0,0.811668,1,-21.5697,4.29e-10,-9.7969,-11.7728,6.6946,60.3786,0.32364,1.76196,0.0
00000095#1,00000095,1,8,light,3330.0,0,0.84886,1,-14.6704,4.25327e-07,-9.6719,-4.9985,6.0762,27.513,0.29128,1.07639,0.0
00000095#2,00000095,2,8,light,1332.0,0,0.839062,1,-14.6587,4.30337e-07,-9.6719,-4.9868,6.2274,41.3548,0.30391,1.66773,0.0
00000095#3,00000095,3,6,car,1248.0,0,0.949312,1,-15.6855,1.54131e-07,-9.8906,-5.7948,6.622,60.3223,0.31913,1.98525,0.0
00000106#1,00000106,1,8,light,2800.0,0,0.955365,1,-16.0825,1.03624e-07,-9.6719,-6.4106,6.3571,25.6206,0.29558,0.95922,0.0
00000106#2,00000106,2,8,light,1817.0,0,0.714753,1,-9.5589,7.0562855e-05,-9.6719,0.1129,6.1993,39.6716,0.29564,1.65795,0.0
00000106#3,00000106,3,6,car,1508.0,0,0.781279,1,-13.8966,9.2211e-07,-9.8906,-4.006,6.6149,49.793,0.3177,1.81616,0.0
00000106#5,00000106,5,0,person,1944.0,0,0.937454,1,-24.3791,2.6e-11,-9.7188,-14.6604,6.8518,41.9188,0.31409,1.47323,0.0078
00000123#1,00000123,1,8,light,2448.0,0,0.812377,1,-16.003,1.122e-07,-9.6719,-6.3311,6.3201,25.7032,0.29475,1.00442,0.0
00000123#2,00000123,2,8,light,1045.0,0,0.589697,1,-22.77,1.29e-10,-9.6719,-13.0981,6.527,47.448,0.30541,1.50899,0.0
00000123#3,00000123,3,0,person,2496.0,0,0.824048,1,-18.5149,9.101e-09,-9.7188,-8.7962,7.8294,38.4827,0.35809,1.67139,0.0
00000123#5,00000123,5,6,car,1375.0,0,0.611675,1,-10.7852,2.0704217e-05,-9.8906,-0.8945,8.5382,34.0465,0.3413,1.34787,0.0
00000171#0,00000171,0,0,person,1472.0,0,0.904381,1,-22.9715,1.06e-10,-9.7188,-13.2527,6.5639,46.8027,0.30143,1.48833,0.0
00000180#0,00000180,0,0,person,1608.0,0,0.921681,1,-22.5271,1.65e-10,-9.7188,-12.8083,6.4353,47.1508,0.29958,1.41983,0.0
00000234#1,00000234,1,0,person,1334.0,0,0.88784,1,-23.3849,7e-11,-9.7188,-13.6661,7.1598,56.061,0.31555,1.6238,0.0
00000257#0,00000257,0,10,uav,1121.0,0,0.814735,1,-21.0452,7.25e-10,-9.7969,-11.2484,8.9022,93.7,0.35178,2.51933,0.0039
00000271#0,00000271,0,10,uav,1479.0,0,0.800071,1,-16.2601,8.6762e-08,-9.7969,-6.4632,8.3426,77.7347,0.34031,2.2503,0.0
00000271#1,00000271,1,10,uav,1710.0,0,0.791863,1,-18.5306,8.959e-09,-9.7969,-8.7337,7.294,58.4459,0.33103,1.81452,0.0
00000273#0,00000273,0,10,uav,1122.0,0,0.0,0,-12.9944,2.273091e-06,-9.7969,-3.1975,7.1279,42.1213,0.32488,1.75116,0.0
00000273#1,00000273,1,10,uav,1248.0,0,0.815651,1,-11.3116,1.2230641e-05,-9.7969,-1.5147,7.5256,45.7689,0.33587,1.92367,0.0
000002_080_00000048#0,000002_080_00000048,0,6,car,7638.0,0,0.677821,1,-4.022,0.017602352647,-9.8906,5.8687,6.6696,49.1238,0.31373,1.97729,0.0
000002_083_00000169#0,000002_083_00000169,0,4,sign,1947.0,1,0.0,0,-16.4381,7.2615e-08,-9.8516,-6.5865,5.8909,42.2557,0.29401,1.75348,0.0
000002_083_00000169#1,000002_083_00000169,1,5,bicycle,2700.0,1,0.0,0,-17.4257,2.7046e-08,-9.8438,-7.582,6.0242,40.1864,0.2934,1.6319,0.0
000002_083_00000169#2,000002_083_00000169,2,6,car,3520.0,0,0.879253,1,-1.289,0.216019771577,-9.8906,8.6016,8.2975,56.8748,0.36124,2.16904,0.0234
00000346#0,00000346,0,10,uav,4800.0,0,0.776072,1,-16.5139,6.7313e-08,-9.7969,-6.717,6.0973,36.0533,0.30567,1.39537,0.0
00000364#0,00000364,0,0,person,2759.0,0,0.612848,1,-21.334,5.43e-10,-9.7188,-11.6152,5.737,31.4805,0.28868,1.31655,0.0
00000396#0,00000396,0,0,person,1512.0,0,0.873033,1,-19.9398,2.189e-09,-9.7188,-10.221,5.8357,38.966,0.2916,1.26896,0.0
00000399#0,00000399,0,0,person,1092.0,0,0.925509,1,-22.8405,1.2e-10,-9.7188,-13.1217,7.2935,64.2114,0.31654,1.70905,0.0
000003_081_00000171#10,000003_081_00000171,10,3,seat,9042.0,0,0.619672,1,1.5688,0.827619270499,-9.8516,11.4204,7.0924,52.7658,0.32159,1.89024,0.0469
000003_081_00000171#11,000003_081_00000171,11,3,seat,9159.0,0,0.841696,1,-14.6607,4.29486e-07,-9.8516,-4.8091,7.934,55.6398,0.33531,1.8831,0.0039
00000426#0,00000426,0,10,uav,8050.0,0,0.717131,1,-17.7798,1.8982e-08,-9.7969,-7.9829,6.0475,35.5009,0.29271,1.41101,0.0
00000506#0,00000506,0,10,uav,1353.0,0,0.564075,1,-2.8856,0.052870869567,-9.7969,6.9113,9.8218,57.7944,0.35564,2.20881,0.0
000005_004_00000286#4,000005_004_00000286,4,9,garbage_can,7140.0,0,0.723265,1,2.0981,0.890717693482,-9.7266,11.8247,8.807,63.8592,0.3644,2.16751,0.043
000005_006_00000001#1,000005_006_00000001,1,0,person,7261.0,0,0.67697,1,-9.2957,9.1810641e-05,-9.7188,0.4231,7.0823,50.6274,0.31545,1.83685,0.0
000005_006_00000001#2,000005_006_00000001,2,0,person,2976.0,0,0.666587,1,-11.8938,6.832806e-06,-9.7188,-2.175,7.3795,42.5861,0.3319,1.73775,0.0
000005_019_00000209#0,000005_019_00000209,0,0,person,4995.0,0,0.604288,1,1.5655,0.827147733165,-9.7188,11.2843,8.1197,45.3949,0.35239,1.57691,0.0195
000005_019_00000209#1,000005_019_00000209,1,0,person,3432.0,0,0.566846,1,-1.5153,0.180153846094,-9.7188,8.2034,6.7637,39.784,0.30259,1.52611,0.0117
000005_019_00000209#2,000005_019_00000209,2,0,person,4847.0,0,0.609248,1,0.9096,0.712916404336,-9.7188,10.6283,7.3625,49.6504,0.33259,1.66729,0.0078
000005_027_00000493#1,000005_027_00000493,1,0,person,4275.0,0,0.583697,1,-16.3223,8.153e-08,-9.7188,-6.6035,7.513,65.2178,0.32248,2.0629,0.0
000005_027_00000493#2,000005_027_00000493,2,0,person,4216.0,0,0.829888,1,2.7096,0.937592000899,-9.7188,12.4284,10.3746,51.6398,0.36571,1.79829,0.0508
000005_027_00000493#3,000005_027_00000493,3,0,person,6270.0,0,0.76078,1,-17.0542,3.9216e-08,-9.7188,-7.3354,7.1141,61.9396,0.32108,1.91012,0.0
000005_027_00000493#4,000005_027_00000493,4,0,person,2530.0,0,0.682601,1,0.998,0.730655629989,-9.7188,10.7167,6.6456,45.2991,0.31063,1.64765,0.0195
000005_027_00000493#5,000005_027_00000493,5,5,bicycle,2538.0,0,0.72764,1,-1.9639,0.12304821205,-9.8438,7.8799,6.4857,55.182,0.30463,2.06408,0.0
000005_027_00000493#6,000005_027_00000493,6,5,bicycle,2052.0,0,0.70451,1,2.0688,0.887836361238,-9.8438,11.9126,6.5036,57.9635,0.30585,2.07155,0.0234
000005_027_00000493#7,000005_027_00000493,7,5,bicycle,3053.0,0,0.782596,1,1.8201,0.86058119494,-9.8438,11.6639,7.7354,58.9169,0.33256,2.05886,0.0312
000005_027_00000493#8,000005_027_00000493,8,9,garbage_can,7776.0,0,0.0,0,-10.6026,2.4849531e-05,-9.7266,-0.8761,5.7529,38.1586,0.29409,1.63498,0.0
000005_028_00000001#2,000005_028_00000001,2,0,person,8925.0,0,0.764015,1,-12.8852,2.535414e-06,-9.7188,-3.1664,6.6123,49.5078,0.31576,1.81622,0.0039
000005_028_00000163#2,000005_028_00000163,2,0,person,3900.0,0,0.620249,1,0.4804,0.617850901287,-9.7188,10.1992,7.358,53.0858,0.3264,1.77026,0.0156
00000618#2,00000618,2,0,person,1232.0,0,0.78021,1,-21.3123,5.55e-10,-9.7188,-11.5936,6.7032,48.5656,0.31552,1.32137,0.0
000006_010_00000389#4,000006_010_00000389,4,1,boat,7239.0,0,0.853305,1,-10.7196,2.2106518e-05,-9.75,-0.9696,7.3256,42.4604,0.32861,1.63567,0.0
000006_011_00000307#3,000006_011_00000307,3,2,animal,3185.0,0,0.757493,1,2.4075,0.917394921782,-9.7578,12.1653,8.0905,54.1766,0.33942,2.0904,0.0273
000006_011_00000409#8,000006_011_00000409,8,2,animal,4158.0,0,0.881099,1,-0.1313,0.467219234689,-9.7578,9.6265,6.4975,44.6641,0.29958,1.7201,0.0273
000006_011_00000409#10,000006_011_00000409,10,2,animal,6060.0,1,0.0,0,-12.7499,2.902525e-06,-9.7578,-2.9921,6.1767,34.6489,0.29877,1.4487,0.0
000006_012_00000001#3,000006_012_00000001,3,0,person,4240.0,0,0.23197,0,-10.1146,4.0482543e-05,-9.7188,-0.3958,6.9372,42.5238,0.3109,1.60691,0.0039
000006_012_00000001#6,000006_012_00000001,6,0,person,6258.0,0,0.0,0,-15.61,1.6621e-07,-9.7188,-5.8913,5.7478,26.2238,0.29653,1.05858,0.0
000006_012_00000001#11,000006_012_00000001,11,0,person,7544.0,0,0.799529,1,-11.9186,6.66555e-06,-9.7188,-2.1998,6.4073,40.6573,0.31078,1.5659,0.0
000006_012_00000001#12,000006_012_00000001,12,9,garbage_can,3538.0,0,0.766654,1,-1.5048,0.181710167993,-9.7266,8.2218,8.0417,72.0372,0.36034,2.23838,0.0742
000008_003_00000235#1,000008_003_00000235,1,0,person,8820.0,0,0.680229,1,-1.769,0.14566162285,-9.7188,7.9497,7.8848,46.5344,0.33262,1.66308,0.0
000008_003_00000235#2,000008_003_00000235,2,0,person,6762.0,0,0.785382,1,-8.4629,0.000211113403,-9.7188,1.2558,8.3548,49.6105,0.35051,1.7326,0.0
000008_003_00000235#3,000008_003_00000235,3,0,person,8468.0,0,0.783263,1,-6.2221,0.001981051291,-9.7188,3.4966,6.3838,39.4882,0.30493,1.51725,0.0
000008_003_00000235#4,000008_003_00000235,4,0,person,7052.0,0,0.6888,1,-11.1105,1.4953904e-05,-9.7188,-1.3918,7.2419,51.3502,0.33256,1.81119,0.0
000008_003_00000235#5,000008_003_00000235,5,0,person,7504.0,0,0.838049,1,0.1392,0.534748239611,-9.7188,9.858,6.6618,51.1596,0.32541,1.68733,0.0078
000008_003_00000235#10,000008_003_00000235,10,0,person,7068.0,0,0.720573,1,-11.8529,7.117538e-06,-9.7188,-2.1342,7.3512,50.8707,0.32228,1.78329,0.0
000008_003_00000235#11,000008_003_00000235,11,8,light,1736.0,0,0.773687,1,2.106,0.891481008395,-9.6719,11.7778,11.2939,62.977,0.39847,2.12425,0.0742
000008_003_00000352#1,000008_003_00000352,1,0,person,7076.0,0,0.784847,1,1.634,0.836722310348,-9.7188,11.3528,8.2069,51.9803,0.33365,1.72268,0.0117
000008_003_00000352#3,000008_003_00000352,3,0,person,9050.0,0,0.762813,1,-21.7543,3.57e-10,-9.7188,-12.0356,6.3309,43.8797,0.3067,1.62946,0.0
000008_003_00000352#5,000008_003_00000352,5,0,person,8370.0,0,0.804689,1,-19.4235,3.669e-09,-9.7188,-9.7047,7.2467,58.6141,0.32728,1.70538,0.0039
000008_003_00000352#7,000008_003_00000352,7,0,person,8496.0,0,0.937903,1,-16.5522,6.4787e-08,-9.7188,-6.8334,7.0817,50.9299,0.32561,1.75054,0.0039
000008_003_00000352#8,000008_003_00000352,8,0,person,7772.0,0,0.70849,1,-2.2033,0.099457315266,-9.7188,7.5155,7.8777,45.748,0.34175,1.6248,0.0039
000008_003_00000352#9,000008_003_00000352,9,0,person,8030.0,0,0.79925,1,-4.2696,0.013794761107,-9.7188,5.4492,7.6802,48.6617,0.34143,1.69362,0.0117
000008_003_00000352#10,000008_003_00000352,10,0,person,7320.0,0,0.829339,1,-3.9177,0.019499313648,-9.7188,5.8011,6.9619,50.3342,0.32412,1.81431,0.0
000008_003_00000352#12,000008_003_00000352,12,0,person,6664.0,0,0.877402,1,-6.8952,0.001011649778,-9.7188,2.8236,7.7167,43.7078,0.33793,1.58071,0.0
000008_003_00000352#13,000008_003_00000352,13,8,light,1922.0,0,0.800534,1,2.1311,0.89388809503,-9.6719,11.803,10.253,61.3413,0.37475,2.11757,0.0508
000008_003_00000469#0,000008_003_00000469,0,2,animal,8904.0,0,0.750425,1,-17.494,2.5261e-08,-9.7578,-7.7362,6.1455,55.0009,0.31259,1.96246,0.0039
000008_003_00000469#1,000008_003_00000469,1,0,person,7740.0,0,0.787851,1,0.1597,0.539848277268,-9.7188,9.8785,7.7937,46.145,0.33176,1.60646,0.0039
000008_003_00000469#2,000008_003_00000469,2,0,person,6784.0,0,0.761951,1,-3.3108,0.035203928674,-9.7188,6.408,6.7381,47.9996,0.32306,1.69423,0.0
000008_003_00000469#3,000008_003_00000469,3,0,person,8460.0,0,0.533772,1,-11.9935,6.184149e-06,-9.7188,-2.2748,6.3534,39.9012,0.3155,1.48459,0.0
000008_003_00000469#4,000008_003_00000469,4,0,person,9120.0,0,0.772594,1,-6.1653,0.00209678462,-9.7188,3.5535,5.6554,34.8877,0.28326,1.39948,0.0
000008_003_00000469#6,000008_003_00000469,6,0,person,8874.0,0,0.886225,1,-17.1113,3.7038e-08,-9.7188,-7.3926,7.6435,62.7319,0.33755,1.94739,0.0
000008_003_00000469#9,000008_003_00000469,9,0,person,3577.0,0,0.819665,1,2.0924,0.890160956759,-9.7188,11.8111,9.8964,54.6182,0.35979,1.88664,0.0273
000008_003_00000469#10,000008_003_00000469,10,8,light,2100.0,0,0.760858,1,2.1383,0.894571817474,-9.6719,11.8102,10.9838,62.3855,0.39468,2.09263,0.0625
000008_004_00000665#2,000008_004_00000665,2,0,person,3744.0,0,0.846844,1,2.0767,0.888619361609,-9.7188,11.7955,8.4472,59.9031,0.3324,1.93322,0.0625
000008_004_00000665#4,000008_004_00000665,4,0,person,4992.0,0,0.845315,1,-8.4383,0.000216362228,-9.7188,1.2804,7.2699,42.9455,0.31544,1.70677,0.0
000008_004_00000665#11,000008_004_00000665,11,0,person,6407.0,0,0.886899,1,-13.5274,1.333935e-06,-9.7188,-3.8086,6.9267,50.7816,0.31548,1.90288,0.0
000008_004_00000665#12,000008_004_00000665,12,0,person,6380.0,0,0.785139,1,-4.5272,0.010695084561,-9.7188,5.1915,6.6462,43.75,0.30426,1.54931,0.0
000008_004_00000665#13,000008_004_00000665,13,0,person,3738.0,0,0.808346,1,1.9934,0.880103443746,-9.7188,11.7122,8.4049,50.8042,0.33505,1.71008,0.0078
000008_013_00000195#1,000008_013_00000195,1,0,person,8120.0,0,0.834785,1,-24.5961,2.1e-11,-9.7188,-14.8774,7.7836,69.7987,0.33555,1.86447,0.0
000008_013_00000195#2,000008_013_00000195,2,0,person,6804.0,0,0.872744,1,-1.4904,0.183855639695,-9.7188,8.2283,7.3587,44.9137,0.32615,1.67497,0.0
000008_042_00000273#1,000008_042_00000273,1,2,animal,4757.0,0,0.859522,1,-7.9841,0.000340722703,-9.7578,1.7737,6.548,52.2474,0.31564,1.92184,0.0
000008_045_00000001#0,000008_045_00000001,0,2,animal,5390.0,0,0.916636,1,0.1179,0.529441591057,-9.7578,9.8757,8.4108,44.4736,0.35287,1.7378,0.0
000008_045_00000001#2,000008_045_00000001,2,2,animal,7546.0,0,0.931636,1,-16.5733,6.343e-08,-9.7578,-6.8155,6.9882,67.4199,0.32258,2.14051,0.0
000008_045_00000001#3,000008_045_00000001,3,2,animal,1681.0,0,0.80471,1,1.9953,0.880305769761,-9.7578,11.7531,8.8005,52.5033,0.35657,1.96161,0.0195
000008_045_00000157#0,000008_045_00000157,0,2,animal,9108.0,0,0.888376,1,-15.9773,1.1512e-07,-9.7578,-6.2195,7.0472,58.248,0.30521,1.97835,0.0
000008_045_00000157#4,000008_045_00000157,4,2,animal,1862.0,0,0.784714,1,1.7141,0.847362121639,-9.7578,11.4719,8.9932,50.5611,0.35936,1.92824,0.0117
000008_048_00000361#3,000008_048_00000361,3,2,animal,4851.0,0,0.915257,1,-0.6353,0.346317164396,-9.7578,9.1225,8.154,46.5916,0.35121,1.87535,0.0
000008_048_00000361#4,000008_048_00000361,4,2,animal,3840.0,0,0.756018,1,1.7036,0.846007303684,-9.7578,11.4614,8.814,49.9261,0.35817,1.85851,0.0312
000008_048_00000361#5,000008_048_00000361,5,2,animal,3382.0,0,0.619501,1,0.232,0.557746505129,-9.7578,9.9898,8.7196,45.1495,0.34724,1.67113,0.0
000009_008_00000241#3,000009_008_00000241,3,0,person,9163.0,0,0.918515,1,-15.8317,1.33164e-07,-9.7188,-6.1129,6.5221,56.0949,0.30324,1.89974,0.0
000009_008_00000241#5,000009_008_00000241,5,0,person,7848.0,0,0.876696,1,-7.181,0.000760297409,-9.7188,2.5377,7.4175,46.2202,0.33101,1.71782,0.0039
000009_008_00000241#6,000009_008_00000241,6,0,person,3096.0,0,0.779779,1,-5.0146,0.006596592614,-9.7188,4.7042,6.2409,44.1116,0.30729,1.60614,0.0078
000009_008_00000241#7,000009_008_00000241,7,0,person,7965.0,0,0.867792,1,-5.8471,0.002880056494,-9.7188,3.8717,6.6551,42.1932,0.32038,1.54713,0.0
000009_008_00000241#9,000009_008_00000241,9,0,person,8256.0,0,0.697499,1,-8.4745,0.000208678246,-9.7188,1.2442,5.7,31.6781,0.28322,1.19354,0.0
000009_033_00000333#1,000009_033_00000333,1,0,person,2325.0,0,0.785774,1,1.3035,0.786419623119,-9.7188,11.0222,8.8129,49.5369,0.34433,1.76405,0.0234
000009_033_00000333#2,000009_033_00000333,2,0,person,4387.0,0,0.916562,1,2.2306,0.902961635315,-9.7188,11.9493,8.7772,54.5177,0.33343,1.80943,0.043
000009_033_00000333#3,000009_033_00000333,3,0,person,3990.0,0,0.785708,1,2.188,0.89916652145,-9.7188,11.9067,8.7953,52.636,0.33946,1.78419,0.0391
000009_033_00000333#4,000009_033_00000333,4,0,person,4429.0,0,0.838063,1,2.1928,0.899601043672,-9.7188,11.9115,9.2769,53.9733,0.35548,1.81583,0.0508
000009_033_00000333#6,000009_033_00000333,6,3,seat,5760.0,0,0.853187,1,-18.0551,1.4414e-08,-9.8516,-8.2035,7.7367,46.2682,0.32713,1.9186,0.0039
000012_008_00000163#3,000012_008_00000163,3,2,animal,7038.0,0,0.883272,1,-5.318,0.004878629758,-9.7578,4.4398,7.2841,45.3658,0.32563,1.81002,0.0039
000012_008_00000163#4,000012_008_00000163,4,2,animal,5445.0,0,0.742455,1,-11.8533,7.114634e-06,-9.7578,-2.0955,6.8938,54.3522,0.30658,1.93597,0.0
000012_008_00000163#5,000012_008_00000163,5,2,animal,4888.0,0,0.940998,1,1.273,0.78125354377,-9.7578,11.0308,6.8908,46.7033,0.30459,1.85178,0.0117
000012_008_00000163#6,000012_008_00000163,6,2,animal,6816.0,0,0.908565,1,-1.4205,0.194578310274,-9.7578,8.3373,7.7169,46.3828,0.33456,1.87018,0.0
000012_008_00000163#8,000012_008_00000163,8,2,animal,8200.0,0,0.657818,1,-8.0914,0.000306081963,-9.7578,1.6665,6.4387,48.7513,0.307,1.9308,0.0
000012_008_00000163#10,000012_008_00000163,10,2,animal,2088.0,0,0.739047,1,0.0583,0.514574212766,-9.7578,9.8161,7.623,46.8119,0.33813,1.81804,0.0078
000012_008_00000163#11,000012_008_00000163,11,2,animal,2820.0,0,0.733447,1,0.9072,0.712417251934,-9.7578,10.665,7.1964,49.4604,0.30564,1.89877,0.043
000012_008_00000163#12,000012_008_00000163,12,2,animal,2961.0,0,0.57887,1,-6.236,0.001953812915,-9.7578,3.5218,6.7037,46.0483,0.31665,1.89803,0.0156
000012_008_00000163#13,000012_008_00000163,13,2,animal,1554.0,1,0.0,0,-18.5495,8.791e-09,-9.7578,-8.7917,7.3946,55.6445,0.33392,2.13731,0.0
000012_008_00000163#14,000012_008_00000163,14,2,animal,1125.0,1,0.0,0,-16.4881,6.9076e-08,-9.7578,-6.7302,6.0777,48.9016,0.29136,2.0239,0.0
000012_009_00000244#1,000012_009_00000244,1,2,animal,8664.0,0,0.8398,1,-17.5887,2.2978e-08,-9.7578,-7.8309,6.5631,65.8645,0.30477,2.18964,0.0
000012_009_00000244#3,000012_009_00000244,3,2,animal,7375.0,0,0.706534,1,-27.6073,1e-12,-9.7578,-17.8495,6.8918,93.7017,0.30756,2.56464,0.0078
000012_009_00000244#4,000012_009_00000244,4,2,animal,4278.0,0,0.846328,1,1.5958,0.831429678762,-9.7578,11.3536,8.7578,50.9652,0.33924,1.94456,0.0195
000012_009_00000244#5,000012_009_00000244,5,2,animal,4650.0,0,0.936483,1,2.584,0.929826439576,-9.7578,12.3418,9.575,54.6052,0.35989,2.09795,0.0352
000012_009_00000244#6,000012_009_00000244,6,2,animal,2088.0,0,0.827583,1,0.6909,0.666164315598,-9.7578,10.4487,9.1288,48.7589,0.37525,1.90104,0.0195
000012_009_00000244#7,000012_009_00000244,7,2,animal,1612.0,0,0.707677,1,1.4942,0.81671065111,-9.7578,11.252,6.8474,52.2431,0.31622,2.00557,0.0391
000012_009_00000244#8,000012_009_00000244,8,2,animal,1280.0,0,0.631112,1,1.6749,0.842232341313,-9.7578,11.4327,7.3117,52.435,0.32487,1.98032,0.0352
000012_009_00000244#9,000012_009_00000244,9,2,animal,1716.0,0,0.720517,1,1.3643,0.796464282879,-9.7578,11.1222,6.6402,49.8788,0.30832,1.88671,0.0273
000012_009_00000244#10,000012_009_00000244,10,2,animal,4015.0,0,0.814341,1,1.1014,0.75051990188,-9.7578,10.8592,7.044,47.8612,0.3126,1.87478,0.0234
000012_009_00000244#11,000012_009_00000244,11,2,animal,1860.0,0,0.728401,1,1.9353,0.87383350934,-9.7578,11.6931,9.5181,51.2506,0.36578,1.96532,0.0234
000012_009_00000244#12,000012_009_00000244,12,2,animal,1450.0,0,0.640566,1,1.6004,0.832077343989,-9.7578,11.3582,8.2365,49.7948,0.33335,1.91489,0.0312
000012_009_00000244#13,000012_009_00000244,13,2,animal,2016.0,0,0.847764,1,-8.6048,0.000183196536,-9.7578,1.153,6.9037,53.01,0.31382,2.09477,0.0273
000012_009_00000244#14,000012_009_00000244,14,2,animal,1232.0,0,0.0,0,-9.4092,8.1956595e-05,-9.7578,0.3486,7.0877,51.161,0.33329,2.04014,0.0
000012_009_00000325#3,000012_009_00000325,3,2,animal,8911.0,0,0.817418,1,-17.4747,2.5752e-08,-9.7578,-7.7169,7.104,63.1472,0.33053,2.02716,0.0039
000012_009_00000325#4,000012_009_00000325,4,2,animal,3763.0,0,0.815535,1,2.1757,0.898049462744,-9.7578,11.9335,7.5438,53.9591,0.33006,2.0749,0.0391
000012_009_00000325#5,000012_009_00000325,5,2,animal,4356.0,0,0.648695,1,-2.7971,0.057483150845,-9.7578,6.9608,6.7053,49.252,0.30238,1.98562,0.0117
000012_009_00000325#6,000012_009_00000325,6,2,animal,3075.0,0,0.570102,1,1.6429,0.83793180839,-9.7578,11.4007,7.4386,49.2104,0.32169,1.91532,0.0273
000012_009_00000325#7,000012_009_00000325,7,2,animal,1776.0,0,0.818874,1,0.8921,0.709324597358,-9.7578,10.6499,8.9862,47.7411,0.33545,1.86928,0.0
000012_009_00000325#8,000012_009_00000325,8,2,animal,1440.0,0,0.178653,0,-7.2069,0.000740922082,-9.7578,2.5509,6.8694,42.1806,0.31627,1.77168,0.0
000012_009_00000325#9,000012_009_00000325,9,2,animal,1218.0,0,0.810128,1,1.3213,0.789397995556,-9.7578,11.0791,7.5891,48.5852,0.32925,1.90609,0.0117
000012_009_00000325#11,000012_009_00000325,11,2,animal,2482.0,0,0.847747,1,1.5984,0.831787988838,-9.7578,11.3562,8.8703,48.854,0.34225,1.90977,0.0195
000012_009_00000325#12,000012_009_00000325,12,2,animal,1892.0,0,0.578738,1,1.0532,0.741392160211,-9.7578,10.811,7.4738,51.7139,0.31456,1.94453,0.0312
000012_009_00000325#14,000012_009_00000325,14,2,animal,2684.0,0,0.665791,1,-5.6249,0.003594097763,-9.7578,4.133,6.5385,49.8395,0.30308,2.11351,0.0273
000012_009_00000325#15,000012_009_00000325,15,2,animal,2145.0,0,0.436027,0,-3.6571,0.025157946977,-9.7578,6.1007,6.812,45.8652,0.30906,1.86919,0.0195
000012_009_00000325#16,000012_009_00000325,16,2,animal,3397.0,0,0.668831,1,-3.6571,0.025157946977,-9.7578,6.1007,6.812,45.8652,0.30906,1.86919,0.0195
000012_014_00000184#0,000012_014_00000184,0,2,animal,3870.0,0,0.0,0,-13.1391,1.966799e-06,-9.7578,-3.3813,6.6188,43.68,0.31176,1.91437,0.0
000012_014_00000184#1,000012_014_00000184,1,2,animal,5712.0,0,0.732461,1,-11.8785,6.938103e-06,-9.7578,-2.1207,6.6626,43.0753,0.31319,1.76127,0.0
000012_014_00000184#3,000012_014_00000184,3,2,animal,2958.0,0,0.0,0,-11.0813,1.5397907e-05,-9.7578,-1.3235,7.2581,44.9081,0.3228,1.68726,0.0195
000012_019_00000151#1,000012_019_00000151,1,2,animal,6832.0,0,0.72191,1,3.0456,0.954592389365,-9.7578,12.8034,7.7814,59.1459,0.3303,2.24254,0.0391
000012_019_00000151#2,000012_019_00000151,2,2,animal,1554.0,0,0.736539,1,-1.4869,0.184391729564,-9.7578,8.2709,6.8061,44.019,0.31724,1.7237,0.0039
000012_019_00000151#4,000012_019_00000151,4,0,person,2397.0,1,0.0,0,-17.5783,2.3219e-08,-9.7188,-7.8595,6.1894,32.3054,0.30146,1.30321,0.0
000012_019_00000151#5,000012_019_00000151,5,0,person,1763.0,1,0.0,0,-22.8027,1.25e-10,-9.7188,-13.084,6.7233,46.3773,0.31816,1.9836,0.0
000012_022_00000090#0,000012_022_00000090,0,2,animal,7400.0,1,0.0,0,-18.2709,1.1616e-08,-9.7578,-8.5131,5.5928,28.4013,0.28325,1.1688,0.0
000012_022_00000090#1,000012_022_00000090,1,2,animal,2280.0,1,0.0,0,-19.298,4.159e-09,-9.7578,-9.5402,6.0955,34.2073,0.29864,1.35499,0.0
000012_025_00000313#1,000012_025_00000313,1,4,sign,1120.0,0,0.0,0,-8.3632,0.000233237016,-9.8516,1.4883,7.3022,51.9589,0.3391,2.18308,0.0078
000012_025_00000313#2,000012_025_00000313,2,4,sign,1360.0,0,0.866892,1,-5.9699,0.002547934373,-9.8516,3.8816,8.105,53.6333,0.35746,2.21295,0.0078
000012_025_00000313#3,000012_025_00000313,3,2,animal,1368.0,1,0.0,0,-16.3655,7.8084e-08,-9.7578,-6.6077,7.8312,45.8238,0.3546,1.8706,0.0
000012_025_00000313#4,000012_025_00000313,4,2,animal,1054.0,0,0.81879,1,-6.0254,0.002410756254,-9.7578,3.7324,6.9793,49.4377,0.32109,2.06561,0.0195
000012_025_00000313#5,000012_025_00000313,5,2,animal,1520.0,0,0.0,0,-18.5228,9.029e-09,-9.7578,-8.765,6.3336,33.6828,0.30268,1.40593,0.0
000012_025_00000313#6,000012_025_00000313,6,2,animal,1032.0,1,0.0,0,-16.3854,7.6547e-08,-9.7578,-6.6275,6.646,48.6483,0.31973,2.10451,0.0
000012_028_00000250#0,000012_028_00000250,0,2,animal,7802.0,0,0.938371,1,-18.3276,1.0975e-08,-9.7578,-8.5698,6.8228,58.1793,0.32358,1.84988,0.0
000012_028_00000250#1,000012_028_00000250,1,2,animal,6500.0,0,0.934579,1,-4.4583,0.011449087038,-9.7578,5.2995,8.5753,46.546,0.34607,1.92425,0.0039
000013_001_00000001#1,000013_001_00000001,1,2,animal,3519.0,0,0.885223,1,2.31,0.909704161571,-9.7578,12.0678,9.6534,55.4224,0.37603,2.12399,0.0273
000013_001_00000001#2,000013_001_00000001,2,2,animal,3657.0,0,0.891601,1,2.1805,0.89848190541,-9.7578,11.9383,8.6582,54.5243,0.35859,2.07382,0.0273
000013_001_00000001#3,000013_001_00000001,3,2,animal,3484.0,0,0.718993,1,1.6308,0.836280149142,-9.7578,11.3886,7.8046,49.0968,0.33836,1.91077,0.0273
000013_002_00000281#1,000013_002_00000281,1,2,animal,2772.0,0,0.844092,1,2.234,0.903264795319,-9.7578,11.9919,9.0534,57.6741,0.36317,2.1337,0.0273
000013_002_00000281#2,000013_002_00000281,2,2,animal,4316.0,0,0.782291,1,-4.9586,0.00697372455,-9.7578,4.7992,6.4886,45.9551,0.30963,1.86487,0.0
000013_002_00000281#3,000013_002_00000281,3,2,animal,2132.0,0,0.633179,1,1.2412,0.775767094097,-9.7578,10.999,7.8667,53.1307,0.3297,2.03473,0.0234
000013_023_00000075#1,000013_023_00000075,1,2,animal,6300.0,0,0.415405,0,-1.1825,0.234606261598,-9.7578,8.5753,7.186,50.645,0.32227,2.00628,0.0195
000013_023_00000075#2,000013_023_00000075,2,2,animal,7392.0,0,0.0,0,-16.9442,4.3774e-08,-9.7578,-7.1864,6.4511,49.8104,0.31033,2.19114,0.0
000013_025_00000285#0,000013_025_00000285,0,2,animal,1872.0,0,0.693802,1,0.6873,0.665363420851,-9.7578,10.4451,9.0568,51.2977,0.36259,1.89681,0.0312
000013_025_00000285#1,000013_025_00000285,1,2,animal,6075.0,0,0.771907,1,0.0028,0.50069498971,-9.7578,9.7606,7.7475,51.1539,0.33678,1.99247,0.0
000013_025_00000285#2,000013_025_00000285,2,2,animal,2537.0,0,0.817044,1,2.3181,0.910360971726,-9.7578,12.0759,9.4873,54.0448,0.34805,2.07156,0.0273
000013_030_00000063#0,000013_030_00000063,0,4,sign,2880.0,0,0.786438,1,-1.4968,0.182902216708,-9.8516,8.3548,7.404,55.3215,0.31816,2.08843,0.0352
000013_030_00000063#1,000013_030_00000063,1,2,animal,7800.0,0,0.916239,1,-14.2021,6.79398e-07,-9.7578,-4.4442,5.7199,35.2858,0.2819,1.45461,0.0
000013_039_00000063#0,000013_039_00000063,0,0,person,3960.0,0,0.818303,1,2.0642,0.887375121852,-9.7188,11.783,8.4142,52.9727,0.33261,1.79594,0.0352
000013_039_00000063#1,000013_039_00000063,1,0,person,3492.0,0,0.852206,1,2.339,0.912055888092,-9.7188,12.0577,7.1748,61.0616,0.30927,1.9882,0.0625
000013_039_00000063#3,000013_039_00000063,3,9,garbage_can,2590.0,0,0.817445,1,2.4054,0.917236944963,-9.7266,12.1319,10.7738,60.9298,0.37193,2.07695,0.0547
000013_039_00000063#5,000013_039_00000063,5,3,seat,1320.0,0,0.0,0,-18.0305,1.4772e-08,-9.8516,-8.179,6.0983,32.1787,0.30517,1.36674,0.0
000013_040_suppl_00000167#0,000013_040_suppl_00000167,0,6,car,8775.0,0,0.64697,1,-17.4379,2.6718e-08,-9.8906,-7.5473,6.0406,46.2076,0.29777,1.81203,0.0
000013_040_suppl_00000333#1,000013_040_suppl_00000333,1,6,car,6678.0,0,0.0,0,-15.8211,1.34579e-07,-9.8906,-5.9305,6.4407,44.1045,0.30125,1.63597,0.0
000013_040_suppl_00000333#3,000013_040_suppl_00000333,3,0,person,7595.0,0,0.940212,1,-9.2775,9.3500116e-05,-9.7188,0.4413,7.4419,58.7804,0.33935,1.95949,0.0078
000013_040_suppl_00000333#4,000013_040_suppl_00000333,4,9,garbage_can,1071.0,0,0.783193,1,-7.441,0.000586360908,-9.7266,2.2856,7.9856,48.3164,0.34688,1.7269,0.0117
000013_044_00000001#0,000013_044_00000001,0,8,light,2072.0,0,0.765709,1,-1.3632,0.203722381941,-9.6719,8.3087,9.2602,49.0917,0.35179,1.90045,0.0156
000013_044_00000001#1,000013_044_00000001,1,2,animal,3828.0,0,0.702447,1,-8.9089,0.000135165495,-9.7578,0.8489,8.1519,43.7467,0.35097,1.81036,0.0078
000013_044_00000001#2,000013_044_00000001,2,2,animal,7566.0,0,0.888149,1,-22.2818,2.1e-10,-9.7578,-12.524,7.5308,84.495,0.34291,2.38329,0.0
000013_044_00000001#4,000013_044_00000001,4,2,animal,4232.0,0,0.643704,1,-8.9089,0.000135165495,-9.7578,0.8489,8.1519,43.7467,0.35097,1.81036,0.0078
000013_044_00000001#5,000013_044_00000001,5,2,animal,7920.0,0,0.902822,1,-22.2818,2.1e-10,-9.7578,-12.524,7.5308,84.495,0.34291,2.38329,0.0
000013_044_00000001#7,000013_044_00000001,7,2,animal,6510.0,0,0.929263,1,-13.6645,1.162953e-06,-9.7578,-3.9067,7.3776,65.4978,0.31554,2.17237,0.0
000013_048_00000001#0,000013_048_00000001,0,2,animal,5041.0,0,0.822959,1,2.2175,0.901811458189,-9.7578,11.9753,8.2581,55.0917,0.33715,2.09837,0.0469
000013_048_00000001#1,000013_048_00000001,1,2,animal,7412.0,0,0.901921,1,0.7696,0.683438673763,-9.7578,10.5274,7.996,50.6375,0.33709,1.98539,0.0039
000013_048_00000001#3,000013_048_00000001,3,2,animal,5396.0,0,0.800176,1,2.2175,0.901811458189,-9.7578,11.9753,8.2581,55.0917,0.33715,2.09837,0.0469
000013_048_00000001#4,000013_048_00000001,4,2,animal,7630.0,0,0.888072,1,0.7696,0.683438673763,-9.7578,10.5274,7.996,50.6375,0.33709,1.98539,0.0039
000013_056_00000281#2,000013_056_00000281,2,2,animal,4692.0,0,0.871722,1,1.2738,0.781384062341,-9.7578,11.0316,7.6865,50.4446,0.33282,1.92452,0.0117
000013_056_00000281#3,000013_056_00000281,3,2,animal,2146.0,0,0.746842,1,1.353,0.794618673835,-9.7578,11.1108,8.5383,52.4303,0.361,2.01394,0.0312
000013_056_00000281#4,000013_056_00000281,4,2,animal,2808.0,0,0.780667,1,-3.1485,0.041149690672,-9.7578,6.6093,6.8678,53.3044,0.33291,2.1179,0.0117
000013_056_00000281#6,000013_056_00000281,6,2,animal,1104.0,0,0.824808,1,2.0964,0.890550114913,-9.7578,11.8542,8.3519,51.9108,0.3774,1.99072,0.0117
000013_056_00000281#7,000013_056_00000281,7,2,animal,1482.0,0,0.511907,1,2.0807,0.889008689746,-9.7578,11.8385,9.1741,55.4223,0.35694,2.1245,0.0312
000013_056_00000281#8,000013_056_00000281,8,2,animal,7252.0,0,0.786047,1,1.9913,0.879878447454,-9.7578,11.7491,7.6901,54.743,0.33508,2.11012,0.0195
000013_056_00000281#9,000013_056_00000281,9,2,animal,4860.0,1,0.0,0,-16.2747,8.5508e-08,-9.7578,-6.5168,6.0301,49.7372,0.29045,2.06717,0.0
000013_056_00000281#10,000013_056_00000281,10,2,animal,3740.0,0,0.359948,0,-13.8878,9.30234e-07,-9.7578,-4.13,6.9054,61.0573,0.31593,2.30162,0.0
000014_012_00000217#1,000014_012_00000217,1,3,seat,4880.0,0,0.0,0,-15.0681,2.8577e-07,-9.8516,-5.2165,6.5373,48.2487,0.31821,1.8363,0.0
000014_012_00000217#2,000014_012_00000217,2,8,light,5184.0,0,0.0,0,-7.3875,0.000618583991,-9.6719,2.2844,5.9537,45.5427,0.28569,1.89626,0.0039
000014_050_00000273#3,000014_050_00000273,3,6,car,5040.0,0,0.0,0,-9.7893,5.6044604e-05,-9.8906,0.1013,7.5132,39.585,0.33196,1.66208,0.0078
000014_050_00000273#4,000014_050_00000273,4,0,person,5832.0,0,0.906352,1,2.2741,0.906708394889,-9.7188,11.9928,8.453,53.3248,0.3547,1.83963,0.0312
000014_050_00000273#5,000014_050_00000273,5,5,bicycle,2800.0,0,0.727984,1,1.09,0.748375644467,-9.8438,10.9337,6.8987,59.67,0.30812,2.12009,0.0547
000014_051_suppl_00000341#2,000014_051_suppl_00000341,2,0,person,1377.0,0,0.714699,1,1.2924,0.784545782664,-9.7188,11.0111,8.0201,57.2674,0.35421,1.81342,0.0508
000014_052_00000131#2,000014_052_00000131,2,0,person,2010.0,0,0.811515,1,1.1231,0.754558565041,-9.7188,10.8418,8.1865,48.3706,0.3402,1.67713,0.0312
000014_052_00000131#3,000014_052_00000131,3,0,person,1364.0,0,0.574678,1,1.199,0.768338587534,-9.7188,10.9177,7.723,48.7872,0.33593,1.65426,0.0039
000015_004_00000268#0,000015_004_00000268,0,4,sign,3600.0,0,0.751435,1,2.5592,0.928190888149,-9.8516,12.4108,8.195,67.2924,0.32772,2.35945,0.0859
000015_004_suppl_00000223#2,000015_004_suppl_00000223,2,4,sign,3268.0,0,0.584182,1,2.436,0.919532589473,-9.8516,12.2876,9.5449,63.9899,0.38156,2.27886,0.0508
000016_043_suppl_00000292#1,000016_043_suppl_00000292,1,0,person,2401.0,0,0.666639,1,1.8541,0.864608244841,-9.7188,11.5729,7.7096,55.3831,0.34912,1.90928,0.0391
000016_043_suppl_00000292#2,000016_043_suppl_00000292,2,0,person,5984.0,0,0.566512,1,-0.0621,0.484486315893,-9.7188,9.6567,7.1382,51.8145,0.32528,1.80651,0.0352
000016_043_suppl_00000292#4,000016_043_suppl_00000292,4,0,person,3132.0,0,0.324085,0,-6.6553,0.001285504392,-9.7188,3.0634,6.5516,49.3301,0.30945,1.93598,0.0
000016_043_suppl_00000292#5,000016_043_suppl_00000292,5,0,person,2800.0,0,0.707654,1,0.7398,0.676943459845,-9.7188,10.4585,8.2357,44.9509,0.34322,1.70862,0.0195
000016_043_suppl_00000292#6,000016_043_suppl_00000292,6,0,person,4524.0,0,0.842661,1,1.4531,0.810480373537,-9.7188,11.1719,7.4977,49.4893,0.32538,1.7112,0.0273
000016_043_suppl_00000292#8,000016_043_suppl_00000292,8,0,person,3465.0,0,0.520121,1,0.8806,0.706948906249,-9.7188,10.5994,7.9595,49.8376,0.34681,1.67251,0.0234
000016_043_suppl_00000292#9,000016_043_suppl_00000292,9,0,person,3416.0,0,0.176545,0,-7.6342,0.000483394068,-9.7188,2.0846,6.3375,43.5699,0.30627,1.72796,0.0117
000016_043_suppl_00000292#10,000016_043_suppl_00000292,10,0,person,2021.0,0,0.806079,1,1.8874,0.868456034921,-9.7188,11.6061,7.2419,52.225,0.31864,1.82636,0.0391
000016_043_suppl_00000292#11,000016_043_suppl_00000292,11,0,person,3348.0,0,0.39723,0,1.7465,0.85151442504,-9.7188,11.4653,8.1267,49.6894,0.34062,1.71934,0.0195
000016_043_suppl_00000292#12,000016_043_suppl_00000292,12,0,person,3922.0,0,0.823203,1,-2.4181,0.081806121585,-9.7188,7.3007,6.7887,48.9237,0.30832,1.76904,0.0
000016_043_suppl_00000292#14,000016_043_suppl_00000292,14,6,car,8056.0,0,0.817913,1,-21.4458,4.86e-10,-9.8906,-11.5552,6.8999,81.3158,0.31914,2.32697,0.0039
000016_043_suppl_00000292#17,000016_043_suppl_00000292,17,6,car,5551.0,0,0.616656,1,0.6346,0.653537308472,-9.8906,10.5252,6.7168,51.5183,0.32517,1.97929,0.0156
000016_043_suppl_00000292#20,000016_043_suppl_00000292,20,6,car,2736.0,0,0.77845,1,-1.757,0.147169463093,-9.8906,8.1336,6.9172,50.194,0.32127,1.86796,0.0039
000016_044_00000085#0,000016_044_00000085,0,0,person,8560.0,0,0.806201,1,-11.2074,1.3573075e-05,-9.7188,-1.4887,6.8727,54.3473,0.31546,1.92513,0.0
000016_044_00000085#1,000016_044_00000085,1,0,person,6438.0,1,0.0,0,-15.3377,2.18244e-07,-9.7188,-5.6189,6.6375,54.4177,0.32508,2.07794,0.0156
000016_044_00000085#3,000016_044_00000085,3,0,person,1710.0,0,0.657147,1,1.9475,0.87517891622,-9.7188,11.6663,8.6171,55.276,0.3442,1.89437,0.0273
000016_044_00000085#4,000016_044_00000085,4,0,person,7462.0,0,0.914982,1,1.5527,0.825297584821,-9.7188,11.2714,7.9476,48.0099,0.34603,1.73501,0.0195
000016_044_00000085#7,000016_044_00000085,7,6,car,7225.0,0,0.802584,1,0.3974,0.59805362878,-9.8906,10.288,7.7141,58.368,0.34158,2.1368,0.0156
000016_044_00000085#10,000016_044_00000085,10,6,car,7906.0,0,0.590127,1,-12.8469,2.634177e-06,-9.8906,-2.9563,6.2631,41.2625,0.30052,1.62872,0.0
000016_044_00000169#1,000016_044_00000169,1,0,person,4425.0,0,0.241018,0,-14.9265,3.29234e-07,-9.7188,-5.2077,5.92,42.1132,0.28561,1.70058,0.0039
000016_044_00000169#2,000016_044_00000169,2,0,person,4560.0,0,0.782038,1,-5.2263,0.00534438635,-9.7188,4.4924,7.722,42.4083,0.32893,1.56106,0.0
000016_044_00000169#3,000016_044_00000169,3,0,person,2128.0,0,0.838614,1,-1.0326,0.262588397718,-9.7188,8.6862,7.2027,47.1134,0.33,1.62169,0.0117
000016_044_00000169#5,000016_044_00000169,5,0,person,1833.0,0,0.708541,1,1.4026,0.802588484845,-9.7188,11.1213,9.0109,48.8447,0.39093,1.73929,0.0234
000016_044_00000169#6,000016_044_00000169,6,0,person,6936.0,0,0.775065,1,-4.0389,0.017311521037,-9.7188,5.6798,7.2023,44.3617,0.32249,1.58167,0.0078
000016_044_00000169#8,000016_044_00000169,8,0,person,8613.0,0,0.72419,1,0.976,0.726312258347,-9.7188,10.6947,7.5133,49.2395,0.31526,1.66806,0.0234
000016_044_00000169#16,000016_044_00000169,16,6,car,7992.0,0,0.37478,0,-13.7825,1.033611e-06,-9.8906,-3.8918,6.4768,31.6271,0.30811,1.37489,0.0
000016_044_00000169#17,000016_044_00000169,17,6,car,6800.0,0,0.44958,0,-17.4895,2.5374e-08,-9.8906,-7.5989,6.4259,43.3565,0.31126,1.78118,0.0039
000017_011_00000297#3,000017_011_00000297,3,0,person,1479.0,0,0.585223,1,1.1537,0.760189542327,-9.7188,10.8725,5.9736,46.9653,0.28422,1.66369,0.0234
000017_011_00000297#5,000017_011_00000297,5,0,person,7755.0,0,0.895303,1,-17.8732,1.7289e-08,-9.7188,-8.1544,6.627,58.037,0.31389,1.80414,0.0
000017_011_00000297#9,000017_011_00000297,9,8,light,3024.0,0,0.022758,0,-20.4634,1.297e-09,-9.6719,-10.7915,6.0529,35.2004,0.29215,1.39793,0.0039
000017_011_00000297#10,000017_011_00000297,10,8,light,9145.0,0,0.465118,0,-1.9509,0.124452701052,-9.6719,7.721,8.0915,43.2218,0.34304,1.66311,0.0117
000017_011_00000297#11,000017_011_00000297,11,8,light,6825.0,0,0.0,0,-15.178,2.56021e-07,-9.6719,-5.5061,5.4949,33.6871,0.28116,1.45752,0.0039
000017_011_00000297#13,000017_011_00000297,13,9,garbage_can,4550.0,1,0.0,0,-12.6427,3.231142e-06,-9.7266,-2.9161,6.7373,55.7571,0.31659,2.07695,0.0
000017_012_00000135#2,000017_012_00000135,2,9,garbage_can,4968.0,0,0.719354,1,1.2083,0.770001160132,-9.7266,10.9349,7.504,71.1946,0.34082,2.24086,0.1211
000017_020_00000214#0,000017_020_00000214,0,5,bicycle,2300.0,0,0.869649,1,2.1333,0.894102289891,-9.8438,11.9771,7.5594,64.8376,0.33694,2.28982,0.0586
000017_020_00000214#2,000017_020_00000214,2,8,light,2655.0,0,0.881503,1,1.7766,0.855273443317,-9.6719,11.4485,8.4698,56.8401,0.36908,1.97177,0.043
000017_020_suppl_00000356#0,000017_020_suppl_00000356,0,5,bicycle,2484.0,0,0.853374,1,2.0504,0.885987430056,-9.8438,11.8941,7.9716,67.0569,0.33829,2.32874,0.0508
000017_020_suppl_00000356#2,000017_020_suppl_00000356,2,8,light,2451.0,0,0.740819,1,2.225,0.902474714667,-9.6719,11.8969,9.9283,59.9557,0.36361,2.09958,0.0547
000018_006_00000063#0,000018_006_00000063,0,0,person,7540.0,0,0.231997,0,-14.6376,4.39527e-07,-9.7188,-4.9188,6.5148,46.7173,0.31391,1.85958,0.0039
000019_030_00000072#1,000019_030_00000072,1,0,person,2520.0,0,0.505452,1,-2.8516,0.054596667669,-9.7188,6.8671,6.632,40.5156,0.32201,1.53684,0.0078
000019_030_00000072#2,000019_030_00000072,2,0,person,7956.0,0,0.918705,1,-12.7473,2.910061e-06,-9.7188,-3.0286,6.6626,56.1257,0.31331,1.92692,0.0
000019_030_00000072#3,000019_030_00000072,3,0,person,6298.0,0,0.884949,1,-3.4626,0.030395124392,-9.7188,6.2561,6.8773,48.0444,0.31615,1.78672,0.0
000019_030_00000072#4,000019_030_00000072,4,0,person,2444.0,0,0.697535,1,1.8092,0.859259196841,-9.7188,11.5279,6.9547,49.0026,0.31832,1.7285,0.0234
000019_030_00000072#5,000019_030_00000072,5,0,person,1155.0,0,0.760326,1,1.9135,0.871407764652,-9.7188,11.6322,9.6011,46.725,0.36623,1.64539,0.0195
000019_038_00000205#2,000019_038_00000205,2,4,sign,2220.0,0,0.794457,1,1.905,0.870457318811,-9.8516,11.7566,9.7533,64.4229,0.34447,2.25163,0.0586
000019_038_00000205#3,000019_038_00000205,3,4,sign,2408.0,0,0.805373,1,1.7355,0.850117295507,-9.8516,11.5871,11.6681,65.0409,0.39347,2.2509,0.0586
000019_038_00000205#4,000019_038_00000205,4,4,sign,3290.0,0,0.670981,1,1.7139,0.847335723336,-9.8516,11.5654,10.1229,60.6983,0.38478,2.0773,0.0625
000019_038_00000205#5,000019_038_00000205,5,0,person,4080.0,0,0.332382,0,-12.7986,2.764627e-06,-9.7188,-3.0799,6.8725,42.581,0.30733,1.53692,0.0
000019_038_00000205#6,000019_038_00000205,6,0,person,8064.0,0,0.466547,0,-15.8644,1.28873e-07,-9.7188,-6.1457,7.2416,47.5762,0.31961,1.48843,0.0
000019_038_00000205#7,000019_038_00000205,7,0,person,7956.0,0,0.283184,0,-20.6646,1.06e-09,-9.7188,-10.9458,5.8428,34.3369,0.28632,1.17163,0.0
000019_038_00000205#8,000019_038_00000205,8,0,person,7957.0,0,0.7622,1,-15.715,1.49643e-07,-9.7188,-5.9963,6.1104,35.2529,0.3015,1.50878,0.0
000019_041_00000141#2,000019_041_00000141,2,7,ball,2964.0,1,0.0,0,-9.3995,8.2755914e-05,-9.8281,0.4286,6.8973,54.4403,0.31952,2.03549,0.0
000019_045_00000145#4,000019_045_00000145,4,0,person,5454.0,1,0.0,0,-18.1033,1.3736e-08,-9.7188,-8.3845,5.9812,36.9473,0.29558,1.4862,0.0
000019_045_00000145#5,000019_045_00000145,5,0,person,4720.0,1,0.0,0,-16.6761,5.7234e-08,-9.7188,-6.9574,6.7261,50.5625,0.3121,2.02399,0.0156
000019_045_00000145#7,000019_045_00000145,7,0,person,7616.0,0,0.426895,0,-18.855,6.477e-09,-9.7188,-9.1363,6.2228,36.7897,0.30295,1.48865,0.0
000020_010_00000089#1,000020_010_00000089,1,4,sign,7035.0,0,0.890418,1,-9.8818,5.1093773e-05,-9.8516,-0.0302,7.0906,71.0768,0.33044,2.44077,0.0039
000020_010_00000089#5,000020_010_00000089,5,0,person,1242.0,0,0.367364,0,0.4102,0.601143637213,-9.7188,10.129,8.6231,50.832,0.35356,1.87269,0.0469
000020_010_00000089#6,000020_010_00000089,6,0,person,2015.0,0,0.693852,1,1.8784,0.86742897638,-9.7188,11.5972,6.7181,53.4517,0.30687,1.85389,0.0352
000020_010_00000089#7,000020_010_00000089,7,5,bicycle,1147.0,0,0.0,0,-20.3749,1.417e-09,-9.8438,-10.5311,5.9632,62.7736,0.29061,2.04648,0.0
000020_014_00000193#2,000020_014_00000193,2,0,person,6627.0,0,0.829058,1,-11.2509,1.299499e-05,-9.7188,-1.5322,6.5869,43.915,0.30622,1.74098,0.0039
000020_014_00000193#3,000020_014_00000193,3,0,person,8150.0,0,0.920964,1,-17.0543,3.9211e-08,-9.7188,-7.3356,6.5748,59.9268,0.31637,1.82206,0.0
000020_014_00000193#5,000020_014_00000193,5,0,person,6292.0,0,0.778798,1,-24.7517,1.8e-11,-9.7188,-15.033,7.3803,76.8947,0.32047,2.18877,0.0039
000020_014_00000193#6,000020_014_00000193,6,0,person,8460.0,0,0.908762,1,-19.8585,2.374e-09,-9.7188,-10.1398,6.5677,48.4331,0.29873,1.63235,0.0
000020_018_00000093#0,000020_018_00000093,0,0,person,1800.0,0,0.596277,1,-7.4423,0.000585584873,-9.7188,2.2764,6.9362,46.7095,0.32442,1.82487,0.0117
000020_018_00000093#1,000020_018_00000093,1,0,person,2835.0,0,0.74306,1,2.2112,0.901247019754,-9.7188,11.9299,8.2672,51.5017,0.32928,1.7774,0.0234
000020_018_00000093#2,000020_018_00000093,2,4,sign,8532.0,0,0.923454,1,-18.6257,8.147e-09,-9.8516,-8.7741,7.0259,90.858,0.33291,2.65271,0.0039
000020_018_00000093#3,000020_018_00000093,3,8,light,4290.0,1,0.0,0,-18.8438,6.55e-09,-9.6719,-9.1719,5.6167,37.6932,0.27654,1.61533,0.0
000021_020_00000131#2,000021_020_00000131,2,3,seat,7808.0,0,0.81808,1,-7.0392,0.000876102313,-9.8516,2.8124,8.0038,50.4857,0.32866,1.84986,0.0078
000023_005_00000070#1,000023_005_00000070,1,3,seat,4050.0,0,0.800005,1,1.792,0.857171817917,-9.8516,11.6436,10.0951,59.4268,0.39569,2.04009,0.0312
000023_005_00000070#2,000023_005_00000070,2,0,person,8480.0,0,0.745471,1,-15.8024,1.3712e-07,-9.7188,-6.0837,7.3547,55.5818,0.32866,1.72977,0.0
000023_005_00000070#3,000023_005_00000070,3,0,person,6816.0,0,0.95023,1,-10.7355,2.1757653e-05,-9.7188,-1.0168,7.6151,47.4758,0.33136,1.68153,0.0
000023_005_00000070#4,000023_005_00000070,4,0,person,7203.0,0,0.810711,1,-14.3853,5.65656e-07,-9.7188,-4.6665,6.2793,46.0142,0.30349,1.60943,0.0
000023_005_00000070#5,000023_005_00000070,5,0,person,2360.0,0,0.783432,1,0.5658,0.637784163963,-9.7188,10.2845,6.7362,45.1851,0.30948,1.62616,0.0039
000023_005_00000070#6,000023_005_00000070,6,0,person,2550.0,0,0.85302,1,1.496,0.816976605332,-9.7188,11.2147,7.0378,44.2903,0.32192,1.5496,0.0312
000031#0,000031,0,0,person,5289.0,0,0.87798,1,0.7926,0.688380871596,-9.7188,10.5113,7.3269,42.1799,0.32432,1.51813,0.0039
000031#1,000031,1,0,person,1260.0,0,0.748856,1,1.4343,0.807576563403,-9.7188,11.1531,9.765,51.21,0.37554,1.72417,0.0352
000031#2,000031,2,0,person,1136.0,0,0.764155,1,1.3592,0.795637321993,-9.7188,11.078,7.901,50.5145,0.32592,1.70166,0.0352
000031#3,000031,3,0,person,1825.0,0,0.725718,1,1.6979,0.845264855219,-9.7188,11.4167,9.1182,49.8326,0.35598,1.7466,0.0352
000031#6,000031,6,0,person,2240.0,0,0.578344,1,1.7999,0.858139322564,-9.7188,11.5187,8.1176,48.783,0.34275,1.74197,0.0234
000031#8,000031,8,0,person,5566.0,0,0.802634,1,1.8269,0.861387744956,-9.7188,11.5456,7.9821,51.9422,0.35129,1.7167,0.0234
000031#10,000031,10,0,person,1672.0,0,0.644247,1,1.1833,0.76554029462,-9.7188,10.902,8.447,46.8392,0.33224,1.56552,0.0117
000031#11,000031,11,0,person,1944.0,0,0.421019,0,1.1726,0.763613413889,-9.7188,10.8913,7.556,45.0106,0.34606,1.56047,0.0156
000066#0,000066,0,0,person,3220.0,0,0.622474,1,-1.0037,0.268205170079,-9.7188,8.715,7.2979,45.49,0.31702,1.54803,0.0
000066#1,000066,1,0,person,2210.0,0,0.563341,1,0.3213,0.579637212543,-9.7188,10.04,6.4378,46.1219,0.30695,1.64841,0.0039
000066#2,000066,2,1,boat,5952.0,0,0.733676,1,-14.4818,5.13594e-07,-9.75,-4.7318,6.6302,48.3957,0.30989,1.63033,0.0039
000066#3,000066,3,1,boat,3710.0,0,0.751951,1,-0.5592,0.363743553661,-9.75,9.1908,7.7313,55.0685,0.32646,1.94922,0.0
000070#0,000070,0,0,person,3096.0,0,0.450213,0,0.1633,0.540738672211,-9.7188,9.8821,7.5182,44.771,0.31142,1.603,0.0
000070#1,000070,1,0,person,2368.0,0,0.638628,1,1.7299,0.849402358622,-9.7188,11.4487,7.7116,51.7293,0.33318,1.7806,0.0312
000070#2,000070,2,1,boat,6150.0,0,0.604745,1,-27.2196,2e-12,-9.75,-17.4696,6.5619,87.3992,0.31435,2.30998,0.0039
000070#3,000070,3,1,boat,6027.0,0,0.777353,1,-6.03,0.002399635348,-9.75,3.72,7.4192,48.99,0.32156,1.83541,0.0
000173#1,000173,1,4,sign,3078.0,1,0.0,0,-15.9905,1.13614e-07,-9.8516,-6.1389,5.7495,43.7029,0.28489,1.91496,0.0
000303#2,000303,2,0,person,6903.0,0,0.874037,1,0.5739,0.639661763995,-9.7188,10.2926,6.3195,47.5707,0.31003,1.61619,0.0078
000303#6,000303,6,4,sign,2944.0,0,0.902755,1,2.0431,0.885250139553,-9.8516,11.8947,10.2547,60.5253,0.36393,2.21127,0.043
000303#7,000303,7,4,sign,1287.0,0,0.750568,1,1.6121,0.833706525172,-9.8516,11.4637,9.1215,68.928,0.37909,2.38976,0.0234
000328#1,000328,1,0,person,6030.0,0,0.851907,1,-5.2043,0.005462776061,-9.7188,4.5144,6.2749,42.687,0.30533,1.6152,0.0
000328#3,000328,3,9,garbage_can,7242.0,0,0.775761,1,1.1465,0.758878483913,-9.7266,10.8731,7.8877,54.2374,0.32945,2.00574,0.0078
000415#1,000415,1,0,person,1407.0,0,0.804885,1,1.0604,0.742774997442,-9.7188,10.7792,8.9703,47.06,0.34579,1.59165,0.0234
000415#2,000415,2,0,person,1032.0,0,0.226254,0,-10.1344,3.9687382e-05,-9.7188,-0.4157,5.5573,33.2528,0.27898,1.40646,0.0
000415#4,000415,4,0,person,2610.0,0,0.478095,0,1.3668,0.796865173268,-9.7188,11.0856,7.769,47.0077,0.33421,1.64252,0.0117
000415#5,000415,5,0,person,2212.0,0,0.878967,1,-2.1471,0.104606148508,-9.7188,7.5717,7.7815,43.1729,0.32816,1.57406,0.0039
000415#6,000415,6,0,person,1200.0,0,0.564656,1,1.5375,0.823097727724,-9.7188,11.2562,8.2051,49.002,0.3421,1.68699,0.0234
000415#8,000415,8,0,person,1274.0,0,0.736758,1,0.9669,0.724491627698,-9.7188,10.6856,6.478,44.5216,0.31181,1.5424,0.0117
000415#10,000415,10,0,person,1610.0,0,0.899974,1,1.3637,0.796365321537,-9.7188,11.0825,9.0128,48.0495,0.34892,1.63155,0.0117
000415#11,000415,11,0,person,1508.0,0,0.916852,1,1.6173,0.83441558308,-9.7188,11.336,9.6594,48.1063,0.35218,1.71482,0.0312
000415#13,000415,13,0,person,2336.0,0,0.767534,1,1.538,0.823179919314,-9.7188,11.2568,9.7815,46.8856,0.3362,1.61316,0.0117
000415#14,000415,14,0,person,1820.0,0,0.577317,1,-3.9989,0.018005574483,-9.7188,5.7198,7.302,45.4133,0.33699,1.69124,0.0078
000415#15,000415,15,0,person,1470.0,0,0.0,0,-13.8387,9.77057e-07,-9.7188,-4.12,6.2098,42.5028,0.29946,1.7476,0.0
000415#16,000415,16,0,person,1140.0,0,0.0,0,-16.3874,7.6394e-08,-9.7188,-6.6686,6.3867,38.428,0.30678,1.61134,0.0
000415#17,000415,17,0,person,1679.0,1,0.0,0,-16.5349,6.5913e-08,-9.7188,-6.8162,6.4607,38.6633,0.30258,1.69286,0.0
000415#19,000415,19,2,animal,4560.0,0,0.839736,1,2.2663,0.906043578613,-9.7578,12.0241,9.3565,53.9671,0.35698,2.1118,0.0312
000433#7,000433,7,2,animal,6726.0,1,0.0,0,-16.731,5.4179e-08,-9.7578,-6.9732,5.4044,26.5932,0.27952,1.0992,0.0039
000437#0,000437,0,2,animal,7821.0,0,0.848103,1,-18.8582,6.456e-09,-9.7578,-9.1004,7.4078,77.5344,0.33483,2.44155,0.0039
000437#1,000437,1,2,animal,8507.0,0,0.393821,0,-16.1466,9.7194e-08,-9.7578,-6.3887,7.371,43.2891,0.32801,1.62664,0.0
000437#2,000437,2,2,animal,2832.0,1,0.0,0,-17.2074,3.3645e-08,-9.7578,-7.4496,8.4919,50.5962,0.37422,2.27237,0.0
000437#5,000437,5,2,animal,5192.0,0,0.100921,0,-15.7465,1.45011e-07,-9.7578,-5.9886,6.2128,40.5946,0.30548,1.8576,0.0
000484#2,000484,2,2,animal,4224.0,0,0.842916,1,2.2334,0.903209867139,-9.7578,11.9912,9.4929,57.5155,0.34935,2.21603,0.0586
000484#3,000484,3,2,animal,5655.0,0,0.915338,1,-0.733,0.324546821942,-9.7578,9.0249,7.5635,51.295,0.32892,2.01267,0.0
000500#0,000500,0,2,animal,1440.0,0,0.563641,1,-0.588,0.357101473352,-9.7578,9.1698,6.9884,48.3103,0.31555,1.89622,0.0
000500#1,000500,1,2,animal,1232.0,0,0.893833,1,1.6739,0.84210012589,-9.7578,11.4318,8.9484,48.9388,0.35147,1.83576,0.0039
000500#2,000500,2,2,animal,1632.0,0,0.784656,1,2.2601,0.905519768326,-9.7578,12.0179,10.8336,55.7592,0.40932,2.06424,0.0391
000525#0,000525,0,0,person,1496.0,0,0.696899,1,-1.4188,0.194845829152,-9.7188,8.2999,7.0272,46.1892,0.31496,1.72249,0.0039
000525#1,000525,1,2,animal,3036.0,0,0.785643,1,0.2074,0.55166855412,-9.7578,9.9652,8.2253,52.1285,0.33843,2.02548,0.0352
000525#2,000525,2,2,animal,4180.0,0,0.869704,1,2.4865,0.923191456726,-9.7578,12.2443,8.614,56.5299,0.32427,2.12861,0.0469
000561#0,000561,0,2,animal,7566.0,0,0.899855,1,-3.9976,0.018029112443,-9.7578,5.7602,7.607,50.5708,0.32772,2.00991,0.0
000561#3,000561,3,2,animal,6930.0,0,0.945646,1,-13.6149,1.222158e-06,-9.7578,-3.8571,6.2754,35.2364,0.30391,1.521,0.0
000561#4,000561,4,2,animal,4346.0,0,0.22715,0,-7.3088,0.000669174108,-9.7578,2.449,5.9734,30.9962,0.29749,1.11855,0.0078
000597#2,000597,2,2,animal,6110.0,0,0.754735,1,-1.4228,0.194218967414,-9.7578,8.335,7.9975,47.0968,0.34281,1.8518,0.0
000597#3,000597,3,2,animal,3320.0,0,0.339572,0,-20.3071,1.516e-09,-9.7578,-10.5493,6.8638,47.258,0.31212,1.8827,0.0
000630#0,000630,0,2,animal,1580.0,0,0.0,0,-15.3702,2.11263e-07,-9.7578,-5.6123,6.2529,26.706,0.29724,1.12562,0.0
000680#5,000680,5,6,car,7743.0,0,0.072355,0,-1.2511,0.222508698289,-9.8906,8.6395,8.0738,51.5255,0.35134,1.91959,0.0117
000707#1,000707,1,4,sign,1271.0,0,0.753258,1,1.9144,0.871509999976,-9.8516,11.7659,8.9882,59.6833,0.36879,2.14586,0.0195
000707#2,000707,2,4,sign,2028.0,0,0.817004,1,2.7405,0.939374929435,-9.8516,12.5921,10.8168,68.3613,0.38679,2.46237,0.0703
000707#3,000707,3,4,sign,1152.0,0,0.738766,1,2.2154,0.901628058959,-9.8516,12.067,8.6658,64.7371,0.34708,2.33809,0.0391
000707#4,000707,4,9,garbage_can,3087.0,0,0.75471,1,2.1717,0.89767628482,-9.7266,11.8982,8.3871,69.1327,0.33474,2.32144,0.0977
000707#5,000707,5,9,garbage_can,1960.0,0,0.906503,1,2.0168,0.882549511376,-9.7266,11.7434,9.2452,65.7878,0.3737,2.19814,0.0742
000735#1,000735,1,4,sign,1302.0,0,0.85128,1,2.4212,0.918429102945,-9.8516,12.2728,10.1831,62.5712,0.38009,2.25076,0.0156
000738#0,000738,0,2,animal,2440.0,0,0.772737,1,2.1024,0.89113454513,-9.7578,11.8602,7.4698,50.8056,0.31876,1.91253,0.0312
000738#2,000738,2,4,sign,1200.0,0,0.819718,1,2.1645,0.897020509001,-9.8516,12.0161,7.7584,59.6497,0.33035,2.20561,0.0117
000738#3,000738,3,0,person,4089.0,1,0.0,0,-14.0399,7.99035e-07,-9.7188,-4.3211,5.5976,38.3306,0.28028,1.45869,0.0
000756#4,000756,4,2,animal,3528.0,0,0.88516,1,1.9871,0.879438787431,-9.7578,11.7449,7.2979,49.9367,0.31818,1.91845,0.0273
000759#2,000759,2,2,animal,4018.0,0,0.796421,1,2.1758,0.898053828421,-9.7578,11.9336,7.8099,52.7655,0.33467,2.04893,0.0234
000780#0,000780,0,9,garbage_can,2736.0,0,0.53655,1,-4.9215,0.007235547971,-9.7266,4.8051,8.3928,57.3253,0.37063,1.91268,0.0156
000780#3,000780,3,2,animal,9030.0,0,0.553728,1,-5.4694,0.004196174325,-9.7578,4.2884,7.2567,42.578,0.32558,1.72564,0.0
000783#0,000783,0,2,animal,4743.0,0,0.682765,1,1.3667,0.796841553286,-9.7578,11.1245,7.6213,45.9094,0.33832,1.81203,0.0234
000783#1,000783,1,2,animal,4700.0,0,0.657582,1,-6.9052,0.001001522937,-9.7578,2.8526,6.2182,49.2793,0.29512,1.98615,0.0
000783#3,000783,3,2,animal,3965.0,0,0.870342,1,1.9145,0.87152772653,-9.7578,11.6723,7.7626,53.8465,0.32644,2.06607,0.0312
000783#4,000783,4,2,animal,2907.0,0,0.854526,1,0.9294,0.716960986845,-9.7578,10.6872,6.8816,47.4454,0.31271,1.82828,0.0156
000808#1,000808,1,2,animal,2288.0,0,0.809656,1,2.4953,0.923812769568,-9.7578,12.2531,8.2016,57.1239,0.33839,2.1276,0.0586
000820#2,000820,2,2,animal,6825.0,0,0.895662,1,-7.0249,0.000888707135,-9.7578,2.733,8.2305,60.8483,0.33196,2.30194,0.0
000820#3,000820,3,2,animal,5015.0,0,0.879852,1,2.6272,0.932590371247,-9.7578,12.385,8.2165,57.777,0.33772,2.17126,0.0352
000820#4,000820,4,0,person,2871.0,0,0.800022,1,-0.627,0.348190256658,-9.7188,9.0917,7.2726,48.3826,0.31058,1.80982,0.0195
000820#5,000820,5,0,person,2923.0,0,0.257492,0,-7.8341,0.000395827552,-9.7188,1.8846,6.5265,40.0942,0.31192,1.58486,0.0
000820#7,000820,7,0,person,1127.0,0,0.170893,0,-9.6189,6.6455614e-05,-9.7188,0.0998,6.3505,40.598,0.30276,1.75461,0.0
000889#5,000889,5,0,person,8976.0,0,0.817665,1,-16.2645,8.6382e-08,-9.7188,-6.5457,5.8722,40.6747,0.29486,1.65765,0.0
000889#6,000889,6,0,person,4888.0,0,0.605117,1,-0.9887,0.271161217999,-9.7188,8.73,6.6977,48.2828,0.29682,1.68471,0.0
000889#7,000889,7,4,sign,1656.0,0,0.0,0,-16.5454,6.5227e-08,-9.8516,-6.6938,6.5064,36.3645,0.3036,1.39267,0.0
000889#8,000889,8,4,sign,1530.0,0,0.0,0,-14.7057,4.10563e-07,-9.8516,-4.8542,7.3564,47.4454,0.32021,1.71387,0.0195
000889#9,000889,9,4,sign,2552.0,1,0.0,0,-21.0282,7.37e-10,-9.8516,-11.1767,5.4715,32.4552,0.28208,1.29405,0.0
000889#13,000889,13,0,person,2560.0,1,0.0,0,-10.5329,2.664395e-05,-9.7188,-0.8142,6.3904,47.3294,0.29487,1.76036,0.0039
000889#14,000889,14,3,seat,6600.0,0,0.0,0,-17.4826,2.5551e-08,-9.8516,-7.631,6.082,38.9275,0.29944,1.69636,0.0
000943#0,000943,0,4,sign,1452.0,0,0.824801,1,2.251,0.90474090269,-9.8516,12.1026,10.3333,61.5945,0.3688,2.22219,0.0117
000943#1,000943,1,4,sign,1394.0,0,0.0,0,-7.6424,0.000479460138,-9.8516,2.2092,8.3608,57.7166,0.36148,2.41251,0.0078
000943#2,000943,2,2,animal,7592.0,0,0.749753,1,-4.1905,0.014912428561,-9.7578,5.5673,6.6323,45.9449,0.30906,1.83655,0.0039
000943#3,000943,3,0,person,1034.0,0,0.0,0,-10.8677,1.9063448e-05,-9.7188,-1.149,7.1153,50.0832,0.32842,2.07961,0.0117
000943#4,000943,4,0,person,1219.0,1,0.0,0,-21.3702,5.24e-10,-9.7188,-11.6515,6.7554,38.1387,0.32181,1.61797,0.0
000943#6,000943,6,1,boat,1890.0,0,0.602597,1,-1.5845,0.170152069528,-9.75,8.1655,7.2431,58.0152,0.32474,2.0333,0.0
000943#7,000943,7,1,boat,2507.0,0,0.676323,1,0.5635,0.637268251405,-9.75,10.3135,6.3963,52.9526,0.30415,1.8345,0.0
000952#0,000952,0,2,animal,2829.0,0,0.624939,1,2.1827,0.898685794361,-9.7578,11.9405,8.839,58.3091,0.32904,2.16603,0.0547
001033#1,001033,1,4,sign,2345.0,0,0.350901,0,-9.3455,8.7348683e-05,-9.8516,0.506,5.882,49.1377,0.28453,2.0932,0.0
001033#2,001033,2,4,sign,3588.0,1,0.0,0,-17.8779,1.7208e-08,-9.8516,-8.0263,6.2555,36.1507,0.30852,1.40494,0.0039
001033#3,001033,3,6,car,4712.0,0,0.592172,1,2.3023,0.909069353242,-9.8906,12.1929,7.1275,56.7491,0.31965,2.13532,0.0469
001033#9,001033,9,5,bicycle,3000.0,1,0.0,0,-13.0775,2.091855e-06,-9.8438,-3.2337,6.7713,51.3013,0.31718,1.81665,0.0
001033#10,001033,10,0,person,2378.0,0,0.650709,1,1.7764,0.855252665885,-9.7188,11.4952,7.7516,50.2736,0.3429,1.71056,0.0156
001035#0,001035,0,6,car,1938.0,0,0.549513,1,-2.7859,0.058090671141,-9.8906,7.1047,6.8668,46.8744,0.32362,1.92094,0.0156
001035#1,001035,1,6,car,5712.0,0,0.715716,1,2.3667,0.914254243998,-9.8906,12.2573,7.8566,55.8377,0.34356,2.08581,0.0508
001035#2,001035,2,6,car,7952.0,0,0.499291,0,-1.0836,0.252826247233,-9.8906,8.807,6.928,47.9075,0.30786,1.86588,0.0039
001035#7,001035,7,4,sign,4454.0,1,0.0,0,-17.6518,2.1574e-08,-9.8516,-7.8002,5.4709,28.3751,0.28369,1.13504,0.0
001035#9,001035,9,4,sign,2409.0,1,0.0,0,-17.3344,2.9634e-08,-9.8516,-7.4828,5.708,42.9465,0.29083,1.78879,0.0
001035#10,001035,10,8,light,7560.0,0,0.66956,1,-5.0182,0.006572905602,-9.6719,4.6537,7.2954,43.5276,0.32951,1.70589,0.0
001114#5,001114,5,4,sign,5112.0,0,0.789101,1,1.9089,0.870895440249,-9.8516,11.7605,7.5835,58.5656,0.32821,2.13313,0.0469
001114#6,001114,6,4,sign,4161.0,0,0.679831,1,2.38,0.915288777655,-9.8516,12.2316,7.9553,62.4314,0.33299,2.25564,0.0508
001114#7,001114,7,4,sign,1155.0,0,0.182789,0,-10.5041,2.7424132e-05,-9.8516,-0.6525,6.5363,40.2559,0.3113,1.62003,0.0078
001114#8,001114,8,4,sign,2760.0,0,0.724376,1,2.1353,0.894290141422,-9.8516,11.9869,9.7497,63.5435,0.38357,2.2741,0.0312
001114#10,001114,10,4,sign,2256.0,1,0.0,0,-17.4134,2.7381e-08,-9.8516,-7.5618,5.3952,39.8043,0.28378,1.65366,0.0
001123#0,001123,0,6,car,3552.0,0,0.3829,0,-13.2473,1.765171e-06,-9.8906,-3.3566,5.855,34.953,0.29095,1.43194,0.0
001123#1,001123,1,6,car,8384.0,0,0.782427,1,-7.7043,0.000450687264,-9.8906,2.1863,7.5212,47.445,0.33297,1.91348,0.0039
001123#2,001123,2,6,car,8120.0,0,0.853414,1,-5.2222,0.005366621714,-9.8906,4.6684,6.514,49.8149,0.31125,2.00902,0.0
001123#4,001123,4,6,car,7954.0,0,0.831578,1,-7.2279,0.000725516832,-9.8906,2.6627,8.0935,51.7907,0.34048,1.96915,0.0
001123#5,001123,5,6,car,4028.0,0,0.838661,1,0.9029,0.71153622742,-9.8906,10.7935,8.1761,52.2984,0.35692,1.99437,0.0039
001123#6,001123,6,6,car,8137.0,0,0.92908,1,2.0748,0.888425148033,-9.8906,11.9654,9.4094,52.5472,0.34351,2.013,0.0078
001123#7,001123,7,6,car,9045.0,0,0.930907,1,-11.3109,1.2238587e-05,-9.8906,-1.4203,8.8547,62.5621,0.34644,2.28413,0.0
001123#8,001123,8,6,car,4116.0,0,0.356549,0,-12.1352,5.367396e-06,-9.8906,-2.2445,7.1246,43.1511,0.31595,1.64178,0.0
001123#9,001123,9,6,car,6408.0,0,0.857708,1,2.1432,0.895033236068,-9.8906,12.0338,8.3382,55.2342,0.3315,2.11832,0.043
001123#10,001123,10,6,car,6262.0,0,0.950767,1,-6.7119,0.001214861872,-9.8906,3.1787,7.1816,47.2517,0.32558,1.92611,0.0
001123#11,001123,11,6,car,8410.0,0,0.907417,1,-12.0349,5.933382e-06,-9.8906,-2.1443,7.9896,62.3672,0.3384,2.28478,0.0
001123#12,001123,12,6,car,8856.0,0,0.623433,1,-13.5629,1.287319e-06,-9.8906,-3.6723,6.088,62.1278,0.29423,2.26859,0.0
001123#13,001123,13,0,person,3619.0,0,0.052388,0,-15.3568,2.1411e-07,-9.7188,-5.638,5.7879,41.1402,0.28279,1.79169,0.0
001123#18,001123,18,0,person,1254.0,0,0.890166,1,1.6002,0.832039763626,-9.7188,11.3189,8.2728,47.0629,0.34987,1.63301,0.0234
001123#19,001123,19,0,person,1216.0,0,0.736187,1,0.2404,0.559810418026,-9.7188,9.9591,6.3441,45.0959,0.30705,1.57573,0.0
001123#20,001123,20,4,sign,4692.0,0,0.748076,1,2.0431,0.885246845712,-9.8516,11.8946,10.2874,61.1753,0.36483,2.19979,0.0586
001123#21,001123,21,4,sign,3009.0,0,0.725498,1,1.9322,0.873494039025,-9.8516,11.7838,9.9782,59.6539,0.37224,2.15037,0.0352
001123#22,001123,22,4,sign,3306.0,0,0.851456,1,1.9983,0.880615724085,-9.8516,11.8498,8.912,56.7723,0.33354,2.07393,0.043
001135#4,001135,4,8,light,7308.0,0,0.621791,1,-10.4988,2.7569613e-05,-9.6719,-0.8269,6.8571,41.9406,0.33213,1.60172,0.0
001135#6,001135,6,8,light,7656.0,0,0.648786,1,-13.446,1.446976e-06,-9.6719,-3.7742,6.5682,52.8381,0.3173,1.88614,0.0039
001135#7,001135,7,4,sign,1634.0,0,0.58961,1,0.9412,0.719340114468,-9.8516,10.7928,10.7959,57.5641,0.41584,1.93925,0.0391
001157#4,001157,4,0,person,1147.0,0,0.742688,1,1.7759,0.855186066966,-9.7188,11.4946,8.7002,46.7778,0.34505,1.63369,0.0234
001157#5,001157,5,4,sign,3472.0,0,0.726591,1,1.8342,0.862258576921,-9.8516,11.6857,9.1491,57.7949,0.34443,2.10835,0.0391
001157#8,001157,8,6,car,8181.0,0,0.90197,1,2.2636,0.905813735955,-9.8906,12.1542,8.7166,53.6976,0.33431,2.0453,0.0117
001157#9,001157,9,6,car,7272.0,0,0.715159,1,2.2555,0.905124131024,-9.8906,12.1461,8.6871,54.251,0.35206,2.05809,0.0195
001202#3,001202,3,8,light,7498.0,0,0.812817,1,-18.1007,1.3771e-08,-9.6719,-8.4288,7.3699,61.1405,0.32042,2.02297,0.0
001202#4,001202,4,8,light,9016.0,0,0.941707,1,-18.1101,1.3642e-08,-9.6719,-8.4382,6.684,63.1905,0.31317,2.06645,0.0
001202#8,001202,8,6,car,3036.0,0,0.829733,1,2.0728,0.88822969162,-9.8906,11.9634,10.3042,54.0143,0.37535,2.00315,0.043
001202#10,001202,10,6,car,5612.0,0,0.903432,1,2.6206,0.932175815656,-9.8906,12.5112,10.1745,56.7503,0.37136,2.11174,0.0391
001202#11,001202,11,6,car,5626.0,0,0.84748,1,2.413,0.917814420993,-9.8906,12.3036,10.1674,54.5903,0.38511,2.03998,0.0391
001202#12,001202,12,6,car,4628.0,0,0.844488,1,2.8445,0.945035940811,-9.8906,12.7352,7.7145,59.3285,0.31719,2.25531,0.0469
001257#0,001257,0,8,light,5720.0,0,0.865605,1,-3.1159,0.042455788795,-9.6719,6.556,6.9839,50.0395,0.31525,1.93461,0.0
001257#3,001257,3,8,light,8232.0,0,0.938952,1,-11.9887,6.213921e-06,-9.6719,-2.3168,8.2838,64.2337,0.3386,2.27839,0.0
001257#6,001257,6,6,car,3264.0,0,0.920398,1,1.5125,0.819433076307,-9.8906,11.4031,6.5921,57.6372,0.29573,2.15486,0.0508
001257#9,001257,9,6,car,2940.0,0,0.783972,1,2.2017,0.900402086483,-9.8906,12.0923,8.6819,61.2529,0.34784,2.29383,0.0469
001257#10,001257,10,6,car,5141.0,0,0.845933,1,-0.3794,0.406268336255,-9.8906,9.5112,6.936,55.0237,0.31726,2.13737,0.0
001257#11,001257,11,6,car,3312.0,0,0.724928,1,1.7317,0.849631316454,-9.8906,11.6223,8.5054,58.919,0.34521,2.22601,0.0469
001276#3,001276,3,8,light,7038.0,0,0.975517,1,-6.8374,0.00107169302,-9.6719,2.8344,7.9647,56.6804,0.32925,2.14808,0.0
001276#7,001276,7,6,car,3082.0,0,0.879645,1,2.3471,0.912704908164,-9.8906,12.2377,10.8533,56.4629,0.38261,2.12143,0.0352
001276#9,001276,9,6,car,6283.0,0,0.86918,1,2.0099,0.881830326222,-9.8906,11.9005,8.8018,52.7385,0.35231,1.99428,0.0039
001276#10,001276,10,6,car,2745.0,0,0.84449,1,2.3147,0.910085406697,-9.8906,12.2053,9.7587,58.9851,0.36108,2.18863,0.0234
001276#11,001276,11,6,car,2990.0,0,0.846764,1,2.339,0.912057723934,-9.8906,12.2296,10.0715,59.8943,0.36464,2.21782,0.0508
001276#12,001276,12,6,car,2700.0,0,0.658675,1,1.9579,0.876303338789,-9.8906,11.8485,8.1442,53.8513,0.3493,2.02509,0.0391
001276#13,001276,13,6,car,3450.0,0,0.868715,1,2.1283,0.893623939543,-9.8906,12.0189,8.4294,55.9326,0.34952,2.12144,0.0273
001276#14,001276,14,6,car,4850.0,0,0.864456,1,2.1668,0.897226733475,-9.8906,12.0574,6.9409,60.7977,0.31174,2.27629,0.0391
001276#15,001276,15,6,car,3330.0,0,0.671655,1,-4.3238,0.013076285062,-9.8906,5.5668,6.4436,49.3839,0.30513,1.92125,0.0195
001295#0,001295,0,0,person,3172.0,0,0.810421,1,1.7941,0.857429889234,-9.7188,11.5129,8.8503,49.7229,0.35021,1.69591,0.0156
001295#1,001295,1,0,person,5776.0,0,0.682655,1,1.6544,0.839483148747,-9.7188,11.3731,7.8212,49.5082,0.32003,1.69229,0.0273
001295#3,001295,3,4,sign,1269.0,0,0.620434,1,1.5718,0.828042674202,-9.8516,11.4234,7.5885,57.9503,0.32546,2.08652,0.0078
001295#10,001295,10,2,animal,5589.0,0,0.849699,1,1.8758,0.86713324995,-9.7578,11.6337,9.4843,53.0484,0.37358,1.99959,0.0312
001295#11,001295,11,2,animal,2840.0,0,0.471304,0,-2.2371,0.096466134582,-9.7578,7.5207,6.8785,46.0047,0.31302,1.85037,0.0039
001295#12,001295,12,2,animal,1953.0,0,0.710062,1,-6.625,0.00132497194,-9.7578,3.1328,6.7076,43.9531,0.31519,1.80057,0.0
001295#13,001295,13,2,animal,2700.0,0,0.562472,1,-4.7908,0.008237328762,-9.7578,4.967,6.9594,45.3442,0.31433,1.88023,0.0
001295#14,001295,14,2,animal,3900.0,0,0.770099,1,1.3885,0.800351483764,-9.7578,11.1463,6.4553,46.672,0.30506,1.8377,0.0273
001295#15,001295,15,2,animal,2460.0,0,0.645769,1,0.8255,0.695402692035,-9.7578,10.5833,7.1317,47.1859,0.32052,1.79714,0.0273
001295#17,001295,17,2,animal,2030.0,0,0.737933,1,-4.6567,0.009408451239,-9.7578,5.1011,6.5129,40.5584,0.31071,1.67261,0.0
001295#18,001295,18,2,animal,1617.0,0,0.652021,1,1.0471,0.740211958728,-9.7578,10.8049,8.5741,47.4363,0.34814,1.82407,0.0273
001295#19,001295,19,2,animal,1734.0,0,0.603702,1,0.8208,0.694402452147,-9.7578,10.5786,6.6947,46.6461,0.30919,1.80966,0.0117
001295#20,001295,20,2,animal,1599.0,0,0.910347,1,-0.0429,0.489281151082,-9.7578,9.7149,6.9864,46.6866,0.31629,1.83533,0.0117
001295#21,001295,21,2,animal,2146.0,0,0.920985,1,0.0501,0.512532707981,-9.7578,9.808,8.2682,47.2754,0.36116,1.83303,0.0156
001295#22,001295,22,2,animal,3240.0,0,0.876167,1,1.8495,0.864071711985,-9.7578,11.6073,8.593,51.8544,0.34988,1.95918,0.043
001295#24,001295,24,2,animal,2756.0,0,0.905508,1,1.7136,0.847303892368,-9.7578,11.4714,9.5485,52.2498,0.35585,1.92975,0.0312
001295#26,001295,26,2,animal,1260.0,0,0.695834,1,1.682,0.843172608591,-9.7578,11.4398,8.1899,48.68,0.34832,1.87708,0.0195
001409#0,001409,0,2,animal,4374.0,0,0.578673,1,2.3346,0.911702840887,-9.7578,12.0924,10.7921,56.5793,0.39025,2.08752,0.0273
001409#1,001409,1,2,animal,4845.0,0,0.63384,1,2.6912,0.936504255788,-9.7578,12.449,10.5565,57.7367,0.37747,2.10863,0.0352
001415#0,001415,0,2,animal,4851.0,0,0.87977,1,2.1507,0.895738766649,-9.7578,11.9086,7.0073,53.5294,0.31392,2.06743,0.0352
001415#1,001415,1,2,animal,5202.0,0,0.766404,1,-16.7867,5.1244e-08,-9.7578,-7.0289,7.7897,77.7262,0.32224,2.49947,0.0
001415#2,001415,2,2,animal,4928.0,0,0.838322,1,2.105,0.891387420367,-9.7578,11.8628,7.7372,53.1838,0.32233,2.03447,0.0469
001415#3,001415,3,2,animal,6160.0,0,0.767556,1,2.4869,0.923216338693,-9.7578,12.2447,8.8997,57.7729,0.35406,2.14399,0.0234
001443#3,001443,3,2,animal,5658.0,0,0.676304,1,2.1002,0.890921474877,-9.7578,11.858,7.4601,48.8046,0.31872,1.96253,0.0
001443#4,001443,4,2,animal,8528.0,0,0.79232,1,-1.9424,0.125380665588,-9.7578,7.8154,7.3353,43.4871,0.31742,1.74956,0.0039
001443#6,001443,6,2,animal,8400.0,0,0.763262,1,-17.3776,2.8378e-08,-9.7578,-7.6198,6.359,61.5396,0.29989,2.13793,0.0
001443#7,001443,7,2,animal,7056.0,0,0.668276,1,-10.9609,1.7367299e-05,-9.7578,-1.2031,7.4189,48.9601,0.32723,2.03753,0.0039
001443#9,001443,9,2,animal,2989.0,0,0.533351,1,0.0689,0.517219644876,-9.7578,9.8267,7.693,48.6586,0.32874,1.9072,0.0039
001443#10,001443,10,2,animal,4738.0,0,0.707311,1,0.5372,0.631169256705,-9.7578,10.295,7.502,51.3062,0.33811,1.98125,0.0156
001461#2,001461,2,6,car,3082.0,0,0.895004,1,2.3365,0.911852354119,-9.8906,12.2271,9.9608,56.9695,0.36985,2.13001,0.0352
001461#3,001461,3,6,car,5194.0,0,0.879807,1,2.4254,0.918745906274,-9.8906,12.3161,9.9822,56.9896,0.36848,2.10334,0.0469
001461#4,001461,4,6,car,7458.0,0,0.797281,1,1.9168,0.871785166921,-9.8906,11.8075,9.8464,51.8719,0.36049,1.98112,0.0117
001461#5,001461,5,6,car,3264.0,0,0.863475,1,-1.3815,0.200769998372,-9.8906,8.5091,7.467,56.7186,0.333,2.25555,0.0234
001531#1,001531,1,2,animal,1925.0,0,0.809406,1,1.0163,0.734245342485,-9.7578,10.7741,7.0505,50.0661,0.31818,1.93047,0.0078
001531#2,001531,2,2,animal,1178.0,0,0.697262,1,-9.257,9.5431841e-05,-9.7578,0.5008,6.8726,54.3929,0.30908,2.39298,0.0078
001531#6,001531,6,2,animal,3312.0,0,0.629058,1,-5.3471,0.004739269585,-9.7578,4.4107,6.3105,48.039,0.29823,1.95414,0.0039
001531#8,001531,8,2,animal,1305.0,0,0.506151,1,-5.4343,0.004345475538,-9.7578,4.3235,6.8018,53.4736,0.32058,2.07392,0.0
001531#10,001531,10,2,animal,4575.0,0,0.723463,1,2.0187,0.882747963432,-9.7578,11.7765,9.1458,53.1994,0.35743,1.99479,0.0391
001558#4,001558,4,2,animal,3196.0,0,0.587188,1,2.4901,0.923444124194,-9.7578,12.2479,9.6466,54.0395,0.37772,2.0818,0.0234
001683#1,001683,1,8,light,8904.0,0,0.911215,1,-17.5873,2.301e-08,-9.6719,-7.9154,7.7273,74.0873,0.33299,2.30558,0.0
001683#6,001683,6,6,car,3760.0,0,0.897489,1,1.8925,0.869038462447,-9.8906,11.7831,8.1849,52.5994,0.33939,2.02298,0.0391
001683#7,001683,7,6,car,5050.0,0,0.837741,1,1.8246,0.861114806733,-9.8906,11.7152,8.467,52.6061,0.35212,2.01031,0.0273
001683#8,001683,8,6,car,4800.0,0,0.983265,1,2.3641,0.914044978996,-9.8906,12.2547,8.9339,60.3092,0.36238,2.20674,0.043
001694#1,001694,1,7,ball,3102.0,0,0.749539,1,1.9218,0.872341108822,-9.8281,11.7499,8.7403,70.6856,0.36732,2.31723,0.0625
001694#2,001694,2,8,light,7275.0,0,0.889001,1,-17.1792,3.4608e-08,-9.6719,-7.5073,6.1426,54.4395,0.28963,1.8805,0.0039
001694#7,001694,7,8,light,7353.0,0,0.929077,1,-10.8479,1.9445571e-05,-9.6719,-1.176,7.783,57.3673,0.33067,2.09472,0.0
001694#8,001694,8,6,car,3696.0,0,0.925803,1,2.4319,0.91923140041,-9.8906,12.3226,9.9521,59.8868,0.38004,2.23581,0.0547
001694#9,001694,9,6,car,4968.0,0,0.867226,1,2.1502,0.895687276175,-9.8906,12.0408,8.7079,52.2701,0.35467,1.98371,0.0039
001694#10,001694,10,6,car,2832.0,0,0.910078,1,1.8212,0.860704497205,-9.8906,11.7118,8.8602,55.1009,0.3322,2.04413,0.043
001694#11,001694,11,6,car,2646.0,0,0.718364,1,2.051,0.886046854744,-9.8906,11.9416,9.2899,57.061,0.34254,2.09984,0.0352
001694#12,001694,12,6,car,2352.0,0,0.831305,1,1.7694,0.854388571338,-9.8906,11.6601,9.0604,53.6536,0.36023,1.95886,0.0352
001694#13,001694,13,6,car,2745.0,0,0.780887,1,1.877,0.86726998576,-9.8906,11.7677,9.7266,57.1298,0.37029,2.09546,0.0234
001694#14,001694,14,6,car,3266.0,0,0.837859,1,1.3045,0.786597852331,-9.8906,11.1952,7.0788,50.2731,0.32476,1.91762,0.0352
001707#1,001707,1,7,ball,2296.0,0,0.854279,1,2.4102,0.917604265455,-9.8281,12.2384,10.281,74.1195,0.39036,2.34664,0.1172
001707#2,001707,2,8,light,8058.0,0,0.93254,1,-15.5627,1.74263e-07,-9.6719,-5.8908,6.4594,54.4409,0.29997,1.89881,0.0
001707#7,001707,7,8,light,7353.0,0,0.89411,1,-9.0518,0.000117165997,-9.6719,0.6201,7.9266,56.059,0.33582,2.09346,0.0
001707#8,001707,8,6,car,3792.0,0,0.845711,1,2.0844,0.889381815402,-9.8906,11.9751,9.507,58.0171,0.37026,2.1769,0.0469
001707#9,001707,9,6,car,3528.0,0,0.753608,1,-2.2015,0.09961895434,-9.8906,7.6892,7.2522,50.6076,0.326,1.96461,0.0391
001707#10,001707,10,6,car,3870.0,0,0.899123,1,2.1864,0.899025148228,-9.8906,12.0771,8.5169,57.691,0.33792,2.16394,0.0547
001707#11,001707,11,6,car,6237.0,0,0.750478,1,2.3601,0.913733371224,-9.8906,12.2507,9.581,55.1929,0.36135,2.081,0.0312
001707#12,001707,12,6,car,2275.0,0,0.803687,1,1.9529,0.875757421406,-9.8906,11.8435,9.5147,52.5269,0.34576,1.9558,0.0312
001712#1,001712,1,8,light,8058.0,0,0.835186,1,-17.6779,2.1017e-08,-9.6719,-8.0061,6.3367,60.6084,0.29368,1.989,0.0
001712#6,001712,6,8,light,6683.0,0,0.837611,1,-18.0959,1.3837e-08,-9.6719,-8.424,8.0745,75.731,0.33096,2.41808,0.0
001712#7,001712,7,7,ball,1840.0,0,0.808121,1,2.0481,0.885759883823,-9.8281,11.8763,8.566,71.1726,0.36997,2.246,0.0781
001712#8,001712,8,6,car,3792.0,0,0.903011,1,2.339,0.912055811598,-9.8906,12.2296,10.4545,60.4567,0.38468,2.24098,0.0586
001712#9,001712,9,6,car,6161.0,0,0.846167,1,2.0689,0.8878394952,-9.8906,11.9595,8.3172,50.6283,0.34519,1.93453,0.0039
001712#10,001712,10,6,car,2583.0,0,0.845309,1,1.7948,0.857520798117,-9.8906,11.6855,8.4576,54.6326,0.32901,2.04354,0.043
001712#11,001712,11,6,car,2548.0,0,0.864,1,2.0715,0.88810209593,-9.8906,11.9621,8.7003,57.7567,0.34461,2.14032,0.0508
001712#12,001712,12,6,car,2750.0,0,0.746731,1,1.4955,0.816909003747,-9.8906,11.3862,7.902,55.5101,0.33522,2.05317,0.0273
001724#1,001724,1,7,ball,1365.0,0,0.698656,1,0.8784,0.706486170136,-9.8281,10.7065,8.0368,69.7096,0.36259,2.34863,0.0234
001724#3,001724,3,8,light,6370.0,0,0.952193,1,-19.0932,5.104e-09,-9.6719,-9.4213,6.2837,60.274,0.29245,1.97339,0.0
001724#7,001724,7,8,light,9200.0,0,0.839752,1,-17.7971,1.8656e-08,-9.6719,-8.1252,7.6959,67.4428,0.32829,2.19922,0.0
001724#8,001724,8,6,car,3792.0,0,0.8873,1,2.3201,0.910527607714,-9.8906,12.2107,9.9055,59.1487,0.3763,2.21021,0.0547
001724#9,001724,9,6,car,3640.0,0,0.792328,1,1.968,0.877395252211,-9.8906,11.8586,8.9622,55.0779,0.36036,2.08681,0.0352
001724#10,001724,10,6,car,3016.0,0,0.69032,1,-4.1015,0.016279026235,-9.8906,5.7892,6.3783,47.8329,0.31441,1.89833,0.0156
001724#11,001724,11,6,car,4140.0,0,0.916949,1,2.2172,0.901781898291,-9.8906,12.1078,7.7076,58.0442,0.3291,2.17283,0.0547
001724#12,001724,12,6,car,4823.0,0,0.93114,1,2.4987,0.924052451928,-9.8906,12.3894,9.1253,54.6526,0.35557,2.07046,0.0352
001737#3,001737,3,8,light,6370.0,0,0.938643,1,-16.1081,1.01e-07,-9.6719,-6.4363,5.9936,53.6016,0.29169,1.9091,0.0
001737#7,001737,7,8,light,8400.0,0,0.94303,1,-14.4714,5.18992e-07,-9.6719,-4.7995,7.0085,65.9387,0.31763,2.35677,0.0
001737#8,001737,8,7,ball,1088.0,0,0.71133,1,1.9656,0.877132997846,-9.8281,11.7937,8.6273,71.4079,0.35634,2.33496,0.0469
001737#9,001737,9,7,ball,1776.0,0,0.0,0,-17.3258,2.9888e-08,-9.8281,-7.4977,6.0716,41.3136,0.30062,1.71224,0.0039
001737#10,001737,10,6,car,3792.0,0,0.945172,1,2.2861,0.907717321014,-9.8906,12.1767,10.4008,56.8362,0.37924,2.12242,0.0586
001737#11,001737,11,6,car,3834.0,0,0.749299,1,-0.1685,0.457979607872,-9.8906,9.7221,7.402,52.4501,0.32838,1.93259,0.0078
001737#12,001737,12,6,car,4558.0,0,0.806704,1,1.9319,0.873457255746,-9.8906,11.8225,6.8584,56.4348,0.3114,2.11503,0.0391
001737#13,001737,13,6,car,3654.0,0,0.775679,1,1.5905,0.830693127207,-9.8906,11.4812,7.4615,53.4153,0.32474,2.01075,0.0273
001742#0,001742,0,7,ball,5168.0,0,0.0,0,-9.3627,8.5860775e-05,-9.8281,0.4654,6.4959,54.8518,0.31772,1.92781,0.0078
001763#0,001763,0,7,ball,2816.0,0,0.707787,1,1.7972,0.857811381755,-9.8281,11.6254,7.9426,69.323,0.34095,2.2489,0.0703
001785#0,001785,0,2,animal,6000.0,0,0.82659,1,1.9785,0.878517138308,-9.7578,11.7363,9.7667,51.6726,0.37558,2.01841,0.0195
001785#1,001785,1,2,animal,5015.0,0,0.836579,1,2.3074,0.909484577331,-9.7578,12.0652,9.6252,54.4739,0.35252,2.10643,0.0234
001785#2,001785,2,2,animal,8970.0,0,0.924251,1,-18.8211,6.7e-09,-9.7578,-9.0633,7.4787,69.7499,0.33543,2.17959,0.0
001851#0,001851,0,8,light,5358.0,0,0.952996,1,-0.619,0.35001402817,-9.6719,9.0529,7.5477,51.731,0.32442,1.91995,0.0
001851#8,001851,8,6,car,2862.0,0,0.92206,1,1.497,0.817133839528,-9.8906,11.3877,6.5703,55.7832,0.2955,2.09129,0.043
001851#9,001851,9,6,car,2622.0,0,0.828008,1,1.9234,0.872513483338,-9.8906,11.814,8.4887,56.3404,0.33689,2.16391,0.0312
001851#10,001851,10,6,car,3038.0,0,0.951018,1,-0.6879,0.33449772292,-9.8906,9.2027,7.0426,53.6894,0.31513,2.14903,0.0352
001851#11,001851,11,6,car,2925.0,0,0.803197,1,1.9299,0.873238580856,-9.8906,11.8205,8.4296,59.9947,0.33202,2.21902,0.0352
001851#12,001851,12,6,car,2867.0,0,0.801121,1,1.4174,0.804935942074,-9.8906,11.3081,8.5923,54.5984,0.35114,2.05875,0.0156
001851#13,001851,13,6,car,5544.0,0,0.893171,1,1.7115,0.847026313194,-9.8906,11.6021,7.3661,51.6694,0.32043,1.98771,0.0195
001851#14,001851,14,6,car,2494.0,0,0.832318,1,1.6477,0.838576512904,-9.8906,11.5383,8.4678,55.3113,0.34994,2.11852,0.0195
001862#0,001862,0,8,light,5358.0,0,0.944862,1,1.6568,0.839807368141,-9.6719,11.3287,8.205,53.9691,0.33092,1.92338,0.0
001862#8,001862,8,6,car,2304.0,0,0.95014,1,1.6192,0.834683157239,-9.8906,11.5098,6.4347,54.4421,0.28713,2.05787,0.0391
001862#9,001862,9,6,car,3100.0,0,0.850345,1,1.7503,0.851989605766,-9.8906,11.6409,8.2983,53.3706,0.3387,2.08202,0.0078
001862#10,001862,10,6,car,5546.0,0,0.882144,1,1.9383,0.874167374473,-9.8906,11.8289,7.9159,52.1053,0.33153,2.02045,0.0234
001862#11,001862,11,6,car,2303.0,0,0.690234,1,-8.73,0.000161638249,-9.8906,1.1606,7.7243,55.3268,0.34289,2.24055,0.0156
001862#12,001862,12,6,car,2576.0,0,0.764174,1,1.888,0.86853129964,-9.8906,11.7787,8.3099,57.7768,0.33334,2.19821,0.043
001862#13,001862,13,6,car,3186.0,0,0.773334,1,0.4414,0.608586337029,-9.8906,10.332,7.6097,58.0455,0.33569,2.25083,0.0391
001862#14,001862,14,6,car,3234.0,0,0.725134,1,2.1005,0.890952332971,-9.8906,11.9911,8.3382,59.8688,0.32966,2.2373,0.0508
001862#15,001862,15,6,car,3900.0,0,0.912314,1,2.182,0.898619522551,-9.8906,12.0726,9.5815,56.7408,0.36878,2.13303,0.0234
001873#0,001873,0,8,light,5358.0,0,0.955459,1,1.6239,0.835336540023,-9.6719,11.2958,8.1848,53.9299,0.328,1.93219,0.0
001873#4,001873,4,8,light,8300.0,0,0.974774,1,-19.5256,3.312e-09,-9.6719,-9.8537,8.2074,78.3478,0.33992,2.39106,0.0
001873#8,001873,8,6,car,3074.0,0,0.87444,1,1.5386,0.823265688678,-9.8906,11.4293,6.4392,52.8711,0.29033,2.00925,0.043
001873#9,001873,9,6,car,6032.0,0,0.796789,1,2.5482,0.927452665126,-9.8906,12.4388,7.6162,60.1615,0.33424,2.28351,0.0469
001873#10,001873,10,6,car,1755.0,0,0.75634,1,-10.5199,2.6992612e-05,-9.8906,-0.6293,6.8572,57.0573,0.32245,2.36069,0.0039
001873#11,001873,11,6,car,3072.0,0,0.904288,1,2.086,0.889537467589,-9.8906,11.9767,9.2467,65.4405,0.37214,2.43248,0.0547
001873#12,001873,12,6,car,3157.0,0,0.769789,1,1.5261,0.821440039966,-9.8906,11.4168,7.3569,54.6406,0.31922,2.06552,0.0234
001873#13,001873,13,6,car,3024.0,0,0.858144,1,0.885,0.707867573851,-9.8906,10.7757,8.3549,56.0847,0.35144,2.13409,0.0234
001881#0,001881,0,8,light,5358.0,0,0.582263,1,-22.4164,1.84e-10,-9.6719,-12.7445,6.6874,80.4006,0.303,2.24119,0.0
001881#4,001881,4,8,light,8300.0,0,0.722865,1,2.2495,0.904608655525,-9.6719,11.9214,9.0165,55.6548,0.35899,1.99076,0.0234
001881#8,001881,8,6,car,2754.0,0,0.771422,1,1.477,0.814123674688,-9.8906,11.3677,6.3943,52.7705,0.29417,1.97343,0.0391
001881#9,001881,9,6,car,5415.0,0,0.924031,1,2.3296,0.911296646055,-9.8906,12.2202,8.2703,60.1011,0.34977,2.18093,0.0586
001881#10,001881,10,6,car,2552.0,0,0.880612,1,2.1131,0.892173966283,-9.8906,12.0038,8.69,54.0577,0.35109,2.03876,0.0469
001884#0,001884,0,8,light,6000.0,0,0.754789,1,-11.2515,1.2986999e-05,-9.6719,-1.5797,5.9704,57.9457,0.29354,2.03371,0.0
001884#4,001884,4,8,light,8300.0,0,0.912723,1,-4.2289,0.014359014249,-9.6719,5.443,7.8616,54.8594,0.33577,2.04385,0.0039
001884#8,001884,8,6,car,2550.0,0,0.878359,1,1.446,0.809385760293,-9.8906,11.3366,6.8598,56.8959,0.3041,2.09147,0.0508
001884#9,001884,9,6,car,6018.0,0,0.854292,1,2.1967,0.899951241176,-9.8906,12.0873,7.4234,55.4069,0.33441,2.10724,0.0352
001884#10,001884,10,6,car,2601.0,0,0.732653,1,1.6986,0.845357633944,-9.8906,11.5893,8.9404,56.9648,0.37111,2.15229,0.0352
001884#11,001884,11,6,car,2862.0,0,0.747894,1,1.6313,0.83634855787,-9.8906,11.5219,9.4976,56.2933,0.36506,2.11498,0.0586
001884#12,001884,12,6,car,2745.0,0,0.719587,1,2.0009,0.880888566138,-9.8906,11.8915,8.5303,57.4488,0.34637,2.12636,0.0508
001884#13,001884,13,6,car,2256.0,0,0.737447,1,0.7712,0.683784583726,-9.8906,10.6618,7.8654,51.7227,0.34287,1.95229,0.0273
001884#14,001884,14,6,car,3332.0,0,0.726612,1,-1.913,0.128644501477,-9.8906,7.9776,7.1238,47.6305,0.32141,1.88052,0.0156
001898#0,001898,0,8,light,6000.0,0,0.922704,1,-15.4553,1.94022e-07,-9.6719,-5.7834,7.0242,60.8153,0.31002,2.04739,0.0
001898#4,001898,4,8,light,8300.0,0,0.960986,1,-16.0303,1.09178e-07,-9.6719,-6.3584,7.9021,73.071,0.33019,2.40185,0.0
001898#7,001898,7,6,car,2860.0,0,0.762476,1,1.6397,0.837488392545,-9.8906,11.5303,6.7048,57.1608,0.30165,2.16206,0.0391
001898#8,001898,8,6,car,2867.0,0,0.868291,1,2.1415,0.894871852966,-9.8906,12.0321,8.0153,54.2899,0.3405,2.13613,0.0312
001898#9,001898,9,6,car,2520.0,0,0.861539,1,1.8487,0.863968965417,-9.8906,11.7393,7.462,53.781,0.33082,2.06013,0.0273
001898#10,001898,10,6,car,2562.0,0,0.894293,1,1.9253,0.87272369327,-9.8906,11.8159,8.8149,57.0182,0.35211,2.12156,0.0234
001898#11,001898,11,6,car,3444.0,0,0.750546,1,2.0807,0.889012171442,-9.8906,11.9713,7.7633,54.0081,0.32547,2.08486,0.0
001898#12,001898,12,6,car,5445.0,0,0.771401,1,2.2145,0.901547842262,-9.8906,12.1052,8.9895,57.3068,0.3542,2.12203,0.0391
001898#13,001898,13,6,car,2714.0,0,0.831039,1,1.4715,0.813281421723,-9.8906,11.3621,8.4129,60.5571,0.35905,2.23151,0.0117
001898#14,001898,14,6,car,2852.0,0,0.891637,1,-7.7523,0.00042958504,-9.8906,2.1384,7.3821,55.6607,0.33507,2.28691,0.0117
001970#1,001970,1,8,light,8851.0,0,0.870789,1,-12.6867,3.091829e-06,-9.6719,-3.0149,8.2009,55.8862,0.34043,2.00027,0.0
001970#3,001970,3,8,light,3920.0,0,0.843974,1,2.0054,0.881364642474,-9.6719,11.6773,8.9412,56.7077,0.35566,2.0564,0.0469
001970#7,001970,7,8,light,8415.0,0,0.944866,1,-15.9395,1.1956e-07,-9.6719,-6.2676,7.4287,72.1661,0.32808,2.37617,0.0
001970#8,001970,8,6,car,2627.0,0,0.737091,1,1.8713,0.866605179447,-9.8906,11.7619,7.8831,53.9917,0.3262,2.04545,0.0234
001970#9,001970,9,6,car,4611.0,0,0.686366,1,1.8624,0.865572675994,-9.8906,11.753,8.9716,53.4946,0.35975,1.97334,0.0469
001970#10,001970,10,6,car,3108.0,0,0.689325,1,1.8348,0.862326749283,-9.8906,11.7254,7.477,55.6272,0.32759,2.10303,0.0508
002048#2,002048,2,8,light,7938.0,0,0.698954,1,-16.2827,8.4826e-08,-9.6719,-6.6108,6.7207,58.7632,0.31955,1.90494,0.0
002048#3,002048,3,8,light,6150.0,0,0.771323,1,-9.5295,7.2671988e-05,-9.6719,0.1424,9.7658,63.6879,0.3603,2.21308,0.0078
002048#4,002048,4,8,light,7938.0,0,0.789347,1,-8.0779,0.000310237018,-9.6719,1.594,7.8521,54.8737,0.3443,2.08028,0.0
002048#7,002048,7,8,light,3927.0,0,0.694372,1,1.7948,0.857515438166,-9.6719,11.4667,9.553,52.3522,0.36417,1.79407,0.0352
002048#8,002048,8,6,car,1922.0,0,0.808095,1,2.2361,0.903441060688,-9.8906,12.1267,10.1837,54.1453,0.37074,2.00309,0.0352
002048#9,002048,9,6,car,4324.0,0,0.639816,1,2.3221,0.910688302076,-9.8906,12.2127,8.5112,57.8401,0.34935,2.14958,0.0508
002048#10,002048,10,6,car,4416.0,0,0.645545,1,2.2226,0.902258952426,-9.8906,12.1132,9.3004,56.2654,0.37241,2.09329,0.0547
002097#3,002097,3,8,light,6762.0,0,0.870521,1,-17.0372,3.9889e-08,-9.6719,-7.3653,8.8253,80.3826,0.35737,2.59108,0.0
002097#4,002097,4,8,light,8442.0,0,0.963671,1,-13.1798,1.888453e-06,-9.6719,-3.5079,8.9603,68.4922,0.36453,2.36861,0.0039
002097#7,002097,7,6,car,2183.0,0,0.956042,1,2.384,0.915599855374,-9.8906,12.2746,10.2206,54.6403,0.36718,2.02183,0.0352
002097#8,002097,8,6,car,2754.0,0,0.971117,1,2.2368,0.903503937117,-9.8906,12.1274,8.2594,58.9019,0.34649,2.17828,0.0469
002097#9,002097,9,6,car,3528.0,0,0.942351,1,2.5008,0.924195822067,-9.8906,12.3914,9.3304,57.8087,0.36651,2.15158,0.0586
002097#10,002097,10,8,light,3509.0,0,0.88579,1,1.954,0.875884997132,-9.6719,11.6259,8.941,55.0892,0.35065,1.92841,0.0391
002102#0,002102,0,8,light,6278.0,0,0.889404,1,-8.4317,0.000217802396,-9.6719,1.2402,6.4864,42.8342,0.31021,1.74614,0.0
002102#1,002102,1,2,animal,7138.0,0,0.898235,1,-3.2441,0.037540143747,-9.7578,6.5137,7.3641,45.7454,0.32357,1.84786,0.0
002102#2,002102,2,2,animal,6789.0,0,0.812633,1,1.6877,0.84392387044,-9.7578,11.4455,7.7708,51.9101,0.33318,2.03037,0.0234
002102#3,002102,3,2,animal,5544.0,0,0.8067,1,1.0569,0.742095500114,-9.7578,10.8147,6.2578,47.534,0.30429,1.86192,0.0234
002102#4,002102,4,2,animal,6000.0,0,0.902926,1,1.826,0.861285688022,-9.7578,11.5838,8.4748,52.9342,0.33455,2.0352,0.0117
002102#5,002102,5,2,animal,5025.0,0,0.72439,1,1.6306,0.836250376333,-9.7578,11.3884,8.4266,52.2574,0.33466,2.00302,0.0234
002102#6,002102,6,2,animal,5576.0,0,0.854488,1,1.9888,0.879614312899,-9.7578,11.7466,9.5695,53.367,0.37,2.08188,0.0312
002102#7,002102,7,2,animal,6150.0,0,0.89583,1,-1.1229,0.245476760758,-9.7578,8.6349,8.4764,48.1156,0.34099,1.92617,0.0039
002102#8,002102,8,2,animal,5751.0,0,0.753379,1,1.2239,0.772740747048,-9.7578,10.9817,7.6905,49.2487,0.33075,1.91223,0.0195
002156#0,002156,0,2,animal,4136.0,0,0.913585,1,1.3182,0.788877013437,-9.7578,11.076,8.7107,52.1376,0.35096,2.0052,0.0508
002156#1,002156,1,2,animal,3294.0,0,0.847042,1,1.6378,0.837230451726,-9.7578,11.3956,8.1774,51.3835,0.34901,1.94311,0.0273
002156#2,002156,2,2,animal,4284.0,0,0.896927,1,1.3738,0.797998371148,-9.7578,11.1316,8.0429,47.0792,0.3344,1.83657,0.0078
002156#3,002156,3,2,animal,6464.0,0,0.646623,1,-0.5732,0.360505313657,-9.7578,9.1846,7.2449,43.242,0.332,1.72579,0.0
002156#4,002156,4,2,animal,8528.0,0,0.756465,1,-9.3851,8.3962565e-05,-9.7578,0.3728,7.0903,42.8247,0.32236,1.85547,0.0039
002156#7,002156,7,2,animal,5796.0,0,0.743246,1,-2.1468,0.104628035073,-9.7578,7.611,6.9619,47.3902,0.31195,1.8822,0.0
002156#8,002156,8,2,animal,2993.0,0,0.603629,1,0.6228,0.650861786077,-9.7578,10.3806,6.7825,48.2528,0.31112,1.90857,0.0
002156#9,002156,9,2,animal,5544.0,0,0.772629,1,0.0069,0.501714222867,-9.7578,9.7647,7.6813,44.1106,0.3191,1.78036,0.0039
002207#0,002207,0,9,garbage_can,1050.0,0,0.58181,1,-1.2162,0.228612284071,-9.7266,8.5104,7.7627,62.1063,0.35645,2.04903,0.0078
002207#1,002207,1,2,animal,5476.0,0,0.836449,1,-12.7106,3.018819e-06,-9.7578,-2.9528,7.2682,66.3727,0.33137,2.41495,0.0039
002235#3,002235,3,0,person,3404.0,0,0.748586,1,0.1802,0.544917516919,-9.7188,9.8989,7.161,49.6488,0.32185,1.70189,0.0195
002235#5,002235,5,0,person,6272.0,0,0.851208,1,1.9606,0.876598479609,-9.7188,11.6794,7.958,57.1539,0.33455,1.88975,0.0391
002235#6,002235,6,0,person,1932.0,0,0.286546,0,-17.7851,1.8881e-08,-9.7188,-8.0664,6.236,55.103,0.29217,1.70898,0.0
002235#7,002235,7,9,garbage_can,2867.0,0,0.797206,1,-2.1581,0.103577471709,-9.7266,7.5685,7.7078,53.2198,0.33285,1.84739,0.0078
002235#10,002235,10,8,light,1428.0,0,0.759042,1,1.8049,0.858743804871,-9.6719,11.4768,8.0386,54.8553,0.3533,1.86998,0.0586
002265#3,002265,3,0,person,1632.0,0,0.610473,1,1.9173,0.871840587506,-9.7188,11.6361,7.1629,48.9576,0.32913,1.78317,0.0039
002265#4,002265,4,0,person,1344.0,0,0.650971,1,-3.1475,0.041190744192,-9.7188,6.5713,6.5506,50.6509,0.30962,1.88816,0.0117
002276#0,002276,0,2,animal,5180.0,0,0.818347,1,2.3466,0.912663032078,-9.7578,12.1044,8.293,58.2674,0.34222,2.20062,0.0469
002276#1,002276,1,2,animal,2436.0,0,0.802478,1,1.9992,0.880708534916,-9.7578,11.757,7.4706,50.2608,0.32941,1.94603,0.0195
002276#2,002276,2,2,animal,3240.0,0,0.769014,1,1.6801,0.842916694233,-9.7578,11.4379,8.4708,52.544,0.34123,2.01457,0.0508
002276#3,002276,3,2,animal,5025.0,0,0.802334,1,1.7857,0.85639573676,-9.7578,11.5435,9.1324,52.9316,0.34931,2.01206,0.0234
002276#6,002276,6,2,animal,5096.0,0,0.734637,1,0.8546,0.701528201106,-9.7578,10.6124,6.7684,48.1217,0.31818,1.84628,0.0117
002331#2,002331,2,2,animal,5478.0,0,0.625128,1,-8.9517,0.000129500735,-9.7578,0.8061,9.2988,55.7913,0.3562,2.06356,0.0
002331#3,002331,3,2,animal,3850.0,0,0.830071,1,1.9552,0.876009456469,-9.7578,11.713,8.9069,54.2371,0.35322,2.07152,0.0508
002331#4,002331,4,2,animal,8190.0,0,0.7848,1,-3.0289,0.046136597298,-9.7578,6.7289,6.8083,46.7004,0.31044,1.89136,0.0
002331#16,002331,16,4,sign,1334.0,0,0.714538,1,1.3199,0.78916198042,-9.8516,11.1714,10.3832,70.1096,0.39521,2.33747,0.0664
002331#18,002331,18,6,car,2415.0,1,0.0,0,-16.7061,5.5544e-08,-9.8906,-6.8155,6.5607,37.9887,0.29707,1.46822,0.0
002334#1,002334,1,4,sign,1232.0,0,0.855823,1,1.2456,0.776536564983,-9.8516,11.0972,10.4807,70.2117,0.39656,2.34682,0.0977
002334#8,002334,8,2,animal,6958.0,0,0.731468,1,-9.1868,0.00010237197,-9.7578,0.571,7.8455,56.5726,0.32341,2.14316,0.0
002334#9,002334,9,2,animal,1960.0,0,0.755964,1,1.8127,0.859685724225,-9.7578,11.5705,9.8811,51.8597,0.37695,1.95097,0.0234
002338#0,002338,0,0,person,6882.0,0,0.822112,1,-9.1868,0.000102368456,-9.7188,0.5319,6.8254,49.1643,0.32209,1.87001,0.0
002338#1,002338,1,0,person,7772.0,0,0.775285,1,-14.0955,7.55793e-07,-9.7188,-4.3767,6.6346,48.5458,0.3179,1.74402,0.0
002338#4,002338,4,2,animal,8806.0,0,0.757365,1,-14.7101,4.08788e-07,-9.7578,-4.9523,7.1628,61.8781,0.32025,2.34091,0.0
002338#5,002338,5,2,animal,4720.0,0,0.855985,1,1.1879,0.76637100266,-9.7578,10.9457,7.968,49.8954,0.3322,1.90056,0.0039
002357#0,002357,0,2,animal,2862.0,0,0.766114,1,1.8888,0.868622744437,-9.7578,11.6466,8.762,56.8102,0.36934,2.10784,0.0234
002357#1,002357,1,2,animal,4500.0,0,0.665927,1,1.9737,0.878005681315,-9.7578,11.7315,6.8773,53.3312,0.31197,2.00501,0.0234
002357#2,002357,2,2,animal,8100.0,0,0.739544,1,-1.9255,0.127249084865,-9.7578,7.8323,9.1809,46.7311,0.36809,1.81657,0.0078
002357#3,002357,3,2,animal,4864.0,1,0.0,0,-14.075,7.71482e-07,-9.7578,-4.3171,5.5752,32.9357,0.2803,1.4296,0.0
002359#0,002359,0,2,animal,2607.0,0,0.0,0,-14.1539,7.12924e-07,-9.7578,-4.3961,6.1604,49.9953,0.29068,2.11876,0.0039
002359#1,002359,1,2,animal,4590.0,0,0.833506,1,2.2816,0.90733868427,-9.7578,12.0394,7.9616,56.8405,0.33969,2.17921,0.043
002359#2,002359,2,2,animal,4466.0,0,0.822547,1,1.3412,0.792687818061,-9.7578,11.099,7.7328,48.5291,0.34857,1.92834,0.0195
002359#3,002359,3,2,animal,2537.0,0,0.621713,1,1.7889,0.856787257669,-9.7578,11.5467,8.7849,55.019,0.35531,2.01069,0.0195
002378#0,002378,0,2,animal,4032.0,0,0.796437,1,-1.9204,0.127813496648,-9.7578,7.8374,6.8323,48.0459,0.31271,1.95263,0.0469
002378#1,002378,1,2,animal,1073.0,0,0.789443,1,1.6372,0.8371541493,-9.7578,11.395,7.8052,49.4849,0.33733,1.86518,0.0039
002378#3,002378,3,2,animal,6800.0,0,0.751084,1,-1.1628,0.238161335293,-9.7578,8.595,8.5801,51.4235,0.34151,2.02026,0.0
002378#5,002378,5,2,animal,7844.0,0,0.806745,1,0.0041,0.501026628959,-9.7578,9.7619,8.164,51.818,0.33898,2.05272,0.0039
002378#6,002378,6,2,animal,2448.0,0,0.827798,1,2.2593,0.905448270933,-9.7578,12.0171,9.5562,55.431,0.35017,2.06165,0.0273
002380#2,002380,2,2,animal,7725.0,0,0.851832,1,-2.3158,0.089819236068,-9.7578,7.442,6.747,49.5607,0.31748,2.00926,0.0
002380#3,002380,3,2,animal,6468.0,0,0.91499,1,-0.137,0.465797516038,-9.7578,9.6208,9.0086,53.9089,0.3539,2.09713,0.0039
002380#4,002380,4,2,animal,1961.0,0,0.643994,1,2.0732,0.888271343418,-9.7578,11.831,7.393,52.3235,0.3116,1.96961,0.0312
002380#5,002380,5,2,animal,1189.0,0,0.655396,1,1.8585,0.865116618274,-9.7578,11.6163,8.2061,55.0479,0.33162,1.96813,0.0547
002380#6,002380,6,2,animal,4836.0,0,0.813286,1,-2.7571,0.059684986273,-9.7578,7.0007,7.9366,51.4251,0.33581,2.04794,0.0
002380#7,002380,7,2,animal,1480.0,0,0.821463,1,2.0562,0.886571736356,-9.7578,11.814,7.5336,52.5004,0.32717,2.00956,0.0273
002380#8,002380,8,2,animal,1287.0,0,0.742841,1,1.9035,0.870287206837,-9.7578,11.6613,10.1577,52.9256,0.35973,1.91748,0.0352
002380#9,002380,9,2,animal,2464.0,0,0.858375,1,2.0146,0.882320966255,-9.7578,11.7724,9.0406,55.3847,0.33641,2.04943,0.0312
002413#0,002413,0,0,person,3120.0,0,0.901216,1,1.5783,0.828957334078,-9.7188,11.297,8.0254,47.6741,0.3313,1.74805,0.0234
002517#1,002517,1,4,sign,5720.0,1,0.0,0,-19.7022,2.776e-09,-9.8516,-9.8506,6.2252,38.9317,0.30569,1.76242,0.0
002517#2,002517,2,4,sign,1950.0,1,0.0,0,-24.4879,2.3e-11,-9.8516,-14.6364,6.8058,46.4492,0.32379,1.95159,0.0
002517#4,002517,4,4,sign,2444.0,0,0.0,0,-19.1911,4.628e-09,-9.8516,-9.3395,6.451,42.4161,0.29904,1.80225,0.0039
002517#5,002517,5,4,sign,9204.0,0,0.0,0,-24.5595,2.2e-11,-9.8516,-14.7079,6.9779,47.4008,0.31928,1.7968,0.0039
002584#4,002584,4,8,light,1248.0,1,0.0,0,-17.2855,3.1118e-08,-9.6719,-7.6136,6.1355,40.0059,0.29645,1.70574,0.0
002584#6,002584,6,8,light,1431.0,1,0.0,0,-15.4329,1.98421e-07,-9.6719,-5.761,6.1945,42.3152,0.29606,1.73034,0.0
002625#6,002625,6,0,person,1725.0,0,0.382915,0,-5.5787,0.003763369821,-9.7188,4.1401,7.3709,38.2926,0.31703,1.486,0.0
002625#8,002625,8,0,person,3072.0,0,0.461733,0,-8.2236,0.000268180194,-9.7188,1.4952,5.6661,49.026,0.28675,1.95575,0.0117
002625#10,002625,10,0,person,2867.0,0,0.800402,1,-1.595,0.168688377391,-9.7188,8.1238,7.1596,49.608,0.32663,1.82766,0.0234
002625#13,002625,13,0,person,2346.0,0,0.868237,1,-5.7519,0.003166632259,-9.7188,3.9668,7.2581,46.409,0.31965,1.78243,0.0078
002625#14,002625,14,0,person,7943.0,0,0.882087,1,-7.1285,0.000801249803,-9.7188,2.5902,7.5042,42.1064,0.33393,1.5401,0.0
002625#18,002625,18,0,person,3328.0,0,0.901271,1,1.3913,0.800792429454,-9.7188,11.11,7.4673,48.4089,0.32949,1.66201,0.0117
002625#19,002625,19,0,person,1430.0,0,0.515,1,-5.2504,0.005218001582,-9.7188,4.4683,6.1554,40.4579,0.30092,1.57648,0.0
002625#20,002625,20,0,person,7968.0,0,0.544075,1,-1.7811,0.144163031012,-9.7188,7.9376,6.4408,41.4312,0.30739,1.58171,0.0
002625#21,002625,21,0,person,8525.0,0,0.783682,1,-16.4125,7.4498e-08,-9.7188,-6.6937,7.4639,45.1773,0.32651,1.47166,0.0
002625#22,002625,22,0,person,4120.0,0,0.682528,1,0.3868,0.595509325849,-9.7188,10.1055,6.922,44.9904,0.31076,1.61767,0.0195
002625#23,002625,23,0,person,4171.0,0,0.693411,1,1.231,0.774000046455,-9.7188,10.9498,7.7377,43.8978,0.33815,1.59067,0.0234
002625#24,002625,24,0,person,7544.0,0,0.813115,1,-12.7847,2.803291e-06,-9.7188,-3.066,8.8854,47.0873,0.36594,1.57211,0.0
002625#25,002625,25,0,person,1288.0,0,0.52667,1,-8.792,0.000151913767,-9.7188,0.9267,6.0938,43.6198,0.30063,1.77382,0.0
002625#26,002625,26,0,person,5490.0,0,0.758339,1,0.2492,0.561968282882,-9.7188,9.9679,8.108,42.2924,0.35198,1.49103,0.0039
002625#27,002625,27,0,person,2496.0,0,0.451658,0,-17.4869,2.5441e-08,-9.7188,-7.7681,7.8997,55.4124,0.33651,1.81939,0.0039
002625#28,002625,28,0,person,4588.0,0,0.868438,1,1.4904,0.816137205124,-9.7188,11.2091,7.8196,45.7702,0.33637,1.60074,0.0195
002625#29,002625,29,0,person,6292.0,0,0.723652,1,-13.8244,9.91126e-07,-9.7188,-4.1057,8.7813,53.0838,0.34064,1.60721,0.0
002625#30,002625,30,0,person,3100.0,0,0.681501,1,1.2943,0.784868496958,-9.7188,11.013,6.7612,45.5564,0.30231,1.57092,0.0273
002625#31,002625,31,0,person,3936.0,0,0.843634,1,-3.7544,0.022878442117,-9.7188,5.9643,6.6316,42.4716,0.30366,1.67872,0.0195
002625#32,002625,32,0,person,5070.0,0,0.68059,1,1.2974,0.785392500589,-9.7188,11.0161,7.2401,50.627,0.3314,1.71064,0.0117
002625#33,002625,33,0,person,1292.0,0,0.793471,1,0.7548,0.680228431359,-9.7188,10.4736,7.1529,47.0194,0.33294,1.58751,0.0078
002627#5,002627,5,0,person,2408.0,0,0.443469,0,-8.2587,0.000258933247,-9.7188,1.4601,6.5839,42.8881,0.31537,1.58604,0.0
002627#7,002627,7,0,person,1888.0,0,0.377125,0,-11.0878,1.5298012e-05,-9.7188,-1.369,6.9805,40.9332,0.3276,1.7487,0.0
002627#11,002627,11,5,bicycle,8352.0,1,0.0,0,-16.6874,5.6592e-08,-9.8438,-6.8436,5.923,31.5029,0.28098,1.33684,0.0
002627#12,002627,12,0,person,3939.0,0,0.585054,1,-6.3975,0.001662867141,-9.7188,3.3212,6.7569,43.3427,0.31125,1.70021,0.0
002627#15,002627,15,0,person,7436.0,0,0.786955,1,-5.0233,0.006539943294,-9.7188,4.6955,6.2327,45.4672,0.29334,1.70889,0.0156
002627#17,002627,17,0,person,7072.0,0,0.827222,1,-8.4946,0.000204526609,-9.7188,1.2241,7.7303,46.3795,0.32642,1.67004,0.0
002627#18,002627,18,0,person,8064.0,0,0.764618,1,-9.7191,6.0120187e-05,-9.7188,-0.0004,6.9056,45.2375,0.31698,1.56483,0.0
002627#19,002627,19,0,person,2120.0,0,0.503706,1,-4.4369,0.011693742438,-9.7188,5.2818,5.9947,42.6605,0.29968,1.63677,0.0117
002627#22,002627,22,0,person,8109.0,0,0.625003,1,-11.5069,1.0060193e-05,-9.7188,-1.7882,6.2465,43.0262,0.30302,1.61034,0.0
002627#23,002627,23,0,person,7602.0,0,0.751745,1,0.3769,0.593115009275,-9.7188,10.0956,6.3391,43.1289,0.31529,1.56059,0.0039
002627#26,002627,26,0,person,8528.0,0,0.772381,1,-4.1708,0.015204605918,-9.7188,5.5479,6.8071,37.9994,0.32235,1.46911,0.0
002627#27,002627,27,0,person,8758.0,0,0.723065,1,-13.7048,1.117122e-06,-9.7188,-3.986,7.1768,48.5764,0.31409,1.69981,0.0
002627#28,002627,28,0,person,5535.0,0,0.799167,1,-1.2355,0.225223683157,-9.7188,8.4833,6.846,39.4024,0.31747,1.43934,0.0
002627#30,002627,30,0,person,4662.0,0,0.744867,1,-1.472,0.186635031555,-9.7188,8.2467,7.0097,42.6461,0.32286,1.57368,0.0
002627#31,002627,31,0,person,5640.0,0,0.844009,1,-2.7803,0.058395401138,-9.7188,6.9384,6.7536,37.7758,0.31382,1.49108,0.0039
002627#32,002627,32,0,person,5848.0,0,0.469453,0,-5.4632,0.00422203826,-9.7188,4.2555,6.171,32.9497,0.29895,1.31546,0.0
002671#7,002671,7,0,person,5184.0,0,0.69998,1,-12.2848,4.621308e-06,-9.7188,-2.5661,8.3152,56.4892,0.33039,1.89961,0.0
002671#9,002671,9,0,person,3348.0,0,0.623139,1,-4.1719,0.015189319853,-9.7188,5.5469,5.7861,43.4557,0.28792,1.66607,0.0
002671#11,002671,11,0,person,4350.0,0,0.617835,1,-16.9799,4.2242e-08,-9.7188,-7.2611,7.1833,64.6557,0.33302,2.03678,0.0039
002671#12,002671,12,0,person,7450.0,0,0.862495,1,-2.247,0.09560461739,-9.7188,7.4717,6.7403,43.8294,0.30984,1.58011,0.0
002671#13,002671,13,0,person,4554.0,0,0.785217,1,0.7712,0.68377798508,-9.7188,10.4899,7.6371,42.0435,0.34649,1.48073,0.0078
002671#14,002671,14,0,person,2425.0,0,0.662934,1,-0.064,0.484008046627,-9.7188,9.6548,7.3948,42.1544,0.32098,1.50879,0.0
002671#15,002671,15,0,person,3333.0,0,0.652287,1,1.4842,0.815208067517,-9.7188,11.203,7.3267,46.0378,0.33399,1.59287,0.0234
002671#16,002671,16,0,person,2366.0,0,0.726423,1,0.8625,0.703181755789,-9.7188,10.5812,8.055,47.4866,0.3482,1.60196,0.0
002671#17,002671,17,0,person,4953.0,0,0.762222,1,1.6332,0.836605276941,-9.7188,11.3519,8.5616,46.1197,0.36035,1.59064,0.0273
002671#18,002671,18,0,person,2904.0,0,0.75298,1,1.5784,0.828981536864,-9.7188,11.2972,7.5228,44.5055,0.32376,1.5749,0.0117
002671#19,002671,19,0,person,5781.0,0,0.803897,1,1.5412,0.823644043293,-9.7188,11.26,7.4401,49.7313,0.33654,1.67142,0.0156
002671#20,002671,20,0,person,4592.0,0,0.648333,1,1.3349,0.791649037278,-9.7188,11.0536,6.9025,50.5306,0.31767,1.68621,0.0273
002671#21,002671,21,0,person,3030.0,0,0.657677,1,1.4032,0.802696952424,-9.7188,11.122,8.0196,52.2307,0.32686,1.7353,0.0586
002671#22,002671,22,0,person,2781.0,0,0.572299,1,1.7485,0.851761806063,-9.7188,11.4672,7.3628,50.4417,0.31355,1.75065,0.0508
002671#23,002671,23,0,person,4708.0,0,0.657112,1,1.4367,0.807949005937,-9.7188,11.1555,6.1466,48.9581,0.2959,1.68755,0.0273
002671#24,002671,24,0,person,5780.0,0,0.566756,1,-10.8188,2.0020168e-05,-9.7188,-1.1,6.9804,42.2278,0.31766,1.59107,0.0
002677#0,002677,0,0,person,6768.0,0,0.757767,1,-0.5064,0.376035788714,-9.7188,9.2123,7.0329,35.5907,0.31891,1.21775,0.0039
002677#1,002677,1,0,person,4235.0,0,0.637992,1,1.6099,0.833397435752,-9.7188,11.3286,6.9138,50.0754,0.31565,1.76061,0.0234
002677#16,002677,16,4,sign,1443.0,0,0.683998,1,-3.1031,0.042977629534,-9.8516,6.7484,6.7481,50.0975,0.31417,1.9822,0.0117
002677#17,002677,17,4,sign,2419.0,0,0.641468,1,2.0996,0.890867431595,-9.8516,11.9512,8.7257,58.5577,0.3257,2.11172,0.0352
002677#18,002677,18,9,garbage_can,8827.0,0,0.706492,1,-5.7544,0.003158799909,-9.7266,3.9722,7.7109,61.7519,0.32905,2.07161,0.0391
002707#11,002707,11,4,sign,2585.0,0,0.687189,1,2.3867,0.91580737484,-9.8516,12.2383,10.7447,67.4787,0.37482,2.33691,0.0742
002707#12,002707,12,4,sign,2632.0,0,0.752954,1,2.3575,0.913531242199,-9.8516,12.2091,8.5838,59.7655,0.34524,2.14912,0.0273
002707#13,002707,13,9,garbage_can,6840.0,0,0.57763,1,-4.9779,0.006841340726,-9.7266,4.7487,6.7025,61.7338,0.3184,2.08517,0.0117
002750#1,002750,1,4,sign,1786.0,0,0.748334,1,2.001,0.880899572653,-9.8516,11.8525,8.0502,65.3484,0.35467,2.28646,0.0586
002750#4,002750,4,8,light,4600.0,0,0.775753,1,0.4773,0.617114990975,-9.6719,10.1492,8.0744,48.3747,0.35182,1.71683,0.0117
002750#12,002750,12,0,person,1166.0,0,0.817045,1,1.0691,0.744434685897,-9.7188,10.7879,8.8536,49.1006,0.37745,1.62585,0.043
002750#13,002750,13,0,person,1482.0,0,0.69074,1,0.2972,0.573769135935,-9.7188,10.016,6.3159,45.117,0.29976,1.49198,0.0156
002750#14,002750,14,0,person,1173.0,0,0.674824,1,1.2623,0.779423182007,-9.7188,10.9811,9.0437,52.8894,0.36796,1.71615,0.0664
002750#16,002750,16,0,person,1365.0,0,0.747339,1,1.1059,0.751362494166,-9.7188,10.8246,8.7479,49.2444,0.33686,1.63908,0.0273
002750#18,002750,18,0,person,1682.0,0,0.636198,1,1.2304,0.773889925936,-9.7188,10.9492,8.4227,50.7068,0.3574,1.6921,0.0352
002750#19,002750,19,0,person,2610.0,0,0.858319,1,1.6319,0.836428034545,-9.7188,11.3506,8.9019,50.2702,0.34751,1.7057,0.0234
002750#20,002750,20,0,person,2652.0,0,0.584691,1,1.5808,0.829321035433,-9.7188,11.2996,6.448,47.3949,0.30197,1.67264,0.0273
002750#21,002750,21,0,person,2700.0,0,0.735434,1,1.9062,0.870592111262,-9.7188,11.625,7.4992,48.4846,0.31385,1.67902,0.0312
002750#22,002750,22,0,person,5194.0,0,0.745888,1,1.8253,0.861202720351,-9.7188,11.5441,7.0444,56.0577,0.31455,1.85113,0.0508
002750#23,002750,23,0,person,2544.0,0,0.533251,1,1.5844,0.829820323568,-9.7188,11.3031,6.628,49.3455,0.30209,1.71276,0.0312
002750#25,002750,25,0,person,6768.0,0,0.817205,1,-5.6394,0.003542373823,-9.7188,4.0793,7.0237,40.1421,0.31688,1.5303,0.0
002762#1,002762,1,8,light,1786.0,0,0.55918,1,0.8661,0.7039236686,-9.6719,10.5379,7.706,55.5254,0.34339,1.92765,0.0195
002839#1,002839,1,0,person,1920.0,0,0.793708,1,1.4746,0.81375524314,-9.7188,11.1933,6.6636,49.2594,0.31635,1.70182,0.0352
002839#2,002839,2,0,person,2597.0,0,0.918494,1,1.3827,0.799419230348,-9.7188,11.1014,7.7521,43.0448,0.32906,1.56839,0.0312
002839#3,002839,3,0,person,5328.0,0,0.399489,0,1.5703,0.8278202692,-9.7188,11.289,6.3086,46.6892,0.30272,1.72245,0.0195
002839#4,002839,4,0,person,3348.0,1,0.0,0,-19.9577,2.15e-09,-9.7188,-10.239,5.4203,29.4551,0.27492,1.27906,0.0039
002842#3,002842,3,0,person,2911.0,1,0.0,0,-17.3881,2.8082e-08,-9.7188,-7.6694,5.9656,33.901,0.29372,1.34716,0.0
002842#4,002842,4,0,person,2268.0,1,0.0,0,-18.3144,1.1122e-08,-9.7188,-8.5956,5.9239,29.3779,0.2868,1.17268,0.0
002844#1,002844,1,0,person,4512.0,0,0.670717,1,-13.3862,1.536128e-06,-9.7188,-3.6675,7.2279,49.5612,0.32465,1.70354,0.0
002844#2,002844,2,0,person,2220.0,0,0.0,0,-9.0849,0.000113355053,-9.7188,0.6339,7.0969,44.7206,0.33086,1.82365,0.0156
002844#3,002844,3,0,person,4278.0,0,0.595154,1,-11.0715,1.5549042e-05,-9.7188,-1.3527,6.1379,42.2333,0.29973,1.68054,0.0
002935#0,002935,0,0,person,1580.0,0,0.692841,1,-0.3226,0.420035180472,-9.7188,9.3961,9.0596,44.2628,0.36879,1.57972,0.0156
002935#1,002935,1,0,person,1200.0,0,0.565443,1,-1.3542,0.20518015741,-9.7188,8.3645,7.8471,41.2378,0.34637,1.55603,0.0
002955#0,002955,0,9,garbage_can,7558.3,1,0.0,0,-16.6606,5.8126e-08,-9.7266,-6.9341,5.8719,40.6959,0.29354,1.72201,0.0
002955#1,002955,1,9,garbage_can,5230.6,1,0.0,0,-13.8718,9.45218e-07,-9.7266,-4.1453,6.3482,33.0212,0.29919,1.43537,0.0039
002955#4,002955,4,5,bicycle,3438.8,0,0.47257,0,-6.2168,0.001991696237,-9.8438,3.627,6.1746,45.4066,0.29509,1.80722,0.0156
002955#5,002955,5,5,bicycle,2549.8,0,0.861597,1,-1.6234,0.164731158651,-9.8438,8.2203,6.7374,53.2291,0.31504,1.9768,0.0
002955#6,002955,6,0,person,4307.7,0,0.746825,1,-0.5112,0.374909142174,-9.7188,9.2075,6.7845,37.6761,0.30729,1.39756,0.0156
002955#7,002955,7,0,person,7273.0,0,0.42703,0,-13.7505,1.067143e-06,-9.7188,-4.0318,6.6375,35.8536,0.30253,1.48933,0.0
002955#8,002955,8,0,person,6514.2,0,0.280669,0,-14.1522,7.14109e-07,-9.7188,-4.4335,6.2981,39.921,0.29474,1.64578,0.0
002955#9,002955,9,0,person,1027.7,0,0.787783,1,-6.4745,0.001539941592,-9.7188,3.2443,6.416,46.4841,0.31897,1.76528,0.0195
002955#10,002955,10,0,person,4537.7,0,0.930912,1,-5.2445,0.005248937817,-9.7188,4.4743,7.9694,42.2635,0.34944,1.52026,0.0195
002955#11,002955,11,0,person,5115.2,0,0.942306,1,0.4602,0.613064408835,-9.7188,10.179,7.0645,51.8157,0.31746,1.85062,0.0234
002955#12,002955,12,0,person,6767.5,0,0.894858,1,-16.9542,4.3339e-08,-9.7188,-7.2355,7.9821,63.7806,0.33917,1.94651,0.0
002955#13,002955,13,0,person,7645.9,0,0.898521,1,-12.366,4.260859e-06,-9.7188,-2.6473,7.1155,48.4523,0.32505,1.77206,0.0
002955#14,002955,14,0,person,8474.4,0,0.839856,1,-13.7279,1.091523e-06,-9.7188,-4.0092,6.8414,54.8559,0.30945,1.84952,0.0
002955#16,002955,16,0,person,5538.7,0,0.947326,1,1.2529,0.77780543835,-9.7188,10.9717,7.5557,50.5795,0.33596,1.70238,0.0234
002955#17,002955,17,0,person,8883.7,0,0.870173,1,-10.9964,1.676196e-05,-9.7188,-1.2776,7.0113,44.1866,0.31875,1.60681,0.0
002955#20,002955,20,5,bicycle,1469.9,0,0.563288,1,-12.2093,4.983859e-06,-9.8438,-2.3656,6.4971,56.8954,0.30764,2.33216,0.0
002955#23,002955,23,5,bicycle,2873.4,0,0.0,0,-15.982,1.14581e-07,-9.8438,-6.1382,6.4526,47.4514,0.30231,1.73541,0.0312
002955#24,002955,24,5,bicycle,1135.6,0,0.377696,0,-1.9127,0.128681226855,-9.8438,7.9311,6.2666,44.7344,0.29913,1.67538,0.0039
002987#0,002987,0,0,person,1836.0,0,0.0,0,-17.7165,2.0221e-08,-9.7188,-7.9978,6.3947,46.721,0.30296,1.93509,0.0
002987#1,002987,1,0,person,1449.0,0,0.0,0,-15.7535,1.43994e-07,-9.7188,-6.0347,5.9666,36.8881,0.30053,1.50486,0.0
002987#2,002987,2,0,person,2496.0,0,0.808505,1,1.4772,0.814143300868,-9.7188,11.1959,7.4693,45.8102,0.31005,1.64716,0.0273
002987#3,002987,3,0,person,1612.0,1,0.0,0,-18.352,1.0711e-08,-9.7188,-8.6333,7.2387,47.0188,0.32087,1.97447,0.0039
002987#4,002987,4,0,person,3612.0,0,0.645807,1,0.9043,0.711827798237,-9.7188,10.623,7.2753,50.9491,0.3009,1.70617,0.0156
002987#6,002987,6,0,person,6350.0,0,0.830935,1,-14.1519,7.1431e-07,-9.7188,-4.4332,7.0953,57.1229,0.3197,1.95302,0.0039
002987#7,002987,7,0,person,8235.0,0,0.88558,1,-14.1499,7.15777e-07,-9.7188,-4.4311,5.725,36.8738,0.29243,1.47429,0.0
002987#8,002987,8,5,bicycle,3102.0,0,0.64012,1,-13.9943,8.36247e-07,-9.8438,-4.1506,7.0766,41.2048,0.31832,1.6118,0.0156
002987#9,002987,9,5,bicycle,1755.0,0,0.764484,1,-12.2472,4.79869e-06,-9.8438,-2.4034,7.2469,39.3962,0.3216,1.56893,0.0039
002987#10,002987,10,9,garbage_can,1800.0,0,0.0,0,-9.4469,7.8929353e-05,-9.7266,0.2797,6.1457,53.9079,0.29353,1.8554,0.0039
002987#11,002987,11,0,person,1664.0,0,0.730128,1,-6.497,0.001505715557,-9.7188,3.2218,7.1234,47.1843,0.32774,1.84648,0.0039
002987#12,002987,12,0,person,1122.0,1,0.0,0,-17.5609,2.3627e-08,-9.7188,-7.8421,5.6,39.0653,0.28456,1.59522,0.0
002987#13,002987,13,5,bicycle,3760.0,0,0.57694,1,-3.2929,0.035815003002,-9.8438,6.5508,6.4515,48.7322,0.30921,1.75973,0.0234
002987#14,002987,14,5,bicycle,2337.0,1,0.0,0,-13.3143,1.650748e-06,-9.8438,-3.4705,6.1604,49.3662,0.30314,2.16305,0.0
002987#15,002987,15,5,bicycle,3864.0,1,0.0,0,-17.8316,1.8024e-08,-9.8438,-7.9878,6.1291,46.4523,0.29734,1.64608,0.0
003007#6,003007,6,0,person,1215.0,1,0.0,0,-19.614,3.032e-09,-9.7188,-9.8953,6.3842,55.1236,0.30577,2.30528,0.0234
003007#8,003007,8,0,person,4590.0,0,0.496679,0,-0.2947,0.426856034761,-9.7188,9.4241,7.2458,44.3241,0.31703,1.60728,0.0078
003007#9,003007,9,0,person,2336.0,0,0.838111,1,0.0272,0.506796656601,-9.7188,9.7459,6.3968,48.5265,0.29783,1.67495,0.0078
003013#6,003013,6,4,sign,1716.0,0,0.0,0,-12.8914,2.519578e-06,-9.8516,-3.0399,6.3419,52.1752,0.30678,2.07435,0.0078
003017#4,003017,4,0,person,1271.0,0,0.896572,1,2.0179,0.882667886649,-9.7188,11.7367,7.7423,45.4588,0.32844,1.64485,0.0156
003026#4,003026,4,6,car,1860.0,0,0.0,0,-19.7814,2.565e-09,-9.8906,-9.8907,6.1539,48.145,0.30277,1.86256,0.0117
003056#1,003056,1,0,person,2048.0,1,0.0,0,-17.4015,2.7711e-08,-9.7188,-7.6827,6.1487,45.3855,0.30007,2.00207,0.0
003056#2,003056,2,0,person,1824.0,0,0.778546,1,1.2636,0.779646412091,-9.7188,10.9824,7.7626,45.9501,0.34591,1.71515,0.0078
003056#3,003056,3,0,person,1862.0,1,0.0,0,-17.3658,2.8717e-08,-9.7188,-7.647,6.1572,49.5357,0.30011,2.11166,0.0
003056#4,003056,4,0,person,1128.0,0,0.651272,1,1.8295,0.861699220517,-9.7188,11.5482,7.0416,47.1417,0.32087,1.69706,0.0234
003056#7,003056,7,5,bicycle,4680.0,0,0.680067,1,-11.3326,1.1975749e-05,-9.8438,-1.4889,5.8156,63.6813,0.29123,2.1892,0.0039
003056#8,003056,8,5,bicycle,1392.0,1,0.0,0,-19.2662,4.293e-09,-9.8438,-9.4225,6.0037,45.0907,0.29443,2.01548,0.0
003056#9,003056,9,5,bicycle,3808.0,0,0.368337,0,-6.0082,0.002452361839,-9.8438,3.8355,8.1598,45.1572,0.35029,1.57531,0.0234
003056#10,003056,10,5,bicycle,1696.0,0,0.436426,0,-5.6148,0.003630181884,-9.8438,4.2289,6.9415,42.3711,0.31597,1.69503,0.0
003056#11,003056,11,3,seat,5985.0,0,0.0,0,-18.3259,1.0994e-08,-9.8516,-8.4743,6.1015,36.8196,0.30153,1.55906,0.0
003148#0,003148,0,2,animal,6120.0,1,0.0,0,-16.7567,5.2802e-08,-9.7578,-6.9989,5.5045,33.4956,0.28259,1.5126,0.0
003148#2,003148,2,2,animal,6771.0,0,0.917401,1,-7.5019,0.000551743499,-9.7578,2.2559,6.0868,49.3941,0.29795,2.04228,0.0
003148#3,003148,3,2,animal,4600.0,0,0.907278,1,2.0973,0.890637090668,-9.7578,11.8551,8.0761,55.256,0.33835,2.10447,0.0195
003148#6,003148,6,2,animal,4830.0,0,0.926499,1,2.1054,0.891425085607,-9.7578,11.8632,8.8147,55.4175,0.35282,2.09578,0.0234
003148#7,003148,7,0,person,1219.0,1,0.0,0,-18.9193,6.074e-09,-9.7188,-9.2006,6.0566,43.857,0.29702,1.87047,0.0
003148#8,003148,8,0,person,1121.0,1,0.0,0,-15.205,2.49202e-07,-9.7188,-5.4863,6.0823,35.0732,0.3054,1.43692,0.0
003160#0,003160,0,2,animal,3842.0,0,0.927495,1,1.9145,0.871519183873,-9.7578,11.6723,9.8028,49.2262,0.35959,1.86122,0.0117
003160#1,003160,1,2,animal,2940.0,0,0.889101,1,1.6788,0.842739323782,-9.7578,11.4366,8.6484,48.3797,0.33451,1.86838,0.0117
003160#2,003160,2,2,animal,4136.0,0,0.351196,0,-9.3467,8.7248786e-05,-9.7578,0.4112,6.3815,44.7212,0.30179,1.91236,0.0
003160#3,003160,3,2,animal,2964.0,0,0.256447,0,-13.1771,1.893535e-06,-9.7578,-3.4193,6.5876,44.8976,0.30748,1.94048,0.0
003160#4,003160,4,2,animal,3658.0,0,0.316492,0,-10.9756,1.7113856e-05,-9.7578,-1.2178,6.5005,40.8214,0.31789,1.68546,0.0
003160#5,003160,5,2,animal,9112.0,0,0.794638,1,-0.0677,0.483089700087,-9.7578,9.6901,7.1567,42.1854,0.33455,1.64746,0.0039
003160#7,003160,7,2,animal,4270.0,0,0.477363,0,-5.0681,0.006254730235,-9.7578,4.6897,6.7867,44.3639,0.31093,1.68932,0.0
003160#8,003160,8,2,animal,8640.0,0,0.9592,1,-17.3403,2.9457e-08,-9.7578,-7.5825,7.4155,64.8286,0.32119,2.02119,0.0078
003160#9,003160,9,2,animal,2014.0,0,0.882962,1,2.0237,0.883264800629,-9.7578,11.7815,7.3782,49.46,0.31392,1.90594,0.0117
003160#11,003160,11,2,animal,8855.0,0,0.628638,1,-1.1777,0.235474227485,-9.7578,8.5802,6.793,41.9228,0.30707,1.70543,0.0
003160#13,003160,13,2,animal,4176.0,0,0.771279,1,1.593,0.831039428257,-9.7578,11.3508,8.8258,50.119,0.34855,1.95569,0.0312
003160#14,003160,14,2,animal,1482.0,0,0.831829,1,1.0988,0.750029596257,-9.7578,10.8566,7.666,47.3537,0.33242,1.86114,0.0234
003160#15,003160,15,2,animal,6391.0,0,0.777947,1,1.2354,0.774760007829,-9.7578,10.9932,7.1592,47.6272,0.31438,1.81142,0.0195
003160#17,003160,17,2,animal,4988.0,0,0.872278,1,1.0531,0.74136400065,-9.7578,10.8109,8.3154,48.2572,0.36874,1.88373,0.0039
003160#18,003160,18,2,animal,8342.0,0,0.750403,1,-5.6635,0.003458519212,-9.7578,4.0944,6.3899,36.1448,0.29021,1.45058,0.0
003160#19,003160,19,2,animal,2420.0,0,0.869631,1,1.8042,0.85866500609,-9.7578,11.5621,9.5369,53.0801,0.3497,1.92807,0.043
003160#20,003160,20,2,animal,2150.0,0,0.859548,1,1.6474,0.838541266855,-9.7578,11.4052,8.8409,51.993,0.33616,1.9457,0.0273
003160#21,003160,21,4,sign,4800.0,0,0.0,0,-6.2919,0.001847865696,-9.8516,3.5597,7.6426,43.8539,0.34858,1.82759,0.0
003198#1,003198,1,2,animal,6745.0,0,0.981969,1,-2.7775,0.058549523744,-9.7578,6.9803,6.9337,52.3992,0.31743,2.05495,0.0
003198#4,003198,4,2,animal,5125.0,0,0.928617,1,2.984,0.951845834495,-9.7578,12.7418,9.1094,57.6242,0.3472,2.19512,0.043
003257#5,003257,5,0,person,6900.0,0,0.472113,0,-2.7346,0.060964151643,-9.7188,6.9842,6.6014,52.3516,0.29687,1.83352,0.0195
003262#0,003262,0,1,boat,3375.0,0,0.760854,1,-0.775,0.315403112292,-9.75,8.975,7.4919,51.9851,0.34824,1.89097,0.0
003262#1,003262,1,1,boat,3325.0,0,0.640353,1,-3.6756,0.024708166818,-9.75,6.0744,6.5718,44.1864,0.30834,1.69158,0.0039
003262#4,003262,4,2,animal,2601.0,0,0.863528,1,2.34,0.912132963673,-9.7578,12.0978,11.8929,57.3562,0.38279,2.08039,0.0469
003262#14,003262,14,2,animal,1122.0,0,0.809779,1,-0.5818,0.358522799552,-9.7578,9.176,9.0646,47.3368,0.37288,1.71087,0.0078
003262#16,003262,16,0,person,1056.0,0,0.45653,0,-2.0429,0.114769673171,-9.7188,7.6758,9.3552,49.8871,0.38599,1.91147,0.0117
003262#17,003262,17,0,person,1890.0,0,0.868417,1,0.7303,0.67487339282,-9.7188,10.4491,7.3078,48.6621,0.3298,1.68919,0.0195
003262#21,003262,21,2,animal,1710.0,0,0.294384,0,-0.2109,0.4474730244,-9.7578,9.5469,9.2386,42.5309,0.38388,1.53201,0.0156
003262#23,003262,23,0,person,2242.0,0,0.73187,1,1.0248,0.735914368967,-9.7188,10.7436,8.4079,48.5317,0.34656,1.73269,0.0273
003262#24,003262,24,0,person,2379.0,0,0.671268,1,1.7958,0.857634482684,-9.7188,11.5145,8.0202,48.6306,0.3501,1.78299,0.0273
003262#28,003262,28,3,seat,5390.0,0,0.241141,0,-18.1295,1.338e-08,-9.8516,-8.2779,7.1646,38.5813,0.33032,1.55984,0.0
003262#29,003262,29,3,seat,1113.0,0,0.620943,1,-8.6911,0.000168049341,-9.8516,1.1605,6.915,39.666,0.32248,1.51696,0.0039
003262#30,003262,30,3,seat,7820.0,0,0.856159,1,-1.1437,0.241649963148,-9.8516,8.7079,7.0617,50.4454,0.31984,1.80204,0.0039
003273#1,003273,1,0,person,8216.0,0,0.832759,1,-0.5678,0.361754406282,-9.7188,9.151,7.7383,41.8167,0.31625,1.52879,0.0
003273#3,003273,3,0,person,7410.0,0,0.900532,1,-0.1761,0.456098885449,-9.7188,9.5427,6.9769,45.0223,0.31534,1.66984,0.0
003273#4,003273,4,0,person,5002.0,0,0.906286,1,2.0154,0.882409659778,-9.7188,11.7342,7.9086,50.9709,0.31607,1.743,0.0195
003273#5,003273,5,2,animal,1120.0,0,0.813315,1,0.6776,0.663203876243,-9.7578,10.4354,8.1736,48.8374,0.34748,1.79267,0.0156
003273#6,003273,6,2,animal,8700.0,0,0.883323,1,-21.4456,4.86e-10,-9.7578,-11.6877,6.6045,74.3302,0.32279,2.18187,0.0
003273#8,003273,8,2,animal,3939.0,0,0.850357,1,-3.404,0.03217204556,-9.7578,6.3539,6.2159,40.8453,0.2913,1.6543,0.0
003273#9,003273,9,2,animal,2160.0,0,0.737794,1,-5.5701,0.003795787942,-9.7578,4.1878,8.1276,42.3328,0.35604,1.75614,0.0
003273#10,003273,10,2,animal,4802.0,0,0.789796,1,-1.3624,0.203843232929,-9.7578,8.3954,6.552,43.8122,0.31275,1.77388,0.0039
003273#11,003273,11,2,animal,1911.0,0,0.858033,1,-10.8249,1.9898064e-05,-9.7578,-1.0671,6.0864,43.5636,0.29301,1.92016,0.0
003273#13,003273,13,2,animal,2173.0,0,0.812518,1,1.8642,0.865783372375,-9.7578,11.622,9.0468,52.1138,0.36482,1.98245,0.0234
003288#0,003288,0,2,animal,7705.0,0,0.878959,1,-19.4248,3.664e-09,-9.7578,-9.667,7.2702,77.6961,0.32936,2.28504,0.0
003288#3,003288,3,2,animal,4130.0,0,0.971765,1,2.3917,0.916193129285,-9.7578,12.1495,10.5871,57.751,0.38381,2.19799,0.0586
003288#4,003288,4,2,animal,3008.0,0,0.673279,1,-0.5779,0.359418816526,-9.7578,9.1799,7.1029,51.0556,0.32169,2.00621,0.0234
003288#5,003288,5,2,animal,1892.0,0,0.0,0,-9.2277,9.8269993e-05,-9.7578,0.5301,8.4249,49.9829,0.38542,2.07692,0.0156
003288#6,003288,6,2,animal,2050.0,0,0.817971,1,2.0767,0.888613603694,-9.7578,11.8345,10.5978,54.3129,0.40109,2.01808,0.0273
003288#7,003288,7,2,animal,1702.0,0,0.876402,1,1.9043,0.87038159349,-9.7578,11.6621,7.9686,52.7412,0.34171,2.00316,0.0273
003288#8,003288,8,2,animal,1564.0,0,0.898414,1,1.7728,0.854805233125,-9.7578,11.5306,8.8419,50.4415,0.36222,1.94825,0.0234
003288#9,003288,9,2,animal,1890.0,0,0.942669,1,2.2255,0.902520031141,-9.7578,11.9834,10.4927,52.7629,0.37839,1.99486,0.0273
003288#10,003288,10,2,animal,1530.0,0,0.841572,1,2.2588,0.905411115613,-9.7578,12.0167,9.5918,51.9496,0.36564,1.96009,0.0234
003288#11,003288,11,0,person,1170.0,1,0.0,0,-12.0958,5.583007e-06,-9.7188,-2.377,5.7977,39.8678,0.28978,1.63962,0.0039
003288#12,003288,12,0,person,3192.0,0,0.86239,1,2.0691,0.8878621904,-9.7188,11.7878,9.2455,55.0616,0.35867,1.86424,0.0625
003288#13,003288,13,0,person,3717.0,0,0.669884,1,0.9189,0.714822880175,-9.7188,10.6377,6.9733,45.1735,0.31761,1.63789,0.0117
003288#14,003288,14,3,seat,1363.0,0,0.0,0,-15.4345,1.98093e-07,-9.8516,-5.583,6.1736,42.6832,0.29472,1.72227,0.0039
003288#16,003288,16,2,animal,2184.0,1,0.0,0,-20.1967,1.693e-09,-9.7578,-10.4389,5.5909,32.1601,0.28029,1.26886,0.0
003288#18,003288,18,1,boat,7520.0,0,0.872531,1,-2.0262,0.116483460709,-9.75,7.7238,7.1917,49.289,0.32623,1.81579,0.0039
003304#0,003304,0,5,bicycle,4760.0,0,0.798443,1,1.0779,0.746101417912,-9.8438,10.9217,7.9056,56.5062,0.34819,2.04109,0.0
003304#1,003304,1,5,bicycle,3564.0,0,0.957273,1,1.7483,0.851734108618,-9.8438,11.592,7.9394,55.8543,0.31854,1.96025,0.043
003304#2,003304,2,6,car,1566.0,0,0.605527,1,1.0422,0.739268593097,-9.8906,10.9328,8.25,52.41,0.35848,1.91824,0.0039
003304#3,003304,3,0,person,4840.0,0,0.864282,1,-7.4641,0.000572961472,-9.7188,2.2546,6.8475,55.6705,0.30707,1.99872,0.0
003304#4,003304,4,0,person,2030.0,0,0.940062,1,1.7439,0.851180832183,-9.7188,11.4626,8.5946,52.7172,0.33937,1.79808,0.0234
003304#8,003304,8,4,sign,2788.0,0,0.788132,1,2.1424,0.894953289127,-9.8516,11.9939,9.727,67.3644,0.36618,2.39561,0.0469
003304#9,003304,9,4,sign,4554.0,0,0.964871,1,1.669,0.84144736804,-9.8516,11.5206,7.8313,56.3587,0.33608,2.09311,0.0234
003304#11,003304,11,0,person,4784.0,0,0.854283,1,1.9817,0.878864494121,-9.7188,11.7005,8.9919,54.4289,0.35295,1.83209,0.0508
003304#12,003304,12,5,bicycle,3174.0,0,0.908168,1,0.5651,0.637625082478,-9.8438,10.4088,8.9642,55.0966,0.32275,1.95136,0.0625
003304#13,003304,13,4,sign,1332.0,0,0.874654,1,2.0485,0.885794812767,-9.8516,11.9001,9.1508,60.4438,0.35522,2.19069,0.0234
003317#1,003317,1,0,person,3456.0,0,0.65883,1,1.8367,0.86255551935,-9.7188,11.5554,6.4147,51.41,0.29861,1.77997,0.0312
003317#2,003317,2,0,person,2800.0,0,0.829509,1,1.0037,0.73178004254,-9.7188,10.7224,7.0598,45.276,0.31485,1.54641,0.0195
003317#3,003317,3,0,person,3680.0,0,0.805718,1,-0.3423,0.41524592426,-9.7188,9.3764,6.9504,45.58,0.32236,1.73547,0.0312
003317#5,003317,5,4,sign,5208.0,0,0.914315,1,1.5943,0.83122039484,-9.8516,11.4459,8.3862,54.7588,0.33954,2.05322,0.0117
003317#6,003317,6,4,sign,2478.0,0,0.925156,1,2.4589,0.921207400167,-9.8516,12.3104,10.1396,64.4059,0.36838,2.31585,0.0547
003317#7,003317,7,4,sign,3360.0,1,0.0,0,-19.3092,4.113e-09,-9.8516,-9.4576,6.5958,50.0877,0.30514,2.1399,0.0
003317#8,003317,8,4,sign,4830.0,0,0.9738,1,2.5919,0.930335850373,-9.8516,12.4434,9.6011,60.2624,0.34281,2.19063,0.0273
003317#9,003317,9,4,sign,3245.0,0,0.676651,1,1.9471,0.875125670441,-9.8516,11.7986,7.7418,62.9531,0.33386,2.30757,0.0156
003317#12,003317,12,6,car,1344.0,0,0.715487,1,-8.8607,0.000141836336,-9.8906,1.0299,7.431,51.4351,0.35363,2.21931,0.0078
003317#14,003317,14,6,car,5406.0,0,0.079534,0,-9.6067,6.7274643e-05,-9.8906,0.284,6.3804,45.0776,0.29523,1.80883,0.0039
003317#15,003317,15,6,car,7275.0,0,0.481514,0,-6.5878,0.001375159343,-9.8906,3.3028,6.3035,40.8778,0.29574,1.53128,0.0
003317#16,003317,16,6,car,4560.0,0,0.602724,1,-6.1226,0.002187967306,-9.8906,3.768,6.3581,43.0401,0.30279,1.74155,0.0
003348#0,003348,0,8,light,3200.0,0,0.921631,1,1.997,0.880478699126,-9.6719,11.6688,7.9066,56.3403,0.33514,2.06859,0.0469
003353#0,003353,0,8,light,1890.0,0,0.0,0,-10.0026,4.5279099e-05,-9.6719,-0.3307,6.4495,46.4934,0.30346,1.97502,0.0
003408#1,003408,1,4,sign,2444.0,0,0.791927,1,1.9884,0.879574114118,-9.8516,11.84,7.9261,60.9484,0.34956,2.18393,0.0312
003411#0,003411,0,4,sign,4884.0,0,0.904853,1,2.3804,0.915323968059,-9.8516,12.232,8.5982,63.8402,0.3458,2.30726,0.0312
003411#1,003411,1,0,person,6288.0,0,0.94641,1,-16.7652,5.2358e-08,-9.7188,-7.0464,8.6954,43.7259,0.35242,1.5762,0.0
003411#2,003411,2,0,person,5885.0,0,0.8142,1,-21.4785,4.7e-10,-9.7188,-11.7598,9.8044,82.2983,0.34596,2.35145,0.0117
003411#3,003411,3,5,bicycle,5082.0,0,0.905065,1,-11.5902,9.255958e-06,-9.8438,-1.7465,7.8484,61.1128,0.31454,2.19142,0.0117
003419#0,003419,0,6,car,9176.7,0,0.835677,1,-17.0775,3.8313e-08,-9.8906,-7.1869,6.6279,50.6989,0.31342,2.14326,0.0
003419#5,003419,5,6,car,2947.5,0,0.904355,1,2.5689,0.928836239874,-9.8906,12.4596,10.1036,62.1786,0.37208,2.27546,0.0625
003419#13,003419,13,8,light,2119.8,1,0.0,0,-12.4398,3.957947e-06,-9.6719,-2.7679,6.1003,45.1112,0.29147,1.98152,0.0
003419#14,003419,14,8,light,3558.0,1,0.0,0,-17.528,2.4416e-08,-9.6719,-7.8562,5.8251,38.6801,0.29237,1.65572,0.0
003419#17,003419,17,8,light,3500.8,0,0.0,0,-16.8207,4.9528e-08,-9.6719,-7.1489,5.9398,40.3207,0.29175,1.81026,0.0
003419#18,003419,18,0,person,3979.3,0,0.038022,0,-14.7797,3.81279e-07,-9.7188,-5.061,5.8574,38.4066,0.29378,1.65176,0.0
003419#19,003419,19,8,light,2269.5,1,0.0,0,-14.618,4.48229e-07,-9.6719,-4.9461,7.0606,43.0659,0.32813,1.69533,0.0
003419#21,003419,21,4,sign,3738.5,0,0.921233,1,2.1223,0.893055095009,-9.8516,11.9739,9.0488,63.5514,0.37173,2.26949,0.0391
003425#5,003425,5,6,car,1965.2,0,0.964551,1,2.4639,0.921570876269,-9.8906,12.3545,10.7803,62.414,0.3851,2.22625,0.0586
003425#6,003425,6,6,car,1270.8,0,0.751811,1,1.8708,0.866555561228,-9.8906,11.7615,8.4506,52.2481,0.33838,2.03859,0.0078
003425#7,003425,7,6,car,1428.5,0,0.0,0,-9.3716,8.5103586e-05,-9.8906,0.5191,5.7869,42.109,0.29111,1.75852,0.0
003425#10,003425,10,6,car,1774.0,0,0.940686,1,0.7686,0.683211876059,-9.8906,10.6592,8.1102,48.8726,0.3404,1.92549,0.0156
003425#12,003425,12,0,person,4258.7,0,0.945518,1,2.3842,0.915616804107,-9.7188,12.103,8.1135,53.6051,0.33853,1.81334,0.0391
003425#13,003425,13,0,person,4639.3,0,0.963504,1,2.7295,0.938747494453,-9.7188,12.4483,8.6054,58.4671,0.34263,1.96064,0.0586
003460#0,003460,0,0,person,2861.6,0,0.66866,1,-5.7437,0.003192537713,-9.7188,3.975,6.8477,46.5177,0.31683,1.56815,0.0039
003460#1,003460,1,0,person,7039.8,0,0.921736,1,1.0538,0.741506240854,-9.7188,10.7726,7.1784,49.1397,0.3118,1.72225,0.0039
003460#3,003460,3,0,person,9094.6,0,0.905316,1,-8.8559,0.000142523152,-9.7188,0.8629,6.0689,47.5549,0.29402,1.78057,0.0
003460#5,003460,5,2,animal,3144.2,0,0.859157,1,0.5498,0.634093152353,-9.7578,10.3076,7.5359,45.76,0.33908,1.68925,0.0078
003460#6,003460,6,2,animal,7787.6,0,0.771409,1,-4.4843,0.011159383457,-9.7578,5.2736,6.9565,42.8397,0.32267,1.76265,0.0
003472#0,003472,0,2,animal,3453.7,0,0.0,0,-11.83,7.282678e-06,-9.7578,-2.0722,6.7911,36.4633,0.31863,1.55088,0.0
003472#1,003472,1,2,animal,7076.7,0,0.943687,1,-11.3191,1.2138588e-05,-9.7578,-1.5613,8.3655,58.0648,0.34607,2.14557,0.0
003472#2,003472,2,8,light,2213.4,0,0.869194,1,2.0712,0.888072618114,-9.6719,11.7431,10.8344,59.6071,0.37275,2.03251,0.0391
003472#3,003472,3,0,person,6928.8,0,0.694774,1,-1.0754,0.254375273139,-9.7188,8.6433,6.2675,44.5671,0.30326,1.66089,0.0
003475#1,003475,1,0,person,4567.9,0,0.900321,1,1.8385,0.862765339638,-9.7188,11.5572,7.296,48.8786,0.32702,1.68159,0.0156
003475#2,003475,2,0,person,2558.3,0,0.400744,0,-5.6634,0.003458713145,-9.7188,4.0554,7.2667,43.1514,0.32824,1.58654,0.0
003475#3,003475,3,0,person,5099.6,0,0.832181,1,-1.0704,0.255323532219,-9.7188,8.6483,6.4457,42.8064,0.30501,1.53695,0.0
003475#5,003475,5,0,person,4449.7,0,0.654769,1,-7.2569,0.000704811548,-9.7188,2.4619,7.7425,46.3024,0.32578,1.62894,0.0
003475#6,003475,6,0,person,8397.9,0,0.930734,1,-14.45,5.30196e-07,-9.7188,-4.7313,6.1254,44.1291,0.30357,1.50248,0.0
003475#10,003475,10,8,light,2167.0,0,0.931527,1,2.2315,0.903039821943,-9.6719,11.9033,9.5947,63.0446,0.34495,2.13714,0.0664
003475#11,003475,11,0,person,3448.4,0,0.673115,1,-4.1158,0.016050339645,-9.7188,5.6029,5.9536,40.3183,0.29414,1.49995,0.0
003487#0,003487,0,0,person,6565.3,0,0.887329,1,-5.4759,0.004169050483,-9.7188,4.2429,7.5191,47.5927,0.33632,1.68231,0.0
003487#2,003487,2,0,person,7296.4,0,0.90507,1,-5.4779,0.00416088835,-9.7188,4.2409,7.8938,51.8367,0.33119,1.84693,0.0039
003489#0,003489,0,8,light,2861.8,0,0.972855,1,2.2787,0.90709730014,-9.6719,11.9506,10.4801,60.7812,0.35507,2.10154,0.0391
003489#2,003489,2,0,person,3155.7,0,0.586179,1,1.1987,0.768291733586,-9.7188,10.9174,7.2419,47.1647,0.31021,1.63167,0.0078
003489#3,003489,3,0,person,6705.9,0,0.787231,1,0.9104,0.713089502496,-9.7188,10.6292,6.39,46.1895,0.3011,1.63648,0.0117
003489#4,003489,4,0,person,3030.4,0,0.857835,1,0.7766,0.684953434365,-9.7188,10.4954,7.4398,47.9456,0.31759,1.70377,0.0156
003489#5,003489,5,0,person,4199.5,0,0.765333,1,-13.1612,1.92373e-06,-9.7188,-3.4425,6.6404,48.8601,0.31664,1.86217,0.0
003489#9,003489,9,0,person,3107.3,0,0.89827,1,1.8429,0.863295408865,-9.7188,11.5617,8.2882,51.4806,0.32494,1.79962,0.0469
003489#14,003489,14,0,person,3962.9,0,0.959734,1,2.2775,0.906999687586,-9.7188,11.9963,10.643,55.1099,0.36372,1.82816,0.0547
003526#0,003526,0,2,animal,1675.5,0,0.704372,1,2.0131,0.882160458025,-9.7578,11.7709,8.4134,51.1664,0.35441,1.96484,0.0156
003526#3,003526,3,0,person,1439.7,0,0.0,0,-20.2036,1.681e-09,-9.7188,-10.4849,5.8839,37.2329,0.29077,1.58848,0.0
003532#0,003532,0,2,animal,1790.7,0,0.55689,1,1.3763,0.798401916822,-9.7578,11.1341,7.921,52.8788,0.34594,2.02021,0.0273
003532#1,003532,1,2,animal,4483.5,0,0.789402,1,1.0645,0.743554807537,-9.7578,10.8223,7.3013,53.8476,0.30393,2.06934,0.0469
003546#0,003546,0,2,animal,2746.4,0,0.869907,1,-2.5737,0.070852826972,-9.7578,7.1842,6.7304,46.769,0.3061,1.85177,0.0273
003546#1,003546,1,2,animal,3428.2,0,0.449791,0,-11.0438,1.5985039e-05,-9.7578,-1.286,6.9657,48.3561,0.31507,1.85862,0.0
003546#2,003546,2,2,animal,3833.6,0,0.880123,1,2.9182,0.948736488039,-9.7578,12.676,9.1629,59.0421,0.35011,2.24765,0.0273
003592#0,003592,0,2,animal,2382.6,0,0.906599,1,1.9085,0.870852864806,-9.7578,11.6663,6.8032,53.704,0.31313,2.03355,0.0273
003592#1,003592,1,2,animal,2148.5,0,0.903475,1,2.2235,0.902336635482,-9.7578,11.9813,9.1382,56.4978,0.3677,2.125,0.0234
003592#2,003592,2,2,animal,3754.4,0,0.93404,1,2.6905,0.936466136461,-9.7578,12.4484,10.1239,58.3255,0.38421,2.21607,0.0273
003592#3,003592,3,2,animal,2104.9,0,0.959657,1,2.4845,0.923044651631,-9.7578,12.2423,10.6242,56.2802,0.36343,2.08364,0.0234
003595#3,003595,3,2,animal,2625.1,0,0.764951,1,2.2873,0.907816731,-9.7578,12.0451,8.3586,57.5805,0.3559,2.17422,0.0234
003595#4,003595,4,2,animal,3044.8,0,0.931397,1,1.7266,0.848981490946,-9.7578,11.4844,7.7994,52.4721,0.34146,2.0206,0.0234
003595#5,003595,5,2,animal,2004.8,0,0.961901,1,2.8199,0.943743607341,-9.7578,12.5777,10.3221,58.5229,0.36565,2.1572,0.0469
003595#6,003595,6,2,animal,4773.8,0,0.955709,1,-3.9599,0.018708207431,-9.7578,5.7979,8.4653,51.3866,0.35819,2.08445,0.0
003603#3,003603,3,2,animal,3554.7,0,0.896606,1,0.2435,0.560582035889,-9.7578,10.0013,7.122,50.4377,0.32847,1.90372,0.0234
003653#3,003653,3,2,animal,1911.0,0,0.0,0,-11.8973,6.808407e-06,-9.7578,-2.1395,8.264,41.9028,0.34862,1.67174,0.0
003653#5,003653,5,0,person,1955.6,0,0.807703,1,1.3684,0.797117146659,-9.7188,11.0871,6.9445,46.3083,0.32211,1.61041,0.0078
003653#6,003653,6,0,person,2097.5,0,0.693786,1,-5.1916,0.005532099741,-9.7188,4.5271,6.8329,42.8223,0.31546,1.67478,0.0
003653#7,003653,7,0,person,1502.7,0,0.86958,1,1.6914,0.844403492817,-9.7188,11.4101,9.2327,50.0169,0.36614,1.75962,0.0195
003653#8,003653,8,0,person,1120.5,0,0.815991,1,1.8613,0.865444569335,-9.7188,11.58,8.6158,50.5394,0.33772,1.73667,0.0234
003653#9,003653,9,0,person,1254.6,0,0.636493,1,-11.3948,1.1254239e-05,-9.7188,-1.676,6.7524,46.2799,0.31103,1.85405,0.0
003653#11,003653,11,2,animal,3858.8,0,0.964202,1,2.666,0.934989646985,-9.7578,12.4238,7.8916,57.2015,0.33074,2.15567,0.0586
003653#12,003653,12,2,animal,5135.4,0,0.962207,1,2.7057,0.937361250655,-9.7578,12.4635,7.4943,51.7483,0.31694,2.01646,0.0117
003653#14,003653,14,0,person,1037.2,0,0.870007,1,1.9209,0.872241563335,-9.7188,11.6397,8.5886,49.9585,0.36564,1.74867,0.0156
003653#16,003653,16,0,person,1256.6,0,0.941207,1,2.0155,0.882416982322,-9.7188,11.7343,9.4375,50.0054,0.35916,1.75393,0.0234
003653#17,003653,17,0,person,3265.4,0,0.920715,1,2.3707,0.914567871989,-9.7188,12.0895,7.8673,56.1304,0.319,1.94449,0.0469
003653#18,003653,18,0,person,1235.0,0,0.748717,1,1.96,0.876534711113,-9.7188,11.6788,6.9509,50.0737,0.30604,1.75933,0.0312
003679#4,003679,4,0,person,4947.0,0,0.783059,1,-1.0651,0.256335735501,-9.7188,8.6536,6.4984,49.6073,0.30458,1.75653,0.0156
003679#5,003679,5,0,person,3120.0,0,0.438762,0,-8.7478,0.000158782856,-9.7188,0.9709,6.3286,47.761,0.30385,1.79045,0.0039
003679#7,003679,7,0,person,4025.0,0,0.765321,1,1.7917,0.857134451695,-9.7188,11.5104,6.3487,49.2509,0.30307,1.75383,0.0078
003679#8,003679,8,0,person,5891.0,0,0.583159,1,0.4076,0.600515564105,-9.7188,10.1264,6.5524,38.5486,0.31174,1.42857,0.0039
003703#0,003703,0,2,animal,5624.0,0,0.91504,1,-7.7036,0.000451008516,-9.7578,2.0542,7.3941,58.5783,0.33229,2.27331,0.0
003739#0,003739,0,0,person,2944.0,0,0.753906,1,1.7135,0.847292293686,-9.7188,11.4323,8.535,44.2338,0.35558,1.54244,0.0312
003739#1,003739,1,0,person,3811.0,0,0.849241,1,2.2753,0.906812164943,-9.7188,11.9941,7.4646,52.8384,0.32291,1.8253,0.0469
003739#2,003739,2,2,animal,1855.0,1,0.0,0,-16.195,9.2597e-08,-9.7578,-6.4372,5.9113,42.5639,0.29488,1.70758,0.0
003739#3,003739,3,2,animal,1440.0,0,0.850597,1,2.1954,0.899836978938,-9.7578,11.9532,8.134,56.5338,0.34119,2.08585,0.0352
003739#5,003739,5,2,animal,1596.0,0,0.431959,0,1.5095,0.818992542062,-9.7578,11.2673,7.7029,48.8205,0.32614,1.81181,0.0078
003739#6,003739,6,2,animal,1519.0,0,0.663454,1,-6.0603,0.002328275241,-9.7578,3.6975,7.0726,45.3158,0.31094,1.78595,0.0
003739#7,003739,7,2,animal,3485.0,0,0.729448,1,-2.219,0.098059036325,-9.7578,7.5388,7.2156,42.9488,0.32765,1.67905,0.0
003739#8,003739,8,2,animal,1728.0,0,0.570842,1,-5.5209,0.003986113136,-9.7578,4.2369,6.9963,51.7571,0.32731,2.06775,0.0195
003757#0,003757,0,4,sign,7686.0,0,0.880213,1,-7.5965,0.000501931312,-9.8516,2.255,6.5999,52.0755,0.31571,2.06867,0.0
003757#7,003757,7,0,person,2752.0,0,0.653907,1,-1.2345,0.225390474005,-9.7188,8.4842,7.0317,39.5183,0.31055,1.45592,0.0117
003757#8,003757,8,0,person,1271.0,0,0.437868,0,-6.1981,0.002029253962,-9.7188,3.5207,7.7406,48.0998,0.35436,1.8048,0.0156
003757#10,003757,10,0,person,2457.0,0,0.67127,1,-5.3811,0.004581838807,-9.7188,4.3377,6.4664,40.1445,0.30822,1.57949,0.0078
003757#14,003757,14,0,person,1650.0,0,0.716559,1,1.5196,0.820485738992,-9.7188,11.2384,6.9773,52.57,0.32462,1.83236,0.0273
003757#15,003757,15,0,person,1872.0,0,0.76892,1,0.8744,0.705663421,-9.7188,10.5932,7.8409,45.0692,0.33189,1.65528,0.0117
003757#16,003757,16,0,person,1680.0,0,0.006112,0,-19.2365,4.423e-09,-9.7188,-9.5178,6.1501,39.7071,0.2957,1.69329,0.0
003769#0,003769,0,2,animal,5624.0,0,0.708071,1,-8.7287,0.000161844292,-9.7578,1.0291,7.8685,50.5748,0.34364,2.04665,0.0
003838#0,003838,0,2,animal,8366.0,0,0.935022,1,-15.0031,3.04961e-07,-9.7578,-5.2453,7.1236,59.7446,0.33304,2.06693,0.0
003863#1,003863,1,0,person,2745.0,1,0.0,0,-18.5109,9.137e-09,-9.7188,-8.7922,5.6012,41.6497,0.2859,1.72644,0.0
003863#3,003863,3,0,person,1250.0,1,0.0,0,-15.6219,1.64241e-07,-9.7188,-5.9032,6.0844,27.8052,0.29097,1.11324,0.0039
003863#5,003863,5,2,animal,3720.0,1,0.0,0,-15.8408,1.31961e-07,-9.7578,-6.0829,7.0926,33.0097,0.34201,1.30755,0.0039
003863#7,003863,7,0,person,2112.0,0,0.882631,1,1.6852,0.843587053366,-9.7188,11.4039,8.9236,50.3639,0.34614,1.69807,0.0273
003863#9,003863,9,0,person,1518.0,0,0.511593,1,-5.7431,0.003194521648,-9.7188,3.9756,6.435,39.4648,0.30674,1.3186,0.0039
003863#10,003863,10,0,person,1708.0,0,0.890017,1,1.8898,0.868731536894,-9.7188,11.6085,9.2375,49.0814,0.36447,1.70621,0.0312
003863#11,003863,11,8,light,2135.0,0,0.46379,0,-3.7515,0.022944187309,-9.6719,5.9204,7.2416,49.0194,0.33077,1.84076,0.0
003895#2,003895,2,2,animal,6322.0,0,0.733885,1,1.3448,0.793277252407,-9.7578,11.1026,7.173,50.3792,0.32497,2.00381,0.0117
003896#0,003896,0,2,animal,4731.0,0,0.739636,1,1.5463,0.824376613706,-9.7578,11.3041,8.2241,49.4062,0.33249,1.9187,0.0078
003896#1,003896,1,2,animal,2108.0,0,0.411865,0,-4.8688,0.007623778303,-9.7578,4.889,6.1268,34.6499,0.29693,1.26719,0.0156
003902#0,003902,0,2,animal,4620.0,0,0.757136,1,2.199,0.900158249769,-9.7578,11.9568,8.1027,56.5554,0.33247,2.1062,0.0352
003902#1,003902,1,2,animal,1665.0,0,0.807125,1,0.5914,0.643693776547,-9.7578,10.3492,8.0871,51.2576,0.35488,1.97872,0.0156
003902#3,003902,3,2,animal,1976.0,0,0.677084,1,1.9139,0.871456166815,-9.7578,11.6717,8.9909,53.3626,0.36255,1.98498,0.0195
003902#4,003902,4,2,animal,3080.0,0,0.0,0,-7.6211,0.000489739464,-9.7578,2.1367,7.0324,48.4852,0.33505,1.9981,0.0117
003902#5,003902,5,0,person,2068.0,1,0.0,0,-16.1255,9.9259e-08,-9.7188,-6.4068,6.8678,42.9086,0.31523,1.82955,0.0
003902#6,003902,6,2,animal,4189.0,0,0.526318,1,-0.4276,0.394710077905,-9.7578,9.3303,7.3064,56.1567,0.33069,2.20651,0.0273
003904#0,003904,0,2,animal,3472.0,0,0.887801,1,2.5101,0.924847330672,-9.7578,12.2679,8.8638,60.4532,0.35312,2.2479,0.0547
003904#1,003904,1,2,animal,1776.0,0,0.749856,1,2.3651,0.914123694701,-9.7578,12.1229,7.0289,53.6036,0.309,2.01625,0.0273
003941#0,003941,0,0,person,3404.0,0,0.709561,1,0.9746,0.726026477406,-9.7188,10.6933,7.8021,45.7235,0.33395,1.62948,0.0234
003941#1,003941,1,0,person,1248.0,0,0.664807,1,0.9149,0.71400449777,-9.7188,10.6337,7.645,48.2716,0.33376,1.64585,0.0234
003941#3,003941,3,0,person,1260.0,0,0.707109,1,-0.2091,0.447906912936,-9.7188,9.5096,6.9399,42.9345,0.32117,1.53303,0.0078
003941#5,003941,5,0,person,2850.0,0,0.722663,1,-2.3133,0.090027657974,-9.7188,7.4055,7.2611,44.3408,0.32638,1.53132,0.0
003941#7,003941,7,0,person,1911.0,0,0.611505,1,1.3699,0.797362723431,-9.7188,11.0886,6.5656,49.234,0.30019,1.6823,0.0312
003941#8,003941,8,0,person,2640.0,0,0.797559,1,-1.6502,0.161088250627,-9.7188,8.0686,8.4526,44.1613,0.34924,1.54136,0.0117
003941#10,003941,10,0,person,2232.0,0,0.827008,1,-2.1016,0.108940048041,-9.7188,7.6171,8.0195,44.6165,0.33764,1.59262,0.0039
003941#11,003941,11,0,person,2916.0,0,0.854874,1,1.3433,0.793030357579,-9.7188,11.062,7.8431,45.5817,0.32155,1.58133,0.0117
003941#12,003941,12,0,person,1520.0,0,0.711943,1,-8.8012,0.000150534678,-9.7188,0.9176,5.8469,35.9843,0.29184,1.36611,0.0
003941#13,003941,13,0,person,2040.0,0,0.034106,0,-17.6731,2.1118e-08,-9.7188,-7.9544,6.5979,40.2279,0.30544,1.77559,0.0039
003941#14,003941,14,0,person,1804.0,0,0.658943,1,1.7408,0.850783796905,-9.7188,11.4595,10.0595,48.3837,0.35848,1.65947,0.0273
003941#15,003941,15,0,person,2800.0,0,0.709714,1,1.585,0.829912153244,-9.7188,11.3038,8.1013,46.8596,0.33427,1.65016,0.0273
003941#16,003941,16,0,person,7498.0,0,0.792846,1,-19.3418,3.981e-09,-9.7188,-9.6231,6.6996,49.564,0.31731,1.64418,0.0
003941#20,003941,20,0,person,1044.0,0,0.040287,0,-12.029,5.968421e-06,-9.7188,-2.3103,5.7481,44.0548,0.29218,1.75652,0.0039
003941#21,003941,21,0,person,2650.0,1,0.0,0,-15.3668,2.11984e-07,-9.7188,-5.648,6.6987,41.8429,0.31844,1.59736,0.0
003941#22,003941,22,0,person,1584.0,0,0.765604,1,1.2201,0.772078868492,-9.7188,10.9388,8.0704,45.5092,0.34078,1.59163,0.0156
003941#24,003941,24,0,person,3520.0,0,0.0875,0,-15.4009,2.04862e-07,-9.7188,-5.6822,6.2644,41.1038,0.29226,1.69966,0.0
003941#25,003941,25,0,person,1539.0,0,0.025528,0,-9.1005,0.00011160295,-9.7188,0.6183,6.3496,41.7171,0.31301,1.69048,0.0
003941#26,003941,26,0,person,2080.0,0,0.297757,0,0.9479,0.720692234529,-9.7188,10.6666,8.899,44.9599,0.38278,1.58899,0.0234
003941#27,003941,27,0,person,1806.0,0,0.642445,1,1.0048,0.732004418223,-9.7188,10.7236,7.103,41.2496,0.32153,1.50239,0.0078
003941#29,003941,29,0,person,1978.0,0,0.911349,1,1.3038,0.786471998204,-9.7188,11.0225,8.991,44.4897,0.36635,1.59245,0.0117
003941#30,003941,30,5,bicycle,3445.0,0,0.876031,1,1.6815,0.843107904942,-9.8438,11.5253,9.904,60.0502,0.37542,2.11841,0.0195
003982#5,003982,5,0,person,2881.0,0,0.713724,1,-0.4596,0.387084911756,-9.7188,9.2592,7.9441,44.0958,0.33949,1.61272,0.0352
003982#6,003982,6,0,person,1364.0,0,0.745231,1,-4.8797,0.007541760663,-9.7188,4.839,6.4095,43.9047,0.29602,1.6141,0.0078
003982#8,003982,8,0,person,1260.0,0,0.582259,1,-1.5802,0.170766861262,-9.7188,8.1385,7.9289,43.6858,0.34816,1.46884,0.0078
003982#11,003982,11,0,person,2484.0,0,0.718771,1,1.395,0.801382810878,-9.7188,11.1137,8.3659,48.0509,0.33871,1.66485,0.0312
003982#14,003982,14,0,person,3485.0,0,0.85507,1,1.8334,0.862167031893,-9.7188,11.5522,7.2827,47.9053,0.32403,1.71069,0.0117
003982#19,003982,19,0,person,1271.0,0,0.693517,1,-3.1332,0.041757621495,-9.7188,6.5855,7.0452,41.7634,0.3269,1.58313,0.0039
003982#20,003982,20,0,person,1330.0,0,0.726432,1,-3.1332,0.041757621495,-9.7188,6.5855,7.0452,41.7634,0.3269,1.58313,0.0039
003982#23,003982,23,0,person,2714.0,0,0.634629,1,-2.0085,0.118310565374,-9.7188,7.7102,8.038,42.0392,0.34262,1.53781,0.0078
003982#24,003982,24,0,person,1320.0,0,0.742634,1,1.2355,0.77477215646,-9.7188,10.9542,7.2536,50.4592,0.31417,1.74577,0.0352
003982#30,003982,30,0,person,1232.0,0,0.603975,1,1.2561,0.778350342765,-9.7188,10.9748,7.4453,55.7784,0.32134,1.83894,0.0547
003982#32,003982,32,0,person,1357.0,0,0.698932,1,1.0162,0.734231943817,-9.7188,10.735,7.5182,45.8331,0.32857,1.57197,0.0039
003982#34,003982,34,0,person,1092.0,0,0.797313,1,1.9006,0.869953965301,-9.7188,11.6193,6.7829,52.7067,0.30931,1.81554,0.0391
003982#36,003982,36,0,person,5240.0,0,0.351917,0,-12.276,4.662121e-06,-9.7188,-2.5573,6.6037,44.8903,0.31095,1.90791,0.0
003982#41,003982,41,0,person,1040.0,0,0.263724,0,-8.8341,0.000145657429,-9.7188,0.8846,6.0963,40.2594,0.29324,1.57837,0.0
003982#42,003982,42,0,person,1196.0,0,0.758258,1,0.6681,0.661076812257,-9.7188,10.3868,7.3875,46.0125,0.33192,1.61372,0.0039
003982#43,003982,43,0,person,1166.0,0,0.77503,1,1.3195,0.789103581198,-9.7188,11.0383,7.509,47.4192,0.31572,1.66771,0.0391
003982#47,003982,47,0,person,5980.0,0,0.739422,1,-1.8364,0.13747602783,-9.7188,7.8823,7.5942,44.0477,0.33944,1.55553,0.0
003982#48,003982,48,0,person,1975.0,0,0.629439,1,-1.3987,0.198018431705,-9.7188,8.32,7.4565,44.7368,0.31259,1.56362,0.0078
003982#49,003982,49,0,person,8892.0,0,0.929259,1,-15.624,1.63907e-07,-9.7188,-5.9052,7.0254,53.4893,0.32966,1.72904,0.0
003982#50,003982,50,0,person,3570.0,0,0.185336,0,-14.2159,6.70085e-07,-9.7188,-4.4971,6.2647,41.7433,0.30071,1.68804,0.0
003982#53,003982,53,0,person,1078.0,0,0.647215,1,-6.76,0.001157849153,-9.7188,2.9587,5.6731,36.5401,0.28515,1.3166,0.0
003982#57,003982,57,0,person,1728.0,0,0.494464,0,-4.8896,0.007468086902,-9.7188,4.8291,5.8158,40.222,0.28922,1.56667,0.0039
003982#58,003982,58,0,person,2387.0,0,0.779367,1,-2.0726,0.111786688827,-9.7188,7.6461,7.6944,41.2425,0.33727,1.52562,0.0117
003982#60,003982,60,0,person,1702.0,0,0.848134,1,-2.0355,0.115522329446,-9.7188,7.6832,6.766,42.6429,0.31467,1.6022,0.0117
003982#61,003982,61,0,person,1419.0,0,0.751156,1,1.6354,0.836910490834,-9.7188,11.3542,7.6758,47.9611,0.32802,1.68235,0.0273
003982#62,003982,62,0,person,1880.0,0,0.6436,1,1.4719,0.81334643717,-9.7188,11.1907,7.5002,46.382,0.33289,1.68694,0.0039
003987#5,003987,5,0,person,3708.0,0,0.926259,1,1.8436,0.863379236418,-9.7188,11.5624,8.4902,52.4665,0.33762,1.76717,0.0234
003987#6,003987,6,0,person,2584.0,0,0.816961,1,1.5497,0.824875877606,-9.7188,11.2685,7.7522,46.8771,0.32026,1.65521,0.0312
003987#10,003987,10,0,person,7552.0,0,0.834043,1,-18.7284,7.351e-09,-9.7188,-9.0097,5.8264,40.6238,0.28825,1.48918,0.0
003987#11,003987,11,0,person,7811.0,0,0.550113,1,1.3482,0.793840163441,-9.7188,11.067,7.4889,47.1149,0.33775,1.63408,0.0156
003987#15,003987,15,0,person,3689.0,0,0.577445,1,-0.4931,0.379152071011,-9.7188,9.2256,8.5325,42.547,0.3296,1.56531,0.0039
003987#16,003987,16,0,person,3920.0,0,0.682566,1,-6.1037,0.00222957533,-9.7188,3.615,6.1541,39.8379,0.29809,1.51202,0.0
003987#23,003987,23,0,person,1275.0,0,0.307043,0,-0.6817,0.335890975814,-9.7188,9.0371,5.8488,41.9813,0.29738,1.51119,0.0039
003987#27,003987,27,0,person,1125.0,0,0.795403,1,1.3194,0.789084852852,-9.7188,11.0382,7.3655,46.8465,0.33313,1.64461,0.0078
003987#35,003987,35,0,person,2304.0,0,0.737144,1,1.0903,0.748437417007,-9.7188,10.809,8.5383,45.0251,0.34689,1.59117,0.0117
003987#38,003987,38,0,person,1539.0,0,0.619543,1,0.4195,0.60335432461,-9.7188,10.1382,7.9355,46.2777,0.31984,1.60067,0.0039
003987#39,003987,39,0,person,1504.0,0,0.839038,1,1.3778,0.798642037157,-9.7188,11.0966,7.6358,47.0676,0.33506,1.64195,0.0234
003987#40,003987,40,0,person,1984.0,0,0.771818,1,1.5526,0.825291397137,-9.7188,11.2714,7.4574,52.3341,0.31068,1.77468,0.0312
003987#41,003987,41,0,person,1300.0,0,0.665534,1,0.1654,0.541267243734,-9.7188,9.8842,6.9358,46.4032,0.31969,1.58545,0.0
003987#43,003987,43,0,person,1152.0,0,0.843361,1,1.4735,0.813592150783,-9.7188,11.1923,8.7328,47.2411,0.35571,1.63501,0.0078
003987#46,003987,46,0,person,1232.0,0,0.714131,1,-1.7895,0.143135761357,-9.7188,7.9293,7.0801,42.4839,0.32198,1.56034,0.0
003987#47,003987,47,0,person,1395.0,0,0.644522,1,-2.3628,0.086055438949,-9.7188,7.356,6.7997,40.8109,0.31324,1.52902,0.0039
003987#49,003987,49,0,person,1287.0,0,0.760842,1,1.3245,0.789936550237,-9.7188,11.0433,7.8149,46.8575,0.32362,1.61167,0.0117
003987#50,003987,50,0,person,1189.0,0,0.787246,1,0.9217,0.715381278446,-9.7188,10.6404,7.2471,45.9112,0.32836,1.59129,0.0039
003987#51,003987,51,0,person,1530.0,0,0.499828,0,-1.6107,0.166488586996,-9.7188,8.108,7.7173,41.8978,0.34103,1.49794,0.0
003987#52,003987,52,0,person,1080.0,0,0.853373,1,1.5374,0.82308884035,-9.7188,11.2562,8.7639,45.5543,0.3561,1.61534,0.0039
003987#53,003987,53,0,person,2242.0,0,0.678735,1,1.1516,0.759803717152,-9.7188,10.8704,7.6201,52.7241,0.32269,1.73478,0.0195
003987#55,003987,55,5,bicycle,3825.0,1,0.0,0,-18.1733,1.2806e-08,-9.8438,-8.3296,8.0249,44.0184,0.3651,1.62309,0.0
hehe_173_000002_024_00000105#2,hehe_173_000002_024_00000105,2,0,person,1302.0,0,0.562643,1,2.2086,0.901020759717,-9.7188,11.9274,7.4252,48.9712,0.31874,1.72656,0.043
hehe_173_000002_024_00000105#4,hehe_173_000002_024_00000105,4,5,bicycle,1230.0,0,0.519436,1,-4.7861,0.008275991796,-9.8438,5.0577,6.6727,49.2295,0.31508,1.62901,0.0391
hehe_173_000002_024_00000105#6,hehe_173_000002_024_00000105,6,0,person,2275.0,0,0.751657,1,1.9638,0.876948289019,-9.7188,11.6826,8.2841,50.1445,0.32881,1.72009,0.0547
hehe_173_000002_024_00000105#7,hehe_173_000002_024_00000105,7,0,person,1768.0,0,0.862008,1,-0.432,0.393643349904,-9.7188,9.2867,7.0218,57.1941,0.32036,1.82786,0.0508
hehe_173_000002_024_00000105#9,hehe_173_000002_024_00000105,9,4,sign,3240.0,0,0.791844,1,-0.225,0.443986721564,-9.8516,9.6266,7.0373,62.2373,0.3196,2.20437,0.0117
hehe_173_000002_024_00000105#10,hehe_173_000002_024_00000105,10,4,sign,2520.0,0,0.829498,1,1.4579,0.811216686256,-9.8516,11.3095,8.3224,59.5052,0.36074,2.16675,0.0352
hehe_173_000002_024_00000105#11,hehe_173_000002_024_00000105,11,4,sign,1288.0,0,0.583943,1,-4.6865,0.00913429942,-9.8516,5.165,7.6618,55.2913,0.34516,2.16558,0.0
hehe_173_000002_024_00000105#13,hehe_173_000002_024_00000105,13,8,light,3612.0,0,0.073427,0,-17.402,2.7696e-08,-9.6719,-7.7301,6.9262,38.3621,0.31632,1.67257,0.0
hehe_173_000002_024_00000105#15,hehe_173_000002_024_00000105,15,8,light,7791.0,0,0.814707,1,-12.2542,4.76498e-06,-9.6719,-2.5823,5.9795,34.7267,0.30326,1.42604,0.0
hehe_186_000002_028_00000050#1,hehe_186_000002_028_00000050,1,4,sign,8280.0,1,0.0,0,-12.8483,2.630705e-06,-9.8516,-2.9967,5.8924,34.4976,0.29797,1.48921,0.0
hehe_22_00000004#0,hehe_22_00000004,0,0,person,3393.0,0,0.653279,1,-3.2814,0.036213165255,-9.7188,6.4373,6.628,47.5764,0.30832,1.7621,0.0039
hehe_22_00000004#2,hehe_22_00000004,2,0,person,2730.0,0,0.835135,1,2.2285,0.902780989835,-9.7188,11.9473,9.2502,54.3055,0.3361,1.88227,0.0547
hehe_22_00000004#4,hehe_22_00000004,4,6,car,7280.0,0,0.897134,1,-0.2598,0.435404443932,-9.8906,9.6308,8.181,53.8583,0.33832,2.08055,0.0
hehe_22_00000004#6,hehe_22_00000004,6,8,light,6464.0,0,0.755242,1,-6.5386,0.001444442128,-9.6719,3.1333,7.706,40.2505,0.335,1.65898,0.0
hehe_22_00000004#7,hehe_22_00000004,7,8,light,7884.0,0,0.76558,1,-19.1634,4.758e-09,-9.6719,-9.4916,6.9684,65.3333,0.31891,2.06142,0.0
hehe_22_00000004#9,hehe_22_00000004,9,5,bicycle,1196.0,1,0.0,0,-14.6755,4.23179e-07,-9.8438,-4.8317,7.0276,47.4635,0.31146,1.85457,0.0
hehe_230_000002_043_00000061#1,hehe_230_000002_043_00000061,1,4,sign,7470.0,0,0.931223,1,-10.6584,2.3502741e-05,-9.8516,-0.8068,7.5219,60.7098,0.33591,2.15112,0.0039
hehe_230_000002_043_00000061#6,hehe_230_000002_043_00000061,6,8,light,7676.0,0,0.776315,1,-9.9958,4.5587888e-05,-9.6719,-0.3239,6.7645,41.1408,0.318,1.66488,0.0
hehe_230_000002_043_00000061#7,hehe_230_000002_043_00000061,7,8,light,6336.0,0,0.82561,1,1.0393,0.738705523393,-9.6719,10.7111,8.3574,50.9754,0.35013,1.92753,0.0078
hehe_230_000002_043_00000061#10,hehe_230_000002_043_00000061,10,6,car,3740.0,0,0.690184,1,2.1606,0.896658756773,-9.8906,12.0513,7.9041,60.7537,0.33956,2.25169,0.0469
hehe_230_000002_043_00000061#11,hehe_230_000002_043_00000061,11,9,garbage_can,3705.0,0,0.734823,1,1.4768,0.814095964418,-9.7266,11.2034,8.5285,59.1064,0.34625,2.01784,0.043
hehe_230_000002_043_00000061#13,hehe_230_000002_043_00000061,13,0,person,2170.0,1,0.0,0,-9.4182,8.1223609e-05,-9.7188,0.3005,6.4394,40.9012,0.30293,1.62727,0.0078
hehe_230_000002_043_00000061#14,hehe_230_000002_043_00000061,14,5,bicycle,1088.0,0,0.769558,1,0.7789,0.685438498215,-9.8438,10.6226,10.1659,54.3695,0.37485,1.86819,0.0312
hehe_232_000002_043_00000181#0,hehe_232_000002_043_00000181,0,0,person,1089.0,0,0.331384,0,0.5276,0.628927917541,-9.7188,10.2464,7.405,50.7537,0.31447,1.7995,0.043
hehe_232_000002_043_00000181#1,hehe_232_000002_043_00000181,1,0,person,2619.0,0,0.80541,1,-10.1499,3.9076955e-05,-9.7188,-0.4312,6.8301,48.5348,0.31791,1.91729,0.0117
hehe_232_000002_043_00000181#2,hehe_232_000002_043_00000181,2,0,person,5917.0,0,0.642175,1,0.4859,0.619128391064,-9.7188,10.2046,7.0997,61.0528,0.31915,1.86954,0.043
hehe_232_000002_043_00000181#3,hehe_232_000002_043_00000181,3,9,garbage_can,4000.0,0,0.0,0,-10.7751,2.0912618e-05,-9.7266,-1.0486,6.9999,54.0628,0.33016,2.34363,0.0078
hehe_232_000002_043_00000181#8,hehe_232_000002_043_00000181,8,6,car,6732.0,0,0.878965,1,-11.4675,1.0465062e-05,-9.8906,-1.5768,5.9927,30.2407,0.29992,1.24313,0.0
hehe_274_000002_060_00000105#1,hehe_274_000002_060_00000105,1,6,car,7700.0,0,0.829813,1,-10.3461,3.2118187e-05,-9.8906,-0.4554,6.3148,43.6678,0.31197,1.7226,0.0
hehe_274_000002_060_00000105#5,hehe_274_000002_060_00000105,5,0,person,2691.0,0,0.59431,1,-5.3994,0.00449881546,-9.7188,4.3193,7.1525,42.3387,0.32474,1.6023,0.0078
hehe_274_000002_060_00000105#6,hehe_274_000002_060_00000105,6,0,person,1034.0,0,0.442584,0,-12.5426,3.571333e-06,-9.7188,-2.8238,6.6682,52.7914,0.32119,2.18967,0.0
hehe_40_00000033#1,hehe_40_00000033,1,0,person,3145.0,0,0.909534,1,1.6893,0.844128889101,-9.7188,11.408,8.8448,59.8589,0.32968,1.90005,0.043
hehe_40_00000033#2,hehe_40_00000033,2,0,person,4940.0,0,0.762128,1,-13.1374,1.970103e-06,-9.7188,-3.4187,7.145,69.2736,0.3155,2.26838,0.0156
hehe_40_00000033#3,hehe_40_00000033,3,0,person,4320.0,0,0.71538,1,-0.9917,0.270571310632,-9.7188,8.727,8.1662,55.1091,0.33974,1.89599,0.0156
hehe_40_00000033#5,hehe_40_00000033,5,0,person,4416.0,0,0.913942,1,2.56,0.928245598236,-9.7188,12.2788,9.0661,58.1883,0.3524,1.93144,0.0547
hehe_45_00000001#2,hehe_45_00000001,2,0,person,4902.0,0,0.909107,1,2.3612,0.913822710106,-9.7188,12.08,7.8779,53.0588,0.32405,1.81949,0.0273
hehe_45_00000001#4,hehe_45_00000001,4,0,person,2760.0,0,0.846243,1,0.1858,0.546311059767,-9.7188,9.9045,7.3354,39.6889,0.32678,1.39568,0.0156
hehe_45_00000001#5,hehe_45_00000001,5,9,garbage_can,5159.0,0,0.919963,1,2.327,0.911089672169,-9.7266,12.0536,8.7554,62.5669,0.35913,2.20051,0.0703
hehe_45_00000001#6,hehe_45_00000001,6,6,car,5016.0,0,0.430734,0,-14.8917,3.40885e-07,-9.8906,-5.0011,6.1438,51.0413,0.29997,1.8724,0.0
hehe_45_00000001#7,hehe_45_00000001,7,6,car,6164.0,0,0.41296,0,-6.2215,0.001982377265,-9.8906,3.6692,6.7547,45.5366,0.31631,1.91053,0.0
hehe_45_00000001#8,hehe_45_00000001,8,6,car,3969.0,0,0.329496,0,-8.4259,0.000219074319,-9.8906,1.4647,6.889,45.4018,0.33072,1.87943,0.0
hehe_45_00000001#9,hehe_45_00000001,9,6,car,5200.0,0,0.655204,1,1.294,0.784820667828,-9.8906,11.1846,7.981,50.9865,0.33122,1.96874,0.0
hehe_52_00000107#0,hehe_52_00000107,0,2,animal,2223.0,0,0.727153,1,-9.4045,8.2348767e-05,-9.7578,0.3533,6.758,45.2378,0.3144,1.91784,0.0
hehe_52_00000107#1,hehe_52_00000107,1,2,animal,1140.0,0,0.741854,1,0.5722,0.639277214968,-9.7578,10.33,8.301,49.4297,0.33844,1.82261,0.0195
hehe_61_00000090#2,hehe_61_00000090,2,6,car,7396.0,0,0.866574,1,-7.4771,0.000565575061,-9.8906,2.4135,7.1033,40.1069,0.32822,1.42669,0.0
hehe_61_00000090#3,hehe_61_00000090,3,5,bicycle,4158.0,0,0.851329,1,2.2028,0.900504667987,-9.8438,12.0466,7.3491,55.6208,0.32946,2.01585,0.0117
hehe_61_00000090#4,hehe_61_00000090,4,5,bicycle,2109.0,0,0.657356,1,1.9108,0.871112099981,-9.8438,11.7546,7.9904,61.6502,0.34272,2.23236,0.0352
hehe_61_00000090#9,hehe_61_00000090,9,5,bicycle,7938.0,0,0.746572,1,-11.7521,7.87266e-06,-9.8438,-1.9084,6.5314,45.9949,0.32446,1.7187,0.0
hehe_61_00000090#10,hehe_61_00000090,10,5,bicycle,5700.0,1,0.0,0,-17.7122,2.0308e-08,-9.8438,-7.8685,6.1524,35.9727,0.30215,1.46337,0.0
hehe_61_00000090#11,hehe_61_00000090,11,5,bicycle,9200.0,1,0.0,0,-22.3889,1.89e-10,-9.8438,-12.5452,5.9452,50.5427,0.2993,2.06991,0.0039
hehe_65_00000229#2,hehe_65_00000229,2,4,sign,6720.0,1,0.0,0,-16.2917,8.4066e-08,-9.8516,-6.4401,6.6161,43.1753,0.32073,1.84356,0.0
hehe_65_00000229#3,hehe_65_00000229,3,4,sign,3744.0,0,0.881608,1,2.0342,0.884339277488,-9.8516,11.8857,8.0382,58.0433,0.31381,2.12305,0.0312
hehe_65_00000229#4,hehe_65_00000229,4,4,sign,3300.0,0,0.880014,1,2.3737,0.914796500822,-9.8516,12.2252,11.0145,63.6025,0.38089,2.30133,0.0625
hehe_65_00000229#6,hehe_65_00000229,6,5,bicycle,1938.0,0,0.843404,1,1.6197,0.834750522784,-9.8438,11.4634,6.3974,59.2428,0.30373,2.13425,0.0273
hehe_65_00000229#7,hehe_65_00000229,7,5,bicycle,2257.0,0,0.885581,1,2.1387,0.894610037545,-9.8438,11.9825,9.3658,62.3109,0.38191,2.2175,0.0273
hehe_6_00000054#0,hehe_6_00000054,0,7,ball,1480.0,1,0.0,0,-15.7226,1.48512e-07,-9.8281,-5.8945,6.5654,50.6494,0.31331,2.08914,0.0
hehe_6_00000054#2,hehe_6_00000054,2,0,person,3978.0,0,0.66297,1,1.7651,0.85384659498,-9.7188,11.4838,8.8025,51.6288,0.33424,1.73407,0.043
hehe_6_00000054#3,hehe_6_00000054,3,0,person,3713.0,0,0.514535,1,-5.0429,0.006413710681,-9.7188,4.6759,6.8029,44.656,0.30627,1.60112,0.0117
hehe_6_00000054#4,hehe_6_00000054,4,0,person,3400.0,0,0.700585,1,1.1903,0.766798805367,-9.7188,10.9091,7.1393,44.1127,0.31864,1.59642,0.0117
hehe_6_00000054#6,hehe_6_00000054,6,0,person,8904.0,0,0.893493,1,-21.941,2.96e-10,-9.7188,-12.2223,7.8468,65.4425,0.32494,1.81305,0.0
hehe_6_00000054#13,hehe_6_00000054,13,3,seat,8188.0,0,0.171214,0,-17.3384,2.9513e-08,-9.8516,-7.4869,7.0529,41.9689,0.3279,1.71045,0.0
hehe_6_00000054#16,hehe_6_00000054,16,6,car,3770.0,1,0.0,0,-15.6099,1.66227e-07,-9.8906,-5.7193,5.6329,38.2314,0.27799,1.60694,0.0
hehe_6_00000054#17,hehe_6_00000054,17,6,car,4389.0,1,0.0,0,-11.587,9.285833e-06,-9.8906,-1.6964,6.1828,30.2702,0.30439,1.26904,0.0
hehe_86_00000253#0,hehe_86_00000253,0,2,animal,5046.0,0,0.829952,1,-10.6339,2.4084504e-05,-9.7578,-0.8761,6.818,44.3359,0.30857,1.84348,0.0
hehe_86_00000253#3,hehe_86_00000253,3,2,animal,6324.0,0,0.701552,1,-9.9683,4.6862027e-05,-9.7578,-0.2104,7.8328,46.4052,0.34203,1.96105,0.0
hehe_87_00000315#1,hehe_87_00000315,1,2,animal,4305.0,0,0.920749,1,-5.0875,0.006135591052,-9.7578,4.6703,7.2482,43.216,0.32675,1.72973,0.0
hehe_87_00000315#2,hehe_87_00000315,2,2,animal,4662.0,0,0.926431,1,1.93,0.873251670343,-9.7578,11.6878,8.7371,51.6752,0.36481,1.98523,0.0273
hehe_87_00000315#3,hehe_87_00000315,3,2,animal,3712.0,0,0.960105,1,2.226,0.902557612773,-9.7578,11.9838,10.194,55.5408,0.38594,2.10914,0.0508
hehe_87_00000315#4,hehe_87_00000315,4,2,animal,2200.0,0,0.900246,1,1.5325,0.822372535188,-9.7578,11.2903,9.7148,50.9724,0.37437,1.97895,0.0195
hehe_87_00000315#5,hehe_87_00000315,5,2,animal,3286.0,0,0.728429,1,-0.2862,0.428938967301,-9.7578,9.4716,6.3979,46.8734,0.30115,1.83667,0.0039
hehe_87_00000315#6,hehe_87_00000315,6,2,animal,1575.0,0,0.427598,0,-8.5656,0.000190513392,-9.7578,1.1922,7.2072,44.671,0.32413,1.82291,0.0
shuming_1007_00000230#0,shuming_1007_00000230,0,2,animal,4895.0,0,0.722584,1,-6.9528,0.000955034667,-9.7578,2.805,7.1768,47.4285,0.32061,2.00544,0.0039
shuming_1007_00000230#3,shuming_1007_00000230,3,2,animal,4672.0,0,0.758833,1,-1.7956,0.142392708531,-9.7578,7.9623,8.6872,41.8742,0.35714,1.64723,0.0
shuming_1007_00000230#4,shuming_1007_00000230,4,2,animal,4089.0,0,0.504846,1,-18.0514,1.4467e-08,-9.7578,-8.2936,6.1578,65.3191,0.29867,2.04862,0.0039
shuming_1007_00000230#5,shuming_1007_00000230,5,2,animal,5256.0,0,0.857191,1,-9.0798,0.000113933081,-9.7578,0.678,6.6237,35.0407,0.30455,1.53984,0.0039
shuming_1007_00000230#7,shuming_1007_00000230,7,2,animal,6960.0,0,0.744075,1,-5.2344,0.005301540303,-9.7578,4.5234,6.8308,43.8946,0.29644,1.8383,0.0
shuming_1007_00000230#10,shuming_1007_00000230,10,2,animal,6726.0,0,0.67068,1,-3.7867,0.022167301867,-9.7578,5.9711,7.1858,43.982,0.31372,1.80386,0.0039
shuming_1007_00000230#11,shuming_1007_00000230,11,2,animal,4752.0,0,0.871939,1,1.9586,0.876380435365,-9.7578,11.7164,8.9291,51.9183,0.33016,2.00798,0.0117
shuming_1007_00000230#12,shuming_1007_00000230,12,2,animal,4428.0,0,0.848648,1,0.8775,0.706305189693,-9.7578,10.6353,8.5601,43.4309,0.35329,1.67323,0.0078
shuming_1007_00000230#13,shuming_1007_00000230,13,2,animal,1395.0,0,0.499026,0,-2.4398,0.080186130784,-9.7578,7.318,6.6109,40.9118,0.30478,1.58699,0.0
shuming_1007_00000230#14,shuming_1007_00000230,14,2,animal,1173.0,0,0.542323,1,-4.3054,0.01331611046,-9.7578,5.4524,7.3206,37.3173,0.32696,1.46442,0.0039
shuming_1007_00000230#15,shuming_1007_00000230,15,2,animal,8484.0,0,0.795444,1,-3.4795,0.029901503386,-9.7578,6.2783,8.1115,46.149,0.3356,1.86341,0.0
shuming_1007_00000230#16,shuming_1007_00000230,16,2,animal,5548.0,0,0.869608,1,1.1434,0.758298127601,-9.7578,10.9012,8.4569,47.8713,0.35765,1.78869,0.0
shuming_1007_00000230#17,shuming_1007_00000230,17,2,animal,2340.0,0,0.387272,0,-1.2363,0.225072781319,-9.7578,8.5215,7.1508,48.1808,0.3342,1.89177,0.0078
shuming_1007_00000230#18,shuming_1007_00000230,18,2,animal,1800.0,0,0.561118,1,-4.9869,0.006780442433,-9.7578,4.7709,6.3409,44.0842,0.29343,1.75869,0.0
shuming_1007_00000230#20,shuming_1007_00000230,20,2,animal,2688.0,0,0.6968,1,1.3813,0.799195108992,-9.7578,11.1391,7.9946,50.9963,0.33398,1.91534,0.0195
shuming_1007_00000230#21,shuming_1007_00000230,21,2,animal,7632.0,0,0.789673,1,-15.2511,2.37984e-07,-9.7578,-5.4932,7.2518,67.242,0.33118,2.34579,0.0
shuming_1007_00000230#22,shuming_1007_00000230,22,2,animal,3393.0,0,0.806882,1,2.0088,0.881722856086,-9.7578,11.7667,8.3231,55.3936,0.34027,2.1001,0.0352
shuming_1007_00000230#23,shuming_1007_00000230,23,2,animal,2405.0,0,0.737931,1,-2.8861,0.052844729393,-9.7578,6.8717,7.8822,44.5946,0.32535,1.69939,0.0
shuming_1013_00000065#0,shuming_1013_00000065,0,2,animal,8680.0,0,0.87252,1,-17.2551,3.2077e-08,-9.7578,-7.4973,6.5844,61.8052,0.30156,2.09113,0.0
shuming_1013_00000065#1,shuming_1013_00000065,1,2,animal,4544.0,0,0.79094,1,-7.3312,0.000654336374,-9.7578,2.4266,6.9055,45.5555,0.31384,1.92851,0.0
shuming_1013_00000065#3,shuming_1013_00000065,3,2,animal,2970.0,0,0.283869,0,-18.722,7.398e-09,-9.7578,-8.9642,7.2578,50.3918,0.33799,2.11349,0.0039
shuming_1028_00000411#3,shuming_1028_00000411,3,4,sign,6156.0,0,0.89025,1,-6.0292,0.002401640639,-9.8516,3.8224,7.2874,62.3334,0.3203,2.26925,0.0039
shuming_1028_00000411#4,shuming_1028_00000411,4,4,sign,1056.0,0,0.855873,1,0.8225,0.69476782262,-9.8516,10.6741,7.4706,63.8439,0.34106,2.29705,0.0156
shuming_1028_00000411#5,shuming_1028_00000411,5,4,sign,1711.0,0,0.91153,1,-0.8678,0.295702203118,-9.8516,8.9837,8.0151,58.3418,0.35125,2.20209,0.0312
shuming_1064_00000087#0,shuming_1064_00000087,0,2,animal,3800.0,0,0.665189,1,0.6589,0.659021019,-9.7578,10.4167,8.0622,48.1532,0.33869,1.85485,0.0117
shuming_1064_00000087#1,shuming_1064_00000087,1,2,animal,5858.0,0,0.803262,1,1.1628,0.761837107387,-9.7578,10.9206,6.678,49.0319,0.30403,1.87306,0.0234
shuming_1064_00000087#2,shuming_1064_00000087,2,2,animal,6831.0,0,0.874006,1,0.8204,0.694313196585,-9.7578,10.5782,8.6816,47.4378,0.37344,1.88074,0.0078
shuming_1064_00000087#3,shuming_1064_00000087,3,2,animal,7520.0,0,0.712832,1,-3.9967,0.01804423821,-9.7578,5.7611,6.7892,46.4163,0.32201,1.89905,0.0
shuming_1064_00000087#4,shuming_1064_00000087,4,2,animal,6536.0,0,0.732287,1,-15.9207,1.2182e-07,-9.7578,-6.1629,6.7184,55.9959,0.31017,2.08744,0.0
shuming_1064_00000087#6,shuming_1064_00000087,6,2,animal,2950.0,0,0.750339,1,1.4587,0.811335979899,-9.7578,11.2165,7.1512,53.2216,0.31827,2.037,0.0352
shuming_1064_00000087#7,shuming_1064_00000087,7,2,animal,6030.0,0,0.770738,1,1.9607,0.876609414404,-9.7578,11.7185,9.7171,52.5138,0.36073,1.99961,0.043
shuming_1064_00000087#8,shuming_1064_00000087,8,2,animal,8829.0,0,0.696447,1,-12.0374,5.918339e-06,-9.7578,-2.2796,6.7065,54.9587,0.30842,2.06098,0.0
shuming_1076_00000257#1,shuming_1076_00000257,1,2,animal,3780.0,0,0.867357,1,2.8675,0.946216471874,-9.7578,12.6253,10.4464,62.1834,0.37189,2.32361,0.0586
shuming_1076_00000257#2,shuming_1076_00000257,2,2,animal,3162.0,0,0.856659,1,2.0996,0.890862424682,-9.7578,11.8574,8.373,53.5896,0.34568,2.04072,0.0234
shuming_1076_00000257#3,shuming_1076_00000257,3,2,animal,2268.0,0,0.685118,1,2.204,0.900611338409,-9.7578,11.9618,8.5303,51.9905,0.35613,2.01666,0.0117
shuming_1076_00000257#4,shuming_1076_00000257,4,2,animal,2310.0,0,0.750589,1,1.6987,0.845370848719,-9.7578,11.4566,8.793,49.9527,0.35334,1.95149,0.0234
shuming_1076_00000257#5,shuming_1076_00000257,5,2,animal,2392.0,0,0.669581,1,2.195,0.899795970927,-9.7578,11.9528,8.9928,56.4235,0.38053,2.1429,0.0469
shuming_1079_00000233#3,shuming_1079_00000233,3,0,person,2030.0,0,0.383238,0,-9.2763,9.3611276e-05,-9.7188,0.4425,7.7899,42.0325,0.31332,1.61116,0.0039
shuming_1079_00000233#4,shuming_1079_00000233,4,0,person,1325.0,0,0.0,0,-3.7785,0.022345100349,-9.7188,5.9402,6.2591,49.5704,0.30274,1.9217,0.0078
shuming_1079_00000233#6,shuming_1079_00000233,6,2,animal,3773.0,0,0.817332,1,2.2997,0.908848458942,-9.7578,12.0575,7.5615,54.8883,0.32122,2.10416,0.0234
shuming_1080_00000016#0,shuming_1080_00000016,0,2,animal,7290.0,0,0.882044,1,-10.1828,3.781215e-05,-9.7578,-0.425,6.0755,47.7955,0.30404,1.89561,0.0039
shuming_1080_00000016#4,shuming_1080_00000016,4,0,person,1104.0,0,0.777951,1,1.7936,0.857362025722,-9.7188,11.5123,6.8407,49.4939,0.31867,1.74777,0.0195
shuming_1132_00000385#2,shuming_1132_00000385,2,0,person,3608.0,0,0.753815,1,0.4664,0.614522555729,-9.7188,10.1851,6.5232,49.0469,0.29918,1.67014,0.0273
shuming_1132_00000385#3,shuming_1132_00000385,3,0,person,3618.0,0,0.338836,0,-12.0975,5.573617e-06,-9.7188,-2.3787,6.4332,36.0732,0.29416,1.32077,0.0039
shuming_1132_00000385#4,shuming_1132_00000385,4,0,person,2961.0,0,0.272914,0,-13.075,2.096974e-06,-9.7188,-3.3563,6.1507,34.8078,0.29663,1.47694,0.0
shuming_1135_00000213#0,shuming_1135_00000213,0,2,animal,7480.0,0,0.976051,1,-11.032,1.6175776e-05,-9.7578,-1.2742,7.8245,56.3056,0.33195,2.0545,0.0
shuming_1148_00000041#0,shuming_1148_00000041,0,2,animal,8282.0,0,0.906731,1,-13.1941,1.861456e-06,-9.7578,-3.4363,7.6866,58.4807,0.33535,2.06556,0.0
shuming_1157_00000010#0,shuming_1157_00000010,0,2,animal,7790.0,0,0.757006,1,-18.1945,1.2538e-08,-9.7578,-8.4367,6.8349,65.0399,0.3208,2.18886,0.0039
shuming_1157_00000010#1,shuming_1157_00000010,1,2,animal,3381.0,0,0.836046,1,2.3783,0.915158546597,-9.7578,12.1361,8.2202,55.7456,0.33747,2.10476,0.043
shuming_1157_00000010#2,shuming_1157_00000010,2,2,animal,1848.0,0,0.649479,1,2.0753,0.888480154861,-9.7578,11.8331,7.3909,53.2687,0.33233,1.99272,0.0312
shuming_1180_00000231#3,shuming_1180_00000231,3,2,animal,5580.0,0,0.0,0,-23.5972,5.6e-11,-9.7578,-13.8394,6.2349,79.0445,0.29885,2.24754,0.0
shuming_24_00000001#0,shuming_24_00000001,0,8,light,5510.0,0,0.651453,1,-10.7534,2.1372083e-05,-9.6719,-1.0815,6.985,78.0286,0.3116,2.45114,0.043
shuming_24_00000001#1,shuming_24_00000001,1,8,light,6902.0,0,0.811666,1,-5.9602,0.002572825157,-9.6719,3.7117,6.8871,50.0167,0.31043,2.05441,0.0
shuming_340_00000020#1,shuming_340_00000020,1,4,sign,2496.0,1,0.0,0,-18.8157,6.736e-09,-9.8516,-8.9642,6.515,38.1947,0.31498,1.58146,0.0
shuming_340_00000020#19,shuming_340_00000020,19,0,person,1060.0,0,0.870777,1,1.5188,0.82036139328,-9.7188,11.2375,7.3957,50.3077,0.32357,1.73382,0.0195
shuming_340_00000020#22,shuming_340_00000020,22,0,person,1176.0,0,0.73736,1,0.9352,0.71813016602,-9.7188,10.654,6.5222,46.8138,0.31726,1.59811,0.0039
shuming_340_00000020#23,shuming_340_00000020,23,0,person,1037.0,0,0.755822,1,0.4697,0.615303459447,-9.7188,10.1884,9.1065,47.5351,0.37003,1.59656,0.0234
shuming_340_00000020#26,shuming_340_00000020,26,0,person,1071.0,0,0.653989,1,0.9727,0.725651665792,-9.7188,10.6914,6.7618,48.8308,0.32074,1.65775,0.0234
shuming_340_00000020#30,shuming_340_00000020,30,0,person,1098.0,0,0.787968,1,1.3158,0.788482039426,-9.7188,11.0345,9.2667,48.4902,0.35895,1.68747,0.0352
shuming_340_00000020#31,shuming_340_00000020,31,0,person,1180.0,0,0.790364,1,1.5433,0.823946379112,-9.7188,11.2621,9.1008,51.9169,0.37024,1.78866,0.0352
shuming_340_00000020#38,shuming_340_00000020,38,0,person,1080.0,0,0.741364,1,1.155,0.760421389675,-9.7188,10.8737,7.1001,47.1567,0.31505,1.70931,0.0
shuming_35_00000199#0,shuming_35_00000199,0,0,person,7896.0,0,0.895546,1,-17.3643,2.8759e-08,-9.7188,-7.6455,6.3029,61.4954,0.30246,1.81431,0.0
shuming_35_00000199#3,shuming_35_00000199,3,0,person,4040.0,0,0.0,0,-0.9726,0.274353080702,-9.7188,8.7461,7.0223,48.573,0.32592,1.68652,0.0078
shuming_35_00000199#4,shuming_35_00000199,4,0,person,3344.0,0,0.0,0,-13.8244,9.91112e-07,-9.7188,-4.1057,6.4045,46.6691,0.31064,1.82836,0.0039
shuming_35_00000199#5,shuming_35_00000199,5,0,person,9024.0,0,0.550237,1,-14.1668,7.03782e-07,-9.7188,-4.448,6.6227,33.0865,0.32086,1.36099,0.0039
shuming_35_00000199#6,shuming_35_00000199,6,0,person,2241.0,0,0.204955,0,-12.9656,2.339374e-06,-9.7188,-3.2469,6.1619,34.8958,0.29294,1.39144,0.0
shuming_35_00000199#8,shuming_35_00000199,8,8,light,1344.0,0,0.802153,1,1.351,0.794285872528,-9.6719,11.0228,8.0118,52.6607,0.33638,1.76864,0.0234
shuming_35_00000199#9,shuming_35_00000199,9,8,light,1120.0,0,0.920098,1,0.9091,0.712813530685,-9.6719,10.581,8.1252,52.1611,0.34751,1.78723,0.0156
shuming_35_00000199#11,shuming_35_00000199,11,8,light,3800.0,0,0.868056,1,2.5613,0.928330541771,-9.6719,12.2332,11.5043,57.1603,0.38028,1.99892,0.0312
shuming_410_00000037#0,shuming_410_00000037,0,0,person,1127.0,0,0.903376,1,2.0197,0.882845946049,-9.7188,11.7384,8.0924,48.9017,0.35145,1.73508,0.0156
shuming_410_00000037#9,shuming_410_00000037,9,8,light,4620.0,0,0.0,0,-11.6925,8.356321e-06,-9.6719,-2.0206,6.3625,42.503,0.29957,1.65563,0.0
shuming_461_00000082#0,shuming_461_00000082,0,0,person,5687.0,0,0.915116,1,1.605,0.832721693034,-9.7188,11.3238,7.8443,52.3838,0.33417,1.75519,0.0156
shuming_461_00000082#2,shuming_461_00000082,2,0,person,4848.0,0,0.832263,1,2.1493,0.895606164326,-9.7188,11.8681,7.06,51.4214,0.31997,1.77057,0.0273
shuming_461_00000082#3,shuming_461_00000082,3,9,garbage_can,3400.0,0,0.917468,1,1.6877,0.843916710279,-9.7266,11.4142,7.433,58.5941,0.32106,2.08979,0.0508
shuming_461_00000082#4,shuming_461_00000082,4,9,garbage_can,1085.0,0,0.795225,1,0.0526,0.513156237569,-9.7266,9.7792,6.9272,59.5343,0.32136,2.11732,0.0312
shuming_461_00000082#5,shuming_461_00000082,5,3,seat,1200.0,0,0.696962,1,-5.8351,0.002914584308,-9.8516,4.0165,7.2343,53.8852,0.31923,1.92229,0.0195
shuming_465_00000030#0,shuming_465_00000030,0,0,person,1224.0,0,0.815165,1,1.8775,0.867323768768,-9.7188,11.5963,7.4446,52.4748,0.32341,1.77981,0.0234
shuming_465_00000030#2,shuming_465_00000030,2,6,car,5976.0,0,0.902579,1,1.5424,0.823812842371,-9.8906,11.433,8.8271,50.8862,0.32862,1.90281,0.0078
shuming_465_00000030#3,shuming_465_00000030,3,6,car,1334.0,0,0.57543,1,1.6024,0.832357385917,-9.8906,11.4931,6.6646,53.1578,0.30751,1.93659,0.0117
shuming_470_00000057#3,shuming_470_00000057,3,6,car,4897.0,0,0.915332,1,2.0297,0.883879242662,-9.8906,11.9203,8.3885,53.4884,0.34347,2.06665,0.0
shuming_470_00000057#4,shuming_470_00000057,4,6,car,2352.0,0,0.9459,1,2.6411,0.933461500702,-9.8906,12.5317,8.1035,65.8351,0.34656,2.35089,0.0391
shuming_482_00000018#3,shuming_482_00000018,3,5,bicycle,6035.0,0,0.836606,1,-2.816,0.056466580435,-9.8438,7.0278,10.1584,60.1461,0.3688,2.14338,0.0117
shuming_482_00000018#4,shuming_482_00000018,4,5,bicycle,5508.0,0,0.74791,1,-2.2191,0.098047776676,-9.8438,7.6246,7.3738,48.4321,0.34436,1.8064,0.0039
shuming_482_00000018#5,shuming_482_00000018,5,5,bicycle,6279.0,0,0.863848,1,-11.7136,8.181656e-06,-9.8438,-1.8699,8.0086,78.1551,0.33515,2.49479,0.0078
shuming_485_00000027#3,shuming_485_00000027,3,8,light,1628.0,1,0.0,0,-18.9516,5.88e-09,-9.6719,-9.2798,6.3392,39.0516,0.29562,1.54768,0.0
shuming_485_00000027#4,shuming_485_00000027,4,8,light,5915.0,1,0.0,0,-22.3897,1.89e-10,-9.6719,-12.7179,6.1503,38.3454,0.30214,1.49917,0.0
shuming_503_00000052#0,shuming_503_00000052,0,3,seat,3960.0,0,0.841705,1,2.6813,0.935912891691,-9.8516,12.5328,7.3199,59.3365,0.33405,2.05025,0.0508
shuming_503_00000052#1,shuming_503_00000052,1,9,garbage_can,2784.0,0,0.827993,1,-1.0336,0.262379594613,-9.7266,8.6929,7.233,60.9982,0.32525,2.10618,0.0273
shuming_562_00000223#2,shuming_562_00000223,2,2,animal,8284.0,1,0.0,0,-18.3472,1.0762e-08,-9.7578,-8.5894,5.9472,29.4336,0.30097,1.23725,0.0
shuming_571_00000215#0,shuming_571_00000215,0,2,animal,5925.0,0,0.91898,1,-14.9778,3.12767e-07,-9.7578,-5.22,8.419,72.9,0.33311,2.45615,0.0
shuming_571_00000215#1,shuming_571_00000215,1,2,animal,5487.0,0,0.923871,1,1.2783,0.78216274586,-9.7578,11.0361,7.4207,46.4168,0.32958,1.83517,0.0078
shuming_574_00000017#0,shuming_574_00000017,0,2,animal,7150.0,0,0.965892,1,-16.6027,6.1597e-08,-9.7578,-6.8448,7.0151,66.1501,0.33518,2.19306,0.0
shuming_608_00000031#1,shuming_608_00000031,1,2,animal,1722.0,0,0.841485,1,1.7175,0.84781265833,-9.7578,11.4754,8.3941,51.0531,0.34642,1.91654,0.0117
shuming_608_00000031#2,shuming_608_00000031,2,2,animal,3300.0,0,0.621565,1,1.8915,0.868928365371,-9.7578,11.6493,7.5262,52.0077,0.31092,2.0532,0.0391
shuming_608_00000031#3,shuming_608_00000031,3,2,animal,4278.0,0,0.732213,1,-10.2307,3.6043939e-05,-9.7578,-0.4729,6.7827,46.9207,0.32468,1.86477,0.0
shuming_608_00000031#4,shuming_608_00000031,4,2,animal,1170.0,0,0.661563,1,1.6828,0.843280903879,-9.7578,11.4407,7.8641,49.6246,0.33835,1.93227,0.0234
shuming_610_00000148#0,shuming_610_00000148,0,0,person,4524.0,0,0.0,0,-0.7369,0.323674185856,-9.7188,8.9818,7.1025,47.9362,0.31539,1.70781,0.0156
shuming_63_00000393#3,shuming_63_00000393,3,8,light,1680.0,0,0.0,0,-15.164,2.59637e-07,-9.6719,-5.4921,5.9959,40.0596,0.30431,1.59274,0.0
shuming_63_00000393#4,shuming_63_00000393,4,8,light,2205.0,1,0.0,0,-13.7003,1.122085e-06,-9.6719,-4.0284,6.4027,55.9974,0.31131,2.38687,0.0117
shuming_63_00000393#5,shuming_63_00000393,5,8,light,1575.0,0,0.0,0,-12.7127,3.012572e-06,-9.6719,-3.0408,6.4671,58.2595,0.31586,2.33579,0.0
shuming_63_00000393#6,shuming_63_00000393,6,8,light,2880.0,0,0.0,0,-12.8571,2.607473e-06,-9.6719,-3.1853,6.1596,35.2566,0.30539,1.39515,0.0
shuming_63_00000393#7,shuming_63_00000393,7,8,light,2301.0,1,0.0,0,-14.5502,4.79638e-07,-9.6719,-4.8784,6.2923,30.0605,0.29842,1.1806,0.0039
shuming_63_00000393#8,shuming_63_00000393,8,8,light,2970.0,1,0.0,0,-15.2129,2.47241e-07,-9.6719,-5.541,6.167,33.518,0.30391,1.30077,0.0078
shuming_63_00000393#9,shuming_63_00000393,9,8,light,2624.0,1,0.0,0,-15.0166,3.00855e-07,-9.6719,-5.3448,5.8761,36.92,0.28959,1.40606,0.0
shuming_663_00000328#2,shuming_663_00000328,2,2,animal,5605.0,0,0.923134,1,-0.5768,0.359670922865,-9.7578,9.181,7.8134,46.5085,0.32112,1.90725,0.0
shuming_663_00000328#3,shuming_663_00000328,3,2,animal,4422.0,0,0.852319,1,-6.8756,0.001031645099,-9.7578,2.8822,6.7827,48.611,0.30936,2.07585,0.0078
shuming_67_00000001#1,shuming_67_00000001,1,5,bicycle,6080.0,0,0.8482,1,-12.0145,6.055862e-06,-9.8438,-2.1707,7.6722,54.1455,0.34333,1.96878,0.0
shuming_67_00000001#2,shuming_67_00000001,2,0,person,1800.0,0,0.0,0,-14.2528,6.45796e-07,-9.7188,-4.534,6.9786,53.8388,0.31403,2.18177,0.0
shuming_698_00000001#0,shuming_698_00000001,0,5,bicycle,1166.0,0,0.712647,1,1.3003,0.785889099283,-9.8438,11.1441,7.4431,59.9253,0.3273,1.98174,0.0586
shuming_698_00000001#1,shuming_698_00000001,1,5,bicycle,1650.0,0,0.409996,0,1.4256,0.806209165126,-9.8438,11.2693,7.1467,61.7986,0.32125,2.10263,0.0469
shuming_698_00000001#2,shuming_698_00000001,2,5,bicycle,1643.0,0,0.69786,1,1.5309,0.822143535072,-9.8438,11.3747,8.0583,61.0553,0.34868,2.13163,0.0078
shuming_698_00000001#3,shuming_698_00000001,3,5,bicycle,1700.0,0,0.894902,1,1.7106,0.846908637303,-9.8438,11.5543,9.6796,63.9578,0.37821,2.217,0.0234
shuming_698_00000001#4,shuming_698_00000001,4,5,bicycle,1683.0,0,0.843529,1,1.4728,0.813481480297,-9.8438,11.3165,9.3618,55.7699,0.35629,1.98695,0.0234
shuming_698_00000001#5,shuming_698_00000001,5,5,bicycle,1632.0,0,0.885531,1,1.7532,0.852359748349,-9.8438,11.597,9.8228,61.9605,0.36896,2.13226,0.0312
shuming_698_00000001#7,shuming_698_00000001,7,0,person,2590.0,0,0.945812,1,1.9851,0.879225779291,-9.7188,11.7039,10.0597,50.9834,0.3684,1.80559,0.043
shuming_698_00000001#8,shuming_698_00000001,8,0,person,2336.0,0,0.693685,1,-7.9545,0.000350939241,-9.7188,1.7642,6.698,43.9384,0.3034,1.81825,0.0156
shuming_698_00000001#9,shuming_698_00000001,9,0,person,1480.0,0,0.691114,1,1.1183,0.753676692993,-9.7188,10.8371,7.137,43.5467,0.32218,1.56804,0.0078
shuming_698_00000001#10,shuming_698_00000001,10,0,person,1829.0,0,0.761701,1,1.9096,0.870969623775,-9.7188,11.6283,9.2994,49.1411,0.35696,1.7322,0.0391
shuming_698_00000001#11,shuming_698_00000001,11,0,person,1560.0,0,0.725232,1,-1.0664,0.256084028025,-9.7188,8.6523,6.9934,43.6825,0.3156,1.57081,0.0117
shuming_698_00000001#12,shuming_698_00000001,12,0,person,1536.0,0,0.858475,1,1.7409,0.850803288068,-9.7188,11.4597,10.1725,52.185,0.38795,1.77485,0.0312
shuming_698_00000001#13,shuming_698_00000001,13,0,person,1711.0,0,0.806938,1,1.766,0.853964852721,-9.7188,11.4848,10.2094,46.9689,0.36295,1.64604,0.0312
shuming_698_00000001#14,shuming_698_00000001,14,0,person,1708.0,0,0.667771,1,0.7097,0.670329727796,-9.7188,10.4284,8.0184,46.3517,0.3368,1.62245,0.0039
shuming_698_00000001#15,shuming_698_00000001,15,0,person,2052.0,0,0.487972,0,-4.384,0.01232168895,-9.7188,5.3348,6.7551,37.4053,0.31866,1.30511,0.0039
shuming_698_00000001#16,shuming_698_00000001,16,0,person,1820.0,0,0.770732,1,2.0335,0.88427449186,-9.7188,11.7523,9.173,49.0067,0.37793,1.77303,0.0234
shuming_698_00000001#17,shuming_698_00000001,17,0,person,2059.0,0,0.919673,1,1.9552,0.876015360701,-9.7188,11.674,9.8674,47.4557,0.37747,1.73318,0.0234
shuming_698_00000001#18,shuming_698_00000001,18,0,person,2208.0,0,0.785539,1,2.0021,0.881012988556,-9.7188,11.7208,9.0822,48.6115,0.35062,1.69982,0.0195
shuming_698_00000001#19,shuming_698_00000001,19,0,person,2278.0,0,0.727847,1,1.6524,0.839214769734,-9.7188,11.3711,9.2868,49.4336,0.3689,1.75482,0.0273
shuming_698_00000001#20,shuming_698_00000001,20,0,person,1972.0,0,0.581967,1,0.5201,0.627166382244,-9.7188,10.2388,7.155,43.5125,0.32256,1.54835,0.0
shuming_698_00000001#21,shuming_698_00000001,21,0,person,2117.0,0,0.440544,0,1.2134,0.770899798556,-9.7188,10.9321,8.4599,44.1597,0.36259,1.57603,0.0234
shuming_698_00000001#22,shuming_698_00000001,22,0,person,2130.0,0,0.794592,1,1.2581,0.778692702669,-9.7188,10.9768,8.0787,49.4407,0.35017,1.83411,0.0312
shuming_698_00000001#23,shuming_698_00000001,23,0,person,3212.0,0,0.694664,1,1.5243,0.821167108123,-9.7188,11.243,8.9187,50.3562,0.35562,1.69621,0.0312
shuming_698_00000001#25,shuming_698_00000001,25,0,person,7900.0,0,0.362566,0,-8.4478,0.000214321754,-9.7188,1.2709,6.4505,38.0486,0.31175,1.46107,0.0
shuming_706_00000375#0,shuming_706_00000375,0,1,boat,4531.0,0,0.75506,1,-8.3044,0.000247375998,-9.75,1.4456,6.4579,30.3534,0.31528,1.20615,0.0
shuming_706_00000375#2,shuming_706_00000375,2,0,person,3159.0,0,0.791587,1,2.2186,0.901909877688,-9.7188,11.9374,8.2417,60.8767,0.32637,1.99043,0.082
shuming_706_00000375#3,shuming_706_00000375,3,0,person,2112.0,0,0.271421,0,-17.4104,2.7465e-08,-9.7188,-7.6916,6.4147,62.7909,0.30151,1.97619,0.0
shuming_706_00000375#4,shuming_706_00000375,4,0,person,5626.0,0,0.791513,1,1.3182,0.788889878746,-9.7188,11.037,7.4058,53.8215,0.3289,1.78744,0.0195
shuming_72_00000270#19,shuming_72_00000270,19,6,car,5544.0,0,0.67644,1,-4.1631,0.015320425733,-9.8906,5.7275,7.4786,46.3811,0.34092,1.99999,0.0
shuming_72_00000270#20,shuming_72_00000270,20,6,car,2380.0,0,0.140587,0,-12.6221,3.298307e-06,-9.8906,-2.7315,6.9548,43.151,0.31763,1.65612,0.0
shuming_72_00000270#22,shuming_72_00000270,22,6,car,5450.0,0,0.669943,1,-8.2765,0.000254370941,-9.8906,1.6142,6.1997,33.8669,0.29325,1.49924,0.0039
shuming_72_00000270#24,shuming_72_00000270,24,6,car,2320.0,0,0.636153,1,-8.3854,0.000228113543,-9.8906,1.5052,6.6646,43.9668,0.31823,1.79596,0.0039
shuming_731_00000492#0,shuming_731_00000492,0,0,person,3519.0,0,0.889294,1,1.9496,0.875398882453,-9.7188,11.6683,7.6977,55.1258,0.32324,1.87567,0.0469
shuming_731_00000492#1,shuming_731_00000492,1,0,person,3139.0,0,0.87958,1,1.9028,0.870207950101,-9.7188,11.6215,8.0661,55.4057,0.31747,1.89887,0.0508
shuming_731_00000492#3,shuming_731_00000492,3,0,person,6600.0,0,0.863699,1,-5.3657,0.004652450692,-9.7188,4.3531,6.4187,56.0747,0.29891,1.8935,0.0195
shuming_731_00000492#5,shuming_731_00000492,5,1,boat,6840.0,0,0.882074,1,-8.2446,0.000262599105,-9.75,1.5054,8.2004,52.1681,0.34591,1.97334,0.0
shuming_753_00000172#0,shuming_753_00000172,0,0,person,1652.0,0,0.93828,1,1.6744,0.842160984051,-9.7188,11.3931,9.127,46.4183,0.36777,1.60158,0.0273
shuming_758_00000371#0,shuming_758_00000371,0,7,ball,5929.0,0,0.911793,1,2.6383,0.933283638195,-9.8281,12.4664,10.5094,64.1465,0.37895,2.1601,0.0352
shuming_763_00000009#2,shuming_763_00000009,2,4,sign,2016.0,0,0.760081,1,0.911,0.713207532532,-9.8516,10.7626,8.0616,63.3247,0.34227,2.33921,0.0195
shuming_774_00000273#3,shuming_774_00000273,3,0,person,7339.0,0,0.784458,1,-23.615,5.5e-11,-9.7188,-13.8963,6.9471,72.4447,0.31768,2.01601,0.0
shuming_774_00000273#5,shuming_774_00000273,5,8,light,2790.0,0,0.338227,0,-14.6854,4.19014e-07,-9.6719,-5.0135,6.7212,44.9965,0.29182,1.48866,0.0
shuming_779_00000254#1,shuming_779_00000254,1,6,car,7011.0,0,0.94541,1,-10.7438,2.1578005e-05,-9.8906,-0.8532,9.3283,56.5677,0.36347,2.11336,0.0039
shuming_779_00000254#5,shuming_779_00000254,5,8,light,8880.0,0,0.960095,1,-14.6408,4.38101e-07,-9.6719,-4.9689,6.3655,40.8244,0.29781,1.69504,0.0
shuming_783_00000248#0,shuming_783_00000248,0,0,person,9028.0,0,0.953929,1,-14.0992,7.52962e-07,-9.7188,-4.3805,6.5517,44.2588,0.31451,1.51889,0.0
shuming_783_00000248#2,shuming_783_00000248,2,3,seat,7622.0,1,0.0,0,-17.762,1.9323e-08,-9.8516,-7.9104,5.818,40.5786,0.28644,1.74153,0.0
shuming_793_00000117#2,shuming_793_00000117,2,4,sign,4050.0,0,0.244463,0,-15.8475,1.31075e-07,-9.8516,-5.9959,6.1932,37.5076,0.30336,1.59098,0.0
shuming_825_00000172#1,shuming_825_00000172,1,4,sign,1265.0,0,0.660097,1,-4.264,0.013871147057,-9.8516,5.5876,7.8593,57.7853,0.35147,2.34702,0.0
shuming_825_00000172#2,shuming_825_00000172,2,4,sign,1196.0,0,0.843026,1,-0.5324,0.369954379937,-9.8516,9.3191,8.3677,60.1254,0.36119,2.27951,0.0039
shuming_825_00000172#3,shuming_825_00000172,3,4,sign,1470.0,0,0.747341,1,-0.1514,0.462211800166,-9.8516,9.7001,8.661,58.7022,0.35743,2.17224,0.0
shuming_826_00000213#1,shuming_826_00000213,1,4,sign,1518.0,0,0.777672,1,0.9297,0.717009172624,-9.8516,10.7812,7.3117,59.5793,0.31572,2.19886,0.0039
shuming_826_00000213#2,shuming_826_00000213,2,4,sign,1482.0,0,0.698626,1,-6.0625,0.002323124946,-9.8516,3.789,7.3216,57.8905,0.33395,2.32663,0.0
shuming_826_00000213#3,shuming_826_00000213,3,4,sign,1100.0,0,0.835554,1,-2.2422,0.096022839754,-9.8516,7.6093,7.3057,57.18,0.32912,2.27293,0.0
shuming_85_00000273#4,shuming_85_00000273,4,8,light,1560.0,1,0.0,0,-14.3828,5.67043e-07,-9.6719,-4.711,6.8757,43.0492,0.31177,1.72354,0.0
shuming_987_00000275#1,shuming_987_00000275,1,2,animal,3990.0,0,0.831524,1,-3.8373,0.021097029038,-9.7578,5.9205,7.1207,46.6705,0.31756,1.96642,0.0156
shuming_987_00000275#2,shuming_987_00000275,2,2,animal,2565.0,0,0.730222,1,1.824,0.861045902744,-9.7578,11.5818,9.9252,52.8222,0.36282,1.99926,0.0234
shuming_987_00000275#3,shuming_987_00000275,3,2,animal,2250.0,0,0.831966,1,1.9022,0.870140183093,-9.7578,11.66,8.4832,51.7695,0.34389,1.97324,0.0234
shuming_987_00000275#4,shuming_987_00000275,4,2,animal,2346.0,0,0.89059,1,1.2221,0.772428418356,-9.7578,10.9799,7.7281,52.4019,0.33821,2.01054,0.0117
shuming_987_00000275#5,shuming_987_00000275,5,2,animal,1260.0,0,0.0,0,-10.0248,4.4285884e-05,-9.7578,-0.267,8.085,56.7975,0.36327,2.27347,0.0039
