epoch,key,mask_pos_membership,topk_membership,n_pos,n_topk,n_in_gts
0.0,00000045#1,1.0,1.0,10.0,10.0,242.0
0.0,00000045#2,1.0,1.0,10.0,10.0,88.0
0.0,00000045#3,1.0,1.0,10.0,10.0,105.0
0.0,00000045#6,1.0,1.0,10.0,10.0,286.0
0.0,00000045#7,1.0,1.0,10.0,10.0,279.0
0.0,00000057#1,1.0,1.0,10.0,10.0,225.0
0.0,00000057#2,1.0,1.0,10.0,10.0,88.0
0.0,00000057#3,1.0,1.0,10.0,10.0,111.0
0.0,00000057#5,1.0,1.0,10.0,10.0,133.0
0.0,00000063#1,1.0,1.0,10.0,10.0,279.0
0.0,00000063#2,1.0,1.0,10.0,10.0,90.0
0.0,00000063#3,1.0,1.0,10.0,10.0,107.0
0.0,00000063#5,1.0,1.0,10.0,10.0,208.0
0.0,00000095#1,1.0,1.0,10.0,10.0,279.0
0.0,00000095#2,1.0,1.0,10.0,10.0,114.0
0.0,00000095#3,1.0,1.0,10.0,10.0,105.0
0.0,00000106#1,1.0,1.0,10.0,10.0,245.0
0.0,00000106#2,1.0,1.0,10.0,10.0,135.0
0.0,00000106#3,1.0,1.0,10.0,10.0,122.0
0.0,00000106#5,1.0,1.0,10.0,10.0,157.0
0.0,00000123#1,1.0,1.0,10.0,10.0,196.0
0.0,00000123#2,1.0,1.0,10.0,10.0,87.0
0.0,00000123#3,1.0,1.0,10.0,10.0,190.0
0.0,00000123#5,1.0,1.0,10.0,10.0,108.0
0.0,00000171#0,1.0,1.0,10.0,10.0,120.0
0.0,00000180#0,1.0,1.0,10.0,10.0,136.0
0.0,00000234#1,1.0,1.0,10.0,10.0,108.0
0.0,00000257#0,1.0,1.0,10.0,10.0,93.0
0.0,00000271#0,1.0,1.0,10.0,10.0,118.0
0.0,00000271#1,1.0,1.0,10.0,10.0,132.0
0.0,00000273#0,1.0,1.0,10.0,10.0,84.0
0.0,00000273#1,1.0,1.0,10.0,10.0,99.0
0.0,000002_080_00000048#0,1.0,1.0,10.0,10.0,69.0
0.0,000002_083_00000169#0,1.0,1.0,10.0,10.0,14.0
0.0,000002_083_00000169#1,1.0,1.0,10.0,10.0,26.0
0.0,000002_083_00000169#2,1.0,1.0,10.0,10.0,36.0
0.0,00000346#0,1.0,1.0,10.0,10.0,381.0
0.0,00000364#0,1.0,1.0,10.0,10.0,210.0
0.0,00000396#0,1.0,1.0,10.0,10.0,111.0
0.0,00000399#0,1.0,1.0,10.0,10.0,82.0
0.0,000003_081_00000171#10,1.0,1.0,10.0,10.0,76.0
0.0,000003_081_00000171#11,1.0,1.0,10.0,10.0,82.0
0.0,00000426#0,1.0,1.0,10.0,10.0,653.0
0.0,00000506#0,1.0,1.0,10.0,10.0,117.0
0.0,000005_004_00000286#4,1.0,1.0,10.0,10.0,62.0
0.0,000005_006_00000001#1,1.0,1.0,10.0,10.0,68.0
0.0,000005_006_00000001#2,1.0,1.0,10.0,10.0,25.0
0.0,000005_019_00000209#0,1.0,1.0,10.0,10.0,43.0
0.0,000005_019_00000209#1,1.0,1.0,10.0,10.0,31.0
0.0,000005_019_00000209#2,1.0,1.0,10.0,10.0,59.0
0.0,000005_027_00000493#1,1.0,1.0,10.0,10.0,34.0
0.0,000005_027_00000493#2,1.0,1.0,10.0,10.0,38.0
0.0,000005_027_00000493#3,1.0,1.0,10.0,10.0,49.0
0.0,000005_027_00000493#4,1.0,1.0,10.0,10.0,21.0
0.0,000005_027_00000493#5,1.0,1.0,10.0,10.0,25.0
0.0,000005_027_00000493#6,1.0,1.0,10.0,10.0,20.0
0.0,000005_027_00000493#7,1.0,1.0,10.0,10.0,26.0
0.0,000005_027_00000493#8,1.0,1.0,10.0,10.0,74.0
0.0,000005_028_00000001#2,1.0,1.0,10.0,10.0,77.0
0.0,000005_028_00000163#2,1.0,1.0,10.0,10.0,31.0
0.0,00000618#2,1.0,1.0,10.0,10.0,101.0
0.0,000006_010_00000389#4,1.0,1.0,10.0,10.0,58.0
0.0,000006_011_00000307#3,1.0,1.0,10.0,10.0,25.0
0.0,000006_011_00000409#8,1.0,1.0,10.0,10.0,40.0
0.0,000006_011_00000409#10,1.0,1.0,10.0,10.0,54.0
0.0,000006_012_00000001#3,1.0,1.0,10.0,10.0,38.0
0.0,000006_012_00000001#6,1.0,1.0,10.0,10.0,63.0
0.0,000006_012_00000001#11,1.0,1.0,10.0,10.0,69.0
0.0,000006_012_00000001#12,1.0,1.0,10.0,10.0,33.0
0.0,000008_003_00000235#1,1.0,1.0,10.0,10.0,76.0
0.0,000008_003_00000235#2,1.0,1.0,10.0,10.0,59.0
0.0,000008_003_00000235#3,1.0,1.0,10.0,10.0,81.0
0.0,000008_003_00000235#4,1.0,1.0,10.0,10.0,66.0
0.0,000008_003_00000235#5,1.0,1.0,10.0,10.0,68.0
0.0,000008_003_00000235#10,1.0,1.0,10.0,10.0,68.0
0.0,000008_003_00000235#11,1.0,1.0,10.0,10.0,16.0
0.0,000008_003_00000352#1,1.0,1.0,10.0,10.0,66.0
0.0,000008_003_00000352#3,1.0,1.0,10.0,10.0,80.0
0.0,000008_003_00000352#5,1.0,1.0,10.0,10.0,74.0
0.0,000008_003_00000352#7,1.0,1.0,10.0,10.0,75.0
0.0,000008_003_00000352#8,1.0,1.0,10.0,10.0,75.0
0.0,000008_003_00000352#9,1.0,1.0,10.0,10.0,76.0
0.0,000008_003_00000352#10,1.0,1.0,10.0,10.0,64.0
0.0,000008_003_00000352#12,1.0,1.0,10.0,10.0,74.0
0.0,000008_003_00000352#13,1.0,1.0,10.0,10.0,16.0
0.0,000008_003_00000469#0,1.0,1.0,10.0,10.0,85.0
0.0,000008_003_00000469#1,1.0,1.0,10.0,10.0,70.0
0.0,000008_003_00000469#2,1.0,1.0,10.0,10.0,67.0
0.0,000008_003_00000469#3,1.0,1.0,10.0,10.0,78.0
0.0,000008_003_00000469#4,1.0,1.0,10.0,10.0,85.0
0.0,000008_003_00000469#6,1.0,1.0,10.0,10.0,89.0
0.0,000008_003_00000469#9,1.0,1.0,10.0,10.0,31.0
0.0,000008_003_00000469#10,1.0,1.0,10.0,10.0,18.0
0.0,000008_004_00000665#2,1.0,1.0,10.0,10.0,34.0
0.0,000008_004_00000665#4,1.0,1.0,10.0,10.0,39.0
0.0,000008_004_00000665#11,1.0,1.0,10.0,10.0,52.0
0.0,000008_004_00000665#12,1.0,1.0,10.0,10.0,63.0
0.0,000008_004_00000665#13,1.0,1.0,10.0,10.0,37.0
0.0,000008_013_00000195#1,1.0,1.0,10.0,10.0,66.0
0.0,000008_013_00000195#2,1.0,1.0,10.0,10.0,60.0
0.0,000008_042_00000273#1,1.0,1.0,10.0,10.0,40.0
0.0,000008_045_00000001#0,1.0,1.0,10.0,10.0,48.0
0.0,000008_045_00000001#2,1.0,1.0,10.0,10.0,70.0
0.0,000008_045_00000001#3,1.0,1.0,10.0,10.0,14.0
0.0,000008_045_00000157#0,1.0,1.0,10.0,10.0,80.0
0.0,000008_045_00000157#4,1.0,1.0,10.0,10.0,17.0
0.0,000008_048_00000361#3,1.0,1.0,10.0,10.0,42.0
0.0,000008_048_00000361#4,1.0,1.0,9.0,10.0,36.0
0.0,000008_048_00000361#5,1.0,1.0,9.0,10.0,29.0
0.0,000009_008_00000241#3,1.0,1.0,10.0,10.0,78.0
0.0,000009_008_00000241#5,1.0,1.0,10.0,10.0,69.0
0.0,000009_008_00000241#6,1.0,1.0,10.0,10.0,29.0
0.0,000009_008_00000241#7,1.0,1.0,10.0,10.0,76.0
0.0,000009_008_00000241#9,1.0,1.0,10.0,10.0,84.0
0.0,000009_033_00000333#1,1.0,1.0,10.0,10.0,16.0
0.0,000009_033_00000333#2,1.0,1.0,10.0,10.0,38.0
0.0,000009_033_00000333#3,1.0,1.0,10.0,10.0,38.0
0.0,000009_033_00000333#4,1.0,1.0,10.0,10.0,36.0
0.0,000009_033_00000333#6,1.0,1.0,10.0,10.0,51.0
0.0,000012_008_00000163#3,1.0,1.0,10.0,10.0,67.0
0.0,000012_008_00000163#4,1.0,1.0,10.0,10.0,55.0
0.0,000012_008_00000163#5,1.0,1.0,10.0,10.0,48.0
0.0,000012_008_00000163#6,1.0,1.0,10.0,10.0,60.0
0.0,000012_008_00000163#8,1.0,1.0,10.0,10.0,74.0
0.0,000012_008_00000163#10,1.0,1.0,10.0,10.0,17.0
0.0,000012_008_00000163#11,1.0,1.0,10.0,10.0,26.0
0.0,000012_008_00000163#12,1.0,1.0,10.0,10.0,27.0
0.0,000012_008_00000163#13,1.0,1.0,10.0,10.0,15.0
0.0,000012_008_00000163#14,1.0,1.0,10.0,10.0,11.0
0.0,000012_009_00000244#1,1.0,1.0,10.0,10.0,71.0
0.0,000012_009_00000244#3,1.0,1.0,10.0,10.0,68.0
0.0,000012_009_00000244#4,1.0,1.0,10.0,10.0,40.0
0.0,000012_009_00000244#5,1.0,1.0,10.0,10.0,45.0
0.0,000012_009_00000244#6,1.0,1.0,10.0,10.0,21.0
0.0,000012_009_00000244#7,1.0,1.0,10.0,10.0,13.0
0.0,000012_009_00000244#8,1.0,1.0,10.0,10.0,12.0
0.0,000012_009_00000244#9,1.0,1.0,10.0,10.0,14.0
0.0,000012_009_00000244#10,1.0,1.0,10.0,10.0,34.0
0.0,000012_009_00000244#11,1.0,1.0,10.0,10.0,18.0
0.0,000012_009_00000244#12,1.0,1.0,10.0,10.0,18.0
0.0,000012_009_00000244#13,1.0,1.0,10.0,10.0,19.0
0.0,000012_009_00000244#14,1.0,1.0,8.0,10.0,8.0
0.0,000012_009_00000325#3,1.0,1.0,10.0,10.0,82.0
0.0,000012_009_00000325#4,1.0,1.0,10.0,10.0,36.0
0.0,000012_009_00000325#5,1.0,1.0,10.0,10.0,43.0
0.0,000012_009_00000325#6,1.0,1.0,10.0,10.0,28.0
0.0,000012_009_00000325#7,1.0,1.0,10.0,10.0,17.0
0.0,000012_009_00000325#8,1.0,1.0,10.0,10.0,16.0
0.0,000012_009_00000325#9,1.0,1.0,8.0,10.0,8.0
0.0,000012_009_00000325#11,1.0,1.0,10.0,10.0,28.0
0.0,000012_009_00000325#12,1.0,1.0,10.0,10.0,15.0
0.0,000012_009_00000325#14,1.0,1.0,10.0,10.0,22.0
0.0,000012_009_00000325#15,1.0,1.0,5.0,10.0,19.0
0.0,000012_009_00000325#16,1.0,1.0,10.0,10.0,35.0
0.0,000012_014_00000184#0,1.0,1.0,10.0,10.0,33.0
0.0,000012_014_00000184#1,1.0,1.0,10.0,10.0,55.0
0.0,000012_014_00000184#3,1.0,1.0,10.0,10.0,26.0
0.0,000012_019_00000151#1,1.0,1.0,10.0,10.0,59.0
0.0,000012_019_00000151#2,1.0,1.0,10.0,10.0,14.0
0.0,000012_019_00000151#4,1.0,1.0,10.0,10.0,21.0
0.0,000012_019_00000151#5,1.0,1.0,10.0,10.0,14.0
0.0,000012_022_00000090#0,1.0,1.0,10.0,10.0,64.0
0.0,000012_022_00000090#1,1.0,1.0,10.0,10.0,23.0
0.0,000012_025_00000313#1,1.0,1.0,10.0,10.0,11.0
0.0,000012_025_00000313#2,1.0,1.0,10.0,10.0,11.0
0.0,000012_025_00000313#3,1.0,1.0,10.0,10.0,13.0
0.0,000012_025_00000313#4,1.0,1.0,7.0,10.0,7.0
0.0,000012_025_00000313#5,1.0,1.0,10.0,10.0,13.0
0.0,000012_025_00000313#6,1.0,1.0,8.0,10.0,8.0
0.0,000012_028_00000250#0,1.0,1.0,10.0,10.0,64.0
0.0,000012_028_00000250#1,1.0,1.0,10.0,10.0,56.0
0.0,000013_001_00000001#1,1.0,1.0,10.0,10.0,33.0
0.0,000013_001_00000001#2,1.0,1.0,10.0,10.0,34.0
0.0,000013_001_00000001#3,1.0,1.0,10.0,10.0,31.0
0.0,000013_002_00000281#1,1.0,1.0,10.0,10.0,31.0
0.0,000013_002_00000281#2,1.0,1.0,10.0,10.0,36.0
0.0,000013_002_00000281#3,1.0,1.0,10.0,10.0,20.0
0.0,000013_023_00000075#1,1.0,1.0,10.0,10.0,56.0
0.0,000013_023_00000075#2,1.0,1.0,10.0,10.0,68.0
0.0,000013_025_00000285#0,1.0,1.0,10.0,10.0,15.0
0.0,000013_025_00000285#1,1.0,1.0,10.0,10.0,56.0
0.0,000013_025_00000285#2,1.0,1.0,10.0,10.0,20.0
0.0,000013_030_00000063#0,1.0,1.0,10.0,10.0,21.0
0.0,000013_030_00000063#1,1.0,1.0,10.0,10.0,68.0
0.0,000013_039_00000063#0,1.0,1.0,10.0,10.0,41.0
0.0,000013_039_00000063#1,1.0,1.0,10.0,10.0,32.0
0.0,000013_039_00000063#3,1.0,1.0,10.0,10.0,26.0
0.0,000013_039_00000063#5,1.0,1.0,8.0,10.0,8.0
0.0,000013_040_suppl_00000167#0,1.0,1.0,10.0,10.0,79.0
0.0,000013_040_suppl_00000333#1,1.0,1.0,10.0,10.0,50.0
0.0,000013_040_suppl_00000333#3,1.0,1.0,10.0,10.0,80.0
0.0,000013_040_suppl_00000333#4,1.0,1.0,8.0,10.0,8.0
0.0,000013_044_00000001#0,1.0,1.0,10.0,10.0,24.0
0.0,000013_044_00000001#1,1.0,1.0,10.0,10.0,31.0
0.0,000013_044_00000001#2,1.0,1.0,10.0,10.0,72.0
0.0,000013_044_00000001#4,1.0,1.0,2.0,10.0,38.0
0.0,000013_044_00000001#5,0.0,1.0,0.0,10.0,72.0
0.0,000013_044_00000001#7,1.0,1.0,10.0,10.0,62.0
0.0,000013_048_00000001#0,1.0,1.0,10.0,10.0,46.0
0.0,000013_048_00000001#1,1.0,1.0,10.0,10.0,60.0
0.0,000013_048_00000001#3,0.0,1.0,0.0,10.0,49.0
0.0,000013_048_00000001#4,1.0,1.0,1.0,10.0,69.0
0.0,000013_056_00000281#2,1.0,1.0,10.0,10.0,49.0
0.0,000013_056_00000281#3,1.0,1.0,10.0,10.0,16.0
0.0,000013_056_00000281#4,1.0,1.0,10.0,10.0,21.0
0.0,000013_056_00000281#6,1.0,1.0,10.0,10.0,11.0
0.0,000013_056_00000281#7,1.0,1.0,10.0,10.0,12.0
0.0,000013_056_00000281#8,1.0,1.0,10.0,10.0,64.0
0.0,000013_056_00000281#9,1.0,1.0,10.0,10.0,43.0
0.0,000013_056_00000281#10,1.0,1.0,10.0,10.0,32.0
0.0,000014_012_00000217#1,1.0,1.0,10.0,10.0,41.0
0.0,000014_012_00000217#2,1.0,1.0,10.0,10.0,48.0
0.0,000014_050_00000273#3,1.0,1.0,10.0,10.0,47.0
0.0,000014_050_00000273#4,1.0,1.0,10.0,10.0,57.0
0.0,000014_050_00000273#5,1.0,1.0,10.0,10.0,26.0
0.0,000014_051_suppl_00000341#2,1.0,1.0,10.0,10.0,15.0
0.0,000014_052_00000131#2,1.0,1.0,10.0,10.0,22.0
0.0,000014_052_00000131#3,1.0,1.0,10.0,10.0,13.0
0.0,000015_004_00000268#0,1.0,1.0,10.0,10.0,27.0
0.0,000015_004_suppl_00000223#2,1.0,1.0,10.0,10.0,36.0
0.0,000016_043_suppl_00000292#1,1.0,1.0,10.0,10.0,21.0
0.0,000016_043_suppl_00000292#2,1.0,1.0,10.0,10.0,56.0
0.0,000016_043_suppl_00000292#4,1.0,1.0,10.0,10.0,30.0
0.0,000016_043_suppl_00000292#5,1.0,1.0,10.0,10.0,25.0
0.0,000016_043_suppl_00000292#6,1.0,1.0,10.0,10.0,45.0
0.0,000016_043_suppl_00000292#8,1.0,1.0,10.0,10.0,26.0
0.0,000016_043_suppl_00000292#9,1.0,1.0,10.0,10.0,32.0
0.0,000016_043_suppl_00000292#10,1.0,1.0,10.0,10.0,19.0
0.0,000016_043_suppl_00000292#11,1.0,1.0,10.0,10.0,27.0
0.0,000016_043_suppl_00000292#12,1.0,1.0,10.0,10.0,32.0
0.0,000016_043_suppl_00000292#14,1.0,1.0,10.0,10.0,70.0
0.0,000016_043_suppl_00000292#17,1.0,1.0,10.0,10.0,47.0
0.0,000016_043_suppl_00000292#20,1.0,1.0,10.0,10.0,23.0
0.0,000016_044_00000085#0,1.0,1.0,10.0,10.0,83.0
0.0,000016_044_00000085#1,1.0,1.0,10.0,10.0,62.0
0.0,000016_044_00000085#3,1.0,1.0,10.0,10.0,17.0
0.0,000016_044_00000085#4,1.0,1.0,10.0,10.0,65.0
0.0,000016_044_00000085#7,1.0,1.0,10.0,10.0,67.0
0.0,000016_044_00000085#10,1.0,1.0,10.0,10.0,78.0
0.0,000016_044_00000169#1,1.0,1.0,10.0,10.0,37.0
0.0,000016_044_00000169#2,1.0,1.0,10.0,10.0,36.0
0.0,000016_044_00000169#3,1.0,1.0,10.0,10.0,16.0
0.0,000016_044_00000169#5,1.0,1.0,10.0,10.0,15.0
0.0,000016_044_00000169#6,1.0,1.0,10.0,10.0,59.0
0.0,000016_044_00000169#8,1.0,1.0,10.0,10.0,88.0
0.0,000016_044_00000169#16,1.0,1.0,10.0,10.0,73.0
0.0,000016_044_00000169#17,1.0,1.0,10.0,10.0,65.0
0.0,000017_011_00000297#3,1.0,1.0,10.0,10.0,12.0
0.0,000017_011_00000297#5,1.0,1.0,10.0,10.0,68.0
0.0,000017_011_00000297#9,1.0,1.0,10.0,10.0,26.0
0.0,000017_011_00000297#10,1.0,1.0,10.0,10.0,86.0
0.0,000017_011_00000297#11,1.0,1.0,10.0,10.0,59.0
0.0,000017_011_00000297#13,1.0,1.0,10.0,10.0,43.0
0.0,000017_012_00000135#2,1.0,1.0,10.0,10.0,36.0
0.0,000017_020_00000214#0,1.0,1.0,10.0,10.0,21.0
0.0,000017_020_00000214#2,1.0,1.0,10.0,10.0,27.0
0.0,000017_020_suppl_00000356#0,1.0,1.0,10.0,10.0,20.0
0.0,000017_020_suppl_00000356#2,1.0,1.0,10.0,10.0,20.0
0.0,000018_006_00000063#0,1.0,1.0,10.0,10.0,66.0
0.0,000019_030_00000072#1,1.0,1.0,10.0,10.0,23.0
0.0,000019_030_00000072#2,1.0,1.0,10.0,10.0,72.0
0.0,000019_030_00000072#3,1.0,1.0,10.0,10.0,54.0
0.0,000019_030_00000072#4,1.0,1.0,10.0,10.0,21.0
0.0,000019_030_00000072#5,1.0,1.0,10.0,10.0,10.0
0.0,000019_038_00000205#2,1.0,1.0,10.0,10.0,20.0
0.0,000019_038_00000205#3,1.0,1.0,10.0,10.0,25.0
0.0,000019_038_00000205#4,1.0,1.0,10.0,10.0,21.0
0.0,000019_038_00000205#5,1.0,1.0,10.0,10.0,36.0
0.0,000019_038_00000205#6,1.0,1.0,10.0,10.0,84.0
0.0,000019_038_00000205#7,1.0,1.0,10.0,10.0,70.0
0.0,000019_038_00000205#8,1.0,1.0,10.0,10.0,82.0
0.0,000019_041_00000141#2,1.0,1.0,10.0,10.0,24.0
0.0,000019_045_00000145#4,1.0,1.0,10.0,10.0,46.0
0.0,000019_045_00000145#5,1.0,1.0,10.0,10.0,42.0
0.0,000019_045_00000145#7,1.0,1.0,6.0,10.0,67.0
0.0,000020_010_00000089#1,1.0,1.0,10.0,10.0,60.0
0.0,000020_010_00000089#5,1.0,1.0,9.0,10.0,9.0
0.0,000020_010_00000089#6,1.0,1.0,10.0,10.0,20.0
0.0,000020_010_00000089#7,1.0,1.0,4.0,10.0,8.0
0.0,000020_014_00000193#2,1.0,1.0,10.0,10.0,63.0
0.0,000020_014_00000193#3,1.0,1.0,10.0,10.0,76.0
0.0,000020_014_00000193#5,1.0,1.0,10.0,10.0,54.0
0.0,000020_014_00000193#6,1.0,1.0,10.0,10.0,77.0
0.0,000020_018_00000093#0,1.0,1.0,10.0,10.0,16.0
0.0,000020_018_00000093#1,1.0,1.0,10.0,10.0,24.0
0.0,000020_018_00000093#2,1.0,1.0,10.0,10.0,81.0
0.0,000020_018_00000093#3,1.0,1.0,10.0,10.0,42.0
0.0,000021_020_00000131#2,1.0,1.0,10.0,10.0,76.0
0.0,000023_005_00000070#1,1.0,1.0,10.0,10.0,32.0
0.0,000023_005_00000070#2,1.0,1.0,10.0,10.0,87.0
0.0,000023_005_00000070#3,1.0,1.0,10.0,10.0,63.0
0.0,000023_005_00000070#4,1.0,1.0,10.0,10.0,63.0
0.0,000023_005_00000070#5,1.0,1.0,10.0,10.0,18.0
0.0,000023_005_00000070#6,1.0,1.0,10.0,10.0,23.0
0.0,000031#0,1.0,1.0,10.0,10.0,53.0
0.0,000031#1,1.0,1.0,10.0,10.0,15.0
0.0,000031#2,1.0,1.0,8.0,10.0,8.0
0.0,000031#3,1.0,1.0,10.0,10.0,15.0
0.0,000031#6,1.0,1.0,10.0,10.0,24.0
0.0,000031#8,1.0,1.0,10.0,10.0,53.0
0.0,000031#10,1.0,1.0,10.0,10.0,16.0
0.0,000031#11,1.0,1.0,10.0,10.0,21.0
0.0,000066#0,1.0,1.0,10.0,10.0,31.0
0.0,000066#1,1.0,1.0,10.0,10.0,15.0
0.0,000066#2,1.0,1.0,10.0,10.0,61.0
0.0,000066#3,1.0,1.0,10.0,10.0,39.0
0.0,000070#0,1.0,1.0,10.0,10.0,28.0
0.0,000070#1,1.0,1.0,10.0,10.0,18.0
0.0,000070#2,1.0,1.0,10.0,10.0,52.0
0.0,000070#3,1.0,1.0,10.0,10.0,67.0
0.0,000173#1,1.0,1.0,10.0,10.0,27.0
0.0,000303#2,1.0,1.0,10.0,10.0,67.0
0.0,000303#6,1.0,1.0,10.0,10.0,30.0
0.0,000303#7,1.0,1.0,10.0,10.0,16.0
0.0,000328#1,1.0,1.0,10.0,10.0,58.0
0.0,000328#3,1.0,1.0,10.0,10.0,65.0
0.0,000415#1,1.0,1.0,10.0,10.0,14.0
0.0,000415#2,1.0,1.0,8.0,10.0,9.0
0.0,000415#4,1.0,1.0,10.0,10.0,22.0
0.0,000415#5,1.0,1.0,10.0,10.0,24.0
0.0,000415#6,1.0,1.0,10.0,10.0,12.0
0.0,000415#8,1.0,1.0,10.0,10.0,10.0
0.0,000415#10,1.0,1.0,10.0,10.0,13.0
0.0,000415#11,1.0,1.0,10.0,10.0,12.0
0.0,000415#13,1.0,1.0,10.0,10.0,21.0
0.0,000415#14,1.0,1.0,10.0,10.0,13.0
0.0,000415#15,1.0,1.0,10.0,10.0,17.0
0.0,000415#16,1.0,1.0,8.0,10.0,8.0
0.0,000415#17,1.0,1.0,9.0,10.0,10.0
0.0,000415#19,1.0,1.0,10.0,10.0,37.0
0.0,000433#7,1.0,1.0,10.0,10.0,57.0
0.0,000437#0,1.0,1.0,10.0,10.0,67.0
0.0,000437#1,1.0,1.0,10.0,10.0,75.0
0.0,000437#2,1.0,1.0,10.0,10.0,26.0
0.0,000437#5,1.0,1.0,10.0,10.0,48.0
0.0,000484#2,1.0,1.0,10.0,10.0,37.0
0.0,000484#3,1.0,1.0,10.0,10.0,55.0
0.0,000500#0,1.0,1.0,10.0,10.0,14.0
0.0,000500#1,1.0,1.0,9.0,10.0,9.0
0.0,000500#2,1.0,1.0,10.0,10.0,15.0
0.0,000525#0,1.0,1.0,10.0,10.0,14.0
0.0,000525#1,1.0,1.0,10.0,10.0,30.0
0.0,000525#2,1.0,1.0,10.0,10.0,35.0
0.0,000561#0,1.0,1.0,10.0,10.0,70.0
0.0,000561#3,1.0,1.0,10.0,10.0,63.0
0.0,000561#4,1.0,1.0,10.0,10.0,38.0
0.0,000597#2,1.0,1.0,10.0,10.0,62.0
0.0,000597#3,1.0,1.0,10.0,10.0,29.0
0.0,000630#0,1.0,1.0,10.0,10.0,14.0
0.0,000680#5,1.0,1.0,10.0,10.0,69.0
0.0,000707#1,1.0,1.0,10.0,10.0,13.0
0.0,000707#2,1.0,1.0,10.0,10.0,18.0
0.0,000707#3,1.0,1.0,9.0,10.0,9.0
0.0,000707#4,1.0,1.0,10.0,10.0,25.0
0.0,000707#5,1.0,1.0,10.0,10.0,20.0
0.0,000735#1,1.0,1.0,10.0,10.0,11.0
0.0,000738#0,1.0,1.0,10.0,10.0,26.0
0.0,000738#2,1.0,1.0,8.0,10.0,9.0
0.0,000738#3,1.0,1.0,10.0,10.0,36.0
0.0,000756#4,1.0,1.0,10.0,10.0,34.0
0.0,000759#2,1.0,1.0,10.0,10.0,34.0
0.0,000780#0,1.0,1.0,10.0,10.0,22.0
0.0,000780#3,1.0,1.0,10.0,10.0,90.0
0.0,000783#0,1.0,1.0,10.0,10.0,45.0
0.0,000783#1,1.0,1.0,10.0,10.0,42.0
0.0,000783#3,1.0,1.0,10.0,10.0,38.0
0.0,000783#4,1.0,1.0,10.0,10.0,26.0
0.0,000808#1,1.0,1.0,10.0,10.0,21.0
0.0,000820#2,1.0,1.0,10.0,10.0,58.0
0.0,000820#3,1.0,1.0,10.0,10.0,45.0
0.0,000820#4,1.0,1.0,10.0,10.0,25.0
0.0,000820#5,1.0,1.0,10.0,10.0,27.0
0.0,000820#7,1.0,1.0,8.0,10.0,8.0
0.0,000889#5,1.0,1.0,10.0,10.0,84.0
0.0,000889#6,1.0,1.0,10.0,10.0,40.0
0.0,000889#7,1.0,1.0,10.0,10.0,14.0
0.0,000889#8,1.0,1.0,10.0,10.0,15.0
0.0,000889#9,1.0,1.0,10.0,10.0,22.0
0.0,000889#13,1.0,1.0,10.0,10.0,24.0
0.0,000889#14,1.0,1.0,10.0,10.0,69.0
0.0,000943#0,1.0,1.0,10.0,10.0,16.0
0.0,000943#1,1.0,1.0,10.0,10.0,14.0
0.0,000943#2,1.0,1.0,10.0,10.0,64.0
0.0,000943#3,1.0,1.0,7.0,10.0,7.0
0.0,000943#4,1.0,1.0,7.0,10.0,7.0
0.0,000943#6,1.0,1.0,10.0,10.0,18.0
0.0,000943#7,1.0,1.0,9.0,10.0,23.0
0.0,000952#0,1.0,1.0,10.0,10.0,22.0
0.0,001033#1,1.0,1.0,10.0,10.0,15.0
0.0,001033#2,1.0,1.0,10.0,10.0,31.0
0.0,001033#3,1.0,1.0,10.0,10.0,41.0
0.0,001033#9,1.0,1.0,9.0,10.0,25.0
0.0,001033#10,1.0,1.0,10.0,10.0,21.0
0.0,001035#0,1.0,1.0,10.0,10.0,19.0
0.0,001035#1,1.0,1.0,10.0,10.0,53.0
0.0,001035#2,1.0,1.0,10.0,10.0,76.0
0.0,001035#7,1.0,1.0,10.0,10.0,40.0
0.0,001035#9,1.0,1.0,10.0,10.0,22.0
0.0,001035#10,1.0,1.0,10.0,10.0,63.0
0.0,001114#5,1.0,1.0,10.0,10.0,47.0
0.0,001114#6,1.0,1.0,10.0,10.0,40.0
0.0,001114#7,1.0,1.0,10.0,10.0,12.0
0.0,001114#8,1.0,1.0,10.0,10.0,26.0
0.0,001114#10,1.0,1.0,10.0,10.0,17.0
0.0,001123#0,1.0,1.0,10.0,10.0,31.0
0.0,001123#1,1.0,1.0,10.0,10.0,76.0
0.0,001123#2,1.0,1.0,10.0,10.0,77.0
0.0,001123#4,1.0,1.0,10.0,10.0,64.0
0.0,001123#5,1.0,1.0,10.0,10.0,42.0
0.0,001123#6,1.0,1.0,10.0,10.0,79.0
0.0,001123#7,1.0,1.0,10.0,10.0,86.0
0.0,001123#8,1.0,1.0,10.0,10.0,36.0
0.0,001123#9,1.0,1.0,10.0,10.0,56.0
0.0,001123#10,1.0,1.0,10.0,10.0,62.0
0.0,001123#11,1.0,1.0,10.0,10.0,66.0
0.0,001123#12,1.0,1.0,10.0,10.0,79.0
0.0,001123#13,1.0,1.0,10.0,10.0,31.0
0.0,001123#18,1.0,1.0,8.0,10.0,9.0
0.0,001123#19,1.0,1.0,9.0,10.0,10.0
0.0,001123#20,1.0,1.0,10.0,10.0,49.0
0.0,001123#21,1.0,1.0,10.0,10.0,32.0
0.0,001123#22,1.0,1.0,10.0,10.0,33.0
0.0,001135#4,1.0,1.0,10.0,10.0,64.0
0.0,001135#6,1.0,1.0,10.0,10.0,72.0
0.0,001135#7,1.0,1.0,8.0,10.0,14.0
0.0,001157#4,1.0,1.0,10.0,10.0,14.0
0.0,001157#5,1.0,1.0,10.0,10.0,30.0
0.0,001157#8,1.0,1.0,10.0,10.0,77.0
0.0,001157#9,1.0,1.0,10.0,10.0,68.0
0.0,001202#3,1.0,1.0,10.0,10.0,72.0
0.0,001202#4,1.0,1.0,10.0,10.0,78.0
0.0,001202#8,1.0,1.0,10.0,10.0,23.0
0.0,001202#10,1.0,1.0,10.0,10.0,56.0
0.0,001202#11,1.0,1.0,10.0,10.0,57.0
0.0,001202#12,1.0,1.0,10.0,10.0,42.0
0.0,001257#0,1.0,1.0,10.0,10.0,46.0
0.0,001257#3,1.0,1.0,10.0,10.0,69.0
0.0,001257#6,1.0,1.0,10.0,10.0,27.0
0.0,001257#9,1.0,1.0,10.0,10.0,27.0
0.0,001257#10,1.0,1.0,10.0,10.0,46.0
0.0,001257#11,1.0,1.0,10.0,10.0,31.0
0.0,001276#3,1.0,1.0,10.0,10.0,58.0
0.0,001276#7,1.0,1.0,10.0,10.0,30.0
0.0,001276#9,1.0,1.0,10.0,10.0,54.0
0.0,001276#10,1.0,1.0,10.0,10.0,27.0
0.0,001276#11,1.0,1.0,10.0,10.0,31.0
0.0,001276#12,1.0,1.0,10.0,10.0,25.0
0.0,001276#13,1.0,1.0,10.0,10.0,35.0
0.0,001276#14,1.0,1.0,10.0,10.0,50.0
0.0,001276#15,1.0,1.0,10.0,10.0,25.0
0.0,001295#0,1.0,1.0,10.0,10.0,30.0
0.0,001295#1,1.0,1.0,10.0,10.0,52.0
0.0,001295#3,1.0,1.0,10.0,10.0,10.0
0.0,001295#10,1.0,1.0,10.0,10.0,55.0
0.0,001295#11,1.0,1.0,10.0,10.0,24.0
0.0,001295#12,1.0,1.0,10.0,10.0,17.0
0.0,001295#13,1.0,1.0,9.0,10.0,28.0
0.0,001295#14,1.0,1.0,10.0,10.0,36.0
0.0,001295#15,1.0,1.0,10.0,10.0,24.0
0.0,001295#17,1.0,1.0,10.0,10.0,19.0
0.0,001295#18,1.0,1.0,9.0,10.0,15.0
0.0,001295#19,1.0,1.0,10.0,10.0,17.0
0.0,001295#20,1.0,1.0,10.0,10.0,16.0
0.0,001295#21,1.0,1.0,10.0,10.0,22.0
0.0,001295#22,1.0,1.0,10.0,10.0,26.0
0.0,001295#24,1.0,1.0,10.0,10.0,26.0
0.0,001295#26,1.0,1.0,9.0,10.0,9.0
0.0,001409#0,1.0,1.0,10.0,10.0,39.0
0.0,001409#1,1.0,1.0,10.0,10.0,43.0
0.0,001415#0,1.0,1.0,10.0,10.0,42.0
0.0,001415#1,1.0,1.0,10.0,10.0,44.0
0.0,001415#2,1.0,1.0,10.0,10.0,41.0
0.0,001415#3,1.0,1.0,10.0,10.0,53.0
0.0,001443#3,1.0,1.0,10.0,10.0,53.0
0.0,001443#4,1.0,1.0,10.0,10.0,73.0
0.0,001443#6,1.0,1.0,4.0,10.0,66.0
0.0,001443#7,1.0,1.0,10.0,10.0,67.0
0.0,001443#9,1.0,1.0,10.0,10.0,27.0
0.0,001443#10,1.0,1.0,10.0,10.0,46.0
0.0,001461#2,1.0,1.0,10.0,10.0,28.0
0.0,001461#3,1.0,1.0,10.0,10.0,42.0
0.0,001461#4,1.0,1.0,10.0,10.0,64.0
0.0,001461#5,1.0,1.0,10.0,10.0,36.0
0.0,001531#1,1.0,1.0,10.0,10.0,16.0
0.0,001531#2,1.0,1.0,10.0,10.0,11.0
0.0,001531#6,1.0,1.0,10.0,10.0,28.0
0.0,001531#8,1.0,1.0,10.0,10.0,11.0
0.0,001531#10,1.0,1.0,10.0,10.0,43.0
0.0,001558#4,1.0,1.0,10.0,10.0,31.0
0.0,001683#1,1.0,1.0,10.0,10.0,83.0
0.0,001683#6,1.0,1.0,10.0,10.0,36.0
0.0,001683#7,1.0,1.0,10.0,10.0,46.0
0.0,001683#8,1.0,1.0,10.0,10.0,50.0
0.0,001694#1,1.0,1.0,10.0,10.0,28.0
0.0,001694#2,1.0,1.0,10.0,10.0,64.0
0.0,001694#7,1.0,1.0,10.0,10.0,62.0
0.0,001694#8,1.0,1.0,10.0,10.0,36.0
0.0,001694#9,1.0,1.0,10.0,10.0,50.0
0.0,001694#10,1.0,1.0,10.0,10.0,27.0
0.0,001694#11,1.0,1.0,10.0,10.0,28.0
0.0,001694#12,1.0,1.0,10.0,10.0,22.0
0.0,001694#13,1.0,1.0,10.0,10.0,27.0
0.0,001694#14,1.0,1.0,10.0,10.0,31.0
0.0,001707#1,1.0,1.0,10.0,10.0,22.0
0.0,001707#2,1.0,1.0,10.0,10.0,68.0
0.0,001707#7,1.0,1.0,10.0,10.0,62.0
0.0,001707#8,1.0,1.0,10.0,10.0,36.0
0.0,001707#9,1.0,1.0,10.0,10.0,31.0
0.0,001707#10,1.0,1.0,10.0,10.0,34.0
0.0,001707#11,1.0,1.0,10.0,10.0,57.0
0.0,001707#12,1.0,1.0,10.0,10.0,19.0
0.0,001712#1,1.0,1.0,10.0,10.0,72.0
0.0,001712#6,1.0,1.0,10.0,10.0,58.0
0.0,001712#7,1.0,1.0,10.0,10.0,16.0
0.0,001712#8,1.0,1.0,10.0,10.0,36.0
0.0,001712#9,1.0,1.0,10.0,10.0,55.0
0.0,001712#10,1.0,1.0,10.0,10.0,25.0
0.0,001712#11,1.0,1.0,10.0,10.0,23.0
0.0,001712#12,1.0,1.0,10.0,10.0,27.0
0.0,001724#1,1.0,1.0,10.0,10.0,11.0
0.0,001724#3,1.0,1.0,10.0,10.0,56.0
0.0,001724#7,1.0,1.0,10.0,10.0,84.0
0.0,001724#8,1.0,1.0,10.0,10.0,34.0
0.0,001724#9,1.0,1.0,10.0,10.0,30.0
0.0,001724#10,1.0,1.0,10.0,10.0,27.0
0.0,001724#11,1.0,1.0,10.0,10.0,34.0
0.0,001724#12,1.0,1.0,10.0,10.0,38.0
0.0,001737#3,1.0,1.0,10.0,10.0,54.0
0.0,001737#7,1.0,1.0,10.0,10.0,76.0
0.0,001737#8,1.0,1.0,8.0,10.0,8.0
0.0,001737#9,1.0,1.0,10.0,10.0,15.0
0.0,001737#10,1.0,1.0,10.0,10.0,36.0
0.0,001737#11,1.0,1.0,10.0,10.0,30.0
0.0,001737#12,1.0,1.0,10.0,10.0,38.0
0.0,001737#13,1.0,1.0,10.0,10.0,30.0
0.0,001742#0,1.0,1.0,10.0,10.0,41.0
0.0,001763#0,1.0,1.0,10.0,10.0,25.0
0.0,001785#0,1.0,1.0,10.0,10.0,50.0
0.0,001785#1,1.0,1.0,10.0,10.0,51.0
0.0,001785#2,1.0,1.0,10.0,10.0,80.0
0.0,001851#0,1.0,1.0,10.0,10.0,48.0
0.0,001851#8,1.0,1.0,10.0,10.0,25.0
0.0,001851#9,1.0,1.0,10.0,10.0,27.0
0.0,001851#10,1.0,1.0,10.0,10.0,31.0
0.0,001851#11,1.0,1.0,10.0,10.0,25.0
0.0,001851#12,1.0,1.0,10.0,10.0,27.0
0.0,001851#13,1.0,1.0,10.0,10.0,50.0
0.0,001851#14,1.0,1.0,10.0,10.0,27.0
0.0,001862#0,1.0,1.0,10.0,10.0,48.0
0.0,001862#8,1.0,1.0,10.0,10.0,21.0
0.0,001862#9,1.0,1.0,10.0,10.0,27.0
0.0,001862#10,1.0,1.0,10.0,10.0,54.0
0.0,001862#11,1.0,1.0,10.0,10.0,21.0
0.0,001862#12,1.0,1.0,10.0,10.0,20.0
0.0,001862#13,1.0,1.0,10.0,10.0,32.0
0.0,001862#14,1.0,1.0,10.0,10.0,29.0
0.0,001862#15,1.0,1.0,10.0,10.0,37.0
0.0,001873#0,1.0,1.0,10.0,10.0,48.0
0.0,001873#4,1.0,1.0,10.0,10.0,73.0
0.0,001873#8,1.0,1.0,10.0,10.0,26.0
0.0,001873#9,1.0,1.0,10.0,10.0,50.0
0.0,001873#10,1.0,1.0,10.0,10.0,14.0
0.0,001873#11,1.0,1.0,10.0,10.0,27.0
0.0,001873#12,1.0,1.0,10.0,10.0,26.0
0.0,001873#13,1.0,1.0,10.0,10.0,27.0
0.0,001881#0,1.0,1.0,10.0,10.0,48.0
0.0,001881#4,1.0,1.0,10.0,10.0,73.0
0.0,001881#8,1.0,1.0,10.0,10.0,25.0
0.0,001881#9,1.0,1.0,10.0,10.0,54.0
0.0,001881#10,1.0,1.0,10.0,10.0,22.0
0.0,001884#0,1.0,1.0,10.0,10.0,52.0
0.0,001884#4,1.0,1.0,10.0,10.0,73.0
0.0,001884#8,1.0,1.0,10.0,10.0,21.0
0.0,001884#9,1.0,1.0,10.0,10.0,57.0
0.0,001884#10,1.0,1.0,10.0,10.0,25.0
0.0,001884#11,1.0,1.0,10.0,10.0,23.0
0.0,001884#12,1.0,1.0,10.0,10.0,20.0
0.0,001884#13,1.0,1.0,10.0,10.0,17.0
0.0,001884#14,1.0,1.0,10.0,10.0,27.0
0.0,001898#0,1.0,1.0,10.0,10.0,52.0
0.0,001898#4,1.0,1.0,10.0,10.0,74.0
0.0,001898#7,1.0,1.0,10.0,10.0,22.0
0.0,001898#8,1.0,1.0,10.0,10.0,20.0
0.0,001898#9,1.0,1.0,10.0,10.0,21.0
0.0,001898#10,1.0,1.0,10.0,10.0,24.0
0.0,001898#11,1.0,1.0,10.0,10.0,36.0
0.0,001898#12,1.0,1.0,10.0,10.0,55.0
0.0,001898#13,1.0,1.0,10.0,10.0,27.0
0.0,001898#14,1.0,1.0,10.0,10.0,24.0
0.0,001970#1,1.0,1.0,10.0,10.0,73.0
0.0,001970#3,1.0,1.0,10.0,10.0,36.0
0.0,001970#7,1.0,1.0,10.0,10.0,65.0
0.0,001970#8,1.0,1.0,10.0,10.0,26.0
0.0,001970#9,1.0,1.0,10.0,10.0,41.0
0.0,001970#10,1.0,1.0,10.0,10.0,27.0
0.0,002048#2,1.0,1.0,10.0,10.0,68.0
0.0,002048#3,1.0,1.0,10.0,10.0,53.0
0.0,002048#4,1.0,1.0,10.0,10.0,76.0
0.0,002048#7,1.0,1.0,10.0,10.0,37.0
0.0,002048#8,1.0,1.0,10.0,10.0,19.0
0.0,002048#9,1.0,1.0,10.0,10.0,40.0
0.0,002048#10,1.0,1.0,10.0,10.0,41.0
0.0,002097#3,1.0,1.0,10.0,10.0,67.0
0.0,002097#4,1.0,1.0,10.0,10.0,75.0
0.0,002097#7,1.0,1.0,10.0,10.0,22.0
0.0,002097#8,1.0,1.0,10.0,10.0,29.0
0.0,002097#9,1.0,1.0,10.0,10.0,32.0
0.0,002097#10,1.0,1.0,10.0,10.0,32.0
0.0,002102#0,1.0,1.0,10.0,10.0,63.0
0.0,002102#1,1.0,1.0,10.0,10.0,67.0
0.0,002102#2,1.0,1.0,10.0,10.0,64.0
0.0,002102#3,1.0,1.0,10.0,10.0,55.0
0.0,002102#4,1.0,1.0,10.0,10.0,59.0
0.0,002102#5,1.0,1.0,10.0,10.0,40.0
0.0,002102#6,1.0,1.0,10.0,10.0,56.0
0.0,002102#7,1.0,1.0,10.0,10.0,56.0
0.0,002102#8,1.0,1.0,10.0,10.0,50.0
0.0,002156#0,1.0,1.0,10.0,10.0,40.0
0.0,002156#1,1.0,1.0,10.0,10.0,28.0
0.0,002156#2,1.0,1.0,10.0,10.0,38.0
0.0,002156#3,1.0,1.0,4.0,10.0,59.0
0.0,002156#4,1.0,1.0,10.0,10.0,81.0
0.0,002156#7,1.0,1.0,10.0,10.0,46.0
0.0,002156#8,1.0,1.0,10.0,10.0,34.0
0.0,002156#9,1.0,1.0,10.0,10.0,53.0
0.0,002207#0,1.0,1.0,9.0,10.0,11.0
0.0,002207#1,1.0,1.0,10.0,10.0,49.0
0.0,002235#3,1.0,1.0,10.0,10.0,36.0
0.0,002235#5,1.0,1.0,10.0,10.0,55.0
0.0,002235#6,1.0,1.0,5.0,10.0,17.0
0.0,002235#7,1.0,1.0,10.0,10.0,27.0
0.0,002235#10,1.0,1.0,10.0,10.0,10.0
0.0,002265#3,1.0,1.0,10.0,10.0,15.0
0.0,002265#4,1.0,1.0,10.0,10.0,13.0
0.0,002276#0,1.0,1.0,10.0,10.0,41.0
0.0,002276#1,1.0,1.0,10.0,10.0,18.0
0.0,002276#2,1.0,1.0,10.0,10.0,32.0
0.0,002276#3,1.0,1.0,10.0,10.0,53.0
0.0,002276#6,1.0,1.0,10.0,10.0,46.0
0.0,002331#2,1.0,1.0,10.0,10.0,49.0
0.0,002331#3,1.0,1.0,10.0,10.0,37.0
0.0,002331#4,1.0,1.0,10.0,10.0,75.0
0.0,002331#16,1.0,1.0,10.0,10.0,14.0
0.0,002331#18,1.0,1.0,10.0,10.0,21.0
0.0,002334#1,1.0,1.0,10.0,10.0,11.0
0.0,002334#8,1.0,1.0,10.0,10.0,56.0
0.0,002334#9,1.0,1.0,10.0,10.0,18.0
0.0,002338#0,1.0,1.0,10.0,10.0,62.0
0.0,002338#1,1.0,1.0,10.0,10.0,70.0
0.0,002338#4,1.0,1.0,10.0,10.0,73.0
0.0,002338#5,1.0,1.0,10.0,10.0,44.0
0.0,002357#0,1.0,1.0,10.0,10.0,23.0
0.0,002357#1,1.0,1.0,10.0,10.0,35.0
0.0,002357#2,1.0,1.0,10.0,10.0,72.0
0.0,002357#3,1.0,1.0,10.0,10.0,43.0
0.0,002359#0,1.0,1.0,10.0,10.0,29.0
0.0,002359#1,1.0,1.0,10.0,10.0,43.0
0.0,002359#2,1.0,1.0,10.0,10.0,45.0
0.0,002359#3,1.0,1.0,10.0,10.0,27.0
0.0,002378#0,1.0,1.0,10.0,10.0,34.0
0.0,002378#1,1.0,1.0,10.0,10.0,11.0
0.0,002378#3,1.0,1.0,10.0,10.0,66.0
0.0,002378#5,1.0,1.0,10.0,10.0,73.0
0.0,002378#6,1.0,1.0,10.0,10.0,19.0
0.0,002380#2,1.0,1.0,10.0,10.0,77.0
0.0,002380#3,1.0,1.0,10.0,10.0,55.0
0.0,002380#4,1.0,1.0,10.0,10.0,19.0
0.0,002380#5,1.0,1.0,8.0,10.0,8.0
0.0,002380#6,1.0,1.0,10.0,10.0,45.0
0.0,002380#7,1.0,1.0,10.0,10.0,14.0
0.0,002380#8,1.0,1.0,10.0,10.0,15.0
0.0,002380#9,1.0,1.0,10.0,10.0,25.0
0.0,002413#0,1.0,1.0,10.0,10.0,23.0
0.0,002517#1,1.0,1.0,10.0,10.0,48.0
0.0,002517#2,1.0,1.0,10.0,10.0,16.0
0.0,002517#4,1.0,1.0,9.0,10.0,23.0
0.0,002517#5,1.0,1.0,10.0,10.0,76.0
0.0,002584#4,1.0,1.0,8.0,10.0,11.0
0.0,002584#6,1.0,1.0,10.0,10.0,11.0
0.0,002625#6,1.0,1.0,10.0,10.0,17.0
0.0,002625#8,1.0,1.0,10.0,10.0,26.0
0.0,002625#10,1.0,1.0,10.0,10.0,27.0
0.0,002625#13,1.0,1.0,10.0,10.0,22.0
0.0,002625#14,1.0,1.0,10.0,10.0,73.0
0.0,002625#18,1.0,1.0,10.0,10.0,29.0
0.0,002625#19,1.0,1.0,10.0,10.0,13.0
0.0,002625#20,1.0,1.0,10.0,10.0,70.0
0.0,002625#21,1.0,1.0,10.0,10.0,82.0
0.0,002625#22,1.0,1.0,10.0,10.0,36.0
0.0,002625#23,1.0,1.0,10.0,10.0,34.0
0.0,002625#24,1.0,1.0,10.0,10.0,65.0
0.0,002625#25,1.0,1.0,10.0,10.0,11.0
0.0,002625#26,1.0,1.0,10.0,10.0,48.0
0.0,002625#27,1.0,1.0,3.0,10.0,25.0
0.0,002625#28,1.0,1.0,10.0,10.0,37.0
0.0,002625#29,1.0,1.0,10.0,10.0,63.0
0.0,002625#30,1.0,1.0,10.0,10.0,23.0
0.0,002625#31,1.0,1.0,10.0,10.0,34.0
0.0,002625#32,1.0,1.0,10.0,10.0,45.0
0.0,002625#33,1.0,1.0,10.0,10.0,12.0
0.0,002627#5,1.0,1.0,10.0,10.0,20.0
0.0,002627#7,1.0,1.0,10.0,10.0,17.0
0.0,002627#11,1.0,1.0,10.0,10.0,74.0
0.0,002627#12,1.0,1.0,10.0,10.0,32.0
0.0,002627#15,1.0,1.0,10.0,10.0,69.0
0.0,002627#17,1.0,1.0,10.0,10.0,73.0
0.0,002627#18,1.0,1.0,10.0,10.0,74.0
0.0,002627#19,1.0,1.0,10.0,10.0,18.0
0.0,002627#22,1.0,1.0,10.0,10.0,87.0
0.0,002627#23,1.0,1.0,10.0,10.0,71.0
0.0,002627#26,1.0,1.0,10.0,10.0,80.0
0.0,002627#27,1.0,1.0,10.0,10.0,81.0
0.0,002627#28,1.0,1.0,10.0,10.0,48.0
0.0,002627#30,1.0,1.0,10.0,10.0,39.0
0.0,002627#31,1.0,1.0,10.0,10.0,50.0
0.0,002627#32,1.0,1.0,10.0,10.0,55.0
0.0,002671#7,1.0,1.0,10.0,10.0,51.0
0.0,002671#9,1.0,1.0,10.0,10.0,25.0
0.0,002671#11,1.0,1.0,10.0,10.0,39.0
0.0,002671#12,1.0,1.0,10.0,10.0,63.0
0.0,002671#13,1.0,1.0,10.0,10.0,45.0
0.0,002671#14,1.0,1.0,10.0,10.0,30.0
0.0,002671#15,1.0,1.0,10.0,10.0,30.0
0.0,002671#16,1.0,1.0,10.0,10.0,18.0
0.0,002671#17,1.0,1.0,10.0,10.0,45.0
0.0,002671#18,1.0,1.0,10.0,10.0,18.0
0.0,002671#19,1.0,1.0,10.0,10.0,57.0
0.0,002671#20,1.0,1.0,10.0,10.0,46.0
0.0,002671#21,1.0,1.0,10.0,10.0,23.0
0.0,002671#22,1.0,1.0,10.0,10.0,23.0
0.0,002671#23,1.0,1.0,10.0,10.0,46.0
0.0,002671#24,1.0,1.0,10.0,10.0,59.0
0.0,002677#0,1.0,1.0,10.0,10.0,63.0
0.0,002677#1,1.0,1.0,10.0,10.0,40.0
0.0,002677#16,1.0,1.0,10.0,10.0,14.0
0.0,002677#17,1.0,1.0,10.0,10.0,24.0
0.0,002677#18,1.0,1.0,10.0,10.0,76.0
0.0,002707#11,1.0,1.0,10.0,10.0,22.0
0.0,002707#12,1.0,1.0,10.0,10.0,25.0
0.0,002707#13,1.0,1.0,10.0,10.0,62.0
0.0,002750#1,1.0,1.0,10.0,10.0,15.0
0.0,002750#4,1.0,1.0,8.0,10.0,42.0
0.0,002750#12,1.0,1.0,10.0,10.0,13.0
0.0,002750#13,1.0,1.0,10.0,10.0,12.0
0.0,002750#14,1.0,1.0,10.0,10.0,10.0
0.0,002750#16,1.0,1.0,8.0,10.0,8.0
0.0,002750#18,1.0,1.0,10.0,10.0,14.0
0.0,002750#19,1.0,1.0,10.0,10.0,22.0
0.0,002750#20,1.0,1.0,10.0,10.0,28.0
0.0,002750#21,1.0,1.0,10.0,10.0,28.0
0.0,002750#22,1.0,1.0,10.0,10.0,53.0
0.0,002750#23,1.0,1.0,10.0,10.0,25.0
0.0,002750#25,1.0,1.0,10.0,10.0,51.0
0.0,002762#1,1.0,1.0,10.0,10.0,17.0
0.0,002839#1,1.0,1.0,10.0,10.0,21.0
0.0,002839#2,1.0,1.0,10.0,10.0,25.0
0.0,002839#3,1.0,1.0,10.0,10.0,48.0
0.0,002839#4,1.0,1.0,10.0,10.0,31.0
0.0,002842#3,1.0,1.0,10.0,10.0,25.0
0.0,002842#4,1.0,1.0,10.0,10.0,21.0
0.0,002844#1,1.0,1.0,10.0,10.0,42.0
0.0,002844#2,1.0,1.0,10.0,10.0,21.0
0.0,002844#3,1.0,1.0,10.0,10.0,38.0
0.0,002935#0,1.0,1.0,10.0,10.0,17.0
0.0,002935#1,1.0,1.0,9.0,10.0,13.0
0.0,002955#0,1.0,1.0,10.0,10.0,72.0
0.0,002955#1,1.0,1.0,10.0,10.0,47.0
0.0,002955#4,1.0,1.0,10.0,10.0,32.0
0.0,002955#5,1.0,1.0,10.0,10.0,21.0
0.0,002955#6,1.0,1.0,10.0,10.0,37.0
0.0,002955#7,1.0,1.0,10.0,10.0,68.0
0.0,002955#8,1.0,1.0,10.0,10.0,61.0
0.0,002955#9,1.0,1.0,10.0,10.0,11.0
0.0,002955#10,1.0,1.0,10.0,10.0,42.0
0.0,002955#11,1.0,1.0,10.0,10.0,42.0
0.0,002955#12,1.0,1.0,10.0,10.0,57.0
0.0,002955#13,1.0,1.0,10.0,10.0,67.0
0.0,002955#14,1.0,1.0,10.0,10.0,73.0
0.0,002955#16,1.0,1.0,10.0,10.0,49.0
0.0,002955#17,1.0,1.0,10.0,10.0,81.0
0.0,002955#20,1.0,1.0,10.0,10.0,15.0
0.0,002955#23,1.0,1.0,10.0,10.0,29.0
0.0,002955#24,1.0,1.0,7.0,10.0,7.0
0.0,002987#0,1.0,1.0,10.0,10.0,16.0
0.0,002987#1,1.0,1.0,9.0,10.0,9.0
0.0,002987#2,1.0,1.0,10.0,10.0,23.0
0.0,002987#3,1.0,1.0,10.0,10.0,14.0
0.0,002987#4,1.0,1.0,10.0,10.0,34.0
0.0,002987#6,1.0,1.0,10.0,10.0,64.0
0.0,002987#7,1.0,1.0,10.0,10.0,73.0
0.0,002987#8,1.0,1.0,10.0,10.0,28.0
0.0,002987#9,1.0,1.0,10.0,10.0,14.0
0.0,002987#10,1.0,1.0,10.0,10.0,15.0
0.0,002987#11,1.0,1.0,10.0,10.0,15.0
0.0,002987#12,1.0,1.0,8.0,10.0,8.0
0.0,002987#13,1.0,1.0,10.0,10.0,34.0
0.0,002987#14,1.0,1.0,10.0,10.0,20.0
0.0,002987#15,1.0,1.0,10.0,10.0,37.0
0.0,003007#6,1.0,1.0,9.0,10.0,9.0
0.0,003007#8,1.0,1.0,10.0,10.0,41.0
0.0,003007#9,1.0,1.0,10.0,10.0,24.0
0.0,003013#6,1.0,1.0,10.0,10.0,20.0
0.0,003017#4,1.0,1.0,10.0,10.0,12.0
0.0,003026#4,1.0,1.0,10.0,10.0,17.0
0.0,003056#1,1.0,1.0,10.0,10.0,24.0
0.0,003056#2,1.0,1.0,10.0,10.0,15.0
0.0,003056#3,1.0,1.0,10.0,10.0,15.0
0.0,003056#4,1.0,1.0,10.0,10.0,11.0
0.0,003056#7,1.0,1.0,10.0,10.0,38.0
0.0,003056#8,1.0,1.0,9.0,10.0,9.0
0.0,003056#9,1.0,1.0,10.0,10.0,27.0
0.0,003056#10,1.0,1.0,9.0,10.0,18.0
0.0,003056#11,1.0,1.0,10.0,10.0,61.0
0.0,003148#0,1.0,1.0,10.0,10.0,61.0
0.0,003148#2,1.0,1.0,10.0,10.0,63.0
0.0,003148#3,1.0,1.0,10.0,10.0,42.0
0.0,003148#6,1.0,1.0,10.0,10.0,47.0
0.0,003148#7,1.0,1.0,7.0,10.0,8.0
0.0,003148#8,1.0,1.0,8.0,10.0,8.0
0.0,003160#0,1.0,1.0,10.0,10.0,42.0
0.0,003160#1,1.0,1.0,10.0,10.0,28.0
0.0,003160#2,1.0,1.0,9.0,10.0,31.0
0.0,003160#3,1.0,1.0,8.0,10.0,27.0
0.0,003160#4,1.0,1.0,10.0,10.0,31.0
0.0,003160#5,1.0,1.0,10.0,10.0,84.0
0.0,003160#7,1.0,1.0,10.0,10.0,37.0
0.0,003160#8,1.0,1.0,10.0,10.0,69.0
0.0,003160#9,1.0,1.0,10.0,10.0,19.0
0.0,003160#11,1.0,1.0,10.0,10.0,78.0
0.0,003160#13,1.0,1.0,10.0,10.0,37.0
0.0,003160#14,1.0,1.0,10.0,10.0,11.0
0.0,003160#15,1.0,1.0,10.0,10.0,55.0
0.0,003160#17,1.0,1.0,10.0,10.0,43.0
0.0,003160#18,1.0,1.0,10.0,10.0,72.0
0.0,003160#19,1.0,1.0,10.0,10.0,26.0
0.0,003160#20,1.0,1.0,10.0,10.0,18.0
0.0,003160#21,1.0,1.0,10.0,10.0,46.0
0.0,003198#1,1.0,1.0,10.0,10.0,64.0
0.0,003198#4,1.0,1.0,10.0,10.0,42.0
0.0,003257#5,1.0,1.0,10.0,10.0,58.0
0.0,003262#0,1.0,1.0,10.0,10.0,28.0
0.0,003262#1,1.0,1.0,8.0,10.0,31.0
0.0,003262#4,1.0,1.0,10.0,10.0,27.0
0.0,003262#14,1.0,1.0,9.0,10.0,10.0
0.0,003262#16,1.0,1.0,10.0,10.0,10.0
0.0,003262#17,1.0,1.0,10.0,10.0,14.0
0.0,003262#21,1.0,1.0,10.0,10.0,16.0
0.0,003262#23,1.0,1.0,10.0,10.0,22.0
0.0,003262#24,1.0,1.0,10.0,10.0,18.0
0.0,003262#28,1.0,1.0,10.0,10.0,50.0
0.0,003262#29,1.0,1.0,4.0,10.0,7.0
0.0,003262#30,1.0,1.0,10.0,10.0,73.0
0.0,003273#1,1.0,1.0,10.0,10.0,73.0
0.0,003273#3,1.0,1.0,10.0,10.0,68.0
0.0,003273#4,1.0,1.0,10.0,10.0,45.0
0.0,003273#5,1.0,1.0,10.0,10.0,12.0
0.0,003273#6,1.0,1.0,10.0,10.0,87.0
0.0,003273#8,1.0,1.0,10.0,10.0,35.0
0.0,003273#9,1.0,1.0,10.0,10.0,19.0
0.0,003273#10,1.0,1.0,10.0,10.0,42.0
0.0,003273#11,1.0,1.0,10.0,10.0,17.0
0.0,003273#13,1.0,1.0,10.0,10.0,20.0
0.0,003288#0,1.0,1.0,10.0,10.0,74.0
0.0,003288#3,1.0,1.0,10.0,10.0,37.0
0.0,003288#4,1.0,1.0,10.0,10.0,27.0
0.0,003288#5,1.0,1.0,10.0,10.0,20.0
0.0,003288#6,1.0,1.0,10.0,10.0,20.0
0.0,003288#7,1.0,1.0,10.0,10.0,16.0
0.0,003288#8,1.0,1.0,10.0,10.0,14.0
0.0,003288#9,1.0,1.0,10.0,10.0,16.0
0.0,003288#10,1.0,1.0,10.0,10.0,18.0
0.0,003288#11,1.0,1.0,10.0,10.0,14.0
0.0,003288#12,1.0,1.0,10.0,10.0,27.0
0.0,003288#13,1.0,1.0,10.0,10.0,33.0
0.0,003288#14,1.0,1.0,10.0,10.0,13.0
0.0,003288#16,1.0,1.0,10.0,10.0,21.0
0.0,003288#18,1.0,1.0,10.0,10.0,69.0
0.0,003304#0,1.0,1.0,10.0,10.0,42.0
0.0,003304#1,1.0,1.0,10.0,10.0,36.0
0.0,003304#2,1.0,1.0,10.0,10.0,14.0
0.0,003304#3,1.0,1.0,10.0,10.0,48.0
0.0,003304#4,1.0,1.0,10.0,10.0,20.0
0.0,003304#8,1.0,1.0,10.0,10.0,25.0
0.0,003304#9,1.0,1.0,10.0,10.0,41.0
0.0,003304#11,1.0,1.0,10.0,10.0,42.0
0.0,003304#12,1.0,1.0,10.0,10.0,30.0
0.0,003304#13,1.0,1.0,10.0,10.0,13.0
0.0,003317#1,1.0,1.0,10.0,10.0,29.0
0.0,003317#2,1.0,1.0,10.0,10.0,26.0
0.0,003317#3,1.0,1.0,10.0,10.0,29.0
0.0,003317#5,1.0,1.0,10.0,10.0,50.0
0.0,003317#6,1.0,1.0,10.0,10.0,23.0
0.0,003317#7,1.0,1.0,10.0,10.0,27.0
0.0,003317#8,1.0,1.0,10.0,10.0,49.0
0.0,003317#9,1.0,1.0,10.0,10.0,30.0
0.0,003317#12,1.0,1.0,10.0,10.0,12.0
0.0,003317#14,1.0,1.0,10.0,10.0,55.0
0.0,003317#15,1.0,1.0,10.0,10.0,70.0
0.0,003317#16,1.0,1.0,10.0,10.0,43.0
0.0,003348#0,1.0,1.0,10.0,10.0,30.0
0.0,003353#0,1.0,1.0,10.0,10.0,14.0
0.0,003408#1,1.0,1.0,10.0,10.0,22.0
0.0,003411#0,1.0,1.0,10.0,10.0,41.0
0.0,003411#1,1.0,1.0,10.0,10.0,52.0
0.0,003411#2,1.0,1.0,10.0,10.0,57.0
0.0,003411#3,1.0,1.0,10.0,10.0,50.0
0.0,003419#0,1.0,1.0,10.0,10.0,84.0
0.0,003419#5,1.0,1.0,10.0,10.0,22.0
0.0,003419#13,1.0,1.0,10.0,10.0,24.0
0.0,003419#14,1.0,1.0,10.0,10.0,30.0
0.0,003419#17,1.0,1.0,8.0,10.0,30.0
0.0,003419#18,1.0,1.0,10.0,10.0,34.0
0.0,003419#19,1.0,1.0,10.0,10.0,18.0
0.0,003419#21,1.0,1.0,10.0,10.0,36.0
0.0,003425#5,1.0,1.0,10.0,10.0,17.0
0.0,003425#6,1.0,1.0,10.0,10.0,13.0
0.0,003425#7,1.0,1.0,10.0,10.0,11.0
0.0,003425#10,1.0,1.0,10.0,10.0,18.0
0.0,003425#12,1.0,1.0,10.0,10.0,44.0
0.0,003425#13,1.0,1.0,10.0,10.0,46.0
0.0,003460#0,1.0,1.0,10.0,10.0,26.0
0.0,003460#1,1.0,1.0,10.0,10.0,64.0
0.0,003460#3,1.0,1.0,10.0,10.0,80.0
0.0,003460#5,1.0,1.0,10.0,10.0,25.0
0.0,003460#6,1.0,1.0,10.0,10.0,73.0
0.0,003472#0,1.0,1.0,10.0,10.0,31.0
0.0,003472#1,1.0,1.0,10.0,10.0,68.0
0.0,003472#2,1.0,1.0,10.0,10.0,20.0
0.0,003472#3,1.0,1.0,10.0,10.0,71.0
0.0,003475#1,1.0,1.0,10.0,10.0,41.0
0.0,003475#2,1.0,1.0,10.0,10.0,22.0
0.0,003475#3,1.0,1.0,10.0,10.0,51.0
0.0,003475#5,1.0,1.0,10.0,10.0,46.0
0.0,003475#6,1.0,1.0,10.0,10.0,70.0
0.0,003475#10,1.0,1.0,10.0,10.0,21.0
0.0,003475#11,1.0,1.0,10.0,10.0,31.0
0.0,003487#0,1.0,1.0,10.0,10.0,53.0
0.0,003487#2,1.0,1.0,10.0,10.0,62.0
0.0,003489#0,1.0,1.0,10.0,10.0,24.0
0.0,003489#2,1.0,1.0,10.0,10.0,31.0
0.0,003489#3,1.0,1.0,10.0,10.0,55.0
0.0,003489#4,1.0,1.0,10.0,10.0,25.0
0.0,003489#5,1.0,1.0,10.0,10.0,35.0
0.0,003489#9,1.0,1.0,10.0,10.0,26.0
0.0,003489#14,1.0,1.0,10.0,10.0,37.0
0.0,003526#0,1.0,1.0,10.0,10.0,18.0
0.0,003526#3,1.0,1.0,10.0,10.0,13.0
0.0,003532#0,1.0,1.0,10.0,10.0,18.0
0.0,003532#1,1.0,1.0,10.0,10.0,42.0
0.0,003546#0,1.0,1.0,10.0,10.0,27.0
0.0,003546#1,1.0,1.0,10.0,10.0,28.0
0.0,003546#2,1.0,1.0,10.0,10.0,37.0
0.0,003592#0,1.0,1.0,10.0,10.0,23.0
0.0,003592#1,1.0,1.0,10.0,10.0,23.0
0.0,003592#2,1.0,1.0,10.0,10.0,31.0
0.0,003592#3,1.0,1.0,10.0,10.0,20.0
0.0,003595#3,1.0,1.0,10.0,10.0,27.0
0.0,003595#4,1.0,1.0,10.0,10.0,30.0
0.0,003595#5,1.0,1.0,10.0,10.0,21.0
0.0,003595#6,1.0,1.0,10.0,10.0,46.0
0.0,003603#3,1.0,1.0,10.0,10.0,32.0
0.0,003653#3,1.0,1.0,10.0,10.0,15.0
0.0,003653#5,1.0,1.0,10.0,10.0,20.0
0.0,003653#6,1.0,1.0,10.0,10.0,18.0
0.0,003653#7,1.0,1.0,10.0,10.0,14.0
0.0,003653#8,1.0,1.0,10.0,10.0,11.0
0.0,003653#9,1.0,1.0,10.0,10.0,12.0
0.0,003653#11,1.0,1.0,10.0,10.0,36.0
0.0,003653#12,1.0,1.0,10.0,10.0,51.0
0.0,003653#14,1.0,1.0,8.0,10.0,8.0
0.0,003653#16,1.0,1.0,9.0,10.0,9.0
0.0,003653#17,1.0,1.0,10.0,10.0,26.0
0.0,003653#18,1.0,1.0,8.0,10.0,8.0
0.0,003679#4,1.0,1.0,10.0,10.0,50.0
0.0,003679#5,1.0,1.0,10.0,10.0,27.0
0.0,003679#7,1.0,1.0,10.0,10.0,25.0
0.0,003679#8,1.0,1.0,10.0,10.0,32.0
0.0,003703#0,1.0,1.0,10.0,10.0,50.0
0.0,003739#0,1.0,1.0,10.0,10.0,30.0
0.0,003739#1,1.0,1.0,10.0,10.0,35.0
0.0,003739#2,1.0,1.0,10.0,10.0,17.0
0.0,003739#3,1.0,1.0,10.0,10.0,11.0
0.0,003739#5,1.0,1.0,10.0,10.0,16.0
0.0,003739#6,1.0,1.0,8.0,10.0,12.0
0.0,003739#7,1.0,1.0,10.0,10.0,26.0
0.0,003739#8,1.0,1.0,10.0,10.0,16.0
0.0,003757#0,1.0,1.0,10.0,10.0,76.0
0.0,003757#7,1.0,1.0,10.0,10.0,27.0
0.0,003757#8,1.0,1.0,9.0,10.0,10.0
0.0,003757#10,1.0,1.0,10.0,10.0,21.0
0.0,003757#14,1.0,1.0,10.0,10.0,13.0
0.0,003757#15,1.0,1.0,10.0,10.0,15.0
0.0,003757#16,1.0,1.0,10.0,10.0,11.0
0.0,003769#0,1.0,1.0,10.0,10.0,56.0
0.0,003838#0,1.0,1.0,10.0,10.0,72.0
0.0,003863#1,1.0,1.0,10.0,10.0,21.0
0.0,003863#3,1.0,1.0,10.0,10.0,17.0
0.0,003863#5,1.0,1.0,10.0,10.0,33.0
0.0,003863#7,1.0,1.0,10.0,10.0,24.0
0.0,003863#9,1.0,1.0,10.0,10.0,13.0
0.0,003863#10,1.0,1.0,10.0,10.0,12.0
0.0,003863#11,1.0,1.0,10.0,10.0,18.0
0.0,003895#2,1.0,1.0,10.0,10.0,55.0
0.0,003896#0,1.0,1.0,10.0,10.0,43.0
0.0,003896#1,1.0,1.0,10.0,10.0,19.0
0.0,003902#0,1.0,1.0,10.0,10.0,41.0
0.0,003902#1,1.0,1.0,10.0,10.0,15.0
0.0,003902#3,1.0,1.0,10.0,10.0,18.0
0.0,003902#4,1.0,1.0,10.0,10.0,30.0
0.0,003902#5,1.0,1.0,10.0,10.0,18.0
0.0,003902#6,1.0,1.0,10.0,10.0,41.0
0.0,003904#0,1.0,1.0,10.0,10.0,33.0
0.0,003904#1,1.0,1.0,10.0,10.0,19.0
0.0,003941#0,1.0,1.0,10.0,10.0,27.0
0.0,003941#1,1.0,1.0,10.0,10.0,17.0
0.0,003941#3,1.0,1.0,10.0,10.0,12.0
0.0,003941#5,1.0,1.0,10.0,10.0,25.0
0.0,003941#7,1.0,1.0,10.0,10.0,20.0
0.0,003941#8,1.0,1.0,10.0,10.0,26.0
0.0,003941#10,1.0,1.0,10.0,10.0,17.0
0.0,003941#11,1.0,1.0,10.0,10.0,26.0
0.0,003941#12,1.0,1.0,10.0,10.0,17.0
0.0,003941#13,1.0,1.0,10.0,10.0,20.0
0.0,003941#14,1.0,1.0,10.0,10.0,18.0
0.0,003941#15,1.0,1.0,10.0,10.0,22.0
0.0,003941#16,1.0,1.0,10.0,10.0,69.0
0.0,003941#20,1.0,1.0,8.0,10.0,10.0
0.0,003941#21,1.0,1.0,10.0,10.0,25.0
0.0,003941#22,1.0,1.0,10.0,10.0,13.0
0.0,003941#24,1.0,1.0,10.0,10.0,37.0
0.0,003941#25,1.0,1.0,10.0,10.0,18.0
0.0,003941#26,1.0,1.0,10.0,10.0,21.0
0.0,003941#27,1.0,1.0,10.0,10.0,18.0
0.0,003941#29,1.0,1.0,10.0,10.0,17.0
0.0,003941#30,1.0,1.0,10.0,10.0,34.0
0.0,003982#5,1.0,1.0,10.0,10.0,26.0
0.0,003982#6,1.0,1.0,10.0,10.0,15.0
0.0,003982#8,1.0,1.0,10.0,10.0,13.0
0.0,003982#11,1.0,1.0,10.0,10.0,19.0
0.0,003982#14,1.0,1.0,10.0,10.0,29.0
0.0,003982#19,1.0,1.0,2.0,10.0,9.0
0.0,003982#20,1.0,1.0,10.0,10.0,10.0
0.0,003982#23,1.0,1.0,10.0,10.0,25.0
0.0,003982#24,1.0,1.0,10.0,10.0,10.0
0.0,003982#30,1.0,1.0,10.0,10.0,12.0
0.0,003982#32,1.0,1.0,10.0,10.0,14.0
0.0,003982#34,1.0,1.0,10.0,10.0,11.0
0.0,003982#36,1.0,1.0,10.0,10.0,46.0
0.0,003982#41,1.0,1.0,10.0,10.0,10.0
0.0,003982#42,1.0,1.0,10.0,10.0,11.0
0.0,003982#43,1.0,1.0,10.0,10.0,13.0
0.0,003982#47,1.0,1.0,10.0,10.0,57.0
0.0,003982#48,1.0,1.0,10.0,10.0,16.0
0.0,003982#49,1.0,1.0,10.0,10.0,69.0
0.0,003982#50,1.0,1.0,10.0,10.0,34.0
0.0,003982#53,1.0,1.0,7.0,10.0,10.0
0.0,003982#57,1.0,1.0,10.0,10.0,18.0
0.0,003982#58,1.0,1.0,10.0,10.0,18.0
0.0,003982#60,1.0,1.0,10.0,10.0,16.0
0.0,003982#61,1.0,1.0,10.0,10.0,15.0
0.0,003982#62,1.0,1.0,10.0,10.0,17.0
0.0,003987#5,1.0,1.0,10.0,10.0,32.0
0.0,003987#6,1.0,1.0,10.0,10.0,28.0
0.0,003987#10,1.0,1.0,10.0,10.0,66.0
0.0,003987#11,1.0,1.0,10.0,10.0,71.0
0.0,003987#15,1.0,1.0,10.0,10.0,33.0
0.0,003987#16,1.0,1.0,10.0,10.0,42.0
0.0,003987#23,1.0,1.0,10.0,10.0,11.0
0.0,003987#27,1.0,1.0,10.0,10.0,11.0
0.0,003987#35,1.0,1.0,10.0,10.0,26.0
0.0,003987#38,1.0,1.0,10.0,10.0,19.0
0.0,003987#39,1.0,1.0,10.0,10.0,17.0
0.0,003987#40,1.0,1.0,10.0,10.0,16.0
0.0,003987#41,1.0,1.0,10.0,10.0,13.0
0.0,003987#43,1.0,1.0,10.0,10.0,10.0
0.0,003987#46,1.0,1.0,8.0,10.0,8.0
0.0,003987#47,1.0,1.0,10.0,10.0,15.0
0.0,003987#49,1.0,1.0,10.0,10.0,12.0
0.0,003987#50,1.0,1.0,10.0,10.0,15.0
0.0,003987#51,1.0,1.0,10.0,10.0,15.0
0.0,003987#52,1.0,1.0,10.0,10.0,10.0
0.0,003987#53,1.0,1.0,10.0,10.0,19.0
0.0,003987#55,1.0,1.0,10.0,10.0,31.0
0.0,hehe_173_000002_024_00000105#2,1.0,1.0,1.0,10.0,11.0
0.0,hehe_173_000002_024_00000105#4,1.0,1.0,4.0,10.0,11.0
0.0,hehe_173_000002_024_00000105#6,1.0,1.0,11.0,10.0,23.0
0.0,hehe_173_000002_024_00000105#7,1.0,1.0,8.0,10.0,15.0
0.0,hehe_173_000002_024_00000105#9,1.0,1.0,10.0,10.0,31.0
0.0,hehe_173_000002_024_00000105#10,1.0,1.0,10.0,10.0,25.0
0.0,hehe_173_000002_024_00000105#11,1.0,1.0,10.0,10.0,11.0
0.0,hehe_173_000002_024_00000105#13,1.0,1.0,10.0,10.0,31.0
0.0,hehe_173_000002_024_00000105#15,1.0,1.0,10.0,10.0,76.0
0.0,hehe_186_000002_028_00000050#1,1.0,1.0,10.0,10.0,77.0
0.0,hehe_22_00000004#0,1.0,1.0,10.0,10.0,29.0
0.0,hehe_22_00000004#2,1.0,1.0,10.0,10.0,23.0
0.0,hehe_22_00000004#4,1.0,1.0,10.0,10.0,69.0
0.0,hehe_22_00000004#6,1.0,1.0,10.0,10.0,57.0
0.0,hehe_22_00000004#7,1.0,1.0,10.0,10.0,70.0
0.0,hehe_22_00000004#9,1.0,1.0,9.0,10.0,11.0
0.0,hehe_230_000002_043_00000061#1,1.0,1.0,10.0,10.0,69.0
0.0,hehe_230_000002_043_00000061#6,1.0,1.0,10.0,10.0,62.0
0.0,hehe_230_000002_043_00000061#7,1.0,1.0,10.0,10.0,58.0
0.0,hehe_230_000002_043_00000061#10,1.0,1.0,10.0,10.0,31.0
0.0,hehe_230_000002_043_00000061#11,1.0,1.0,10.0,10.0,37.0
0.0,hehe_230_000002_043_00000061#13,1.0,1.0,10.0,10.0,19.0
0.0,hehe_230_000002_043_00000061#14,1.0,1.0,8.0,10.0,12.0
0.0,hehe_232_000002_043_00000181#0,1.0,1.0,8.0,10.0,8.0
0.0,hehe_232_000002_043_00000181#1,1.0,1.0,10.0,10.0,22.0
0.0,hehe_232_000002_043_00000181#2,1.0,1.0,10.0,10.0,57.0
0.0,hehe_232_000002_043_00000181#3,1.0,1.0,10.0,10.0,36.0
0.0,hehe_232_000002_043_00000181#8,1.0,1.0,10.0,10.0,57.0
0.0,hehe_274_000002_060_00000105#1,1.0,1.0,10.0,10.0,67.0
0.0,hehe_274_000002_060_00000105#5,1.0,1.0,10.0,10.0,28.0
0.0,hehe_274_000002_060_00000105#6,1.0,1.0,10.0,10.0,11.0
0.0,hehe_40_00000033#1,1.0,1.0,10.0,10.0,26.0
0.0,hehe_40_00000033#2,1.0,1.0,10.0,10.0,46.0
0.0,hehe_40_00000033#3,1.0,1.0,1.0,10.0,40.0
0.0,hehe_40_00000033#5,1.0,1.0,10.0,10.0,40.0
0.0,hehe_45_00000001#2,1.0,1.0,10.0,10.0,42.0
0.0,hehe_45_00000001#4,1.0,1.0,10.0,10.0,28.0
0.0,hehe_45_00000001#5,1.0,1.0,10.0,10.0,49.0
0.0,hehe_45_00000001#6,1.0,1.0,10.0,10.0,40.0
0.0,hehe_45_00000001#7,1.0,1.0,10.0,10.0,60.0
0.0,hehe_45_00000001#8,1.0,1.0,10.0,10.0,34.0
0.0,hehe_45_00000001#9,1.0,1.0,10.0,10.0,46.0
0.0,hehe_52_00000107#0,1.0,1.0,10.0,10.0,19.0
0.0,hehe_52_00000107#1,1.0,1.0,8.0,10.0,8.0
0.0,hehe_61_00000090#2,1.0,1.0,10.0,10.0,76.0
0.0,hehe_61_00000090#3,1.0,1.0,10.0,10.0,39.0
0.0,hehe_61_00000090#4,1.0,1.0,10.0,10.0,20.0
0.0,hehe_61_00000090#9,1.0,1.0,10.0,10.0,64.0
0.0,hehe_61_00000090#10,1.0,1.0,10.0,10.0,50.0
0.0,hehe_61_00000090#11,1.0,1.0,10.0,10.0,84.0
0.0,hehe_65_00000229#2,1.0,1.0,10.0,10.0,59.0
0.0,hehe_65_00000229#3,1.0,1.0,10.0,10.0,32.0
0.0,hehe_65_00000229#4,1.0,1.0,10.0,10.0,30.0
0.0,hehe_65_00000229#6,1.0,1.0,10.0,10.0,16.0
0.0,hehe_65_00000229#7,1.0,1.0,10.0,10.0,21.0
0.0,hehe_6_00000054#0,1.0,1.0,10.0,10.0,12.0
0.0,hehe_6_00000054#2,1.0,1.0,10.0,10.0,35.0
0.0,hehe_6_00000054#3,1.0,1.0,10.0,10.0,32.0
0.0,hehe_6_00000054#4,1.0,1.0,10.0,10.0,27.0
0.0,hehe_6_00000054#6,1.0,1.0,10.0,10.0,76.0
0.0,hehe_6_00000054#13,1.0,1.0,10.0,10.0,74.0
0.0,hehe_6_00000054#16,1.0,1.0,10.0,10.0,32.0
0.0,hehe_6_00000054#17,1.0,1.0,10.0,10.0,38.0
0.0,hehe_86_00000253#0,1.0,1.0,10.0,10.0,45.0
0.0,hehe_86_00000253#3,1.0,1.0,10.0,10.0,58.0
0.0,hehe_87_00000315#1,1.0,1.0,10.0,10.0,39.0
0.0,hehe_87_00000315#2,1.0,1.0,10.0,10.0,40.0
0.0,hehe_87_00000315#3,1.0,1.0,10.0,10.0,33.0
0.0,hehe_87_00000315#4,1.0,1.0,10.0,10.0,20.0
0.0,hehe_87_00000315#5,1.0,1.0,10.0,10.0,30.0
0.0,hehe_87_00000315#6,1.0,1.0,10.0,10.0,14.0
0.0,shuming_1007_00000230#0,1.0,1.0,10.0,10.0,38.0
0.0,shuming_1007_00000230#3,1.0,1.0,10.0,10.0,43.0
0.0,shuming_1007_00000230#4,1.0,1.0,7.0,10.0,36.0
0.0,shuming_1007_00000230#5,1.0,1.0,10.0,10.0,46.0
0.0,shuming_1007_00000230#7,1.0,1.0,10.0,10.0,63.0
0.0,shuming_1007_00000230#10,1.0,1.0,10.0,10.0,62.0
0.0,shuming_1007_00000230#11,1.0,1.0,10.0,10.0,39.0
0.0,shuming_1007_00000230#12,1.0,1.0,11.0,10.0,34.0
0.0,shuming_1007_00000230#13,1.0,1.0,9.0,10.0,10.0
0.0,shuming_1007_00000230#14,1.0,1.0,5.0,10.0,7.0
0.0,shuming_1007_00000230#15,1.0,1.0,10.0,10.0,79.0
0.0,shuming_1007_00000230#16,1.0,1.0,10.0,10.0,47.0
0.0,shuming_1007_00000230#17,1.0,1.0,10.0,10.0,19.0
0.0,shuming_1007_00000230#18,1.0,1.0,10.0,10.0,13.0
0.0,shuming_1007_00000230#20,1.0,1.0,10.0,10.0,20.0
0.0,shuming_1007_00000230#21,1.0,1.0,10.0,10.0,69.0
0.0,shuming_1007_00000230#22,1.0,1.0,10.0,10.0,27.0
0.0,shuming_1007_00000230#23,1.0,1.0,10.0,10.0,22.0
0.0,shuming_1013_00000065#0,1.0,1.0,10.0,10.0,87.0
0.0,shuming_1013_00000065#1,1.0,1.0,10.0,10.0,41.0
0.0,shuming_1013_00000065#3,1.0,1.0,10.0,10.0,26.0
0.0,shuming_1028_00000411#3,1.0,1.0,10.0,10.0,55.0
0.0,shuming_1028_00000411#4,1.0,1.0,10.0,10.0,10.0
0.0,shuming_1028_00000411#5,1.0,1.0,10.0,10.0,15.0
0.0,shuming_1064_00000087#0,1.0,1.0,10.0,10.0,34.0
0.0,shuming_1064_00000087#1,1.0,1.0,10.0,10.0,55.0
0.0,shuming_1064_00000087#2,1.0,1.0,10.0,10.0,56.0
0.0,shuming_1064_00000087#3,1.0,1.0,10.0,10.0,72.0
0.0,shuming_1064_00000087#4,1.0,1.0,10.0,10.0,69.0
0.0,shuming_1064_00000087#6,1.0,1.0,10.0,10.0,26.0
0.0,shuming_1064_00000087#7,1.0,1.0,10.0,10.0,54.0
0.0,shuming_1064_00000087#8,1.0,1.0,10.0,10.0,86.0
0.0,shuming_1076_00000257#1,1.0,1.0,10.0,10.0,31.0
0.0,shuming_1076_00000257#2,1.0,1.0,10.0,10.0,29.0
0.0,shuming_1076_00000257#3,1.0,1.0,10.0,10.0,20.0
0.0,shuming_1076_00000257#4,1.0,1.0,10.0,10.0,19.0
0.0,shuming_1076_00000257#5,1.0,1.0,10.0,10.0,23.0
0.0,shuming_1079_00000233#3,1.0,1.0,10.0,10.0,18.0
0.0,shuming_1079_00000233#4,1.0,1.0,10.0,10.0,12.0
0.0,shuming_1079_00000233#6,1.0,1.0,10.0,10.0,35.0
0.0,shuming_1080_00000016#0,1.0,1.0,10.0,10.0,72.0
0.0,shuming_1080_00000016#4,1.0,1.0,10.0,10.0,10.0
0.0,shuming_1132_00000385#2,1.0,1.0,10.0,10.0,29.0
0.0,shuming_1132_00000385#3,1.0,1.0,10.0,10.0,32.0
0.0,shuming_1132_00000385#4,1.0,1.0,10.0,10.0,25.0
0.0,shuming_1135_00000213#0,1.0,1.0,10.0,10.0,76.0
0.0,shuming_1148_00000041#0,1.0,1.0,10.0,10.0,74.0
0.0,shuming_1157_00000010#0,1.0,1.0,10.0,10.0,72.0
0.0,shuming_1157_00000010#1,1.0,1.0,10.0,10.0,32.0
0.0,shuming_1157_00000010#2,1.0,1.0,10.0,10.0,18.0
0.0,shuming_1180_00000231#3,1.0,1.0,10.0,10.0,49.0
0.0,shuming_24_00000001#0,1.0,1.0,10.0,10.0,40.0
0.0,shuming_24_00000001#1,1.0,1.0,10.0,10.0,62.0
0.0,shuming_340_00000020#1,1.0,1.0,10.0,10.0,21.0
0.0,shuming_340_00000020#19,1.0,1.0,10.0,10.0,11.0
0.0,shuming_340_00000020#22,1.0,1.0,7.0,10.0,7.0
0.0,shuming_340_00000020#23,1.0,1.0,10.0,10.0,12.0
0.0,shuming_340_00000020#26,1.0,1.0,9.0,10.0,9.0
0.0,shuming_340_00000020#30,1.0,1.0,9.0,10.0,9.0
0.0,shuming_340_00000020#31,1.0,1.0,10.0,10.0,12.0
0.0,shuming_340_00000020#38,1.0,1.0,9.0,10.0,10.0
0.0,shuming_35_00000199#0,1.0,1.0,10.0,10.0,73.0
0.0,shuming_35_00000199#3,1.0,1.0,10.0,10.0,36.0
0.0,shuming_35_00000199#4,1.0,1.0,10.0,10.0,26.0
0.0,shuming_35_00000199#5,1.0,1.0,5.0,10.0,87.0
0.0,shuming_35_00000199#6,1.0,1.0,10.0,10.0,18.0
0.0,shuming_35_00000199#8,1.0,1.0,10.0,10.0,14.0
0.0,shuming_35_00000199#9,1.0,1.0,8.0,10.0,8.0
0.0,shuming_35_00000199#11,1.0,1.0,10.0,10.0,39.0
0.0,shuming_410_00000037#0,1.0,1.0,6.0,10.0,7.0
0.0,shuming_410_00000037#9,1.0,1.0,10.0,10.0,45.0
0.0,shuming_461_00000082#0,1.0,1.0,10.0,10.0,53.0
0.0,shuming_461_00000082#2,1.0,1.0,10.0,10.0,42.0
0.0,shuming_461_00000082#3,1.0,1.0,10.0,10.0,31.0
0.0,shuming_461_00000082#4,1.0,1.0,10.0,10.0,14.0
0.0,shuming_461_00000082#5,1.0,1.0,10.0,10.0,11.0
0.0,shuming_465_00000030#0,1.0,1.0,10.0,10.0,10.0
0.0,shuming_465_00000030#2,1.0,1.0,10.0,10.0,56.0
0.0,shuming_465_00000030#3,1.0,1.0,10.0,10.0,15.0
0.0,shuming_470_00000057#3,1.0,1.0,10.0,10.0,43.0
0.0,shuming_470_00000057#4,1.0,1.0,10.0,10.0,23.0
0.0,shuming_482_00000018#3,1.0,1.0,10.0,10.0,53.0
0.0,shuming_482_00000018#4,1.0,1.0,10.0,10.0,44.0
0.0,shuming_482_00000018#5,1.0,1.0,10.0,10.0,62.0
0.0,shuming_485_00000027#3,1.0,1.0,10.0,10.0,16.0
0.0,shuming_485_00000027#4,1.0,1.0,10.0,10.0,52.0
0.0,shuming_503_00000052#0,1.0,1.0,10.0,10.0,32.0
0.0,shuming_503_00000052#1,1.0,1.0,10.0,10.0,26.0
0.0,shuming_562_00000223#2,1.0,1.0,10.0,10.0,76.0
0.0,shuming_571_00000215#0,1.0,1.0,10.0,10.0,56.0
0.0,shuming_571_00000215#1,1.0,1.0,10.0,10.0,46.0
0.0,shuming_574_00000017#0,1.0,1.0,10.0,10.0,63.0
0.0,shuming_608_00000031#1,1.0,1.0,10.0,10.0,19.0
0.0,shuming_608_00000031#2,1.0,1.0,10.0,10.0,30.0
0.0,shuming_608_00000031#3,1.0,1.0,10.0,10.0,35.0
0.0,shuming_608_00000031#4,1.0,1.0,10.0,10.0,11.0
0.0,shuming_610_00000148#0,1.0,1.0,10.0,10.0,50.0
0.0,shuming_63_00000393#3,1.0,1.0,10.0,10.0,15.0
0.0,shuming_63_00000393#4,1.0,1.0,10.0,10.0,17.0
0.0,shuming_63_00000393#5,1.0,1.0,8.0,10.0,9.0
0.0,shuming_63_00000393#6,1.0,1.0,10.0,10.0,23.0
0.0,shuming_63_00000393#7,1.0,1.0,10.0,10.0,21.0
0.0,shuming_63_00000393#8,1.0,1.0,10.0,10.0,23.0
0.0,shuming_63_00000393#9,1.0,1.0,10.0,10.0,20.0
0.0,shuming_663_00000328#2,1.0,1.0,10.0,10.0,50.0
0.0,shuming_663_00000328#3,1.0,1.0,10.0,10.0,40.0
0.0,shuming_67_00000001#1,1.0,1.0,10.0,10.0,55.0
0.0,shuming_67_00000001#2,1.0,1.0,10.0,10.0,18.0
0.0,shuming_698_00000001#0,1.0,1.0,10.0,10.0,11.0
0.0,shuming_698_00000001#1,1.0,1.0,5.0,10.0,13.0
0.0,shuming_698_00000001#2,1.0,1.0,10.0,10.0,17.0
0.0,shuming_698_00000001#3,1.0,1.0,10.0,10.0,20.0
0.0,shuming_698_00000001#4,1.0,1.0,10.0,10.0,15.0
0.0,shuming_698_00000001#5,1.0,1.0,10.0,10.0,14.0
0.0,shuming_698_00000001#7,1.0,1.0,10.0,10.0,26.0
0.0,shuming_698_00000001#8,1.0,1.0,10.0,10.0,17.0
0.0,shuming_698_00000001#9,1.0,1.0,10.0,10.0,14.0
0.0,shuming_698_00000001#10,1.0,1.0,10.0,10.0,13.0
0.0,shuming_698_00000001#11,1.0,1.0,10.0,10.0,13.0
0.0,shuming_698_00000001#12,1.0,1.0,10.0,10.0,15.0
0.0,shuming_698_00000001#13,1.0,1.0,10.0,10.0,14.0
0.0,shuming_698_00000001#14,1.0,1.0,10.0,10.0,12.0
0.0,shuming_698_00000001#15,1.0,1.0,10.0,10.0,15.0
0.0,shuming_698_00000001#16,1.0,1.0,10.0,10.0,15.0
0.0,shuming_698_00000001#17,1.0,1.0,10.0,10.0,23.0
0.0,shuming_698_00000001#18,1.0,1.0,10.0,10.0,18.0
0.0,shuming_698_00000001#19,1.0,1.0,10.0,10.0,19.0
0.0,shuming_698_00000001#20,1.0,1.0,10.0,10.0,22.0
0.0,shuming_698_00000001#21,1.0,1.0,10.0,10.0,24.0
0.0,shuming_698_00000001#22,1.0,1.0,10.0,10.0,18.0
0.0,shuming_698_00000001#23,1.0,1.0,10.0,10.0,35.0
0.0,shuming_698_00000001#25,1.0,1.0,10.0,10.0,64.0
0.0,shuming_706_00000375#0,1.0,1.0,10.0,10.0,41.0
0.0,shuming_706_00000375#2,1.0,1.0,10.0,10.0,32.0
0.0,shuming_706_00000375#3,1.0,1.0,10.0,10.0,17.0
0.0,shuming_706_00000375#4,1.0,1.0,10.0,10.0,52.0
0.0,shuming_72_00000270#19,1.0,1.0,10.0,10.0,54.0
0.0,shuming_72_00000270#20,1.0,1.0,10.0,10.0,22.0
0.0,shuming_72_00000270#22,1.0,1.0,10.0,10.0,48.0
0.0,shuming_72_00000270#24,1.0,1.0,10.0,10.0,20.0
0.0,shuming_731_00000492#0,1.0,1.0,10.0,10.0,32.0
0.0,shuming_731_00000492#1,1.0,1.0,10.0,10.0,26.0
0.0,shuming_731_00000492#3,1.0,1.0,10.0,10.0,60.0
0.0,shuming_731_00000492#5,1.0,1.0,10.0,10.0,69.0
0.0,shuming_753_00000172#0,1.0,1.0,10.0,10.0,12.0
0.0,shuming_758_00000371#0,1.0,1.0,10.0,10.0,52.0
0.0,shuming_763_00000009#2,1.0,1.0,10.0,10.0,15.0
0.0,shuming_774_00000273#3,1.0,1.0,10.0,10.0,63.0
0.0,shuming_774_00000273#5,1.0,1.0,10.0,10.0,31.0
0.0,shuming_779_00000254#1,1.0,1.0,10.0,10.0,63.0
0.0,shuming_779_00000254#5,1.0,1.0,10.0,10.0,80.0
0.0,shuming_783_00000248#0,1.0,1.0,10.0,10.0,81.0
0.0,shuming_783_00000248#2,1.0,1.0,10.0,10.0,66.0
0.0,shuming_793_00000117#2,1.0,1.0,10.0,10.0,31.0
0.0,shuming_825_00000172#1,1.0,1.0,10.0,10.0,13.0
0.0,shuming_825_00000172#2,1.0,1.0,6.0,10.0,7.0
0.0,shuming_825_00000172#3,1.0,1.0,10.0,10.0,16.0
0.0,shuming_826_00000213#1,1.0,1.0,10.0,10.0,14.0
0.0,shuming_826_00000213#2,1.0,1.0,10.0,10.0,18.0
0.0,shuming_826_00000213#3,1.0,1.0,8.0,10.0,9.0
0.0,shuming_85_00000273#4,1.0,1.0,10.0,10.0,11.0
0.0,shuming_987_00000275#1,1.0,1.0,10.0,10.0,41.0
0.0,shuming_987_00000275#2,1.0,1.0,10.0,10.0,23.0
0.0,shuming_987_00000275#3,1.0,1.0,10.0,10.0,19.0
0.0,shuming_987_00000275#4,1.0,1.0,10.0,10.0,21.0
0.0,shuming_987_00000275#5,1.0,1.0,10.0,10.0,10.0
1.0,00000045#1,1.0,1.0,10.0,10.0,242.0
1.0,00000045#2,1.0,1.0,10.0,10.0,88.0
1.0,00000045#3,1.0,1.0,10.0,10.0,105.0
1.0,00000045#6,1.0,1.0,10.0,10.0,286.0
1.0,00000045#7,1.0,1.0,10.0,10.0,279.0
1.0,00000057#1,1.0,1.0,10.0,10.0,225.0
1.0,00000057#2,1.0,1.0,10.0,10.0,88.0
1.0,00000057#3,1.0,1.0,10.0,10.0,111.0
1.0,00000057#5,1.0,1.0,10.0,10.0,133.0
1.0,00000063#1,1.0,1.0,10.0,10.0,279.0
1.0,00000063#2,1.0,1.0,10.0,10.0,90.0
1.0,00000063#3,1.0,1.0,10.0,10.0,107.0
1.0,00000063#5,1.0,1.0,10.0,10.0,208.0
1.0,00000095#1,1.0,1.0,10.0,10.0,279.0
1.0,00000095#2,1.0,1.0,10.0,10.0,114.0
1.0,00000095#3,1.0,1.0,10.0,10.0,105.0
1.0,00000106#1,1.0,1.0,10.0,10.0,245.0
1.0,00000106#2,1.0,1.0,10.0,10.0,135.0
1.0,00000106#3,1.0,1.0,10.0,10.0,122.0
1.0,00000106#5,1.0,1.0,10.0,10.0,157.0
1.0,00000123#1,1.0,1.0,10.0,10.0,196.0
1.0,00000123#2,1.0,1.0,10.0,10.0,87.0
1.0,00000123#3,1.0,1.0,10.0,10.0,190.0
1.0,00000123#5,1.0,1.0,10.0,10.0,108.0
1.0,00000171#0,1.0,1.0,10.0,10.0,120.0
1.0,00000180#0,1.0,1.0,10.0,10.0,136.0
1.0,00000234#1,1.0,1.0,10.0,10.0,108.0
1.0,00000257#0,1.0,1.0,10.0,10.0,93.0
1.0,00000271#0,1.0,1.0,10.0,10.0,118.0
1.0,00000271#1,1.0,1.0,10.0,10.0,132.0
1.0,00000273#0,1.0,1.0,10.0,10.0,84.0
1.0,00000273#1,1.0,1.0,10.0,10.0,99.0
1.0,000002_080_00000048#0,1.0,1.0,10.0,10.0,69.0
1.0,000002_083_00000169#0,1.0,1.0,10.0,10.0,14.0
1.0,000002_083_00000169#1,1.0,1.0,10.0,10.0,26.0
1.0,000002_083_00000169#2,1.0,1.0,10.0,10.0,36.0
1.0,00000346#0,1.0,1.0,10.0,10.0,381.0
1.0,00000364#0,1.0,1.0,10.0,10.0,210.0
1.0,00000396#0,1.0,1.0,10.0,10.0,111.0
1.0,00000399#0,1.0,1.0,10.0,10.0,82.0
1.0,000003_081_00000171#10,1.0,1.0,10.0,10.0,76.0
1.0,000003_081_00000171#11,1.0,1.0,10.0,10.0,82.0
1.0,00000426#0,1.0,1.0,10.0,10.0,653.0
1.0,00000506#0,1.0,1.0,10.0,10.0,117.0
1.0,000005_004_00000286#4,1.0,1.0,10.0,10.0,62.0
1.0,000005_006_00000001#1,1.0,1.0,10.0,10.0,68.0
1.0,000005_006_00000001#2,1.0,1.0,10.0,10.0,25.0
1.0,000005_019_00000209#0,1.0,1.0,10.0,10.0,43.0
1.0,000005_019_00000209#1,1.0,1.0,10.0,10.0,31.0
1.0,000005_019_00000209#2,1.0,1.0,10.0,10.0,59.0
1.0,000005_027_00000493#1,1.0,1.0,10.0,10.0,34.0
1.0,000005_027_00000493#2,1.0,1.0,10.0,10.0,38.0
1.0,000005_027_00000493#3,1.0,1.0,10.0,10.0,49.0
1.0,000005_027_00000493#4,1.0,1.0,10.0,10.0,21.0
1.0,000005_027_00000493#5,1.0,1.0,10.0,10.0,25.0
1.0,000005_027_00000493#6,1.0,1.0,10.0,10.0,20.0
1.0,000005_027_00000493#7,1.0,1.0,10.0,10.0,26.0
1.0,000005_027_00000493#8,1.0,1.0,10.0,10.0,74.0
1.0,000005_028_00000001#2,1.0,1.0,10.0,10.0,77.0
1.0,000005_028_00000163#2,1.0,1.0,10.0,10.0,31.0
1.0,00000618#2,1.0,1.0,10.0,10.0,101.0
1.0,000006_010_00000389#4,1.0,1.0,10.0,10.0,58.0
1.0,000006_011_00000307#3,1.0,1.0,10.0,10.0,25.0
1.0,000006_011_00000409#8,1.0,1.0,10.0,10.0,40.0
1.0,000006_011_00000409#10,1.0,1.0,10.0,10.0,54.0
1.0,000006_012_00000001#3,1.0,1.0,10.0,10.0,38.0
1.0,000006_012_00000001#6,1.0,1.0,10.0,10.0,63.0
1.0,000006_012_00000001#11,1.0,1.0,10.0,10.0,69.0
1.0,000006_012_00000001#12,1.0,1.0,10.0,10.0,33.0
1.0,000008_003_00000235#1,1.0,1.0,10.0,10.0,76.0
1.0,000008_003_00000235#2,1.0,1.0,10.0,10.0,59.0
1.0,000008_003_00000235#3,1.0,1.0,10.0,10.0,81.0
1.0,000008_003_00000235#4,1.0,1.0,10.0,10.0,66.0
1.0,000008_003_00000235#5,1.0,1.0,10.0,10.0,68.0
1.0,000008_003_00000235#10,1.0,1.0,10.0,10.0,68.0
1.0,000008_003_00000235#11,1.0,1.0,10.0,10.0,16.0
1.0,000008_003_00000352#1,1.0,1.0,10.0,10.0,66.0
1.0,000008_003_00000352#3,1.0,1.0,10.0,10.0,80.0
1.0,000008_003_00000352#5,1.0,1.0,10.0,10.0,74.0
1.0,000008_003_00000352#7,1.0,1.0,10.0,10.0,75.0
1.0,000008_003_00000352#8,1.0,1.0,10.0,10.0,75.0
1.0,000008_003_00000352#9,1.0,1.0,10.0,10.0,76.0
1.0,000008_003_00000352#10,1.0,1.0,10.0,10.0,64.0
1.0,000008_003_00000352#12,1.0,1.0,10.0,10.0,74.0
1.0,000008_003_00000352#13,1.0,1.0,10.0,10.0,16.0
1.0,000008_003_00000469#0,1.0,1.0,10.0,10.0,85.0
1.0,000008_003_00000469#1,1.0,1.0,10.0,10.0,70.0
1.0,000008_003_00000469#2,1.0,1.0,10.0,10.0,67.0
1.0,000008_003_00000469#3,1.0,1.0,10.0,10.0,78.0
1.0,000008_003_00000469#4,1.0,1.0,10.0,10.0,85.0
1.0,000008_003_00000469#6,1.0,1.0,10.0,10.0,89.0
1.0,000008_003_00000469#9,1.0,1.0,10.0,10.0,31.0
1.0,000008_003_00000469#10,1.0,1.0,10.0,10.0,18.0
1.0,000008_004_00000665#2,1.0,1.0,10.0,10.0,34.0
1.0,000008_004_00000665#4,1.0,1.0,10.0,10.0,39.0
1.0,000008_004_00000665#11,1.0,1.0,10.0,10.0,52.0
1.0,000008_004_00000665#12,1.0,1.0,10.0,10.0,63.0
1.0,000008_004_00000665#13,1.0,1.0,10.0,10.0,37.0
1.0,000008_013_00000195#1,1.0,1.0,10.0,10.0,66.0
1.0,000008_013_00000195#2,1.0,1.0,10.0,10.0,60.0
1.0,000008_042_00000273#1,1.0,1.0,10.0,10.0,40.0
1.0,000008_045_00000001#0,1.0,1.0,10.0,10.0,48.0
1.0,000008_045_00000001#2,1.0,1.0,10.0,10.0,70.0
1.0,000008_045_00000001#3,1.0,1.0,10.0,10.0,14.0
1.0,000008_045_00000157#0,1.0,1.0,10.0,10.0,80.0
1.0,000008_045_00000157#4,1.0,1.0,10.0,10.0,17.0
1.0,000008_048_00000361#3,1.0,1.0,10.0,10.0,42.0
1.0,000008_048_00000361#4,1.0,1.0,7.0,10.0,36.0
1.0,000008_048_00000361#5,1.0,1.0,9.0,10.0,29.0
1.0,000009_008_00000241#3,1.0,1.0,10.0,10.0,78.0
1.0,000009_008_00000241#5,1.0,1.0,10.0,10.0,69.0
1.0,000009_008_00000241#6,1.0,1.0,10.0,10.0,29.0
1.0,000009_008_00000241#7,1.0,1.0,10.0,10.0,76.0
1.0,000009_008_00000241#9,1.0,1.0,10.0,10.0,84.0
1.0,000009_033_00000333#1,1.0,1.0,10.0,10.0,16.0
1.0,000009_033_00000333#2,1.0,1.0,10.0,10.0,38.0
1.0,000009_033_00000333#3,1.0,1.0,10.0,10.0,38.0
1.0,000009_033_00000333#4,1.0,1.0,10.0,10.0,36.0
1.0,000009_033_00000333#6,1.0,1.0,10.0,10.0,51.0
1.0,000012_008_00000163#3,1.0,1.0,10.0,10.0,67.0
1.0,000012_008_00000163#4,1.0,1.0,10.0,10.0,55.0
1.0,000012_008_00000163#5,1.0,1.0,10.0,10.0,48.0
1.0,000012_008_00000163#6,1.0,1.0,10.0,10.0,60.0
1.0,000012_008_00000163#8,1.0,1.0,10.0,10.0,74.0
1.0,000012_008_00000163#10,1.0,1.0,10.0,10.0,17.0
1.0,000012_008_00000163#11,1.0,1.0,10.0,10.0,26.0
1.0,000012_008_00000163#12,1.0,1.0,10.0,10.0,27.0
1.0,000012_008_00000163#13,1.0,1.0,10.0,10.0,15.0
1.0,000012_008_00000163#14,1.0,1.0,10.0,10.0,11.0
1.0,000012_009_00000244#1,1.0,1.0,10.0,10.0,71.0
1.0,000012_009_00000244#3,1.0,1.0,10.0,10.0,68.0
1.0,000012_009_00000244#4,1.0,1.0,10.0,10.0,40.0
1.0,000012_009_00000244#5,1.0,1.0,10.0,10.0,45.0
1.0,000012_009_00000244#6,1.0,1.0,10.0,10.0,21.0
1.0,000012_009_00000244#7,1.0,1.0,10.0,10.0,13.0
1.0,000012_009_00000244#8,1.0,1.0,10.0,10.0,12.0
1.0,000012_009_00000244#9,1.0,1.0,10.0,10.0,14.0
1.0,000012_009_00000244#10,1.0,1.0,10.0,10.0,34.0
1.0,000012_009_00000244#11,1.0,1.0,10.0,10.0,18.0
1.0,000012_009_00000244#12,1.0,1.0,10.0,10.0,18.0
1.0,000012_009_00000244#13,1.0,1.0,10.0,10.0,19.0
1.0,000012_009_00000244#14,1.0,1.0,8.0,10.0,8.0
1.0,000012_009_00000325#3,1.0,1.0,10.0,10.0,82.0
1.0,000012_009_00000325#4,1.0,1.0,10.0,10.0,36.0
1.0,000012_009_00000325#5,1.0,1.0,10.0,10.0,43.0
1.0,000012_009_00000325#6,1.0,1.0,10.0,10.0,28.0
1.0,000012_009_00000325#7,1.0,1.0,10.0,10.0,17.0
1.0,000012_009_00000325#8,1.0,1.0,10.0,10.0,16.0
1.0,000012_009_00000325#9,1.0,1.0,8.0,10.0,8.0
1.0,000012_009_00000325#11,1.0,1.0,10.0,10.0,28.0
1.0,000012_009_00000325#12,1.0,1.0,10.0,10.0,15.0
1.0,000012_009_00000325#14,1.0,1.0,10.0,10.0,22.0
1.0,000012_009_00000325#15,1.0,1.0,4.0,10.0,19.0
1.0,000012_009_00000325#16,1.0,1.0,10.0,10.0,35.0
1.0,000012_014_00000184#0,1.0,1.0,10.0,10.0,33.0
1.0,000012_014_00000184#1,1.0,1.0,10.0,10.0,55.0
1.0,000012_014_00000184#3,1.0,1.0,10.0,10.0,26.0
1.0,000012_019_00000151#1,1.0,1.0,10.0,10.0,59.0
1.0,000012_019_00000151#2,1.0,1.0,10.0,10.0,14.0
1.0,000012_019_00000151#4,1.0,1.0,10.0,10.0,21.0
1.0,000012_019_00000151#5,1.0,1.0,10.0,10.0,14.0
1.0,000012_022_00000090#0,1.0,1.0,10.0,10.0,64.0
1.0,000012_022_00000090#1,1.0,1.0,10.0,10.0,23.0
1.0,000012_025_00000313#1,1.0,1.0,10.0,10.0,11.0
1.0,000012_025_00000313#2,1.0,1.0,10.0,10.0,11.0
1.0,000012_025_00000313#3,1.0,1.0,10.0,10.0,13.0
1.0,000012_025_00000313#4,1.0,1.0,7.0,10.0,7.0
1.0,000012_025_00000313#5,1.0,1.0,10.0,10.0,13.0
1.0,000012_025_00000313#6,1.0,1.0,8.0,10.0,8.0
1.0,000012_028_00000250#0,1.0,1.0,10.0,10.0,64.0
1.0,000012_028_00000250#1,1.0,1.0,10.0,10.0,56.0
1.0,000013_001_00000001#1,1.0,1.0,10.0,10.0,33.0
1.0,000013_001_00000001#2,1.0,1.0,10.0,10.0,34.0
1.0,000013_001_00000001#3,1.0,1.0,10.0,10.0,31.0
1.0,000013_002_00000281#1,1.0,1.0,10.0,10.0,31.0
1.0,000013_002_00000281#2,1.0,1.0,10.0,10.0,36.0
1.0,000013_002_00000281#3,1.0,1.0,10.0,10.0,20.0
1.0,000013_023_00000075#1,1.0,1.0,10.0,10.0,56.0
1.0,000013_023_00000075#2,1.0,1.0,10.0,10.0,68.0
1.0,000013_025_00000285#0,1.0,1.0,10.0,10.0,15.0
1.0,000013_025_00000285#1,1.0,1.0,10.0,10.0,56.0
1.0,000013_025_00000285#2,1.0,1.0,10.0,10.0,20.0
1.0,000013_030_00000063#0,1.0,1.0,10.0,10.0,21.0
1.0,000013_030_00000063#1,1.0,1.0,10.0,10.0,68.0
1.0,000013_039_00000063#0,1.0,1.0,10.0,10.0,41.0
1.0,000013_039_00000063#1,1.0,1.0,10.0,10.0,32.0
1.0,000013_039_00000063#3,1.0,1.0,10.0,10.0,26.0
1.0,000013_039_00000063#5,1.0,1.0,8.0,10.0,8.0
1.0,000013_040_suppl_00000167#0,1.0,1.0,10.0,10.0,79.0
1.0,000013_040_suppl_00000333#1,1.0,1.0,10.0,10.0,50.0
1.0,000013_040_suppl_00000333#3,1.0,1.0,10.0,10.0,80.0
1.0,000013_040_suppl_00000333#4,1.0,1.0,8.0,10.0,8.0
1.0,000013_044_00000001#0,1.0,1.0,10.0,10.0,24.0
1.0,000013_044_00000001#1,1.0,1.0,8.0,10.0,31.0
1.0,000013_044_00000001#2,1.0,1.0,8.0,10.0,72.0
1.0,000013_044_00000001#4,1.0,1.0,5.0,10.0,38.0
1.0,000013_044_00000001#5,1.0,1.0,2.0,10.0,72.0
1.0,000013_044_00000001#7,1.0,1.0,10.0,10.0,62.0
1.0,000013_048_00000001#0,1.0,1.0,10.0,10.0,46.0
1.0,000013_048_00000001#1,1.0,1.0,6.0,10.0,60.0
1.0,000013_048_00000001#3,0.0,1.0,0.0,10.0,49.0
1.0,000013_048_00000001#4,1.0,1.0,4.0,10.0,69.0
1.0,000013_056_00000281#2,1.0,1.0,10.0,10.0,49.0
1.0,000013_056_00000281#3,1.0,1.0,10.0,10.0,16.0
1.0,000013_056_00000281#4,1.0,1.0,10.0,10.0,21.0
1.0,000013_056_00000281#6,1.0,1.0,10.0,10.0,11.0
1.0,000013_056_00000281#7,1.0,1.0,10.0,10.0,12.0
1.0,000013_056_00000281#8,1.0,1.0,10.0,10.0,64.0
1.0,000013_056_00000281#9,1.0,1.0,10.0,10.0,43.0
1.0,000013_056_00000281#10,1.0,1.0,10.0,10.0,32.0
1.0,000014_012_00000217#1,1.0,1.0,10.0,10.0,41.0
1.0,000014_012_00000217#2,1.0,1.0,10.0,10.0,48.0
1.0,000014_050_00000273#3,1.0,1.0,10.0,10.0,47.0
1.0,000014_050_00000273#4,1.0,1.0,10.0,10.0,57.0
1.0,000014_050_00000273#5,1.0,1.0,10.0,10.0,26.0
1.0,000014_051_suppl_00000341#2,1.0,1.0,10.0,10.0,15.0
1.0,000014_052_00000131#2,1.0,1.0,10.0,10.0,22.0
1.0,000014_052_00000131#3,1.0,1.0,10.0,10.0,13.0
1.0,000015_004_00000268#0,1.0,1.0,10.0,10.0,27.0
1.0,000015_004_suppl_00000223#2,1.0,1.0,10.0,10.0,36.0
1.0,000016_043_suppl_00000292#1,1.0,1.0,10.0,10.0,21.0
1.0,000016_043_suppl_00000292#2,1.0,1.0,10.0,10.0,56.0
1.0,000016_043_suppl_00000292#4,1.0,1.0,10.0,10.0,30.0
1.0,000016_043_suppl_00000292#5,1.0,1.0,10.0,10.0,25.0
1.0,000016_043_suppl_00000292#6,1.0,1.0,10.0,10.0,45.0
1.0,000016_043_suppl_00000292#8,1.0,1.0,10.0,10.0,26.0
1.0,000016_043_suppl_00000292#9,1.0,1.0,10.0,10.0,32.0
1.0,000016_043_suppl_00000292#10,1.0,1.0,10.0,10.0,19.0
1.0,000016_043_suppl_00000292#11,1.0,1.0,10.0,10.0,27.0
1.0,000016_043_suppl_00000292#12,1.0,1.0,10.0,10.0,32.0
1.0,000016_043_suppl_00000292#14,1.0,1.0,10.0,10.0,70.0
1.0,000016_043_suppl_00000292#17,1.0,1.0,10.0,10.0,47.0
1.0,000016_043_suppl_00000292#20,1.0,1.0,10.0,10.0,23.0
1.0,000016_044_00000085#0,1.0,1.0,10.0,10.0,83.0
1.0,000016_044_00000085#1,1.0,1.0,10.0,10.0,62.0
1.0,000016_044_00000085#3,1.0,1.0,10.0,10.0,17.0
1.0,000016_044_00000085#4,1.0,1.0,10.0,10.0,65.0
1.0,000016_044_00000085#7,1.0,1.0,10.0,10.0,67.0
1.0,000016_044_00000085#10,1.0,1.0,10.0,10.0,78.0
1.0,000016_044_00000169#1,1.0,1.0,10.0,10.0,37.0
1.0,000016_044_00000169#2,1.0,1.0,10.0,10.0,36.0
1.0,000016_044_00000169#3,1.0,1.0,10.0,10.0,16.0
1.0,000016_044_00000169#5,1.0,1.0,10.0,10.0,15.0
1.0,000016_044_00000169#6,1.0,1.0,10.0,10.0,59.0
1.0,000016_044_00000169#8,1.0,1.0,10.0,10.0,88.0
1.0,000016_044_00000169#16,1.0,1.0,10.0,10.0,73.0
1.0,000016_044_00000169#17,1.0,1.0,10.0,10.0,65.0
1.0,000017_011_00000297#3,1.0,1.0,10.0,10.0,12.0
1.0,000017_011_00000297#5,1.0,1.0,10.0,10.0,68.0
1.0,000017_011_00000297#9,1.0,1.0,10.0,10.0,26.0
1.0,000017_011_00000297#10,1.0,1.0,10.0,10.0,86.0
1.0,000017_011_00000297#11,1.0,1.0,10.0,10.0,59.0
1.0,000017_011_00000297#13,1.0,1.0,10.0,10.0,43.0
1.0,000017_012_00000135#2,1.0,1.0,10.0,10.0,36.0
1.0,000017_020_00000214#0,1.0,1.0,10.0,10.0,21.0
1.0,000017_020_00000214#2,1.0,1.0,10.0,10.0,27.0
1.0,000017_020_suppl_00000356#0,1.0,1.0,10.0,10.0,20.0
1.0,000017_020_suppl_00000356#2,1.0,1.0,10.0,10.0,20.0
1.0,000018_006_00000063#0,1.0,1.0,10.0,10.0,66.0
1.0,000019_030_00000072#1,1.0,1.0,10.0,10.0,23.0
1.0,000019_030_00000072#2,1.0,1.0,10.0,10.0,72.0
1.0,000019_030_00000072#3,1.0,1.0,10.0,10.0,54.0
1.0,000019_030_00000072#4,1.0,1.0,10.0,10.0,21.0
1.0,000019_030_00000072#5,1.0,1.0,10.0,10.0,10.0
1.0,000019_038_00000205#2,1.0,1.0,10.0,10.0,20.0
1.0,000019_038_00000205#3,1.0,1.0,10.0,10.0,25.0
1.0,000019_038_00000205#4,1.0,1.0,10.0,10.0,21.0
1.0,000019_038_00000205#5,1.0,1.0,10.0,10.0,36.0
1.0,000019_038_00000205#6,1.0,1.0,10.0,10.0,84.0
1.0,000019_038_00000205#7,1.0,1.0,10.0,10.0,70.0
1.0,000019_038_00000205#8,1.0,1.0,10.0,10.0,82.0
1.0,000019_041_00000141#2,1.0,1.0,10.0,10.0,24.0
1.0,000019_045_00000145#4,1.0,1.0,10.0,10.0,46.0
1.0,000019_045_00000145#5,1.0,1.0,10.0,10.0,42.0
1.0,000019_045_00000145#7,1.0,1.0,3.0,10.0,67.0
1.0,000020_010_00000089#1,1.0,1.0,10.0,10.0,60.0
1.0,000020_010_00000089#5,1.0,1.0,9.0,10.0,9.0
1.0,000020_010_00000089#6,1.0,1.0,10.0,10.0,20.0
1.0,000020_010_00000089#7,1.0,1.0,4.0,10.0,8.0
1.0,000020_014_00000193#2,1.0,1.0,10.0,10.0,63.0
1.0,000020_014_00000193#3,1.0,1.0,10.0,10.0,76.0
1.0,000020_014_00000193#5,1.0,1.0,10.0,10.0,54.0
1.0,000020_014_00000193#6,1.0,1.0,10.0,10.0,77.0
1.0,000020_018_00000093#0,1.0,1.0,10.0,10.0,16.0
1.0,000020_018_00000093#1,1.0,1.0,10.0,10.0,24.0
1.0,000020_018_00000093#2,1.0,1.0,10.0,10.0,81.0
1.0,000020_018_00000093#3,1.0,1.0,10.0,10.0,42.0
1.0,000021_020_00000131#2,1.0,1.0,10.0,10.0,76.0
1.0,000023_005_00000070#1,1.0,1.0,10.0,10.0,32.0
1.0,000023_005_00000070#2,1.0,1.0,10.0,10.0,87.0
1.0,000023_005_00000070#3,1.0,1.0,10.0,10.0,63.0
1.0,000023_005_00000070#4,1.0,1.0,10.0,10.0,63.0
1.0,000023_005_00000070#5,1.0,1.0,10.0,10.0,18.0
1.0,000023_005_00000070#6,1.0,1.0,10.0,10.0,23.0
1.0,000031#0,1.0,1.0,10.0,10.0,53.0
1.0,000031#1,1.0,1.0,10.0,10.0,15.0
1.0,000031#2,1.0,1.0,8.0,10.0,8.0
1.0,000031#3,1.0,1.0,10.0,10.0,15.0
1.0,000031#6,1.0,1.0,10.0,10.0,24.0
1.0,000031#8,1.0,1.0,10.0,10.0,53.0
1.0,000031#10,1.0,1.0,10.0,10.0,16.0
1.0,000031#11,1.0,1.0,10.0,10.0,21.0
1.0,000066#0,1.0,1.0,10.0,10.0,31.0
1.0,000066#1,1.0,1.0,10.0,10.0,15.0
1.0,000066#2,1.0,1.0,9.0,10.0,61.0
1.0,000066#3,1.0,1.0,10.0,10.0,39.0
1.0,000070#0,1.0,1.0,10.0,10.0,28.0
1.0,000070#1,1.0,1.0,10.0,10.0,18.0
1.0,000070#2,1.0,1.0,8.0,10.0,52.0
1.0,000070#3,1.0,1.0,10.0,10.0,67.0
1.0,000173#1,1.0,1.0,10.0,10.0,27.0
1.0,000303#2,1.0,1.0,10.0,10.0,67.0
1.0,000303#6,1.0,1.0,10.0,10.0,30.0
1.0,000303#7,1.0,1.0,10.0,10.0,16.0
1.0,000328#1,1.0,1.0,10.0,10.0,58.0
1.0,000328#3,1.0,1.0,10.0,10.0,65.0
1.0,000415#1,1.0,1.0,10.0,10.0,14.0
1.0,000415#2,1.0,1.0,8.0,10.0,9.0
1.0,000415#4,1.0,1.0,10.0,10.0,22.0
1.0,000415#5,1.0,1.0,10.0,10.0,24.0
1.0,000415#6,1.0,1.0,10.0,10.0,12.0
1.0,000415#8,1.0,1.0,10.0,10.0,10.0
1.0,000415#10,1.0,1.0,10.0,10.0,13.0
1.0,000415#11,1.0,1.0,10.0,10.0,12.0
1.0,000415#13,1.0,1.0,10.0,10.0,21.0
1.0,000415#14,1.0,1.0,10.0,10.0,13.0
1.0,000415#15,1.0,1.0,10.0,10.0,17.0
1.0,000415#16,1.0,1.0,8.0,10.0,8.0
1.0,000415#17,1.0,1.0,10.0,10.0,10.0
1.0,000415#19,1.0,1.0,10.0,10.0,37.0
1.0,000433#7,1.0,1.0,10.0,10.0,57.0
1.0,000437#0,1.0,1.0,10.0,10.0,67.0
1.0,000437#1,1.0,1.0,10.0,10.0,75.0
1.0,000437#2,1.0,1.0,10.0,10.0,26.0
1.0,000437#5,1.0,1.0,10.0,10.0,48.0
1.0,000484#2,1.0,1.0,10.0,10.0,37.0
1.0,000484#3,1.0,1.0,10.0,10.0,55.0
1.0,000500#0,1.0,1.0,10.0,10.0,14.0
1.0,000500#1,1.0,1.0,9.0,10.0,9.0
1.0,000500#2,1.0,1.0,10.0,10.0,15.0
1.0,000525#0,1.0,1.0,10.0,10.0,14.0
1.0,000525#1,1.0,1.0,10.0,10.0,30.0
1.0,000525#2,1.0,1.0,10.0,10.0,35.0
1.0,000561#0,1.0,1.0,10.0,10.0,70.0
1.0,000561#3,1.0,1.0,10.0,10.0,63.0
1.0,000561#4,1.0,1.0,10.0,10.0,38.0
1.0,000597#2,1.0,1.0,10.0,10.0,62.0
1.0,000597#3,1.0,1.0,10.0,10.0,29.0
1.0,000630#0,1.0,1.0,10.0,10.0,14.0
1.0,000680#5,1.0,1.0,10.0,10.0,69.0
1.0,000707#1,1.0,1.0,10.0,10.0,13.0
1.0,000707#2,1.0,1.0,10.0,10.0,18.0
1.0,000707#3,1.0,1.0,9.0,10.0,9.0
1.0,000707#4,1.0,1.0,10.0,10.0,25.0
1.0,000707#5,1.0,1.0,10.0,10.0,20.0
1.0,000735#1,1.0,1.0,10.0,10.0,11.0
1.0,000738#0,1.0,1.0,10.0,10.0,26.0
1.0,000738#2,1.0,1.0,8.0,10.0,9.0
1.0,000738#3,1.0,1.0,10.0,10.0,36.0
1.0,000756#4,1.0,1.0,10.0,10.0,34.0
1.0,000759#2,1.0,1.0,10.0,10.0,34.0
1.0,000780#0,1.0,1.0,10.0,10.0,22.0
1.0,000780#3,1.0,1.0,10.0,10.0,90.0
1.0,000783#0,1.0,1.0,10.0,10.0,45.0
1.0,000783#1,1.0,1.0,10.0,10.0,42.0
1.0,000783#3,1.0,1.0,10.0,10.0,38.0
1.0,000783#4,1.0,1.0,10.0,10.0,26.0
1.0,000808#1,1.0,1.0,10.0,10.0,21.0
1.0,000820#2,1.0,1.0,10.0,10.0,58.0
1.0,000820#3,1.0,1.0,10.0,10.0,45.0
1.0,000820#4,1.0,1.0,10.0,10.0,25.0
1.0,000820#5,1.0,1.0,10.0,10.0,27.0
1.0,000820#7,1.0,1.0,8.0,10.0,8.0
1.0,000889#5,1.0,1.0,10.0,10.0,84.0
1.0,000889#6,1.0,1.0,10.0,10.0,40.0
1.0,000889#7,1.0,1.0,10.0,10.0,14.0
1.0,000889#8,1.0,1.0,10.0,10.0,15.0
1.0,000889#9,1.0,1.0,10.0,10.0,22.0
1.0,000889#13,1.0,1.0,10.0,10.0,24.0
1.0,000889#14,1.0,1.0,10.0,10.0,69.0
1.0,000943#0,1.0,1.0,10.0,10.0,16.0
1.0,000943#1,1.0,1.0,10.0,10.0,14.0
1.0,000943#2,1.0,1.0,10.0,10.0,64.0
1.0,000943#3,1.0,1.0,7.0,10.0,7.0
1.0,000943#4,1.0,1.0,6.0,10.0,7.0
1.0,000943#6,1.0,1.0,7.0,10.0,18.0
1.0,000943#7,1.0,1.0,10.0,10.0,23.0
1.0,000952#0,1.0,1.0,10.0,10.0,22.0
1.0,001033#1,1.0,1.0,10.0,10.0,15.0
1.0,001033#2,1.0,1.0,10.0,10.0,31.0
1.0,001033#3,1.0,1.0,10.0,10.0,41.0
1.0,001033#9,1.0,1.0,10.0,10.0,25.0
1.0,001033#10,1.0,1.0,10.0,10.0,21.0
1.0,001035#0,1.0,1.0,10.0,10.0,19.0
1.0,001035#1,1.0,1.0,10.0,10.0,53.0
1.0,001035#2,1.0,1.0,10.0,10.0,76.0
1.0,001035#7,1.0,1.0,10.0,10.0,40.0
1.0,001035#9,1.0,1.0,10.0,10.0,22.0
1.0,001035#10,1.0,1.0,10.0,10.0,63.0
1.0,001114#5,1.0,1.0,10.0,10.0,47.0
1.0,001114#6,1.0,1.0,10.0,10.0,40.0
1.0,001114#7,1.0,1.0,10.0,10.0,12.0
1.0,001114#8,1.0,1.0,10.0,10.0,26.0
1.0,001114#10,1.0,1.0,10.0,10.0,17.0
1.0,001123#0,1.0,1.0,10.0,10.0,31.0
1.0,001123#1,1.0,1.0,10.0,10.0,76.0
1.0,001123#2,1.0,1.0,10.0,10.0,77.0
1.0,001123#4,1.0,1.0,10.0,10.0,64.0
1.0,001123#5,1.0,1.0,10.0,10.0,42.0
1.0,001123#6,1.0,1.0,10.0,10.0,79.0
1.0,001123#7,1.0,1.0,10.0,10.0,86.0
1.0,001123#8,1.0,1.0,10.0,10.0,36.0
1.0,001123#9,1.0,1.0,10.0,10.0,56.0
1.0,001123#10,1.0,1.0,10.0,10.0,62.0
1.0,001123#11,1.0,1.0,10.0,10.0,66.0
1.0,001123#12,1.0,1.0,10.0,10.0,79.0
1.0,001123#13,1.0,1.0,10.0,10.0,31.0
1.0,001123#18,1.0,1.0,9.0,10.0,9.0
1.0,001123#19,1.0,1.0,8.0,10.0,10.0
1.0,001123#20,1.0,1.0,10.0,10.0,49.0
1.0,001123#21,1.0,1.0,10.0,10.0,32.0
1.0,001123#22,1.0,1.0,10.0,10.0,33.0
1.0,001135#4,1.0,1.0,10.0,10.0,64.0
1.0,001135#6,1.0,1.0,10.0,10.0,72.0
1.0,001135#7,1.0,1.0,7.0,10.0,14.0
1.0,001157#4,1.0,1.0,10.0,10.0,14.0
1.0,001157#5,1.0,1.0,10.0,10.0,30.0
1.0,001157#8,1.0,1.0,10.0,10.0,77.0
1.0,001157#9,1.0,1.0,10.0,10.0,68.0
1.0,001202#3,1.0,1.0,10.0,10.0,72.0
1.0,001202#4,1.0,1.0,10.0,10.0,78.0
1.0,001202#8,1.0,1.0,10.0,10.0,23.0
1.0,001202#10,1.0,1.0,10.0,10.0,56.0
1.0,001202#11,1.0,1.0,10.0,10.0,57.0
1.0,001202#12,1.0,1.0,10.0,10.0,42.0
1.0,001257#0,1.0,1.0,10.0,10.0,46.0
1.0,001257#3,1.0,1.0,10.0,10.0,69.0
1.0,001257#6,1.0,1.0,10.0,10.0,27.0
1.0,001257#9,1.0,1.0,10.0,10.0,27.0
1.0,001257#10,1.0,1.0,10.0,10.0,46.0
1.0,001257#11,1.0,1.0,10.0,10.0,31.0
1.0,001276#3,1.0,1.0,10.0,10.0,58.0
1.0,001276#7,1.0,1.0,10.0,10.0,30.0
1.0,001276#9,1.0,1.0,10.0,10.0,54.0
1.0,001276#10,1.0,1.0,10.0,10.0,27.0
1.0,001276#11,1.0,1.0,10.0,10.0,31.0
1.0,001276#12,1.0,1.0,10.0,10.0,25.0
1.0,001276#13,1.0,1.0,10.0,10.0,35.0
1.0,001276#14,1.0,1.0,10.0,10.0,50.0
1.0,001276#15,1.0,1.0,10.0,10.0,25.0
1.0,001295#0,1.0,1.0,10.0,10.0,30.0
1.0,001295#1,1.0,1.0,10.0,10.0,52.0
1.0,001295#3,1.0,1.0,10.0,10.0,10.0
1.0,001295#10,1.0,1.0,10.0,10.0,55.0
1.0,001295#11,1.0,1.0,10.0,10.0,24.0
1.0,001295#12,1.0,1.0,10.0,10.0,17.0
1.0,001295#13,1.0,1.0,9.0,10.0,28.0
1.0,001295#14,1.0,1.0,10.0,10.0,36.0
1.0,001295#15,1.0,1.0,10.0,10.0,24.0
1.0,001295#17,1.0,1.0,10.0,10.0,19.0
1.0,001295#18,1.0,1.0,10.0,10.0,15.0
1.0,001295#19,1.0,1.0,10.0,10.0,17.0
1.0,001295#20,1.0,1.0,10.0,10.0,16.0
1.0,001295#21,1.0,1.0,10.0,10.0,22.0
1.0,001295#22,1.0,1.0,10.0,10.0,26.0
1.0,001295#24,1.0,1.0,10.0,10.0,26.0
1.0,001295#26,1.0,1.0,9.0,10.0,9.0
1.0,001409#0,1.0,1.0,10.0,10.0,39.0
1.0,001409#1,1.0,1.0,10.0,10.0,43.0
1.0,001415#0,1.0,1.0,10.0,10.0,42.0
1.0,001415#1,1.0,1.0,10.0,10.0,44.0
1.0,001415#2,1.0,1.0,10.0,10.0,41.0
1.0,001415#3,1.0,1.0,10.0,10.0,53.0
1.0,001443#3,1.0,1.0,10.0,10.0,53.0
1.0,001443#4,1.0,1.0,10.0,10.0,73.0
1.0,001443#6,1.0,1.0,9.0,10.0,66.0
1.0,001443#7,1.0,1.0,10.0,10.0,67.0
1.0,001443#9,1.0,1.0,10.0,10.0,27.0
1.0,001443#10,1.0,1.0,10.0,10.0,46.0
1.0,001461#2,1.0,1.0,10.0,10.0,28.0
1.0,001461#3,1.0,1.0,10.0,10.0,42.0
1.0,001461#4,1.0,1.0,10.0,10.0,64.0
1.0,001461#5,1.0,1.0,10.0,10.0,36.0
1.0,001531#1,1.0,1.0,10.0,10.0,16.0
1.0,001531#2,1.0,1.0,10.0,10.0,11.0
1.0,001531#6,1.0,1.0,10.0,10.0,28.0
1.0,001531#8,1.0,1.0,10.0,10.0,11.0
1.0,001531#10,1.0,1.0,10.0,10.0,43.0
1.0,001558#4,1.0,1.0,10.0,10.0,31.0
1.0,001683#1,1.0,1.0,10.0,10.0,83.0
1.0,001683#6,1.0,1.0,10.0,10.0,36.0
1.0,001683#7,1.0,1.0,10.0,10.0,46.0
1.0,001683#8,1.0,1.0,10.0,10.0,50.0
1.0,001694#1,1.0,1.0,10.0,10.0,28.0
1.0,001694#2,1.0,1.0,10.0,10.0,64.0
1.0,001694#7,1.0,1.0,10.0,10.0,62.0
1.0,001694#8,1.0,1.0,10.0,10.0,36.0
1.0,001694#9,1.0,1.0,10.0,10.0,50.0
1.0,001694#10,1.0,1.0,10.0,10.0,27.0
1.0,001694#11,1.0,1.0,10.0,10.0,28.0
1.0,001694#12,1.0,1.0,10.0,10.0,22.0
1.0,001694#13,1.0,1.0,10.0,10.0,27.0
1.0,001694#14,1.0,1.0,10.0,10.0,31.0
1.0,001707#1,1.0,1.0,10.0,10.0,22.0
1.0,001707#2,1.0,1.0,10.0,10.0,68.0
1.0,001707#7,1.0,1.0,10.0,10.0,62.0
1.0,001707#8,1.0,1.0,10.0,10.0,36.0
1.0,001707#9,1.0,1.0,10.0,10.0,31.0
1.0,001707#10,1.0,1.0,10.0,10.0,34.0
1.0,001707#11,1.0,1.0,10.0,10.0,57.0
1.0,001707#12,1.0,1.0,10.0,10.0,19.0
1.0,001712#1,1.0,1.0,10.0,10.0,72.0
1.0,001712#6,1.0,1.0,10.0,10.0,58.0
1.0,001712#7,1.0,1.0,10.0,10.0,16.0
1.0,001712#8,1.0,1.0,10.0,10.0,36.0
1.0,001712#9,1.0,1.0,10.0,10.0,55.0
1.0,001712#10,1.0,1.0,10.0,10.0,25.0
1.0,001712#11,1.0,1.0,10.0,10.0,23.0
1.0,001712#12,1.0,1.0,10.0,10.0,27.0
1.0,001724#1,1.0,1.0,10.0,10.0,11.0
1.0,001724#3,1.0,1.0,10.0,10.0,56.0
1.0,001724#7,1.0,1.0,10.0,10.0,84.0
1.0,001724#8,1.0,1.0,10.0,10.0,34.0
1.0,001724#9,1.0,1.0,10.0,10.0,30.0
1.0,001724#10,1.0,1.0,10.0,10.0,27.0
1.0,001724#11,1.0,1.0,10.0,10.0,34.0
1.0,001724#12,1.0,1.0,10.0,10.0,38.0
1.0,001737#3,1.0,1.0,10.0,10.0,54.0
1.0,001737#7,1.0,1.0,10.0,10.0,76.0
1.0,001737#8,1.0,1.0,8.0,10.0,8.0
1.0,001737#9,1.0,1.0,10.0,10.0,15.0
1.0,001737#10,1.0,1.0,10.0,10.0,36.0
1.0,001737#11,1.0,1.0,10.0,10.0,30.0
1.0,001737#12,1.0,1.0,10.0,10.0,38.0
1.0,001737#13,1.0,1.0,10.0,10.0,30.0
1.0,001742#0,1.0,1.0,10.0,10.0,41.0
1.0,001763#0,1.0,1.0,10.0,10.0,25.0
1.0,001785#0,1.0,1.0,10.0,10.0,50.0
1.0,001785#1,1.0,1.0,10.0,10.0,51.0
1.0,001785#2,1.0,1.0,10.0,10.0,80.0
1.0,001851#0,1.0,1.0,10.0,10.0,48.0
1.0,001851#8,1.0,1.0,10.0,10.0,25.0
1.0,001851#9,1.0,1.0,10.0,10.0,27.0
1.0,001851#10,1.0,1.0,10.0,10.0,31.0
1.0,001851#11,1.0,1.0,10.0,10.0,25.0
1.0,001851#12,1.0,1.0,10.0,10.0,27.0
1.0,001851#13,1.0,1.0,10.0,10.0,50.0
1.0,001851#14,1.0,1.0,10.0,10.0,27.0
1.0,001862#0,1.0,1.0,10.0,10.0,48.0
1.0,001862#8,1.0,1.0,10.0,10.0,21.0
1.0,001862#9,1.0,1.0,10.0,10.0,27.0
1.0,001862#10,1.0,1.0,10.0,10.0,54.0
1.0,001862#11,1.0,1.0,10.0,10.0,21.0
1.0,001862#12,1.0,1.0,10.0,10.0,20.0
1.0,001862#13,1.0,1.0,10.0,10.0,32.0
1.0,001862#14,1.0,1.0,10.0,10.0,29.0
1.0,001862#15,1.0,1.0,10.0,10.0,37.0
1.0,001873#0,1.0,1.0,10.0,10.0,48.0
1.0,001873#4,1.0,1.0,10.0,10.0,73.0
1.0,001873#8,1.0,1.0,10.0,10.0,26.0
1.0,001873#9,1.0,1.0,10.0,10.0,50.0
1.0,001873#10,1.0,1.0,10.0,10.0,14.0
1.0,001873#11,1.0,1.0,10.0,10.0,27.0
1.0,001873#12,1.0,1.0,10.0,10.0,26.0
1.0,001873#13,1.0,1.0,10.0,10.0,27.0
1.0,001881#0,1.0,1.0,10.0,10.0,48.0
1.0,001881#4,1.0,1.0,10.0,10.0,73.0
1.0,001881#8,1.0,1.0,10.0,10.0,25.0
1.0,001881#9,1.0,1.0,10.0,10.0,54.0
1.0,001881#10,1.0,1.0,10.0,10.0,22.0
1.0,001884#0,1.0,1.0,10.0,10.0,52.0
1.0,001884#4,1.0,1.0,10.0,10.0,73.0
1.0,001884#8,1.0,1.0,10.0,10.0,21.0
1.0,001884#9,1.0,1.0,10.0,10.0,57.0
1.0,001884#10,1.0,1.0,10.0,10.0,25.0
1.0,001884#11,1.0,1.0,10.0,10.0,23.0
1.0,001884#12,1.0,1.0,10.0,10.0,20.0
1.0,001884#13,1.0,1.0,10.0,10.0,17.0
1.0,001884#14,1.0,1.0,10.0,10.0,27.0
1.0,001898#0,1.0,1.0,10.0,10.0,52.0
1.0,001898#4,1.0,1.0,10.0,10.0,74.0
1.0,001898#7,1.0,1.0,10.0,10.0,22.0
1.0,001898#8,1.0,1.0,10.0,10.0,20.0
1.0,001898#9,1.0,1.0,10.0,10.0,21.0
1.0,001898#10,1.0,1.0,10.0,10.0,24.0
1.0,001898#11,1.0,1.0,10.0,10.0,36.0
1.0,001898#12,1.0,1.0,10.0,10.0,55.0
1.0,001898#13,1.0,1.0,10.0,10.0,27.0
1.0,001898#14,1.0,1.0,10.0,10.0,24.0
1.0,001970#1,1.0,1.0,10.0,10.0,73.0
1.0,001970#3,1.0,1.0,10.0,10.0,36.0
1.0,001970#7,1.0,1.0,10.0,10.0,65.0
1.0,001970#8,1.0,1.0,10.0,10.0,26.0
1.0,001970#9,1.0,1.0,10.0,10.0,41.0
1.0,001970#10,1.0,1.0,10.0,10.0,27.0
1.0,002048#2,1.0,1.0,10.0,10.0,68.0
1.0,002048#3,1.0,1.0,10.0,10.0,53.0
1.0,002048#4,1.0,1.0,10.0,10.0,76.0
1.0,002048#7,1.0,1.0,10.0,10.0,37.0
1.0,002048#8,1.0,1.0,10.0,10.0,19.0
1.0,002048#9,1.0,1.0,10.0,10.0,40.0
1.0,002048#10,1.0,1.0,10.0,10.0,41.0
1.0,002097#3,1.0,1.0,10.0,10.0,67.0
1.0,002097#4,1.0,1.0,10.0,10.0,75.0
1.0,002097#7,1.0,1.0,10.0,10.0,22.0
1.0,002097#8,1.0,1.0,10.0,10.0,29.0
1.0,002097#9,1.0,1.0,10.0,10.0,32.0
1.0,002097#10,1.0,1.0,10.0,10.0,32.0
1.0,002102#0,1.0,1.0,10.0,10.0,63.0
1.0,002102#1,1.0,1.0,10.0,10.0,67.0
1.0,002102#2,1.0,1.0,10.0,10.0,64.0
1.0,002102#3,1.0,1.0,10.0,10.0,55.0
1.0,002102#4,1.0,1.0,10.0,10.0,59.0
1.0,002102#5,1.0,1.0,10.0,10.0,40.0
1.0,002102#6,1.0,1.0,10.0,10.0,56.0
1.0,002102#7,1.0,1.0,10.0,10.0,56.0
1.0,002102#8,1.0,1.0,10.0,10.0,50.0
1.0,002156#0,1.0,1.0,10.0,10.0,40.0
1.0,002156#1,1.0,1.0,10.0,10.0,28.0
1.0,002156#2,1.0,1.0,10.0,10.0,38.0
1.0,002156#3,1.0,1.0,4.0,10.0,59.0
1.0,002156#4,1.0,1.0,10.0,10.0,81.0
1.0,002156#7,1.0,1.0,10.0,10.0,46.0
1.0,002156#8,1.0,1.0,10.0,10.0,34.0
1.0,002156#9,1.0,1.0,10.0,10.0,53.0
1.0,002207#0,1.0,1.0,9.0,10.0,11.0
1.0,002207#1,1.0,1.0,10.0,10.0,49.0
1.0,002235#3,1.0,1.0,10.0,10.0,36.0
1.0,002235#5,1.0,1.0,10.0,10.0,55.0
1.0,002235#6,1.0,1.0,4.0,10.0,17.0
1.0,002235#7,1.0,1.0,10.0,10.0,27.0
1.0,002235#10,1.0,1.0,10.0,10.0,10.0
1.0,002265#3,1.0,1.0,10.0,10.0,15.0
1.0,002265#4,1.0,1.0,10.0,10.0,13.0
1.0,002276#0,1.0,1.0,10.0,10.0,41.0
1.0,002276#1,1.0,1.0,10.0,10.0,18.0
1.0,002276#2,1.0,1.0,8.0,10.0,32.0
1.0,002276#3,1.0,1.0,10.0,10.0,53.0
1.0,002276#6,1.0,1.0,10.0,10.0,46.0
1.0,002331#2,1.0,1.0,10.0,10.0,49.0
1.0,002331#3,1.0,1.0,10.0,10.0,37.0
1.0,002331#4,1.0,1.0,10.0,10.0,75.0
1.0,002331#16,1.0,1.0,10.0,10.0,14.0
1.0,002331#18,1.0,1.0,10.0,10.0,21.0
1.0,002334#1,1.0,1.0,10.0,10.0,11.0
1.0,002334#8,1.0,1.0,10.0,10.0,56.0
1.0,002334#9,1.0,1.0,10.0,10.0,18.0
1.0,002338#0,1.0,1.0,10.0,10.0,62.0
1.0,002338#1,1.0,1.0,10.0,10.0,70.0
1.0,002338#4,1.0,1.0,10.0,10.0,73.0
1.0,002338#5,1.0,1.0,10.0,10.0,44.0
1.0,002357#0,1.0,1.0,10.0,10.0,23.0
1.0,002357#1,1.0,1.0,10.0,10.0,35.0
1.0,002357#2,1.0,1.0,10.0,10.0,72.0
1.0,002357#3,1.0,1.0,10.0,10.0,43.0
1.0,002359#0,1.0,1.0,10.0,10.0,29.0
1.0,002359#1,1.0,1.0,10.0,10.0,43.0
1.0,002359#2,1.0,1.0,10.0,10.0,45.0
1.0,002359#3,1.0,1.0,10.0,10.0,27.0
1.0,002378#0,1.0,1.0,10.0,10.0,34.0
1.0,002378#1,1.0,1.0,10.0,10.0,11.0
1.0,002378#3,1.0,1.0,10.0,10.0,66.0
1.0,002378#5,1.0,1.0,10.0,10.0,73.0
1.0,002378#6,1.0,1.0,10.0,10.0,19.0
1.0,002380#2,1.0,1.0,10.0,10.0,77.0
1.0,002380#3,1.0,1.0,10.0,10.0,55.0
1.0,002380#4,1.0,1.0,10.0,10.0,19.0
1.0,002380#5,1.0,1.0,8.0,10.0,8.0
1.0,002380#6,1.0,1.0,10.0,10.0,45.0
1.0,002380#7,1.0,1.0,10.0,10.0,14.0
1.0,002380#8,1.0,1.0,10.0,10.0,15.0
1.0,002380#9,1.0,1.0,10.0,10.0,25.0
1.0,002413#0,1.0,1.0,10.0,10.0,23.0
1.0,002517#1,1.0,1.0,10.0,10.0,48.0
1.0,002517#2,1.0,1.0,10.0,10.0,16.0
1.0,002517#4,1.0,1.0,7.0,10.0,23.0
1.0,002517#5,1.0,1.0,10.0,10.0,76.0
1.0,002584#4,1.0,1.0,9.0,10.0,11.0
1.0,002584#6,1.0,1.0,10.0,10.0,11.0
1.0,002625#6,1.0,1.0,10.0,10.0,17.0
1.0,002625#8,1.0,1.0,10.0,10.0,26.0
1.0,002625#10,1.0,1.0,10.0,10.0,27.0
1.0,002625#13,1.0,1.0,10.0,10.0,22.0
1.0,002625#14,1.0,1.0,10.0,10.0,73.0
1.0,002625#18,1.0,1.0,10.0,10.0,29.0
1.0,002625#19,1.0,1.0,10.0,10.0,13.0
1.0,002625#20,1.0,1.0,10.0,10.0,70.0
1.0,002625#21,1.0,1.0,10.0,10.0,82.0
1.0,002625#22,1.0,1.0,10.0,10.0,36.0
1.0,002625#23,1.0,1.0,10.0,10.0,34.0
1.0,002625#24,1.0,1.0,10.0,10.0,65.0
1.0,002625#25,1.0,1.0,10.0,10.0,11.0
1.0,002625#26,1.0,1.0,10.0,10.0,48.0
1.0,002625#27,1.0,1.0,3.0,10.0,25.0
1.0,002625#28,1.0,1.0,10.0,10.0,37.0
1.0,002625#29,1.0,1.0,10.0,10.0,63.0
1.0,002625#30,1.0,1.0,10.0,10.0,23.0
1.0,002625#31,1.0,1.0,10.0,10.0,34.0
1.0,002625#32,1.0,1.0,10.0,10.0,45.0
1.0,002625#33,1.0,1.0,10.0,10.0,12.0
1.0,002627#5,1.0,1.0,10.0,10.0,20.0
1.0,002627#7,1.0,1.0,10.0,10.0,17.0
1.0,002627#11,1.0,1.0,10.0,10.0,74.0
1.0,002627#12,1.0,1.0,10.0,10.0,32.0
1.0,002627#15,1.0,1.0,10.0,10.0,69.0
1.0,002627#17,1.0,1.0,10.0,10.0,73.0
1.0,002627#18,1.0,1.0,10.0,10.0,74.0
1.0,002627#19,1.0,1.0,10.0,10.0,18.0
1.0,002627#22,1.0,1.0,10.0,10.0,87.0
1.0,002627#23,1.0,1.0,10.0,10.0,71.0
1.0,002627#26,1.0,1.0,10.0,10.0,80.0
1.0,002627#27,1.0,1.0,10.0,10.0,81.0
1.0,002627#28,1.0,1.0,10.0,10.0,48.0
1.0,002627#30,1.0,1.0,10.0,10.0,39.0
1.0,002627#31,1.0,1.0,10.0,10.0,50.0
1.0,002627#32,1.0,1.0,10.0,10.0,55.0
1.0,002671#7,1.0,1.0,10.0,10.0,51.0
1.0,002671#9,1.0,1.0,10.0,10.0,25.0
1.0,002671#11,1.0,1.0,10.0,10.0,39.0
1.0,002671#12,1.0,1.0,10.0,10.0,63.0
1.0,002671#13,1.0,1.0,10.0,10.0,45.0
1.0,002671#14,1.0,1.0,10.0,10.0,30.0
1.0,002671#15,1.0,1.0,10.0,10.0,30.0
1.0,002671#16,1.0,1.0,10.0,10.0,18.0
1.0,002671#17,1.0,1.0,10.0,10.0,45.0
1.0,002671#18,1.0,1.0,10.0,10.0,18.0
1.0,002671#19,1.0,1.0,10.0,10.0,57.0
1.0,002671#20,1.0,1.0,10.0,10.0,46.0
1.0,002671#21,1.0,1.0,10.0,10.0,23.0
1.0,002671#22,1.0,1.0,10.0,10.0,23.0
1.0,002671#23,1.0,1.0,10.0,10.0,46.0
1.0,002671#24,1.0,1.0,10.0,10.0,59.0
1.0,002677#0,1.0,1.0,10.0,10.0,63.0
1.0,002677#1,1.0,1.0,10.0,10.0,40.0
1.0,002677#16,1.0,1.0,10.0,10.0,14.0
1.0,002677#17,1.0,1.0,10.0,10.0,24.0
1.0,002677#18,1.0,1.0,10.0,10.0,76.0
1.0,002707#11,1.0,1.0,10.0,10.0,22.0
1.0,002707#12,1.0,1.0,10.0,10.0,25.0
1.0,002707#13,1.0,1.0,10.0,10.0,62.0
1.0,002750#1,1.0,1.0,10.0,10.0,15.0
1.0,002750#4,1.0,1.0,10.0,10.0,42.0
1.0,002750#12,1.0,1.0,10.0,10.0,13.0
1.0,002750#13,1.0,1.0,9.0,10.0,12.0
1.0,002750#14,1.0,1.0,10.0,10.0,10.0
1.0,002750#16,1.0,1.0,8.0,10.0,8.0
1.0,002750#18,1.0,1.0,10.0,10.0,14.0
1.0,002750#19,1.0,1.0,10.0,10.0,22.0
1.0,002750#20,1.0,1.0,10.0,10.0,28.0
1.0,002750#21,1.0,1.0,10.0,10.0,28.0
1.0,002750#22,1.0,1.0,10.0,10.0,53.0
1.0,002750#23,1.0,1.0,10.0,10.0,25.0
1.0,002750#25,1.0,1.0,10.0,10.0,51.0
1.0,002762#1,1.0,1.0,10.0,10.0,17.0
1.0,002839#1,1.0,1.0,10.0,10.0,21.0
1.0,002839#2,1.0,1.0,10.0,10.0,25.0
1.0,002839#3,1.0,1.0,10.0,10.0,48.0
1.0,002839#4,1.0,1.0,10.0,10.0,31.0
1.0,002842#3,1.0,1.0,10.0,10.0,25.0
1.0,002842#4,1.0,1.0,10.0,10.0,21.0
1.0,002844#1,1.0,1.0,10.0,10.0,42.0
1.0,002844#2,1.0,1.0,10.0,10.0,21.0
1.0,002844#3,1.0,1.0,10.0,10.0,38.0
1.0,002935#0,1.0,1.0,10.0,10.0,17.0
1.0,002935#1,1.0,1.0,9.0,10.0,13.0
1.0,002955#0,1.0,1.0,10.0,10.0,72.0
1.0,002955#1,1.0,1.0,10.0,10.0,47.0
1.0,002955#4,1.0,1.0,10.0,10.0,32.0
1.0,002955#5,1.0,1.0,10.0,10.0,21.0
1.0,002955#6,1.0,1.0,10.0,10.0,37.0
1.0,002955#7,1.0,1.0,10.0,10.0,68.0
1.0,002955#8,1.0,1.0,10.0,10.0,61.0
1.0,002955#9,1.0,1.0,10.0,10.0,11.0
1.0,002955#10,1.0,1.0,10.0,10.0,42.0
1.0,002955#11,1.0,1.0,10.0,10.0,42.0
1.0,002955#12,1.0,1.0,10.0,10.0,57.0
1.0,002955#13,1.0,1.0,10.0,10.0,67.0
1.0,002955#14,1.0,1.0,10.0,10.0,73.0
1.0,002955#16,1.0,1.0,10.0,10.0,49.0
1.0,002955#17,1.0,1.0,10.0,10.0,81.0
1.0,002955#20,1.0,1.0,10.0,10.0,15.0
1.0,002955#23,1.0,1.0,10.0,10.0,29.0
1.0,002955#24,1.0,1.0,7.0,10.0,7.0
1.0,002987#0,1.0,1.0,10.0,10.0,16.0
1.0,002987#1,1.0,1.0,9.0,10.0,9.0
1.0,002987#2,1.0,1.0,10.0,10.0,23.0
1.0,002987#3,1.0,1.0,10.0,10.0,14.0
1.0,002987#4,1.0,1.0,10.0,10.0,34.0
1.0,002987#6,1.0,1.0,10.0,10.0,64.0
1.0,002987#7,1.0,1.0,10.0,10.0,73.0
1.0,002987#8,1.0,1.0,10.0,10.0,28.0
1.0,002987#9,1.0,1.0,10.0,10.0,14.0
1.0,002987#10,1.0,1.0,10.0,10.0,15.0
1.0,002987#11,1.0,1.0,10.0,10.0,15.0
1.0,002987#12,1.0,1.0,8.0,10.0,8.0
1.0,002987#13,1.0,1.0,10.0,10.0,34.0
1.0,002987#14,1.0,1.0,10.0,10.0,20.0
1.0,002987#15,1.0,1.0,10.0,10.0,37.0
1.0,003007#6,1.0,1.0,9.0,10.0,9.0
1.0,003007#8,1.0,1.0,10.0,10.0,41.0
1.0,003007#9,1.0,1.0,10.0,10.0,24.0
1.0,003013#6,1.0,1.0,10.0,10.0,20.0
1.0,003017#4,1.0,1.0,10.0,10.0,12.0
1.0,003026#4,1.0,1.0,9.0,10.0,17.0
1.0,003056#1,1.0,1.0,10.0,10.0,24.0
1.0,003056#2,1.0,1.0,10.0,10.0,15.0
1.0,003056#3,1.0,1.0,10.0,10.0,15.0
1.0,003056#4,1.0,1.0,10.0,10.0,11.0
1.0,003056#7,1.0,1.0,10.0,10.0,38.0
1.0,003056#8,1.0,1.0,9.0,10.0,9.0
1.0,003056#9,1.0,1.0,10.0,10.0,27.0
1.0,003056#10,1.0,1.0,9.0,10.0,18.0
1.0,003056#11,1.0,1.0,10.0,10.0,61.0
1.0,003148#0,1.0,1.0,10.0,10.0,61.0
1.0,003148#2,1.0,1.0,10.0,10.0,63.0
1.0,003148#3,1.0,1.0,10.0,10.0,42.0
1.0,003148#6,1.0,1.0,10.0,10.0,47.0
1.0,003148#7,1.0,1.0,8.0,10.0,8.0
1.0,003148#8,1.0,1.0,8.0,10.0,8.0
1.0,003160#0,1.0,1.0,10.0,10.0,42.0
1.0,003160#1,1.0,1.0,10.0,10.0,28.0
1.0,003160#2,1.0,1.0,10.0,10.0,31.0
1.0,003160#3,1.0,1.0,9.0,10.0,27.0
1.0,003160#4,1.0,1.0,10.0,10.0,31.0
1.0,003160#5,1.0,1.0,10.0,10.0,84.0
1.0,003160#7,1.0,1.0,10.0,10.0,37.0
1.0,003160#8,1.0,1.0,10.0,10.0,69.0
1.0,003160#9,1.0,1.0,10.0,10.0,19.0
1.0,003160#11,1.0,1.0,10.0,10.0,78.0
1.0,003160#13,1.0,1.0,10.0,10.0,37.0
1.0,003160#14,1.0,1.0,10.0,10.0,11.0
1.0,003160#15,1.0,1.0,10.0,10.0,55.0
1.0,003160#17,1.0,1.0,10.0,10.0,43.0
1.0,003160#18,1.0,1.0,10.0,10.0,72.0
1.0,003160#19,1.0,1.0,10.0,10.0,26.0
1.0,003160#20,1.0,1.0,10.0,10.0,18.0
1.0,003160#21,1.0,1.0,10.0,10.0,46.0
1.0,003198#1,1.0,1.0,10.0,10.0,64.0
1.0,003198#4,1.0,1.0,10.0,10.0,42.0
1.0,003257#5,1.0,1.0,10.0,10.0,58.0
1.0,003262#0,1.0,1.0,10.0,10.0,28.0
1.0,003262#1,1.0,1.0,9.0,10.0,31.0
1.0,003262#4,1.0,1.0,10.0,10.0,27.0
1.0,003262#14,1.0,1.0,8.0,10.0,10.0
1.0,003262#16,1.0,1.0,10.0,10.0,10.0
1.0,003262#17,1.0,1.0,10.0,10.0,14.0
1.0,003262#21,1.0,1.0,9.0,10.0,16.0
1.0,003262#23,1.0,1.0,10.0,10.0,22.0
1.0,003262#24,1.0,1.0,10.0,10.0,18.0
1.0,003262#28,1.0,1.0,10.0,10.0,50.0
1.0,003262#29,1.0,1.0,4.0,10.0,7.0
1.0,003262#30,1.0,1.0,10.0,10.0,73.0
1.0,003273#1,1.0,1.0,10.0,10.0,73.0
1.0,003273#3,1.0,1.0,10.0,10.0,68.0
1.0,003273#4,1.0,1.0,10.0,10.0,45.0
1.0,003273#5,1.0,1.0,10.0,10.0,12.0
1.0,003273#6,1.0,1.0,10.0,10.0,87.0
1.0,003273#8,1.0,1.0,10.0,10.0,35.0
1.0,003273#9,1.0,1.0,10.0,10.0,19.0
1.0,003273#10,1.0,1.0,10.0,10.0,42.0
1.0,003273#11,1.0,1.0,10.0,10.0,17.0
1.0,003273#13,1.0,1.0,10.0,10.0,20.0
1.0,003288#0,1.0,1.0,10.0,10.0,74.0
1.0,003288#3,1.0,1.0,10.0,10.0,37.0
1.0,003288#4,1.0,1.0,10.0,10.0,27.0
1.0,003288#5,1.0,1.0,10.0,10.0,20.0
1.0,003288#6,1.0,1.0,10.0,10.0,20.0
1.0,003288#7,1.0,1.0,10.0,10.0,16.0
1.0,003288#8,1.0,1.0,10.0,10.0,14.0
1.0,003288#9,1.0,1.0,10.0,10.0,16.0
1.0,003288#10,1.0,1.0,10.0,10.0,18.0
1.0,003288#11,1.0,1.0,10.0,10.0,14.0
1.0,003288#12,1.0,1.0,10.0,10.0,27.0
1.0,003288#13,1.0,1.0,10.0,10.0,33.0
1.0,003288#14,1.0,1.0,10.0,10.0,13.0
1.0,003288#16,1.0,1.0,10.0,10.0,21.0
1.0,003288#18,1.0,1.0,10.0,10.0,69.0
1.0,003304#0,1.0,1.0,10.0,10.0,42.0
1.0,003304#1,1.0,1.0,10.0,10.0,36.0
1.0,003304#2,1.0,1.0,10.0,10.0,14.0
1.0,003304#3,1.0,1.0,10.0,10.0,48.0
1.0,003304#4,1.0,1.0,10.0,10.0,20.0
1.0,003304#8,1.0,1.0,10.0,10.0,25.0
1.0,003304#9,1.0,1.0,10.0,10.0,41.0
1.0,003304#11,1.0,1.0,10.0,10.0,42.0
1.0,003304#12,1.0,1.0,10.0,10.0,30.0
1.0,003304#13,1.0,1.0,10.0,10.0,13.0
1.0,003317#1,1.0,1.0,10.0,10.0,29.0
1.0,003317#2,1.0,1.0,10.0,10.0,26.0
1.0,003317#3,1.0,1.0,10.0,10.0,29.0
1.0,003317#5,1.0,1.0,10.0,10.0,50.0
1.0,003317#6,1.0,1.0,10.0,10.0,23.0
1.0,003317#7,1.0,1.0,10.0,10.0,27.0
1.0,003317#8,1.0,1.0,10.0,10.0,49.0
1.0,003317#9,1.0,1.0,10.0,10.0,30.0
1.0,003317#12,1.0,1.0,10.0,10.0,12.0
1.0,003317#14,1.0,1.0,8.0,10.0,55.0
1.0,003317#15,1.0,1.0,10.0,10.0,70.0
1.0,003317#16,1.0,1.0,10.0,10.0,43.0
1.0,003348#0,1.0,1.0,10.0,10.0,30.0
1.0,003353#0,1.0,1.0,10.0,10.0,14.0
1.0,003408#1,1.0,1.0,10.0,10.0,22.0
1.0,003411#0,1.0,1.0,10.0,10.0,41.0
1.0,003411#1,1.0,1.0,10.0,10.0,52.0
1.0,003411#2,1.0,1.0,10.0,10.0,57.0
1.0,003411#3,1.0,1.0,10.0,10.0,50.0
1.0,003419#0,1.0,1.0,10.0,10.0,84.0
1.0,003419#5,1.0,1.0,10.0,10.0,22.0
1.0,003419#13,1.0,1.0,10.0,10.0,24.0
1.0,003419#14,1.0,1.0,10.0,10.0,30.0
1.0,003419#17,1.0,1.0,7.0,10.0,30.0
1.0,003419#18,1.0,1.0,10.0,10.0,34.0
1.0,003419#19,1.0,1.0,10.0,10.0,18.0
1.0,003419#21,1.0,1.0,10.0,10.0,36.0
1.0,003425#5,1.0,1.0,10.0,10.0,17.0
1.0,003425#6,1.0,1.0,10.0,10.0,13.0
1.0,003425#7,1.0,1.0,10.0,10.0,11.0
1.0,003425#10,1.0,1.0,10.0,10.0,18.0
1.0,003425#12,1.0,1.0,10.0,10.0,44.0
1.0,003425#13,1.0,1.0,10.0,10.0,46.0
1.0,003460#0,1.0,1.0,10.0,10.0,26.0
1.0,003460#1,1.0,1.0,10.0,10.0,64.0
1.0,003460#3,1.0,1.0,10.0,10.0,80.0
1.0,003460#5,1.0,1.0,10.0,10.0,25.0
1.0,003460#6,1.0,1.0,10.0,10.0,73.0
1.0,003472#0,1.0,1.0,10.0,10.0,31.0
1.0,003472#1,1.0,1.0,10.0,10.0,68.0
1.0,003472#2,1.0,1.0,10.0,10.0,20.0
1.0,003472#3,1.0,1.0,10.0,10.0,71.0
1.0,003475#1,1.0,1.0,10.0,10.0,41.0
1.0,003475#2,1.0,1.0,10.0,10.0,22.0
1.0,003475#3,1.0,1.0,10.0,10.0,51.0
1.0,003475#5,1.0,1.0,10.0,10.0,46.0
1.0,003475#6,1.0,1.0,10.0,10.0,70.0
1.0,003475#10,1.0,1.0,10.0,10.0,21.0
1.0,003475#11,1.0,1.0,10.0,10.0,31.0
1.0,003487#0,1.0,1.0,10.0,10.0,53.0
1.0,003487#2,1.0,1.0,10.0,10.0,62.0
1.0,003489#0,1.0,1.0,10.0,10.0,24.0
1.0,003489#2,1.0,1.0,10.0,10.0,31.0
1.0,003489#3,1.0,1.0,10.0,10.0,55.0
1.0,003489#4,1.0,1.0,10.0,10.0,25.0
1.0,003489#5,1.0,1.0,10.0,10.0,35.0
1.0,003489#9,1.0,1.0,10.0,10.0,26.0
1.0,003489#14,1.0,1.0,10.0,10.0,37.0
1.0,003526#0,1.0,1.0,10.0,10.0,18.0
1.0,003526#3,1.0,1.0,10.0,10.0,13.0
1.0,003532#0,1.0,1.0,10.0,10.0,18.0
1.0,003532#1,1.0,1.0,10.0,10.0,42.0
1.0,003546#0,1.0,1.0,10.0,10.0,27.0
1.0,003546#1,1.0,1.0,10.0,10.0,28.0
1.0,003546#2,1.0,1.0,10.0,10.0,37.0
1.0,003592#0,1.0,1.0,10.0,10.0,23.0
1.0,003592#1,1.0,1.0,10.0,10.0,23.0
1.0,003592#2,1.0,1.0,10.0,10.0,31.0
1.0,003592#3,1.0,1.0,10.0,10.0,20.0
1.0,003595#3,1.0,1.0,10.0,10.0,27.0
1.0,003595#4,1.0,1.0,10.0,10.0,30.0
1.0,003595#5,1.0,1.0,10.0,10.0,21.0
1.0,003595#6,1.0,1.0,10.0,10.0,46.0
1.0,003603#3,1.0,1.0,10.0,10.0,32.0
1.0,003653#3,1.0,1.0,10.0,10.0,15.0
1.0,003653#5,1.0,1.0,10.0,10.0,20.0
1.0,003653#6,1.0,1.0,10.0,10.0,18.0
1.0,003653#7,1.0,1.0,10.0,10.0,14.0
1.0,003653#8,1.0,1.0,10.0,10.0,11.0
1.0,003653#9,1.0,1.0,10.0,10.0,12.0
1.0,003653#11,1.0,1.0,10.0,10.0,36.0
1.0,003653#12,1.0,1.0,10.0,10.0,51.0
1.0,003653#14,1.0,1.0,8.0,10.0,8.0
1.0,003653#16,1.0,1.0,9.0,10.0,9.0
1.0,003653#17,1.0,1.0,10.0,10.0,26.0
1.0,003653#18,1.0,1.0,8.0,10.0,8.0
1.0,003679#4,1.0,1.0,10.0,10.0,50.0
1.0,003679#5,1.0,1.0,10.0,10.0,27.0
1.0,003679#7,1.0,1.0,10.0,10.0,25.0
1.0,003679#8,1.0,1.0,10.0,10.0,32.0
1.0,003703#0,1.0,1.0,10.0,10.0,50.0
1.0,003739#0,1.0,1.0,10.0,10.0,30.0
1.0,003739#1,1.0,1.0,10.0,10.0,35.0
1.0,003739#2,1.0,1.0,10.0,10.0,17.0
1.0,003739#3,1.0,1.0,10.0,10.0,11.0
1.0,003739#5,1.0,1.0,10.0,10.0,16.0
1.0,003739#6,1.0,1.0,10.0,10.0,12.0
1.0,003739#7,1.0,1.0,10.0,10.0,26.0
1.0,003739#8,1.0,1.0,10.0,10.0,16.0
1.0,003757#0,1.0,1.0,10.0,10.0,76.0
1.0,003757#7,1.0,1.0,10.0,10.0,27.0
1.0,003757#8,1.0,1.0,9.0,10.0,10.0
1.0,003757#10,1.0,1.0,10.0,10.0,21.0
1.0,003757#14,1.0,1.0,10.0,10.0,13.0
1.0,003757#15,1.0,1.0,10.0,10.0,15.0
1.0,003757#16,1.0,1.0,10.0,10.0,11.0
1.0,003769#0,1.0,1.0,10.0,10.0,56.0
1.0,003838#0,1.0,1.0,10.0,10.0,72.0
1.0,003863#1,1.0,1.0,10.0,10.0,21.0
1.0,003863#3,1.0,1.0,10.0,10.0,17.0
1.0,003863#5,1.0,1.0,10.0,10.0,33.0
1.0,003863#7,1.0,1.0,10.0,10.0,24.0
1.0,003863#9,1.0,1.0,10.0,10.0,13.0
1.0,003863#10,1.0,1.0,10.0,10.0,12.0
1.0,003863#11,1.0,1.0,10.0,10.0,18.0
1.0,003895#2,1.0,1.0,10.0,10.0,55.0
1.0,003896#0,1.0,1.0,10.0,10.0,43.0
1.0,003896#1,1.0,1.0,10.0,10.0,19.0
1.0,003902#0,1.0,1.0,10.0,10.0,41.0
1.0,003902#1,1.0,1.0,10.0,10.0,15.0
1.0,003902#3,1.0,1.0,10.0,10.0,18.0
1.0,003902#4,1.0,1.0,10.0,10.0,30.0
1.0,003902#5,1.0,1.0,10.0,10.0,18.0
1.0,003902#6,1.0,1.0,10.0,10.0,41.0
1.0,003904#0,1.0,1.0,10.0,10.0,33.0
1.0,003904#1,1.0,1.0,10.0,10.0,19.0
1.0,003941#0,1.0,1.0,10.0,10.0,27.0
1.0,003941#1,1.0,1.0,10.0,10.0,17.0
1.0,003941#3,1.0,1.0,10.0,10.0,12.0
1.0,003941#5,1.0,1.0,10.0,10.0,25.0
1.0,003941#7,1.0,1.0,10.0,10.0,20.0
1.0,003941#8,1.0,1.0,10.0,10.0,26.0
1.0,003941#10,1.0,1.0,10.0,10.0,17.0
1.0,003941#11,1.0,1.0,10.0,10.0,26.0
1.0,003941#12,1.0,1.0,10.0,10.0,17.0
1.0,003941#13,1.0,1.0,10.0,10.0,20.0
1.0,003941#14,1.0,1.0,10.0,10.0,18.0
1.0,003941#15,1.0,1.0,10.0,10.0,22.0
1.0,003941#16,1.0,1.0,10.0,10.0,69.0
1.0,003941#20,1.0,1.0,10.0,10.0,10.0
1.0,003941#21,1.0,1.0,9.0,10.0,25.0
1.0,003941#22,1.0,1.0,10.0,10.0,13.0
1.0,003941#24,1.0,1.0,10.0,10.0,37.0
1.0,003941#25,1.0,1.0,10.0,10.0,18.0
1.0,003941#26,1.0,1.0,10.0,10.0,21.0
1.0,003941#27,1.0,1.0,10.0,10.0,18.0
1.0,003941#29,1.0,1.0,10.0,10.0,17.0
1.0,003941#30,1.0,1.0,10.0,10.0,34.0
1.0,003982#5,1.0,1.0,10.0,10.0,26.0
1.0,003982#6,1.0,1.0,10.0,10.0,15.0
1.0,003982#8,1.0,1.0,9.0,10.0,13.0
1.0,003982#11,1.0,1.0,10.0,10.0,19.0
1.0,003982#14,1.0,1.0,10.0,10.0,29.0
1.0,003982#19,1.0,1.0,8.0,10.0,9.0
1.0,003982#20,1.0,1.0,4.0,10.0,10.0
1.0,003982#23,1.0,1.0,10.0,10.0,25.0
1.0,003982#24,1.0,1.0,10.0,10.0,10.0
1.0,003982#30,1.0,1.0,10.0,10.0,12.0
1.0,003982#32,1.0,1.0,10.0,10.0,14.0
1.0,003982#34,1.0,1.0,10.0,10.0,11.0
1.0,003982#36,1.0,1.0,9.0,10.0,46.0
1.0,003982#41,1.0,1.0,9.0,10.0,10.0
1.0,003982#42,1.0,1.0,10.0,10.0,11.0
1.0,003982#43,1.0,1.0,10.0,10.0,13.0
1.0,003982#47,1.0,1.0,10.0,10.0,57.0
1.0,003982#48,1.0,1.0,10.0,10.0,16.0
1.0,003982#49,1.0,1.0,10.0,10.0,69.0
1.0,003982#50,1.0,1.0,10.0,10.0,34.0
1.0,003982#53,1.0,1.0,6.0,10.0,10.0
1.0,003982#57,1.0,1.0,10.0,10.0,18.0
1.0,003982#58,1.0,1.0,10.0,10.0,18.0
1.0,003982#60,1.0,1.0,10.0,10.0,16.0
1.0,003982#61,1.0,1.0,10.0,10.0,15.0
1.0,003982#62,1.0,1.0,10.0,10.0,17.0
1.0,003987#5,1.0,1.0,10.0,10.0,32.0
1.0,003987#6,1.0,1.0,10.0,10.0,28.0
1.0,003987#10,1.0,1.0,10.0,10.0,66.0
1.0,003987#11,1.0,1.0,10.0,10.0,71.0
1.0,003987#15,1.0,1.0,10.0,10.0,33.0
1.0,003987#16,1.0,1.0,10.0,10.0,42.0
1.0,003987#23,1.0,1.0,9.0,10.0,11.0
1.0,003987#27,1.0,1.0,10.0,10.0,11.0
1.0,003987#35,1.0,1.0,10.0,10.0,26.0
1.0,003987#38,1.0,1.0,10.0,10.0,19.0
1.0,003987#39,1.0,1.0,10.0,10.0,17.0
1.0,003987#40,1.0,1.0,10.0,10.0,16.0
1.0,003987#41,1.0,1.0,10.0,10.0,13.0
1.0,003987#43,1.0,1.0,10.0,10.0,10.0
1.0,003987#46,1.0,1.0,8.0,10.0,8.0
1.0,003987#47,1.0,1.0,10.0,10.0,15.0
1.0,003987#49,1.0,1.0,10.0,10.0,12.0
1.0,003987#50,1.0,1.0,10.0,10.0,15.0
1.0,003987#51,1.0,1.0,10.0,10.0,15.0
1.0,003987#52,1.0,1.0,10.0,10.0,10.0
1.0,003987#53,1.0,1.0,10.0,10.0,19.0
1.0,003987#55,1.0,1.0,10.0,10.0,31.0
1.0,hehe_173_000002_024_00000105#2,0.0,1.0,0.0,10.0,11.0
1.0,hehe_173_000002_024_00000105#4,1.0,1.0,7.0,10.0,11.0
1.0,hehe_173_000002_024_00000105#6,1.0,1.0,10.0,10.0,23.0
1.0,hehe_173_000002_024_00000105#7,1.0,1.0,7.0,10.0,15.0
1.0,hehe_173_000002_024_00000105#9,1.0,1.0,10.0,10.0,31.0
1.0,hehe_173_000002_024_00000105#10,1.0,1.0,10.0,10.0,25.0
1.0,hehe_173_000002_024_00000105#11,1.0,1.0,10.0,10.0,11.0
1.0,hehe_173_000002_024_00000105#13,1.0,1.0,10.0,10.0,31.0
1.0,hehe_173_000002_024_00000105#15,1.0,1.0,10.0,10.0,76.0
1.0,hehe_186_000002_028_00000050#1,1.0,1.0,10.0,10.0,77.0
1.0,hehe_22_00000004#0,1.0,1.0,10.0,10.0,29.0
1.0,hehe_22_00000004#2,1.0,1.0,10.0,10.0,23.0
1.0,hehe_22_00000004#4,1.0,1.0,10.0,10.0,69.0
1.0,hehe_22_00000004#6,1.0,1.0,10.0,10.0,57.0
1.0,hehe_22_00000004#7,1.0,1.0,10.0,10.0,70.0
1.0,hehe_22_00000004#9,1.0,1.0,7.0,10.0,11.0
1.0,hehe_230_000002_043_00000061#1,1.0,1.0,10.0,10.0,69.0
1.0,hehe_230_000002_043_00000061#6,1.0,1.0,10.0,10.0,62.0
1.0,hehe_230_000002_043_00000061#7,1.0,1.0,10.0,10.0,58.0
1.0,hehe_230_000002_043_00000061#10,1.0,1.0,10.0,10.0,31.0
1.0,hehe_230_000002_043_00000061#11,1.0,1.0,10.0,10.0,37.0
1.0,hehe_230_000002_043_00000061#13,1.0,1.0,10.0,10.0,19.0
1.0,hehe_230_000002_043_00000061#14,1.0,1.0,7.0,10.0,12.0
1.0,hehe_232_000002_043_00000181#0,1.0,1.0,7.0,10.0,8.0
1.0,hehe_232_000002_043_00000181#1,1.0,1.0,10.0,10.0,22.0
1.0,hehe_232_000002_043_00000181#2,1.0,1.0,10.0,10.0,57.0
1.0,hehe_232_000002_043_00000181#3,1.0,1.0,10.0,10.0,36.0
1.0,hehe_232_000002_043_00000181#8,1.0,1.0,10.0,10.0,57.0
1.0,hehe_274_000002_060_00000105#1,1.0,1.0,10.0,10.0,67.0
1.0,hehe_274_000002_060_00000105#5,1.0,1.0,10.0,10.0,28.0
1.0,hehe_274_000002_060_00000105#6,1.0,1.0,10.0,10.0,11.0
1.0,hehe_40_00000033#1,1.0,1.0,10.0,10.0,26.0
1.0,hehe_40_00000033#2,1.0,1.0,2.0,10.0,46.0
1.0,hehe_40_00000033#3,1.0,1.0,9.0,10.0,40.0
1.0,hehe_40_00000033#5,1.0,1.0,10.0,10.0,40.0
1.0,hehe_45_00000001#2,1.0,1.0,10.0,10.0,42.0
1.0,hehe_45_00000001#4,1.0,1.0,10.0,10.0,28.0
1.0,hehe_45_00000001#5,1.0,1.0,10.0,10.0,49.0
1.0,hehe_45_00000001#6,1.0,1.0,10.0,10.0,40.0
1.0,hehe_45_00000001#7,1.0,1.0,10.0,10.0,60.0
1.0,hehe_45_00000001#8,1.0,1.0,10.0,10.0,34.0
1.0,hehe_45_00000001#9,1.0,1.0,10.0,10.0,46.0
1.0,hehe_52_00000107#0,1.0,1.0,10.0,10.0,19.0
1.0,hehe_52_00000107#1,1.0,1.0,8.0,10.0,8.0
1.0,hehe_61_00000090#2,1.0,1.0,10.0,10.0,76.0
1.0,hehe_61_00000090#3,1.0,1.0,10.0,10.0,39.0
1.0,hehe_61_00000090#4,1.0,1.0,10.0,10.0,20.0
1.0,hehe_61_00000090#9,1.0,1.0,10.0,10.0,64.0
1.0,hehe_61_00000090#10,1.0,1.0,10.0,10.0,50.0
1.0,hehe_61_00000090#11,1.0,1.0,10.0,10.0,84.0
1.0,hehe_65_00000229#2,1.0,1.0,10.0,10.0,59.0
1.0,hehe_65_00000229#3,1.0,1.0,10.0,10.0,32.0
1.0,hehe_65_00000229#4,1.0,1.0,10.0,10.0,30.0
1.0,hehe_65_00000229#6,1.0,1.0,10.0,10.0,16.0
1.0,hehe_65_00000229#7,1.0,1.0,10.0,10.0,21.0
1.0,hehe_6_00000054#0,1.0,1.0,10.0,10.0,12.0
1.0,hehe_6_00000054#2,1.0,1.0,10.0,10.0,35.0
1.0,hehe_6_00000054#3,1.0,1.0,10.0,10.0,32.0
1.0,hehe_6_00000054#4,1.0,1.0,10.0,10.0,27.0
1.0,hehe_6_00000054#6,1.0,1.0,10.0,10.0,76.0
1.0,hehe_6_00000054#13,1.0,1.0,9.0,10.0,74.0
1.0,hehe_6_00000054#16,1.0,1.0,10.0,10.0,32.0
1.0,hehe_6_00000054#17,1.0,1.0,10.0,10.0,38.0
1.0,hehe_86_00000253#0,1.0,1.0,10.0,10.0,45.0
1.0,hehe_86_00000253#3,1.0,1.0,10.0,10.0,58.0
1.0,hehe_87_00000315#1,1.0,1.0,10.0,10.0,39.0
1.0,hehe_87_00000315#2,1.0,1.0,10.0,10.0,40.0
1.0,hehe_87_00000315#3,1.0,1.0,10.0,10.0,33.0
1.0,hehe_87_00000315#4,1.0,1.0,10.0,10.0,20.0
1.0,hehe_87_00000315#5,1.0,1.0,10.0,10.0,30.0
1.0,hehe_87_00000315#6,1.0,1.0,10.0,10.0,14.0
1.0,shuming_1007_00000230#0,1.0,1.0,10.0,10.0,38.0
1.0,shuming_1007_00000230#3,1.0,1.0,10.0,10.0,43.0
1.0,shuming_1007_00000230#4,1.0,1.0,10.0,10.0,36.0
1.0,shuming_1007_00000230#5,1.0,1.0,10.0,10.0,46.0
1.0,shuming_1007_00000230#7,1.0,1.0,10.0,10.0,63.0
1.0,shuming_1007_00000230#10,1.0,1.0,10.0,10.0,62.0
1.0,shuming_1007_00000230#11,1.0,1.0,10.0,10.0,39.0
1.0,shuming_1007_00000230#12,1.0,1.0,10.0,10.0,34.0
1.0,shuming_1007_00000230#13,1.0,1.0,7.0,10.0,10.0
1.0,shuming_1007_00000230#14,1.0,1.0,3.0,10.0,7.0
1.0,shuming_1007_00000230#15,1.0,1.0,10.0,10.0,79.0
1.0,shuming_1007_00000230#16,1.0,1.0,10.0,10.0,47.0
1.0,shuming_1007_00000230#17,1.0,1.0,10.0,10.0,19.0
1.0,shuming_1007_00000230#18,1.0,1.0,10.0,10.0,13.0
1.0,shuming_1007_00000230#20,1.0,1.0,10.0,10.0,20.0
1.0,shuming_1007_00000230#21,1.0,1.0,10.0,10.0,69.0
1.0,shuming_1007_00000230#22,1.0,1.0,10.0,10.0,27.0
1.0,shuming_1007_00000230#23,1.0,1.0,10.0,10.0,22.0
1.0,shuming_1013_00000065#0,1.0,1.0,10.0,10.0,87.0
1.0,shuming_1013_00000065#1,1.0,1.0,10.0,10.0,41.0
1.0,shuming_1013_00000065#3,1.0,1.0,10.0,10.0,26.0
1.0,shuming_1028_00000411#3,1.0,1.0,10.0,10.0,55.0
1.0,shuming_1028_00000411#4,1.0,1.0,9.0,10.0,10.0
1.0,shuming_1028_00000411#5,1.0,1.0,10.0,10.0,15.0
1.0,shuming_1064_00000087#0,1.0,1.0,10.0,10.0,34.0
1.0,shuming_1064_00000087#1,1.0,1.0,10.0,10.0,55.0
1.0,shuming_1064_00000087#2,1.0,1.0,10.0,10.0,56.0
1.0,shuming_1064_00000087#3,1.0,1.0,10.0,10.0,72.0
1.0,shuming_1064_00000087#4,1.0,1.0,10.0,10.0,69.0
1.0,shuming_1064_00000087#6,1.0,1.0,10.0,10.0,26.0
1.0,shuming_1064_00000087#7,1.0,1.0,10.0,10.0,54.0
1.0,shuming_1064_00000087#8,1.0,1.0,10.0,10.0,86.0
1.0,shuming_1076_00000257#1,1.0,1.0,10.0,10.0,31.0
1.0,shuming_1076_00000257#2,1.0,1.0,10.0,10.0,29.0
1.0,shuming_1076_00000257#3,1.0,1.0,10.0,10.0,20.0
1.0,shuming_1076_00000257#4,1.0,1.0,10.0,10.0,19.0
1.0,shuming_1076_00000257#5,1.0,1.0,10.0,10.0,23.0
1.0,shuming_1079_00000233#3,1.0,1.0,10.0,10.0,18.0
1.0,shuming_1079_00000233#4,1.0,1.0,10.0,10.0,12.0
1.0,shuming_1079_00000233#6,1.0,1.0,10.0,10.0,35.0
1.0,shuming_1080_00000016#0,1.0,1.0,10.0,10.0,72.0
1.0,shuming_1080_00000016#4,1.0,1.0,10.0,10.0,10.0
1.0,shuming_1132_00000385#2,1.0,1.0,10.0,10.0,29.0
1.0,shuming_1132_00000385#3,1.0,1.0,10.0,10.0,32.0
1.0,shuming_1132_00000385#4,1.0,1.0,10.0,10.0,25.0
1.0,shuming_1135_00000213#0,1.0,1.0,10.0,10.0,76.0
1.0,shuming_1148_00000041#0,1.0,1.0,10.0,10.0,74.0
1.0,shuming_1157_00000010#0,1.0,1.0,10.0,10.0,72.0
1.0,shuming_1157_00000010#1,1.0,1.0,10.0,10.0,32.0
1.0,shuming_1157_00000010#2,1.0,1.0,10.0,10.0,18.0
1.0,shuming_1180_00000231#3,1.0,1.0,10.0,10.0,49.0
1.0,shuming_24_00000001#0,1.0,1.0,10.0,10.0,40.0
1.0,shuming_24_00000001#1,1.0,1.0,10.0,10.0,62.0
1.0,shuming_340_00000020#1,1.0,1.0,10.0,10.0,21.0
1.0,shuming_340_00000020#19,1.0,1.0,10.0,10.0,11.0
1.0,shuming_340_00000020#22,1.0,1.0,7.0,10.0,7.0
1.0,shuming_340_00000020#23,1.0,1.0,10.0,10.0,12.0
1.0,shuming_340_00000020#26,1.0,1.0,8.0,10.0,9.0
1.0,shuming_340_00000020#30,1.0,1.0,9.0,10.0,9.0
1.0,shuming_340_00000020#31,1.0,1.0,10.0,10.0,12.0
1.0,shuming_340_00000020#38,1.0,1.0,9.0,10.0,10.0
1.0,shuming_35_00000199#0,1.0,1.0,10.0,10.0,73.0
1.0,shuming_35_00000199#3,1.0,1.0,10.0,10.0,36.0
1.0,shuming_35_00000199#4,1.0,1.0,10.0,10.0,26.0
1.0,shuming_35_00000199#5,1.0,1.0,3.0,10.0,87.0
1.0,shuming_35_00000199#6,1.0,1.0,10.0,10.0,18.0
1.0,shuming_35_00000199#8,1.0,1.0,10.0,10.0,14.0
1.0,shuming_35_00000199#9,1.0,1.0,8.0,10.0,8.0
1.0,shuming_35_00000199#11,1.0,1.0,10.0,10.0,39.0
1.0,shuming_410_00000037#0,1.0,1.0,6.0,10.0,7.0
1.0,shuming_410_00000037#9,1.0,1.0,10.0,10.0,45.0
1.0,shuming_461_00000082#0,1.0,1.0,10.0,10.0,53.0
1.0,shuming_461_00000082#2,1.0,1.0,10.0,10.0,42.0
1.0,shuming_461_00000082#3,1.0,1.0,10.0,10.0,31.0
1.0,shuming_461_00000082#4,1.0,1.0,10.0,10.0,14.0
1.0,shuming_461_00000082#5,1.0,1.0,10.0,10.0,11.0
1.0,shuming_465_00000030#0,1.0,1.0,10.0,10.0,10.0
1.0,shuming_465_00000030#2,1.0,1.0,10.0,10.0,56.0
1.0,shuming_465_00000030#3,1.0,1.0,10.0,10.0,15.0
1.0,shuming_470_00000057#3,1.0,1.0,10.0,10.0,43.0
1.0,shuming_470_00000057#4,1.0,1.0,10.0,10.0,23.0
1.0,shuming_482_00000018#3,1.0,1.0,10.0,10.0,53.0
1.0,shuming_482_00000018#4,1.0,1.0,10.0,10.0,44.0
1.0,shuming_482_00000018#5,1.0,1.0,10.0,10.0,62.0
1.0,shuming_485_00000027#3,1.0,1.0,10.0,10.0,16.0
1.0,shuming_485_00000027#4,1.0,1.0,10.0,10.0,52.0
1.0,shuming_503_00000052#0,1.0,1.0,10.0,10.0,32.0
1.0,shuming_503_00000052#1,1.0,1.0,10.0,10.0,26.0
1.0,shuming_562_00000223#2,1.0,1.0,10.0,10.0,76.0
1.0,shuming_571_00000215#0,1.0,1.0,10.0,10.0,56.0
1.0,shuming_571_00000215#1,1.0,1.0,10.0,10.0,46.0
1.0,shuming_574_00000017#0,1.0,1.0,10.0,10.0,63.0
1.0,shuming_608_00000031#1,1.0,1.0,10.0,10.0,19.0
1.0,shuming_608_00000031#2,1.0,1.0,10.0,10.0,30.0
1.0,shuming_608_00000031#3,1.0,1.0,10.0,10.0,35.0
1.0,shuming_608_00000031#4,1.0,1.0,10.0,10.0,11.0
1.0,shuming_610_00000148#0,1.0,1.0,10.0,10.0,50.0
1.0,shuming_63_00000393#3,1.0,1.0,10.0,10.0,15.0
1.0,shuming_63_00000393#4,1.0,1.0,10.0,10.0,17.0
1.0,shuming_63_00000393#5,1.0,1.0,9.0,10.0,9.0
1.0,shuming_63_00000393#6,1.0,1.0,10.0,10.0,23.0
1.0,shuming_63_00000393#7,1.0,1.0,10.0,10.0,21.0
1.0,shuming_63_00000393#8,1.0,1.0,10.0,10.0,23.0
1.0,shuming_63_00000393#9,1.0,1.0,10.0,10.0,20.0
1.0,shuming_663_00000328#2,1.0,1.0,10.0,10.0,50.0
1.0,shuming_663_00000328#3,1.0,1.0,10.0,10.0,40.0
1.0,shuming_67_00000001#1,1.0,1.0,10.0,10.0,55.0
1.0,shuming_67_00000001#2,1.0,1.0,10.0,10.0,18.0
1.0,shuming_698_00000001#0,1.0,1.0,10.0,10.0,11.0
1.0,shuming_698_00000001#1,1.0,1.0,7.0,10.0,13.0
1.0,shuming_698_00000001#2,1.0,1.0,10.0,10.0,17.0
1.0,shuming_698_00000001#3,1.0,1.0,10.0,10.0,20.0
1.0,shuming_698_00000001#4,1.0,1.0,10.0,10.0,15.0
1.0,shuming_698_00000001#5,1.0,1.0,10.0,10.0,14.0
1.0,shuming_698_00000001#7,1.0,1.0,10.0,10.0,26.0
1.0,shuming_698_00000001#8,1.0,1.0,10.0,10.0,17.0
1.0,shuming_698_00000001#9,1.0,1.0,10.0,10.0,14.0
1.0,shuming_698_00000001#10,1.0,1.0,10.0,10.0,13.0
1.0,shuming_698_00000001#11,1.0,1.0,10.0,10.0,13.0
1.0,shuming_698_00000001#12,1.0,1.0,10.0,10.0,15.0
1.0,shuming_698_00000001#13,1.0,1.0,10.0,10.0,14.0
1.0,shuming_698_00000001#14,1.0,1.0,10.0,10.0,12.0
1.0,shuming_698_00000001#15,1.0,1.0,10.0,10.0,15.0
1.0,shuming_698_00000001#16,1.0,1.0,10.0,10.0,15.0
1.0,shuming_698_00000001#17,1.0,1.0,10.0,10.0,23.0
1.0,shuming_698_00000001#18,1.0,1.0,10.0,10.0,18.0
1.0,shuming_698_00000001#19,1.0,1.0,10.0,10.0,19.0
1.0,shuming_698_00000001#20,1.0,1.0,10.0,10.0,22.0
1.0,shuming_698_00000001#21,1.0,1.0,10.0,10.0,24.0
1.0,shuming_698_00000001#22,1.0,1.0,10.0,10.0,18.0
1.0,shuming_698_00000001#23,1.0,1.0,10.0,10.0,35.0
1.0,shuming_698_00000001#25,1.0,1.0,10.0,10.0,64.0
1.0,shuming_706_00000375#0,1.0,1.0,10.0,10.0,41.0
1.0,shuming_706_00000375#2,1.0,1.0,10.0,10.0,32.0
1.0,shuming_706_00000375#3,1.0,1.0,10.0,10.0,17.0
1.0,shuming_706_00000375#4,1.0,1.0,10.0,10.0,52.0
1.0,shuming_72_00000270#19,1.0,1.0,10.0,10.0,54.0
1.0,shuming_72_00000270#20,1.0,1.0,10.0,10.0,22.0
1.0,shuming_72_00000270#22,1.0,1.0,10.0,10.0,48.0
1.0,shuming_72_00000270#24,1.0,1.0,10.0,10.0,20.0
1.0,shuming_731_00000492#0,1.0,1.0,10.0,10.0,32.0
1.0,shuming_731_00000492#1,1.0,1.0,10.0,10.0,26.0
1.0,shuming_731_00000492#3,1.0,1.0,10.0,10.0,60.0
1.0,shuming_731_00000492#5,1.0,1.0,10.0,10.0,69.0
1.0,shuming_753_00000172#0,1.0,1.0,10.0,10.0,12.0
1.0,shuming_758_00000371#0,1.0,1.0,10.0,10.0,52.0
1.0,shuming_763_00000009#2,1.0,1.0,10.0,10.0,15.0
1.0,shuming_774_00000273#3,1.0,1.0,10.0,10.0,63.0
1.0,shuming_774_00000273#5,1.0,1.0,10.0,10.0,31.0
1.0,shuming_779_00000254#1,1.0,1.0,10.0,10.0,63.0
1.0,shuming_779_00000254#5,1.0,1.0,10.0,10.0,80.0
1.0,shuming_783_00000248#0,1.0,1.0,10.0,10.0,81.0
1.0,shuming_783_00000248#2,1.0,1.0,10.0,10.0,66.0
1.0,shuming_793_00000117#2,1.0,1.0,10.0,10.0,31.0
1.0,shuming_825_00000172#1,1.0,1.0,10.0,10.0,13.0
1.0,shuming_825_00000172#2,1.0,1.0,6.0,10.0,7.0
1.0,shuming_825_00000172#3,1.0,1.0,10.0,10.0,16.0
1.0,shuming_826_00000213#1,1.0,1.0,10.0,10.0,14.0
1.0,shuming_826_00000213#2,1.0,1.0,10.0,10.0,18.0
1.0,shuming_826_00000213#3,1.0,1.0,9.0,10.0,9.0
1.0,shuming_85_00000273#4,1.0,1.0,10.0,10.0,11.0
1.0,shuming_987_00000275#1,1.0,1.0,10.0,10.0,41.0
1.0,shuming_987_00000275#2,1.0,1.0,10.0,10.0,23.0
1.0,shuming_987_00000275#3,1.0,1.0,10.0,10.0,19.0
1.0,shuming_987_00000275#4,1.0,1.0,10.0,10.0,21.0
1.0,shuming_987_00000275#5,1.0,1.0,10.0,10.0,10.0
2.0,00000045#1,1.0,1.0,10.0,10.0,242.0
2.0,00000045#2,1.0,1.0,10.0,10.0,88.0
2.0,00000045#3,1.0,1.0,10.0,10.0,105.0
2.0,00000045#6,1.0,1.0,10.0,10.0,286.0
2.0,00000045#7,1.0,1.0,10.0,10.0,279.0
2.0,00000057#1,1.0,1.0,10.0,10.0,225.0
2.0,00000057#2,1.0,1.0,10.0,10.0,88.0
2.0,00000057#3,1.0,1.0,10.0,10.0,111.0
2.0,00000057#5,1.0,1.0,10.0,10.0,133.0
2.0,00000063#1,1.0,1.0,10.0,10.0,279.0
2.0,00000063#2,1.0,1.0,10.0,10.0,90.0
2.0,00000063#3,1.0,1.0,10.0,10.0,107.0
2.0,00000063#5,1.0,1.0,10.0,10.0,208.0
2.0,00000095#1,1.0,1.0,10.0,10.0,279.0
2.0,00000095#2,1.0,1.0,10.0,10.0,114.0
2.0,00000095#3,1.0,1.0,10.0,10.0,105.0
2.0,00000106#1,1.0,1.0,10.0,10.0,245.0
2.0,00000106#2,1.0,1.0,10.0,10.0,135.0
2.0,00000106#3,1.0,1.0,10.0,10.0,122.0
2.0,00000106#5,1.0,1.0,10.0,10.0,157.0
2.0,00000123#1,1.0,1.0,10.0,10.0,196.0
2.0,00000123#2,1.0,1.0,10.0,10.0,87.0
2.0,00000123#3,1.0,1.0,10.0,10.0,190.0
2.0,00000123#5,1.0,1.0,10.0,10.0,108.0
2.0,00000171#0,1.0,1.0,10.0,10.0,120.0
2.0,00000180#0,1.0,1.0,10.0,10.0,136.0
2.0,00000234#1,1.0,1.0,10.0,10.0,108.0
2.0,00000257#0,1.0,1.0,10.0,10.0,93.0
2.0,00000271#0,1.0,1.0,10.0,10.0,118.0
2.0,00000271#1,1.0,1.0,10.0,10.0,132.0
2.0,00000273#0,1.0,1.0,10.0,10.0,84.0
2.0,00000273#1,1.0,1.0,10.0,10.0,99.0
2.0,000002_080_00000048#0,1.0,1.0,10.0,10.0,69.0
2.0,000002_083_00000169#0,1.0,1.0,10.0,10.0,14.0
2.0,000002_083_00000169#1,1.0,1.0,10.0,10.0,26.0
2.0,000002_083_00000169#2,1.0,1.0,10.0,10.0,36.0
2.0,00000346#0,1.0,1.0,10.0,10.0,381.0
2.0,00000364#0,1.0,1.0,10.0,10.0,210.0
2.0,00000396#0,1.0,1.0,10.0,10.0,111.0
2.0,00000399#0,1.0,1.0,10.0,10.0,82.0
2.0,000003_081_00000171#10,1.0,1.0,10.0,10.0,76.0
2.0,000003_081_00000171#11,1.0,1.0,10.0,10.0,82.0
2.0,00000426#0,1.0,1.0,10.0,10.0,653.0
2.0,00000506#0,1.0,1.0,10.0,10.0,117.0
2.0,000005_004_00000286#4,1.0,1.0,10.0,10.0,62.0
2.0,000005_006_00000001#1,1.0,1.0,10.0,10.0,68.0
2.0,000005_006_00000001#2,1.0,1.0,10.0,10.0,25.0
2.0,000005_019_00000209#0,1.0,1.0,10.0,10.0,43.0
2.0,000005_019_00000209#1,1.0,1.0,10.0,10.0,31.0
2.0,000005_019_00000209#2,1.0,1.0,10.0,10.0,59.0
2.0,000005_027_00000493#1,1.0,1.0,10.0,10.0,34.0
2.0,000005_027_00000493#2,1.0,1.0,10.0,10.0,38.0
2.0,000005_027_00000493#3,1.0,1.0,10.0,10.0,49.0
2.0,000005_027_00000493#4,1.0,1.0,10.0,10.0,21.0
2.0,000005_027_00000493#5,1.0,1.0,10.0,10.0,25.0
2.0,000005_027_00000493#6,1.0,1.0,10.0,10.0,20.0
2.0,000005_027_00000493#7,1.0,1.0,10.0,10.0,26.0
2.0,000005_027_00000493#8,1.0,1.0,10.0,10.0,74.0
2.0,000005_028_00000001#2,1.0,1.0,10.0,10.0,77.0
2.0,000005_028_00000163#2,1.0,1.0,10.0,10.0,31.0
2.0,00000618#2,1.0,1.0,10.0,10.0,101.0
2.0,000006_010_00000389#4,1.0,1.0,10.0,10.0,58.0
2.0,000006_011_00000307#3,1.0,1.0,10.0,10.0,25.0
2.0,000006_011_00000409#8,1.0,1.0,10.0,10.0,40.0
2.0,000006_011_00000409#10,1.0,1.0,10.0,10.0,54.0
2.0,000006_012_00000001#3,1.0,1.0,10.0,10.0,38.0
2.0,000006_012_00000001#6,1.0,1.0,10.0,10.0,63.0
2.0,000006_012_00000001#11,1.0,1.0,10.0,10.0,69.0
2.0,000006_012_00000001#12,1.0,1.0,10.0,10.0,33.0
2.0,000008_003_00000235#1,1.0,1.0,10.0,10.0,76.0
2.0,000008_003_00000235#2,1.0,1.0,10.0,10.0,59.0
2.0,000008_003_00000235#3,1.0,1.0,10.0,10.0,81.0
2.0,000008_003_00000235#4,1.0,1.0,10.0,10.0,66.0
2.0,000008_003_00000235#5,1.0,1.0,10.0,10.0,68.0
2.0,000008_003_00000235#10,1.0,1.0,10.0,10.0,68.0
2.0,000008_003_00000235#11,1.0,1.0,10.0,10.0,16.0
2.0,000008_003_00000352#1,1.0,1.0,10.0,10.0,66.0
2.0,000008_003_00000352#3,1.0,1.0,10.0,10.0,80.0
2.0,000008_003_00000352#5,1.0,1.0,10.0,10.0,74.0
2.0,000008_003_00000352#7,1.0,1.0,10.0,10.0,75.0
2.0,000008_003_00000352#8,1.0,1.0,10.0,10.0,75.0
2.0,000008_003_00000352#9,1.0,1.0,10.0,10.0,76.0
2.0,000008_003_00000352#10,1.0,1.0,10.0,10.0,64.0
2.0,000008_003_00000352#12,1.0,1.0,10.0,10.0,74.0
2.0,000008_003_00000352#13,1.0,1.0,10.0,10.0,16.0
2.0,000008_003_00000469#0,1.0,1.0,10.0,10.0,85.0
2.0,000008_003_00000469#1,1.0,1.0,10.0,10.0,70.0
2.0,000008_003_00000469#2,1.0,1.0,10.0,10.0,67.0
2.0,000008_003_00000469#3,1.0,1.0,10.0,10.0,78.0
2.0,000008_003_00000469#4,1.0,1.0,10.0,10.0,85.0
2.0,000008_003_00000469#6,1.0,1.0,10.0,10.0,89.0
2.0,000008_003_00000469#9,1.0,1.0,10.0,10.0,31.0
2.0,000008_003_00000469#10,1.0,1.0,10.0,10.0,18.0
2.0,000008_004_00000665#2,1.0,1.0,10.0,10.0,34.0
2.0,000008_004_00000665#4,1.0,1.0,10.0,10.0,39.0
2.0,000008_004_00000665#11,1.0,1.0,10.0,10.0,52.0
2.0,000008_004_00000665#12,1.0,1.0,10.0,10.0,63.0
2.0,000008_004_00000665#13,1.0,1.0,10.0,10.0,37.0
2.0,000008_013_00000195#1,1.0,1.0,10.0,10.0,66.0
2.0,000008_013_00000195#2,1.0,1.0,10.0,10.0,60.0
2.0,000008_042_00000273#1,1.0,1.0,10.0,10.0,40.0
2.0,000008_045_00000001#0,1.0,1.0,10.0,10.0,48.0
2.0,000008_045_00000001#2,1.0,1.0,10.0,10.0,70.0
2.0,000008_045_00000001#3,1.0,1.0,10.0,10.0,14.0
2.0,000008_045_00000157#0,1.0,1.0,10.0,10.0,80.0
2.0,000008_045_00000157#4,1.0,1.0,10.0,10.0,17.0
2.0,000008_048_00000361#3,1.0,1.0,10.0,10.0,42.0
2.0,000008_048_00000361#4,1.0,1.0,9.0,10.0,36.0
2.0,000008_048_00000361#5,1.0,1.0,10.0,10.0,29.0
2.0,000009_008_00000241#3,1.0,1.0,10.0,10.0,78.0
2.0,000009_008_00000241#5,1.0,1.0,10.0,10.0,69.0
2.0,000009_008_00000241#6,1.0,1.0,10.0,10.0,29.0
2.0,000009_008_00000241#7,1.0,1.0,10.0,10.0,76.0
2.0,000009_008_00000241#9,1.0,1.0,10.0,10.0,84.0
2.0,000009_033_00000333#1,1.0,1.0,10.0,10.0,16.0
2.0,000009_033_00000333#2,1.0,1.0,10.0,10.0,38.0
2.0,000009_033_00000333#3,1.0,1.0,10.0,10.0,38.0
2.0,000009_033_00000333#4,1.0,1.0,10.0,10.0,36.0
2.0,000009_033_00000333#6,1.0,1.0,10.0,10.0,51.0
2.0,000012_008_00000163#3,1.0,1.0,10.0,10.0,67.0
2.0,000012_008_00000163#4,1.0,1.0,10.0,10.0,55.0
2.0,000012_008_00000163#5,1.0,1.0,10.0,10.0,48.0
2.0,000012_008_00000163#6,1.0,1.0,10.0,10.0,60.0
2.0,000012_008_00000163#8,1.0,1.0,10.0,10.0,74.0
2.0,000012_008_00000163#10,1.0,1.0,10.0,10.0,17.0
2.0,000012_008_00000163#11,1.0,1.0,10.0,10.0,26.0
2.0,000012_008_00000163#12,1.0,1.0,10.0,10.0,27.0
2.0,000012_008_00000163#13,1.0,1.0,10.0,10.0,15.0
2.0,000012_008_00000163#14,1.0,1.0,10.0,10.0,11.0
2.0,000012_009_00000244#1,1.0,1.0,10.0,10.0,71.0
2.0,000012_009_00000244#3,1.0,1.0,10.0,10.0,68.0
2.0,000012_009_00000244#4,1.0,1.0,10.0,10.0,40.0
2.0,000012_009_00000244#5,1.0,1.0,10.0,10.0,45.0
2.0,000012_009_00000244#6,1.0,1.0,10.0,10.0,21.0
2.0,000012_009_00000244#7,1.0,1.0,10.0,10.0,13.0
2.0,000012_009_00000244#8,1.0,1.0,10.0,10.0,12.0
2.0,000012_009_00000244#9,1.0,1.0,10.0,10.0,14.0
2.0,000012_009_00000244#10,1.0,1.0,10.0,10.0,34.0
2.0,000012_009_00000244#11,1.0,1.0,10.0,10.0,18.0
2.0,000012_009_00000244#12,1.0,1.0,10.0,10.0,18.0
2.0,000012_009_00000244#13,1.0,1.0,10.0,10.0,19.0
2.0,000012_009_00000244#14,1.0,1.0,8.0,10.0,8.0
2.0,000012_009_00000325#3,1.0,1.0,10.0,10.0,82.0
2.0,000012_009_00000325#4,1.0,1.0,10.0,10.0,36.0
2.0,000012_009_00000325#5,1.0,1.0,10.0,10.0,43.0
2.0,000012_009_00000325#6,1.0,1.0,10.0,10.0,28.0
2.0,000012_009_00000325#7,1.0,1.0,10.0,10.0,17.0
2.0,000012_009_00000325#8,1.0,1.0,10.0,10.0,16.0
2.0,000012_009_00000325#9,1.0,1.0,8.0,10.0,8.0
2.0,000012_009_00000325#11,1.0,1.0,10.0,10.0,28.0
2.0,000012_009_00000325#12,1.0,1.0,10.0,10.0,15.0
2.0,000012_009_00000325#14,1.0,1.0,10.0,10.0,22.0
2.0,000012_009_00000325#15,1.0,1.0,8.0,10.0,19.0
2.0,000012_009_00000325#16,1.0,1.0,10.0,10.0,35.0
2.0,000012_014_00000184#0,1.0,1.0,10.0,10.0,33.0
2.0,000012_014_00000184#1,1.0,1.0,10.0,10.0,55.0
2.0,000012_014_00000184#3,1.0,1.0,10.0,10.0,26.0
2.0,000012_019_00000151#1,1.0,1.0,10.0,10.0,59.0
2.0,000012_019_00000151#2,1.0,1.0,10.0,10.0,14.0
2.0,000012_019_00000151#4,1.0,1.0,10.0,10.0,21.0
2.0,000012_019_00000151#5,1.0,1.0,10.0,10.0,14.0
2.0,000012_022_00000090#0,1.0,1.0,10.0,10.0,64.0
2.0,000012_022_00000090#1,1.0,1.0,10.0,10.0,23.0
2.0,000012_025_00000313#1,1.0,1.0,10.0,10.0,11.0
2.0,000012_025_00000313#2,1.0,1.0,10.0,10.0,11.0
2.0,000012_025_00000313#3,1.0,1.0,10.0,10.0,13.0
2.0,000012_025_00000313#4,1.0,1.0,7.0,10.0,7.0
2.0,000012_025_00000313#5,1.0,1.0,10.0,10.0,13.0
2.0,000012_025_00000313#6,1.0,1.0,8.0,10.0,8.0
2.0,000012_028_00000250#0,1.0,1.0,10.0,10.0,64.0
2.0,000012_028_00000250#1,1.0,1.0,10.0,10.0,56.0
2.0,000013_001_00000001#1,1.0,1.0,10.0,10.0,33.0
2.0,000013_001_00000001#2,1.0,1.0,10.0,10.0,34.0
2.0,000013_001_00000001#3,1.0,1.0,10.0,10.0,31.0
2.0,000013_002_00000281#1,1.0,1.0,10.0,10.0,31.0
2.0,000013_002_00000281#2,1.0,1.0,10.0,10.0,36.0
2.0,000013_002_00000281#3,1.0,1.0,10.0,10.0,20.0
2.0,000013_023_00000075#1,1.0,1.0,10.0,10.0,56.0
2.0,000013_023_00000075#2,1.0,1.0,10.0,10.0,68.0
2.0,000013_025_00000285#0,1.0,1.0,10.0,10.0,15.0
2.0,000013_025_00000285#1,1.0,1.0,10.0,10.0,56.0
2.0,000013_025_00000285#2,1.0,1.0,10.0,10.0,20.0
2.0,000013_030_00000063#0,1.0,1.0,10.0,10.0,21.0
2.0,000013_030_00000063#1,1.0,1.0,10.0,10.0,68.0
2.0,000013_039_00000063#0,1.0,1.0,10.0,10.0,41.0
2.0,000013_039_00000063#1,1.0,1.0,10.0,10.0,32.0
2.0,000013_039_00000063#3,1.0,1.0,10.0,10.0,26.0
2.0,000013_039_00000063#5,1.0,1.0,8.0,10.0,8.0
2.0,000013_040_suppl_00000167#0,1.0,1.0,10.0,10.0,79.0
2.0,000013_040_suppl_00000333#1,1.0,1.0,10.0,10.0,50.0
2.0,000013_040_suppl_00000333#3,1.0,1.0,10.0,10.0,80.0
2.0,000013_040_suppl_00000333#4,1.0,1.0,8.0,10.0,8.0
2.0,000013_044_00000001#0,1.0,1.0,10.0,10.0,24.0
2.0,000013_044_00000001#1,1.0,1.0,3.0,10.0,31.0
2.0,000013_044_00000001#2,1.0,1.0,9.0,10.0,72.0
2.0,000013_044_00000001#4,1.0,1.0,8.0,10.0,38.0
2.0,000013_044_00000001#5,1.0,1.0,1.0,10.0,72.0
2.0,000013_044_00000001#7,1.0,1.0,10.0,10.0,62.0
2.0,000013_048_00000001#0,1.0,1.0,10.0,10.0,46.0
2.0,000013_048_00000001#1,1.0,1.0,6.0,10.0,60.0
2.0,000013_048_00000001#3,0.0,1.0,0.0,10.0,49.0
2.0,000013_048_00000001#4,1.0,1.0,4.0,10.0,69.0
2.0,000013_056_00000281#2,1.0,1.0,10.0,10.0,49.0
2.0,000013_056_00000281#3,1.0,1.0,10.0,10.0,16.0
2.0,000013_056_00000281#4,1.0,1.0,10.0,10.0,21.0
2.0,000013_056_00000281#6,1.0,1.0,10.0,10.0,11.0
2.0,000013_056_00000281#7,1.0,1.0,10.0,10.0,12.0
2.0,000013_056_00000281#8,1.0,1.0,10.0,10.0,64.0
2.0,000013_056_00000281#9,1.0,1.0,10.0,10.0,43.0
2.0,000013_056_00000281#10,1.0,1.0,10.0,10.0,32.0
2.0,000014_012_00000217#1,1.0,1.0,10.0,10.0,41.0
2.0,000014_012_00000217#2,1.0,1.0,10.0,10.0,48.0
2.0,000014_050_00000273#3,1.0,1.0,10.0,10.0,47.0
2.0,000014_050_00000273#4,1.0,1.0,10.0,10.0,57.0
2.0,000014_050_00000273#5,1.0,1.0,10.0,10.0,26.0
2.0,000014_051_suppl_00000341#2,1.0,1.0,10.0,10.0,15.0
2.0,000014_052_00000131#2,1.0,1.0,10.0,10.0,22.0
2.0,000014_052_00000131#3,1.0,1.0,10.0,10.0,13.0
2.0,000015_004_00000268#0,1.0,1.0,10.0,10.0,27.0
2.0,000015_004_suppl_00000223#2,1.0,1.0,10.0,10.0,36.0
2.0,000016_043_suppl_00000292#1,1.0,1.0,10.0,10.0,21.0
2.0,000016_043_suppl_00000292#2,1.0,1.0,10.0,10.0,56.0
2.0,000016_043_suppl_00000292#4,1.0,1.0,10.0,10.0,30.0
2.0,000016_043_suppl_00000292#5,1.0,1.0,10.0,10.0,25.0
2.0,000016_043_suppl_00000292#6,1.0,1.0,10.0,10.0,45.0
2.0,000016_043_suppl_00000292#8,1.0,1.0,10.0,10.0,26.0
2.0,000016_043_suppl_00000292#9,1.0,1.0,10.0,10.0,32.0
2.0,000016_043_suppl_00000292#10,1.0,1.0,10.0,10.0,19.0
2.0,000016_043_suppl_00000292#11,1.0,1.0,10.0,10.0,27.0
2.0,000016_043_suppl_00000292#12,1.0,1.0,10.0,10.0,32.0
2.0,000016_043_suppl_00000292#14,1.0,1.0,10.0,10.0,70.0
2.0,000016_043_suppl_00000292#17,1.0,1.0,10.0,10.0,47.0
2.0,000016_043_suppl_00000292#20,1.0,1.0,10.0,10.0,23.0
2.0,000016_044_00000085#0,1.0,1.0,10.0,10.0,83.0
2.0,000016_044_00000085#1,1.0,1.0,10.0,10.0,62.0
2.0,000016_044_00000085#3,1.0,1.0,10.0,10.0,17.0
2.0,000016_044_00000085#4,1.0,1.0,10.0,10.0,65.0
2.0,000016_044_00000085#7,1.0,1.0,10.0,10.0,67.0
2.0,000016_044_00000085#10,1.0,1.0,10.0,10.0,78.0
2.0,000016_044_00000169#1,1.0,1.0,10.0,10.0,37.0
2.0,000016_044_00000169#2,1.0,1.0,10.0,10.0,36.0
2.0,000016_044_00000169#3,1.0,1.0,10.0,10.0,16.0
2.0,000016_044_00000169#5,1.0,1.0,10.0,10.0,15.0
2.0,000016_044_00000169#6,1.0,1.0,10.0,10.0,59.0
2.0,000016_044_00000169#8,1.0,1.0,10.0,10.0,88.0
2.0,000016_044_00000169#16,1.0,1.0,10.0,10.0,73.0
2.0,000016_044_00000169#17,1.0,1.0,10.0,10.0,65.0
2.0,000017_011_00000297#3,1.0,1.0,10.0,10.0,12.0
2.0,000017_011_00000297#5,1.0,1.0,10.0,10.0,68.0
2.0,000017_011_00000297#9,1.0,1.0,10.0,10.0,26.0
2.0,000017_011_00000297#10,1.0,1.0,10.0,10.0,86.0
2.0,000017_011_00000297#11,1.0,1.0,10.0,10.0,59.0
2.0,000017_011_00000297#13,1.0,1.0,10.0,10.0,43.0
2.0,000017_012_00000135#2,1.0,1.0,10.0,10.0,36.0
2.0,000017_020_00000214#0,1.0,1.0,10.0,10.0,21.0
2.0,000017_020_00000214#2,1.0,1.0,10.0,10.0,27.0
2.0,000017_020_suppl_00000356#0,1.0,1.0,10.0,10.0,20.0
2.0,000017_020_suppl_00000356#2,1.0,1.0,10.0,10.0,20.0
2.0,000018_006_00000063#0,1.0,1.0,10.0,10.0,66.0
2.0,000019_030_00000072#1,1.0,1.0,10.0,10.0,23.0
2.0,000019_030_00000072#2,1.0,1.0,10.0,10.0,72.0
2.0,000019_030_00000072#3,1.0,1.0,10.0,10.0,54.0
2.0,000019_030_00000072#4,1.0,1.0,10.0,10.0,21.0
2.0,000019_030_00000072#5,1.0,1.0,10.0,10.0,10.0
2.0,000019_038_00000205#2,1.0,1.0,10.0,10.0,20.0
2.0,000019_038_00000205#3,1.0,1.0,10.0,10.0,25.0
2.0,000019_038_00000205#4,1.0,1.0,10.0,10.0,21.0
2.0,000019_038_00000205#5,1.0,1.0,10.0,10.0,36.0
2.0,000019_038_00000205#6,1.0,1.0,10.0,10.0,84.0
2.0,000019_038_00000205#7,1.0,1.0,10.0,10.0,70.0
2.0,000019_038_00000205#8,1.0,1.0,10.0,10.0,82.0
2.0,000019_041_00000141#2,1.0,1.0,10.0,10.0,24.0
2.0,000019_045_00000145#4,1.0,1.0,10.0,10.0,46.0
2.0,000019_045_00000145#5,1.0,1.0,10.0,10.0,42.0
2.0,000019_045_00000145#7,1.0,1.0,8.0,10.0,67.0
2.0,000020_010_00000089#1,1.0,1.0,10.0,10.0,60.0
2.0,000020_010_00000089#5,1.0,1.0,9.0,10.0,9.0
2.0,000020_010_00000089#6,1.0,1.0,10.0,10.0,20.0
2.0,000020_010_00000089#7,1.0,1.0,4.0,10.0,8.0
2.0,000020_014_00000193#2,1.0,1.0,10.0,10.0,63.0
2.0,000020_014_00000193#3,1.0,1.0,10.0,10.0,76.0
2.0,000020_014_00000193#5,1.0,1.0,10.0,10.0,54.0
2.0,000020_014_00000193#6,1.0,1.0,10.0,10.0,77.0
2.0,000020_018_00000093#0,1.0,1.0,10.0,10.0,16.0
2.0,000020_018_00000093#1,1.0,1.0,10.0,10.0,24.0
2.0,000020_018_00000093#2,1.0,1.0,10.0,10.0,81.0
2.0,000020_018_00000093#3,1.0,1.0,10.0,10.0,42.0
2.0,000021_020_00000131#2,1.0,1.0,10.0,10.0,76.0
2.0,000023_005_00000070#1,1.0,1.0,10.0,10.0,32.0
2.0,000023_005_00000070#2,1.0,1.0,10.0,10.0,87.0
2.0,000023_005_00000070#3,1.0,1.0,10.0,10.0,63.0
2.0,000023_005_00000070#4,1.0,1.0,10.0,10.0,63.0
2.0,000023_005_00000070#5,1.0,1.0,10.0,10.0,18.0
2.0,000023_005_00000070#6,1.0,1.0,10.0,10.0,23.0
2.0,000031#0,1.0,1.0,10.0,10.0,53.0
2.0,000031#1,1.0,1.0,10.0,10.0,15.0
2.0,000031#2,1.0,1.0,8.0,10.0,8.0
2.0,000031#3,1.0,1.0,10.0,10.0,15.0
2.0,000031#6,1.0,1.0,10.0,10.0,24.0
2.0,000031#8,1.0,1.0,10.0,10.0,53.0
2.0,000031#10,1.0,1.0,10.0,10.0,16.0
2.0,000031#11,1.0,1.0,10.0,10.0,21.0
2.0,000066#0,1.0,1.0,10.0,10.0,31.0
2.0,000066#1,1.0,1.0,10.0,10.0,15.0
2.0,000066#2,1.0,1.0,9.0,10.0,61.0
2.0,000066#3,1.0,1.0,10.0,10.0,39.0
2.0,000070#0,1.0,1.0,10.0,10.0,28.0
2.0,000070#1,1.0,1.0,10.0,10.0,18.0
2.0,000070#2,1.0,1.0,9.0,10.0,52.0
2.0,000070#3,1.0,1.0,10.0,10.0,67.0
2.0,000173#1,1.0,1.0,10.0,10.0,27.0
2.0,000303#2,1.0,1.0,10.0,10.0,67.0
2.0,000303#6,1.0,1.0,10.0,10.0,30.0
2.0,000303#7,1.0,1.0,10.0,10.0,16.0
2.0,000328#1,1.0,1.0,10.0,10.0,58.0
2.0,000328#3,1.0,1.0,10.0,10.0,65.0
2.0,000415#1,1.0,1.0,10.0,10.0,14.0
2.0,000415#2,1.0,1.0,9.0,10.0,9.0
2.0,000415#4,1.0,1.0,10.0,10.0,22.0
2.0,000415#5,1.0,1.0,10.0,10.0,24.0
2.0,000415#6,1.0,1.0,10.0,10.0,12.0
2.0,000415#8,1.0,1.0,10.0,10.0,10.0
2.0,000415#10,1.0,1.0,10.0,10.0,13.0
2.0,000415#11,1.0,1.0,10.0,10.0,12.0
2.0,000415#13,1.0,1.0,10.0,10.0,21.0
2.0,000415#14,1.0,1.0,10.0,10.0,13.0
2.0,000415#15,1.0,1.0,10.0,10.0,17.0
2.0,000415#16,1.0,1.0,8.0,10.0,8.0
2.0,000415#17,1.0,1.0,8.0,10.0,10.0
2.0,000415#19,1.0,1.0,10.0,10.0,37.0
2.0,000433#7,1.0,1.0,10.0,10.0,57.0
2.0,000437#0,1.0,1.0,10.0,10.0,67.0
2.0,000437#1,1.0,1.0,10.0,10.0,75.0
2.0,000437#2,1.0,1.0,10.0,10.0,26.0
2.0,000437#5,1.0,1.0,10.0,10.0,48.0
2.0,000484#2,1.0,1.0,10.0,10.0,37.0
2.0,000484#3,1.0,1.0,10.0,10.0,55.0
2.0,000500#0,1.0,1.0,10.0,10.0,14.0
2.0,000500#1,1.0,1.0,9.0,10.0,9.0
2.0,000500#2,1.0,1.0,10.0,10.0,15.0
2.0,000525#0,1.0,1.0,10.0,10.0,14.0
2.0,000525#1,1.0,1.0,10.0,10.0,30.0
2.0,000525#2,1.0,1.0,10.0,10.0,35.0
2.0,000561#0,1.0,1.0,10.0,10.0,70.0
2.0,000561#3,1.0,1.0,10.0,10.0,63.0
2.0,000561#4,1.0,1.0,10.0,10.0,38.0
2.0,000597#2,1.0,1.0,10.0,10.0,62.0
2.0,000597#3,1.0,1.0,8.0,10.0,29.0
2.0,000630#0,1.0,1.0,10.0,10.0,14.0
2.0,000680#5,1.0,1.0,10.0,10.0,69.0
2.0,000707#1,1.0,1.0,10.0,10.0,13.0
2.0,000707#2,1.0,1.0,10.0,10.0,18.0
2.0,000707#3,1.0,1.0,9.0,10.0,9.0
2.0,000707#4,1.0,1.0,10.0,10.0,25.0
2.0,000707#5,1.0,1.0,10.0,10.0,20.0
2.0,000735#1,1.0,1.0,10.0,10.0,11.0
2.0,000738#0,1.0,1.0,10.0,10.0,26.0
2.0,000738#2,1.0,1.0,9.0,10.0,9.0
2.0,000738#3,1.0,1.0,10.0,10.0,36.0
2.0,000756#4,1.0,1.0,10.0,10.0,34.0
2.0,000759#2,1.0,1.0,10.0,10.0,34.0
2.0,000780#0,1.0,1.0,10.0,10.0,22.0
2.0,000780#3,1.0,1.0,10.0,10.0,90.0
2.0,000783#0,1.0,1.0,10.0,10.0,45.0
2.0,000783#1,1.0,1.0,10.0,10.0,42.0
2.0,000783#3,1.0,1.0,10.0,10.0,38.0
2.0,000783#4,1.0,1.0,10.0,10.0,26.0
2.0,000808#1,1.0,1.0,10.0,10.0,21.0
2.0,000820#2,1.0,1.0,10.0,10.0,58.0
2.0,000820#3,1.0,1.0,10.0,10.0,45.0
2.0,000820#4,1.0,1.0,10.0,10.0,25.0
2.0,000820#5,1.0,1.0,10.0,10.0,27.0
2.0,000820#7,1.0,1.0,8.0,10.0,8.0
2.0,000889#5,1.0,1.0,10.0,10.0,84.0
2.0,000889#6,1.0,1.0,10.0,10.0,40.0
2.0,000889#7,1.0,1.0,10.0,10.0,14.0
2.0,000889#8,1.0,1.0,10.0,10.0,15.0
2.0,000889#9,1.0,1.0,10.0,10.0,22.0
2.0,000889#13,1.0,1.0,10.0,10.0,24.0
2.0,000889#14,1.0,1.0,10.0,10.0,69.0
2.0,000943#0,1.0,1.0,10.0,10.0,16.0
2.0,000943#1,1.0,1.0,10.0,10.0,14.0
2.0,000943#2,1.0,1.0,10.0,10.0,64.0
2.0,000943#3,1.0,1.0,7.0,10.0,7.0
2.0,000943#4,1.0,1.0,7.0,10.0,7.0
2.0,000943#6,1.0,1.0,7.0,10.0,18.0
2.0,000943#7,1.0,1.0,10.0,10.0,23.0
2.0,000952#0,1.0,1.0,10.0,10.0,22.0
2.0,001033#1,1.0,1.0,10.0,10.0,15.0
2.0,001033#2,1.0,1.0,10.0,10.0,31.0
2.0,001033#3,1.0,1.0,10.0,10.0,41.0
2.0,001033#9,1.0,1.0,8.0,10.0,25.0
2.0,001033#10,1.0,1.0,9.0,10.0,21.0
2.0,001035#0,1.0,1.0,10.0,10.0,19.0
2.0,001035#1,1.0,1.0,10.0,10.0,53.0
2.0,001035#2,1.0,1.0,10.0,10.0,76.0
2.0,001035#7,1.0,1.0,10.0,10.0,40.0
2.0,001035#9,1.0,1.0,10.0,10.0,22.0
2.0,001035#10,1.0,1.0,10.0,10.0,63.0
2.0,001114#5,1.0,1.0,10.0,10.0,47.0
2.0,001114#6,1.0,1.0,10.0,10.0,40.0
2.0,001114#7,1.0,1.0,10.0,10.0,12.0
2.0,001114#8,1.0,1.0,10.0,10.0,26.0
2.0,001114#10,1.0,1.0,10.0,10.0,17.0
2.0,001123#0,1.0,1.0,10.0,10.0,31.0
2.0,001123#1,1.0,1.0,10.0,10.0,76.0
2.0,001123#2,1.0,1.0,10.0,10.0,77.0
2.0,001123#4,1.0,1.0,10.0,10.0,64.0
2.0,001123#5,1.0,1.0,10.0,10.0,42.0
2.0,001123#6,1.0,1.0,10.0,10.0,79.0
2.0,001123#7,1.0,1.0,10.0,10.0,86.0
2.0,001123#8,1.0,1.0,8.0,10.0,36.0
2.0,001123#9,1.0,1.0,10.0,10.0,56.0
2.0,001123#10,1.0,1.0,10.0,10.0,62.0
2.0,001123#11,1.0,1.0,10.0,10.0,66.0
2.0,001123#12,1.0,1.0,10.0,10.0,79.0
2.0,001123#13,1.0,1.0,10.0,10.0,31.0
2.0,001123#18,1.0,1.0,9.0,10.0,9.0
2.0,001123#19,1.0,1.0,8.0,10.0,10.0
2.0,001123#20,1.0,1.0,10.0,10.0,49.0
2.0,001123#21,1.0,1.0,10.0,10.0,32.0
2.0,001123#22,1.0,1.0,10.0,10.0,33.0
2.0,001135#4,1.0,1.0,10.0,10.0,64.0
2.0,001135#6,1.0,1.0,10.0,10.0,72.0
2.0,001135#7,1.0,1.0,5.0,10.0,14.0
2.0,001157#4,1.0,1.0,10.0,10.0,14.0
2.0,001157#5,1.0,1.0,10.0,10.0,30.0
2.0,001157#8,1.0,1.0,10.0,10.0,77.0
2.0,001157#9,1.0,1.0,10.0,10.0,68.0
2.0,001202#3,1.0,1.0,10.0,10.0,72.0
2.0,001202#4,1.0,1.0,10.0,10.0,78.0
2.0,001202#8,1.0,1.0,10.0,10.0,23.0
2.0,001202#10,1.0,1.0,10.0,10.0,56.0
2.0,001202#11,1.0,1.0,10.0,10.0,57.0
2.0,001202#12,1.0,1.0,10.0,10.0,42.0
2.0,001257#0,1.0,1.0,10.0,10.0,46.0
2.0,001257#3,1.0,1.0,10.0,10.0,69.0
2.0,001257#6,1.0,1.0,10.0,10.0,27.0
2.0,001257#9,1.0,1.0,10.0,10.0,27.0
2.0,001257#10,1.0,1.0,10.0,10.0,46.0
2.0,001257#11,1.0,1.0,10.0,10.0,31.0
2.0,001276#3,1.0,1.0,10.0,10.0,58.0
2.0,001276#7,1.0,1.0,10.0,10.0,30.0
2.0,001276#9,1.0,1.0,10.0,10.0,54.0
2.0,001276#10,1.0,1.0,10.0,10.0,27.0
2.0,001276#11,1.0,1.0,10.0,10.0,31.0
2.0,001276#12,1.0,1.0,10.0,10.0,25.0
2.0,001276#13,1.0,1.0,10.0,10.0,35.0
2.0,001276#14,1.0,1.0,10.0,10.0,50.0
2.0,001276#15,1.0,1.0,10.0,10.0,25.0
2.0,001295#0,1.0,1.0,10.0,10.0,30.0
2.0,001295#1,1.0,1.0,10.0,10.0,52.0
2.0,001295#3,1.0,1.0,10.0,10.0,10.0
2.0,001295#10,1.0,1.0,10.0,10.0,55.0
2.0,001295#11,1.0,1.0,10.0,10.0,24.0
2.0,001295#12,1.0,1.0,10.0,10.0,17.0
2.0,001295#13,1.0,1.0,9.0,10.0,28.0
2.0,001295#14,1.0,1.0,10.0,10.0,36.0
2.0,001295#15,1.0,1.0,10.0,10.0,24.0
2.0,001295#17,1.0,1.0,10.0,10.0,19.0
2.0,001295#18,1.0,1.0,10.0,10.0,15.0
2.0,001295#19,1.0,1.0,10.0,10.0,17.0
2.0,001295#20,1.0,1.0,10.0,10.0,16.0
2.0,001295#21,1.0,1.0,10.0,10.0,22.0
2.0,001295#22,1.0,1.0,10.0,10.0,26.0
2.0,001295#24,1.0,1.0,10.0,10.0,26.0
2.0,001295#26,1.0,1.0,9.0,10.0,9.0
2.0,001409#0,1.0,1.0,10.0,10.0,39.0
2.0,001409#1,1.0,1.0,10.0,10.0,43.0
2.0,001415#0,1.0,1.0,10.0,10.0,42.0
2.0,001415#1,1.0,1.0,10.0,10.0,44.0
2.0,001415#2,1.0,1.0,10.0,10.0,41.0
2.0,001415#3,1.0,1.0,10.0,10.0,53.0
2.0,001443#3,1.0,1.0,10.0,10.0,53.0
2.0,001443#4,1.0,1.0,10.0,10.0,73.0
2.0,001443#6,1.0,1.0,4.0,10.0,66.0
2.0,001443#7,1.0,1.0,10.0,10.0,67.0
2.0,001443#9,1.0,1.0,10.0,10.0,27.0
2.0,001443#10,1.0,1.0,10.0,10.0,46.0
2.0,001461#2,1.0,1.0,10.0,10.0,28.0
2.0,001461#3,1.0,1.0,10.0,10.0,42.0
2.0,001461#4,1.0,1.0,10.0,10.0,64.0
2.0,001461#5,1.0,1.0,10.0,10.0,36.0
2.0,001531#1,1.0,1.0,10.0,10.0,16.0
2.0,001531#2,1.0,1.0,10.0,10.0,11.0
2.0,001531#6,1.0,1.0,10.0,10.0,28.0
2.0,001531#8,1.0,1.0,10.0,10.0,11.0
2.0,001531#10,1.0,1.0,10.0,10.0,43.0
2.0,001558#4,1.0,1.0,10.0,10.0,31.0
2.0,001683#1,1.0,1.0,10.0,10.0,83.0
2.0,001683#6,1.0,1.0,10.0,10.0,36.0
2.0,001683#7,1.0,1.0,10.0,10.0,46.0
2.0,001683#8,1.0,1.0,10.0,10.0,50.0
2.0,001694#1,1.0,1.0,10.0,10.0,28.0
2.0,001694#2,1.0,1.0,10.0,10.0,64.0
2.0,001694#7,1.0,1.0,10.0,10.0,62.0
2.0,001694#8,1.0,1.0,10.0,10.0,36.0
2.0,001694#9,1.0,1.0,10.0,10.0,50.0
2.0,001694#10,1.0,1.0,10.0,10.0,27.0
2.0,001694#11,1.0,1.0,10.0,10.0,28.0
2.0,001694#12,1.0,1.0,10.0,10.0,22.0
2.0,001694#13,1.0,1.0,10.0,10.0,27.0
2.0,001694#14,1.0,1.0,10.0,10.0,31.0
2.0,001707#1,1.0,1.0,10.0,10.0,22.0
2.0,001707#2,1.0,1.0,10.0,10.0,68.0
2.0,001707#7,1.0,1.0,10.0,10.0,62.0
2.0,001707#8,1.0,1.0,10.0,10.0,36.0
2.0,001707#9,1.0,1.0,10.0,10.0,31.0
2.0,001707#10,1.0,1.0,10.0,10.0,34.0
2.0,001707#11,1.0,1.0,10.0,10.0,57.0
2.0,001707#12,1.0,1.0,10.0,10.0,19.0
2.0,001712#1,1.0,1.0,10.0,10.0,72.0
2.0,001712#6,1.0,1.0,10.0,10.0,58.0
2.0,001712#7,1.0,1.0,10.0,10.0,16.0
2.0,001712#8,1.0,1.0,10.0,10.0,36.0
2.0,001712#9,1.0,1.0,10.0,10.0,55.0
2.0,001712#10,1.0,1.0,10.0,10.0,25.0
2.0,001712#11,1.0,1.0,10.0,10.0,23.0
2.0,001712#12,1.0,1.0,10.0,10.0,27.0
2.0,001724#1,1.0,1.0,10.0,10.0,11.0
2.0,001724#3,1.0,1.0,10.0,10.0,56.0
2.0,001724#7,1.0,1.0,10.0,10.0,84.0
2.0,001724#8,1.0,1.0,10.0,10.0,34.0
2.0,001724#9,1.0,1.0,10.0,10.0,30.0
2.0,001724#10,1.0,1.0,10.0,10.0,27.0
2.0,001724#11,1.0,1.0,10.0,10.0,34.0
2.0,001724#12,1.0,1.0,10.0,10.0,38.0
2.0,001737#3,1.0,1.0,10.0,10.0,54.0
2.0,001737#7,1.0,1.0,10.0,10.0,76.0
2.0,001737#8,1.0,1.0,8.0,10.0,8.0
2.0,001737#9,1.0,1.0,10.0,10.0,15.0
2.0,001737#10,1.0,1.0,10.0,10.0,36.0
2.0,001737#11,1.0,1.0,10.0,10.0,30.0
2.0,001737#12,1.0,1.0,10.0,10.0,38.0
2.0,001737#13,1.0,1.0,10.0,10.0,30.0
2.0,001742#0,1.0,1.0,10.0,10.0,41.0
2.0,001763#0,1.0,1.0,10.0,10.0,25.0
2.0,001785#0,1.0,1.0,10.0,10.0,50.0
2.0,001785#1,1.0,1.0,10.0,10.0,51.0
2.0,001785#2,1.0,1.0,10.0,10.0,80.0
2.0,001851#0,1.0,1.0,10.0,10.0,48.0
2.0,001851#8,1.0,1.0,10.0,10.0,25.0
2.0,001851#9,1.0,1.0,10.0,10.0,27.0
2.0,001851#10,1.0,1.0,10.0,10.0,31.0
2.0,001851#11,1.0,1.0,10.0,10.0,25.0
2.0,001851#12,1.0,1.0,10.0,10.0,27.0
2.0,001851#13,1.0,1.0,10.0,10.0,50.0
2.0,001851#14,1.0,1.0,10.0,10.0,27.0
2.0,001862#0,1.0,1.0,10.0,10.0,48.0
2.0,001862#8,1.0,1.0,10.0,10.0,21.0
2.0,001862#9,1.0,1.0,10.0,10.0,27.0
2.0,001862#10,1.0,1.0,10.0,10.0,54.0
2.0,001862#11,1.0,1.0,10.0,10.0,21.0
2.0,001862#12,1.0,1.0,10.0,10.0,20.0
2.0,001862#13,1.0,1.0,10.0,10.0,32.0
2.0,001862#14,1.0,1.0,10.0,10.0,29.0
2.0,001862#15,1.0,1.0,10.0,10.0,37.0
2.0,001873#0,1.0,1.0,10.0,10.0,48.0
2.0,001873#4,1.0,1.0,10.0,10.0,73.0
2.0,001873#8,1.0,1.0,10.0,10.0,26.0
2.0,001873#9,1.0,1.0,10.0,10.0,50.0
2.0,001873#10,1.0,1.0,10.0,10.0,14.0
2.0,001873#11,1.0,1.0,10.0,10.0,27.0
2.0,001873#12,1.0,1.0,10.0,10.0,26.0
2.0,001873#13,1.0,1.0,10.0,10.0,27.0
2.0,001881#0,1.0,1.0,10.0,10.0,48.0
2.0,001881#4,1.0,1.0,10.0,10.0,73.0
2.0,001881#8,1.0,1.0,10.0,10.0,25.0
2.0,001881#9,1.0,1.0,10.0,10.0,54.0
2.0,001881#10,1.0,1.0,10.0,10.0,22.0
2.0,001884#0,1.0,1.0,10.0,10.0,52.0
2.0,001884#4,1.0,1.0,10.0,10.0,73.0
2.0,001884#8,1.0,1.0,10.0,10.0,21.0
2.0,001884#9,1.0,1.0,10.0,10.0,57.0
2.0,001884#10,1.0,1.0,10.0,10.0,25.0
2.0,001884#11,1.0,1.0,10.0,10.0,23.0
2.0,001884#12,1.0,1.0,10.0,10.0,20.0
2.0,001884#13,1.0,1.0,10.0,10.0,17.0
2.0,001884#14,1.0,1.0,10.0,10.0,27.0
2.0,001898#0,1.0,1.0,10.0,10.0,52.0
2.0,001898#4,1.0,1.0,10.0,10.0,74.0
2.0,001898#7,1.0,1.0,10.0,10.0,22.0
2.0,001898#8,1.0,1.0,10.0,10.0,20.0
2.0,001898#9,1.0,1.0,10.0,10.0,21.0
2.0,001898#10,1.0,1.0,10.0,10.0,24.0
2.0,001898#11,1.0,1.0,10.0,10.0,36.0
2.0,001898#12,1.0,1.0,10.0,10.0,55.0
2.0,001898#13,1.0,1.0,10.0,10.0,27.0
2.0,001898#14,1.0,1.0,10.0,10.0,24.0
2.0,001970#1,1.0,1.0,10.0,10.0,73.0
2.0,001970#3,1.0,1.0,10.0,10.0,36.0
2.0,001970#7,1.0,1.0,10.0,10.0,65.0
2.0,001970#8,1.0,1.0,10.0,10.0,26.0
2.0,001970#9,1.0,1.0,10.0,10.0,41.0
2.0,001970#10,1.0,1.0,10.0,10.0,27.0
2.0,002048#2,1.0,1.0,10.0,10.0,68.0
2.0,002048#3,1.0,1.0,10.0,10.0,53.0
2.0,002048#4,1.0,1.0,10.0,10.0,76.0
2.0,002048#7,1.0,1.0,10.0,10.0,37.0
2.0,002048#8,1.0,1.0,10.0,10.0,19.0
2.0,002048#9,1.0,1.0,10.0,10.0,40.0
2.0,002048#10,1.0,1.0,10.0,10.0,41.0
2.0,002097#3,1.0,1.0,10.0,10.0,67.0
2.0,002097#4,1.0,1.0,10.0,10.0,75.0
2.0,002097#7,1.0,1.0,10.0,10.0,22.0
2.0,002097#8,1.0,1.0,10.0,10.0,29.0
2.0,002097#9,1.0,1.0,10.0,10.0,32.0
2.0,002097#10,1.0,1.0,10.0,10.0,32.0
2.0,002102#0,1.0,1.0,10.0,10.0,63.0
2.0,002102#1,1.0,1.0,10.0,10.0,67.0
2.0,002102#2,1.0,1.0,10.0,10.0,64.0
2.0,002102#3,1.0,1.0,10.0,10.0,55.0
2.0,002102#4,1.0,1.0,10.0,10.0,59.0
2.0,002102#5,1.0,1.0,10.0,10.0,40.0
2.0,002102#6,1.0,1.0,10.0,10.0,56.0
2.0,002102#7,1.0,1.0,10.0,10.0,56.0
2.0,002102#8,1.0,1.0,10.0,10.0,50.0
2.0,002156#0,1.0,1.0,10.0,10.0,40.0
2.0,002156#1,1.0,1.0,10.0,10.0,28.0
2.0,002156#2,1.0,1.0,10.0,10.0,38.0
2.0,002156#3,1.0,1.0,6.0,10.0,59.0
2.0,002156#4,1.0,1.0,10.0,10.0,81.0
2.0,002156#7,1.0,1.0,10.0,10.0,46.0
2.0,002156#8,1.0,1.0,10.0,10.0,34.0
2.0,002156#9,1.0,1.0,10.0,10.0,53.0
2.0,002207#0,1.0,1.0,9.0,10.0,11.0
2.0,002207#1,1.0,1.0,10.0,10.0,49.0
2.0,002235#3,1.0,1.0,10.0,10.0,36.0
2.0,002235#5,1.0,1.0,10.0,10.0,55.0
2.0,002235#6,1.0,1.0,6.0,10.0,17.0
2.0,002235#7,1.0,1.0,10.0,10.0,27.0
2.0,002235#10,1.0,1.0,10.0,10.0,10.0
2.0,002265#3,1.0,1.0,10.0,10.0,15.0
2.0,002265#4,1.0,1.0,10.0,10.0,13.0
2.0,002276#0,1.0,1.0,10.0,10.0,41.0
2.0,002276#1,1.0,1.0,10.0,10.0,18.0
2.0,002276#2,1.0,1.0,10.0,10.0,32.0
2.0,002276#3,1.0,1.0,10.0,10.0,53.0
2.0,002276#6,1.0,1.0,10.0,10.0,46.0
2.0,002331#2,1.0,1.0,10.0,10.0,49.0
2.0,002331#3,1.0,1.0,10.0,10.0,37.0
2.0,002331#4,1.0,1.0,10.0,10.0,75.0
2.0,002331#16,1.0,1.0,10.0,10.0,14.0
2.0,002331#18,1.0,1.0,10.0,10.0,21.0
2.0,002334#1,1.0,1.0,10.0,10.0,11.0
2.0,002334#8,1.0,1.0,10.0,10.0,56.0
2.0,002334#9,1.0,1.0,10.0,10.0,18.0
2.0,002338#0,1.0,1.0,10.0,10.0,62.0
2.0,002338#1,1.0,1.0,10.0,10.0,70.0
2.0,002338#4,1.0,1.0,10.0,10.0,73.0
2.0,002338#5,1.0,1.0,10.0,10.0,44.0
2.0,002357#0,1.0,1.0,10.0,10.0,23.0
2.0,002357#1,1.0,1.0,10.0,10.0,35.0
2.0,002357#2,1.0,1.0,10.0,10.0,72.0
2.0,002357#3,1.0,1.0,10.0,10.0,43.0
2.0,002359#0,1.0,1.0,10.0,10.0,29.0
2.0,002359#1,1.0,1.0,10.0,10.0,43.0
2.0,002359#2,1.0,1.0,10.0,10.0,45.0
2.0,002359#3,1.0,1.0,10.0,10.0,27.0
2.0,002378#0,1.0,1.0,10.0,10.0,34.0
2.0,002378#1,1.0,1.0,10.0,10.0,11.0
2.0,002378#3,1.0,1.0,10.0,10.0,66.0
2.0,002378#5,1.0,1.0,10.0,10.0,73.0
2.0,002378#6,1.0,1.0,10.0,10.0,19.0
2.0,002380#2,1.0,1.0,10.0,10.0,77.0
2.0,002380#3,1.0,1.0,10.0,10.0,55.0
2.0,002380#4,1.0,1.0,10.0,10.0,19.0
2.0,002380#5,1.0,1.0,8.0,10.0,8.0
2.0,002380#6,1.0,1.0,10.0,10.0,45.0
2.0,002380#7,1.0,1.0,10.0,10.0,14.0
2.0,002380#8,1.0,1.0,10.0,10.0,15.0
2.0,002380#9,1.0,1.0,10.0,10.0,25.0
2.0,002413#0,1.0,1.0,10.0,10.0,23.0
2.0,002517#1,1.0,1.0,10.0,10.0,48.0
2.0,002517#2,1.0,1.0,10.0,10.0,16.0
2.0,002517#4,1.0,1.0,10.0,10.0,23.0
2.0,002517#5,1.0,1.0,10.0,10.0,76.0
2.0,002584#4,1.0,1.0,10.0,10.0,11.0
2.0,002584#6,1.0,1.0,10.0,10.0,11.0
2.0,002625#6,1.0,1.0,10.0,10.0,17.0
2.0,002625#8,1.0,1.0,10.0,10.0,26.0
2.0,002625#10,1.0,1.0,10.0,10.0,27.0
2.0,002625#13,1.0,1.0,10.0,10.0,22.0
2.0,002625#14,1.0,1.0,10.0,10.0,73.0
2.0,002625#18,1.0,1.0,10.0,10.0,29.0
2.0,002625#19,1.0,1.0,9.0,10.0,13.0
2.0,002625#20,1.0,1.0,10.0,10.0,70.0
2.0,002625#21,1.0,1.0,10.0,10.0,82.0
2.0,002625#22,1.0,1.0,10.0,10.0,36.0
2.0,002625#23,1.0,1.0,10.0,10.0,34.0
2.0,002625#24,1.0,1.0,10.0,10.0,65.0
2.0,002625#25,1.0,1.0,10.0,10.0,11.0
2.0,002625#26,1.0,1.0,10.0,10.0,48.0
2.0,002625#27,1.0,1.0,5.0,10.0,25.0
2.0,002625#28,1.0,1.0,10.0,10.0,37.0
2.0,002625#29,1.0,1.0,10.0,10.0,63.0
2.0,002625#30,1.0,1.0,10.0,10.0,23.0
2.0,002625#31,1.0,1.0,10.0,10.0,34.0
2.0,002625#32,1.0,1.0,10.0,10.0,45.0
2.0,002625#33,1.0,1.0,10.0,10.0,12.0
2.0,002627#5,1.0,1.0,10.0,10.0,20.0
2.0,002627#7,1.0,1.0,10.0,10.0,17.0
2.0,002627#11,1.0,1.0,10.0,10.0,74.0
2.0,002627#12,1.0,1.0,10.0,10.0,32.0
2.0,002627#15,1.0,1.0,10.0,10.0,69.0
2.0,002627#17,1.0,1.0,10.0,10.0,73.0
2.0,002627#18,1.0,1.0,10.0,10.0,74.0
2.0,002627#19,1.0,1.0,10.0,10.0,18.0
2.0,002627#22,1.0,1.0,10.0,10.0,87.0
2.0,002627#23,1.0,1.0,10.0,10.0,71.0
2.0,002627#26,1.0,1.0,10.0,10.0,80.0
2.0,002627#27,1.0,1.0,10.0,10.0,81.0
2.0,002627#28,1.0,1.0,10.0,10.0,48.0
2.0,002627#30,1.0,1.0,10.0,10.0,39.0
2.0,002627#31,1.0,1.0,10.0,10.0,50.0
2.0,002627#32,1.0,1.0,10.0,10.0,55.0
2.0,002671#7,1.0,1.0,10.0,10.0,51.0
2.0,002671#9,1.0,1.0,10.0,10.0,25.0
2.0,002671#11,1.0,1.0,10.0,10.0,39.0
2.0,002671#12,1.0,1.0,10.0,10.0,63.0
2.0,002671#13,1.0,1.0,10.0,10.0,45.0
2.0,002671#14,1.0,1.0,10.0,10.0,30.0
2.0,002671#15,1.0,1.0,10.0,10.0,30.0
2.0,002671#16,1.0,1.0,10.0,10.0,18.0
2.0,002671#17,1.0,1.0,10.0,10.0,45.0
2.0,002671#18,1.0,1.0,10.0,10.0,18.0
2.0,002671#19,1.0,1.0,10.0,10.0,57.0
2.0,002671#20,1.0,1.0,10.0,10.0,46.0
2.0,002671#21,1.0,1.0,10.0,10.0,23.0
2.0,002671#22,1.0,1.0,10.0,10.0,23.0
2.0,002671#23,1.0,1.0,10.0,10.0,46.0
2.0,002671#24,1.0,1.0,10.0,10.0,59.0
2.0,002677#0,1.0,1.0,10.0,10.0,63.0
2.0,002677#1,1.0,1.0,10.0,10.0,40.0
2.0,002677#16,1.0,1.0,10.0,10.0,14.0
2.0,002677#17,1.0,1.0,10.0,10.0,24.0
2.0,002677#18,1.0,1.0,10.0,10.0,76.0
2.0,002707#11,1.0,1.0,10.0,10.0,22.0
2.0,002707#12,1.0,1.0,10.0,10.0,25.0
2.0,002707#13,1.0,1.0,10.0,10.0,62.0
2.0,002750#1,1.0,1.0,10.0,10.0,15.0
2.0,002750#4,1.0,1.0,10.0,10.0,42.0
2.0,002750#12,1.0,1.0,10.0,10.0,13.0
2.0,002750#13,1.0,1.0,9.0,10.0,12.0
2.0,002750#14,1.0,1.0,10.0,10.0,10.0
2.0,002750#16,1.0,1.0,8.0,10.0,8.0
2.0,002750#18,1.0,1.0,10.0,10.0,14.0
2.0,002750#19,1.0,1.0,10.0,10.0,22.0
2.0,002750#20,1.0,1.0,10.0,10.0,28.0
2.0,002750#21,1.0,1.0,10.0,10.0,28.0
2.0,002750#22,1.0,1.0,10.0,10.0,53.0
2.0,002750#23,1.0,1.0,10.0,10.0,25.0
2.0,002750#25,1.0,1.0,10.0,10.0,51.0
2.0,002762#1,1.0,1.0,10.0,10.0,17.0
2.0,002839#1,1.0,1.0,10.0,10.0,21.0
2.0,002839#2,1.0,1.0,10.0,10.0,25.0
2.0,002839#3,1.0,1.0,10.0,10.0,48.0
2.0,002839#4,1.0,1.0,10.0,10.0,31.0
2.0,002842#3,1.0,1.0,10.0,10.0,25.0
2.0,002842#4,1.0,1.0,10.0,10.0,21.0
2.0,002844#1,1.0,1.0,10.0,10.0,42.0
2.0,002844#2,1.0,1.0,10.0,10.0,21.0
2.0,002844#3,1.0,1.0,10.0,10.0,38.0
2.0,002935#0,1.0,1.0,8.0,10.0,17.0
2.0,002935#1,1.0,1.0,7.0,10.0,13.0
2.0,002955#0,1.0,1.0,10.0,10.0,72.0
2.0,002955#1,1.0,1.0,10.0,10.0,47.0
2.0,002955#4,1.0,1.0,10.0,10.0,32.0
2.0,002955#5,1.0,1.0,10.0,10.0,21.0
2.0,002955#6,1.0,1.0,10.0,10.0,37.0
2.0,002955#7,1.0,1.0,10.0,10.0,68.0
2.0,002955#8,1.0,1.0,10.0,10.0,61.0
2.0,002955#9,1.0,1.0,10.0,10.0,11.0
2.0,002955#10,1.0,1.0,10.0,10.0,42.0
2.0,002955#11,1.0,1.0,10.0,10.0,42.0
2.0,002955#12,1.0,1.0,10.0,10.0,57.0
2.0,002955#13,1.0,1.0,10.0,10.0,67.0
2.0,002955#14,1.0,1.0,10.0,10.0,73.0
2.0,002955#16,1.0,1.0,10.0,10.0,49.0
2.0,002955#17,1.0,1.0,10.0,10.0,81.0
2.0,002955#20,1.0,1.0,10.0,10.0,15.0
2.0,002955#23,1.0,1.0,10.0,10.0,29.0
2.0,002955#24,1.0,1.0,7.0,10.0,7.0
2.0,002987#0,1.0,1.0,10.0,10.0,16.0
2.0,002987#1,1.0,1.0,9.0,10.0,9.0
2.0,002987#2,1.0,1.0,10.0,10.0,23.0
2.0,002987#3,1.0,1.0,10.0,10.0,14.0
2.0,002987#4,1.0,1.0,10.0,10.0,34.0
2.0,002987#6,1.0,1.0,10.0,10.0,64.0
2.0,002987#7,1.0,1.0,10.0,10.0,73.0
2.0,002987#8,1.0,1.0,10.0,10.0,28.0
2.0,002987#9,1.0,1.0,10.0,10.0,14.0
2.0,002987#10,1.0,1.0,10.0,10.0,15.0
2.0,002987#11,1.0,1.0,10.0,10.0,15.0
2.0,002987#12,1.0,1.0,8.0,10.0,8.0
2.0,002987#13,1.0,1.0,10.0,10.0,34.0
2.0,002987#14,1.0,1.0,10.0,10.0,20.0
2.0,002987#15,1.0,1.0,10.0,10.0,37.0
2.0,003007#6,1.0,1.0,9.0,10.0,9.0
2.0,003007#8,1.0,1.0,10.0,10.0,41.0
2.0,003007#9,1.0,1.0,10.0,10.0,24.0
2.0,003013#6,1.0,1.0,10.0,10.0,20.0
2.0,003017#4,1.0,1.0,10.0,10.0,12.0
2.0,003026#4,1.0,1.0,10.0,10.0,17.0
2.0,003056#1,1.0,1.0,10.0,10.0,24.0
2.0,003056#2,1.0,1.0,10.0,10.0,15.0
2.0,003056#3,1.0,1.0,10.0,10.0,15.0
2.0,003056#4,1.0,1.0,10.0,10.0,11.0
2.0,003056#7,1.0,1.0,10.0,10.0,38.0
2.0,003056#8,1.0,1.0,9.0,10.0,9.0
2.0,003056#9,1.0,1.0,10.0,10.0,27.0
2.0,003056#10,1.0,1.0,10.0,10.0,18.0
2.0,003056#11,1.0,1.0,10.0,10.0,61.0
2.0,003148#0,1.0,1.0,10.0,10.0,61.0
2.0,003148#2,1.0,1.0,10.0,10.0,63.0
2.0,003148#3,1.0,1.0,10.0,10.0,42.0
2.0,003148#6,1.0,1.0,10.0,10.0,47.0
2.0,003148#7,1.0,1.0,8.0,10.0,8.0
2.0,003148#8,1.0,1.0,8.0,10.0,8.0
2.0,003160#0,1.0,1.0,10.0,10.0,42.0
2.0,003160#1,1.0,1.0,10.0,10.0,28.0
2.0,003160#2,1.0,1.0,10.0,10.0,31.0
2.0,003160#3,1.0,1.0,8.0,10.0,27.0
2.0,003160#4,1.0,1.0,10.0,10.0,31.0
2.0,003160#5,1.0,1.0,10.0,10.0,84.0
2.0,003160#7,1.0,1.0,10.0,10.0,37.0
2.0,003160#8,1.0,1.0,10.0,10.0,69.0
2.0,003160#9,1.0,1.0,10.0,10.0,19.0
2.0,003160#11,1.0,1.0,10.0,10.0,78.0
2.0,003160#13,1.0,1.0,10.0,10.0,37.0
2.0,003160#14,1.0,1.0,10.0,10.0,11.0
2.0,003160#15,1.0,1.0,10.0,10.0,55.0
2.0,003160#17,1.0,1.0,10.0,10.0,43.0
2.0,003160#18,1.0,1.0,10.0,10.0,72.0
2.0,003160#19,1.0,1.0,10.0,10.0,26.0
2.0,003160#20,1.0,1.0,10.0,10.0,18.0
2.0,003160#21,1.0,1.0,10.0,10.0,46.0
2.0,003198#1,1.0,1.0,10.0,10.0,64.0
2.0,003198#4,1.0,1.0,10.0,10.0,42.0
2.0,003257#5,1.0,1.0,10.0,10.0,58.0
2.0,003262#0,1.0,1.0,10.0,10.0,28.0
2.0,003262#1,1.0,1.0,10.0,10.0,31.0
2.0,003262#4,1.0,1.0,10.0,10.0,27.0
2.0,003262#14,1.0,1.0,9.0,10.0,10.0
2.0,003262#16,1.0,1.0,10.0,10.0,10.0
2.0,003262#17,1.0,1.0,10.0,10.0,14.0
2.0,003262#21,1.0,1.0,8.0,10.0,16.0
2.0,003262#23,1.0,1.0,10.0,10.0,22.0
2.0,003262#24,1.0,1.0,10.0,10.0,18.0
2.0,003262#28,1.0,1.0,10.0,10.0,50.0
2.0,003262#29,1.0,1.0,4.0,10.0,7.0
2.0,003262#30,1.0,1.0,10.0,10.0,73.0
2.0,003273#1,1.0,1.0,10.0,10.0,73.0
2.0,003273#3,1.0,1.0,10.0,10.0,68.0
2.0,003273#4,1.0,1.0,10.0,10.0,45.0
2.0,003273#5,1.0,1.0,10.0,10.0,12.0
2.0,003273#6,1.0,1.0,10.0,10.0,87.0
2.0,003273#8,1.0,1.0,10.0,10.0,35.0
2.0,003273#9,1.0,1.0,10.0,10.0,19.0
2.0,003273#10,1.0,1.0,10.0,10.0,42.0
2.0,003273#11,1.0,1.0,10.0,10.0,17.0
2.0,003273#13,1.0,1.0,10.0,10.0,20.0
2.0,003288#0,1.0,1.0,10.0,10.0,74.0
2.0,003288#3,1.0,1.0,10.0,10.0,37.0
2.0,003288#4,1.0,1.0,10.0,10.0,27.0
2.0,003288#5,1.0,1.0,10.0,10.0,20.0
2.0,003288#6,1.0,1.0,10.0,10.0,20.0
2.0,003288#7,1.0,1.0,10.0,10.0,16.0
2.0,003288#8,1.0,1.0,10.0,10.0,14.0
2.0,003288#9,1.0,1.0,10.0,10.0,16.0
2.0,003288#10,1.0,1.0,10.0,10.0,18.0
2.0,003288#11,1.0,1.0,10.0,10.0,14.0
2.0,003288#12,1.0,1.0,10.0,10.0,27.0
2.0,003288#13,1.0,1.0,10.0,10.0,33.0
2.0,003288#14,1.0,1.0,10.0,10.0,13.0
2.0,003288#16,1.0,1.0,10.0,10.0,21.0
2.0,003288#18,1.0,1.0,10.0,10.0,69.0
2.0,003304#0,1.0,1.0,10.0,10.0,42.0
2.0,003304#1,1.0,1.0,10.0,10.0,36.0
2.0,003304#2,1.0,1.0,10.0,10.0,14.0
2.0,003304#3,1.0,1.0,10.0,10.0,48.0
2.0,003304#4,1.0,1.0,10.0,10.0,20.0
2.0,003304#8,1.0,1.0,10.0,10.0,25.0
2.0,003304#9,1.0,1.0,10.0,10.0,41.0
2.0,003304#11,1.0,1.0,10.0,10.0,42.0
2.0,003304#12,1.0,1.0,10.0,10.0,30.0
2.0,003304#13,1.0,1.0,10.0,10.0,13.0
2.0,003317#1,1.0,1.0,10.0,10.0,29.0
2.0,003317#2,1.0,1.0,10.0,10.0,26.0
2.0,003317#3,1.0,1.0,10.0,10.0,29.0
2.0,003317#5,1.0,1.0,10.0,10.0,50.0
2.0,003317#6,1.0,1.0,10.0,10.0,23.0
2.0,003317#7,1.0,1.0,10.0,10.0,27.0
2.0,003317#8,1.0,1.0,10.0,10.0,49.0
2.0,003317#9,1.0,1.0,10.0,10.0,30.0
2.0,003317#12,1.0,1.0,10.0,10.0,12.0
2.0,003317#14,1.0,1.0,10.0,10.0,55.0
2.0,003317#15,1.0,1.0,10.0,10.0,70.0
2.0,003317#16,1.0,1.0,10.0,10.0,43.0
2.0,003348#0,1.0,1.0,10.0,10.0,30.0
2.0,003353#0,1.0,1.0,10.0,10.0,14.0
2.0,003408#1,1.0,1.0,10.0,10.0,22.0
2.0,003411#0,1.0,1.0,10.0,10.0,41.0
2.0,003411#1,1.0,1.0,10.0,10.0,52.0
2.0,003411#2,1.0,1.0,10.0,10.0,57.0
2.0,003411#3,1.0,1.0,10.0,10.0,50.0
2.0,003419#0,1.0,1.0,10.0,10.0,84.0
2.0,003419#5,1.0,1.0,10.0,10.0,22.0
2.0,003419#13,1.0,1.0,10.0,10.0,24.0
2.0,003419#14,1.0,1.0,10.0,10.0,30.0
2.0,003419#17,1.0,1.0,9.0,10.0,30.0
2.0,003419#18,1.0,1.0,10.0,10.0,34.0
2.0,003419#19,1.0,1.0,10.0,10.0,18.0
2.0,003419#21,1.0,1.0,10.0,10.0,36.0
2.0,003425#5,1.0,1.0,10.0,10.0,17.0
2.0,003425#6,1.0,1.0,9.0,10.0,13.0
2.0,003425#7,1.0,1.0,10.0,10.0,11.0
2.0,003425#10,1.0,1.0,10.0,10.0,18.0
2.0,003425#12,1.0,1.0,10.0,10.0,44.0
2.0,003425#13,1.0,1.0,10.0,10.0,46.0
2.0,003460#0,1.0,1.0,10.0,10.0,26.0
2.0,003460#1,1.0,1.0,10.0,10.0,64.0
2.0,003460#3,1.0,1.0,10.0,10.0,80.0
2.0,003460#5,1.0,1.0,10.0,10.0,25.0
2.0,003460#6,1.0,1.0,10.0,10.0,73.0
2.0,003472#0,1.0,1.0,10.0,10.0,31.0
2.0,003472#1,1.0,1.0,10.0,10.0,68.0
2.0,003472#2,1.0,1.0,10.0,10.0,20.0
2.0,003472#3,1.0,1.0,10.0,10.0,71.0
2.0,003475#1,1.0,1.0,10.0,10.0,41.0
2.0,003475#2,1.0,1.0,10.0,10.0,22.0
2.0,003475#3,1.0,1.0,10.0,10.0,51.0
2.0,003475#5,1.0,1.0,10.0,10.0,46.0
2.0,003475#6,1.0,1.0,10.0,10.0,70.0
2.0,003475#10,1.0,1.0,10.0,10.0,21.0
2.0,003475#11,1.0,1.0,10.0,10.0,31.0
2.0,003487#0,1.0,1.0,10.0,10.0,53.0
2.0,003487#2,1.0,1.0,10.0,10.0,62.0
2.0,003489#0,1.0,1.0,10.0,10.0,24.0
2.0,003489#2,1.0,1.0,10.0,10.0,31.0
2.0,003489#3,1.0,1.0,10.0,10.0,55.0
2.0,003489#4,1.0,1.0,10.0,10.0,25.0
2.0,003489#5,1.0,1.0,10.0,10.0,35.0
2.0,003489#9,1.0,1.0,10.0,10.0,26.0
2.0,003489#14,1.0,1.0,10.0,10.0,37.0
2.0,003526#0,1.0,1.0,10.0,10.0,18.0
2.0,003526#3,1.0,1.0,10.0,10.0,13.0
2.0,003532#0,1.0,1.0,10.0,10.0,18.0
2.0,003532#1,1.0,1.0,10.0,10.0,42.0
2.0,003546#0,1.0,1.0,10.0,10.0,27.0
2.0,003546#1,1.0,1.0,10.0,10.0,28.0
2.0,003546#2,1.0,1.0,10.0,10.0,37.0
2.0,003592#0,1.0,1.0,10.0,10.0,23.0
2.0,003592#1,1.0,1.0,10.0,10.0,23.0
2.0,003592#2,1.0,1.0,10.0,10.0,31.0
2.0,003592#3,1.0,1.0,10.0,10.0,20.0
2.0,003595#3,1.0,1.0,10.0,10.0,27.0
2.0,003595#4,1.0,1.0,10.0,10.0,30.0
2.0,003595#5,1.0,1.0,10.0,10.0,21.0
2.0,003595#6,1.0,1.0,10.0,10.0,46.0
2.0,003603#3,1.0,1.0,10.0,10.0,32.0
2.0,003653#3,1.0,1.0,10.0,10.0,15.0
2.0,003653#5,1.0,1.0,10.0,10.0,20.0
2.0,003653#6,1.0,1.0,10.0,10.0,18.0
2.0,003653#7,1.0,1.0,10.0,10.0,14.0
2.0,003653#8,1.0,1.0,10.0,10.0,11.0
2.0,003653#9,1.0,1.0,10.0,10.0,12.0
2.0,003653#11,1.0,1.0,10.0,10.0,36.0
2.0,003653#12,1.0,1.0,10.0,10.0,51.0
2.0,003653#14,1.0,1.0,8.0,10.0,8.0
2.0,003653#16,1.0,1.0,9.0,10.0,9.0
2.0,003653#17,1.0,1.0,10.0,10.0,26.0
2.0,003653#18,1.0,1.0,8.0,10.0,8.0
2.0,003679#4,1.0,1.0,10.0,10.0,50.0
2.0,003679#5,1.0,1.0,10.0,10.0,27.0
2.0,003679#7,1.0,1.0,10.0,10.0,25.0
2.0,003679#8,1.0,1.0,10.0,10.0,32.0
2.0,003703#0,1.0,1.0,10.0,10.0,50.0
2.0,003739#0,1.0,1.0,10.0,10.0,30.0
2.0,003739#1,1.0,1.0,10.0,10.0,35.0
2.0,003739#2,1.0,1.0,10.0,10.0,17.0
2.0,003739#3,1.0,1.0,10.0,10.0,11.0
2.0,003739#5,1.0,1.0,10.0,10.0,16.0
2.0,003739#6,1.0,1.0,9.0,10.0,12.0
2.0,003739#7,1.0,1.0,10.0,10.0,26.0
2.0,003739#8,1.0,1.0,10.0,10.0,16.0
2.0,003757#0,1.0,1.0,10.0,10.0,76.0
2.0,003757#7,1.0,1.0,10.0,10.0,27.0
2.0,003757#8,1.0,1.0,9.0,10.0,10.0
2.0,003757#10,1.0,1.0,10.0,10.0,21.0
2.0,003757#14,1.0,1.0,10.0,10.0,13.0
2.0,003757#15,1.0,1.0,10.0,10.0,15.0
2.0,003757#16,1.0,1.0,10.0,10.0,11.0
2.0,003769#0,1.0,1.0,10.0,10.0,56.0
2.0,003838#0,1.0,1.0,10.0,10.0,72.0
2.0,003863#1,1.0,1.0,10.0,10.0,21.0
2.0,003863#3,1.0,1.0,10.0,10.0,17.0
2.0,003863#5,1.0,1.0,10.0,10.0,33.0
2.0,003863#7,1.0,1.0,10.0,10.0,24.0
2.0,003863#9,1.0,1.0,10.0,10.0,13.0
2.0,003863#10,1.0,1.0,10.0,10.0,12.0
2.0,003863#11,1.0,1.0,10.0,10.0,18.0
2.0,003895#2,1.0,1.0,10.0,10.0,55.0
2.0,003896#0,1.0,1.0,10.0,10.0,43.0
2.0,003896#1,1.0,1.0,10.0,10.0,19.0
2.0,003902#0,1.0,1.0,10.0,10.0,41.0
2.0,003902#1,1.0,1.0,10.0,10.0,15.0
2.0,003902#3,1.0,1.0,10.0,10.0,18.0
2.0,003902#4,1.0,1.0,10.0,10.0,30.0
2.0,003902#5,1.0,1.0,10.0,10.0,18.0
2.0,003902#6,1.0,1.0,10.0,10.0,41.0
2.0,003904#0,1.0,1.0,10.0,10.0,33.0
2.0,003904#1,1.0,1.0,10.0,10.0,19.0
2.0,003941#0,1.0,1.0,10.0,10.0,27.0
2.0,003941#1,1.0,1.0,10.0,10.0,17.0
2.0,003941#3,1.0,1.0,8.0,10.0,12.0
2.0,003941#5,1.0,1.0,10.0,10.0,25.0
2.0,003941#7,1.0,1.0,10.0,10.0,20.0
2.0,003941#8,1.0,1.0,10.0,10.0,26.0
2.0,003941#10,1.0,1.0,10.0,10.0,17.0
2.0,003941#11,1.0,1.0,10.0,10.0,26.0
2.0,003941#12,1.0,1.0,10.0,10.0,17.0
2.0,003941#13,1.0,1.0,10.0,10.0,20.0
2.0,003941#14,1.0,1.0,10.0,10.0,18.0
2.0,003941#15,1.0,1.0,10.0,10.0,22.0
2.0,003941#16,1.0,1.0,10.0,10.0,69.0
2.0,003941#20,1.0,1.0,10.0,10.0,10.0
2.0,003941#21,1.0,1.0,9.0,10.0,25.0
2.0,003941#22,1.0,1.0,10.0,10.0,13.0
2.0,003941#24,1.0,1.0,10.0,10.0,37.0
2.0,003941#25,1.0,1.0,10.0,10.0,18.0
2.0,003941#26,1.0,1.0,10.0,10.0,21.0
2.0,003941#27,1.0,1.0,10.0,10.0,18.0
2.0,003941#29,1.0,1.0,10.0,10.0,17.0
2.0,003941#30,1.0,1.0,10.0,10.0,34.0
2.0,003982#5,1.0,1.0,10.0,10.0,26.0
2.0,003982#6,1.0,1.0,10.0,10.0,15.0
2.0,003982#8,1.0,1.0,9.0,10.0,13.0
2.0,003982#11,1.0,1.0,10.0,10.0,19.0
2.0,003982#14,1.0,1.0,10.0,10.0,29.0
2.0,003982#19,1.0,1.0,3.0,10.0,9.0
2.0,003982#20,1.0,1.0,9.0,10.0,10.0
2.0,003982#23,1.0,1.0,10.0,10.0,25.0
2.0,003982#24,1.0,1.0,10.0,10.0,10.0
2.0,003982#30,1.0,1.0,10.0,10.0,12.0
2.0,003982#32,1.0,1.0,10.0,10.0,14.0
2.0,003982#34,1.0,1.0,10.0,10.0,11.0
2.0,003982#36,1.0,1.0,10.0,10.0,46.0
2.0,003982#41,1.0,1.0,9.0,10.0,10.0
2.0,003982#42,1.0,1.0,10.0,10.0,11.0
2.0,003982#43,1.0,1.0,10.0,10.0,13.0
2.0,003982#47,1.0,1.0,10.0,10.0,57.0
2.0,003982#48,1.0,1.0,10.0,10.0,16.0
2.0,003982#49,1.0,1.0,10.0,10.0,69.0
2.0,003982#50,1.0,1.0,10.0,10.0,34.0
2.0,003982#53,1.0,1.0,7.0,10.0,10.0
2.0,003982#57,1.0,1.0,10.0,10.0,18.0
2.0,003982#58,1.0,1.0,10.0,10.0,18.0
2.0,003982#60,1.0,1.0,10.0,10.0,16.0
2.0,003982#61,1.0,1.0,10.0,10.0,15.0
2.0,003982#62,1.0,1.0,10.0,10.0,17.0
2.0,003987#5,1.0,1.0,10.0,10.0,32.0
2.0,003987#6,1.0,1.0,10.0,10.0,28.0
2.0,003987#10,1.0,1.0,10.0,10.0,66.0
2.0,003987#11,1.0,1.0,10.0,10.0,71.0
2.0,003987#15,1.0,1.0,10.0,10.0,33.0
2.0,003987#16,1.0,1.0,10.0,10.0,42.0
2.0,003987#23,1.0,1.0,8.0,10.0,11.0
2.0,003987#27,1.0,1.0,10.0,10.0,11.0
2.0,003987#35,1.0,1.0,10.0,10.0,26.0
2.0,003987#38,1.0,1.0,10.0,10.0,19.0
2.0,003987#39,1.0,1.0,10.0,10.0,17.0
2.0,003987#40,1.0,1.0,10.0,10.0,16.0
2.0,003987#41,1.0,1.0,10.0,10.0,13.0
2.0,003987#43,1.0,1.0,10.0,10.0,10.0
2.0,003987#46,1.0,1.0,8.0,10.0,8.0
2.0,003987#47,1.0,1.0,10.0,10.0,15.0
2.0,003987#49,1.0,1.0,10.0,10.0,12.0
2.0,003987#50,1.0,1.0,10.0,10.0,15.0
2.0,003987#51,1.0,1.0,10.0,10.0,15.0
2.0,003987#52,1.0,1.0,10.0,10.0,10.0
2.0,003987#53,1.0,1.0,10.0,10.0,19.0
2.0,003987#55,1.0,1.0,10.0,10.0,31.0
2.0,hehe_173_000002_024_00000105#2,1.0,1.0,1.0,10.0,11.0
2.0,hehe_173_000002_024_00000105#4,1.0,1.0,4.0,10.0,11.0
2.0,hehe_173_000002_024_00000105#6,1.0,1.0,11.0,10.0,23.0
2.0,hehe_173_000002_024_00000105#7,1.0,1.0,7.0,10.0,15.0
2.0,hehe_173_000002_024_00000105#9,1.0,1.0,10.0,10.0,31.0
2.0,hehe_173_000002_024_00000105#10,1.0,1.0,10.0,10.0,25.0
2.0,hehe_173_000002_024_00000105#11,1.0,1.0,10.0,10.0,11.0
2.0,hehe_173_000002_024_00000105#13,1.0,1.0,10.0,10.0,31.0
2.0,hehe_173_000002_024_00000105#15,1.0,1.0,10.0,10.0,76.0
2.0,hehe_186_000002_028_00000050#1,1.0,1.0,10.0,10.0,77.0
2.0,hehe_22_00000004#0,1.0,1.0,10.0,10.0,29.0
2.0,hehe_22_00000004#2,1.0,1.0,10.0,10.0,23.0
2.0,hehe_22_00000004#4,1.0,1.0,10.0,10.0,69.0
2.0,hehe_22_00000004#6,1.0,1.0,10.0,10.0,57.0
2.0,hehe_22_00000004#7,1.0,1.0,10.0,10.0,70.0
2.0,hehe_22_00000004#9,1.0,1.0,8.0,10.0,11.0
2.0,hehe_230_000002_043_00000061#1,1.0,1.0,10.0,10.0,69.0
2.0,hehe_230_000002_043_00000061#6,1.0,1.0,10.0,10.0,62.0
2.0,hehe_230_000002_043_00000061#7,1.0,1.0,10.0,10.0,58.0
2.0,hehe_230_000002_043_00000061#10,1.0,1.0,10.0,10.0,31.0
2.0,hehe_230_000002_043_00000061#11,1.0,1.0,10.0,10.0,37.0
2.0,hehe_230_000002_043_00000061#13,1.0,1.0,10.0,10.0,19.0
2.0,hehe_230_000002_043_00000061#14,1.0,1.0,9.0,10.0,12.0
2.0,hehe_232_000002_043_00000181#0,1.0,1.0,8.0,10.0,8.0
2.0,hehe_232_000002_043_00000181#1,1.0,1.0,10.0,10.0,22.0
2.0,hehe_232_000002_043_00000181#2,1.0,1.0,10.0,10.0,57.0
2.0,hehe_232_000002_043_00000181#3,1.0,1.0,10.0,10.0,36.0
2.0,hehe_232_000002_043_00000181#8,1.0,1.0,10.0,10.0,57.0
2.0,hehe_274_000002_060_00000105#1,1.0,1.0,10.0,10.0,67.0
2.0,hehe_274_000002_060_00000105#5,1.0,1.0,10.0,10.0,28.0
2.0,hehe_274_000002_060_00000105#6,1.0,1.0,10.0,10.0,11.0
2.0,hehe_40_00000033#1,1.0,1.0,10.0,10.0,26.0
2.0,hehe_40_00000033#2,1.0,1.0,7.0,10.0,46.0
2.0,hehe_40_00000033#3,1.0,1.0,5.0,10.0,40.0
2.0,hehe_40_00000033#5,1.0,1.0,10.0,10.0,40.0
2.0,hehe_45_00000001#2,1.0,1.0,10.0,10.0,42.0
2.0,hehe_45_00000001#4,1.0,1.0,10.0,10.0,28.0
2.0,hehe_45_00000001#5,1.0,1.0,10.0,10.0,49.0
2.0,hehe_45_00000001#6,1.0,1.0,10.0,10.0,40.0
2.0,hehe_45_00000001#7,1.0,1.0,10.0,10.0,60.0
2.0,hehe_45_00000001#8,1.0,1.0,10.0,10.0,34.0
2.0,hehe_45_00000001#9,1.0,1.0,10.0,10.0,46.0
2.0,hehe_52_00000107#0,1.0,1.0,10.0,10.0,19.0
2.0,hehe_52_00000107#1,1.0,1.0,8.0,10.0,8.0
2.0,hehe_61_00000090#2,1.0,1.0,10.0,10.0,76.0
2.0,hehe_61_00000090#3,1.0,1.0,10.0,10.0,39.0
2.0,hehe_61_00000090#4,1.0,1.0,10.0,10.0,20.0
2.0,hehe_61_00000090#9,1.0,1.0,10.0,10.0,64.0
2.0,hehe_61_00000090#10,1.0,1.0,10.0,10.0,50.0
2.0,hehe_61_00000090#11,1.0,1.0,10.0,10.0,84.0
2.0,hehe_65_00000229#2,1.0,1.0,10.0,10.0,59.0
2.0,hehe_65_00000229#3,1.0,1.0,10.0,10.0,32.0
2.0,hehe_65_00000229#4,1.0,1.0,10.0,10.0,30.0
2.0,hehe_65_00000229#6,1.0,1.0,9.0,10.0,16.0
2.0,hehe_65_00000229#7,1.0,1.0,10.0,10.0,21.0
2.0,hehe_6_00000054#0,1.0,1.0,10.0,10.0,12.0
2.0,hehe_6_00000054#2,1.0,1.0,10.0,10.0,35.0
2.0,hehe_6_00000054#3,1.0,1.0,10.0,10.0,32.0
2.0,hehe_6_00000054#4,1.0,1.0,10.0,10.0,27.0
2.0,hehe_6_00000054#6,1.0,1.0,10.0,10.0,76.0
2.0,hehe_6_00000054#13,1.0,1.0,10.0,10.0,74.0
2.0,hehe_6_00000054#16,1.0,1.0,10.0,10.0,32.0
2.0,hehe_6_00000054#17,1.0,1.0,10.0,10.0,38.0
2.0,hehe_86_00000253#0,1.0,1.0,10.0,10.0,45.0
2.0,hehe_86_00000253#3,1.0,1.0,10.0,10.0,58.0
2.0,hehe_87_00000315#1,1.0,1.0,10.0,10.0,39.0
2.0,hehe_87_00000315#2,1.0,1.0,10.0,10.0,40.0
2.0,hehe_87_00000315#3,1.0,1.0,10.0,10.0,33.0
2.0,hehe_87_00000315#4,1.0,1.0,10.0,10.0,20.0
2.0,hehe_87_00000315#5,1.0,1.0,9.0,10.0,30.0
2.0,hehe_87_00000315#6,1.0,1.0,10.0,10.0,14.0
2.0,shuming_1007_00000230#0,1.0,1.0,10.0,10.0,38.0
2.0,shuming_1007_00000230#3,1.0,1.0,9.0,10.0,43.0
2.0,shuming_1007_00000230#4,1.0,1.0,10.0,10.0,36.0
2.0,shuming_1007_00000230#5,1.0,1.0,10.0,10.0,46.0
2.0,shuming_1007_00000230#7,1.0,1.0,10.0,10.0,63.0
2.0,shuming_1007_00000230#10,1.0,1.0,10.0,10.0,62.0
2.0,shuming_1007_00000230#11,1.0,1.0,10.0,10.0,39.0
2.0,shuming_1007_00000230#12,1.0,1.0,11.0,10.0,34.0
2.0,shuming_1007_00000230#13,1.0,1.0,8.0,10.0,10.0
2.0,shuming_1007_00000230#14,1.0,1.0,4.0,10.0,7.0
2.0,shuming_1007_00000230#15,1.0,1.0,10.0,10.0,79.0
2.0,shuming_1007_00000230#16,1.0,1.0,10.0,10.0,47.0
2.0,shuming_1007_00000230#17,1.0,1.0,10.0,10.0,19.0
2.0,shuming_1007_00000230#18,1.0,1.0,10.0,10.0,13.0
2.0,shuming_1007_00000230#20,1.0,1.0,10.0,10.0,20.0
2.0,shuming_1007_00000230#21,1.0,1.0,10.0,10.0,69.0
2.0,shuming_1007_00000230#22,1.0,1.0,10.0,10.0,27.0
2.0,shuming_1007_00000230#23,1.0,1.0,10.0,10.0,22.0
2.0,shuming_1013_00000065#0,1.0,1.0,10.0,10.0,87.0
2.0,shuming_1013_00000065#1,1.0,1.0,10.0,10.0,41.0
2.0,shuming_1013_00000065#3,1.0,1.0,10.0,10.0,26.0
2.0,shuming_1028_00000411#3,1.0,1.0,10.0,10.0,55.0
2.0,shuming_1028_00000411#4,1.0,1.0,9.0,10.0,10.0
2.0,shuming_1028_00000411#5,1.0,1.0,10.0,10.0,15.0
2.0,shuming_1064_00000087#0,1.0,1.0,10.0,10.0,34.0
2.0,shuming_1064_00000087#1,1.0,1.0,10.0,10.0,55.0
2.0,shuming_1064_00000087#2,1.0,1.0,10.0,10.0,56.0
2.0,shuming_1064_00000087#3,1.0,1.0,10.0,10.0,72.0
2.0,shuming_1064_00000087#4,1.0,1.0,10.0,10.0,69.0
2.0,shuming_1064_00000087#6,1.0,1.0,10.0,10.0,26.0
2.0,shuming_1064_00000087#7,1.0,1.0,10.0,10.0,54.0
2.0,shuming_1064_00000087#8,1.0,1.0,10.0,10.0,86.0
2.0,shuming_1076_00000257#1,1.0,1.0,10.0,10.0,31.0
2.0,shuming_1076_00000257#2,1.0,1.0,10.0,10.0,29.0
2.0,shuming_1076_00000257#3,1.0,1.0,10.0,10.0,20.0
2.0,shuming_1076_00000257#4,1.0,1.0,10.0,10.0,19.0
2.0,shuming_1076_00000257#5,1.0,1.0,10.0,10.0,23.0
2.0,shuming_1079_00000233#3,1.0,1.0,10.0,10.0,18.0
2.0,shuming_1079_00000233#4,1.0,1.0,10.0,10.0,12.0
2.0,shuming_1079_00000233#6,1.0,1.0,10.0,10.0,35.0
2.0,shuming_1080_00000016#0,1.0,1.0,10.0,10.0,72.0
2.0,shuming_1080_00000016#4,1.0,1.0,10.0,10.0,10.0
2.0,shuming_1132_00000385#2,1.0,1.0,10.0,10.0,29.0
2.0,shuming_1132_00000385#3,1.0,1.0,8.0,10.0,32.0
2.0,shuming_1132_00000385#4,1.0,1.0,10.0,10.0,25.0
2.0,shuming_1135_00000213#0,1.0,1.0,10.0,10.0,76.0
2.0,shuming_1148_00000041#0,1.0,1.0,10.0,10.0,74.0
2.0,shuming_1157_00000010#0,1.0,1.0,10.0,10.0,72.0
2.0,shuming_1157_00000010#1,1.0,1.0,10.0,10.0,32.0
2.0,shuming_1157_00000010#2,1.0,1.0,10.0,10.0,18.0
2.0,shuming_1180_00000231#3,1.0,1.0,10.0,10.0,49.0
2.0,shuming_24_00000001#0,1.0,1.0,10.0,10.0,40.0
2.0,shuming_24_00000001#1,1.0,1.0,10.0,10.0,62.0
2.0,shuming_340_00000020#1,1.0,1.0,10.0,10.0,21.0
2.0,shuming_340_00000020#19,1.0,1.0,10.0,10.0,11.0
2.0,shuming_340_00000020#22,1.0,1.0,7.0,10.0,7.0
2.0,shuming_340_00000020#23,1.0,1.0,10.0,10.0,12.0
2.0,shuming_340_00000020#26,1.0,1.0,9.0,10.0,9.0
2.0,shuming_340_00000020#30,1.0,1.0,9.0,10.0,9.0
2.0,shuming_340_00000020#31,1.0,1.0,10.0,10.0,12.0
2.0,shuming_340_00000020#38,1.0,1.0,10.0,10.0,10.0
2.0,shuming_35_00000199#0,1.0,1.0,10.0,10.0,73.0
2.0,shuming_35_00000199#3,1.0,1.0,10.0,10.0,36.0
2.0,shuming_35_00000199#4,1.0,1.0,10.0,10.0,26.0
2.0,shuming_35_00000199#5,1.0,1.0,5.0,10.0,87.0
2.0,shuming_35_00000199#6,1.0,1.0,10.0,10.0,18.0
2.0,shuming_35_00000199#8,1.0,1.0,10.0,10.0,14.0
2.0,shuming_35_00000199#9,1.0,1.0,8.0,10.0,8.0
2.0,shuming_35_00000199#11,1.0,1.0,10.0,10.0,39.0
2.0,shuming_410_00000037#0,1.0,1.0,6.0,10.0,7.0
2.0,shuming_410_00000037#9,1.0,1.0,10.0,10.0,45.0
2.0,shuming_461_00000082#0,1.0,1.0,10.0,10.0,53.0
2.0,shuming_461_00000082#2,1.0,1.0,10.0,10.0,42.0
2.0,shuming_461_00000082#3,1.0,1.0,10.0,10.0,31.0
2.0,shuming_461_00000082#4,1.0,1.0,10.0,10.0,14.0
2.0,shuming_461_00000082#5,1.0,1.0,10.0,10.0,11.0
2.0,shuming_465_00000030#0,1.0,1.0,10.0,10.0,10.0
2.0,shuming_465_00000030#2,1.0,1.0,10.0,10.0,56.0
2.0,shuming_465_00000030#3,1.0,1.0,10.0,10.0,15.0
2.0,shuming_470_00000057#3,1.0,1.0,10.0,10.0,43.0
2.0,shuming_470_00000057#4,1.0,1.0,10.0,10.0,23.0
2.0,shuming_482_00000018#3,1.0,1.0,10.0,10.0,53.0
2.0,shuming_482_00000018#4,1.0,1.0,10.0,10.0,44.0
2.0,shuming_482_00000018#5,1.0,1.0,10.0,10.0,62.0
2.0,shuming_485_00000027#3,1.0,1.0,10.0,10.0,16.0
2.0,shuming_485_00000027#4,1.0,1.0,10.0,10.0,52.0
2.0,shuming_503_00000052#0,1.0,1.0,10.0,10.0,32.0
2.0,shuming_503_00000052#1,1.0,1.0,10.0,10.0,26.0
2.0,shuming_562_00000223#2,1.0,1.0,10.0,10.0,76.0
2.0,shuming_571_00000215#0,1.0,1.0,10.0,10.0,56.0
2.0,shuming_571_00000215#1,1.0,1.0,10.0,10.0,46.0
2.0,shuming_574_00000017#0,1.0,1.0,10.0,10.0,63.0
2.0,shuming_608_00000031#1,1.0,1.0,10.0,10.0,19.0
2.0,shuming_608_00000031#2,1.0,1.0,10.0,10.0,30.0
2.0,shuming_608_00000031#3,1.0,1.0,10.0,10.0,35.0
2.0,shuming_608_00000031#4,1.0,1.0,10.0,10.0,11.0
2.0,shuming_610_00000148#0,1.0,1.0,10.0,10.0,50.0
2.0,shuming_63_00000393#3,1.0,1.0,10.0,10.0,15.0
2.0,shuming_63_00000393#4,1.0,1.0,10.0,10.0,17.0
2.0,shuming_63_00000393#5,1.0,1.0,9.0,10.0,9.0
2.0,shuming_63_00000393#6,1.0,1.0,10.0,10.0,23.0
2.0,shuming_63_00000393#7,1.0,1.0,10.0,10.0,21.0
2.0,shuming_63_00000393#8,1.0,1.0,10.0,10.0,23.0
2.0,shuming_63_00000393#9,1.0,1.0,10.0,10.0,20.0
2.0,shuming_663_00000328#2,1.0,1.0,10.0,10.0,50.0
2.0,shuming_663_00000328#3,1.0,1.0,10.0,10.0,40.0
2.0,shuming_67_00000001#1,1.0,1.0,10.0,10.0,55.0
2.0,shuming_67_00000001#2,1.0,1.0,10.0,10.0,18.0
2.0,shuming_698_00000001#0,1.0,1.0,10.0,10.0,11.0
2.0,shuming_698_00000001#1,1.0,1.0,5.0,10.0,13.0
2.0,shuming_698_00000001#2,1.0,1.0,10.0,10.0,17.0
2.0,shuming_698_00000001#3,1.0,1.0,10.0,10.0,20.0
2.0,shuming_698_00000001#4,1.0,1.0,10.0,10.0,15.0
2.0,shuming_698_00000001#5,1.0,1.0,10.0,10.0,14.0
2.0,shuming_698_00000001#7,1.0,1.0,10.0,10.0,26.0
2.0,shuming_698_00000001#8,1.0,1.0,10.0,10.0,17.0
2.0,shuming_698_00000001#9,1.0,1.0,10.0,10.0,14.0
2.0,shuming_698_00000001#10,1.0,1.0,10.0,10.0,13.0
2.0,shuming_698_00000001#11,1.0,1.0,10.0,10.0,13.0
2.0,shuming_698_00000001#12,1.0,1.0,10.0,10.0,15.0
2.0,shuming_698_00000001#13,1.0,1.0,10.0,10.0,14.0
2.0,shuming_698_00000001#14,1.0,1.0,10.0,10.0,12.0
2.0,shuming_698_00000001#15,1.0,1.0,10.0,10.0,15.0
2.0,shuming_698_00000001#16,1.0,1.0,10.0,10.0,15.0
2.0,shuming_698_00000001#17,1.0,1.0,10.0,10.0,23.0
2.0,shuming_698_00000001#18,1.0,1.0,10.0,10.0,18.0
2.0,shuming_698_00000001#19,1.0,1.0,10.0,10.0,19.0
2.0,shuming_698_00000001#20,1.0,1.0,10.0,10.0,22.0
2.0,shuming_698_00000001#21,1.0,1.0,10.0,10.0,24.0
2.0,shuming_698_00000001#22,1.0,1.0,10.0,10.0,18.0
2.0,shuming_698_00000001#23,1.0,1.0,10.0,10.0,35.0
2.0,shuming_698_00000001#25,1.0,1.0,10.0,10.0,64.0
2.0,shuming_706_00000375#0,1.0,1.0,10.0,10.0,41.0
2.0,shuming_706_00000375#2,1.0,1.0,10.0,10.0,32.0
2.0,shuming_706_00000375#3,1.0,1.0,10.0,10.0,17.0
2.0,shuming_706_00000375#4,1.0,1.0,10.0,10.0,52.0
2.0,shuming_72_00000270#19,1.0,1.0,10.0,10.0,54.0
2.0,shuming_72_00000270#20,1.0,1.0,10.0,10.0,22.0
2.0,shuming_72_00000270#22,1.0,1.0,10.0,10.0,48.0
2.0,shuming_72_00000270#24,1.0,1.0,10.0,10.0,20.0
2.0,shuming_731_00000492#0,1.0,1.0,10.0,10.0,32.0
2.0,shuming_731_00000492#1,1.0,1.0,10.0,10.0,26.0
2.0,shuming_731_00000492#3,1.0,1.0,10.0,10.0,60.0
2.0,shuming_731_00000492#5,1.0,1.0,10.0,10.0,69.0
2.0,shuming_753_00000172#0,1.0,1.0,10.0,10.0,12.0
2.0,shuming_758_00000371#0,1.0,1.0,10.0,10.0,52.0
2.0,shuming_763_00000009#2,1.0,1.0,10.0,10.0,15.0
2.0,shuming_774_00000273#3,1.0,1.0,10.0,10.0,63.0
2.0,shuming_774_00000273#5,1.0,1.0,10.0,10.0,31.0
2.0,shuming_779_00000254#1,1.0,1.0,10.0,10.0,63.0
2.0,shuming_779_00000254#5,1.0,1.0,10.0,10.0,80.0
2.0,shuming_783_00000248#0,1.0,1.0,10.0,10.0,81.0
2.0,shuming_783_00000248#2,1.0,1.0,10.0,10.0,66.0
2.0,shuming_793_00000117#2,1.0,1.0,10.0,10.0,31.0
2.0,shuming_825_00000172#1,1.0,1.0,10.0,10.0,13.0
2.0,shuming_825_00000172#2,1.0,1.0,7.0,10.0,7.0
2.0,shuming_825_00000172#3,1.0,1.0,10.0,10.0,16.0
2.0,shuming_826_00000213#1,1.0,1.0,10.0,10.0,14.0
2.0,shuming_826_00000213#2,1.0,1.0,10.0,10.0,18.0
2.0,shuming_826_00000213#3,1.0,1.0,9.0,10.0,9.0
2.0,shuming_85_00000273#4,1.0,1.0,10.0,10.0,11.0
2.0,shuming_987_00000275#1,1.0,1.0,10.0,10.0,41.0
2.0,shuming_987_00000275#2,1.0,1.0,10.0,10.0,23.0
2.0,shuming_987_00000275#3,1.0,1.0,10.0,10.0,19.0
2.0,shuming_987_00000275#4,1.0,1.0,10.0,10.0,21.0
2.0,shuming_987_00000275#5,1.0,1.0,10.0,10.0,10.0
5.0,00000045#1,1.0,1.0,10.0,10.0,242.0
5.0,00000045#2,1.0,1.0,10.0,10.0,88.0
5.0,00000045#3,1.0,1.0,10.0,10.0,105.0
5.0,00000045#6,1.0,1.0,10.0,10.0,286.0
5.0,00000045#7,1.0,1.0,10.0,10.0,279.0
5.0,00000057#1,1.0,1.0,10.0,10.0,225.0
5.0,00000057#2,1.0,1.0,10.0,10.0,88.0
5.0,00000057#3,1.0,1.0,10.0,10.0,111.0
5.0,00000057#5,1.0,1.0,10.0,10.0,133.0
5.0,00000063#1,1.0,1.0,10.0,10.0,279.0
5.0,00000063#2,1.0,1.0,10.0,10.0,90.0
5.0,00000063#3,1.0,1.0,10.0,10.0,107.0
5.0,00000063#5,1.0,1.0,10.0,10.0,208.0
5.0,00000095#1,1.0,1.0,10.0,10.0,279.0
5.0,00000095#2,1.0,1.0,10.0,10.0,114.0
5.0,00000095#3,1.0,1.0,10.0,10.0,105.0
5.0,00000106#1,1.0,1.0,10.0,10.0,245.0
5.0,00000106#2,1.0,1.0,10.0,10.0,135.0
5.0,00000106#3,1.0,1.0,10.0,10.0,122.0
5.0,00000106#5,1.0,1.0,10.0,10.0,157.0
5.0,00000123#1,1.0,1.0,10.0,10.0,196.0
5.0,00000123#2,1.0,1.0,10.0,10.0,87.0
5.0,00000123#3,1.0,1.0,10.0,10.0,190.0
5.0,00000123#5,1.0,1.0,10.0,10.0,108.0
5.0,00000171#0,1.0,1.0,10.0,10.0,120.0
5.0,00000180#0,1.0,1.0,10.0,10.0,136.0
5.0,00000234#1,1.0,1.0,10.0,10.0,108.0
5.0,00000257#0,1.0,1.0,10.0,10.0,93.0
5.0,00000271#0,1.0,1.0,10.0,10.0,118.0
5.0,00000271#1,1.0,1.0,10.0,10.0,132.0
5.0,00000273#0,1.0,1.0,10.0,10.0,84.0
5.0,00000273#1,1.0,1.0,10.0,10.0,99.0
5.0,000002_080_00000048#0,1.0,1.0,10.0,10.0,69.0
5.0,000002_083_00000169#0,1.0,1.0,10.0,10.0,14.0
5.0,000002_083_00000169#1,1.0,1.0,10.0,10.0,26.0
5.0,000002_083_00000169#2,1.0,1.0,10.0,10.0,36.0
5.0,00000346#0,1.0,1.0,10.0,10.0,381.0
5.0,00000364#0,1.0,1.0,10.0,10.0,210.0
5.0,00000396#0,1.0,1.0,10.0,10.0,111.0
5.0,00000399#0,1.0,1.0,10.0,10.0,82.0
5.0,000003_081_00000171#10,1.0,1.0,10.0,10.0,76.0
5.0,000003_081_00000171#11,1.0,1.0,10.0,10.0,82.0
5.0,00000426#0,1.0,1.0,10.0,10.0,653.0
5.0,00000506#0,1.0,1.0,10.0,10.0,117.0
5.0,000005_004_00000286#4,1.0,1.0,10.0,10.0,62.0
5.0,000005_006_00000001#1,1.0,1.0,10.0,10.0,68.0
5.0,000005_006_00000001#2,1.0,1.0,10.0,10.0,25.0
5.0,000005_019_00000209#0,1.0,1.0,10.0,10.0,43.0
5.0,000005_019_00000209#1,1.0,1.0,10.0,10.0,31.0
5.0,000005_019_00000209#2,1.0,1.0,10.0,10.0,59.0
5.0,000005_027_00000493#1,1.0,1.0,10.0,10.0,34.0
5.0,000005_027_00000493#2,1.0,1.0,10.0,10.0,38.0
5.0,000005_027_00000493#3,1.0,1.0,10.0,10.0,49.0
5.0,000005_027_00000493#4,1.0,1.0,10.0,10.0,21.0
5.0,000005_027_00000493#5,1.0,1.0,10.0,10.0,25.0
5.0,000005_027_00000493#6,1.0,1.0,10.0,10.0,20.0
5.0,000005_027_00000493#7,1.0,1.0,10.0,10.0,26.0
5.0,000005_027_00000493#8,1.0,1.0,10.0,10.0,74.0
5.0,000005_028_00000001#2,1.0,1.0,10.0,10.0,77.0
5.0,000005_028_00000163#2,1.0,1.0,10.0,10.0,31.0
5.0,00000618#2,1.0,1.0,10.0,10.0,101.0
5.0,000006_010_00000389#4,1.0,1.0,10.0,10.0,58.0
5.0,000006_011_00000307#3,1.0,1.0,10.0,10.0,25.0
5.0,000006_011_00000409#8,1.0,1.0,10.0,10.0,40.0
5.0,000006_011_00000409#10,1.0,1.0,10.0,10.0,54.0
5.0,000006_012_00000001#3,1.0,1.0,10.0,10.0,38.0
5.0,000006_012_00000001#6,1.0,1.0,10.0,10.0,63.0
5.0,000006_012_00000001#11,1.0,1.0,10.0,10.0,69.0
5.0,000006_012_00000001#12,1.0,1.0,10.0,10.0,33.0
5.0,000008_003_00000235#1,1.0,1.0,10.0,10.0,76.0
5.0,000008_003_00000235#2,1.0,1.0,10.0,10.0,59.0
5.0,000008_003_00000235#3,1.0,1.0,10.0,10.0,81.0
5.0,000008_003_00000235#4,1.0,1.0,10.0,10.0,66.0
5.0,000008_003_00000235#5,1.0,1.0,10.0,10.0,68.0
5.0,000008_003_00000235#10,1.0,1.0,10.0,10.0,68.0
5.0,000008_003_00000235#11,1.0,1.0,10.0,10.0,16.0
5.0,000008_003_00000352#1,1.0,1.0,10.0,10.0,66.0
5.0,000008_003_00000352#3,1.0,1.0,10.0,10.0,80.0
5.0,000008_003_00000352#5,1.0,1.0,10.0,10.0,74.0
5.0,000008_003_00000352#7,1.0,1.0,10.0,10.0,75.0
5.0,000008_003_00000352#8,1.0,1.0,10.0,10.0,75.0
5.0,000008_003_00000352#9,1.0,1.0,10.0,10.0,76.0
5.0,000008_003_00000352#10,1.0,1.0,10.0,10.0,64.0
5.0,000008_003_00000352#12,1.0,1.0,10.0,10.0,74.0
5.0,000008_003_00000352#13,1.0,1.0,10.0,10.0,16.0
5.0,000008_003_00000469#0,1.0,1.0,10.0,10.0,85.0
5.0,000008_003_00000469#1,1.0,1.0,10.0,10.0,70.0
5.0,000008_003_00000469#2,1.0,1.0,10.0,10.0,67.0
5.0,000008_003_00000469#3,1.0,1.0,10.0,10.0,78.0
5.0,000008_003_00000469#4,1.0,1.0,10.0,10.0,85.0
5.0,000008_003_00000469#6,1.0,1.0,10.0,10.0,89.0
5.0,000008_003_00000469#9,1.0,1.0,10.0,10.0,31.0
5.0,000008_003_00000469#10,1.0,1.0,10.0,10.0,18.0
5.0,000008_004_00000665#2,1.0,1.0,10.0,10.0,34.0
5.0,000008_004_00000665#4,1.0,1.0,10.0,10.0,39.0
5.0,000008_004_00000665#11,1.0,1.0,10.0,10.0,52.0
5.0,000008_004_00000665#12,1.0,1.0,10.0,10.0,63.0
5.0,000008_004_00000665#13,1.0,1.0,10.0,10.0,37.0
5.0,000008_013_00000195#1,1.0,1.0,10.0,10.0,66.0
5.0,000008_013_00000195#2,1.0,1.0,10.0,10.0,60.0
5.0,000008_042_00000273#1,1.0,1.0,10.0,10.0,40.0
5.0,000008_045_00000001#0,1.0,1.0,10.0,10.0,48.0
5.0,000008_045_00000001#2,1.0,1.0,10.0,10.0,70.0
5.0,000008_045_00000001#3,1.0,1.0,10.0,10.0,14.0
5.0,000008_045_00000157#0,1.0,1.0,10.0,10.0,80.0
5.0,000008_045_00000157#4,1.0,1.0,10.0,10.0,17.0
5.0,000008_048_00000361#3,1.0,1.0,10.0,10.0,42.0
5.0,000008_048_00000361#4,1.0,1.0,10.0,10.0,36.0
5.0,000008_048_00000361#5,1.0,1.0,9.0,10.0,29.0
5.0,000009_008_00000241#3,1.0,1.0,10.0,10.0,78.0
5.0,000009_008_00000241#5,1.0,1.0,10.0,10.0,69.0
5.0,000009_008_00000241#6,1.0,1.0,10.0,10.0,29.0
5.0,000009_008_00000241#7,1.0,1.0,10.0,10.0,76.0
5.0,000009_008_00000241#9,1.0,1.0,10.0,10.0,84.0
5.0,000009_033_00000333#1,1.0,1.0,10.0,10.0,16.0
5.0,000009_033_00000333#2,1.0,1.0,10.0,10.0,38.0
5.0,000009_033_00000333#3,1.0,1.0,10.0,10.0,38.0
5.0,000009_033_00000333#4,1.0,1.0,10.0,10.0,36.0
5.0,000009_033_00000333#6,1.0,1.0,10.0,10.0,51.0
5.0,000012_008_00000163#3,1.0,1.0,10.0,10.0,67.0
5.0,000012_008_00000163#4,1.0,1.0,10.0,10.0,55.0
5.0,000012_008_00000163#5,1.0,1.0,10.0,10.0,48.0
5.0,000012_008_00000163#6,1.0,1.0,10.0,10.0,60.0
5.0,000012_008_00000163#8,1.0,1.0,10.0,10.0,74.0
5.0,000012_008_00000163#10,1.0,1.0,10.0,10.0,17.0
5.0,000012_008_00000163#11,1.0,1.0,10.0,10.0,26.0
5.0,000012_008_00000163#12,1.0,1.0,10.0,10.0,27.0
5.0,000012_008_00000163#13,1.0,1.0,10.0,10.0,15.0
5.0,000012_008_00000163#14,1.0,1.0,10.0,10.0,11.0
5.0,000012_009_00000244#1,1.0,1.0,10.0,10.0,71.0
5.0,000012_009_00000244#3,1.0,1.0,10.0,10.0,68.0
5.0,000012_009_00000244#4,1.0,1.0,10.0,10.0,40.0
5.0,000012_009_00000244#5,1.0,1.0,10.0,10.0,45.0
5.0,000012_009_00000244#6,1.0,1.0,10.0,10.0,21.0
5.0,000012_009_00000244#7,1.0,1.0,10.0,10.0,13.0
5.0,000012_009_00000244#8,1.0,1.0,10.0,10.0,12.0
5.0,000012_009_00000244#9,1.0,1.0,10.0,10.0,14.0
5.0,000012_009_00000244#10,1.0,1.0,10.0,10.0,34.0
5.0,000012_009_00000244#11,1.0,1.0,10.0,10.0,18.0
5.0,000012_009_00000244#12,1.0,1.0,10.0,10.0,18.0
5.0,000012_009_00000244#13,1.0,1.0,10.0,10.0,19.0
5.0,000012_009_00000244#14,1.0,1.0,8.0,10.0,8.0
5.0,000012_009_00000325#3,1.0,1.0,10.0,10.0,82.0
5.0,000012_009_00000325#4,1.0,1.0,10.0,10.0,36.0
5.0,000012_009_00000325#5,1.0,1.0,10.0,10.0,43.0
5.0,000012_009_00000325#6,1.0,1.0,10.0,10.0,28.0
5.0,000012_009_00000325#7,1.0,1.0,10.0,10.0,17.0
5.0,000012_009_00000325#8,1.0,1.0,10.0,10.0,16.0
5.0,000012_009_00000325#9,1.0,1.0,8.0,10.0,8.0
5.0,000012_009_00000325#11,1.0,1.0,10.0,10.0,28.0
5.0,000012_009_00000325#12,1.0,1.0,10.0,10.0,15.0
5.0,000012_009_00000325#14,1.0,1.0,10.0,10.0,22.0
5.0,000012_009_00000325#15,1.0,1.0,8.0,10.0,19.0
5.0,000012_009_00000325#16,1.0,1.0,10.0,10.0,35.0
5.0,000012_014_00000184#0,1.0,1.0,10.0,10.0,33.0
5.0,000012_014_00000184#1,1.0,1.0,10.0,10.0,55.0
5.0,000012_014_00000184#3,1.0,1.0,10.0,10.0,26.0
5.0,000012_019_00000151#1,1.0,1.0,10.0,10.0,59.0
5.0,000012_019_00000151#2,1.0,1.0,10.0,10.0,14.0
5.0,000012_019_00000151#4,1.0,1.0,10.0,10.0,21.0
5.0,000012_019_00000151#5,1.0,1.0,10.0,10.0,14.0
5.0,000012_022_00000090#0,1.0,1.0,10.0,10.0,64.0
5.0,000012_022_00000090#1,1.0,1.0,10.0,10.0,23.0
5.0,000012_025_00000313#1,1.0,1.0,10.0,10.0,11.0
5.0,000012_025_00000313#2,1.0,1.0,10.0,10.0,11.0
5.0,000012_025_00000313#3,1.0,1.0,10.0,10.0,13.0
5.0,000012_025_00000313#4,1.0,1.0,7.0,10.0,7.0
5.0,000012_025_00000313#5,1.0,1.0,10.0,10.0,13.0
5.0,000012_025_00000313#6,1.0,1.0,8.0,10.0,8.0
5.0,000012_028_00000250#0,1.0,1.0,10.0,10.0,64.0
5.0,000012_028_00000250#1,1.0,1.0,10.0,10.0,56.0
5.0,000013_001_00000001#1,1.0,1.0,10.0,10.0,33.0
5.0,000013_001_00000001#2,1.0,1.0,10.0,10.0,34.0
5.0,000013_001_00000001#3,1.0,1.0,10.0,10.0,31.0
5.0,000013_002_00000281#1,1.0,1.0,10.0,10.0,31.0
5.0,000013_002_00000281#2,1.0,1.0,10.0,10.0,36.0
5.0,000013_002_00000281#3,1.0,1.0,10.0,10.0,20.0
5.0,000013_023_00000075#1,1.0,1.0,10.0,10.0,56.0
5.0,000013_023_00000075#2,1.0,1.0,10.0,10.0,68.0
5.0,000013_025_00000285#0,1.0,1.0,10.0,10.0,15.0
5.0,000013_025_00000285#1,1.0,1.0,10.0,10.0,56.0
5.0,000013_025_00000285#2,1.0,1.0,10.0,10.0,20.0
5.0,000013_030_00000063#0,1.0,1.0,10.0,10.0,21.0
5.0,000013_030_00000063#1,1.0,1.0,10.0,10.0,68.0
5.0,000013_039_00000063#0,1.0,1.0,10.0,10.0,41.0
5.0,000013_039_00000063#1,1.0,1.0,10.0,10.0,32.0
5.0,000013_039_00000063#3,1.0,1.0,10.0,10.0,26.0
5.0,000013_039_00000063#5,1.0,1.0,8.0,10.0,8.0
5.0,000013_040_suppl_00000167#0,1.0,1.0,10.0,10.0,79.0
5.0,000013_040_suppl_00000333#1,1.0,1.0,10.0,10.0,50.0
5.0,000013_040_suppl_00000333#3,1.0,1.0,10.0,10.0,80.0
5.0,000013_040_suppl_00000333#4,1.0,1.0,8.0,10.0,8.0
5.0,000013_044_00000001#0,1.0,1.0,10.0,10.0,24.0
5.0,000013_044_00000001#1,1.0,1.0,10.0,10.0,31.0
5.0,000013_044_00000001#2,1.0,1.0,9.0,10.0,72.0
5.0,000013_044_00000001#4,1.0,1.0,1.0,10.0,38.0
5.0,000013_044_00000001#5,1.0,1.0,1.0,10.0,72.0
5.0,000013_044_00000001#7,1.0,1.0,10.0,10.0,62.0
5.0,000013_048_00000001#0,1.0,1.0,10.0,10.0,46.0
5.0,000013_048_00000001#1,1.0,1.0,6.0,10.0,60.0
5.0,000013_048_00000001#3,0.0,1.0,0.0,10.0,49.0
5.0,000013_048_00000001#4,1.0,1.0,4.0,10.0,69.0
5.0,000013_056_00000281#2,1.0,1.0,10.0,10.0,49.0
5.0,000013_056_00000281#3,1.0,1.0,10.0,10.0,16.0
5.0,000013_056_00000281#4,1.0,1.0,10.0,10.0,21.0
5.0,000013_056_00000281#6,1.0,1.0,10.0,10.0,11.0
5.0,000013_056_00000281#7,1.0,1.0,10.0,10.0,12.0
5.0,000013_056_00000281#8,1.0,1.0,10.0,10.0,64.0
5.0,000013_056_00000281#9,1.0,1.0,10.0,10.0,43.0
5.0,000013_056_00000281#10,1.0,1.0,10.0,10.0,32.0
5.0,000014_012_00000217#1,1.0,1.0,10.0,10.0,41.0
5.0,000014_012_00000217#2,1.0,1.0,10.0,10.0,48.0
5.0,000014_050_00000273#3,1.0,1.0,10.0,10.0,47.0
5.0,000014_050_00000273#4,1.0,1.0,10.0,10.0,57.0
5.0,000014_050_00000273#5,1.0,1.0,10.0,10.0,26.0
5.0,000014_051_suppl_00000341#2,1.0,1.0,10.0,10.0,15.0
5.0,000014_052_00000131#2,1.0,1.0,10.0,10.0,22.0
5.0,000014_052_00000131#3,1.0,1.0,10.0,10.0,13.0
5.0,000015_004_00000268#0,1.0,1.0,10.0,10.0,27.0
5.0,000015_004_suppl_00000223#2,1.0,1.0,10.0,10.0,36.0
5.0,000016_043_suppl_00000292#1,1.0,1.0,10.0,10.0,21.0
5.0,000016_043_suppl_00000292#2,1.0,1.0,10.0,10.0,56.0
5.0,000016_043_suppl_00000292#4,1.0,1.0,10.0,10.0,30.0
5.0,000016_043_suppl_00000292#5,1.0,1.0,10.0,10.0,25.0
5.0,000016_043_suppl_00000292#6,1.0,1.0,10.0,10.0,45.0
5.0,000016_043_suppl_00000292#8,1.0,1.0,10.0,10.0,26.0
5.0,000016_043_suppl_00000292#9,1.0,1.0,10.0,10.0,32.0
5.0,000016_043_suppl_00000292#10,1.0,1.0,10.0,10.0,19.0
5.0,000016_043_suppl_00000292#11,1.0,1.0,10.0,10.0,27.0
5.0,000016_043_suppl_00000292#12,1.0,1.0,10.0,10.0,32.0
5.0,000016_043_suppl_00000292#14,1.0,1.0,10.0,10.0,70.0
5.0,000016_043_suppl_00000292#17,1.0,1.0,10.0,10.0,47.0
5.0,000016_043_suppl_00000292#20,1.0,1.0,10.0,10.0,23.0
5.0,000016_044_00000085#0,1.0,1.0,10.0,10.0,83.0
5.0,000016_044_00000085#1,1.0,1.0,10.0,10.0,62.0
5.0,000016_044_00000085#3,1.0,1.0,10.0,10.0,17.0
5.0,000016_044_00000085#4,1.0,1.0,10.0,10.0,65.0
5.0,000016_044_00000085#7,1.0,1.0,10.0,10.0,67.0
5.0,000016_044_00000085#10,1.0,1.0,10.0,10.0,78.0
5.0,000016_044_00000169#1,1.0,1.0,10.0,10.0,37.0
5.0,000016_044_00000169#2,1.0,1.0,10.0,10.0,36.0
5.0,000016_044_00000169#3,1.0,1.0,10.0,10.0,16.0
5.0,000016_044_00000169#5,1.0,1.0,10.0,10.0,15.0
5.0,000016_044_00000169#6,1.0,1.0,10.0,10.0,59.0
5.0,000016_044_00000169#8,1.0,1.0,10.0,10.0,88.0
5.0,000016_044_00000169#16,1.0,1.0,10.0,10.0,73.0
5.0,000016_044_00000169#17,1.0,1.0,10.0,10.0,65.0
5.0,000017_011_00000297#3,1.0,1.0,10.0,10.0,12.0
5.0,000017_011_00000297#5,1.0,1.0,10.0,10.0,68.0
5.0,000017_011_00000297#9,1.0,1.0,10.0,10.0,26.0
5.0,000017_011_00000297#10,1.0,1.0,10.0,10.0,86.0
5.0,000017_011_00000297#11,1.0,1.0,10.0,10.0,59.0
5.0,000017_011_00000297#13,1.0,1.0,10.0,10.0,43.0
5.0,000017_012_00000135#2,1.0,1.0,10.0,10.0,36.0
5.0,000017_020_00000214#0,1.0,1.0,10.0,10.0,21.0
5.0,000017_020_00000214#2,1.0,1.0,10.0,10.0,27.0
5.0,000017_020_suppl_00000356#0,1.0,1.0,10.0,10.0,20.0
5.0,000017_020_suppl_00000356#2,1.0,1.0,10.0,10.0,20.0
5.0,000018_006_00000063#0,1.0,1.0,10.0,10.0,66.0
5.0,000019_030_00000072#1,1.0,1.0,10.0,10.0,23.0
5.0,000019_030_00000072#2,1.0,1.0,10.0,10.0,72.0
5.0,000019_030_00000072#3,1.0,1.0,10.0,10.0,54.0
5.0,000019_030_00000072#4,1.0,1.0,10.0,10.0,21.0
5.0,000019_030_00000072#5,1.0,1.0,10.0,10.0,10.0
5.0,000019_038_00000205#2,1.0,1.0,10.0,10.0,20.0
5.0,000019_038_00000205#3,1.0,1.0,10.0,10.0,25.0
5.0,000019_038_00000205#4,1.0,1.0,10.0,10.0,21.0
5.0,000019_038_00000205#5,1.0,1.0,10.0,10.0,36.0
5.0,000019_038_00000205#6,1.0,1.0,10.0,10.0,84.0
5.0,000019_038_00000205#7,1.0,1.0,10.0,10.0,70.0
5.0,000019_038_00000205#8,1.0,1.0,10.0,10.0,82.0
5.0,000019_041_00000141#2,1.0,1.0,10.0,10.0,24.0
5.0,000019_045_00000145#4,1.0,1.0,10.0,10.0,46.0
5.0,000019_045_00000145#5,1.0,1.0,10.0,10.0,42.0
5.0,000019_045_00000145#7,1.0,1.0,7.0,10.0,67.0
5.0,000020_010_00000089#1,1.0,1.0,10.0,10.0,60.0
5.0,000020_010_00000089#5,1.0,1.0,9.0,10.0,9.0
5.0,000020_010_00000089#6,1.0,1.0,10.0,10.0,20.0
5.0,000020_010_00000089#7,1.0,1.0,7.0,10.0,8.0
5.0,000020_014_00000193#2,1.0,1.0,10.0,10.0,63.0
5.0,000020_014_00000193#3,1.0,1.0,10.0,10.0,76.0
5.0,000020_014_00000193#5,1.0,1.0,10.0,10.0,54.0
5.0,000020_014_00000193#6,1.0,1.0,10.0,10.0,77.0
5.0,000020_018_00000093#0,1.0,1.0,10.0,10.0,16.0
5.0,000020_018_00000093#1,1.0,1.0,10.0,10.0,24.0
5.0,000020_018_00000093#2,1.0,1.0,10.0,10.0,81.0
5.0,000020_018_00000093#3,1.0,1.0,10.0,10.0,42.0
5.0,000021_020_00000131#2,1.0,1.0,10.0,10.0,76.0
5.0,000023_005_00000070#1,1.0,1.0,10.0,10.0,32.0
5.0,000023_005_00000070#2,1.0,1.0,10.0,10.0,87.0
5.0,000023_005_00000070#3,1.0,1.0,10.0,10.0,63.0
5.0,000023_005_00000070#4,1.0,1.0,10.0,10.0,63.0
5.0,000023_005_00000070#5,1.0,1.0,10.0,10.0,18.0
5.0,000023_005_00000070#6,1.0,1.0,10.0,10.0,23.0
5.0,000031#0,1.0,1.0,10.0,10.0,53.0
5.0,000031#1,1.0,1.0,10.0,10.0,15.0
5.0,000031#2,1.0,1.0,8.0,10.0,8.0
5.0,000031#3,1.0,1.0,10.0,10.0,15.0
5.0,000031#6,1.0,1.0,10.0,10.0,24.0
5.0,000031#8,1.0,1.0,10.0,10.0,53.0
5.0,000031#10,1.0,1.0,10.0,10.0,16.0
5.0,000031#11,1.0,1.0,10.0,10.0,21.0
5.0,000066#0,1.0,1.0,10.0,10.0,31.0
5.0,000066#1,1.0,1.0,10.0,10.0,15.0
5.0,000066#2,1.0,1.0,10.0,10.0,61.0
5.0,000066#3,1.0,1.0,10.0,10.0,39.0
5.0,000070#0,1.0,1.0,10.0,10.0,28.0
5.0,000070#1,1.0,1.0,10.0,10.0,18.0
5.0,000070#2,1.0,1.0,6.0,10.0,52.0
5.0,000070#3,1.0,1.0,10.0,10.0,67.0
5.0,000173#1,1.0,1.0,10.0,10.0,27.0
5.0,000303#2,1.0,1.0,10.0,10.0,67.0
5.0,000303#6,1.0,1.0,10.0,10.0,30.0
5.0,000303#7,1.0,1.0,10.0,10.0,16.0
5.0,000328#1,1.0,1.0,10.0,10.0,58.0
5.0,000328#3,1.0,1.0,10.0,10.0,65.0
5.0,000415#1,1.0,1.0,10.0,10.0,14.0
5.0,000415#2,1.0,1.0,9.0,10.0,9.0
5.0,000415#4,1.0,1.0,10.0,10.0,22.0
5.0,000415#5,1.0,1.0,10.0,10.0,24.0
5.0,000415#6,1.0,1.0,10.0,10.0,12.0
5.0,000415#8,1.0,1.0,10.0,10.0,10.0
5.0,000415#10,1.0,1.0,10.0,10.0,13.0
5.0,000415#11,1.0,1.0,10.0,10.0,12.0
5.0,000415#13,1.0,1.0,10.0,10.0,21.0
5.0,000415#14,1.0,1.0,10.0,10.0,13.0
5.0,000415#15,1.0,1.0,10.0,10.0,17.0
5.0,000415#16,1.0,1.0,6.0,10.0,8.0
5.0,000415#17,1.0,1.0,7.0,10.0,10.0
5.0,000415#19,1.0,1.0,10.0,10.0,37.0
5.0,000433#7,1.0,1.0,10.0,10.0,57.0
5.0,000437#0,1.0,1.0,10.0,10.0,67.0
5.0,000437#1,1.0,1.0,10.0,10.0,75.0
5.0,000437#2,1.0,1.0,10.0,10.0,26.0
5.0,000437#5,1.0,1.0,10.0,10.0,48.0
5.0,000484#2,1.0,1.0,10.0,10.0,37.0
5.0,000484#3,1.0,1.0,10.0,10.0,55.0
5.0,000500#0,1.0,1.0,10.0,10.0,14.0
5.0,000500#1,1.0,1.0,9.0,10.0,9.0
5.0,000500#2,1.0,1.0,10.0,10.0,15.0
5.0,000525#0,1.0,1.0,10.0,10.0,14.0
5.0,000525#1,1.0,1.0,10.0,10.0,30.0
5.0,000525#2,1.0,1.0,10.0,10.0,35.0
5.0,000561#0,1.0,1.0,10.0,10.0,70.0
5.0,000561#3,1.0,1.0,10.0,10.0,63.0
5.0,000561#4,1.0,1.0,10.0,10.0,38.0
5.0,000597#2,1.0,1.0,10.0,10.0,62.0
5.0,000597#3,1.0,1.0,10.0,10.0,29.0
5.0,000630#0,1.0,1.0,10.0,10.0,14.0
5.0,000680#5,1.0,1.0,10.0,10.0,69.0
5.0,000707#1,1.0,1.0,10.0,10.0,13.0
5.0,000707#2,1.0,1.0,10.0,10.0,18.0
5.0,000707#3,1.0,1.0,9.0,10.0,9.0
5.0,000707#4,1.0,1.0,10.0,10.0,25.0
5.0,000707#5,1.0,1.0,10.0,10.0,20.0
5.0,000735#1,1.0,1.0,10.0,10.0,11.0
5.0,000738#0,1.0,1.0,10.0,10.0,26.0
5.0,000738#2,1.0,1.0,9.0,10.0,9.0
5.0,000738#3,1.0,1.0,10.0,10.0,36.0
5.0,000756#4,1.0,1.0,10.0,10.0,34.0
5.0,000759#2,1.0,1.0,10.0,10.0,34.0
5.0,000780#0,1.0,1.0,10.0,10.0,22.0
5.0,000780#3,1.0,1.0,10.0,10.0,90.0
5.0,000783#0,1.0,1.0,10.0,10.0,45.0
5.0,000783#1,1.0,1.0,10.0,10.0,42.0
5.0,000783#3,1.0,1.0,10.0,10.0,38.0
5.0,000783#4,1.0,1.0,10.0,10.0,26.0
5.0,000808#1,1.0,1.0,10.0,10.0,21.0
5.0,000820#2,1.0,1.0,10.0,10.0,58.0
5.0,000820#3,1.0,1.0,10.0,10.0,45.0
5.0,000820#4,1.0,1.0,10.0,10.0,25.0
5.0,000820#5,1.0,1.0,10.0,10.0,27.0
5.0,000820#7,1.0,1.0,8.0,10.0,8.0
5.0,000889#5,1.0,1.0,10.0,10.0,84.0
5.0,000889#6,1.0,1.0,10.0,10.0,40.0
5.0,000889#7,1.0,1.0,10.0,10.0,14.0
5.0,000889#8,1.0,1.0,10.0,10.0,15.0
5.0,000889#9,1.0,1.0,10.0,10.0,22.0
5.0,000889#13,1.0,1.0,10.0,10.0,24.0
5.0,000889#14,1.0,1.0,10.0,10.0,69.0
5.0,000943#0,1.0,1.0,10.0,10.0,16.0
5.0,000943#1,1.0,1.0,10.0,10.0,14.0
5.0,000943#2,1.0,1.0,10.0,10.0,64.0
5.0,000943#3,1.0,1.0,7.0,10.0,7.0
5.0,000943#4,1.0,1.0,7.0,10.0,7.0
5.0,000943#6,1.0,1.0,7.0,10.0,18.0
5.0,000943#7,1.0,1.0,10.0,10.0,23.0
5.0,000952#0,1.0,1.0,10.0,10.0,22.0
5.0,001033#1,1.0,1.0,10.0,10.0,15.0
5.0,001033#2,1.0,1.0,10.0,10.0,31.0
5.0,001033#3,1.0,1.0,10.0,10.0,41.0
5.0,001033#9,1.0,1.0,7.0,10.0,25.0
5.0,001033#10,1.0,1.0,10.0,10.0,21.0
5.0,001035#0,1.0,1.0,10.0,10.0,19.0
5.0,001035#1,1.0,1.0,10.0,10.0,53.0
5.0,001035#2,1.0,1.0,10.0,10.0,76.0
5.0,001035#7,1.0,1.0,10.0,10.0,40.0
5.0,001035#9,1.0,1.0,10.0,10.0,22.0
5.0,001035#10,1.0,1.0,10.0,10.0,63.0
5.0,001114#5,1.0,1.0,10.0,10.0,47.0
5.0,001114#6,1.0,1.0,10.0,10.0,40.0
5.0,001114#7,1.0,1.0,10.0,10.0,12.0
5.0,001114#8,1.0,1.0,10.0,10.0,26.0
5.0,001114#10,1.0,1.0,10.0,10.0,17.0
5.0,001123#0,1.0,1.0,10.0,10.0,31.0
5.0,001123#1,1.0,1.0,10.0,10.0,76.0
5.0,001123#2,1.0,1.0,10.0,10.0,77.0
5.0,001123#4,1.0,1.0,10.0,10.0,64.0
5.0,001123#5,1.0,1.0,10.0,10.0,42.0
5.0,001123#6,1.0,1.0,10.0,10.0,79.0
5.0,001123#7,1.0,1.0,10.0,10.0,86.0
5.0,001123#8,1.0,1.0,7.0,10.0,36.0
5.0,001123#9,1.0,1.0,10.0,10.0,56.0
5.0,001123#10,1.0,1.0,10.0,10.0,62.0
5.0,001123#11,1.0,1.0,10.0,10.0,66.0
5.0,001123#12,1.0,1.0,10.0,10.0,79.0
5.0,001123#13,1.0,1.0,10.0,10.0,31.0
5.0,001123#18,1.0,1.0,9.0,10.0,9.0
5.0,001123#19,1.0,1.0,9.0,10.0,10.0
5.0,001123#20,1.0,1.0,10.0,10.0,49.0
5.0,001123#21,1.0,1.0,10.0,10.0,32.0
5.0,001123#22,1.0,1.0,10.0,10.0,33.0
5.0,001135#4,1.0,1.0,10.0,10.0,64.0
5.0,001135#6,1.0,1.0,10.0,10.0,72.0
5.0,001135#7,1.0,1.0,6.0,10.0,14.0
5.0,001157#4,1.0,1.0,10.0,10.0,14.0
5.0,001157#5,1.0,1.0,10.0,10.0,30.0
5.0,001157#8,1.0,1.0,10.0,10.0,77.0
5.0,001157#9,1.0,1.0,10.0,10.0,68.0
5.0,001202#3,1.0,1.0,10.0,10.0,72.0
5.0,001202#4,1.0,1.0,10.0,10.0,78.0
5.0,001202#8,1.0,1.0,10.0,10.0,23.0
5.0,001202#10,1.0,1.0,10.0,10.0,56.0
5.0,001202#11,1.0,1.0,10.0,10.0,57.0
5.0,001202#12,1.0,1.0,10.0,10.0,42.0
5.0,001257#0,1.0,1.0,10.0,10.0,46.0
5.0,001257#3,1.0,1.0,10.0,10.0,69.0
5.0,001257#6,1.0,1.0,10.0,10.0,27.0
5.0,001257#9,1.0,1.0,10.0,10.0,27.0
5.0,001257#10,1.0,1.0,10.0,10.0,46.0
5.0,001257#11,1.0,1.0,10.0,10.0,31.0
5.0,001276#3,1.0,1.0,10.0,10.0,58.0
5.0,001276#7,1.0,1.0,10.0,10.0,30.0
5.0,001276#9,1.0,1.0,10.0,10.0,54.0
5.0,001276#10,1.0,1.0,10.0,10.0,27.0
5.0,001276#11,1.0,1.0,10.0,10.0,31.0
5.0,001276#12,1.0,1.0,10.0,10.0,25.0
5.0,001276#13,1.0,1.0,10.0,10.0,35.0
5.0,001276#14,1.0,1.0,10.0,10.0,50.0
5.0,001276#15,1.0,1.0,10.0,10.0,25.0
5.0,001295#0,1.0,1.0,10.0,10.0,30.0
5.0,001295#1,1.0,1.0,10.0,10.0,52.0
5.0,001295#3,1.0,1.0,10.0,10.0,10.0
5.0,001295#10,1.0,1.0,10.0,10.0,55.0
5.0,001295#11,1.0,1.0,10.0,10.0,24.0
5.0,001295#12,1.0,1.0,10.0,10.0,17.0
5.0,001295#13,1.0,1.0,9.0,10.0,28.0
5.0,001295#14,1.0,1.0,10.0,10.0,36.0
5.0,001295#15,1.0,1.0,10.0,10.0,24.0
5.0,001295#17,1.0,1.0,10.0,10.0,19.0
5.0,001295#18,1.0,1.0,10.0,10.0,15.0
5.0,001295#19,1.0,1.0,10.0,10.0,17.0
5.0,001295#20,1.0,1.0,10.0,10.0,16.0
5.0,001295#21,1.0,1.0,10.0,10.0,22.0
5.0,001295#22,1.0,1.0,10.0,10.0,26.0
5.0,001295#24,1.0,1.0,10.0,10.0,26.0
5.0,001295#26,1.0,1.0,9.0,10.0,9.0
5.0,001409#0,1.0,1.0,10.0,10.0,39.0
5.0,001409#1,1.0,1.0,10.0,10.0,43.0
5.0,001415#0,1.0,1.0,10.0,10.0,42.0
5.0,001415#1,1.0,1.0,10.0,10.0,44.0
5.0,001415#2,1.0,1.0,10.0,10.0,41.0
5.0,001415#3,1.0,1.0,10.0,10.0,53.0
5.0,001443#3,1.0,1.0,10.0,10.0,53.0
5.0,001443#4,1.0,1.0,10.0,10.0,73.0
5.0,001443#6,1.0,1.0,10.0,10.0,66.0
5.0,001443#7,1.0,1.0,10.0,10.0,67.0
5.0,001443#9,1.0,1.0,10.0,10.0,27.0
5.0,001443#10,1.0,1.0,10.0,10.0,46.0
5.0,001461#2,1.0,1.0,10.0,10.0,28.0
5.0,001461#3,1.0,1.0,10.0,10.0,42.0
5.0,001461#4,1.0,1.0,10.0,10.0,64.0
5.0,001461#5,1.0,1.0,10.0,10.0,36.0
5.0,001531#1,1.0,1.0,10.0,10.0,16.0
5.0,001531#2,1.0,1.0,10.0,10.0,11.0
5.0,001531#6,1.0,1.0,10.0,10.0,28.0
5.0,001531#8,1.0,1.0,10.0,10.0,11.0
5.0,001531#10,1.0,1.0,10.0,10.0,43.0
5.0,001558#4,1.0,1.0,10.0,10.0,31.0
5.0,001683#1,1.0,1.0,10.0,10.0,83.0
5.0,001683#6,1.0,1.0,10.0,10.0,36.0
5.0,001683#7,1.0,1.0,10.0,10.0,46.0
5.0,001683#8,1.0,1.0,10.0,10.0,50.0
5.0,001694#1,1.0,1.0,10.0,10.0,28.0
5.0,001694#2,1.0,1.0,10.0,10.0,64.0
5.0,001694#7,1.0,1.0,10.0,10.0,62.0
5.0,001694#8,1.0,1.0,10.0,10.0,36.0
5.0,001694#9,1.0,1.0,10.0,10.0,50.0
5.0,001694#10,1.0,1.0,10.0,10.0,27.0
5.0,001694#11,1.0,1.0,10.0,10.0,28.0
5.0,001694#12,1.0,1.0,10.0,10.0,22.0
5.0,001694#13,1.0,1.0,10.0,10.0,27.0
5.0,001694#14,1.0,1.0,10.0,10.0,31.0
5.0,001707#1,1.0,1.0,10.0,10.0,22.0
5.0,001707#2,1.0,1.0,10.0,10.0,68.0
5.0,001707#7,1.0,1.0,10.0,10.0,62.0
5.0,001707#8,1.0,1.0,10.0,10.0,36.0
5.0,001707#9,1.0,1.0,10.0,10.0,31.0
5.0,001707#10,1.0,1.0,10.0,10.0,34.0
5.0,001707#11,1.0,1.0,10.0,10.0,57.0
5.0,001707#12,1.0,1.0,10.0,10.0,19.0
5.0,001712#1,1.0,1.0,10.0,10.0,72.0
5.0,001712#6,1.0,1.0,10.0,10.0,58.0
5.0,001712#7,1.0,1.0,10.0,10.0,16.0
5.0,001712#8,1.0,1.0,10.0,10.0,36.0
5.0,001712#9,1.0,1.0,10.0,10.0,55.0
5.0,001712#10,1.0,1.0,10.0,10.0,25.0
5.0,001712#11,1.0,1.0,10.0,10.0,23.0
5.0,001712#12,1.0,1.0,10.0,10.0,27.0
5.0,001724#1,1.0,1.0,10.0,10.0,11.0
5.0,001724#3,1.0,1.0,10.0,10.0,56.0
5.0,001724#7,1.0,1.0,10.0,10.0,84.0
5.0,001724#8,1.0,1.0,10.0,10.0,34.0
5.0,001724#9,1.0,1.0,10.0,10.0,30.0
5.0,001724#10,1.0,1.0,10.0,10.0,27.0
5.0,001724#11,1.0,1.0,10.0,10.0,34.0
5.0,001724#12,1.0,1.0,10.0,10.0,38.0
5.0,001737#3,1.0,1.0,10.0,10.0,54.0
5.0,001737#7,1.0,1.0,10.0,10.0,76.0
5.0,001737#8,1.0,1.0,8.0,10.0,8.0
5.0,001737#9,1.0,1.0,10.0,10.0,15.0
5.0,001737#10,1.0,1.0,10.0,10.0,36.0
5.0,001737#11,1.0,1.0,10.0,10.0,30.0
5.0,001737#12,1.0,1.0,10.0,10.0,38.0
5.0,001737#13,1.0,1.0,10.0,10.0,30.0
5.0,001742#0,1.0,1.0,10.0,10.0,41.0
5.0,001763#0,1.0,1.0,10.0,10.0,25.0
5.0,001785#0,1.0,1.0,10.0,10.0,50.0
5.0,001785#1,1.0,1.0,10.0,10.0,51.0
5.0,001785#2,1.0,1.0,10.0,10.0,80.0
5.0,001851#0,1.0,1.0,10.0,10.0,48.0
5.0,001851#8,1.0,1.0,10.0,10.0,25.0
5.0,001851#9,1.0,1.0,10.0,10.0,27.0
5.0,001851#10,1.0,1.0,10.0,10.0,31.0
5.0,001851#11,1.0,1.0,10.0,10.0,25.0
5.0,001851#12,1.0,1.0,10.0,10.0,27.0
5.0,001851#13,1.0,1.0,10.0,10.0,50.0
5.0,001851#14,1.0,1.0,10.0,10.0,27.0
5.0,001862#0,1.0,1.0,10.0,10.0,48.0
5.0,001862#8,1.0,1.0,10.0,10.0,21.0
5.0,001862#9,1.0,1.0,10.0,10.0,27.0
5.0,001862#10,1.0,1.0,10.0,10.0,54.0
5.0,001862#11,1.0,1.0,10.0,10.0,21.0
5.0,001862#12,1.0,1.0,10.0,10.0,20.0
5.0,001862#13,1.0,1.0,10.0,10.0,32.0
5.0,001862#14,1.0,1.0,10.0,10.0,29.0
5.0,001862#15,1.0,1.0,10.0,10.0,37.0
5.0,001873#0,1.0,1.0,10.0,10.0,48.0
5.0,001873#4,1.0,1.0,10.0,10.0,73.0
5.0,001873#8,1.0,1.0,10.0,10.0,26.0
5.0,001873#9,1.0,1.0,10.0,10.0,50.0
5.0,001873#10,1.0,1.0,10.0,10.0,14.0
5.0,001873#11,1.0,1.0,10.0,10.0,27.0
5.0,001873#12,1.0,1.0,10.0,10.0,26.0
5.0,001873#13,1.0,1.0,10.0,10.0,27.0
5.0,001881#0,1.0,1.0,10.0,10.0,48.0
5.0,001881#4,1.0,1.0,10.0,10.0,73.0
5.0,001881#8,1.0,1.0,10.0,10.0,25.0
5.0,001881#9,1.0,1.0,10.0,10.0,54.0
5.0,001881#10,1.0,1.0,10.0,10.0,22.0
5.0,001884#0,1.0,1.0,10.0,10.0,52.0
5.0,001884#4,1.0,1.0,10.0,10.0,73.0
5.0,001884#8,1.0,1.0,10.0,10.0,21.0
5.0,001884#9,1.0,1.0,10.0,10.0,57.0
5.0,001884#10,1.0,1.0,10.0,10.0,25.0
5.0,001884#11,1.0,1.0,10.0,10.0,23.0
5.0,001884#12,1.0,1.0,10.0,10.0,20.0
5.0,001884#13,1.0,1.0,10.0,10.0,17.0
5.0,001884#14,1.0,1.0,10.0,10.0,27.0
5.0,001898#0,1.0,1.0,10.0,10.0,52.0
5.0,001898#4,1.0,1.0,10.0,10.0,74.0
5.0,001898#7,1.0,1.0,10.0,10.0,22.0
5.0,001898#8,1.0,1.0,10.0,10.0,20.0
5.0,001898#9,1.0,1.0,10.0,10.0,21.0
5.0,001898#10,1.0,1.0,10.0,10.0,24.0
5.0,001898#11,1.0,1.0,10.0,10.0,36.0
5.0,001898#12,1.0,1.0,10.0,10.0,55.0
5.0,001898#13,1.0,1.0,10.0,10.0,27.0
5.0,001898#14,1.0,1.0,10.0,10.0,24.0
5.0,001970#1,1.0,1.0,10.0,10.0,73.0
5.0,001970#3,1.0,1.0,10.0,10.0,36.0
5.0,001970#7,1.0,1.0,10.0,10.0,65.0
5.0,001970#8,1.0,1.0,10.0,10.0,26.0
5.0,001970#9,1.0,1.0,10.0,10.0,41.0
5.0,001970#10,1.0,1.0,10.0,10.0,27.0
5.0,002048#2,1.0,1.0,10.0,10.0,68.0
5.0,002048#3,1.0,1.0,10.0,10.0,53.0
5.0,002048#4,1.0,1.0,10.0,10.0,76.0
5.0,002048#7,1.0,1.0,10.0,10.0,37.0
5.0,002048#8,1.0,1.0,10.0,10.0,19.0
5.0,002048#9,1.0,1.0,10.0,10.0,40.0
5.0,002048#10,1.0,1.0,10.0,10.0,41.0
5.0,002097#3,1.0,1.0,10.0,10.0,67.0
5.0,002097#4,1.0,1.0,10.0,10.0,75.0
5.0,002097#7,1.0,1.0,10.0,10.0,22.0
5.0,002097#8,1.0,1.0,10.0,10.0,29.0
5.0,002097#9,1.0,1.0,10.0,10.0,32.0
5.0,002097#10,1.0,1.0,10.0,10.0,32.0
5.0,002102#0,1.0,1.0,10.0,10.0,63.0
5.0,002102#1,1.0,1.0,10.0,10.0,67.0
5.0,002102#2,1.0,1.0,10.0,10.0,64.0
5.0,002102#3,1.0,1.0,10.0,10.0,55.0
5.0,002102#4,1.0,1.0,10.0,10.0,59.0
5.0,002102#5,1.0,1.0,10.0,10.0,40.0
5.0,002102#6,1.0,1.0,10.0,10.0,56.0
5.0,002102#7,1.0,1.0,10.0,10.0,56.0
5.0,002102#8,1.0,1.0,10.0,10.0,50.0
5.0,002156#0,1.0,1.0,10.0,10.0,40.0
5.0,002156#1,1.0,1.0,10.0,10.0,28.0
5.0,002156#2,1.0,1.0,10.0,10.0,38.0
5.0,002156#3,1.0,1.0,10.0,10.0,59.0
5.0,002156#4,1.0,1.0,10.0,10.0,81.0
5.0,002156#7,1.0,1.0,10.0,10.0,46.0
5.0,002156#8,1.0,1.0,10.0,10.0,34.0
5.0,002156#9,1.0,1.0,10.0,10.0,53.0
5.0,002207#0,1.0,1.0,10.0,10.0,11.0
5.0,002207#1,1.0,1.0,10.0,10.0,49.0
5.0,002235#3,1.0,1.0,10.0,10.0,36.0
5.0,002235#5,1.0,1.0,10.0,10.0,55.0
5.0,002235#6,1.0,1.0,3.0,10.0,17.0
5.0,002235#7,1.0,1.0,10.0,10.0,27.0
5.0,002235#10,1.0,1.0,10.0,10.0,10.0
5.0,002265#3,1.0,1.0,10.0,10.0,15.0
5.0,002265#4,1.0,1.0,10.0,10.0,13.0
5.0,002276#0,1.0,1.0,10.0,10.0,41.0
5.0,002276#1,1.0,1.0,10.0,10.0,18.0
5.0,002276#2,1.0,1.0,10.0,10.0,32.0
5.0,002276#3,1.0,1.0,10.0,10.0,53.0
5.0,002276#6,1.0,1.0,10.0,10.0,46.0
5.0,002331#2,1.0,1.0,10.0,10.0,49.0
5.0,002331#3,1.0,1.0,10.0,10.0,37.0
5.0,002331#4,1.0,1.0,10.0,10.0,75.0
5.0,002331#16,1.0,1.0,10.0,10.0,14.0
5.0,002331#18,1.0,1.0,10.0,10.0,21.0
5.0,002334#1,1.0,1.0,10.0,10.0,11.0
5.0,002334#8,1.0,1.0,10.0,10.0,56.0
5.0,002334#9,1.0,1.0,10.0,10.0,18.0
5.0,002338#0,1.0,1.0,10.0,10.0,62.0
5.0,002338#1,1.0,1.0,10.0,10.0,70.0
5.0,002338#4,1.0,1.0,10.0,10.0,73.0
5.0,002338#5,1.0,1.0,10.0,10.0,44.0
5.0,002357#0,1.0,1.0,10.0,10.0,23.0
5.0,002357#1,1.0,1.0,10.0,10.0,35.0
5.0,002357#2,1.0,1.0,10.0,10.0,72.0
5.0,002357#3,1.0,1.0,10.0,10.0,43.0
5.0,002359#0,1.0,1.0,10.0,10.0,29.0
5.0,002359#1,1.0,1.0,10.0,10.0,43.0
5.0,002359#2,1.0,1.0,10.0,10.0,45.0
5.0,002359#3,1.0,1.0,10.0,10.0,27.0
5.0,002378#0,1.0,1.0,10.0,10.0,34.0
5.0,002378#1,1.0,1.0,10.0,10.0,11.0
5.0,002378#3,1.0,1.0,10.0,10.0,66.0
5.0,002378#5,1.0,1.0,10.0,10.0,73.0
5.0,002378#6,1.0,1.0,10.0,10.0,19.0
5.0,002380#2,1.0,1.0,10.0,10.0,77.0
5.0,002380#3,1.0,1.0,10.0,10.0,55.0
5.0,002380#4,1.0,1.0,10.0,10.0,19.0
5.0,002380#5,1.0,1.0,8.0,10.0,8.0
5.0,002380#6,1.0,1.0,10.0,10.0,45.0
5.0,002380#7,1.0,1.0,10.0,10.0,14.0
5.0,002380#8,1.0,1.0,10.0,10.0,15.0
5.0,002380#9,1.0,1.0,10.0,10.0,25.0
5.0,002413#0,1.0,1.0,10.0,10.0,23.0
5.0,002517#1,1.0,1.0,10.0,10.0,48.0
5.0,002517#2,1.0,1.0,10.0,10.0,16.0
5.0,002517#4,1.0,1.0,8.0,10.0,23.0
5.0,002517#5,1.0,1.0,11.0,10.0,76.0
5.0,002584#4,1.0,1.0,9.0,10.0,11.0
5.0,002584#6,1.0,1.0,10.0,10.0,11.0
5.0,002625#6,1.0,1.0,10.0,10.0,17.0
5.0,002625#8,1.0,1.0,10.0,10.0,26.0
5.0,002625#10,1.0,1.0,10.0,10.0,27.0
5.0,002625#13,1.0,1.0,10.0,10.0,22.0
5.0,002625#14,1.0,1.0,10.0,10.0,73.0
5.0,002625#18,1.0,1.0,10.0,10.0,29.0
5.0,002625#19,1.0,1.0,10.0,10.0,13.0
5.0,002625#20,1.0,1.0,10.0,10.0,70.0
5.0,002625#21,1.0,1.0,10.0,10.0,82.0
5.0,002625#22,1.0,1.0,10.0,10.0,36.0
5.0,002625#23,1.0,1.0,10.0,10.0,34.0
5.0,002625#24,1.0,1.0,10.0,10.0,65.0
5.0,002625#25,1.0,1.0,10.0,10.0,11.0
5.0,002625#26,1.0,1.0,10.0,10.0,48.0
5.0,002625#27,1.0,1.0,5.0,10.0,25.0
5.0,002625#28,1.0,1.0,10.0,10.0,37.0
5.0,002625#29,1.0,1.0,10.0,10.0,63.0
5.0,002625#30,1.0,1.0,10.0,10.0,23.0
5.0,002625#31,1.0,1.0,10.0,10.0,34.0
5.0,002625#32,1.0,1.0,10.0,10.0,45.0
5.0,002625#33,1.0,1.0,10.0,10.0,12.0
5.0,002627#5,1.0,1.0,10.0,10.0,20.0
5.0,002627#7,1.0,1.0,10.0,10.0,17.0
5.0,002627#11,1.0,1.0,10.0,10.0,74.0
5.0,002627#12,1.0,1.0,10.0,10.0,32.0
5.0,002627#15,1.0,1.0,10.0,10.0,69.0
5.0,002627#17,1.0,1.0,10.0,10.0,73.0
5.0,002627#18,1.0,1.0,10.0,10.0,74.0
5.0,002627#19,1.0,1.0,10.0,10.0,18.0
5.0,002627#22,1.0,1.0,10.0,10.0,87.0
5.0,002627#23,1.0,1.0,10.0,10.0,71.0
5.0,002627#26,1.0,1.0,10.0,10.0,80.0
5.0,002627#27,1.0,1.0,10.0,10.0,81.0
5.0,002627#28,1.0,1.0,10.0,10.0,48.0
5.0,002627#30,1.0,1.0,10.0,10.0,39.0
5.0,002627#31,1.0,1.0,10.0,10.0,50.0
5.0,002627#32,1.0,1.0,10.0,10.0,55.0
5.0,002671#7,1.0,1.0,10.0,10.0,51.0
5.0,002671#9,1.0,1.0,10.0,10.0,25.0
5.0,002671#11,1.0,1.0,10.0,10.0,39.0
5.0,002671#12,1.0,1.0,10.0,10.0,63.0
5.0,002671#13,1.0,1.0,10.0,10.0,45.0
5.0,002671#14,1.0,1.0,10.0,10.0,30.0
5.0,002671#15,1.0,1.0,10.0,10.0,30.0
5.0,002671#16,1.0,1.0,10.0,10.0,18.0
5.0,002671#17,1.0,1.0,10.0,10.0,45.0
5.0,002671#18,1.0,1.0,10.0,10.0,18.0
5.0,002671#19,1.0,1.0,10.0,10.0,57.0
5.0,002671#20,1.0,1.0,10.0,10.0,46.0
5.0,002671#21,1.0,1.0,10.0,10.0,23.0
5.0,002671#22,1.0,1.0,10.0,10.0,23.0
5.0,002671#23,1.0,1.0,10.0,10.0,46.0
5.0,002671#24,1.0,1.0,10.0,10.0,59.0
5.0,002677#0,1.0,1.0,10.0,10.0,63.0
5.0,002677#1,1.0,1.0,10.0,10.0,40.0
5.0,002677#16,1.0,1.0,10.0,10.0,14.0
5.0,002677#17,1.0,1.0,10.0,10.0,24.0
5.0,002677#18,1.0,1.0,10.0,10.0,76.0
5.0,002707#11,1.0,1.0,10.0,10.0,22.0
5.0,002707#12,1.0,1.0,10.0,10.0,25.0
5.0,002707#13,1.0,1.0,10.0,10.0,62.0
5.0,002750#1,1.0,1.0,10.0,10.0,15.0
5.0,002750#4,1.0,1.0,10.0,10.0,42.0
5.0,002750#12,1.0,1.0,10.0,10.0,13.0
5.0,002750#13,1.0,1.0,10.0,10.0,12.0
5.0,002750#14,1.0,1.0,10.0,10.0,10.0
5.0,002750#16,1.0,1.0,8.0,10.0,8.0
5.0,002750#18,1.0,1.0,10.0,10.0,14.0
5.0,002750#19,1.0,1.0,10.0,10.0,22.0
5.0,002750#20,1.0,1.0,10.0,10.0,28.0
5.0,002750#21,1.0,1.0,10.0,10.0,28.0
5.0,002750#22,1.0,1.0,10.0,10.0,53.0
5.0,002750#23,1.0,1.0,10.0,10.0,25.0
5.0,002750#25,1.0,1.0,10.0,10.0,51.0
5.0,002762#1,1.0,1.0,10.0,10.0,17.0
5.0,002839#1,1.0,1.0,10.0,10.0,21.0
5.0,002839#2,1.0,1.0,10.0,10.0,25.0
5.0,002839#3,1.0,1.0,10.0,10.0,48.0
5.0,002839#4,1.0,1.0,10.0,10.0,31.0
5.0,002842#3,1.0,1.0,10.0,10.0,25.0
5.0,002842#4,1.0,1.0,10.0,10.0,21.0
5.0,002844#1,1.0,1.0,10.0,10.0,42.0
5.0,002844#2,1.0,1.0,10.0,10.0,21.0
5.0,002844#3,1.0,1.0,10.0,10.0,38.0
5.0,002935#0,1.0,1.0,10.0,10.0,17.0
5.0,002935#1,1.0,1.0,6.0,10.0,13.0
5.0,002955#0,1.0,1.0,10.0,10.0,72.0
5.0,002955#1,1.0,1.0,10.0,10.0,47.0
5.0,002955#4,1.0,1.0,10.0,10.0,32.0
5.0,002955#5,1.0,1.0,10.0,10.0,21.0
5.0,002955#6,1.0,1.0,10.0,10.0,37.0
5.0,002955#7,1.0,1.0,10.0,10.0,68.0
5.0,002955#8,1.0,1.0,10.0,10.0,61.0
5.0,002955#9,1.0,1.0,10.0,10.0,11.0
5.0,002955#10,1.0,1.0,10.0,10.0,42.0
5.0,002955#11,1.0,1.0,10.0,10.0,42.0
5.0,002955#12,1.0,1.0,10.0,10.0,57.0
5.0,002955#13,1.0,1.0,10.0,10.0,67.0
5.0,002955#14,1.0,1.0,10.0,10.0,73.0
5.0,002955#16,1.0,1.0,10.0,10.0,49.0
5.0,002955#17,1.0,1.0,10.0,10.0,81.0
5.0,002955#20,1.0,1.0,10.0,10.0,15.0
5.0,002955#23,1.0,1.0,10.0,10.0,29.0
5.0,002955#24,1.0,1.0,7.0,10.0,7.0
5.0,002987#0,1.0,1.0,10.0,10.0,16.0
5.0,002987#1,1.0,1.0,9.0,10.0,9.0
5.0,002987#2,1.0,1.0,10.0,10.0,23.0
5.0,002987#3,1.0,1.0,10.0,10.0,14.0
5.0,002987#4,1.0,1.0,10.0,10.0,34.0
5.0,002987#6,1.0,1.0,10.0,10.0,64.0
5.0,002987#7,1.0,1.0,10.0,10.0,73.0
5.0,002987#8,1.0,1.0,10.0,10.0,28.0
5.0,002987#9,1.0,1.0,10.0,10.0,14.0
5.0,002987#10,1.0,1.0,10.0,10.0,15.0
5.0,002987#11,1.0,1.0,10.0,10.0,15.0
5.0,002987#12,1.0,1.0,8.0,10.0,8.0
5.0,002987#13,1.0,1.0,10.0,10.0,34.0
5.0,002987#14,1.0,1.0,10.0,10.0,20.0
5.0,002987#15,1.0,1.0,10.0,10.0,37.0
5.0,003007#6,1.0,1.0,9.0,10.0,9.0
5.0,003007#8,1.0,1.0,10.0,10.0,41.0
5.0,003007#9,1.0,1.0,10.0,10.0,24.0
5.0,003013#6,1.0,1.0,10.0,10.0,20.0
5.0,003017#4,1.0,1.0,10.0,10.0,12.0
5.0,003026#4,1.0,1.0,10.0,10.0,17.0
5.0,003056#1,1.0,1.0,10.0,10.0,24.0
5.0,003056#2,1.0,1.0,10.0,10.0,15.0
5.0,003056#3,1.0,1.0,10.0,10.0,15.0
5.0,003056#4,1.0,1.0,10.0,10.0,11.0
5.0,003056#7,1.0,1.0,10.0,10.0,38.0
5.0,003056#8,1.0,1.0,9.0,10.0,9.0
5.0,003056#9,1.0,1.0,10.0,10.0,27.0
5.0,003056#10,1.0,1.0,9.0,10.0,18.0
5.0,003056#11,1.0,1.0,10.0,10.0,61.0
5.0,003148#0,1.0,1.0,10.0,10.0,61.0
5.0,003148#2,1.0,1.0,10.0,10.0,63.0
5.0,003148#3,1.0,1.0,10.0,10.0,42.0
5.0,003148#6,1.0,1.0,10.0,10.0,47.0
5.0,003148#7,1.0,1.0,7.0,10.0,8.0
5.0,003148#8,1.0,1.0,7.0,10.0,8.0
5.0,003160#0,1.0,1.0,10.0,10.0,42.0
5.0,003160#1,1.0,1.0,10.0,10.0,28.0
5.0,003160#2,1.0,1.0,9.0,10.0,31.0
5.0,003160#3,1.0,1.0,10.0,10.0,27.0
5.0,003160#4,1.0,1.0,10.0,10.0,31.0
5.0,003160#5,1.0,1.0,10.0,10.0,84.0
5.0,003160#7,1.0,1.0,10.0,10.0,37.0
5.0,003160#8,1.0,1.0,10.0,10.0,69.0
5.0,003160#9,1.0,1.0,10.0,10.0,19.0
5.0,003160#11,1.0,1.0,10.0,10.0,78.0
5.0,003160#13,1.0,1.0,10.0,10.0,37.0
5.0,003160#14,1.0,1.0,10.0,10.0,11.0
5.0,003160#15,1.0,1.0,10.0,10.0,55.0
5.0,003160#17,1.0,1.0,10.0,10.0,43.0
5.0,003160#18,1.0,1.0,10.0,10.0,72.0
5.0,003160#19,1.0,1.0,10.0,10.0,26.0
5.0,003160#20,1.0,1.0,10.0,10.0,18.0
5.0,003160#21,1.0,1.0,10.0,10.0,46.0
5.0,003198#1,1.0,1.0,10.0,10.0,64.0
5.0,003198#4,1.0,1.0,10.0,10.0,42.0
5.0,003257#5,1.0,1.0,10.0,10.0,58.0
5.0,003262#0,1.0,1.0,10.0,10.0,28.0
5.0,003262#1,1.0,1.0,9.0,10.0,31.0
5.0,003262#4,1.0,1.0,10.0,10.0,27.0
5.0,003262#14,1.0,1.0,10.0,10.0,10.0
5.0,003262#16,1.0,1.0,10.0,10.0,10.0
5.0,003262#17,1.0,1.0,10.0,10.0,14.0
5.0,003262#21,1.0,1.0,8.0,10.0,16.0
5.0,003262#23,1.0,1.0,10.0,10.0,22.0
5.0,003262#24,1.0,1.0,10.0,10.0,18.0
5.0,003262#28,1.0,1.0,10.0,10.0,50.0
5.0,003262#29,1.0,1.0,5.0,10.0,7.0
5.0,003262#30,1.0,1.0,10.0,10.0,73.0
5.0,003273#1,1.0,1.0,10.0,10.0,73.0
5.0,003273#3,1.0,1.0,10.0,10.0,68.0
5.0,003273#4,1.0,1.0,10.0,10.0,45.0
5.0,003273#5,1.0,1.0,10.0,10.0,12.0
5.0,003273#6,1.0,1.0,10.0,10.0,87.0
5.0,003273#8,1.0,1.0,10.0,10.0,35.0
5.0,003273#9,1.0,1.0,10.0,10.0,19.0
5.0,003273#10,1.0,1.0,10.0,10.0,42.0
5.0,003273#11,1.0,1.0,10.0,10.0,17.0
5.0,003273#13,1.0,1.0,10.0,10.0,20.0
5.0,003288#0,1.0,1.0,10.0,10.0,74.0
5.0,003288#3,1.0,1.0,10.0,10.0,37.0
5.0,003288#4,1.0,1.0,10.0,10.0,27.0
5.0,003288#5,1.0,1.0,10.0,10.0,20.0
5.0,003288#6,1.0,1.0,10.0,10.0,20.0
5.0,003288#7,1.0,1.0,10.0,10.0,16.0
5.0,003288#8,1.0,1.0,10.0,10.0,14.0
5.0,003288#9,1.0,1.0,10.0,10.0,16.0
5.0,003288#10,1.0,1.0,10.0,10.0,18.0
5.0,003288#11,1.0,1.0,10.0,10.0,14.0
5.0,003288#12,1.0,1.0,10.0,10.0,27.0
5.0,003288#13,1.0,1.0,10.0,10.0,33.0
5.0,003288#14,1.0,1.0,10.0,10.0,13.0
5.0,003288#16,1.0,1.0,10.0,10.0,21.0
5.0,003288#18,1.0,1.0,10.0,10.0,69.0
5.0,003304#0,1.0,1.0,10.0,10.0,42.0
5.0,003304#1,1.0,1.0,10.0,10.0,36.0
5.0,003304#2,1.0,1.0,10.0,10.0,14.0
5.0,003304#3,1.0,1.0,10.0,10.0,48.0
5.0,003304#4,1.0,1.0,10.0,10.0,20.0
5.0,003304#8,1.0,1.0,10.0,10.0,25.0
5.0,003304#9,1.0,1.0,10.0,10.0,41.0
5.0,003304#11,1.0,1.0,10.0,10.0,42.0
5.0,003304#12,1.0,1.0,10.0,10.0,30.0
5.0,003304#13,1.0,1.0,10.0,10.0,13.0
5.0,003317#1,1.0,1.0,10.0,10.0,29.0
5.0,003317#2,1.0,1.0,10.0,10.0,26.0
5.0,003317#3,1.0,1.0,10.0,10.0,29.0
5.0,003317#5,1.0,1.0,10.0,10.0,50.0
5.0,003317#6,1.0,1.0,10.0,10.0,23.0
5.0,003317#7,1.0,1.0,10.0,10.0,27.0
5.0,003317#8,1.0,1.0,10.0,10.0,49.0
5.0,003317#9,1.0,1.0,10.0,10.0,30.0
5.0,003317#12,1.0,1.0,10.0,10.0,12.0
5.0,003317#14,1.0,1.0,10.0,10.0,55.0
5.0,003317#15,1.0,1.0,10.0,10.0,70.0
5.0,003317#16,1.0,1.0,10.0,10.0,43.0
5.0,003348#0,1.0,1.0,10.0,10.0,30.0
5.0,003353#0,1.0,1.0,10.0,10.0,14.0
5.0,003408#1,1.0,1.0,10.0,10.0,22.0
5.0,003411#0,1.0,1.0,10.0,10.0,41.0
5.0,003411#1,1.0,1.0,10.0,10.0,52.0
5.0,003411#2,1.0,1.0,10.0,10.0,57.0
5.0,003411#3,1.0,1.0,10.0,10.0,50.0
5.0,003419#0,1.0,1.0,10.0,10.0,84.0
5.0,003419#5,1.0,1.0,10.0,10.0,22.0
5.0,003419#13,1.0,1.0,10.0,10.0,24.0
5.0,003419#14,1.0,1.0,10.0,10.0,30.0
5.0,003419#17,1.0,1.0,8.0,10.0,30.0
5.0,003419#18,1.0,1.0,10.0,10.0,34.0
5.0,003419#19,1.0,1.0,10.0,10.0,18.0
5.0,003419#21,1.0,1.0,10.0,10.0,36.0
5.0,003425#5,1.0,1.0,10.0,10.0,17.0
5.0,003425#6,1.0,1.0,10.0,10.0,13.0
5.0,003425#7,1.0,1.0,10.0,10.0,11.0
5.0,003425#10,1.0,1.0,10.0,10.0,18.0
5.0,003425#12,1.0,1.0,10.0,10.0,44.0
5.0,003425#13,1.0,1.0,10.0,10.0,46.0
5.0,003460#0,1.0,1.0,10.0,10.0,26.0
5.0,003460#1,1.0,1.0,10.0,10.0,64.0
5.0,003460#3,1.0,1.0,10.0,10.0,80.0
5.0,003460#5,1.0,1.0,10.0,10.0,25.0
5.0,003460#6,1.0,1.0,10.0,10.0,73.0
5.0,003472#0,1.0,1.0,10.0,10.0,31.0
5.0,003472#1,1.0,1.0,10.0,10.0,68.0
5.0,003472#2,1.0,1.0,10.0,10.0,20.0
5.0,003472#3,1.0,1.0,10.0,10.0,71.0
5.0,003475#1,1.0,1.0,10.0,10.0,41.0
5.0,003475#2,1.0,1.0,10.0,10.0,22.0
5.0,003475#3,1.0,1.0,10.0,10.0,51.0
5.0,003475#5,1.0,1.0,10.0,10.0,46.0
5.0,003475#6,1.0,1.0,10.0,10.0,70.0
5.0,003475#10,1.0,1.0,10.0,10.0,21.0
5.0,003475#11,1.0,1.0,10.0,10.0,31.0
5.0,003487#0,1.0,1.0,10.0,10.0,53.0
5.0,003487#2,1.0,1.0,10.0,10.0,62.0
5.0,003489#0,1.0,1.0,10.0,10.0,24.0
5.0,003489#2,1.0,1.0,10.0,10.0,31.0
5.0,003489#3,1.0,1.0,10.0,10.0,55.0
5.0,003489#4,1.0,1.0,10.0,10.0,25.0
5.0,003489#5,1.0,1.0,10.0,10.0,35.0
5.0,003489#9,1.0,1.0,10.0,10.0,26.0
5.0,003489#14,1.0,1.0,10.0,10.0,37.0
5.0,003526#0,1.0,1.0,10.0,10.0,18.0
5.0,003526#3,1.0,1.0,10.0,10.0,13.0
5.0,003532#0,1.0,1.0,10.0,10.0,18.0
5.0,003532#1,1.0,1.0,10.0,10.0,42.0
5.0,003546#0,1.0,1.0,10.0,10.0,27.0
5.0,003546#1,1.0,1.0,10.0,10.0,28.0
5.0,003546#2,1.0,1.0,10.0,10.0,37.0
5.0,003592#0,1.0,1.0,10.0,10.0,23.0
5.0,003592#1,1.0,1.0,10.0,10.0,23.0
5.0,003592#2,1.0,1.0,10.0,10.0,31.0
5.0,003592#3,1.0,1.0,10.0,10.0,20.0
5.0,003595#3,1.0,1.0,10.0,10.0,27.0
5.0,003595#4,1.0,1.0,10.0,10.0,30.0
5.0,003595#5,1.0,1.0,10.0,10.0,21.0
5.0,003595#6,1.0,1.0,10.0,10.0,46.0
5.0,003603#3,1.0,1.0,10.0,10.0,32.0
5.0,003653#3,1.0,1.0,10.0,10.0,15.0
5.0,003653#5,1.0,1.0,10.0,10.0,20.0
5.0,003653#6,1.0,1.0,10.0,10.0,18.0
5.0,003653#7,1.0,1.0,8.0,10.0,14.0
5.0,003653#8,1.0,1.0,10.0,10.0,11.0
5.0,003653#9,1.0,1.0,10.0,10.0,12.0
5.0,003653#11,1.0,1.0,10.0,10.0,36.0
5.0,003653#12,1.0,1.0,10.0,10.0,51.0
5.0,003653#14,1.0,1.0,8.0,10.0,8.0
5.0,003653#16,1.0,1.0,9.0,10.0,9.0
5.0,003653#17,1.0,1.0,10.0,10.0,26.0
5.0,003653#18,1.0,1.0,8.0,10.0,8.0
5.0,003679#4,1.0,1.0,10.0,10.0,50.0
5.0,003679#5,1.0,1.0,10.0,10.0,27.0
5.0,003679#7,1.0,1.0,10.0,10.0,25.0
5.0,003679#8,1.0,1.0,10.0,10.0,32.0
5.0,003703#0,1.0,1.0,10.0,10.0,50.0
5.0,003739#0,1.0,1.0,10.0,10.0,30.0
5.0,003739#1,1.0,1.0,10.0,10.0,35.0
5.0,003739#2,1.0,1.0,10.0,10.0,17.0
5.0,003739#3,1.0,1.0,10.0,10.0,11.0
5.0,003739#5,1.0,1.0,10.0,10.0,16.0
5.0,003739#6,1.0,1.0,10.0,10.0,12.0
5.0,003739#7,1.0,1.0,10.0,10.0,26.0
5.0,003739#8,1.0,1.0,10.0,10.0,16.0
5.0,003757#0,1.0,1.0,10.0,10.0,76.0
5.0,003757#7,1.0,1.0,10.0,10.0,27.0
5.0,003757#8,1.0,1.0,8.0,10.0,10.0
5.0,003757#10,1.0,1.0,10.0,10.0,21.0
5.0,003757#14,1.0,1.0,10.0,10.0,13.0
5.0,003757#15,1.0,1.0,10.0,10.0,15.0
5.0,003757#16,1.0,1.0,9.0,10.0,11.0
5.0,003769#0,1.0,1.0,10.0,10.0,56.0
5.0,003838#0,1.0,1.0,10.0,10.0,72.0
5.0,003863#1,1.0,1.0,10.0,10.0,21.0
5.0,003863#3,1.0,1.0,10.0,10.0,17.0
5.0,003863#5,1.0,1.0,10.0,10.0,33.0
5.0,003863#7,1.0,1.0,10.0,10.0,24.0
5.0,003863#9,1.0,1.0,10.0,10.0,13.0
5.0,003863#10,1.0,1.0,10.0,10.0,12.0
5.0,003863#11,1.0,1.0,10.0,10.0,18.0
5.0,003895#2,1.0,1.0,10.0,10.0,55.0
5.0,003896#0,1.0,1.0,10.0,10.0,43.0
5.0,003896#1,1.0,1.0,10.0,10.0,19.0
5.0,003902#0,1.0,1.0,10.0,10.0,41.0
5.0,003902#1,1.0,1.0,10.0,10.0,15.0
5.0,003902#3,1.0,1.0,10.0,10.0,18.0
5.0,003902#4,1.0,1.0,10.0,10.0,30.0
5.0,003902#5,1.0,1.0,10.0,10.0,18.0
5.0,003902#6,1.0,1.0,10.0,10.0,41.0
5.0,003904#0,1.0,1.0,10.0,10.0,33.0
5.0,003904#1,1.0,1.0,10.0,10.0,19.0
5.0,003941#0,1.0,1.0,10.0,10.0,27.0
5.0,003941#1,1.0,1.0,10.0,10.0,17.0
5.0,003941#3,1.0,1.0,10.0,10.0,12.0
5.0,003941#5,1.0,1.0,10.0,10.0,25.0
5.0,003941#7,1.0,1.0,10.0,10.0,20.0
5.0,003941#8,1.0,1.0,10.0,10.0,26.0
5.0,003941#10,1.0,1.0,10.0,10.0,17.0
5.0,003941#11,1.0,1.0,10.0,10.0,26.0
5.0,003941#12,1.0,1.0,10.0,10.0,17.0
5.0,003941#13,1.0,1.0,10.0,10.0,20.0
5.0,003941#14,1.0,1.0,10.0,10.0,18.0
5.0,003941#15,1.0,1.0,10.0,10.0,22.0
5.0,003941#16,1.0,1.0,10.0,10.0,69.0
5.0,003941#20,1.0,1.0,9.0,10.0,10.0
5.0,003941#21,1.0,1.0,10.0,10.0,25.0
5.0,003941#22,1.0,1.0,10.0,10.0,13.0
5.0,003941#24,1.0,1.0,10.0,10.0,37.0
5.0,003941#25,1.0,1.0,10.0,10.0,18.0
5.0,003941#26,1.0,1.0,10.0,10.0,21.0
5.0,003941#27,1.0,1.0,10.0,10.0,18.0
5.0,003941#29,1.0,1.0,10.0,10.0,17.0
5.0,003941#30,1.0,1.0,10.0,10.0,34.0
5.0,003982#5,1.0,1.0,10.0,10.0,26.0
5.0,003982#6,1.0,1.0,9.0,10.0,15.0
5.0,003982#8,1.0,1.0,9.0,10.0,13.0
5.0,003982#11,1.0,1.0,10.0,10.0,19.0
5.0,003982#14,1.0,1.0,10.0,10.0,29.0
5.0,003982#19,1.0,1.0,4.0,10.0,9.0
5.0,003982#20,1.0,1.0,8.0,10.0,10.0
5.0,003982#23,1.0,1.0,10.0,10.0,25.0
5.0,003982#24,1.0,1.0,10.0,10.0,10.0
5.0,003982#30,1.0,1.0,10.0,10.0,12.0
5.0,003982#32,1.0,1.0,10.0,10.0,14.0
5.0,003982#34,1.0,1.0,10.0,10.0,11.0
5.0,003982#36,1.0,1.0,10.0,10.0,46.0
5.0,003982#41,1.0,1.0,10.0,10.0,10.0
5.0,003982#42,1.0,1.0,10.0,10.0,11.0
5.0,003982#43,1.0,1.0,10.0,10.0,13.0
5.0,003982#47,1.0,1.0,10.0,10.0,57.0
5.0,003982#48,1.0,1.0,10.0,10.0,16.0
5.0,003982#49,1.0,1.0,10.0,10.0,69.0
5.0,003982#50,1.0,1.0,10.0,10.0,34.0
5.0,003982#53,1.0,1.0,7.0,10.0,10.0
5.0,003982#57,1.0,1.0,10.0,10.0,18.0
5.0,003982#58,1.0,1.0,10.0,10.0,18.0
5.0,003982#60,1.0,1.0,10.0,10.0,16.0
5.0,003982#61,1.0,1.0,10.0,10.0,15.0
5.0,003982#62,1.0,1.0,10.0,10.0,17.0
5.0,003987#5,1.0,1.0,10.0,10.0,32.0
5.0,003987#6,1.0,1.0,10.0,10.0,28.0
5.0,003987#10,1.0,1.0,10.0,10.0,66.0
5.0,003987#11,1.0,1.0,10.0,10.0,71.0
5.0,003987#15,1.0,1.0,10.0,10.0,33.0
5.0,003987#16,1.0,1.0,10.0,10.0,42.0
5.0,003987#23,1.0,1.0,7.0,10.0,11.0
5.0,003987#27,1.0,1.0,10.0,10.0,11.0
5.0,003987#35,1.0,1.0,10.0,10.0,26.0
5.0,003987#38,1.0,1.0,10.0,10.0,19.0
5.0,003987#39,1.0,1.0,10.0,10.0,17.0
5.0,003987#40,1.0,1.0,10.0,10.0,16.0
5.0,003987#41,1.0,1.0,10.0,10.0,13.0
5.0,003987#43,1.0,1.0,10.0,10.0,10.0
5.0,003987#46,1.0,1.0,8.0,10.0,8.0
5.0,003987#47,1.0,1.0,10.0,10.0,15.0
5.0,003987#49,1.0,1.0,10.0,10.0,12.0
5.0,003987#50,1.0,1.0,10.0,10.0,15.0
5.0,003987#51,1.0,1.0,10.0,10.0,15.0
5.0,003987#52,1.0,1.0,10.0,10.0,10.0
5.0,003987#53,1.0,1.0,10.0,10.0,19.0
5.0,003987#55,1.0,1.0,10.0,10.0,31.0
5.0,hehe_173_000002_024_00000105#2,0.0,1.0,0.0,10.0,11.0
5.0,hehe_173_000002_024_00000105#4,1.0,1.0,7.0,10.0,11.0
5.0,hehe_173_000002_024_00000105#6,1.0,1.0,10.0,10.0,23.0
5.0,hehe_173_000002_024_00000105#7,1.0,1.0,10.0,10.0,15.0
5.0,hehe_173_000002_024_00000105#9,1.0,1.0,10.0,10.0,31.0
5.0,hehe_173_000002_024_00000105#10,1.0,1.0,10.0,10.0,25.0
5.0,hehe_173_000002_024_00000105#11,1.0,1.0,9.0,10.0,11.0
5.0,hehe_173_000002_024_00000105#13,1.0,1.0,10.0,10.0,31.0
5.0,hehe_173_000002_024_00000105#15,1.0,1.0,10.0,10.0,76.0
5.0,hehe_186_000002_028_00000050#1,1.0,1.0,10.0,10.0,77.0
5.0,hehe_22_00000004#0,1.0,1.0,10.0,10.0,29.0
5.0,hehe_22_00000004#2,1.0,1.0,10.0,10.0,23.0
5.0,hehe_22_00000004#4,1.0,1.0,10.0,10.0,69.0
5.0,hehe_22_00000004#6,1.0,1.0,10.0,10.0,57.0
5.0,hehe_22_00000004#7,1.0,1.0,10.0,10.0,70.0
5.0,hehe_22_00000004#9,1.0,1.0,8.0,10.0,11.0
5.0,hehe_230_000002_043_00000061#1,1.0,1.0,10.0,10.0,69.0
5.0,hehe_230_000002_043_00000061#6,1.0,1.0,10.0,10.0,62.0
5.0,hehe_230_000002_043_00000061#7,1.0,1.0,10.0,10.0,58.0
5.0,hehe_230_000002_043_00000061#10,1.0,1.0,10.0,10.0,31.0
5.0,hehe_230_000002_043_00000061#11,1.0,1.0,10.0,10.0,37.0
5.0,hehe_230_000002_043_00000061#13,1.0,1.0,10.0,10.0,19.0
5.0,hehe_230_000002_043_00000061#14,1.0,1.0,7.0,10.0,12.0
5.0,hehe_232_000002_043_00000181#0,1.0,1.0,7.0,10.0,8.0
5.0,hehe_232_000002_043_00000181#1,1.0,1.0,10.0,10.0,22.0
5.0,hehe_232_000002_043_00000181#2,1.0,1.0,10.0,10.0,57.0
5.0,hehe_232_000002_043_00000181#3,1.0,1.0,10.0,10.0,36.0
5.0,hehe_232_000002_043_00000181#8,1.0,1.0,10.0,10.0,57.0
5.0,hehe_274_000002_060_00000105#1,1.0,1.0,10.0,10.0,67.0
5.0,hehe_274_000002_060_00000105#5,1.0,1.0,10.0,10.0,28.0
5.0,hehe_274_000002_060_00000105#6,1.0,1.0,10.0,10.0,11.0
5.0,hehe_40_00000033#1,1.0,1.0,10.0,10.0,26.0
5.0,hehe_40_00000033#2,1.0,1.0,6.0,10.0,46.0
5.0,hehe_40_00000033#3,1.0,1.0,7.0,10.0,40.0
5.0,hehe_40_00000033#5,1.0,1.0,10.0,10.0,40.0
5.0,hehe_45_00000001#2,1.0,1.0,10.0,10.0,42.0
5.0,hehe_45_00000001#4,1.0,1.0,10.0,10.0,28.0
5.0,hehe_45_00000001#5,1.0,1.0,10.0,10.0,49.0
5.0,hehe_45_00000001#6,1.0,1.0,10.0,10.0,40.0
5.0,hehe_45_00000001#7,1.0,1.0,10.0,10.0,60.0
5.0,hehe_45_00000001#8,1.0,1.0,10.0,10.0,34.0
5.0,hehe_45_00000001#9,1.0,1.0,10.0,10.0,46.0
5.0,hehe_52_00000107#0,1.0,1.0,10.0,10.0,19.0
5.0,hehe_52_00000107#1,1.0,1.0,8.0,10.0,8.0
5.0,hehe_61_00000090#2,1.0,1.0,10.0,10.0,76.0
5.0,hehe_61_00000090#3,1.0,1.0,10.0,10.0,39.0
5.0,hehe_61_00000090#4,1.0,1.0,10.0,10.0,20.0
5.0,hehe_61_00000090#9,1.0,1.0,10.0,10.0,64.0
5.0,hehe_61_00000090#10,1.0,1.0,10.0,10.0,50.0
5.0,hehe_61_00000090#11,1.0,1.0,10.0,10.0,84.0
5.0,hehe_65_00000229#2,1.0,1.0,10.0,10.0,59.0
5.0,hehe_65_00000229#3,1.0,1.0,10.0,10.0,32.0
5.0,hehe_65_00000229#4,1.0,1.0,10.0,10.0,30.0
5.0,hehe_65_00000229#6,1.0,1.0,9.0,10.0,16.0
5.0,hehe_65_00000229#7,1.0,1.0,9.0,10.0,21.0
5.0,hehe_6_00000054#0,1.0,1.0,10.0,10.0,12.0
5.0,hehe_6_00000054#2,1.0,1.0,10.0,10.0,35.0
5.0,hehe_6_00000054#3,1.0,1.0,10.0,10.0,32.0
5.0,hehe_6_00000054#4,1.0,1.0,10.0,10.0,27.0
5.0,hehe_6_00000054#6,1.0,1.0,10.0,10.0,76.0
5.0,hehe_6_00000054#13,1.0,1.0,10.0,10.0,74.0
5.0,hehe_6_00000054#16,1.0,1.0,10.0,10.0,32.0
5.0,hehe_6_00000054#17,1.0,1.0,10.0,10.0,38.0
5.0,hehe_86_00000253#0,1.0,1.0,10.0,10.0,45.0
5.0,hehe_86_00000253#3,1.0,1.0,10.0,10.0,58.0
5.0,hehe_87_00000315#1,1.0,1.0,10.0,10.0,39.0
5.0,hehe_87_00000315#2,1.0,1.0,10.0,10.0,40.0
5.0,hehe_87_00000315#3,1.0,1.0,10.0,10.0,33.0
5.0,hehe_87_00000315#4,1.0,1.0,10.0,10.0,20.0
5.0,hehe_87_00000315#5,1.0,1.0,8.0,10.0,30.0
5.0,hehe_87_00000315#6,1.0,1.0,8.0,10.0,14.0
5.0,shuming_1007_00000230#0,1.0,1.0,10.0,10.0,38.0
5.0,shuming_1007_00000230#3,1.0,1.0,10.0,10.0,43.0
5.0,shuming_1007_00000230#4,1.0,1.0,10.0,10.0,36.0
5.0,shuming_1007_00000230#5,1.0,1.0,10.0,10.0,46.0
5.0,shuming_1007_00000230#7,1.0,1.0,10.0,10.0,63.0
5.0,shuming_1007_00000230#10,1.0,1.0,10.0,10.0,62.0
5.0,shuming_1007_00000230#11,1.0,1.0,10.0,10.0,39.0
5.0,shuming_1007_00000230#12,1.0,1.0,10.0,10.0,34.0
5.0,shuming_1007_00000230#13,1.0,1.0,10.0,10.0,10.0
5.0,shuming_1007_00000230#14,1.0,1.0,5.0,10.0,7.0
5.0,shuming_1007_00000230#15,1.0,1.0,10.0,10.0,79.0
5.0,shuming_1007_00000230#16,1.0,1.0,10.0,10.0,47.0
5.0,shuming_1007_00000230#17,1.0,1.0,10.0,10.0,19.0
5.0,shuming_1007_00000230#18,1.0,1.0,9.0,10.0,13.0
5.0,shuming_1007_00000230#20,1.0,1.0,10.0,10.0,20.0
5.0,shuming_1007_00000230#21,1.0,1.0,10.0,10.0,69.0
5.0,shuming_1007_00000230#22,1.0,1.0,10.0,10.0,27.0
5.0,shuming_1007_00000230#23,1.0,1.0,10.0,10.0,22.0
5.0,shuming_1013_00000065#0,1.0,1.0,10.0,10.0,87.0
5.0,shuming_1013_00000065#1,1.0,1.0,10.0,10.0,41.0
5.0,shuming_1013_00000065#3,1.0,1.0,10.0,10.0,26.0
5.0,shuming_1028_00000411#3,1.0,1.0,10.0,10.0,55.0
5.0,shuming_1028_00000411#4,1.0,1.0,9.0,10.0,10.0
5.0,shuming_1028_00000411#5,1.0,1.0,10.0,10.0,15.0
5.0,shuming_1064_00000087#0,1.0,1.0,10.0,10.0,34.0
5.0,shuming_1064_00000087#1,1.0,1.0,10.0,10.0,55.0
5.0,shuming_1064_00000087#2,1.0,1.0,10.0,10.0,56.0
5.0,shuming_1064_00000087#3,1.0,1.0,10.0,10.0,72.0
5.0,shuming_1064_00000087#4,1.0,1.0,10.0,10.0,69.0
5.0,shuming_1064_00000087#6,1.0,1.0,10.0,10.0,26.0
5.0,shuming_1064_00000087#7,1.0,1.0,10.0,10.0,54.0
5.0,shuming_1064_00000087#8,1.0,1.0,10.0,10.0,86.0
5.0,shuming_1076_00000257#1,1.0,1.0,10.0,10.0,31.0
5.0,shuming_1076_00000257#2,1.0,1.0,10.0,10.0,29.0
5.0,shuming_1076_00000257#3,1.0,1.0,10.0,10.0,20.0
5.0,shuming_1076_00000257#4,1.0,1.0,10.0,10.0,19.0
5.0,shuming_1076_00000257#5,1.0,1.0,10.0,10.0,23.0
5.0,shuming_1079_00000233#3,1.0,1.0,10.0,10.0,18.0
5.0,shuming_1079_00000233#4,1.0,1.0,10.0,10.0,12.0
5.0,shuming_1079_00000233#6,1.0,1.0,10.0,10.0,35.0
5.0,shuming_1080_00000016#0,1.0,1.0,10.0,10.0,72.0
5.0,shuming_1080_00000016#4,1.0,1.0,10.0,10.0,10.0
5.0,shuming_1132_00000385#2,1.0,1.0,10.0,10.0,29.0
5.0,shuming_1132_00000385#3,1.0,1.0,7.0,10.0,32.0
5.0,shuming_1132_00000385#4,1.0,1.0,10.0,10.0,25.0
5.0,shuming_1135_00000213#0,1.0,1.0,10.0,10.0,76.0
5.0,shuming_1148_00000041#0,1.0,1.0,10.0,10.0,74.0
5.0,shuming_1157_00000010#0,1.0,1.0,10.0,10.0,72.0
5.0,shuming_1157_00000010#1,1.0,1.0,10.0,10.0,32.0
5.0,shuming_1157_00000010#2,1.0,1.0,10.0,10.0,18.0
5.0,shuming_1180_00000231#3,1.0,1.0,10.0,10.0,49.0
5.0,shuming_24_00000001#0,1.0,1.0,10.0,10.0,40.0
5.0,shuming_24_00000001#1,1.0,1.0,10.0,10.0,62.0
5.0,shuming_340_00000020#1,1.0,1.0,10.0,10.0,21.0
5.0,shuming_340_00000020#19,1.0,1.0,10.0,10.0,11.0
5.0,shuming_340_00000020#22,1.0,1.0,7.0,10.0,7.0
5.0,shuming_340_00000020#23,1.0,1.0,10.0,10.0,12.0
5.0,shuming_340_00000020#26,1.0,1.0,9.0,10.0,9.0
5.0,shuming_340_00000020#30,1.0,1.0,9.0,10.0,9.0
5.0,shuming_340_00000020#31,1.0,1.0,10.0,10.0,12.0
5.0,shuming_340_00000020#38,1.0,1.0,10.0,10.0,10.0
5.0,shuming_35_00000199#0,1.0,1.0,10.0,10.0,73.0
5.0,shuming_35_00000199#3,1.0,1.0,10.0,10.0,36.0
5.0,shuming_35_00000199#4,1.0,1.0,10.0,10.0,26.0
5.0,shuming_35_00000199#5,1.0,1.0,5.0,10.0,87.0
5.0,shuming_35_00000199#6,1.0,1.0,10.0,10.0,18.0
5.0,shuming_35_00000199#8,1.0,1.0,10.0,10.0,14.0
5.0,shuming_35_00000199#9,1.0,1.0,8.0,10.0,8.0
5.0,shuming_35_00000199#11,1.0,1.0,10.0,10.0,39.0
5.0,shuming_410_00000037#0,1.0,1.0,6.0,10.0,7.0
5.0,shuming_410_00000037#9,1.0,1.0,10.0,10.0,45.0
5.0,shuming_461_00000082#0,1.0,1.0,10.0,10.0,53.0
5.0,shuming_461_00000082#2,1.0,1.0,10.0,10.0,42.0
5.0,shuming_461_00000082#3,1.0,1.0,10.0,10.0,31.0
5.0,shuming_461_00000082#4,1.0,1.0,10.0,10.0,14.0
5.0,shuming_461_00000082#5,1.0,1.0,10.0,10.0,11.0
5.0,shuming_465_00000030#0,1.0,1.0,10.0,10.0,10.0
5.0,shuming_465_00000030#2,1.0,1.0,10.0,10.0,56.0
5.0,shuming_465_00000030#3,1.0,1.0,10.0,10.0,15.0
5.0,shuming_470_00000057#3,1.0,1.0,10.0,10.0,43.0
5.0,shuming_470_00000057#4,1.0,1.0,10.0,10.0,23.0
5.0,shuming_482_00000018#3,1.0,1.0,10.0,10.0,53.0
5.0,shuming_482_00000018#4,1.0,1.0,10.0,10.0,44.0
5.0,shuming_482_00000018#5,1.0,1.0,10.0,10.0,62.0
5.0,shuming_485_00000027#3,1.0,1.0,10.0,10.0,16.0
5.0,shuming_485_00000027#4,1.0,1.0,10.0,10.0,52.0
5.0,shuming_503_00000052#0,1.0,1.0,10.0,10.0,32.0
5.0,shuming_503_00000052#1,1.0,1.0,10.0,10.0,26.0
5.0,shuming_562_00000223#2,1.0,1.0,10.0,10.0,76.0
5.0,shuming_571_00000215#0,1.0,1.0,10.0,10.0,56.0
5.0,shuming_571_00000215#1,1.0,1.0,10.0,10.0,46.0
5.0,shuming_574_00000017#0,1.0,1.0,10.0,10.0,63.0
5.0,shuming_608_00000031#1,1.0,1.0,10.0,10.0,19.0
5.0,shuming_608_00000031#2,1.0,1.0,10.0,10.0,30.0
5.0,shuming_608_00000031#3,1.0,1.0,10.0,10.0,35.0
5.0,shuming_608_00000031#4,1.0,1.0,10.0,10.0,11.0
5.0,shuming_610_00000148#0,1.0,1.0,10.0,10.0,50.0
5.0,shuming_63_00000393#3,1.0,1.0,10.0,10.0,15.0
5.0,shuming_63_00000393#4,1.0,1.0,10.0,10.0,17.0
5.0,shuming_63_00000393#5,1.0,1.0,8.0,10.0,9.0
5.0,shuming_63_00000393#6,1.0,1.0,10.0,10.0,23.0
5.0,shuming_63_00000393#7,1.0,1.0,10.0,10.0,21.0
5.0,shuming_63_00000393#8,1.0,1.0,10.0,10.0,23.0
5.0,shuming_63_00000393#9,1.0,1.0,10.0,10.0,20.0
5.0,shuming_663_00000328#2,1.0,1.0,10.0,10.0,50.0
5.0,shuming_663_00000328#3,1.0,1.0,10.0,10.0,40.0
5.0,shuming_67_00000001#1,1.0,1.0,10.0,10.0,55.0
5.0,shuming_67_00000001#2,1.0,1.0,10.0,10.0,18.0
5.0,shuming_698_00000001#0,1.0,1.0,10.0,10.0,11.0
5.0,shuming_698_00000001#1,1.0,1.0,6.0,10.0,13.0
5.0,shuming_698_00000001#2,1.0,1.0,10.0,10.0,17.0
5.0,shuming_698_00000001#3,1.0,1.0,10.0,10.0,20.0
5.0,shuming_698_00000001#4,1.0,1.0,10.0,10.0,15.0
5.0,shuming_698_00000001#5,1.0,1.0,10.0,10.0,14.0
5.0,shuming_698_00000001#7,1.0,1.0,10.0,10.0,26.0
5.0,shuming_698_00000001#8,1.0,1.0,10.0,10.0,17.0
5.0,shuming_698_00000001#9,1.0,1.0,10.0,10.0,14.0
5.0,shuming_698_00000001#10,1.0,1.0,10.0,10.0,13.0
5.0,shuming_698_00000001#11,1.0,1.0,10.0,10.0,13.0
5.0,shuming_698_00000001#12,1.0,1.0,10.0,10.0,15.0
5.0,shuming_698_00000001#13,1.0,1.0,10.0,10.0,14.0
5.0,shuming_698_00000001#14,1.0,1.0,10.0,10.0,12.0
5.0,shuming_698_00000001#15,1.0,1.0,10.0,10.0,15.0
5.0,shuming_698_00000001#16,1.0,1.0,10.0,10.0,15.0
5.0,shuming_698_00000001#17,1.0,1.0,10.0,10.0,23.0
5.0,shuming_698_00000001#18,1.0,1.0,10.0,10.0,18.0
5.0,shuming_698_00000001#19,1.0,1.0,10.0,10.0,19.0
5.0,shuming_698_00000001#20,1.0,1.0,10.0,10.0,22.0
5.0,shuming_698_00000001#21,1.0,1.0,10.0,10.0,24.0
5.0,shuming_698_00000001#22,1.0,1.0,10.0,10.0,18.0
5.0,shuming_698_00000001#23,1.0,1.0,10.0,10.0,35.0
5.0,shuming_698_00000001#25,1.0,1.0,10.0,10.0,64.0
5.0,shuming_706_00000375#0,1.0,1.0,10.0,10.0,41.0
5.0,shuming_706_00000375#2,1.0,1.0,10.0,10.0,32.0
5.0,shuming_706_00000375#3,1.0,1.0,10.0,10.0,17.0
5.0,shuming_706_00000375#4,1.0,1.0,10.0,10.0,52.0
5.0,shuming_72_00000270#19,1.0,1.0,10.0,10.0,54.0
5.0,shuming_72_00000270#20,1.0,1.0,10.0,10.0,22.0
5.0,shuming_72_00000270#22,1.0,1.0,10.0,10.0,48.0
5.0,shuming_72_00000270#24,1.0,1.0,10.0,10.0,20.0
5.0,shuming_731_00000492#0,1.0,1.0,10.0,10.0,32.0
5.0,shuming_731_00000492#1,1.0,1.0,10.0,10.0,26.0
5.0,shuming_731_00000492#3,1.0,1.0,10.0,10.0,60.0
5.0,shuming_731_00000492#5,1.0,1.0,10.0,10.0,69.0
5.0,shuming_753_00000172#0,1.0,1.0,10.0,10.0,12.0
5.0,shuming_758_00000371#0,1.0,1.0,10.0,10.0,52.0
5.0,shuming_763_00000009#2,1.0,1.0,10.0,10.0,15.0
5.0,shuming_774_00000273#3,1.0,1.0,10.0,10.0,63.0
5.0,shuming_774_00000273#5,1.0,1.0,10.0,10.0,31.0
5.0,shuming_779_00000254#1,1.0,1.0,10.0,10.0,63.0
5.0,shuming_779_00000254#5,1.0,1.0,10.0,10.0,80.0
5.0,shuming_783_00000248#0,1.0,1.0,10.0,10.0,81.0
5.0,shuming_783_00000248#2,1.0,1.0,10.0,10.0,66.0
5.0,shuming_793_00000117#2,1.0,1.0,10.0,10.0,31.0
5.0,shuming_825_00000172#1,1.0,1.0,10.0,10.0,13.0
5.0,shuming_825_00000172#2,1.0,1.0,6.0,10.0,7.0
5.0,shuming_825_00000172#3,1.0,1.0,10.0,10.0,16.0
5.0,shuming_826_00000213#1,1.0,1.0,10.0,10.0,14.0
5.0,shuming_826_00000213#2,1.0,1.0,10.0,10.0,18.0
5.0,shuming_826_00000213#3,1.0,1.0,9.0,10.0,9.0
5.0,shuming_85_00000273#4,1.0,1.0,10.0,10.0,11.0
5.0,shuming_987_00000275#1,1.0,1.0,10.0,10.0,41.0
5.0,shuming_987_00000275#2,1.0,1.0,10.0,10.0,23.0
5.0,shuming_987_00000275#3,1.0,1.0,10.0,10.0,19.0
5.0,shuming_987_00000275#4,1.0,1.0,10.0,10.0,21.0
5.0,shuming_987_00000275#5,1.0,1.0,10.0,10.0,10.0
10.0,00000045#1,1.0,1.0,10.0,10.0,242.0
10.0,00000045#2,1.0,1.0,10.0,10.0,88.0
10.0,00000045#3,1.0,1.0,10.0,10.0,105.0
10.0,00000045#6,1.0,1.0,10.0,10.0,286.0
10.0,00000045#7,1.0,1.0,10.0,10.0,279.0
10.0,00000057#1,1.0,1.0,10.0,10.0,225.0
10.0,00000057#2,1.0,1.0,10.0,10.0,88.0
10.0,00000057#3,1.0,1.0,10.0,10.0,111.0
10.0,00000057#5,1.0,1.0,10.0,10.0,133.0
10.0,00000063#1,1.0,1.0,10.0,10.0,279.0
10.0,00000063#2,1.0,1.0,10.0,10.0,90.0
10.0,00000063#3,1.0,1.0,10.0,10.0,107.0
10.0,00000063#5,1.0,1.0,10.0,10.0,208.0
10.0,00000095#1,1.0,1.0,10.0,10.0,279.0
10.0,00000095#2,1.0,1.0,10.0,10.0,114.0
10.0,00000095#3,1.0,1.0,10.0,10.0,105.0
10.0,00000106#1,1.0,1.0,10.0,10.0,245.0
10.0,00000106#2,1.0,1.0,10.0,10.0,135.0
10.0,00000106#3,1.0,1.0,10.0,10.0,122.0
10.0,00000106#5,1.0,1.0,10.0,10.0,157.0
10.0,00000123#1,1.0,1.0,10.0,10.0,196.0
10.0,00000123#2,1.0,1.0,10.0,10.0,87.0
10.0,00000123#3,1.0,1.0,10.0,10.0,190.0
10.0,00000123#5,1.0,1.0,10.0,10.0,108.0
10.0,00000171#0,1.0,1.0,10.0,10.0,120.0
10.0,00000180#0,1.0,1.0,10.0,10.0,136.0
10.0,00000234#1,1.0,1.0,10.0,10.0,108.0
10.0,00000257#0,1.0,1.0,10.0,10.0,93.0
10.0,00000271#0,1.0,1.0,10.0,10.0,118.0
10.0,00000271#1,1.0,1.0,10.0,10.0,132.0
10.0,00000273#0,1.0,1.0,10.0,10.0,84.0
10.0,00000273#1,1.0,1.0,10.0,10.0,99.0
10.0,000002_080_00000048#0,1.0,1.0,10.0,10.0,69.0
10.0,000002_083_00000169#0,1.0,1.0,10.0,10.0,14.0
10.0,000002_083_00000169#1,1.0,1.0,10.0,10.0,26.0
10.0,000002_083_00000169#2,1.0,1.0,10.0,10.0,36.0
10.0,00000346#0,1.0,1.0,10.0,10.0,381.0
10.0,00000364#0,1.0,1.0,10.0,10.0,210.0
10.0,00000396#0,1.0,1.0,10.0,10.0,111.0
10.0,00000399#0,1.0,1.0,10.0,10.0,82.0
10.0,000003_081_00000171#10,1.0,1.0,10.0,10.0,76.0
10.0,000003_081_00000171#11,1.0,1.0,10.0,10.0,82.0
10.0,00000426#0,1.0,1.0,10.0,10.0,653.0
10.0,00000506#0,1.0,1.0,10.0,10.0,117.0
10.0,000005_004_00000286#4,1.0,1.0,10.0,10.0,62.0
10.0,000005_006_00000001#1,1.0,1.0,10.0,10.0,68.0
10.0,000005_006_00000001#2,1.0,1.0,10.0,10.0,25.0
10.0,000005_019_00000209#0,1.0,1.0,10.0,10.0,43.0
10.0,000005_019_00000209#1,1.0,1.0,10.0,10.0,31.0
10.0,000005_019_00000209#2,1.0,1.0,10.0,10.0,59.0
10.0,000005_027_00000493#1,1.0,1.0,10.0,10.0,34.0
10.0,000005_027_00000493#2,1.0,1.0,10.0,10.0,38.0
10.0,000005_027_00000493#3,1.0,1.0,10.0,10.0,49.0
10.0,000005_027_00000493#4,1.0,1.0,10.0,10.0,21.0
10.0,000005_027_00000493#5,1.0,1.0,10.0,10.0,25.0
10.0,000005_027_00000493#6,1.0,1.0,10.0,10.0,20.0
10.0,000005_027_00000493#7,1.0,1.0,10.0,10.0,26.0
10.0,000005_027_00000493#8,1.0,1.0,10.0,10.0,74.0
10.0,000005_028_00000001#2,1.0,1.0,10.0,10.0,77.0
10.0,000005_028_00000163#2,1.0,1.0,10.0,10.0,31.0
10.0,00000618#2,1.0,1.0,10.0,10.0,101.0
10.0,000006_010_00000389#4,1.0,1.0,10.0,10.0,58.0
10.0,000006_011_00000307#3,1.0,1.0,10.0,10.0,25.0
10.0,000006_011_00000409#8,1.0,1.0,10.0,10.0,40.0
10.0,000006_011_00000409#10,1.0,1.0,10.0,10.0,54.0
10.0,000006_012_00000001#3,1.0,1.0,10.0,10.0,38.0
10.0,000006_012_00000001#6,1.0,1.0,10.0,10.0,63.0
10.0,000006_012_00000001#11,1.0,1.0,10.0,10.0,69.0
10.0,000006_012_00000001#12,1.0,1.0,10.0,10.0,33.0
10.0,000008_003_00000235#1,1.0,1.0,10.0,10.0,76.0
10.0,000008_003_00000235#2,1.0,1.0,10.0,10.0,59.0
10.0,000008_003_00000235#3,1.0,1.0,10.0,10.0,81.0
10.0,000008_003_00000235#4,1.0,1.0,10.0,10.0,66.0
10.0,000008_003_00000235#5,1.0,1.0,10.0,10.0,68.0
10.0,000008_003_00000235#10,1.0,1.0,10.0,10.0,68.0
10.0,000008_003_00000235#11,1.0,1.0,10.0,10.0,16.0
10.0,000008_003_00000352#1,1.0,1.0,10.0,10.0,66.0
10.0,000008_003_00000352#3,1.0,1.0,10.0,10.0,80.0
10.0,000008_003_00000352#5,1.0,1.0,10.0,10.0,74.0
10.0,000008_003_00000352#7,1.0,1.0,10.0,10.0,75.0
10.0,000008_003_00000352#8,1.0,1.0,10.0,10.0,75.0
10.0,000008_003_00000352#9,1.0,1.0,10.0,10.0,76.0
10.0,000008_003_00000352#10,1.0,1.0,10.0,10.0,64.0
10.0,000008_003_00000352#12,1.0,1.0,10.0,10.0,74.0
10.0,000008_003_00000352#13,1.0,1.0,10.0,10.0,16.0
10.0,000008_003_00000469#0,1.0,1.0,10.0,10.0,85.0
10.0,000008_003_00000469#1,1.0,1.0,10.0,10.0,70.0
10.0,000008_003_00000469#2,1.0,1.0,10.0,10.0,67.0
10.0,000008_003_00000469#3,1.0,1.0,10.0,10.0,78.0
10.0,000008_003_00000469#4,1.0,1.0,10.0,10.0,85.0
10.0,000008_003_00000469#6,1.0,1.0,10.0,10.0,89.0
10.0,000008_003_00000469#9,1.0,1.0,10.0,10.0,31.0
10.0,000008_003_00000469#10,1.0,1.0,10.0,10.0,18.0
10.0,000008_004_00000665#2,1.0,1.0,10.0,10.0,34.0
10.0,000008_004_00000665#4,1.0,1.0,10.0,10.0,39.0
10.0,000008_004_00000665#11,1.0,1.0,10.0,10.0,52.0
10.0,000008_004_00000665#12,1.0,1.0,10.0,10.0,63.0
10.0,000008_004_00000665#13,1.0,1.0,10.0,10.0,37.0
10.0,000008_013_00000195#1,1.0,1.0,10.0,10.0,66.0
10.0,000008_013_00000195#2,1.0,1.0,10.0,10.0,60.0
10.0,000008_042_00000273#1,1.0,1.0,10.0,10.0,40.0
10.0,000008_045_00000001#0,1.0,1.0,10.0,10.0,48.0
10.0,000008_045_00000001#2,1.0,1.0,10.0,10.0,70.0
10.0,000008_045_00000001#3,1.0,1.0,10.0,10.0,14.0
10.0,000008_045_00000157#0,1.0,1.0,10.0,10.0,80.0
10.0,000008_045_00000157#4,1.0,1.0,10.0,10.0,17.0
10.0,000008_048_00000361#3,1.0,1.0,10.0,10.0,42.0
10.0,000008_048_00000361#4,1.0,1.0,10.0,10.0,36.0
10.0,000008_048_00000361#5,1.0,1.0,4.0,10.0,29.0
10.0,000009_008_00000241#3,1.0,1.0,10.0,10.0,78.0
10.0,000009_008_00000241#5,1.0,1.0,10.0,10.0,69.0
10.0,000009_008_00000241#6,1.0,1.0,10.0,10.0,29.0
10.0,000009_008_00000241#7,1.0,1.0,10.0,10.0,76.0
10.0,000009_008_00000241#9,1.0,1.0,10.0,10.0,84.0
10.0,000009_033_00000333#1,1.0,1.0,10.0,10.0,16.0
10.0,000009_033_00000333#2,1.0,1.0,10.0,10.0,38.0
10.0,000009_033_00000333#3,1.0,1.0,10.0,10.0,38.0
10.0,000009_033_00000333#4,1.0,1.0,10.0,10.0,36.0
10.0,000009_033_00000333#6,1.0,1.0,10.0,10.0,51.0
10.0,000012_008_00000163#3,1.0,1.0,10.0,10.0,67.0
10.0,000012_008_00000163#4,1.0,1.0,10.0,10.0,55.0
10.0,000012_008_00000163#5,1.0,1.0,10.0,10.0,48.0
10.0,000012_008_00000163#6,1.0,1.0,10.0,10.0,60.0
10.0,000012_008_00000163#8,1.0,1.0,10.0,10.0,74.0
10.0,000012_008_00000163#10,1.0,1.0,10.0,10.0,17.0
10.0,000012_008_00000163#11,1.0,1.0,10.0,10.0,26.0
10.0,000012_008_00000163#12,1.0,1.0,10.0,10.0,27.0
10.0,000012_008_00000163#13,1.0,1.0,10.0,10.0,15.0
10.0,000012_008_00000163#14,1.0,1.0,10.0,10.0,11.0
10.0,000012_009_00000244#1,1.0,1.0,10.0,10.0,71.0
10.0,000012_009_00000244#3,1.0,1.0,10.0,10.0,68.0
10.0,000012_009_00000244#4,1.0,1.0,10.0,10.0,40.0
10.0,000012_009_00000244#5,1.0,1.0,10.0,10.0,45.0
10.0,000012_009_00000244#6,1.0,1.0,10.0,10.0,21.0
10.0,000012_009_00000244#7,1.0,1.0,10.0,10.0,13.0
10.0,000012_009_00000244#8,1.0,1.0,10.0,10.0,12.0
10.0,000012_009_00000244#9,1.0,1.0,10.0,10.0,14.0
10.0,000012_009_00000244#10,1.0,1.0,10.0,10.0,34.0
10.0,000012_009_00000244#11,1.0,1.0,10.0,10.0,18.0
10.0,000012_009_00000244#12,1.0,1.0,10.0,10.0,18.0
10.0,000012_009_00000244#13,1.0,1.0,10.0,10.0,19.0
10.0,000012_009_00000244#14,1.0,1.0,8.0,10.0,8.0
10.0,000012_009_00000325#3,1.0,1.0,10.0,10.0,82.0
10.0,000012_009_00000325#4,1.0,1.0,10.0,10.0,36.0
10.0,000012_009_00000325#5,1.0,1.0,10.0,10.0,43.0
10.0,000012_009_00000325#6,1.0,1.0,10.0,10.0,28.0
10.0,000012_009_00000325#7,1.0,1.0,10.0,10.0,17.0
10.0,000012_009_00000325#8,1.0,1.0,10.0,10.0,16.0
10.0,000012_009_00000325#9,1.0,1.0,7.0,10.0,8.0
10.0,000012_009_00000325#11,1.0,1.0,10.0,10.0,28.0
10.0,000012_009_00000325#12,1.0,1.0,10.0,10.0,15.0
10.0,000012_009_00000325#14,1.0,1.0,10.0,10.0,22.0
10.0,000012_009_00000325#15,1.0,1.0,5.0,10.0,19.0
10.0,000012_009_00000325#16,1.0,1.0,10.0,10.0,35.0
10.0,000012_014_00000184#0,1.0,1.0,10.0,10.0,33.0
10.0,000012_014_00000184#1,1.0,1.0,10.0,10.0,55.0
10.0,000012_014_00000184#3,1.0,1.0,10.0,10.0,26.0
10.0,000012_019_00000151#1,1.0,1.0,10.0,10.0,59.0
10.0,000012_019_00000151#2,1.0,1.0,10.0,10.0,14.0
10.0,000012_019_00000151#4,1.0,1.0,10.0,10.0,21.0
10.0,000012_019_00000151#5,1.0,1.0,10.0,10.0,14.0
10.0,000012_022_00000090#0,1.0,1.0,10.0,10.0,64.0
10.0,000012_022_00000090#1,1.0,1.0,10.0,10.0,23.0
10.0,000012_025_00000313#1,1.0,1.0,10.0,10.0,11.0
10.0,000012_025_00000313#2,1.0,1.0,10.0,10.0,11.0
10.0,000012_025_00000313#3,1.0,1.0,10.0,10.0,13.0
10.0,000012_025_00000313#4,1.0,1.0,7.0,10.0,7.0
10.0,000012_025_00000313#5,1.0,1.0,10.0,10.0,13.0
10.0,000012_025_00000313#6,1.0,1.0,8.0,10.0,8.0
10.0,000012_028_00000250#0,1.0,1.0,10.0,10.0,64.0
10.0,000012_028_00000250#1,1.0,1.0,10.0,10.0,56.0
10.0,000013_001_00000001#1,1.0,1.0,10.0,10.0,33.0
10.0,000013_001_00000001#2,1.0,1.0,10.0,10.0,34.0
10.0,000013_001_00000001#3,1.0,1.0,10.0,10.0,31.0
10.0,000013_002_00000281#1,1.0,1.0,10.0,10.0,31.0
10.0,000013_002_00000281#2,1.0,1.0,10.0,10.0,36.0
10.0,000013_002_00000281#3,1.0,1.0,10.0,10.0,20.0
10.0,000013_023_00000075#1,1.0,1.0,10.0,10.0,56.0
10.0,000013_023_00000075#2,1.0,1.0,10.0,10.0,68.0
10.0,000013_025_00000285#0,1.0,1.0,10.0,10.0,15.0
10.0,000013_025_00000285#1,1.0,1.0,10.0,10.0,56.0
10.0,000013_025_00000285#2,1.0,1.0,10.0,10.0,20.0
10.0,000013_030_00000063#0,1.0,1.0,10.0,10.0,21.0
10.0,000013_030_00000063#1,1.0,1.0,10.0,10.0,68.0
10.0,000013_039_00000063#0,1.0,1.0,10.0,10.0,41.0
10.0,000013_039_00000063#1,1.0,1.0,10.0,10.0,32.0
10.0,000013_039_00000063#3,1.0,1.0,10.0,10.0,26.0
10.0,000013_039_00000063#5,1.0,1.0,8.0,10.0,8.0
10.0,000013_040_suppl_00000167#0,1.0,1.0,10.0,10.0,79.0
10.0,000013_040_suppl_00000333#1,1.0,1.0,10.0,10.0,50.0
10.0,000013_040_suppl_00000333#3,1.0,1.0,10.0,10.0,80.0
10.0,000013_040_suppl_00000333#4,1.0,1.0,8.0,10.0,8.0
10.0,000013_044_00000001#0,1.0,1.0,10.0,10.0,24.0
10.0,000013_044_00000001#1,1.0,1.0,10.0,10.0,31.0
10.0,000013_044_00000001#2,1.0,1.0,5.0,10.0,72.0
10.0,000013_044_00000001#4,0.0,1.0,0.0,10.0,38.0
10.0,000013_044_00000001#5,1.0,1.0,5.0,10.0,72.0
10.0,000013_044_00000001#7,1.0,1.0,10.0,10.0,62.0
10.0,000013_048_00000001#0,1.0,1.0,10.0,10.0,46.0
10.0,000013_048_00000001#1,1.0,1.0,2.0,10.0,60.0
10.0,000013_048_00000001#3,0.0,1.0,0.0,10.0,49.0
10.0,000013_048_00000001#4,1.0,1.0,9.0,10.0,69.0
10.0,000013_056_00000281#2,1.0,1.0,10.0,10.0,49.0
10.0,000013_056_00000281#3,1.0,1.0,10.0,10.0,16.0
10.0,000013_056_00000281#4,1.0,1.0,10.0,10.0,21.0
10.0,000013_056_00000281#6,1.0,1.0,10.0,10.0,11.0
10.0,000013_056_00000281#7,1.0,1.0,10.0,10.0,12.0
10.0,000013_056_00000281#8,1.0,1.0,10.0,10.0,64.0
10.0,000013_056_00000281#9,1.0,1.0,10.0,10.0,43.0
10.0,000013_056_00000281#10,1.0,1.0,10.0,10.0,32.0
10.0,000014_012_00000217#1,1.0,1.0,10.0,10.0,41.0
10.0,000014_012_00000217#2,1.0,1.0,10.0,10.0,48.0
10.0,000014_050_00000273#3,1.0,1.0,10.0,10.0,47.0
10.0,000014_050_00000273#4,1.0,1.0,10.0,10.0,57.0
10.0,000014_050_00000273#5,1.0,1.0,10.0,10.0,26.0
10.0,000014_051_suppl_00000341#2,1.0,1.0,10.0,10.0,15.0
10.0,000014_052_00000131#2,1.0,1.0,9.0,10.0,22.0
10.0,000014_052_00000131#3,1.0,1.0,9.0,10.0,13.0
10.0,000015_004_00000268#0,1.0,1.0,10.0,10.0,27.0
10.0,000015_004_suppl_00000223#2,1.0,1.0,10.0,10.0,36.0
10.0,000016_043_suppl_00000292#1,1.0,1.0,10.0,10.0,21.0
10.0,000016_043_suppl_00000292#2,1.0,1.0,10.0,10.0,56.0
10.0,000016_043_suppl_00000292#4,1.0,1.0,10.0,10.0,30.0
10.0,000016_043_suppl_00000292#5,1.0,1.0,10.0,10.0,25.0
10.0,000016_043_suppl_00000292#6,1.0,1.0,10.0,10.0,45.0
10.0,000016_043_suppl_00000292#8,1.0,1.0,10.0,10.0,26.0
10.0,000016_043_suppl_00000292#9,1.0,1.0,10.0,10.0,32.0
10.0,000016_043_suppl_00000292#10,1.0,1.0,10.0,10.0,19.0
10.0,000016_043_suppl_00000292#11,1.0,1.0,10.0,10.0,27.0
10.0,000016_043_suppl_00000292#12,1.0,1.0,10.0,10.0,32.0
10.0,000016_043_suppl_00000292#14,1.0,1.0,10.0,10.0,70.0
10.0,000016_043_suppl_00000292#17,1.0,1.0,10.0,10.0,47.0
10.0,000016_043_suppl_00000292#20,1.0,1.0,10.0,10.0,23.0
10.0,000016_044_00000085#0,1.0,1.0,10.0,10.0,83.0
10.0,000016_044_00000085#1,1.0,1.0,10.0,10.0,62.0
10.0,000016_044_00000085#3,1.0,1.0,10.0,10.0,17.0
10.0,000016_044_00000085#4,1.0,1.0,10.0,10.0,65.0
10.0,000016_044_00000085#7,1.0,1.0,10.0,10.0,67.0
10.0,000016_044_00000085#10,1.0,1.0,10.0,10.0,78.0
10.0,000016_044_00000169#1,1.0,1.0,10.0,10.0,37.0
10.0,000016_044_00000169#2,1.0,1.0,10.0,10.0,36.0
10.0,000016_044_00000169#3,1.0,1.0,10.0,10.0,16.0
10.0,000016_044_00000169#5,1.0,1.0,10.0,10.0,15.0
10.0,000016_044_00000169#6,1.0,1.0,9.0,10.0,59.0
10.0,000016_044_00000169#8,1.0,1.0,10.0,10.0,88.0
10.0,000016_044_00000169#16,1.0,1.0,10.0,10.0,73.0
10.0,000016_044_00000169#17,1.0,1.0,10.0,10.0,65.0
10.0,000017_011_00000297#3,1.0,1.0,10.0,10.0,12.0
10.0,000017_011_00000297#5,1.0,1.0,10.0,10.0,68.0
10.0,000017_011_00000297#9,1.0,1.0,10.0,10.0,26.0
10.0,000017_011_00000297#10,1.0,1.0,10.0,10.0,86.0
10.0,000017_011_00000297#11,1.0,1.0,10.0,10.0,59.0
10.0,000017_011_00000297#13,1.0,1.0,10.0,10.0,43.0
10.0,000017_012_00000135#2,1.0,1.0,10.0,10.0,36.0
10.0,000017_020_00000214#0,1.0,1.0,10.0,10.0,21.0
10.0,000017_020_00000214#2,1.0,1.0,10.0,10.0,27.0
10.0,000017_020_suppl_00000356#0,1.0,1.0,10.0,10.0,20.0
10.0,000017_020_suppl_00000356#2,1.0,1.0,10.0,10.0,20.0
10.0,000018_006_00000063#0,1.0,1.0,10.0,10.0,66.0
10.0,000019_030_00000072#1,1.0,1.0,10.0,10.0,23.0
10.0,000019_030_00000072#2,1.0,1.0,10.0,10.0,72.0
10.0,000019_030_00000072#3,1.0,1.0,10.0,10.0,54.0
10.0,000019_030_00000072#4,1.0,1.0,10.0,10.0,21.0
10.0,000019_030_00000072#5,1.0,1.0,10.0,10.0,10.0
10.0,000019_038_00000205#2,1.0,1.0,10.0,10.0,20.0
10.0,000019_038_00000205#3,1.0,1.0,10.0,10.0,25.0
10.0,000019_038_00000205#4,1.0,1.0,10.0,10.0,21.0
10.0,000019_038_00000205#5,1.0,1.0,10.0,10.0,36.0
10.0,000019_038_00000205#6,1.0,1.0,10.0,10.0,84.0
10.0,000019_038_00000205#7,1.0,1.0,10.0,10.0,70.0
10.0,000019_038_00000205#8,1.0,1.0,10.0,10.0,82.0
10.0,000019_041_00000141#2,1.0,1.0,10.0,10.0,24.0
10.0,000019_045_00000145#4,1.0,1.0,10.0,10.0,46.0
10.0,000019_045_00000145#5,1.0,1.0,10.0,10.0,42.0
10.0,000019_045_00000145#7,1.0,1.0,10.0,10.0,67.0
10.0,000020_010_00000089#1,1.0,1.0,10.0,10.0,60.0
10.0,000020_010_00000089#5,1.0,1.0,9.0,10.0,9.0
10.0,000020_010_00000089#6,1.0,1.0,10.0,10.0,20.0
10.0,000020_010_00000089#7,1.0,1.0,5.0,10.0,8.0
10.0,000020_014_00000193#2,1.0,1.0,10.0,10.0,63.0
10.0,000020_014_00000193#3,1.0,1.0,10.0,10.0,76.0
10.0,000020_014_00000193#5,1.0,1.0,10.0,10.0,54.0
10.0,000020_014_00000193#6,1.0,1.0,10.0,10.0,77.0
10.0,000020_018_00000093#0,1.0,1.0,10.0,10.0,16.0
10.0,000020_018_00000093#1,1.0,1.0,10.0,10.0,24.0
10.0,000020_018_00000093#2,1.0,1.0,10.0,10.0,81.0
10.0,000020_018_00000093#3,1.0,1.0,10.0,10.0,42.0
10.0,000021_020_00000131#2,1.0,1.0,10.0,10.0,76.0
10.0,000023_005_00000070#1,1.0,1.0,10.0,10.0,32.0
10.0,000023_005_00000070#2,1.0,1.0,10.0,10.0,87.0
10.0,000023_005_00000070#3,1.0,1.0,10.0,10.0,63.0
10.0,000023_005_00000070#4,1.0,1.0,10.0,10.0,63.0
10.0,000023_005_00000070#5,1.0,1.0,10.0,10.0,18.0
10.0,000023_005_00000070#6,1.0,1.0,10.0,10.0,23.0
10.0,000031#0,1.0,1.0,10.0,10.0,53.0
10.0,000031#1,1.0,1.0,10.0,10.0,15.0
10.0,000031#2,1.0,1.0,8.0,10.0,8.0
10.0,000031#3,1.0,1.0,10.0,10.0,15.0
10.0,000031#6,1.0,1.0,10.0,10.0,24.0
10.0,000031#8,1.0,1.0,10.0,10.0,53.0
10.0,000031#10,1.0,1.0,9.0,10.0,16.0
10.0,000031#11,1.0,1.0,10.0,10.0,21.0
10.0,000066#0,1.0,1.0,10.0,10.0,31.0
10.0,000066#1,1.0,1.0,10.0,10.0,15.0
10.0,000066#2,1.0,1.0,10.0,10.0,61.0
10.0,000066#3,1.0,1.0,10.0,10.0,39.0
10.0,000070#0,1.0,1.0,10.0,10.0,28.0
10.0,000070#1,1.0,1.0,10.0,10.0,18.0
10.0,000070#2,1.0,1.0,10.0,10.0,52.0
10.0,000070#3,1.0,1.0,10.0,10.0,67.0
10.0,000173#1,1.0,1.0,10.0,10.0,27.0
10.0,000303#2,1.0,1.0,10.0,10.0,67.0
10.0,000303#6,1.0,1.0,10.0,10.0,30.0
10.0,000303#7,1.0,1.0,10.0,10.0,16.0
10.0,000328#1,1.0,1.0,10.0,10.0,58.0
10.0,000328#3,1.0,1.0,10.0,10.0,65.0
10.0,000415#1,1.0,1.0,10.0,10.0,14.0
10.0,000415#2,1.0,1.0,9.0,10.0,9.0
10.0,000415#4,1.0,1.0,10.0,10.0,22.0
10.0,000415#5,1.0,1.0,10.0,10.0,24.0
10.0,000415#6,1.0,1.0,10.0,10.0,12.0
10.0,000415#8,1.0,1.0,10.0,10.0,10.0
10.0,000415#10,1.0,1.0,10.0,10.0,13.0
10.0,000415#11,1.0,1.0,10.0,10.0,12.0
10.0,000415#13,1.0,1.0,10.0,10.0,21.0
10.0,000415#14,1.0,1.0,10.0,10.0,13.0
10.0,000415#15,1.0,1.0,10.0,10.0,17.0
10.0,000415#16,1.0,1.0,8.0,10.0,8.0
10.0,000415#17,1.0,1.0,9.0,10.0,10.0
10.0,000415#19,1.0,1.0,10.0,10.0,37.0
10.0,000433#7,1.0,1.0,10.0,10.0,57.0
10.0,000437#0,1.0,1.0,10.0,10.0,67.0
10.0,000437#1,1.0,1.0,10.0,10.0,75.0
10.0,000437#2,1.0,1.0,10.0,10.0,26.0
10.0,000437#5,1.0,1.0,10.0,10.0,48.0
10.0,000484#2,1.0,1.0,10.0,10.0,37.0
10.0,000484#3,1.0,1.0,10.0,10.0,55.0
10.0,000500#0,1.0,1.0,10.0,10.0,14.0
10.0,000500#1,1.0,1.0,9.0,10.0,9.0
10.0,000500#2,1.0,1.0,10.0,10.0,15.0
10.0,000525#0,1.0,1.0,10.0,10.0,14.0
10.0,000525#1,1.0,1.0,10.0,10.0,30.0
10.0,000525#2,1.0,1.0,10.0,10.0,35.0
10.0,000561#0,1.0,1.0,10.0,10.0,70.0
10.0,000561#3,1.0,1.0,10.0,10.0,63.0
10.0,000561#4,1.0,1.0,10.0,10.0,38.0
10.0,000597#2,1.0,1.0,10.0,10.0,62.0
10.0,000597#3,1.0,1.0,7.0,10.0,29.0
10.0,000630#0,1.0,1.0,10.0,10.0,14.0
10.0,000680#5,1.0,1.0,10.0,10.0,69.0
10.0,000707#1,1.0,1.0,10.0,10.0,13.0
10.0,000707#2,1.0,1.0,10.0,10.0,18.0
10.0,000707#3,1.0,1.0,8.0,10.0,9.0
10.0,000707#4,1.0,1.0,10.0,10.0,25.0
10.0,000707#5,1.0,1.0,10.0,10.0,20.0
10.0,000735#1,1.0,1.0,10.0,10.0,11.0
10.0,000738#0,1.0,1.0,10.0,10.0,26.0
10.0,000738#2,1.0,1.0,9.0,10.0,9.0
10.0,000738#3,1.0,1.0,10.0,10.0,36.0
10.0,000756#4,1.0,1.0,10.0,10.0,34.0
10.0,000759#2,1.0,1.0,10.0,10.0,34.0
10.0,000780#0,1.0,1.0,10.0,10.0,22.0
10.0,000780#3,1.0,1.0,10.0,10.0,90.0
10.0,000783#0,1.0,1.0,10.0,10.0,45.0
10.0,000783#1,1.0,1.0,10.0,10.0,42.0
10.0,000783#3,1.0,1.0,10.0,10.0,38.0
10.0,000783#4,1.0,1.0,10.0,10.0,26.0
10.0,000808#1,1.0,1.0,10.0,10.0,21.0
10.0,000820#2,1.0,1.0,10.0,10.0,58.0
10.0,000820#3,1.0,1.0,10.0,10.0,45.0
10.0,000820#4,1.0,1.0,10.0,10.0,25.0
10.0,000820#5,1.0,1.0,10.0,10.0,27.0
10.0,000820#7,1.0,1.0,8.0,10.0,8.0
10.0,000889#5,1.0,1.0,10.0,10.0,84.0
10.0,000889#6,1.0,1.0,10.0,10.0,40.0
10.0,000889#7,1.0,1.0,10.0,10.0,14.0
10.0,000889#8,1.0,1.0,10.0,10.0,15.0
10.0,000889#9,1.0,1.0,10.0,10.0,22.0
10.0,000889#13,1.0,1.0,10.0,10.0,24.0
10.0,000889#14,1.0,1.0,10.0,10.0,69.0
10.0,000943#0,1.0,1.0,10.0,10.0,16.0
10.0,000943#1,1.0,1.0,10.0,10.0,14.0
10.0,000943#2,1.0,1.0,10.0,10.0,64.0
10.0,000943#3,1.0,1.0,6.0,10.0,7.0
10.0,000943#4,1.0,1.0,6.0,10.0,7.0
10.0,000943#6,1.0,1.0,7.0,10.0,18.0
10.0,000943#7,1.0,1.0,10.0,10.0,23.0
10.0,000952#0,1.0,1.0,10.0,10.0,22.0
10.0,001033#1,1.0,1.0,10.0,10.0,15.0
10.0,001033#2,1.0,1.0,10.0,10.0,31.0
10.0,001033#3,1.0,1.0,10.0,10.0,41.0
10.0,001033#9,1.0,1.0,7.0,10.0,25.0
10.0,001033#10,1.0,1.0,10.0,10.0,21.0
10.0,001035#0,1.0,1.0,10.0,10.0,19.0
10.0,001035#1,1.0,1.0,10.0,10.0,53.0
10.0,001035#2,1.0,1.0,10.0,10.0,76.0
10.0,001035#7,1.0,1.0,10.0,10.0,40.0
10.0,001035#9,1.0,1.0,10.0,10.0,22.0
10.0,001035#10,1.0,1.0,10.0,10.0,63.0
10.0,001114#5,1.0,1.0,10.0,10.0,47.0
10.0,001114#6,1.0,1.0,10.0,10.0,40.0
10.0,001114#7,1.0,1.0,10.0,10.0,12.0
10.0,001114#8,1.0,1.0,10.0,10.0,26.0
10.0,001114#10,1.0,1.0,10.0,10.0,17.0
10.0,001123#0,1.0,1.0,10.0,10.0,31.0
10.0,001123#1,1.0,1.0,10.0,10.0,76.0
10.0,001123#2,1.0,1.0,10.0,10.0,77.0
10.0,001123#4,1.0,1.0,10.0,10.0,64.0
10.0,001123#5,1.0,1.0,10.0,10.0,42.0
10.0,001123#6,1.0,1.0,10.0,10.0,79.0
10.0,001123#7,1.0,1.0,10.0,10.0,86.0
10.0,001123#8,1.0,1.0,7.0,10.0,36.0
10.0,001123#9,1.0,1.0,10.0,10.0,56.0
10.0,001123#10,1.0,1.0,10.0,10.0,62.0
10.0,001123#11,1.0,1.0,10.0,10.0,66.0
10.0,001123#12,1.0,1.0,10.0,10.0,79.0
10.0,001123#13,1.0,1.0,10.0,10.0,31.0
10.0,001123#18,1.0,1.0,9.0,10.0,9.0
10.0,001123#19,1.0,1.0,10.0,10.0,10.0
10.0,001123#20,1.0,1.0,10.0,10.0,49.0
10.0,001123#21,1.0,1.0,10.0,10.0,32.0
10.0,001123#22,1.0,1.0,10.0,10.0,33.0
10.0,001135#4,1.0,1.0,10.0,10.0,64.0
10.0,001135#6,1.0,1.0,10.0,10.0,72.0
10.0,001135#7,1.0,1.0,5.0,10.0,14.0
10.0,001157#4,1.0,1.0,10.0,10.0,14.0
10.0,001157#5,1.0,1.0,10.0,10.0,30.0
10.0,001157#8,1.0,1.0,10.0,10.0,77.0
10.0,001157#9,1.0,1.0,10.0,10.0,68.0
10.0,001202#3,1.0,1.0,10.0,10.0,72.0
10.0,001202#4,1.0,1.0,10.0,10.0,78.0
10.0,001202#8,1.0,1.0,10.0,10.0,23.0
10.0,001202#10,1.0,1.0,10.0,10.0,56.0
10.0,001202#11,1.0,1.0,10.0,10.0,57.0
10.0,001202#12,1.0,1.0,10.0,10.0,42.0
10.0,001257#0,1.0,1.0,10.0,10.0,46.0
10.0,001257#3,1.0,1.0,10.0,10.0,69.0
10.0,001257#6,1.0,1.0,10.0,10.0,27.0
10.0,001257#9,1.0,1.0,10.0,10.0,27.0
10.0,001257#10,1.0,1.0,10.0,10.0,46.0
10.0,001257#11,1.0,1.0,10.0,10.0,31.0
10.0,001276#3,1.0,1.0,10.0,10.0,58.0
10.0,001276#7,1.0,1.0,10.0,10.0,30.0
10.0,001276#9,1.0,1.0,10.0,10.0,54.0
10.0,001276#10,1.0,1.0,10.0,10.0,27.0
10.0,001276#11,1.0,1.0,10.0,10.0,31.0
10.0,001276#12,1.0,1.0,10.0,10.0,25.0
10.0,001276#13,1.0,1.0,10.0,10.0,35.0
10.0,001276#14,1.0,1.0,10.0,10.0,50.0
10.0,001276#15,1.0,1.0,10.0,10.0,25.0
10.0,001295#0,1.0,1.0,10.0,10.0,30.0
10.0,001295#1,1.0,1.0,10.0,10.0,52.0
10.0,001295#3,1.0,1.0,10.0,10.0,10.0
10.0,001295#10,1.0,1.0,10.0,10.0,55.0
10.0,001295#11,1.0,1.0,10.0,10.0,24.0
10.0,001295#12,1.0,1.0,10.0,10.0,17.0
10.0,001295#13,1.0,1.0,10.0,10.0,28.0
10.0,001295#14,1.0,1.0,10.0,10.0,36.0
10.0,001295#15,1.0,1.0,10.0,10.0,24.0
10.0,001295#17,1.0,1.0,10.0,10.0,19.0
10.0,001295#18,1.0,1.0,10.0,10.0,15.0
10.0,001295#19,1.0,1.0,10.0,10.0,17.0
10.0,001295#20,1.0,1.0,10.0,10.0,16.0
10.0,001295#21,1.0,1.0,10.0,10.0,22.0
10.0,001295#22,1.0,1.0,10.0,10.0,26.0
10.0,001295#24,1.0,1.0,10.0,10.0,26.0
10.0,001295#26,1.0,1.0,9.0,10.0,9.0
10.0,001409#0,1.0,1.0,10.0,10.0,39.0
10.0,001409#1,1.0,1.0,10.0,10.0,43.0
10.0,001415#0,1.0,1.0,10.0,10.0,42.0
10.0,001415#1,1.0,1.0,10.0,10.0,44.0
10.0,001415#2,1.0,1.0,10.0,10.0,41.0
10.0,001415#3,1.0,1.0,10.0,10.0,53.0
10.0,001443#3,1.0,1.0,10.0,10.0,53.0
10.0,001443#4,1.0,1.0,10.0,10.0,73.0
10.0,001443#6,1.0,1.0,10.0,10.0,66.0
10.0,001443#7,1.0,1.0,10.0,10.0,67.0
10.0,001443#9,1.0,1.0,10.0,10.0,27.0
10.0,001443#10,1.0,1.0,10.0,10.0,46.0
10.0,001461#2,1.0,1.0,10.0,10.0,28.0
10.0,001461#3,1.0,1.0,10.0,10.0,42.0
10.0,001461#4,1.0,1.0,10.0,10.0,64.0
10.0,001461#5,1.0,1.0,10.0,10.0,36.0
10.0,001531#1,1.0,1.0,10.0,10.0,16.0
10.0,001531#2,1.0,1.0,10.0,10.0,11.0
10.0,001531#6,1.0,1.0,10.0,10.0,28.0
10.0,001531#8,1.0,1.0,10.0,10.0,11.0
10.0,001531#10,1.0,1.0,10.0,10.0,43.0
10.0,001558#4,1.0,1.0,10.0,10.0,31.0
10.0,001683#1,1.0,1.0,10.0,10.0,83.0
10.0,001683#6,1.0,1.0,10.0,10.0,36.0
10.0,001683#7,1.0,1.0,10.0,10.0,46.0
10.0,001683#8,1.0,1.0,10.0,10.0,50.0
10.0,001694#1,1.0,1.0,10.0,10.0,28.0
10.0,001694#2,1.0,1.0,10.0,10.0,64.0
10.0,001694#7,1.0,1.0,10.0,10.0,62.0
10.0,001694#8,1.0,1.0,10.0,10.0,36.0
10.0,001694#9,1.0,1.0,10.0,10.0,50.0
10.0,001694#10,1.0,1.0,10.0,10.0,27.0
10.0,001694#11,1.0,1.0,10.0,10.0,28.0
10.0,001694#12,1.0,1.0,10.0,10.0,22.0
10.0,001694#13,1.0,1.0,10.0,10.0,27.0
10.0,001694#14,1.0,1.0,10.0,10.0,31.0
10.0,001707#1,1.0,1.0,10.0,10.0,22.0
10.0,001707#2,1.0,1.0,10.0,10.0,68.0
10.0,001707#7,1.0,1.0,10.0,10.0,62.0
10.0,001707#8,1.0,1.0,10.0,10.0,36.0
10.0,001707#9,1.0,1.0,10.0,10.0,31.0
10.0,001707#10,1.0,1.0,10.0,10.0,34.0
10.0,001707#11,1.0,1.0,10.0,10.0,57.0
10.0,001707#12,1.0,1.0,10.0,10.0,19.0
10.0,001712#1,1.0,1.0,10.0,10.0,72.0
10.0,001712#6,1.0,1.0,10.0,10.0,58.0
10.0,001712#7,1.0,1.0,10.0,10.0,16.0
10.0,001712#8,1.0,1.0,10.0,10.0,36.0
10.0,001712#9,1.0,1.0,10.0,10.0,55.0
10.0,001712#10,1.0,1.0,10.0,10.0,25.0
10.0,001712#11,1.0,1.0,10.0,10.0,23.0
10.0,001712#12,1.0,1.0,10.0,10.0,27.0
10.0,001724#1,1.0,1.0,10.0,10.0,11.0
10.0,001724#3,1.0,1.0,10.0,10.0,56.0
10.0,001724#7,1.0,1.0,10.0,10.0,84.0
10.0,001724#8,1.0,1.0,10.0,10.0,34.0
10.0,001724#9,1.0,1.0,10.0,10.0,30.0
10.0,001724#10,1.0,1.0,10.0,10.0,27.0
10.0,001724#11,1.0,1.0,10.0,10.0,34.0
10.0,001724#12,1.0,1.0,10.0,10.0,38.0
10.0,001737#3,1.0,1.0,10.0,10.0,54.0
10.0,001737#7,1.0,1.0,10.0,10.0,76.0
10.0,001737#8,1.0,1.0,8.0,10.0,8.0
10.0,001737#9,1.0,1.0,10.0,10.0,15.0
10.0,001737#10,1.0,1.0,10.0,10.0,36.0
10.0,001737#11,1.0,1.0,10.0,10.0,30.0
10.0,001737#12,1.0,1.0,10.0,10.0,38.0
10.0,001737#13,1.0,1.0,10.0,10.0,30.0
10.0,001742#0,1.0,1.0,10.0,10.0,41.0
10.0,001763#0,1.0,1.0,10.0,10.0,25.0
10.0,001785#0,1.0,1.0,10.0,10.0,50.0
10.0,001785#1,1.0,1.0,10.0,10.0,51.0
10.0,001785#2,1.0,1.0,10.0,10.0,80.0
10.0,001851#0,1.0,1.0,10.0,10.0,48.0
10.0,001851#8,1.0,1.0,10.0,10.0,25.0
10.0,001851#9,1.0,1.0,10.0,10.0,27.0
10.0,001851#10,1.0,1.0,10.0,10.0,31.0
10.0,001851#11,1.0,1.0,10.0,10.0,25.0
10.0,001851#12,1.0,1.0,10.0,10.0,27.0
10.0,001851#13,1.0,1.0,10.0,10.0,50.0
10.0,001851#14,1.0,1.0,10.0,10.0,27.0
10.0,001862#0,1.0,1.0,10.0,10.0,48.0
10.0,001862#8,1.0,1.0,10.0,10.0,21.0
10.0,001862#9,1.0,1.0,10.0,10.0,27.0
10.0,001862#10,1.0,1.0,10.0,10.0,54.0
10.0,001862#11,1.0,1.0,10.0,10.0,21.0
10.0,001862#12,1.0,1.0,10.0,10.0,20.0
10.0,001862#13,1.0,1.0,10.0,10.0,32.0
10.0,001862#14,1.0,1.0,10.0,10.0,29.0
10.0,001862#15,1.0,1.0,10.0,10.0,37.0
10.0,001873#0,1.0,1.0,10.0,10.0,48.0
10.0,001873#4,1.0,1.0,10.0,10.0,73.0
10.0,001873#8,1.0,1.0,10.0,10.0,26.0
10.0,001873#9,1.0,1.0,10.0,10.0,50.0
10.0,001873#10,1.0,1.0,10.0,10.0,14.0
10.0,001873#11,1.0,1.0,10.0,10.0,27.0
10.0,001873#12,1.0,1.0,10.0,10.0,26.0
10.0,001873#13,1.0,1.0,10.0,10.0,27.0
10.0,001881#0,1.0,1.0,10.0,10.0,48.0
10.0,001881#4,1.0,1.0,10.0,10.0,73.0
10.0,001881#8,1.0,1.0,10.0,10.0,25.0
10.0,001881#9,1.0,1.0,10.0,10.0,54.0
10.0,001881#10,1.0,1.0,10.0,10.0,22.0
10.0,001884#0,1.0,1.0,10.0,10.0,52.0
10.0,001884#4,1.0,1.0,10.0,10.0,73.0
10.0,001884#8,1.0,1.0,10.0,10.0,21.0
10.0,001884#9,1.0,1.0,10.0,10.0,57.0
10.0,001884#10,1.0,1.0,10.0,10.0,25.0
10.0,001884#11,1.0,1.0,10.0,10.0,23.0
10.0,001884#12,1.0,1.0,10.0,10.0,20.0
10.0,001884#13,1.0,1.0,10.0,10.0,17.0
10.0,001884#14,1.0,1.0,10.0,10.0,27.0
10.0,001898#0,1.0,1.0,10.0,10.0,52.0
10.0,001898#4,1.0,1.0,10.0,10.0,74.0
10.0,001898#7,1.0,1.0,10.0,10.0,22.0
10.0,001898#8,1.0,1.0,10.0,10.0,20.0
10.0,001898#9,1.0,1.0,10.0,10.0,21.0
10.0,001898#10,1.0,1.0,10.0,10.0,24.0
10.0,001898#11,1.0,1.0,10.0,10.0,36.0
10.0,001898#12,1.0,1.0,10.0,10.0,55.0
10.0,001898#13,1.0,1.0,10.0,10.0,27.0
10.0,001898#14,1.0,1.0,10.0,10.0,24.0
10.0,001970#1,1.0,1.0,10.0,10.0,73.0
10.0,001970#3,1.0,1.0,10.0,10.0,36.0
10.0,001970#7,1.0,1.0,10.0,10.0,65.0
10.0,001970#8,1.0,1.0,10.0,10.0,26.0
10.0,001970#9,1.0,1.0,10.0,10.0,41.0
10.0,001970#10,1.0,1.0,10.0,10.0,27.0
10.0,002048#2,1.0,1.0,10.0,10.0,68.0
10.0,002048#3,1.0,1.0,10.0,10.0,53.0
10.0,002048#4,1.0,1.0,10.0,10.0,76.0
10.0,002048#7,1.0,1.0,10.0,10.0,37.0
10.0,002048#8,1.0,1.0,10.0,10.0,19.0
10.0,002048#9,1.0,1.0,10.0,10.0,40.0
10.0,002048#10,1.0,1.0,10.0,10.0,41.0
10.0,002097#3,1.0,1.0,10.0,10.0,67.0
10.0,002097#4,1.0,1.0,10.0,10.0,75.0
10.0,002097#7,1.0,1.0,10.0,10.0,22.0
10.0,002097#8,1.0,1.0,10.0,10.0,29.0
10.0,002097#9,1.0,1.0,10.0,10.0,32.0
10.0,002097#10,1.0,1.0,10.0,10.0,32.0
10.0,002102#0,1.0,1.0,10.0,10.0,63.0
10.0,002102#1,1.0,1.0,10.0,10.0,67.0
10.0,002102#2,1.0,1.0,10.0,10.0,64.0
10.0,002102#3,1.0,1.0,10.0,10.0,55.0
10.0,002102#4,1.0,1.0,10.0,10.0,59.0
10.0,002102#5,1.0,1.0,10.0,10.0,40.0
10.0,002102#6,1.0,1.0,10.0,10.0,56.0
10.0,002102#7,1.0,1.0,10.0,10.0,56.0
10.0,002102#8,1.0,1.0,10.0,10.0,50.0
10.0,002156#0,1.0,1.0,10.0,10.0,40.0
10.0,002156#1,1.0,1.0,10.0,10.0,28.0
10.0,002156#2,1.0,1.0,10.0,10.0,38.0
10.0,002156#3,1.0,1.0,10.0,10.0,59.0
10.0,002156#4,1.0,1.0,10.0,10.0,81.0
10.0,002156#7,1.0,1.0,10.0,10.0,46.0
10.0,002156#8,1.0,1.0,10.0,10.0,34.0
10.0,002156#9,1.0,1.0,10.0,10.0,53.0
10.0,002207#0,1.0,1.0,10.0,10.0,11.0
10.0,002207#1,1.0,1.0,10.0,10.0,49.0
10.0,002235#3,1.0,1.0,10.0,10.0,36.0
10.0,002235#5,1.0,1.0,10.0,10.0,55.0
10.0,002235#6,1.0,1.0,3.0,10.0,17.0
10.0,002235#7,1.0,1.0,10.0,10.0,27.0
10.0,002235#10,1.0,1.0,10.0,10.0,10.0
10.0,002265#3,1.0,1.0,10.0,10.0,15.0
10.0,002265#4,1.0,1.0,10.0,10.0,13.0
10.0,002276#0,1.0,1.0,10.0,10.0,41.0
10.0,002276#1,1.0,1.0,10.0,10.0,18.0
10.0,002276#2,1.0,1.0,10.0,10.0,32.0
10.0,002276#3,1.0,1.0,10.0,10.0,53.0
10.0,002276#6,1.0,1.0,10.0,10.0,46.0
10.0,002331#2,1.0,1.0,10.0,10.0,49.0
10.0,002331#3,1.0,1.0,10.0,10.0,37.0
10.0,002331#4,1.0,1.0,10.0,10.0,75.0
10.0,002331#16,1.0,1.0,10.0,10.0,14.0
10.0,002331#18,1.0,1.0,8.0,10.0,21.0
10.0,002334#1,1.0,1.0,10.0,10.0,11.0
10.0,002334#8,1.0,1.0,10.0,10.0,56.0
10.0,002334#9,1.0,1.0,10.0,10.0,18.0
10.0,002338#0,1.0,1.0,10.0,10.0,62.0
10.0,002338#1,1.0,1.0,10.0,10.0,70.0
10.0,002338#4,1.0,1.0,10.0,10.0,73.0
10.0,002338#5,1.0,1.0,10.0,10.0,44.0
10.0,002357#0,1.0,1.0,10.0,10.0,23.0
10.0,002357#1,1.0,1.0,10.0,10.0,35.0
10.0,002357#2,1.0,1.0,10.0,10.0,72.0
10.0,002357#3,1.0,1.0,10.0,10.0,43.0
10.0,002359#0,1.0,1.0,10.0,10.0,29.0
10.0,002359#1,1.0,1.0,10.0,10.0,43.0
10.0,002359#2,1.0,1.0,10.0,10.0,45.0
10.0,002359#3,1.0,1.0,10.0,10.0,27.0
10.0,002378#0,1.0,1.0,10.0,10.0,34.0
10.0,002378#1,1.0,1.0,10.0,10.0,11.0
10.0,002378#3,1.0,1.0,10.0,10.0,66.0
10.0,002378#5,1.0,1.0,10.0,10.0,73.0
10.0,002378#6,1.0,1.0,10.0,10.0,19.0
10.0,002380#2,1.0,1.0,10.0,10.0,77.0
10.0,002380#3,1.0,1.0,10.0,10.0,55.0
10.0,002380#4,1.0,1.0,10.0,10.0,19.0
10.0,002380#5,1.0,1.0,8.0,10.0,8.0
10.0,002380#6,1.0,1.0,10.0,10.0,45.0
10.0,002380#7,1.0,1.0,10.0,10.0,14.0
10.0,002380#8,1.0,1.0,10.0,10.0,15.0
10.0,002380#9,1.0,1.0,10.0,10.0,25.0
10.0,002413#0,1.0,1.0,10.0,10.0,23.0
10.0,002517#1,1.0,1.0,10.0,10.0,48.0
10.0,002517#2,1.0,1.0,10.0,10.0,16.0
10.0,002517#4,1.0,1.0,10.0,10.0,23.0
10.0,002517#5,1.0,1.0,10.0,10.0,76.0
10.0,002584#4,1.0,1.0,9.0,10.0,11.0
10.0,002584#6,1.0,1.0,10.0,10.0,11.0
10.0,002625#6,1.0,1.0,10.0,10.0,17.0
10.0,002625#8,1.0,1.0,10.0,10.0,26.0
10.0,002625#10,1.0,1.0,10.0,10.0,27.0
10.0,002625#13,1.0,1.0,10.0,10.0,22.0
10.0,002625#14,1.0,1.0,10.0,10.0,73.0
10.0,002625#18,1.0,1.0,10.0,10.0,29.0
10.0,002625#19,1.0,1.0,10.0,10.0,13.0
10.0,002625#20,1.0,1.0,10.0,10.0,70.0
10.0,002625#21,1.0,1.0,10.0,10.0,82.0
10.0,002625#22,1.0,1.0,10.0,10.0,36.0
10.0,002625#23,1.0,1.0,10.0,10.0,34.0
10.0,002625#24,1.0,1.0,10.0,10.0,65.0
10.0,002625#25,1.0,1.0,10.0,10.0,11.0
10.0,002625#26,1.0,1.0,7.0,10.0,48.0
10.0,002625#27,1.0,1.0,6.0,10.0,25.0
10.0,002625#28,1.0,1.0,10.0,10.0,37.0
10.0,002625#29,1.0,1.0,10.0,10.0,63.0
10.0,002625#30,1.0,1.0,10.0,10.0,23.0
10.0,002625#31,1.0,1.0,10.0,10.0,34.0
10.0,002625#32,1.0,1.0,10.0,10.0,45.0
10.0,002625#33,1.0,1.0,10.0,10.0,12.0
10.0,002627#5,1.0,1.0,10.0,10.0,20.0
10.0,002627#7,1.0,1.0,10.0,10.0,17.0
10.0,002627#11,1.0,1.0,10.0,10.0,74.0
10.0,002627#12,1.0,1.0,10.0,10.0,32.0
10.0,002627#15,1.0,1.0,10.0,10.0,69.0
10.0,002627#17,1.0,1.0,10.0,10.0,73.0
10.0,002627#18,1.0,1.0,10.0,10.0,74.0
10.0,002627#19,1.0,1.0,10.0,10.0,18.0
10.0,002627#22,1.0,1.0,10.0,10.0,87.0
10.0,002627#23,1.0,1.0,10.0,10.0,71.0
10.0,002627#26,1.0,1.0,10.0,10.0,80.0
10.0,002627#27,1.0,1.0,10.0,10.0,81.0
10.0,002627#28,1.0,1.0,10.0,10.0,48.0
10.0,002627#30,1.0,1.0,10.0,10.0,39.0
10.0,002627#31,1.0,1.0,10.0,10.0,50.0
10.0,002627#32,1.0,1.0,10.0,10.0,55.0
10.0,002671#7,1.0,1.0,10.0,10.0,51.0
10.0,002671#9,1.0,1.0,10.0,10.0,25.0
10.0,002671#11,1.0,1.0,10.0,10.0,39.0
10.0,002671#12,1.0,1.0,10.0,10.0,63.0
10.0,002671#13,1.0,1.0,10.0,10.0,45.0
10.0,002671#14,1.0,1.0,10.0,10.0,30.0
10.0,002671#15,1.0,1.0,10.0,10.0,30.0
10.0,002671#16,1.0,1.0,10.0,10.0,18.0
10.0,002671#17,1.0,1.0,10.0,10.0,45.0
10.0,002671#18,1.0,1.0,10.0,10.0,18.0
10.0,002671#19,1.0,1.0,10.0,10.0,57.0
10.0,002671#20,1.0,1.0,10.0,10.0,46.0
10.0,002671#21,1.0,1.0,10.0,10.0,23.0
10.0,002671#22,1.0,1.0,10.0,10.0,23.0
10.0,002671#23,1.0,1.0,10.0,10.0,46.0
10.0,002671#24,1.0,1.0,10.0,10.0,59.0
10.0,002677#0,1.0,1.0,10.0,10.0,63.0
10.0,002677#1,1.0,1.0,10.0,10.0,40.0
10.0,002677#16,1.0,1.0,10.0,10.0,14.0
10.0,002677#17,1.0,1.0,10.0,10.0,24.0
10.0,002677#18,1.0,1.0,10.0,10.0,76.0
10.0,002707#11,1.0,1.0,10.0,10.0,22.0
10.0,002707#12,1.0,1.0,10.0,10.0,25.0
10.0,002707#13,1.0,1.0,10.0,10.0,62.0
10.0,002750#1,1.0,1.0,10.0,10.0,15.0
10.0,002750#4,1.0,1.0,10.0,10.0,42.0
10.0,002750#12,1.0,1.0,9.0,10.0,13.0
10.0,002750#13,1.0,1.0,10.0,10.0,12.0
10.0,002750#14,1.0,1.0,10.0,10.0,10.0
10.0,002750#16,1.0,1.0,8.0,10.0,8.0
10.0,002750#18,1.0,1.0,10.0,10.0,14.0
10.0,002750#19,1.0,1.0,10.0,10.0,22.0
10.0,002750#20,1.0,1.0,10.0,10.0,28.0
10.0,002750#21,1.0,1.0,10.0,10.0,28.0
10.0,002750#22,1.0,1.0,10.0,10.0,53.0
10.0,002750#23,1.0,1.0,10.0,10.0,25.0
10.0,002750#25,1.0,1.0,10.0,10.0,51.0
10.0,002762#1,1.0,1.0,10.0,10.0,17.0
10.0,002839#1,1.0,1.0,10.0,10.0,21.0
10.0,002839#2,1.0,1.0,10.0,10.0,25.0
10.0,002839#3,1.0,1.0,10.0,10.0,48.0
10.0,002839#4,1.0,1.0,10.0,10.0,31.0
10.0,002842#3,1.0,1.0,10.0,10.0,25.0
10.0,002842#4,1.0,1.0,10.0,10.0,21.0
10.0,002844#1,1.0,1.0,10.0,10.0,42.0
10.0,002844#2,1.0,1.0,10.0,10.0,21.0
10.0,002844#3,1.0,1.0,10.0,10.0,38.0
10.0,002935#0,1.0,1.0,10.0,10.0,17.0
10.0,002935#1,1.0,1.0,7.0,10.0,13.0
10.0,002955#0,1.0,1.0,10.0,10.0,72.0
10.0,002955#1,1.0,1.0,10.0,10.0,47.0
10.0,002955#4,1.0,1.0,10.0,10.0,32.0
10.0,002955#5,1.0,1.0,10.0,10.0,21.0
10.0,002955#6,1.0,1.0,10.0,10.0,37.0
10.0,002955#7,1.0,1.0,10.0,10.0,68.0
10.0,002955#8,1.0,1.0,10.0,10.0,61.0
10.0,002955#9,1.0,1.0,10.0,10.0,11.0
10.0,002955#10,1.0,1.0,10.0,10.0,42.0
10.0,002955#11,1.0,1.0,10.0,10.0,42.0
10.0,002955#12,1.0,1.0,10.0,10.0,57.0
10.0,002955#13,1.0,1.0,10.0,10.0,67.0
10.0,002955#14,1.0,1.0,10.0,10.0,73.0
10.0,002955#16,1.0,1.0,10.0,10.0,49.0
10.0,002955#17,1.0,1.0,10.0,10.0,81.0
10.0,002955#20,1.0,1.0,10.0,10.0,15.0
10.0,002955#23,1.0,1.0,10.0,10.0,29.0
10.0,002955#24,1.0,1.0,7.0,10.0,7.0
10.0,002987#0,1.0,1.0,10.0,10.0,16.0
10.0,002987#1,1.0,1.0,9.0,10.0,9.0
10.0,002987#2,1.0,1.0,10.0,10.0,23.0
10.0,002987#3,1.0,1.0,10.0,10.0,14.0
10.0,002987#4,1.0,1.0,10.0,10.0,34.0
10.0,002987#6,1.0,1.0,10.0,10.0,64.0
10.0,002987#7,1.0,1.0,10.0,10.0,73.0
10.0,002987#8,1.0,1.0,10.0,10.0,28.0
10.0,002987#9,1.0,1.0,10.0,10.0,14.0
10.0,002987#10,1.0,1.0,10.0,10.0,15.0
10.0,002987#11,1.0,1.0,10.0,10.0,15.0
10.0,002987#12,1.0,1.0,8.0,10.0,8.0
10.0,002987#13,1.0,1.0,10.0,10.0,34.0
10.0,002987#14,1.0,1.0,10.0,10.0,20.0
10.0,002987#15,1.0,1.0,10.0,10.0,37.0
10.0,003007#6,1.0,1.0,8.0,10.0,9.0
10.0,003007#8,1.0,1.0,10.0,10.0,41.0
10.0,003007#9,1.0,1.0,10.0,10.0,24.0
10.0,003013#6,1.0,1.0,10.0,10.0,20.0
10.0,003017#4,1.0,1.0,10.0,10.0,12.0
10.0,003026#4,1.0,1.0,9.0,10.0,17.0
10.0,003056#1,1.0,1.0,10.0,10.0,24.0
10.0,003056#2,1.0,1.0,10.0,10.0,15.0
10.0,003056#3,1.0,1.0,10.0,10.0,15.0
10.0,003056#4,1.0,1.0,10.0,10.0,11.0
10.0,003056#7,1.0,1.0,10.0,10.0,38.0
10.0,003056#8,1.0,1.0,9.0,10.0,9.0
10.0,003056#9,1.0,1.0,10.0,10.0,27.0
10.0,003056#10,1.0,1.0,10.0,10.0,18.0
10.0,003056#11,1.0,1.0,10.0,10.0,61.0
10.0,003148#0,1.0,1.0,10.0,10.0,61.0
10.0,003148#2,1.0,1.0,10.0,10.0,63.0
10.0,003148#3,1.0,1.0,10.0,10.0,42.0
10.0,003148#6,1.0,1.0,10.0,10.0,47.0
10.0,003148#7,1.0,1.0,7.0,10.0,8.0
10.0,003148#8,1.0,1.0,7.0,10.0,8.0
10.0,003160#0,1.0,1.0,10.0,10.0,42.0
10.0,003160#1,1.0,1.0,10.0,10.0,28.0
10.0,003160#2,1.0,1.0,9.0,10.0,31.0
10.0,003160#3,1.0,1.0,10.0,10.0,27.0
10.0,003160#4,1.0,1.0,10.0,10.0,31.0
10.0,003160#5,1.0,1.0,10.0,10.0,84.0
10.0,003160#7,1.0,1.0,10.0,10.0,37.0
10.0,003160#8,1.0,1.0,10.0,10.0,69.0
10.0,003160#9,1.0,1.0,10.0,10.0,19.0
10.0,003160#11,1.0,1.0,10.0,10.0,78.0
10.0,003160#13,1.0,1.0,10.0,10.0,37.0
10.0,003160#14,1.0,1.0,10.0,10.0,11.0
10.0,003160#15,1.0,1.0,10.0,10.0,55.0
10.0,003160#17,1.0,1.0,10.0,10.0,43.0
10.0,003160#18,1.0,1.0,10.0,10.0,72.0
10.0,003160#19,1.0,1.0,10.0,10.0,26.0
10.0,003160#20,1.0,1.0,10.0,10.0,18.0
10.0,003160#21,1.0,1.0,10.0,10.0,46.0
10.0,003198#1,1.0,1.0,10.0,10.0,64.0
10.0,003198#4,1.0,1.0,10.0,10.0,42.0
10.0,003257#5,1.0,1.0,10.0,10.0,58.0
10.0,003262#0,1.0,1.0,9.0,10.0,28.0
10.0,003262#1,1.0,1.0,10.0,10.0,31.0
10.0,003262#4,1.0,1.0,10.0,10.0,27.0
10.0,003262#14,1.0,1.0,10.0,10.0,10.0
10.0,003262#16,1.0,1.0,9.0,10.0,10.0
10.0,003262#17,1.0,1.0,10.0,10.0,14.0
10.0,003262#21,1.0,1.0,10.0,10.0,16.0
10.0,003262#23,1.0,1.0,10.0,10.0,22.0
10.0,003262#24,1.0,1.0,10.0,10.0,18.0
10.0,003262#28,1.0,1.0,10.0,10.0,50.0
10.0,003262#29,1.0,1.0,5.0,10.0,7.0
10.0,003262#30,1.0,1.0,10.0,10.0,73.0
10.0,003273#1,1.0,1.0,10.0,10.0,73.0
10.0,003273#3,1.0,1.0,10.0,10.0,68.0
10.0,003273#4,1.0,1.0,10.0,10.0,45.0
10.0,003273#5,1.0,1.0,10.0,10.0,12.0
10.0,003273#6,1.0,1.0,10.0,10.0,87.0
10.0,003273#8,1.0,1.0,10.0,10.0,35.0
10.0,003273#9,1.0,1.0,10.0,10.0,19.0
10.0,003273#10,1.0,1.0,10.0,10.0,42.0
10.0,003273#11,1.0,1.0,10.0,10.0,17.0
10.0,003273#13,1.0,1.0,10.0,10.0,20.0
10.0,003288#0,1.0,1.0,10.0,10.0,74.0
10.0,003288#3,1.0,1.0,10.0,10.0,37.0
10.0,003288#4,1.0,1.0,10.0,10.0,27.0
10.0,003288#5,1.0,1.0,10.0,10.0,20.0
10.0,003288#6,1.0,1.0,10.0,10.0,20.0
10.0,003288#7,1.0,1.0,10.0,10.0,16.0
10.0,003288#8,1.0,1.0,10.0,10.0,14.0
10.0,003288#9,1.0,1.0,10.0,10.0,16.0
10.0,003288#10,1.0,1.0,10.0,10.0,18.0
10.0,003288#11,1.0,1.0,10.0,10.0,14.0
10.0,003288#12,1.0,1.0,10.0,10.0,27.0
10.0,003288#13,1.0,1.0,10.0,10.0,33.0
10.0,003288#14,1.0,1.0,9.0,10.0,13.0
10.0,003288#16,1.0,1.0,10.0,10.0,21.0
10.0,003288#18,1.0,1.0,10.0,10.0,69.0
10.0,003304#0,1.0,1.0,10.0,10.0,42.0
10.0,003304#1,1.0,1.0,10.0,10.0,36.0
10.0,003304#2,1.0,1.0,10.0,10.0,14.0
10.0,003304#3,1.0,1.0,10.0,10.0,48.0
10.0,003304#4,1.0,1.0,10.0,10.0,20.0
10.0,003304#8,1.0,1.0,10.0,10.0,25.0
10.0,003304#9,1.0,1.0,10.0,10.0,41.0
10.0,003304#11,1.0,1.0,10.0,10.0,42.0
10.0,003304#12,1.0,1.0,10.0,10.0,30.0
10.0,003304#13,1.0,1.0,10.0,10.0,13.0
10.0,003317#1,1.0,1.0,10.0,10.0,29.0
10.0,003317#2,1.0,1.0,8.0,10.0,26.0
10.0,003317#3,1.0,1.0,10.0,10.0,29.0
10.0,003317#5,1.0,1.0,10.0,10.0,50.0
10.0,003317#6,1.0,1.0,10.0,10.0,23.0
10.0,003317#7,1.0,1.0,10.0,10.0,27.0
10.0,003317#8,1.0,1.0,10.0,10.0,49.0
10.0,003317#9,1.0,1.0,10.0,10.0,30.0
10.0,003317#12,1.0,1.0,10.0,10.0,12.0
10.0,003317#14,1.0,1.0,8.0,10.0,55.0
10.0,003317#15,1.0,1.0,10.0,10.0,70.0
10.0,003317#16,1.0,1.0,10.0,10.0,43.0
10.0,003348#0,1.0,1.0,10.0,10.0,30.0
10.0,003353#0,1.0,1.0,10.0,10.0,14.0
10.0,003408#1,1.0,1.0,10.0,10.0,22.0
10.0,003411#0,1.0,1.0,10.0,10.0,41.0
10.0,003411#1,1.0,1.0,10.0,10.0,52.0
10.0,003411#2,1.0,1.0,10.0,10.0,57.0
10.0,003411#3,1.0,1.0,10.0,10.0,50.0
10.0,003419#0,1.0,1.0,10.0,10.0,84.0
10.0,003419#5,1.0,1.0,10.0,10.0,22.0
10.0,003419#13,1.0,1.0,9.0,10.0,24.0
10.0,003419#14,1.0,1.0,10.0,10.0,30.0
10.0,003419#17,1.0,1.0,10.0,10.0,30.0
10.0,003419#18,1.0,1.0,10.0,10.0,34.0
10.0,003419#19,1.0,1.0,10.0,10.0,18.0
10.0,003419#21,1.0,1.0,10.0,10.0,36.0
10.0,003425#5,1.0,1.0,10.0,10.0,17.0
10.0,003425#6,1.0,1.0,9.0,10.0,13.0
10.0,003425#7,1.0,1.0,10.0,10.0,11.0
10.0,003425#10,1.0,1.0,10.0,10.0,18.0
10.0,003425#12,1.0,1.0,10.0,10.0,44.0
10.0,003425#13,1.0,1.0,10.0,10.0,46.0
10.0,003460#0,1.0,1.0,10.0,10.0,26.0
10.0,003460#1,1.0,1.0,10.0,10.0,64.0
10.0,003460#3,1.0,1.0,10.0,10.0,80.0
10.0,003460#5,1.0,1.0,10.0,10.0,25.0
10.0,003460#6,1.0,1.0,10.0,10.0,73.0
10.0,003472#0,1.0,1.0,10.0,10.0,31.0
10.0,003472#1,1.0,1.0,10.0,10.0,68.0
10.0,003472#2,1.0,1.0,10.0,10.0,20.0
10.0,003472#3,1.0,1.0,10.0,10.0,71.0
10.0,003475#1,1.0,1.0,10.0,10.0,41.0
10.0,003475#2,1.0,1.0,10.0,10.0,22.0
10.0,003475#3,1.0,1.0,10.0,10.0,51.0
10.0,003475#5,1.0,1.0,10.0,10.0,46.0
10.0,003475#6,1.0,1.0,10.0,10.0,70.0
10.0,003475#10,1.0,1.0,10.0,10.0,21.0
10.0,003475#11,1.0,1.0,10.0,10.0,31.0
10.0,003487#0,1.0,1.0,10.0,10.0,53.0
10.0,003487#2,1.0,1.0,10.0,10.0,62.0
10.0,003489#0,1.0,1.0,10.0,10.0,24.0
10.0,003489#2,1.0,1.0,10.0,10.0,31.0
10.0,003489#3,1.0,1.0,10.0,10.0,55.0
10.0,003489#4,1.0,1.0,10.0,10.0,25.0
10.0,003489#5,1.0,1.0,10.0,10.0,35.0
10.0,003489#9,1.0,1.0,10.0,10.0,26.0
10.0,003489#14,1.0,1.0,10.0,10.0,37.0
10.0,003526#0,1.0,1.0,10.0,10.0,18.0
10.0,003526#3,1.0,1.0,10.0,10.0,13.0
10.0,003532#0,1.0,1.0,10.0,10.0,18.0
10.0,003532#1,1.0,1.0,10.0,10.0,42.0
10.0,003546#0,1.0,1.0,10.0,10.0,27.0
10.0,003546#1,1.0,1.0,10.0,10.0,28.0
10.0,003546#2,1.0,1.0,10.0,10.0,37.0
10.0,003592#0,1.0,1.0,10.0,10.0,23.0
10.0,003592#1,1.0,1.0,10.0,10.0,23.0
10.0,003592#2,1.0,1.0,10.0,10.0,31.0
10.0,003592#3,1.0,1.0,10.0,10.0,20.0
10.0,003595#3,1.0,1.0,10.0,10.0,27.0
10.0,003595#4,1.0,1.0,10.0,10.0,30.0
10.0,003595#5,1.0,1.0,10.0,10.0,21.0
10.0,003595#6,1.0,1.0,10.0,10.0,46.0
10.0,003603#3,1.0,1.0,10.0,10.0,32.0
10.0,003653#3,1.0,1.0,10.0,10.0,15.0
10.0,003653#5,1.0,1.0,10.0,10.0,20.0
10.0,003653#6,1.0,1.0,10.0,10.0,18.0
10.0,003653#7,1.0,1.0,10.0,10.0,14.0
10.0,003653#8,1.0,1.0,10.0,10.0,11.0
10.0,003653#9,1.0,1.0,10.0,10.0,12.0
10.0,003653#11,1.0,1.0,10.0,10.0,36.0
10.0,003653#12,1.0,1.0,10.0,10.0,51.0
10.0,003653#14,1.0,1.0,8.0,10.0,8.0
10.0,003653#16,1.0,1.0,9.0,10.0,9.0
10.0,003653#17,1.0,1.0,10.0,10.0,26.0
10.0,003653#18,1.0,1.0,8.0,10.0,8.0
10.0,003679#4,1.0,1.0,10.0,10.0,50.0
10.0,003679#5,1.0,1.0,10.0,10.0,27.0
10.0,003679#7,1.0,1.0,10.0,10.0,25.0
10.0,003679#8,1.0,1.0,10.0,10.0,32.0
10.0,003703#0,1.0,1.0,10.0,10.0,50.0
10.0,003739#0,1.0,1.0,10.0,10.0,30.0
10.0,003739#1,1.0,1.0,10.0,10.0,35.0
10.0,003739#2,1.0,1.0,10.0,10.0,17.0
10.0,003739#3,1.0,1.0,10.0,10.0,11.0
10.0,003739#5,1.0,1.0,10.0,10.0,16.0
10.0,003739#6,1.0,1.0,7.0,10.0,12.0
10.0,003739#7,1.0,1.0,10.0,10.0,26.0
10.0,003739#8,1.0,1.0,10.0,10.0,16.0
10.0,003757#0,1.0,1.0,10.0,10.0,76.0
10.0,003757#7,1.0,1.0,10.0,10.0,27.0
10.0,003757#8,1.0,1.0,9.0,10.0,10.0
10.0,003757#10,1.0,1.0,9.0,10.0,21.0
10.0,003757#14,1.0,1.0,10.0,10.0,13.0
10.0,003757#15,1.0,1.0,10.0,10.0,15.0
10.0,003757#16,1.0,1.0,8.0,10.0,11.0
10.0,003769#0,1.0,1.0,10.0,10.0,56.0
10.0,003838#0,1.0,1.0,10.0,10.0,72.0
10.0,003863#1,1.0,1.0,10.0,10.0,21.0
10.0,003863#3,1.0,1.0,10.0,10.0,17.0
10.0,003863#5,1.0,1.0,10.0,10.0,33.0
10.0,003863#7,1.0,1.0,10.0,10.0,24.0
10.0,003863#9,1.0,1.0,10.0,10.0,13.0
10.0,003863#10,1.0,1.0,10.0,10.0,12.0
10.0,003863#11,1.0,1.0,10.0,10.0,18.0
10.0,003895#2,1.0,1.0,10.0,10.0,55.0
10.0,003896#0,1.0,1.0,10.0,10.0,43.0
10.0,003896#1,1.0,1.0,10.0,10.0,19.0
10.0,003902#0,1.0,1.0,10.0,10.0,41.0
10.0,003902#1,1.0,1.0,10.0,10.0,15.0
10.0,003902#3,1.0,1.0,10.0,10.0,18.0
10.0,003902#4,1.0,1.0,10.0,10.0,30.0
10.0,003902#5,1.0,1.0,10.0,10.0,18.0
10.0,003902#6,1.0,1.0,10.0,10.0,41.0
10.0,003904#0,1.0,1.0,10.0,10.0,33.0
10.0,003904#1,1.0,1.0,10.0,10.0,19.0
10.0,003941#0,1.0,1.0,10.0,10.0,27.0
10.0,003941#1,1.0,1.0,10.0,10.0,17.0
10.0,003941#3,1.0,1.0,10.0,10.0,12.0
10.0,003941#5,1.0,1.0,10.0,10.0,25.0
10.0,003941#7,1.0,1.0,10.0,10.0,20.0
10.0,003941#8,1.0,1.0,10.0,10.0,26.0
10.0,003941#10,1.0,1.0,10.0,10.0,17.0
10.0,003941#11,1.0,1.0,10.0,10.0,26.0
10.0,003941#12,1.0,1.0,10.0,10.0,17.0
10.0,003941#13,1.0,1.0,10.0,10.0,20.0
10.0,003941#14,1.0,1.0,10.0,10.0,18.0
10.0,003941#15,1.0,1.0,10.0,10.0,22.0
10.0,003941#16,1.0,1.0,10.0,10.0,69.0
10.0,003941#20,1.0,1.0,8.0,10.0,10.0
10.0,003941#21,1.0,1.0,10.0,10.0,25.0
10.0,003941#22,1.0,1.0,10.0,10.0,13.0
10.0,003941#24,1.0,1.0,10.0,10.0,37.0
10.0,003941#25,1.0,1.0,10.0,10.0,18.0
10.0,003941#26,1.0,1.0,10.0,10.0,21.0
10.0,003941#27,1.0,1.0,10.0,10.0,18.0
10.0,003941#29,1.0,1.0,10.0,10.0,17.0
10.0,003941#30,1.0,1.0,10.0,10.0,34.0
10.0,003982#5,1.0,1.0,10.0,10.0,26.0
10.0,003982#6,1.0,1.0,10.0,10.0,15.0
10.0,003982#8,1.0,1.0,10.0,10.0,13.0
10.0,003982#11,1.0,1.0,10.0,10.0,19.0
10.0,003982#14,1.0,1.0,10.0,10.0,29.0
10.0,003982#19,1.0,1.0,6.0,10.0,9.0
10.0,003982#20,1.0,1.0,6.0,10.0,10.0
10.0,003982#23,1.0,1.0,10.0,10.0,25.0
10.0,003982#24,1.0,1.0,10.0,10.0,10.0
10.0,003982#30,1.0,1.0,10.0,10.0,12.0
10.0,003982#32,1.0,1.0,8.0,10.0,14.0
10.0,003982#34,1.0,1.0,10.0,10.0,11.0
10.0,003982#36,1.0,1.0,10.0,10.0,46.0
10.0,003982#41,1.0,1.0,10.0,10.0,10.0
10.0,003982#42,1.0,1.0,10.0,10.0,11.0
10.0,003982#43,1.0,1.0,10.0,10.0,13.0
10.0,003982#47,1.0,1.0,10.0,10.0,57.0
10.0,003982#48,1.0,1.0,10.0,10.0,16.0
10.0,003982#49,1.0,1.0,10.0,10.0,69.0
10.0,003982#50,1.0,1.0,10.0,10.0,34.0
10.0,003982#53,1.0,1.0,7.0,10.0,10.0
10.0,003982#57,1.0,1.0,10.0,10.0,18.0
10.0,003982#58,1.0,1.0,10.0,10.0,18.0
10.0,003982#60,1.0,1.0,10.0,10.0,16.0
10.0,003982#61,1.0,1.0,10.0,10.0,15.0
10.0,003982#62,1.0,1.0,10.0,10.0,17.0
10.0,003987#5,1.0,1.0,10.0,10.0,32.0
10.0,003987#6,1.0,1.0,10.0,10.0,28.0
10.0,003987#10,1.0,1.0,10.0,10.0,66.0
10.0,003987#11,1.0,1.0,10.0,10.0,71.0
10.0,003987#15,1.0,1.0,10.0,10.0,33.0
10.0,003987#16,1.0,1.0,10.0,10.0,42.0
10.0,003987#23,1.0,1.0,9.0,10.0,11.0
10.0,003987#27,1.0,1.0,10.0,10.0,11.0
10.0,003987#35,1.0,1.0,10.0,10.0,26.0
10.0,003987#38,1.0,1.0,10.0,10.0,19.0
10.0,003987#39,1.0,1.0,10.0,10.0,17.0
10.0,003987#40,1.0,1.0,10.0,10.0,16.0
10.0,003987#41,1.0,1.0,10.0,10.0,13.0
10.0,003987#43,1.0,1.0,10.0,10.0,10.0
10.0,003987#46,1.0,1.0,8.0,10.0,8.0
10.0,003987#47,1.0,1.0,10.0,10.0,15.0
10.0,003987#49,1.0,1.0,10.0,10.0,12.0
10.0,003987#50,1.0,1.0,10.0,10.0,15.0
10.0,003987#51,1.0,1.0,10.0,10.0,15.0
10.0,003987#52,1.0,1.0,10.0,10.0,10.0
10.0,003987#53,1.0,1.0,10.0,10.0,19.0
10.0,003987#55,1.0,1.0,10.0,10.0,31.0
10.0,hehe_173_000002_024_00000105#2,0.0,1.0,0.0,10.0,11.0
10.0,hehe_173_000002_024_00000105#4,1.0,1.0,6.0,10.0,11.0
10.0,hehe_173_000002_024_00000105#6,1.0,1.0,11.0,10.0,23.0
10.0,hehe_173_000002_024_00000105#7,1.0,1.0,10.0,10.0,15.0
10.0,hehe_173_000002_024_00000105#9,1.0,1.0,10.0,10.0,31.0
10.0,hehe_173_000002_024_00000105#10,1.0,1.0,10.0,10.0,25.0
10.0,hehe_173_000002_024_00000105#11,1.0,1.0,10.0,10.0,11.0
10.0,hehe_173_000002_024_00000105#13,1.0,1.0,10.0,10.0,31.0
10.0,hehe_173_000002_024_00000105#15,1.0,1.0,10.0,10.0,76.0
10.0,hehe_186_000002_028_00000050#1,1.0,1.0,10.0,10.0,77.0
10.0,hehe_22_00000004#0,1.0,1.0,10.0,10.0,29.0
10.0,hehe_22_00000004#2,1.0,1.0,10.0,10.0,23.0
10.0,hehe_22_00000004#4,1.0,1.0,10.0,10.0,69.0
10.0,hehe_22_00000004#6,1.0,1.0,10.0,10.0,57.0
10.0,hehe_22_00000004#7,1.0,1.0,10.0,10.0,70.0
10.0,hehe_22_00000004#9,1.0,1.0,8.0,10.0,11.0
10.0,hehe_230_000002_043_00000061#1,1.0,1.0,10.0,10.0,69.0
10.0,hehe_230_000002_043_00000061#6,1.0,1.0,10.0,10.0,62.0
10.0,hehe_230_000002_043_00000061#7,1.0,1.0,10.0,10.0,58.0
10.0,hehe_230_000002_043_00000061#10,1.0,1.0,10.0,10.0,31.0
10.0,hehe_230_000002_043_00000061#11,1.0,1.0,10.0,10.0,37.0
10.0,hehe_230_000002_043_00000061#13,1.0,1.0,10.0,10.0,19.0
10.0,hehe_230_000002_043_00000061#14,1.0,1.0,8.0,10.0,12.0
10.0,hehe_232_000002_043_00000181#0,1.0,1.0,8.0,10.0,8.0
10.0,hehe_232_000002_043_00000181#1,1.0,1.0,10.0,10.0,22.0
10.0,hehe_232_000002_043_00000181#2,1.0,1.0,10.0,10.0,57.0
10.0,hehe_232_000002_043_00000181#3,1.0,1.0,10.0,10.0,36.0
10.0,hehe_232_000002_043_00000181#8,1.0,1.0,10.0,10.0,57.0
10.0,hehe_274_000002_060_00000105#1,1.0,1.0,10.0,10.0,67.0
10.0,hehe_274_000002_060_00000105#5,1.0,1.0,10.0,10.0,28.0
10.0,hehe_274_000002_060_00000105#6,1.0,1.0,10.0,10.0,11.0
10.0,hehe_40_00000033#1,1.0,1.0,10.0,10.0,26.0
10.0,hehe_40_00000033#2,1.0,1.0,7.0,10.0,46.0
10.0,hehe_40_00000033#3,1.0,1.0,4.0,10.0,40.0
10.0,hehe_40_00000033#5,1.0,1.0,10.0,10.0,40.0
10.0,hehe_45_00000001#2,1.0,1.0,10.0,10.0,42.0
10.0,hehe_45_00000001#4,1.0,1.0,10.0,10.0,28.0
10.0,hehe_45_00000001#5,1.0,1.0,10.0,10.0,49.0
10.0,hehe_45_00000001#6,1.0,1.0,10.0,10.0,40.0
10.0,hehe_45_00000001#7,1.0,1.0,10.0,10.0,60.0
10.0,hehe_45_00000001#8,1.0,1.0,10.0,10.0,34.0
10.0,hehe_45_00000001#9,1.0,1.0,10.0,10.0,46.0
10.0,hehe_52_00000107#0,1.0,1.0,10.0,10.0,19.0
10.0,hehe_52_00000107#1,1.0,1.0,8.0,10.0,8.0
10.0,hehe_61_00000090#2,1.0,1.0,10.0,10.0,76.0
10.0,hehe_61_00000090#3,1.0,1.0,10.0,10.0,39.0
10.0,hehe_61_00000090#4,1.0,1.0,10.0,10.0,20.0
10.0,hehe_61_00000090#9,1.0,1.0,10.0,10.0,64.0
10.0,hehe_61_00000090#10,1.0,1.0,10.0,10.0,50.0
10.0,hehe_61_00000090#11,1.0,1.0,10.0,10.0,84.0
10.0,hehe_65_00000229#2,1.0,1.0,10.0,10.0,59.0
10.0,hehe_65_00000229#3,1.0,1.0,10.0,10.0,32.0
10.0,hehe_65_00000229#4,1.0,1.0,10.0,10.0,30.0
10.0,hehe_65_00000229#6,1.0,1.0,10.0,10.0,16.0
10.0,hehe_65_00000229#7,1.0,1.0,9.0,10.0,21.0
10.0,hehe_6_00000054#0,1.0,1.0,10.0,10.0,12.0
10.0,hehe_6_00000054#2,1.0,1.0,10.0,10.0,35.0
10.0,hehe_6_00000054#3,1.0,1.0,10.0,10.0,32.0
10.0,hehe_6_00000054#4,1.0,1.0,10.0,10.0,27.0
10.0,hehe_6_00000054#6,1.0,1.0,10.0,10.0,76.0
10.0,hehe_6_00000054#13,1.0,1.0,9.0,10.0,74.0
10.0,hehe_6_00000054#16,1.0,1.0,10.0,10.0,32.0
10.0,hehe_6_00000054#17,1.0,1.0,10.0,10.0,38.0
10.0,hehe_86_00000253#0,1.0,1.0,10.0,10.0,45.0
10.0,hehe_86_00000253#3,1.0,1.0,10.0,10.0,58.0
10.0,hehe_87_00000315#1,1.0,1.0,10.0,10.0,39.0
10.0,hehe_87_00000315#2,1.0,1.0,10.0,10.0,40.0
10.0,hehe_87_00000315#3,1.0,1.0,10.0,10.0,33.0
10.0,hehe_87_00000315#4,1.0,1.0,10.0,10.0,20.0
10.0,hehe_87_00000315#5,1.0,1.0,10.0,10.0,30.0
10.0,hehe_87_00000315#6,1.0,1.0,10.0,10.0,14.0
10.0,shuming_1007_00000230#0,1.0,1.0,10.0,10.0,38.0
10.0,shuming_1007_00000230#3,1.0,1.0,10.0,10.0,43.0
10.0,shuming_1007_00000230#4,1.0,1.0,9.0,10.0,36.0
10.0,shuming_1007_00000230#5,1.0,1.0,10.0,10.0,46.0
10.0,shuming_1007_00000230#7,1.0,1.0,10.0,10.0,63.0
10.0,shuming_1007_00000230#10,1.0,1.0,10.0,10.0,62.0
10.0,shuming_1007_00000230#11,1.0,1.0,10.0,10.0,39.0
10.0,shuming_1007_00000230#12,1.0,1.0,10.0,10.0,34.0
10.0,shuming_1007_00000230#13,1.0,1.0,10.0,10.0,10.0
10.0,shuming_1007_00000230#14,1.0,1.0,6.0,10.0,7.0
10.0,shuming_1007_00000230#15,1.0,1.0,10.0,10.0,79.0
10.0,shuming_1007_00000230#16,1.0,1.0,10.0,10.0,47.0
10.0,shuming_1007_00000230#17,1.0,1.0,10.0,10.0,19.0
10.0,shuming_1007_00000230#18,1.0,1.0,10.0,10.0,13.0
10.0,shuming_1007_00000230#20,1.0,1.0,10.0,10.0,20.0
10.0,shuming_1007_00000230#21,1.0,1.0,10.0,10.0,69.0
10.0,shuming_1007_00000230#22,1.0,1.0,10.0,10.0,27.0
10.0,shuming_1007_00000230#23,1.0,1.0,10.0,10.0,22.0
10.0,shuming_1013_00000065#0,1.0,1.0,10.0,10.0,87.0
10.0,shuming_1013_00000065#1,1.0,1.0,10.0,10.0,41.0
10.0,shuming_1013_00000065#3,1.0,1.0,10.0,10.0,26.0
10.0,shuming_1028_00000411#3,1.0,1.0,10.0,10.0,55.0
10.0,shuming_1028_00000411#4,1.0,1.0,10.0,10.0,10.0
10.0,shuming_1028_00000411#5,1.0,1.0,10.0,10.0,15.0
10.0,shuming_1064_00000087#0,1.0,1.0,10.0,10.0,34.0
10.0,shuming_1064_00000087#1,1.0,1.0,10.0,10.0,55.0
10.0,shuming_1064_00000087#2,1.0,1.0,10.0,10.0,56.0
10.0,shuming_1064_00000087#3,1.0,1.0,10.0,10.0,72.0
10.0,shuming_1064_00000087#4,1.0,1.0,10.0,10.0,69.0
10.0,shuming_1064_00000087#6,1.0,1.0,10.0,10.0,26.0
10.0,shuming_1064_00000087#7,1.0,1.0,10.0,10.0,54.0
10.0,shuming_1064_00000087#8,1.0,1.0,10.0,10.0,86.0
10.0,shuming_1076_00000257#1,1.0,1.0,10.0,10.0,31.0
10.0,shuming_1076_00000257#2,1.0,1.0,10.0,10.0,29.0
10.0,shuming_1076_00000257#3,1.0,1.0,10.0,10.0,20.0
10.0,shuming_1076_00000257#4,1.0,1.0,10.0,10.0,19.0
10.0,shuming_1076_00000257#5,1.0,1.0,10.0,10.0,23.0
10.0,shuming_1079_00000233#3,1.0,1.0,10.0,10.0,18.0
10.0,shuming_1079_00000233#4,1.0,1.0,10.0,10.0,12.0
10.0,shuming_1079_00000233#6,1.0,1.0,10.0,10.0,35.0
10.0,shuming_1080_00000016#0,1.0,1.0,10.0,10.0,72.0
10.0,shuming_1080_00000016#4,1.0,1.0,10.0,10.0,10.0
10.0,shuming_1132_00000385#2,1.0,1.0,10.0,10.0,29.0
10.0,shuming_1132_00000385#3,1.0,1.0,9.0,10.0,32.0
10.0,shuming_1132_00000385#4,1.0,1.0,10.0,10.0,25.0
10.0,shuming_1135_00000213#0,1.0,1.0,10.0,10.0,76.0
10.0,shuming_1148_00000041#0,1.0,1.0,10.0,10.0,74.0
10.0,shuming_1157_00000010#0,1.0,1.0,10.0,10.0,72.0
10.0,shuming_1157_00000010#1,1.0,1.0,10.0,10.0,32.0
10.0,shuming_1157_00000010#2,1.0,1.0,10.0,10.0,18.0
10.0,shuming_1180_00000231#3,1.0,1.0,10.0,10.0,49.0
10.0,shuming_24_00000001#0,1.0,1.0,10.0,10.0,40.0
10.0,shuming_24_00000001#1,1.0,1.0,10.0,10.0,62.0
10.0,shuming_340_00000020#1,1.0,1.0,10.0,10.0,21.0
10.0,shuming_340_00000020#19,1.0,1.0,10.0,10.0,11.0
10.0,shuming_340_00000020#22,1.0,1.0,7.0,10.0,7.0
10.0,shuming_340_00000020#23,1.0,1.0,10.0,10.0,12.0
10.0,shuming_340_00000020#26,1.0,1.0,9.0,10.0,9.0
10.0,shuming_340_00000020#30,1.0,1.0,9.0,10.0,9.0
10.0,shuming_340_00000020#31,1.0,1.0,10.0,10.0,12.0
10.0,shuming_340_00000020#38,1.0,1.0,10.0,10.0,10.0
10.0,shuming_35_00000199#0,1.0,1.0,10.0,10.0,73.0
10.0,shuming_35_00000199#3,1.0,1.0,10.0,10.0,36.0
10.0,shuming_35_00000199#4,1.0,1.0,10.0,10.0,26.0
10.0,shuming_35_00000199#5,1.0,1.0,5.0,10.0,87.0
10.0,shuming_35_00000199#6,1.0,1.0,10.0,10.0,18.0
10.0,shuming_35_00000199#8,1.0,1.0,10.0,10.0,14.0
10.0,shuming_35_00000199#9,1.0,1.0,8.0,10.0,8.0
10.0,shuming_35_00000199#11,1.0,1.0,10.0,10.0,39.0
10.0,shuming_410_00000037#0,1.0,1.0,6.0,10.0,7.0
10.0,shuming_410_00000037#9,1.0,1.0,10.0,10.0,45.0
10.0,shuming_461_00000082#0,1.0,1.0,10.0,10.0,53.0
10.0,shuming_461_00000082#2,1.0,1.0,10.0,10.0,42.0
10.0,shuming_461_00000082#3,1.0,1.0,10.0,10.0,31.0
10.0,shuming_461_00000082#4,1.0,1.0,10.0,10.0,14.0
10.0,shuming_461_00000082#5,1.0,1.0,10.0,10.0,11.0
10.0,shuming_465_00000030#0,1.0,1.0,10.0,10.0,10.0
10.0,shuming_465_00000030#2,1.0,1.0,10.0,10.0,56.0
10.0,shuming_465_00000030#3,1.0,1.0,10.0,10.0,15.0
10.0,shuming_470_00000057#3,1.0,1.0,10.0,10.0,43.0
10.0,shuming_470_00000057#4,1.0,1.0,10.0,10.0,23.0
10.0,shuming_482_00000018#3,1.0,1.0,10.0,10.0,53.0
10.0,shuming_482_00000018#4,1.0,1.0,10.0,10.0,44.0
10.0,shuming_482_00000018#5,1.0,1.0,10.0,10.0,62.0
10.0,shuming_485_00000027#3,1.0,1.0,10.0,10.0,16.0
10.0,shuming_485_00000027#4,1.0,1.0,10.0,10.0,52.0
10.0,shuming_503_00000052#0,1.0,1.0,10.0,10.0,32.0
10.0,shuming_503_00000052#1,1.0,1.0,10.0,10.0,26.0
10.0,shuming_562_00000223#2,1.0,1.0,10.0,10.0,76.0
10.0,shuming_571_00000215#0,1.0,1.0,10.0,10.0,56.0
10.0,shuming_571_00000215#1,1.0,1.0,10.0,10.0,46.0
10.0,shuming_574_00000017#0,1.0,1.0,10.0,10.0,63.0
10.0,shuming_608_00000031#1,1.0,1.0,10.0,10.0,19.0
10.0,shuming_608_00000031#2,1.0,1.0,10.0,10.0,30.0
10.0,shuming_608_00000031#3,1.0,1.0,10.0,10.0,35.0
10.0,shuming_608_00000031#4,1.0,1.0,10.0,10.0,11.0
10.0,shuming_610_00000148#0,1.0,1.0,10.0,10.0,50.0
10.0,shuming_63_00000393#3,1.0,1.0,10.0,10.0,15.0
10.0,shuming_63_00000393#4,1.0,1.0,10.0,10.0,17.0
10.0,shuming_63_00000393#5,1.0,1.0,8.0,10.0,9.0
10.0,shuming_63_00000393#6,1.0,1.0,10.0,10.0,23.0
10.0,shuming_63_00000393#7,1.0,1.0,10.0,10.0,21.0
10.0,shuming_63_00000393#8,1.0,1.0,10.0,10.0,23.0
10.0,shuming_63_00000393#9,1.0,1.0,10.0,10.0,20.0
10.0,shuming_663_00000328#2,1.0,1.0,10.0,10.0,50.0
10.0,shuming_663_00000328#3,1.0,1.0,10.0,10.0,40.0
10.0,shuming_67_00000001#1,1.0,1.0,10.0,10.0,55.0
10.0,shuming_67_00000001#2,1.0,1.0,10.0,10.0,18.0
10.0,shuming_698_00000001#0,1.0,1.0,10.0,10.0,11.0
10.0,shuming_698_00000001#1,1.0,1.0,6.0,10.0,13.0
10.0,shuming_698_00000001#2,1.0,1.0,10.0,10.0,17.0
10.0,shuming_698_00000001#3,1.0,1.0,10.0,10.0,20.0
10.0,shuming_698_00000001#4,1.0,1.0,10.0,10.0,15.0
10.0,shuming_698_00000001#5,1.0,1.0,10.0,10.0,14.0
10.0,shuming_698_00000001#7,1.0,1.0,10.0,10.0,26.0
10.0,shuming_698_00000001#8,1.0,1.0,10.0,10.0,17.0
10.0,shuming_698_00000001#9,1.0,1.0,10.0,10.0,14.0
10.0,shuming_698_00000001#10,1.0,1.0,10.0,10.0,13.0
10.0,shuming_698_00000001#11,1.0,1.0,10.0,10.0,13.0
10.0,shuming_698_00000001#12,1.0,1.0,10.0,10.0,15.0
10.0,shuming_698_00000001#13,1.0,1.0,10.0,10.0,14.0
10.0,shuming_698_00000001#14,1.0,1.0,10.0,10.0,12.0
10.0,shuming_698_00000001#15,1.0,1.0,10.0,10.0,15.0
10.0,shuming_698_00000001#16,1.0,1.0,10.0,10.0,15.0
10.0,shuming_698_00000001#17,1.0,1.0,10.0,10.0,23.0
10.0,shuming_698_00000001#18,1.0,1.0,10.0,10.0,18.0
10.0,shuming_698_00000001#19,1.0,1.0,10.0,10.0,19.0
10.0,shuming_698_00000001#20,1.0,1.0,10.0,10.0,22.0
10.0,shuming_698_00000001#21,1.0,1.0,10.0,10.0,24.0
10.0,shuming_698_00000001#22,1.0,1.0,10.0,10.0,18.0
10.0,shuming_698_00000001#23,1.0,1.0,10.0,10.0,35.0
10.0,shuming_698_00000001#25,1.0,1.0,10.0,10.0,64.0
10.0,shuming_706_00000375#0,1.0,1.0,8.0,10.0,41.0
10.0,shuming_706_00000375#2,1.0,1.0,10.0,10.0,32.0
10.0,shuming_706_00000375#3,1.0,1.0,10.0,10.0,17.0
10.0,shuming_706_00000375#4,1.0,1.0,10.0,10.0,52.0
10.0,shuming_72_00000270#19,1.0,1.0,10.0,10.0,54.0
10.0,shuming_72_00000270#20,1.0,1.0,10.0,10.0,22.0
10.0,shuming_72_00000270#22,1.0,1.0,10.0,10.0,48.0
10.0,shuming_72_00000270#24,1.0,1.0,10.0,10.0,20.0
10.0,shuming_731_00000492#0,1.0,1.0,10.0,10.0,32.0
10.0,shuming_731_00000492#1,1.0,1.0,10.0,10.0,26.0
10.0,shuming_731_00000492#3,1.0,1.0,10.0,10.0,60.0
10.0,shuming_731_00000492#5,1.0,1.0,10.0,10.0,69.0
10.0,shuming_753_00000172#0,1.0,1.0,10.0,10.0,12.0
10.0,shuming_758_00000371#0,1.0,1.0,10.0,10.0,52.0
10.0,shuming_763_00000009#2,1.0,1.0,10.0,10.0,15.0
10.0,shuming_774_00000273#3,1.0,1.0,10.0,10.0,63.0
10.0,shuming_774_00000273#5,1.0,1.0,10.0,10.0,31.0
10.0,shuming_779_00000254#1,1.0,1.0,10.0,10.0,63.0
10.0,shuming_779_00000254#5,1.0,1.0,10.0,10.0,80.0
10.0,shuming_783_00000248#0,1.0,1.0,10.0,10.0,81.0
10.0,shuming_783_00000248#2,1.0,1.0,10.0,10.0,66.0
10.0,shuming_793_00000117#2,1.0,1.0,10.0,10.0,31.0
10.0,shuming_825_00000172#1,1.0,1.0,10.0,10.0,13.0
10.0,shuming_825_00000172#2,1.0,1.0,7.0,10.0,7.0
10.0,shuming_825_00000172#3,1.0,1.0,10.0,10.0,16.0
10.0,shuming_826_00000213#1,1.0,1.0,10.0,10.0,14.0
10.0,shuming_826_00000213#2,1.0,1.0,10.0,10.0,18.0
10.0,shuming_826_00000213#3,1.0,1.0,9.0,10.0,9.0
10.0,shuming_85_00000273#4,1.0,1.0,10.0,10.0,11.0
10.0,shuming_987_00000275#1,1.0,1.0,10.0,10.0,41.0
10.0,shuming_987_00000275#2,1.0,1.0,10.0,10.0,23.0
10.0,shuming_987_00000275#3,1.0,1.0,10.0,10.0,19.0
10.0,shuming_987_00000275#4,1.0,1.0,10.0,10.0,21.0
10.0,shuming_987_00000275#5,1.0,1.0,10.0,10.0,10.0
15.0,00000045#1,1.0,1.0,10.0,10.0,242.0
15.0,00000045#2,1.0,1.0,10.0,10.0,88.0
15.0,00000045#3,1.0,1.0,10.0,10.0,105.0
15.0,00000045#6,1.0,1.0,10.0,10.0,286.0
15.0,00000045#7,1.0,1.0,10.0,10.0,279.0
15.0,00000057#1,1.0,1.0,10.0,10.0,225.0
15.0,00000057#2,1.0,1.0,10.0,10.0,88.0
15.0,00000057#3,1.0,1.0,10.0,10.0,111.0
15.0,00000057#5,1.0,1.0,10.0,10.0,133.0
15.0,00000063#1,1.0,1.0,10.0,10.0,279.0
15.0,00000063#2,1.0,1.0,10.0,10.0,90.0
15.0,00000063#3,1.0,1.0,10.0,10.0,107.0
15.0,00000063#5,1.0,1.0,10.0,10.0,208.0
15.0,00000095#1,1.0,1.0,10.0,10.0,279.0
15.0,00000095#2,1.0,1.0,10.0,10.0,114.0
15.0,00000095#3,1.0,1.0,10.0,10.0,105.0
15.0,00000106#1,1.0,1.0,10.0,10.0,245.0
15.0,00000106#2,1.0,1.0,10.0,10.0,135.0
15.0,00000106#3,1.0,1.0,10.0,10.0,122.0
15.0,00000106#5,1.0,1.0,10.0,10.0,157.0
15.0,00000123#1,1.0,1.0,10.0,10.0,196.0
15.0,00000123#2,1.0,1.0,10.0,10.0,87.0
15.0,00000123#3,1.0,1.0,10.0,10.0,190.0
15.0,00000123#5,1.0,1.0,10.0,10.0,108.0
15.0,00000171#0,1.0,1.0,10.0,10.0,120.0
15.0,00000180#0,1.0,1.0,10.0,10.0,136.0
15.0,00000234#1,1.0,1.0,10.0,10.0,108.0
15.0,00000257#0,1.0,1.0,10.0,10.0,93.0
15.0,00000271#0,1.0,1.0,10.0,10.0,118.0
15.0,00000271#1,1.0,1.0,10.0,10.0,132.0
15.0,00000273#0,1.0,1.0,10.0,10.0,84.0
15.0,00000273#1,1.0,1.0,10.0,10.0,99.0
15.0,000002_080_00000048#0,1.0,1.0,10.0,10.0,69.0
15.0,000002_083_00000169#0,1.0,1.0,10.0,10.0,14.0
15.0,000002_083_00000169#1,1.0,1.0,10.0,10.0,26.0
15.0,000002_083_00000169#2,1.0,1.0,10.0,10.0,36.0
15.0,00000346#0,1.0,1.0,10.0,10.0,381.0
15.0,00000364#0,1.0,1.0,10.0,10.0,210.0
15.0,00000396#0,1.0,1.0,10.0,10.0,111.0
15.0,00000399#0,1.0,1.0,10.0,10.0,82.0
15.0,000003_081_00000171#10,1.0,1.0,10.0,10.0,76.0
15.0,000003_081_00000171#11,1.0,1.0,10.0,10.0,82.0
15.0,00000426#0,1.0,1.0,10.0,10.0,653.0
15.0,00000506#0,1.0,1.0,10.0,10.0,117.0
15.0,000005_004_00000286#4,1.0,1.0,10.0,10.0,62.0
15.0,000005_006_00000001#1,1.0,1.0,10.0,10.0,68.0
15.0,000005_006_00000001#2,1.0,1.0,10.0,10.0,25.0
15.0,000005_019_00000209#0,1.0,1.0,10.0,10.0,43.0
15.0,000005_019_00000209#1,1.0,1.0,10.0,10.0,31.0
15.0,000005_019_00000209#2,1.0,1.0,10.0,10.0,59.0
15.0,000005_027_00000493#1,1.0,1.0,10.0,10.0,34.0
15.0,000005_027_00000493#2,1.0,1.0,10.0,10.0,38.0
15.0,000005_027_00000493#3,1.0,1.0,10.0,10.0,49.0
15.0,000005_027_00000493#4,1.0,1.0,10.0,10.0,21.0
15.0,000005_027_00000493#5,1.0,1.0,10.0,10.0,25.0
15.0,000005_027_00000493#6,1.0,1.0,10.0,10.0,20.0
15.0,000005_027_00000493#7,1.0,1.0,10.0,10.0,26.0
15.0,000005_027_00000493#8,1.0,1.0,10.0,10.0,74.0
15.0,000005_028_00000001#2,1.0,1.0,10.0,10.0,77.0
15.0,000005_028_00000163#2,1.0,1.0,10.0,10.0,31.0
15.0,00000618#2,1.0,1.0,10.0,10.0,101.0
15.0,000006_010_00000389#4,1.0,1.0,10.0,10.0,58.0
15.0,000006_011_00000307#3,1.0,1.0,10.0,10.0,25.0
15.0,000006_011_00000409#8,1.0,1.0,10.0,10.0,40.0
15.0,000006_011_00000409#10,1.0,1.0,10.0,10.0,54.0
15.0,000006_012_00000001#3,1.0,1.0,10.0,10.0,38.0
15.0,000006_012_00000001#6,1.0,1.0,10.0,10.0,63.0
15.0,000006_012_00000001#11,1.0,1.0,10.0,10.0,69.0
15.0,000006_012_00000001#12,1.0,1.0,10.0,10.0,33.0
15.0,000008_003_00000235#1,1.0,1.0,10.0,10.0,76.0
15.0,000008_003_00000235#2,1.0,1.0,10.0,10.0,59.0
15.0,000008_003_00000235#3,1.0,1.0,10.0,10.0,81.0
15.0,000008_003_00000235#4,1.0,1.0,10.0,10.0,66.0
15.0,000008_003_00000235#5,1.0,1.0,10.0,10.0,68.0
15.0,000008_003_00000235#10,1.0,1.0,10.0,10.0,68.0
15.0,000008_003_00000235#11,1.0,1.0,10.0,10.0,16.0
15.0,000008_003_00000352#1,1.0,1.0,10.0,10.0,66.0
15.0,000008_003_00000352#3,1.0,1.0,10.0,10.0,80.0
15.0,000008_003_00000352#5,1.0,1.0,10.0,10.0,74.0
15.0,000008_003_00000352#7,1.0,1.0,10.0,10.0,75.0
15.0,000008_003_00000352#8,1.0,1.0,10.0,10.0,75.0
15.0,000008_003_00000352#9,1.0,1.0,10.0,10.0,76.0
15.0,000008_003_00000352#10,1.0,1.0,10.0,10.0,64.0
15.0,000008_003_00000352#12,1.0,1.0,10.0,10.0,74.0
15.0,000008_003_00000352#13,1.0,1.0,10.0,10.0,16.0
15.0,000008_003_00000469#0,1.0,1.0,10.0,10.0,85.0
15.0,000008_003_00000469#1,1.0,1.0,10.0,10.0,70.0
15.0,000008_003_00000469#2,1.0,1.0,10.0,10.0,67.0
15.0,000008_003_00000469#3,1.0,1.0,10.0,10.0,78.0
15.0,000008_003_00000469#4,1.0,1.0,10.0,10.0,85.0
15.0,000008_003_00000469#6,1.0,1.0,10.0,10.0,89.0
15.0,000008_003_00000469#9,1.0,1.0,10.0,10.0,31.0
15.0,000008_003_00000469#10,1.0,1.0,10.0,10.0,18.0
15.0,000008_004_00000665#2,1.0,1.0,10.0,10.0,34.0
15.0,000008_004_00000665#4,1.0,1.0,10.0,10.0,39.0
15.0,000008_004_00000665#11,1.0,1.0,10.0,10.0,52.0
15.0,000008_004_00000665#12,1.0,1.0,10.0,10.0,63.0
15.0,000008_004_00000665#13,1.0,1.0,10.0,10.0,37.0
15.0,000008_013_00000195#1,1.0,1.0,10.0,10.0,66.0
15.0,000008_013_00000195#2,1.0,1.0,10.0,10.0,60.0
15.0,000008_042_00000273#1,1.0,1.0,10.0,10.0,40.0
15.0,000008_045_00000001#0,1.0,1.0,10.0,10.0,48.0
15.0,000008_045_00000001#2,1.0,1.0,10.0,10.0,70.0
15.0,000008_045_00000001#3,1.0,1.0,10.0,10.0,14.0
15.0,000008_045_00000157#0,1.0,1.0,10.0,10.0,80.0
15.0,000008_045_00000157#4,1.0,1.0,10.0,10.0,17.0
15.0,000008_048_00000361#3,1.0,1.0,10.0,10.0,42.0
15.0,000008_048_00000361#4,1.0,1.0,9.0,10.0,36.0
15.0,000008_048_00000361#5,1.0,1.0,8.0,10.0,29.0
15.0,000009_008_00000241#3,1.0,1.0,10.0,10.0,78.0
15.0,000009_008_00000241#5,1.0,1.0,10.0,10.0,69.0
15.0,000009_008_00000241#6,1.0,1.0,10.0,10.0,29.0
15.0,000009_008_00000241#7,1.0,1.0,10.0,10.0,76.0
15.0,000009_008_00000241#9,1.0,1.0,10.0,10.0,84.0
15.0,000009_033_00000333#1,1.0,1.0,10.0,10.0,16.0
15.0,000009_033_00000333#2,1.0,1.0,10.0,10.0,38.0
15.0,000009_033_00000333#3,1.0,1.0,10.0,10.0,38.0
15.0,000009_033_00000333#4,1.0,1.0,10.0,10.0,36.0
15.0,000009_033_00000333#6,1.0,1.0,10.0,10.0,51.0
15.0,000012_008_00000163#3,1.0,1.0,10.0,10.0,67.0
15.0,000012_008_00000163#4,1.0,1.0,10.0,10.0,55.0
15.0,000012_008_00000163#5,1.0,1.0,10.0,10.0,48.0
15.0,000012_008_00000163#6,1.0,1.0,10.0,10.0,60.0
15.0,000012_008_00000163#8,1.0,1.0,10.0,10.0,74.0
15.0,000012_008_00000163#10,1.0,1.0,10.0,10.0,17.0
15.0,000012_008_00000163#11,1.0,1.0,10.0,10.0,26.0
15.0,000012_008_00000163#12,1.0,1.0,10.0,10.0,27.0
15.0,000012_008_00000163#13,1.0,1.0,10.0,10.0,15.0
15.0,000012_008_00000163#14,1.0,1.0,10.0,10.0,11.0
15.0,000012_009_00000244#1,1.0,1.0,10.0,10.0,71.0
15.0,000012_009_00000244#3,1.0,1.0,10.0,10.0,68.0
15.0,000012_009_00000244#4,1.0,1.0,10.0,10.0,40.0
15.0,000012_009_00000244#5,1.0,1.0,10.0,10.0,45.0
15.0,000012_009_00000244#6,1.0,1.0,10.0,10.0,21.0
15.0,000012_009_00000244#7,1.0,1.0,10.0,10.0,13.0
15.0,000012_009_00000244#8,1.0,1.0,10.0,10.0,12.0
15.0,000012_009_00000244#9,1.0,1.0,10.0,10.0,14.0
15.0,000012_009_00000244#10,1.0,1.0,10.0,10.0,34.0
15.0,000012_009_00000244#11,1.0,1.0,10.0,10.0,18.0
15.0,000012_009_00000244#12,1.0,1.0,10.0,10.0,18.0
15.0,000012_009_00000244#13,1.0,1.0,10.0,10.0,19.0
15.0,000012_009_00000244#14,1.0,1.0,8.0,10.0,8.0
15.0,000012_009_00000325#3,1.0,1.0,10.0,10.0,82.0
15.0,000012_009_00000325#4,1.0,1.0,10.0,10.0,36.0
15.0,000012_009_00000325#5,1.0,1.0,10.0,10.0,43.0
15.0,000012_009_00000325#6,1.0,1.0,10.0,10.0,28.0
15.0,000012_009_00000325#7,1.0,1.0,10.0,10.0,17.0
15.0,000012_009_00000325#8,1.0,1.0,10.0,10.0,16.0
15.0,000012_009_00000325#9,1.0,1.0,7.0,10.0,8.0
15.0,000012_009_00000325#11,1.0,1.0,10.0,10.0,28.0
15.0,000012_009_00000325#12,1.0,1.0,10.0,10.0,15.0
15.0,000012_009_00000325#14,1.0,1.0,10.0,10.0,22.0
15.0,000012_009_00000325#15,1.0,1.0,4.0,10.0,19.0
15.0,000012_009_00000325#16,1.0,1.0,10.0,10.0,35.0
15.0,000012_014_00000184#0,1.0,1.0,10.0,10.0,33.0
15.0,000012_014_00000184#1,1.0,1.0,10.0,10.0,55.0
15.0,000012_014_00000184#3,1.0,1.0,10.0,10.0,26.0
15.0,000012_019_00000151#1,1.0,1.0,10.0,10.0,59.0
15.0,000012_019_00000151#2,1.0,1.0,10.0,10.0,14.0
15.0,000012_019_00000151#4,1.0,1.0,10.0,10.0,21.0
15.0,000012_019_00000151#5,1.0,1.0,10.0,10.0,14.0
15.0,000012_022_00000090#0,1.0,1.0,10.0,10.0,64.0
15.0,000012_022_00000090#1,1.0,1.0,10.0,10.0,23.0
15.0,000012_025_00000313#1,1.0,1.0,10.0,10.0,11.0
15.0,000012_025_00000313#2,1.0,1.0,10.0,10.0,11.0
15.0,000012_025_00000313#3,1.0,1.0,10.0,10.0,13.0
15.0,000012_025_00000313#4,1.0,1.0,7.0,10.0,7.0
15.0,000012_025_00000313#5,1.0,1.0,10.0,10.0,13.0
15.0,000012_025_00000313#6,1.0,1.0,8.0,10.0,8.0
15.0,000012_028_00000250#0,1.0,1.0,10.0,10.0,64.0
15.0,000012_028_00000250#1,1.0,1.0,10.0,10.0,56.0
15.0,000013_001_00000001#1,1.0,1.0,10.0,10.0,33.0
15.0,000013_001_00000001#2,1.0,1.0,10.0,10.0,34.0
15.0,000013_001_00000001#3,1.0,1.0,10.0,10.0,31.0
15.0,000013_002_00000281#1,1.0,1.0,10.0,10.0,31.0
15.0,000013_002_00000281#2,1.0,1.0,10.0,10.0,36.0
15.0,000013_002_00000281#3,1.0,1.0,10.0,10.0,20.0
15.0,000013_023_00000075#1,1.0,1.0,10.0,10.0,56.0
15.0,000013_023_00000075#2,1.0,1.0,10.0,10.0,68.0
15.0,000013_025_00000285#0,1.0,1.0,10.0,10.0,15.0
15.0,000013_025_00000285#1,1.0,1.0,10.0,10.0,56.0
15.0,000013_025_00000285#2,1.0,1.0,10.0,10.0,20.0
15.0,000013_030_00000063#0,1.0,1.0,10.0,10.0,21.0
15.0,000013_030_00000063#1,1.0,1.0,10.0,10.0,68.0
15.0,000013_039_00000063#0,1.0,1.0,10.0,10.0,41.0
15.0,000013_039_00000063#1,1.0,1.0,10.0,10.0,32.0
15.0,000013_039_00000063#3,1.0,1.0,10.0,10.0,26.0
15.0,000013_039_00000063#5,1.0,1.0,8.0,10.0,8.0
15.0,000013_040_suppl_00000167#0,1.0,1.0,10.0,10.0,79.0
15.0,000013_040_suppl_00000333#1,1.0,1.0,10.0,10.0,50.0
15.0,000013_040_suppl_00000333#3,1.0,1.0,10.0,10.0,80.0
15.0,000013_040_suppl_00000333#4,1.0,1.0,8.0,10.0,8.0
15.0,000013_044_00000001#0,1.0,1.0,10.0,10.0,24.0
15.0,000013_044_00000001#1,1.0,1.0,8.0,10.0,31.0
15.0,000013_044_00000001#2,1.0,1.0,10.0,10.0,72.0
15.0,000013_044_00000001#4,1.0,1.0,2.0,10.0,38.0
15.0,000013_044_00000001#5,1.0,1.0,1.0,10.0,72.0
15.0,000013_044_00000001#7,1.0,1.0,10.0,10.0,62.0
15.0,000013_048_00000001#0,1.0,1.0,10.0,10.0,46.0
15.0,000013_048_00000001#1,0.0,1.0,0.0,10.0,60.0
15.0,000013_048_00000001#3,1.0,1.0,1.0,10.0,49.0
15.0,000013_048_00000001#4,1.0,1.0,10.0,10.0,69.0
15.0,000013_056_00000281#2,1.0,1.0,10.0,10.0,49.0
15.0,000013_056_00000281#3,1.0,1.0,10.0,10.0,16.0
15.0,000013_056_00000281#4,1.0,1.0,10.0,10.0,21.0
15.0,000013_056_00000281#6,1.0,1.0,10.0,10.0,11.0
15.0,000013_056_00000281#7,1.0,1.0,10.0,10.0,12.0
15.0,000013_056_00000281#8,1.0,1.0,10.0,10.0,64.0
15.0,000013_056_00000281#9,1.0,1.0,10.0,10.0,43.0
15.0,000013_056_00000281#10,1.0,1.0,10.0,10.0,32.0
15.0,000014_012_00000217#1,1.0,1.0,10.0,10.0,41.0
15.0,000014_012_00000217#2,1.0,1.0,10.0,10.0,48.0
15.0,000014_050_00000273#3,1.0,1.0,10.0,10.0,47.0
15.0,000014_050_00000273#4,1.0,1.0,10.0,10.0,57.0
15.0,000014_050_00000273#5,1.0,1.0,10.0,10.0,26.0
15.0,000014_051_suppl_00000341#2,1.0,1.0,10.0,10.0,15.0
15.0,000014_052_00000131#2,1.0,1.0,10.0,10.0,22.0
15.0,000014_052_00000131#3,1.0,1.0,8.0,10.0,13.0
15.0,000015_004_00000268#0,1.0,1.0,10.0,10.0,27.0
15.0,000015_004_suppl_00000223#2,1.0,1.0,10.0,10.0,36.0
15.0,000016_043_suppl_00000292#1,1.0,1.0,10.0,10.0,21.0
15.0,000016_043_suppl_00000292#2,1.0,1.0,10.0,10.0,56.0
15.0,000016_043_suppl_00000292#4,1.0,1.0,10.0,10.0,30.0
15.0,000016_043_suppl_00000292#5,1.0,1.0,10.0,10.0,25.0
15.0,000016_043_suppl_00000292#6,1.0,1.0,10.0,10.0,45.0
15.0,000016_043_suppl_00000292#8,1.0,1.0,10.0,10.0,26.0
15.0,000016_043_suppl_00000292#9,1.0,1.0,10.0,10.0,32.0
15.0,000016_043_suppl_00000292#10,1.0,1.0,10.0,10.0,19.0
15.0,000016_043_suppl_00000292#11,1.0,1.0,10.0,10.0,27.0
15.0,000016_043_suppl_00000292#12,1.0,1.0,10.0,10.0,32.0
15.0,000016_043_suppl_00000292#14,1.0,1.0,10.0,10.0,70.0
15.0,000016_043_suppl_00000292#17,1.0,1.0,10.0,10.0,47.0
15.0,000016_043_suppl_00000292#20,1.0,1.0,10.0,10.0,23.0
15.0,000016_044_00000085#0,1.0,1.0,10.0,10.0,83.0
15.0,000016_044_00000085#1,1.0,1.0,10.0,10.0,62.0
15.0,000016_044_00000085#3,1.0,1.0,10.0,10.0,17.0
15.0,000016_044_00000085#4,1.0,1.0,10.0,10.0,65.0
15.0,000016_044_00000085#7,1.0,1.0,10.0,10.0,67.0
15.0,000016_044_00000085#10,1.0,1.0,10.0,10.0,78.0
15.0,000016_044_00000169#1,1.0,1.0,10.0,10.0,37.0
15.0,000016_044_00000169#2,1.0,1.0,10.0,10.0,36.0
15.0,000016_044_00000169#3,1.0,1.0,10.0,10.0,16.0
15.0,000016_044_00000169#5,1.0,1.0,10.0,10.0,15.0
15.0,000016_044_00000169#6,1.0,1.0,10.0,10.0,59.0
15.0,000016_044_00000169#8,1.0,1.0,10.0,10.0,88.0
15.0,000016_044_00000169#16,1.0,1.0,10.0,10.0,73.0
15.0,000016_044_00000169#17,1.0,1.0,10.0,10.0,65.0
15.0,000017_011_00000297#3,1.0,1.0,10.0,10.0,12.0
15.0,000017_011_00000297#5,1.0,1.0,10.0,10.0,68.0
15.0,000017_011_00000297#9,1.0,1.0,10.0,10.0,26.0
15.0,000017_011_00000297#10,1.0,1.0,10.0,10.0,86.0
15.0,000017_011_00000297#11,1.0,1.0,10.0,10.0,59.0
15.0,000017_011_00000297#13,1.0,1.0,10.0,10.0,43.0
15.0,000017_012_00000135#2,1.0,1.0,10.0,10.0,36.0
15.0,000017_020_00000214#0,1.0,1.0,10.0,10.0,21.0
15.0,000017_020_00000214#2,1.0,1.0,10.0,10.0,27.0
15.0,000017_020_suppl_00000356#0,1.0,1.0,10.0,10.0,20.0
15.0,000017_020_suppl_00000356#2,1.0,1.0,10.0,10.0,20.0
15.0,000018_006_00000063#0,1.0,1.0,10.0,10.0,66.0
15.0,000019_030_00000072#1,1.0,1.0,10.0,10.0,23.0
15.0,000019_030_00000072#2,1.0,1.0,10.0,10.0,72.0
15.0,000019_030_00000072#3,1.0,1.0,10.0,10.0,54.0
15.0,000019_030_00000072#4,1.0,1.0,10.0,10.0,21.0
15.0,000019_030_00000072#5,1.0,1.0,10.0,10.0,10.0
15.0,000019_038_00000205#2,1.0,1.0,10.0,10.0,20.0
15.0,000019_038_00000205#3,1.0,1.0,10.0,10.0,25.0
15.0,000019_038_00000205#4,1.0,1.0,10.0,10.0,21.0
15.0,000019_038_00000205#5,1.0,1.0,10.0,10.0,36.0
15.0,000019_038_00000205#6,1.0,1.0,10.0,10.0,84.0
15.0,000019_038_00000205#7,1.0,1.0,10.0,10.0,70.0
15.0,000019_038_00000205#8,1.0,1.0,10.0,10.0,82.0
15.0,000019_041_00000141#2,1.0,1.0,10.0,10.0,24.0
15.0,000019_045_00000145#4,1.0,1.0,10.0,10.0,46.0
15.0,000019_045_00000145#5,1.0,1.0,10.0,10.0,42.0
15.0,000019_045_00000145#7,1.0,1.0,3.0,10.0,67.0
15.0,000020_010_00000089#1,1.0,1.0,10.0,10.0,60.0
15.0,000020_010_00000089#5,1.0,1.0,9.0,10.0,9.0
15.0,000020_010_00000089#6,1.0,1.0,10.0,10.0,20.0
15.0,000020_010_00000089#7,1.0,1.0,5.0,10.0,8.0
15.0,000020_014_00000193#2,1.0,1.0,10.0,10.0,63.0
15.0,000020_014_00000193#3,1.0,1.0,10.0,10.0,76.0
15.0,000020_014_00000193#5,1.0,1.0,10.0,10.0,54.0
15.0,000020_014_00000193#6,1.0,1.0,10.0,10.0,77.0
15.0,000020_018_00000093#0,1.0,1.0,10.0,10.0,16.0
15.0,000020_018_00000093#1,1.0,1.0,10.0,10.0,24.0
15.0,000020_018_00000093#2,1.0,1.0,10.0,10.0,81.0
15.0,000020_018_00000093#3,1.0,1.0,10.0,10.0,42.0
15.0,000021_020_00000131#2,1.0,1.0,10.0,10.0,76.0
15.0,000023_005_00000070#1,1.0,1.0,10.0,10.0,32.0
15.0,000023_005_00000070#2,1.0,1.0,10.0,10.0,87.0
15.0,000023_005_00000070#3,1.0,1.0,10.0,10.0,63.0
15.0,000023_005_00000070#4,1.0,1.0,10.0,10.0,63.0
15.0,000023_005_00000070#5,1.0,1.0,10.0,10.0,18.0
15.0,000023_005_00000070#6,1.0,1.0,10.0,10.0,23.0
15.0,000031#0,1.0,1.0,10.0,10.0,53.0
15.0,000031#1,1.0,1.0,10.0,10.0,15.0
15.0,000031#2,1.0,1.0,8.0,10.0,8.0
15.0,000031#3,1.0,1.0,10.0,10.0,15.0
15.0,000031#6,1.0,1.0,10.0,10.0,24.0
15.0,000031#8,1.0,1.0,10.0,10.0,53.0
15.0,000031#10,1.0,1.0,10.0,10.0,16.0
15.0,000031#11,1.0,1.0,10.0,10.0,21.0
15.0,000066#0,1.0,1.0,10.0,10.0,31.0
15.0,000066#1,1.0,1.0,10.0,10.0,15.0
15.0,000066#2,1.0,1.0,10.0,10.0,61.0
15.0,000066#3,1.0,1.0,10.0,10.0,39.0
15.0,000070#0,1.0,1.0,10.0,10.0,28.0
15.0,000070#1,1.0,1.0,10.0,10.0,18.0
15.0,000070#2,1.0,1.0,6.0,10.0,52.0
15.0,000070#3,1.0,1.0,10.0,10.0,67.0
15.0,000173#1,1.0,1.0,10.0,10.0,27.0
15.0,000303#2,1.0,1.0,10.0,10.0,67.0
15.0,000303#6,1.0,1.0,10.0,10.0,30.0
15.0,000303#7,1.0,1.0,10.0,10.0,16.0
15.0,000328#1,1.0,1.0,10.0,10.0,58.0
15.0,000328#3,1.0,1.0,10.0,10.0,65.0
15.0,000415#1,1.0,1.0,10.0,10.0,14.0
15.0,000415#2,1.0,1.0,8.0,10.0,9.0
15.0,000415#4,1.0,1.0,10.0,10.0,22.0
15.0,000415#5,1.0,1.0,10.0,10.0,24.0
15.0,000415#6,1.0,1.0,10.0,10.0,12.0
15.0,000415#8,1.0,1.0,10.0,10.0,10.0
15.0,000415#10,1.0,1.0,10.0,10.0,13.0
15.0,000415#11,1.0,1.0,10.0,10.0,12.0
15.0,000415#13,1.0,1.0,10.0,10.0,21.0
15.0,000415#14,1.0,1.0,10.0,10.0,13.0
15.0,000415#15,1.0,1.0,10.0,10.0,17.0
15.0,000415#16,1.0,1.0,7.0,10.0,8.0
15.0,000415#17,1.0,1.0,8.0,10.0,10.0
15.0,000415#19,1.0,1.0,10.0,10.0,37.0
15.0,000433#7,1.0,1.0,10.0,10.0,57.0
15.0,000437#0,1.0,1.0,10.0,10.0,67.0
15.0,000437#1,1.0,1.0,10.0,10.0,75.0
15.0,000437#2,1.0,1.0,10.0,10.0,26.0
15.0,000437#5,1.0,1.0,10.0,10.0,48.0
15.0,000484#2,1.0,1.0,10.0,10.0,37.0
15.0,000484#3,1.0,1.0,10.0,10.0,55.0
15.0,000500#0,1.0,1.0,10.0,10.0,14.0
15.0,000500#1,1.0,1.0,9.0,10.0,9.0
15.0,000500#2,1.0,1.0,10.0,10.0,15.0
15.0,000525#0,1.0,1.0,10.0,10.0,14.0
15.0,000525#1,1.0,1.0,10.0,10.0,30.0
15.0,000525#2,1.0,1.0,10.0,10.0,35.0
15.0,000561#0,1.0,1.0,10.0,10.0,70.0
15.0,000561#3,1.0,1.0,10.0,10.0,63.0
15.0,000561#4,1.0,1.0,10.0,10.0,38.0
15.0,000597#2,1.0,1.0,10.0,10.0,62.0
15.0,000597#3,1.0,1.0,10.0,10.0,29.0
15.0,000630#0,1.0,1.0,10.0,10.0,14.0
15.0,000680#5,1.0,1.0,10.0,10.0,69.0
15.0,000707#1,1.0,1.0,10.0,10.0,13.0
15.0,000707#2,1.0,1.0,10.0,10.0,18.0
15.0,000707#3,1.0,1.0,9.0,10.0,9.0
15.0,000707#4,1.0,1.0,10.0,10.0,25.0
15.0,000707#5,1.0,1.0,10.0,10.0,20.0
15.0,000735#1,1.0,1.0,10.0,10.0,11.0
15.0,000738#0,1.0,1.0,10.0,10.0,26.0
15.0,000738#2,1.0,1.0,9.0,10.0,9.0
15.0,000738#3,1.0,1.0,10.0,10.0,36.0
15.0,000756#4,1.0,1.0,10.0,10.0,34.0
15.0,000759#2,1.0,1.0,10.0,10.0,34.0
15.0,000780#0,1.0,1.0,10.0,10.0,22.0
15.0,000780#3,1.0,1.0,10.0,10.0,90.0
15.0,000783#0,1.0,1.0,10.0,10.0,45.0
15.0,000783#1,1.0,1.0,10.0,10.0,42.0
15.0,000783#3,1.0,1.0,10.0,10.0,38.0
15.0,000783#4,1.0,1.0,10.0,10.0,26.0
15.0,000808#1,1.0,1.0,10.0,10.0,21.0
15.0,000820#2,1.0,1.0,10.0,10.0,58.0
15.0,000820#3,1.0,1.0,10.0,10.0,45.0
15.0,000820#4,1.0,1.0,10.0,10.0,25.0
15.0,000820#5,1.0,1.0,10.0,10.0,27.0
15.0,000820#7,1.0,1.0,8.0,10.0,8.0
15.0,000889#5,1.0,1.0,10.0,10.0,84.0
15.0,000889#6,1.0,1.0,10.0,10.0,40.0
15.0,000889#7,1.0,1.0,10.0,10.0,14.0
15.0,000889#8,1.0,1.0,10.0,10.0,15.0
15.0,000889#9,1.0,1.0,10.0,10.0,22.0
15.0,000889#13,1.0,1.0,10.0,10.0,24.0
15.0,000889#14,1.0,1.0,10.0,10.0,69.0
15.0,000943#0,1.0,1.0,10.0,10.0,16.0
15.0,000943#1,1.0,1.0,10.0,10.0,14.0
15.0,000943#2,1.0,1.0,10.0,10.0,64.0
15.0,000943#3,1.0,1.0,6.0,10.0,7.0
15.0,000943#4,1.0,1.0,7.0,10.0,7.0
15.0,000943#6,1.0,1.0,8.0,10.0,18.0
15.0,000943#7,1.0,1.0,10.0,10.0,23.0
15.0,000952#0,1.0,1.0,10.0,10.0,22.0
15.0,001033#1,1.0,1.0,10.0,10.0,15.0
15.0,001033#2,1.0,1.0,10.0,10.0,31.0
15.0,001033#3,1.0,1.0,10.0,10.0,41.0
15.0,001033#9,1.0,1.0,10.0,10.0,25.0
15.0,001033#10,1.0,1.0,10.0,10.0,21.0
15.0,001035#0,1.0,1.0,10.0,10.0,19.0
15.0,001035#1,1.0,1.0,10.0,10.0,53.0
15.0,001035#2,1.0,1.0,10.0,10.0,76.0
15.0,001035#7,1.0,1.0,10.0,10.0,40.0
15.0,001035#9,1.0,1.0,10.0,10.0,22.0
15.0,001035#10,1.0,1.0,10.0,10.0,63.0
15.0,001114#5,1.0,1.0,10.0,10.0,47.0
15.0,001114#6,1.0,1.0,10.0,10.0,40.0
15.0,001114#7,1.0,1.0,10.0,10.0,12.0
15.0,001114#8,1.0,1.0,10.0,10.0,26.0
15.0,001114#10,1.0,1.0,10.0,10.0,17.0
15.0,001123#0,1.0,1.0,10.0,10.0,31.0
15.0,001123#1,1.0,1.0,10.0,10.0,76.0
15.0,001123#2,1.0,1.0,10.0,10.0,77.0
15.0,001123#4,1.0,1.0,10.0,10.0,64.0
15.0,001123#5,1.0,1.0,10.0,10.0,42.0
15.0,001123#6,1.0,1.0,10.0,10.0,79.0
15.0,001123#7,1.0,1.0,10.0,10.0,86.0
15.0,001123#8,1.0,1.0,5.0,10.0,36.0
15.0,001123#9,1.0,1.0,10.0,10.0,56.0
15.0,001123#10,1.0,1.0,10.0,10.0,62.0
15.0,001123#11,1.0,1.0,10.0,10.0,66.0
15.0,001123#12,1.0,1.0,10.0,10.0,79.0
15.0,001123#13,1.0,1.0,10.0,10.0,31.0
15.0,001123#18,1.0,1.0,9.0,10.0,9.0
15.0,001123#19,1.0,1.0,10.0,10.0,10.0
15.0,001123#20,1.0,1.0,10.0,10.0,49.0
15.0,001123#21,1.0,1.0,10.0,10.0,32.0
15.0,001123#22,1.0,1.0,10.0,10.0,33.0
15.0,001135#4,1.0,1.0,10.0,10.0,64.0
15.0,001135#6,1.0,1.0,10.0,10.0,72.0
15.0,001135#7,1.0,1.0,6.0,10.0,14.0
15.0,001157#4,1.0,1.0,10.0,10.0,14.0
15.0,001157#5,1.0,1.0,10.0,10.0,30.0
15.0,001157#8,1.0,1.0,10.0,10.0,77.0
15.0,001157#9,1.0,1.0,10.0,10.0,68.0
15.0,001202#3,1.0,1.0,10.0,10.0,72.0
15.0,001202#4,1.0,1.0,10.0,10.0,78.0
15.0,001202#8,1.0,1.0,10.0,10.0,23.0
15.0,001202#10,1.0,1.0,10.0,10.0,56.0
15.0,001202#11,1.0,1.0,10.0,10.0,57.0
15.0,001202#12,1.0,1.0,10.0,10.0,42.0
15.0,001257#0,1.0,1.0,10.0,10.0,46.0
15.0,001257#3,1.0,1.0,10.0,10.0,69.0
15.0,001257#6,1.0,1.0,10.0,10.0,27.0
15.0,001257#9,1.0,1.0,10.0,10.0,27.0
15.0,001257#10,1.0,1.0,10.0,10.0,46.0
15.0,001257#11,1.0,1.0,10.0,10.0,31.0
15.0,001276#3,1.0,1.0,10.0,10.0,58.0
15.0,001276#7,1.0,1.0,10.0,10.0,30.0
15.0,001276#9,1.0,1.0,10.0,10.0,54.0
15.0,001276#10,1.0,1.0,10.0,10.0,27.0
15.0,001276#11,1.0,1.0,10.0,10.0,31.0
15.0,001276#12,1.0,1.0,10.0,10.0,25.0
15.0,001276#13,1.0,1.0,10.0,10.0,35.0
15.0,001276#14,1.0,1.0,10.0,10.0,50.0
15.0,001276#15,1.0,1.0,10.0,10.0,25.0
15.0,001295#0,1.0,1.0,10.0,10.0,30.0
15.0,001295#1,1.0,1.0,10.0,10.0,52.0
15.0,001295#3,1.0,1.0,10.0,10.0,10.0
15.0,001295#10,1.0,1.0,10.0,10.0,55.0
15.0,001295#11,1.0,1.0,10.0,10.0,24.0
15.0,001295#12,1.0,1.0,10.0,10.0,17.0
15.0,001295#13,1.0,1.0,10.0,10.0,28.0
15.0,001295#14,1.0,1.0,10.0,10.0,36.0
15.0,001295#15,1.0,1.0,10.0,10.0,24.0
15.0,001295#17,1.0,1.0,10.0,10.0,19.0
15.0,001295#18,1.0,1.0,10.0,10.0,15.0
15.0,001295#19,1.0,1.0,10.0,10.0,17.0
15.0,001295#20,1.0,1.0,10.0,10.0,16.0
15.0,001295#21,1.0,1.0,10.0,10.0,22.0
15.0,001295#22,1.0,1.0,10.0,10.0,26.0
15.0,001295#24,1.0,1.0,10.0,10.0,26.0
15.0,001295#26,1.0,1.0,9.0,10.0,9.0
15.0,001409#0,1.0,1.0,10.0,10.0,39.0
15.0,001409#1,1.0,1.0,10.0,10.0,43.0
15.0,001415#0,1.0,1.0,10.0,10.0,42.0
15.0,001415#1,1.0,1.0,10.0,10.0,44.0
15.0,001415#2,1.0,1.0,10.0,10.0,41.0
15.0,001415#3,1.0,1.0,10.0,10.0,53.0
15.0,001443#3,1.0,1.0,10.0,10.0,53.0
15.0,001443#4,1.0,1.0,10.0,10.0,73.0
15.0,001443#6,1.0,1.0,8.0,10.0,66.0
15.0,001443#7,1.0,1.0,10.0,10.0,67.0
15.0,001443#9,1.0,1.0,10.0,10.0,27.0
15.0,001443#10,1.0,1.0,10.0,10.0,46.0
15.0,001461#2,1.0,1.0,10.0,10.0,28.0
15.0,001461#3,1.0,1.0,10.0,10.0,42.0
15.0,001461#4,1.0,1.0,10.0,10.0,64.0
15.0,001461#5,1.0,1.0,10.0,10.0,36.0
15.0,001531#1,1.0,1.0,10.0,10.0,16.0
15.0,001531#2,1.0,1.0,10.0,10.0,11.0
15.0,001531#6,1.0,1.0,10.0,10.0,28.0
15.0,001531#8,1.0,1.0,10.0,10.0,11.0
15.0,001531#10,1.0,1.0,10.0,10.0,43.0
15.0,001558#4,1.0,1.0,10.0,10.0,31.0
15.0,001683#1,1.0,1.0,10.0,10.0,83.0
15.0,001683#6,1.0,1.0,10.0,10.0,36.0
15.0,001683#7,1.0,1.0,10.0,10.0,46.0
15.0,001683#8,1.0,1.0,10.0,10.0,50.0
15.0,001694#1,1.0,1.0,10.0,10.0,28.0
15.0,001694#2,1.0,1.0,10.0,10.0,64.0
15.0,001694#7,1.0,1.0,10.0,10.0,62.0
15.0,001694#8,1.0,1.0,10.0,10.0,36.0
15.0,001694#9,1.0,1.0,10.0,10.0,50.0
15.0,001694#10,1.0,1.0,10.0,10.0,27.0
15.0,001694#11,1.0,1.0,10.0,10.0,28.0
15.0,001694#12,1.0,1.0,10.0,10.0,22.0
15.0,001694#13,1.0,1.0,10.0,10.0,27.0
15.0,001694#14,1.0,1.0,10.0,10.0,31.0
15.0,001707#1,1.0,1.0,10.0,10.0,22.0
15.0,001707#2,1.0,1.0,10.0,10.0,68.0
15.0,001707#7,1.0,1.0,10.0,10.0,62.0
15.0,001707#8,1.0,1.0,10.0,10.0,36.0
15.0,001707#9,1.0,1.0,10.0,10.0,31.0
15.0,001707#10,1.0,1.0,10.0,10.0,34.0
15.0,001707#11,1.0,1.0,10.0,10.0,57.0
15.0,001707#12,1.0,1.0,10.0,10.0,19.0
15.0,001712#1,1.0,1.0,10.0,10.0,72.0
15.0,001712#6,1.0,1.0,10.0,10.0,58.0
15.0,001712#7,1.0,1.0,10.0,10.0,16.0
15.0,001712#8,1.0,1.0,10.0,10.0,36.0
15.0,001712#9,1.0,1.0,10.0,10.0,55.0
15.0,001712#10,1.0,1.0,10.0,10.0,25.0
15.0,001712#11,1.0,1.0,10.0,10.0,23.0
15.0,001712#12,1.0,1.0,10.0,10.0,27.0
15.0,001724#1,1.0,1.0,10.0,10.0,11.0
15.0,001724#3,1.0,1.0,10.0,10.0,56.0
15.0,001724#7,1.0,1.0,10.0,10.0,84.0
15.0,001724#8,1.0,1.0,10.0,10.0,34.0
15.0,001724#9,1.0,1.0,10.0,10.0,30.0
15.0,001724#10,1.0,1.0,10.0,10.0,27.0
15.0,001724#11,1.0,1.0,10.0,10.0,34.0
15.0,001724#12,1.0,1.0,10.0,10.0,38.0
15.0,001737#3,1.0,1.0,10.0,10.0,54.0
15.0,001737#7,1.0,1.0,10.0,10.0,76.0
15.0,001737#8,1.0,1.0,8.0,10.0,8.0
15.0,001737#9,1.0,1.0,10.0,10.0,15.0
15.0,001737#10,1.0,1.0,10.0,10.0,36.0
15.0,001737#11,1.0,1.0,10.0,10.0,30.0
15.0,001737#12,1.0,1.0,10.0,10.0,38.0
15.0,001737#13,1.0,1.0,10.0,10.0,30.0
15.0,001742#0,1.0,1.0,10.0,10.0,41.0
15.0,001763#0,1.0,1.0,10.0,10.0,25.0
15.0,001785#0,1.0,1.0,10.0,10.0,50.0
15.0,001785#1,1.0,1.0,10.0,10.0,51.0
15.0,001785#2,1.0,1.0,10.0,10.0,80.0
15.0,001851#0,1.0,1.0,10.0,10.0,48.0
15.0,001851#8,1.0,1.0,10.0,10.0,25.0
15.0,001851#9,1.0,1.0,10.0,10.0,27.0
15.0,001851#10,1.0,1.0,10.0,10.0,31.0
15.0,001851#11,1.0,1.0,10.0,10.0,25.0
15.0,001851#12,1.0,1.0,10.0,10.0,27.0
15.0,001851#13,1.0,1.0,10.0,10.0,50.0
15.0,001851#14,1.0,1.0,10.0,10.0,27.0
15.0,001862#0,1.0,1.0,10.0,10.0,48.0
15.0,001862#8,1.0,1.0,10.0,10.0,21.0
15.0,001862#9,1.0,1.0,10.0,10.0,27.0
15.0,001862#10,1.0,1.0,10.0,10.0,54.0
15.0,001862#11,1.0,1.0,10.0,10.0,21.0
15.0,001862#12,1.0,1.0,10.0,10.0,20.0
15.0,001862#13,1.0,1.0,10.0,10.0,32.0
15.0,001862#14,1.0,1.0,10.0,10.0,29.0
15.0,001862#15,1.0,1.0,10.0,10.0,37.0
15.0,001873#0,1.0,1.0,10.0,10.0,48.0
15.0,001873#4,1.0,1.0,10.0,10.0,73.0
15.0,001873#8,1.0,1.0,10.0,10.0,26.0
15.0,001873#9,1.0,1.0,10.0,10.0,50.0
15.0,001873#10,1.0,1.0,10.0,10.0,14.0
15.0,001873#11,1.0,1.0,10.0,10.0,27.0
15.0,001873#12,1.0,1.0,10.0,10.0,26.0
15.0,001873#13,1.0,1.0,10.0,10.0,27.0
15.0,001881#0,1.0,1.0,10.0,10.0,48.0
15.0,001881#4,1.0,1.0,10.0,10.0,73.0
15.0,001881#8,1.0,1.0,10.0,10.0,25.0
15.0,001881#9,1.0,1.0,10.0,10.0,54.0
15.0,001881#10,1.0,1.0,10.0,10.0,22.0
15.0,001884#0,1.0,1.0,10.0,10.0,52.0
15.0,001884#4,1.0,1.0,10.0,10.0,73.0
15.0,001884#8,1.0,1.0,10.0,10.0,21.0
15.0,001884#9,1.0,1.0,10.0,10.0,57.0
15.0,001884#10,1.0,1.0,10.0,10.0,25.0
15.0,001884#11,1.0,1.0,10.0,10.0,23.0
15.0,001884#12,1.0,1.0,10.0,10.0,20.0
15.0,001884#13,1.0,1.0,10.0,10.0,17.0
15.0,001884#14,1.0,1.0,10.0,10.0,27.0
15.0,001898#0,1.0,1.0,10.0,10.0,52.0
15.0,001898#4,1.0,1.0,10.0,10.0,74.0
15.0,001898#7,1.0,1.0,10.0,10.0,22.0
15.0,001898#8,1.0,1.0,10.0,10.0,20.0
15.0,001898#9,1.0,1.0,10.0,10.0,21.0
15.0,001898#10,1.0,1.0,10.0,10.0,24.0
15.0,001898#11,1.0,1.0,10.0,10.0,36.0
15.0,001898#12,1.0,1.0,10.0,10.0,55.0
15.0,001898#13,1.0,1.0,10.0,10.0,27.0
15.0,001898#14,1.0,1.0,10.0,10.0,24.0
15.0,001970#1,1.0,1.0,10.0,10.0,73.0
15.0,001970#3,1.0,1.0,10.0,10.0,36.0
15.0,001970#7,1.0,1.0,10.0,10.0,65.0
15.0,001970#8,1.0,1.0,10.0,10.0,26.0
15.0,001970#9,1.0,1.0,10.0,10.0,41.0
15.0,001970#10,1.0,1.0,10.0,10.0,27.0
15.0,002048#2,1.0,1.0,10.0,10.0,68.0
15.0,002048#3,1.0,1.0,10.0,10.0,53.0
15.0,002048#4,1.0,1.0,10.0,10.0,76.0
15.0,002048#7,1.0,1.0,10.0,10.0,37.0
15.0,002048#8,1.0,1.0,10.0,10.0,19.0
15.0,002048#9,1.0,1.0,10.0,10.0,40.0
15.0,002048#10,1.0,1.0,10.0,10.0,41.0
15.0,002097#3,1.0,1.0,10.0,10.0,67.0
15.0,002097#4,1.0,1.0,10.0,10.0,75.0
15.0,002097#7,1.0,1.0,10.0,10.0,22.0
15.0,002097#8,1.0,1.0,10.0,10.0,29.0
15.0,002097#9,1.0,1.0,10.0,10.0,32.0
15.0,002097#10,1.0,1.0,10.0,10.0,32.0
15.0,002102#0,1.0,1.0,10.0,10.0,63.0
15.0,002102#1,1.0,1.0,10.0,10.0,67.0
15.0,002102#2,1.0,1.0,10.0,10.0,64.0
15.0,002102#3,1.0,1.0,10.0,10.0,55.0
15.0,002102#4,1.0,1.0,10.0,10.0,59.0
15.0,002102#5,1.0,1.0,10.0,10.0,40.0
15.0,002102#6,1.0,1.0,10.0,10.0,56.0
15.0,002102#7,1.0,1.0,10.0,10.0,56.0
15.0,002102#8,1.0,1.0,10.0,10.0,50.0
15.0,002156#0,1.0,1.0,10.0,10.0,40.0
15.0,002156#1,1.0,1.0,10.0,10.0,28.0
15.0,002156#2,1.0,1.0,10.0,10.0,38.0
15.0,002156#3,1.0,1.0,10.0,10.0,59.0
15.0,002156#4,1.0,1.0,10.0,10.0,81.0
15.0,002156#7,1.0,1.0,10.0,10.0,46.0
15.0,002156#8,1.0,1.0,10.0,10.0,34.0
15.0,002156#9,1.0,1.0,10.0,10.0,53.0
15.0,002207#0,1.0,1.0,10.0,10.0,11.0
15.0,002207#1,1.0,1.0,10.0,10.0,49.0
15.0,002235#3,1.0,1.0,10.0,10.0,36.0
15.0,002235#5,1.0,1.0,10.0,10.0,55.0
15.0,002235#6,1.0,1.0,4.0,10.0,17.0
15.0,002235#7,1.0,1.0,10.0,10.0,27.0
15.0,002235#10,1.0,1.0,10.0,10.0,10.0
15.0,002265#3,1.0,1.0,10.0,10.0,15.0
15.0,002265#4,1.0,1.0,10.0,10.0,13.0
15.0,002276#0,1.0,1.0,10.0,10.0,41.0
15.0,002276#1,1.0,1.0,10.0,10.0,18.0
15.0,002276#2,1.0,1.0,10.0,10.0,32.0
15.0,002276#3,1.0,1.0,10.0,10.0,53.0
15.0,002276#6,1.0,1.0,10.0,10.0,46.0
15.0,002331#2,1.0,1.0,10.0,10.0,49.0
15.0,002331#3,1.0,1.0,10.0,10.0,37.0
15.0,002331#4,1.0,1.0,10.0,10.0,75.0
15.0,002331#16,1.0,1.0,10.0,10.0,14.0
15.0,002331#18,1.0,1.0,8.0,10.0,21.0
15.0,002334#1,1.0,1.0,10.0,10.0,11.0
15.0,002334#8,1.0,1.0,10.0,10.0,56.0
15.0,002334#9,1.0,1.0,10.0,10.0,18.0
15.0,002338#0,1.0,1.0,10.0,10.0,62.0
15.0,002338#1,1.0,1.0,10.0,10.0,70.0
15.0,002338#4,1.0,1.0,10.0,10.0,73.0
15.0,002338#5,1.0,1.0,10.0,10.0,44.0
15.0,002357#0,1.0,1.0,10.0,10.0,23.0
15.0,002357#1,1.0,1.0,10.0,10.0,35.0
15.0,002357#2,1.0,1.0,10.0,10.0,72.0
15.0,002357#3,1.0,1.0,10.0,10.0,43.0
15.0,002359#0,1.0,1.0,10.0,10.0,29.0
15.0,002359#1,1.0,1.0,10.0,10.0,43.0
15.0,002359#2,1.0,1.0,10.0,10.0,45.0
15.0,002359#3,1.0,1.0,10.0,10.0,27.0
15.0,002378#0,1.0,1.0,10.0,10.0,34.0
15.0,002378#1,1.0,1.0,10.0,10.0,11.0
15.0,002378#3,1.0,1.0,10.0,10.0,66.0
15.0,002378#5,1.0,1.0,10.0,10.0,73.0
15.0,002378#6,1.0,1.0,10.0,10.0,19.0
15.0,002380#2,1.0,1.0,10.0,10.0,77.0
15.0,002380#3,1.0,1.0,10.0,10.0,55.0
15.0,002380#4,1.0,1.0,10.0,10.0,19.0
15.0,002380#5,1.0,1.0,8.0,10.0,8.0
15.0,002380#6,1.0,1.0,10.0,10.0,45.0
15.0,002380#7,1.0,1.0,10.0,10.0,14.0
15.0,002380#8,1.0,1.0,10.0,10.0,15.0
15.0,002380#9,1.0,1.0,10.0,10.0,25.0
15.0,002413#0,1.0,1.0,10.0,10.0,23.0
15.0,002517#1,1.0,1.0,10.0,10.0,48.0
15.0,002517#2,1.0,1.0,10.0,10.0,16.0
15.0,002517#4,1.0,1.0,10.0,10.0,23.0
15.0,002517#5,1.0,1.0,10.0,10.0,76.0
15.0,002584#4,1.0,1.0,10.0,10.0,11.0
15.0,002584#6,1.0,1.0,10.0,10.0,11.0
15.0,002625#6,1.0,1.0,10.0,10.0,17.0
15.0,002625#8,1.0,1.0,10.0,10.0,26.0
15.0,002625#10,1.0,1.0,10.0,10.0,27.0
15.0,002625#13,1.0,1.0,10.0,10.0,22.0
15.0,002625#14,1.0,1.0,10.0,10.0,73.0
15.0,002625#18,1.0,1.0,10.0,10.0,29.0
15.0,002625#19,1.0,1.0,10.0,10.0,13.0
15.0,002625#20,1.0,1.0,10.0,10.0,70.0
15.0,002625#21,1.0,1.0,10.0,10.0,82.0
15.0,002625#22,1.0,1.0,10.0,10.0,36.0
15.0,002625#23,1.0,1.0,10.0,10.0,34.0
15.0,002625#24,1.0,1.0,10.0,10.0,65.0
15.0,002625#25,1.0,1.0,10.0,10.0,11.0
15.0,002625#26,1.0,1.0,10.0,10.0,48.0
15.0,002625#27,1.0,1.0,5.0,10.0,25.0
15.0,002625#28,1.0,1.0,10.0,10.0,37.0
15.0,002625#29,1.0,1.0,10.0,10.0,63.0
15.0,002625#30,1.0,1.0,10.0,10.0,23.0
15.0,002625#31,1.0,1.0,10.0,10.0,34.0
15.0,002625#32,1.0,1.0,10.0,10.0,45.0
15.0,002625#33,1.0,1.0,10.0,10.0,12.0
15.0,002627#5,1.0,1.0,10.0,10.0,20.0
15.0,002627#7,1.0,1.0,10.0,10.0,17.0
15.0,002627#11,1.0,1.0,9.0,10.0,74.0
15.0,002627#12,1.0,1.0,10.0,10.0,32.0
15.0,002627#15,1.0,1.0,10.0,10.0,69.0
15.0,002627#17,1.0,1.0,10.0,10.0,73.0
15.0,002627#18,1.0,1.0,10.0,10.0,74.0
15.0,002627#19,1.0,1.0,10.0,10.0,18.0
15.0,002627#22,1.0,1.0,10.0,10.0,87.0
15.0,002627#23,1.0,1.0,10.0,10.0,71.0
15.0,002627#26,1.0,1.0,10.0,10.0,80.0
15.0,002627#27,1.0,1.0,10.0,10.0,81.0
15.0,002627#28,1.0,1.0,10.0,10.0,48.0
15.0,002627#30,1.0,1.0,10.0,10.0,39.0
15.0,002627#31,1.0,1.0,10.0,10.0,50.0
15.0,002627#32,1.0,1.0,10.0,10.0,55.0
15.0,002671#7,1.0,1.0,10.0,10.0,51.0
15.0,002671#9,1.0,1.0,10.0,10.0,25.0
15.0,002671#11,1.0,1.0,10.0,10.0,39.0
15.0,002671#12,1.0,1.0,10.0,10.0,63.0
15.0,002671#13,1.0,1.0,10.0,10.0,45.0
15.0,002671#14,1.0,1.0,10.0,10.0,30.0
15.0,002671#15,1.0,1.0,10.0,10.0,30.0
15.0,002671#16,1.0,1.0,10.0,10.0,18.0
15.0,002671#17,1.0,1.0,10.0,10.0,45.0
15.0,002671#18,1.0,1.0,10.0,10.0,18.0
15.0,002671#19,1.0,1.0,10.0,10.0,57.0
15.0,002671#20,1.0,1.0,10.0,10.0,46.0
15.0,002671#21,1.0,1.0,10.0,10.0,23.0
15.0,002671#22,1.0,1.0,10.0,10.0,23.0
15.0,002671#23,1.0,1.0,10.0,10.0,46.0
15.0,002671#24,1.0,1.0,10.0,10.0,59.0
15.0,002677#0,1.0,1.0,10.0,10.0,63.0
15.0,002677#1,1.0,1.0,10.0,10.0,40.0
15.0,002677#16,1.0,1.0,10.0,10.0,14.0
15.0,002677#17,1.0,1.0,10.0,10.0,24.0
15.0,002677#18,1.0,1.0,10.0,10.0,76.0
15.0,002707#11,1.0,1.0,10.0,10.0,22.0
15.0,002707#12,1.0,1.0,10.0,10.0,25.0
15.0,002707#13,1.0,1.0,10.0,10.0,62.0
15.0,002750#1,1.0,1.0,10.0,10.0,15.0
15.0,002750#4,1.0,1.0,10.0,10.0,42.0
15.0,002750#12,1.0,1.0,9.0,10.0,13.0
15.0,002750#13,1.0,1.0,10.0,10.0,12.0
15.0,002750#14,1.0,1.0,10.0,10.0,10.0
15.0,002750#16,1.0,1.0,8.0,10.0,8.0
15.0,002750#18,1.0,1.0,10.0,10.0,14.0
15.0,002750#19,1.0,1.0,10.0,10.0,22.0
15.0,002750#20,1.0,1.0,10.0,10.0,28.0
15.0,002750#21,1.0,1.0,10.0,10.0,28.0
15.0,002750#22,1.0,1.0,10.0,10.0,53.0
15.0,002750#23,1.0,1.0,10.0,10.0,25.0
15.0,002750#25,1.0,1.0,10.0,10.0,51.0
15.0,002762#1,1.0,1.0,10.0,10.0,17.0
15.0,002839#1,1.0,1.0,10.0,10.0,21.0
15.0,002839#2,1.0,1.0,10.0,10.0,25.0
15.0,002839#3,1.0,1.0,10.0,10.0,48.0
15.0,002839#4,1.0,1.0,10.0,10.0,31.0
15.0,002842#3,1.0,1.0,10.0,10.0,25.0
15.0,002842#4,1.0,1.0,10.0,10.0,21.0
15.0,002844#1,1.0,1.0,10.0,10.0,42.0
15.0,002844#2,1.0,1.0,10.0,10.0,21.0
15.0,002844#3,1.0,1.0,10.0,10.0,38.0
15.0,002935#0,1.0,1.0,10.0,10.0,17.0
15.0,002935#1,1.0,1.0,5.0,10.0,13.0
15.0,002955#0,1.0,1.0,10.0,10.0,72.0
15.0,002955#1,1.0,1.0,10.0,10.0,47.0
15.0,002955#4,1.0,1.0,10.0,10.0,32.0
15.0,002955#5,1.0,1.0,10.0,10.0,21.0
15.0,002955#6,1.0,1.0,10.0,10.0,37.0
15.0,002955#7,1.0,1.0,9.0,10.0,68.0
15.0,002955#8,1.0,1.0,10.0,10.0,61.0
15.0,002955#9,1.0,1.0,10.0,10.0,11.0
15.0,002955#10,1.0,1.0,10.0,10.0,42.0
15.0,002955#11,1.0,1.0,10.0,10.0,42.0
15.0,002955#12,1.0,1.0,10.0,10.0,57.0
15.0,002955#13,1.0,1.0,10.0,10.0,67.0
15.0,002955#14,1.0,1.0,10.0,10.0,73.0
15.0,002955#16,1.0,1.0,10.0,10.0,49.0
15.0,002955#17,1.0,1.0,10.0,10.0,81.0
15.0,002955#20,1.0,1.0,9.0,10.0,15.0
15.0,002955#23,1.0,1.0,10.0,10.0,29.0
15.0,002955#24,1.0,1.0,7.0,10.0,7.0
15.0,002987#0,1.0,1.0,10.0,10.0,16.0
15.0,002987#1,1.0,1.0,9.0,10.0,9.0
15.0,002987#2,1.0,1.0,10.0,10.0,23.0
15.0,002987#3,1.0,1.0,10.0,10.0,14.0
15.0,002987#4,1.0,1.0,10.0,10.0,34.0
15.0,002987#6,1.0,1.0,10.0,10.0,64.0
15.0,002987#7,1.0,1.0,10.0,10.0,73.0
15.0,002987#8,1.0,1.0,10.0,10.0,28.0
15.0,002987#9,1.0,1.0,10.0,10.0,14.0
15.0,002987#10,1.0,1.0,10.0,10.0,15.0
15.0,002987#11,1.0,1.0,10.0,10.0,15.0
15.0,002987#12,1.0,1.0,8.0,10.0,8.0
15.0,002987#13,1.0,1.0,10.0,10.0,34.0
15.0,002987#14,1.0,1.0,10.0,10.0,20.0
15.0,002987#15,1.0,1.0,10.0,10.0,37.0
15.0,003007#6,1.0,1.0,8.0,10.0,9.0
15.0,003007#8,1.0,1.0,10.0,10.0,41.0
15.0,003007#9,1.0,1.0,10.0,10.0,24.0
15.0,003013#6,1.0,1.0,10.0,10.0,20.0
15.0,003017#4,1.0,1.0,10.0,10.0,12.0
15.0,003026#4,1.0,1.0,10.0,10.0,17.0
15.0,003056#1,1.0,1.0,10.0,10.0,24.0
15.0,003056#2,1.0,1.0,10.0,10.0,15.0
15.0,003056#3,1.0,1.0,10.0,10.0,15.0
15.0,003056#4,1.0,1.0,10.0,10.0,11.0
15.0,003056#7,1.0,1.0,10.0,10.0,38.0
15.0,003056#8,1.0,1.0,9.0,10.0,9.0
15.0,003056#9,1.0,1.0,10.0,10.0,27.0
15.0,003056#10,1.0,1.0,10.0,10.0,18.0
15.0,003056#11,1.0,1.0,10.0,10.0,61.0
15.0,003148#0,1.0,1.0,10.0,10.0,61.0
15.0,003148#2,1.0,1.0,10.0,10.0,63.0
15.0,003148#3,1.0,1.0,10.0,10.0,42.0
15.0,003148#6,1.0,1.0,10.0,10.0,47.0
15.0,003148#7,1.0,1.0,7.0,10.0,8.0
15.0,003148#8,1.0,1.0,7.0,10.0,8.0
15.0,003160#0,1.0,1.0,10.0,10.0,42.0
15.0,003160#1,1.0,1.0,10.0,10.0,28.0
15.0,003160#2,1.0,1.0,10.0,10.0,31.0
15.0,003160#3,1.0,1.0,9.0,10.0,27.0
15.0,003160#4,1.0,1.0,10.0,10.0,31.0
15.0,003160#5,1.0,1.0,10.0,10.0,84.0
15.0,003160#7,1.0,1.0,10.0,10.0,37.0
15.0,003160#8,1.0,1.0,10.0,10.0,69.0
15.0,003160#9,1.0,1.0,10.0,10.0,19.0
15.0,003160#11,1.0,1.0,10.0,10.0,78.0
15.0,003160#13,1.0,1.0,10.0,10.0,37.0
15.0,003160#14,1.0,1.0,10.0,10.0,11.0
15.0,003160#15,1.0,1.0,10.0,10.0,55.0
15.0,003160#17,1.0,1.0,10.0,10.0,43.0
15.0,003160#18,1.0,1.0,10.0,10.0,72.0
15.0,003160#19,1.0,1.0,10.0,10.0,26.0
15.0,003160#20,1.0,1.0,10.0,10.0,18.0
15.0,003160#21,1.0,1.0,10.0,10.0,46.0
15.0,003198#1,1.0,1.0,10.0,10.0,64.0
15.0,003198#4,1.0,1.0,10.0,10.0,42.0
15.0,003257#5,1.0,1.0,10.0,10.0,58.0
15.0,003262#0,1.0,1.0,10.0,10.0,28.0
15.0,003262#1,1.0,1.0,8.0,10.0,31.0
15.0,003262#4,1.0,1.0,10.0,10.0,27.0
15.0,003262#14,1.0,1.0,10.0,10.0,10.0
15.0,003262#16,1.0,1.0,9.0,10.0,10.0
15.0,003262#17,1.0,1.0,10.0,10.0,14.0
15.0,003262#21,1.0,1.0,8.0,10.0,16.0
15.0,003262#23,1.0,1.0,10.0,10.0,22.0
15.0,003262#24,1.0,1.0,10.0,10.0,18.0
15.0,003262#28,1.0,1.0,10.0,10.0,50.0
15.0,003262#29,1.0,1.0,5.0,10.0,7.0
15.0,003262#30,1.0,1.0,10.0,10.0,73.0
15.0,003273#1,1.0,1.0,10.0,10.0,73.0
15.0,003273#3,1.0,1.0,10.0,10.0,68.0
15.0,003273#4,1.0,1.0,10.0,10.0,45.0
15.0,003273#5,1.0,1.0,10.0,10.0,12.0
15.0,003273#6,1.0,1.0,10.0,10.0,87.0
15.0,003273#8,1.0,1.0,10.0,10.0,35.0
15.0,003273#9,1.0,1.0,10.0,10.0,19.0
15.0,003273#10,1.0,1.0,10.0,10.0,42.0
15.0,003273#11,1.0,1.0,10.0,10.0,17.0
15.0,003273#13,1.0,1.0,10.0,10.0,20.0
15.0,003288#0,1.0,1.0,10.0,10.0,74.0
15.0,003288#3,1.0,1.0,10.0,10.0,37.0
15.0,003288#4,1.0,1.0,10.0,10.0,27.0
15.0,003288#5,1.0,1.0,10.0,10.0,20.0
15.0,003288#6,1.0,1.0,10.0,10.0,20.0
15.0,003288#7,1.0,1.0,10.0,10.0,16.0
15.0,003288#8,1.0,1.0,10.0,10.0,14.0
15.0,003288#9,1.0,1.0,10.0,10.0,16.0
15.0,003288#10,1.0,1.0,10.0,10.0,18.0
15.0,003288#11,1.0,1.0,10.0,10.0,14.0
15.0,003288#12,1.0,1.0,10.0,10.0,27.0
15.0,003288#13,1.0,1.0,10.0,10.0,33.0
15.0,003288#14,1.0,1.0,8.0,10.0,13.0
15.0,003288#16,1.0,1.0,10.0,10.0,21.0
15.0,003288#18,1.0,1.0,10.0,10.0,69.0
15.0,003304#0,1.0,1.0,10.0,10.0,42.0
15.0,003304#1,1.0,1.0,10.0,10.0,36.0
15.0,003304#2,1.0,1.0,10.0,10.0,14.0
15.0,003304#3,1.0,1.0,10.0,10.0,48.0
15.0,003304#4,1.0,1.0,10.0,10.0,20.0
15.0,003304#8,1.0,1.0,10.0,10.0,25.0
15.0,003304#9,1.0,1.0,10.0,10.0,41.0
15.0,003304#11,1.0,1.0,10.0,10.0,42.0
15.0,003304#12,1.0,1.0,10.0,10.0,30.0
15.0,003304#13,1.0,1.0,10.0,10.0,13.0
15.0,003317#1,1.0,1.0,10.0,10.0,29.0
15.0,003317#2,1.0,1.0,10.0,10.0,26.0
15.0,003317#3,1.0,1.0,10.0,10.0,29.0
15.0,003317#5,1.0,1.0,10.0,10.0,50.0
15.0,003317#6,1.0,1.0,10.0,10.0,23.0
15.0,003317#7,1.0,1.0,10.0,10.0,27.0
15.0,003317#8,1.0,1.0,10.0,10.0,49.0
15.0,003317#9,1.0,1.0,10.0,10.0,30.0
15.0,003317#12,1.0,1.0,10.0,10.0,12.0
15.0,003317#14,1.0,1.0,10.0,10.0,55.0
15.0,003317#15,1.0,1.0,10.0,10.0,70.0
15.0,003317#16,1.0,1.0,10.0,10.0,43.0
15.0,003348#0,1.0,1.0,10.0,10.0,30.0
15.0,003353#0,1.0,1.0,10.0,10.0,14.0
15.0,003408#1,1.0,1.0,10.0,10.0,22.0
15.0,003411#0,1.0,1.0,10.0,10.0,41.0
15.0,003411#1,1.0,1.0,10.0,10.0,52.0
15.0,003411#2,1.0,1.0,10.0,10.0,57.0
15.0,003411#3,1.0,1.0,10.0,10.0,50.0
15.0,003419#0,1.0,1.0,10.0,10.0,84.0
15.0,003419#5,1.0,1.0,10.0,10.0,22.0
15.0,003419#13,1.0,1.0,8.0,10.0,24.0
15.0,003419#14,1.0,1.0,10.0,10.0,30.0
15.0,003419#17,1.0,1.0,8.0,10.0,30.0
15.0,003419#18,1.0,1.0,10.0,10.0,34.0
15.0,003419#19,1.0,1.0,10.0,10.0,18.0
15.0,003419#21,1.0,1.0,10.0,10.0,36.0
15.0,003425#5,1.0,1.0,10.0,10.0,17.0
15.0,003425#6,1.0,1.0,10.0,10.0,13.0
15.0,003425#7,1.0,1.0,10.0,10.0,11.0
15.0,003425#10,1.0,1.0,10.0,10.0,18.0
15.0,003425#12,1.0,1.0,10.0,10.0,44.0
15.0,003425#13,1.0,1.0,10.0,10.0,46.0
15.0,003460#0,1.0,1.0,10.0,10.0,26.0
15.0,003460#1,1.0,1.0,10.0,10.0,64.0
15.0,003460#3,1.0,1.0,10.0,10.0,80.0
15.0,003460#5,1.0,1.0,10.0,10.0,25.0
15.0,003460#6,1.0,1.0,10.0,10.0,73.0
15.0,003472#0,1.0,1.0,10.0,10.0,31.0
15.0,003472#1,1.0,1.0,10.0,10.0,68.0
15.0,003472#2,1.0,1.0,10.0,10.0,20.0
15.0,003472#3,1.0,1.0,10.0,10.0,71.0
15.0,003475#1,1.0,1.0,10.0,10.0,41.0
15.0,003475#2,1.0,1.0,10.0,10.0,22.0
15.0,003475#3,1.0,1.0,10.0,10.0,51.0
15.0,003475#5,1.0,1.0,10.0,10.0,46.0
15.0,003475#6,1.0,1.0,10.0,10.0,70.0
15.0,003475#10,1.0,1.0,10.0,10.0,21.0
15.0,003475#11,1.0,1.0,10.0,10.0,31.0
15.0,003487#0,1.0,1.0,10.0,10.0,53.0
15.0,003487#2,1.0,1.0,10.0,10.0,62.0
15.0,003489#0,1.0,1.0,10.0,10.0,24.0
15.0,003489#2,1.0,1.0,10.0,10.0,31.0
15.0,003489#3,1.0,1.0,10.0,10.0,55.0
15.0,003489#4,1.0,1.0,10.0,10.0,25.0
15.0,003489#5,1.0,1.0,10.0,10.0,35.0
15.0,003489#9,1.0,1.0,10.0,10.0,26.0
15.0,003489#14,1.0,1.0,10.0,10.0,37.0
15.0,003526#0,1.0,1.0,10.0,10.0,18.0
15.0,003526#3,1.0,1.0,10.0,10.0,13.0
15.0,003532#0,1.0,1.0,10.0,10.0,18.0
15.0,003532#1,1.0,1.0,10.0,10.0,42.0
15.0,003546#0,1.0,1.0,10.0,10.0,27.0
15.0,003546#1,1.0,1.0,10.0,10.0,28.0
15.0,003546#2,1.0,1.0,10.0,10.0,37.0
15.0,003592#0,1.0,1.0,10.0,10.0,23.0
15.0,003592#1,1.0,1.0,10.0,10.0,23.0
15.0,003592#2,1.0,1.0,10.0,10.0,31.0
15.0,003592#3,1.0,1.0,10.0,10.0,20.0
15.0,003595#3,1.0,1.0,10.0,10.0,27.0
15.0,003595#4,1.0,1.0,10.0,10.0,30.0
15.0,003595#5,1.0,1.0,10.0,10.0,21.0
15.0,003595#6,1.0,1.0,10.0,10.0,46.0
15.0,003603#3,1.0,1.0,10.0,10.0,32.0
15.0,003653#3,1.0,1.0,10.0,10.0,15.0
15.0,003653#5,1.0,1.0,10.0,10.0,20.0
15.0,003653#6,1.0,1.0,10.0,10.0,18.0
15.0,003653#7,1.0,1.0,10.0,10.0,14.0
15.0,003653#8,1.0,1.0,10.0,10.0,11.0
15.0,003653#9,1.0,1.0,10.0,10.0,12.0
15.0,003653#11,1.0,1.0,10.0,10.0,36.0
15.0,003653#12,1.0,1.0,10.0,10.0,51.0
15.0,003653#14,1.0,1.0,8.0,10.0,8.0
15.0,003653#16,1.0,1.0,9.0,10.0,9.0
15.0,003653#17,1.0,1.0,10.0,10.0,26.0
15.0,003653#18,1.0,1.0,8.0,10.0,8.0
15.0,003679#4,1.0,1.0,10.0,10.0,50.0
15.0,003679#5,1.0,1.0,10.0,10.0,27.0
15.0,003679#7,1.0,1.0,10.0,10.0,25.0
15.0,003679#8,1.0,1.0,10.0,10.0,32.0
15.0,003703#0,1.0,1.0,10.0,10.0,50.0
15.0,003739#0,1.0,1.0,10.0,10.0,30.0
15.0,003739#1,1.0,1.0,10.0,10.0,35.0
15.0,003739#2,1.0,1.0,10.0,10.0,17.0
15.0,003739#3,1.0,1.0,10.0,10.0,11.0
15.0,003739#5,1.0,1.0,10.0,10.0,16.0
15.0,003739#6,1.0,1.0,10.0,10.0,12.0
15.0,003739#7,1.0,1.0,10.0,10.0,26.0
15.0,003739#8,1.0,1.0,10.0,10.0,16.0
15.0,003757#0,1.0,1.0,10.0,10.0,76.0
15.0,003757#7,1.0,1.0,10.0,10.0,27.0
15.0,003757#8,1.0,1.0,8.0,10.0,10.0
15.0,003757#10,1.0,1.0,10.0,10.0,21.0
15.0,003757#14,1.0,1.0,10.0,10.0,13.0
15.0,003757#15,1.0,1.0,10.0,10.0,15.0
15.0,003757#16,1.0,1.0,8.0,10.0,11.0
15.0,003769#0,1.0,1.0,10.0,10.0,56.0
15.0,003838#0,1.0,1.0,10.0,10.0,72.0
15.0,003863#1,1.0,1.0,10.0,10.0,21.0
15.0,003863#3,1.0,1.0,10.0,10.0,17.0
15.0,003863#5,1.0,1.0,10.0,10.0,33.0
15.0,003863#7,1.0,1.0,10.0,10.0,24.0
15.0,003863#9,1.0,1.0,10.0,10.0,13.0
15.0,003863#10,1.0,1.0,10.0,10.0,12.0
15.0,003863#11,1.0,1.0,10.0,10.0,18.0
15.0,003895#2,1.0,1.0,10.0,10.0,55.0
15.0,003896#0,1.0,1.0,10.0,10.0,43.0
15.0,003896#1,1.0,1.0,10.0,10.0,19.0
15.0,003902#0,1.0,1.0,10.0,10.0,41.0
15.0,003902#1,1.0,1.0,10.0,10.0,15.0
15.0,003902#3,1.0,1.0,10.0,10.0,18.0
15.0,003902#4,1.0,1.0,10.0,10.0,30.0
15.0,003902#5,1.0,1.0,10.0,10.0,18.0
15.0,003902#6,1.0,1.0,10.0,10.0,41.0
15.0,003904#0,1.0,1.0,10.0,10.0,33.0
15.0,003904#1,1.0,1.0,10.0,10.0,19.0
15.0,003941#0,1.0,1.0,10.0,10.0,27.0
15.0,003941#1,1.0,1.0,10.0,10.0,17.0
15.0,003941#3,1.0,1.0,8.0,10.0,12.0
15.0,003941#5,1.0,1.0,10.0,10.0,25.0
15.0,003941#7,1.0,1.0,10.0,10.0,20.0
15.0,003941#8,1.0,1.0,10.0,10.0,26.0
15.0,003941#10,1.0,1.0,10.0,10.0,17.0
15.0,003941#11,1.0,1.0,10.0,10.0,26.0
15.0,003941#12,1.0,1.0,10.0,10.0,17.0
15.0,003941#13,1.0,1.0,10.0,10.0,20.0
15.0,003941#14,1.0,1.0,10.0,10.0,18.0
15.0,003941#15,1.0,1.0,10.0,10.0,22.0
15.0,003941#16,1.0,1.0,10.0,10.0,69.0
15.0,003941#20,1.0,1.0,10.0,10.0,10.0
15.0,003941#21,1.0,1.0,10.0,10.0,25.0
15.0,003941#22,1.0,1.0,10.0,10.0,13.0
15.0,003941#24,1.0,1.0,10.0,10.0,37.0
15.0,003941#25,1.0,1.0,10.0,10.0,18.0
15.0,003941#26,1.0,1.0,10.0,10.0,21.0
15.0,003941#27,1.0,1.0,10.0,10.0,18.0
15.0,003941#29,1.0,1.0,10.0,10.0,17.0
15.0,003941#30,1.0,1.0,10.0,10.0,34.0
15.0,003982#5,1.0,1.0,10.0,10.0,26.0
15.0,003982#6,1.0,1.0,10.0,10.0,15.0
15.0,003982#8,1.0,1.0,10.0,10.0,13.0
15.0,003982#11,1.0,1.0,10.0,10.0,19.0
15.0,003982#14,1.0,1.0,10.0,10.0,29.0
15.0,003982#19,1.0,1.0,9.0,10.0,9.0
15.0,003982#20,1.0,1.0,3.0,10.0,10.0
15.0,003982#23,1.0,1.0,10.0,10.0,25.0
15.0,003982#24,1.0,1.0,10.0,10.0,10.0
15.0,003982#30,1.0,1.0,10.0,10.0,12.0
15.0,003982#32,1.0,1.0,10.0,10.0,14.0
15.0,003982#34,1.0,1.0,10.0,10.0,11.0
15.0,003982#36,1.0,1.0,10.0,10.0,46.0
15.0,003982#41,1.0,1.0,9.0,10.0,10.0
15.0,003982#42,1.0,1.0,10.0,10.0,11.0
15.0,003982#43,1.0,1.0,10.0,10.0,13.0
15.0,003982#47,1.0,1.0,10.0,10.0,57.0
15.0,003982#48,1.0,1.0,10.0,10.0,16.0
15.0,003982#49,1.0,1.0,10.0,10.0,69.0
15.0,003982#50,1.0,1.0,10.0,10.0,34.0
15.0,003982#53,1.0,1.0,7.0,10.0,10.0
15.0,003982#57,1.0,1.0,10.0,10.0,18.0
15.0,003982#58,1.0,1.0,10.0,10.0,18.0
15.0,003982#60,1.0,1.0,10.0,10.0,16.0
15.0,003982#61,1.0,1.0,10.0,10.0,15.0
15.0,003982#62,1.0,1.0,10.0,10.0,17.0
15.0,003987#5,1.0,1.0,10.0,10.0,32.0
15.0,003987#6,1.0,1.0,10.0,10.0,28.0
15.0,003987#10,1.0,1.0,10.0,10.0,66.0
15.0,003987#11,1.0,1.0,10.0,10.0,71.0
15.0,003987#15,1.0,1.0,10.0,10.0,33.0
15.0,003987#16,1.0,1.0,10.0,10.0,42.0
15.0,003987#23,1.0,1.0,7.0,10.0,11.0
15.0,003987#27,1.0,1.0,10.0,10.0,11.0
15.0,003987#35,1.0,1.0,10.0,10.0,26.0
15.0,003987#38,1.0,1.0,10.0,10.0,19.0
15.0,003987#39,1.0,1.0,10.0,10.0,17.0
15.0,003987#40,1.0,1.0,10.0,10.0,16.0
15.0,003987#41,1.0,1.0,10.0,10.0,13.0
15.0,003987#43,1.0,1.0,10.0,10.0,10.0
15.0,003987#46,1.0,1.0,8.0,10.0,8.0
15.0,003987#47,1.0,1.0,10.0,10.0,15.0
15.0,003987#49,1.0,1.0,10.0,10.0,12.0
15.0,003987#50,1.0,1.0,10.0,10.0,15.0
15.0,003987#51,1.0,1.0,10.0,10.0,15.0
15.0,003987#52,1.0,1.0,10.0,10.0,10.0
15.0,003987#53,1.0,1.0,10.0,10.0,19.0
15.0,003987#55,1.0,1.0,10.0,10.0,31.0
15.0,hehe_173_000002_024_00000105#2,1.0,1.0,1.0,10.0,11.0
15.0,hehe_173_000002_024_00000105#4,1.0,1.0,6.0,10.0,11.0
15.0,hehe_173_000002_024_00000105#6,1.0,1.0,10.0,10.0,23.0
15.0,hehe_173_000002_024_00000105#7,1.0,1.0,11.0,10.0,15.0
15.0,hehe_173_000002_024_00000105#9,1.0,1.0,10.0,10.0,31.0
15.0,hehe_173_000002_024_00000105#10,1.0,1.0,10.0,10.0,25.0
15.0,hehe_173_000002_024_00000105#11,1.0,1.0,10.0,10.0,11.0
15.0,hehe_173_000002_024_00000105#13,1.0,1.0,10.0,10.0,31.0
15.0,hehe_173_000002_024_00000105#15,1.0,1.0,10.0,10.0,76.0
15.0,hehe_186_000002_028_00000050#1,1.0,1.0,10.0,10.0,77.0
15.0,hehe_22_00000004#0,1.0,1.0,10.0,10.0,29.0
15.0,hehe_22_00000004#2,1.0,1.0,10.0,10.0,23.0
15.0,hehe_22_00000004#4,1.0,1.0,10.0,10.0,69.0
15.0,hehe_22_00000004#6,1.0,1.0,10.0,10.0,57.0
15.0,hehe_22_00000004#7,1.0,1.0,10.0,10.0,70.0
15.0,hehe_22_00000004#9,1.0,1.0,5.0,10.0,11.0
15.0,hehe_230_000002_043_00000061#1,1.0,1.0,10.0,10.0,69.0
15.0,hehe_230_000002_043_00000061#6,1.0,1.0,10.0,10.0,62.0
15.0,hehe_230_000002_043_00000061#7,1.0,1.0,10.0,10.0,58.0
15.0,hehe_230_000002_043_00000061#10,1.0,1.0,10.0,10.0,31.0
15.0,hehe_230_000002_043_00000061#11,1.0,1.0,10.0,10.0,37.0
15.0,hehe_230_000002_043_00000061#13,1.0,1.0,10.0,10.0,19.0
15.0,hehe_230_000002_043_00000061#14,1.0,1.0,9.0,10.0,12.0
15.0,hehe_232_000002_043_00000181#0,1.0,1.0,8.0,10.0,8.0
15.0,hehe_232_000002_043_00000181#1,1.0,1.0,10.0,10.0,22.0
15.0,hehe_232_000002_043_00000181#2,1.0,1.0,10.0,10.0,57.0
15.0,hehe_232_000002_043_00000181#3,1.0,1.0,10.0,10.0,36.0
15.0,hehe_232_000002_043_00000181#8,1.0,1.0,10.0,10.0,57.0
15.0,hehe_274_000002_060_00000105#1,1.0,1.0,10.0,10.0,67.0
15.0,hehe_274_000002_060_00000105#5,1.0,1.0,10.0,10.0,28.0
15.0,hehe_274_000002_060_00000105#6,1.0,1.0,10.0,10.0,11.0
15.0,hehe_40_00000033#1,1.0,1.0,10.0,10.0,26.0
15.0,hehe_40_00000033#2,1.0,1.0,10.0,10.0,46.0
15.0,hehe_40_00000033#3,1.0,1.0,2.0,10.0,40.0
15.0,hehe_40_00000033#5,1.0,1.0,10.0,10.0,40.0
15.0,hehe_45_00000001#2,1.0,1.0,10.0,10.0,42.0
15.0,hehe_45_00000001#4,1.0,1.0,10.0,10.0,28.0
15.0,hehe_45_00000001#5,1.0,1.0,10.0,10.0,49.0
15.0,hehe_45_00000001#6,1.0,1.0,10.0,10.0,40.0
15.0,hehe_45_00000001#7,1.0,1.0,10.0,10.0,60.0
15.0,hehe_45_00000001#8,1.0,1.0,10.0,10.0,34.0
15.0,hehe_45_00000001#9,1.0,1.0,10.0,10.0,46.0
15.0,hehe_52_00000107#0,1.0,1.0,10.0,10.0,19.0
15.0,hehe_52_00000107#1,1.0,1.0,8.0,10.0,8.0
15.0,hehe_61_00000090#2,1.0,1.0,10.0,10.0,76.0
15.0,hehe_61_00000090#3,1.0,1.0,10.0,10.0,39.0
15.0,hehe_61_00000090#4,1.0,1.0,10.0,10.0,20.0
15.0,hehe_61_00000090#9,1.0,1.0,10.0,10.0,64.0
15.0,hehe_61_00000090#10,1.0,1.0,10.0,10.0,50.0
15.0,hehe_61_00000090#11,1.0,1.0,10.0,10.0,84.0
15.0,hehe_65_00000229#2,1.0,1.0,10.0,10.0,59.0
15.0,hehe_65_00000229#3,1.0,1.0,10.0,10.0,32.0
15.0,hehe_65_00000229#4,1.0,1.0,10.0,10.0,30.0
15.0,hehe_65_00000229#6,1.0,1.0,9.0,10.0,16.0
15.0,hehe_65_00000229#7,1.0,1.0,10.0,10.0,21.0
15.0,hehe_6_00000054#0,1.0,1.0,10.0,10.0,12.0
15.0,hehe_6_00000054#2,1.0,1.0,10.0,10.0,35.0
15.0,hehe_6_00000054#3,1.0,1.0,10.0,10.0,32.0
15.0,hehe_6_00000054#4,1.0,1.0,10.0,10.0,27.0
15.0,hehe_6_00000054#6,1.0,1.0,10.0,10.0,76.0
15.0,hehe_6_00000054#13,1.0,1.0,10.0,10.0,74.0
15.0,hehe_6_00000054#16,1.0,1.0,10.0,10.0,32.0
15.0,hehe_6_00000054#17,1.0,1.0,10.0,10.0,38.0
15.0,hehe_86_00000253#0,1.0,1.0,10.0,10.0,45.0
15.0,hehe_86_00000253#3,1.0,1.0,10.0,10.0,58.0
15.0,hehe_87_00000315#1,1.0,1.0,10.0,10.0,39.0
15.0,hehe_87_00000315#2,1.0,1.0,10.0,10.0,40.0
15.0,hehe_87_00000315#3,1.0,1.0,10.0,10.0,33.0
15.0,hehe_87_00000315#4,1.0,1.0,10.0,10.0,20.0
15.0,hehe_87_00000315#5,1.0,1.0,10.0,10.0,30.0
15.0,hehe_87_00000315#6,1.0,1.0,6.0,10.0,14.0
15.0,shuming_1007_00000230#0,1.0,1.0,10.0,10.0,38.0
15.0,shuming_1007_00000230#3,1.0,1.0,10.0,10.0,43.0
15.0,shuming_1007_00000230#4,1.0,1.0,9.0,10.0,36.0
15.0,shuming_1007_00000230#5,1.0,1.0,10.0,10.0,46.0
15.0,shuming_1007_00000230#7,1.0,1.0,10.0,10.0,63.0
15.0,shuming_1007_00000230#10,1.0,1.0,10.0,10.0,62.0
15.0,shuming_1007_00000230#11,1.0,1.0,10.0,10.0,39.0
15.0,shuming_1007_00000230#12,1.0,1.0,11.0,10.0,34.0
15.0,shuming_1007_00000230#13,1.0,1.0,9.0,10.0,10.0
15.0,shuming_1007_00000230#14,1.0,1.0,6.0,10.0,7.0
15.0,shuming_1007_00000230#15,1.0,1.0,10.0,10.0,79.0
15.0,shuming_1007_00000230#16,1.0,1.0,10.0,10.0,47.0
15.0,shuming_1007_00000230#17,1.0,1.0,10.0,10.0,19.0
15.0,shuming_1007_00000230#18,1.0,1.0,10.0,10.0,13.0
15.0,shuming_1007_00000230#20,1.0,1.0,10.0,10.0,20.0
15.0,shuming_1007_00000230#21,1.0,1.0,10.0,10.0,69.0
15.0,shuming_1007_00000230#22,1.0,1.0,10.0,10.0,27.0
15.0,shuming_1007_00000230#23,1.0,1.0,10.0,10.0,22.0
15.0,shuming_1013_00000065#0,1.0,1.0,10.0,10.0,87.0
15.0,shuming_1013_00000065#1,1.0,1.0,10.0,10.0,41.0
15.0,shuming_1013_00000065#3,1.0,1.0,10.0,10.0,26.0
15.0,shuming_1028_00000411#3,1.0,1.0,10.0,10.0,55.0
15.0,shuming_1028_00000411#4,1.0,1.0,10.0,10.0,10.0
15.0,shuming_1028_00000411#5,1.0,1.0,10.0,10.0,15.0
15.0,shuming_1064_00000087#0,1.0,1.0,10.0,10.0,34.0
15.0,shuming_1064_00000087#1,1.0,1.0,10.0,10.0,55.0
15.0,shuming_1064_00000087#2,1.0,1.0,10.0,10.0,56.0
15.0,shuming_1064_00000087#3,1.0,1.0,10.0,10.0,72.0
15.0,shuming_1064_00000087#4,1.0,1.0,10.0,10.0,69.0
15.0,shuming_1064_00000087#6,1.0,1.0,10.0,10.0,26.0
15.0,shuming_1064_00000087#7,1.0,1.0,10.0,10.0,54.0
15.0,shuming_1064_00000087#8,1.0,1.0,10.0,10.0,86.0
15.0,shuming_1076_00000257#1,1.0,1.0,10.0,10.0,31.0
15.0,shuming_1076_00000257#2,1.0,1.0,10.0,10.0,29.0
15.0,shuming_1076_00000257#3,1.0,1.0,10.0,10.0,20.0
15.0,shuming_1076_00000257#4,1.0,1.0,10.0,10.0,19.0
15.0,shuming_1076_00000257#5,1.0,1.0,10.0,10.0,23.0
15.0,shuming_1079_00000233#3,1.0,1.0,10.0,10.0,18.0
15.0,shuming_1079_00000233#4,1.0,1.0,10.0,10.0,12.0
15.0,shuming_1079_00000233#6,1.0,1.0,10.0,10.0,35.0
15.0,shuming_1080_00000016#0,1.0,1.0,10.0,10.0,72.0
15.0,shuming_1080_00000016#4,1.0,1.0,10.0,10.0,10.0
15.0,shuming_1132_00000385#2,1.0,1.0,10.0,10.0,29.0
15.0,shuming_1132_00000385#3,1.0,1.0,7.0,10.0,32.0
15.0,shuming_1132_00000385#4,1.0,1.0,10.0,10.0,25.0
15.0,shuming_1135_00000213#0,1.0,1.0,10.0,10.0,76.0
15.0,shuming_1148_00000041#0,1.0,1.0,10.0,10.0,74.0
15.0,shuming_1157_00000010#0,1.0,1.0,10.0,10.0,72.0
15.0,shuming_1157_00000010#1,1.0,1.0,10.0,10.0,32.0
15.0,shuming_1157_00000010#2,1.0,1.0,10.0,10.0,18.0
15.0,shuming_1180_00000231#3,1.0,1.0,10.0,10.0,49.0
15.0,shuming_24_00000001#0,1.0,1.0,10.0,10.0,40.0
15.0,shuming_24_00000001#1,1.0,1.0,10.0,10.0,62.0
15.0,shuming_340_00000020#1,1.0,1.0,10.0,10.0,21.0
15.0,shuming_340_00000020#19,1.0,1.0,10.0,10.0,11.0
15.0,shuming_340_00000020#22,1.0,1.0,7.0,10.0,7.0
15.0,shuming_340_00000020#23,1.0,1.0,10.0,10.0,12.0
15.0,shuming_340_00000020#26,1.0,1.0,9.0,10.0,9.0
15.0,shuming_340_00000020#30,1.0,1.0,9.0,10.0,9.0
15.0,shuming_340_00000020#31,1.0,1.0,10.0,10.0,12.0
15.0,shuming_340_00000020#38,1.0,1.0,10.0,10.0,10.0
15.0,shuming_35_00000199#0,1.0,1.0,10.0,10.0,73.0
15.0,shuming_35_00000199#3,1.0,1.0,10.0,10.0,36.0
15.0,shuming_35_00000199#4,1.0,1.0,10.0,10.0,26.0
15.0,shuming_35_00000199#5,1.0,1.0,5.0,10.0,87.0
15.0,shuming_35_00000199#6,1.0,1.0,10.0,10.0,18.0
15.0,shuming_35_00000199#8,1.0,1.0,10.0,10.0,14.0
15.0,shuming_35_00000199#9,1.0,1.0,8.0,10.0,8.0
15.0,shuming_35_00000199#11,1.0,1.0,10.0,10.0,39.0
15.0,shuming_410_00000037#0,1.0,1.0,6.0,10.0,7.0
15.0,shuming_410_00000037#9,1.0,1.0,10.0,10.0,45.0
15.0,shuming_461_00000082#0,1.0,1.0,10.0,10.0,53.0
15.0,shuming_461_00000082#2,1.0,1.0,10.0,10.0,42.0
15.0,shuming_461_00000082#3,1.0,1.0,10.0,10.0,31.0
15.0,shuming_461_00000082#4,1.0,1.0,9.0,10.0,14.0
15.0,shuming_461_00000082#5,1.0,1.0,10.0,10.0,11.0
15.0,shuming_465_00000030#0,1.0,1.0,10.0,10.0,10.0
15.0,shuming_465_00000030#2,1.0,1.0,10.0,10.0,56.0
15.0,shuming_465_00000030#3,1.0,1.0,10.0,10.0,15.0
15.0,shuming_470_00000057#3,1.0,1.0,10.0,10.0,43.0
15.0,shuming_470_00000057#4,1.0,1.0,10.0,10.0,23.0
15.0,shuming_482_00000018#3,1.0,1.0,10.0,10.0,53.0
15.0,shuming_482_00000018#4,1.0,1.0,10.0,10.0,44.0
15.0,shuming_482_00000018#5,1.0,1.0,10.0,10.0,62.0
15.0,shuming_485_00000027#3,1.0,1.0,10.0,10.0,16.0
15.0,shuming_485_00000027#4,1.0,1.0,10.0,10.0,52.0
15.0,shuming_503_00000052#0,1.0,1.0,10.0,10.0,32.0
15.0,shuming_503_00000052#1,1.0,1.0,10.0,10.0,26.0
15.0,shuming_562_00000223#2,1.0,1.0,10.0,10.0,76.0
15.0,shuming_571_00000215#0,1.0,1.0,10.0,10.0,56.0
15.0,shuming_571_00000215#1,1.0,1.0,10.0,10.0,46.0
15.0,shuming_574_00000017#0,1.0,1.0,10.0,10.0,63.0
15.0,shuming_608_00000031#1,1.0,1.0,10.0,10.0,19.0
15.0,shuming_608_00000031#2,1.0,1.0,10.0,10.0,30.0
15.0,shuming_608_00000031#3,1.0,1.0,10.0,10.0,35.0
15.0,shuming_608_00000031#4,1.0,1.0,10.0,10.0,11.0
15.0,shuming_610_00000148#0,1.0,1.0,10.0,10.0,50.0
15.0,shuming_63_00000393#3,1.0,1.0,10.0,10.0,15.0
15.0,shuming_63_00000393#4,1.0,1.0,10.0,10.0,17.0
15.0,shuming_63_00000393#5,1.0,1.0,9.0,10.0,9.0
15.0,shuming_63_00000393#6,1.0,1.0,10.0,10.0,23.0
15.0,shuming_63_00000393#7,1.0,1.0,10.0,10.0,21.0
15.0,shuming_63_00000393#8,1.0,1.0,10.0,10.0,23.0
15.0,shuming_63_00000393#9,1.0,1.0,10.0,10.0,20.0
15.0,shuming_663_00000328#2,1.0,1.0,10.0,10.0,50.0
15.0,shuming_663_00000328#3,1.0,1.0,10.0,10.0,40.0
15.0,shuming_67_00000001#1,1.0,1.0,10.0,10.0,55.0
15.0,shuming_67_00000001#2,1.0,1.0,10.0,10.0,18.0
15.0,shuming_698_00000001#0,1.0,1.0,8.0,10.0,11.0
15.0,shuming_698_00000001#1,1.0,1.0,8.0,10.0,13.0
15.0,shuming_698_00000001#2,1.0,1.0,9.0,10.0,17.0
15.0,shuming_698_00000001#3,1.0,1.0,10.0,10.0,20.0
15.0,shuming_698_00000001#4,1.0,1.0,10.0,10.0,15.0
15.0,shuming_698_00000001#5,1.0,1.0,10.0,10.0,14.0
15.0,shuming_698_00000001#7,1.0,1.0,10.0,10.0,26.0
15.0,shuming_698_00000001#8,1.0,1.0,10.0,10.0,17.0
15.0,shuming_698_00000001#9,1.0,1.0,10.0,10.0,14.0
15.0,shuming_698_00000001#10,1.0,1.0,10.0,10.0,13.0
15.0,shuming_698_00000001#11,1.0,1.0,10.0,10.0,13.0
15.0,shuming_698_00000001#12,1.0,1.0,10.0,10.0,15.0
15.0,shuming_698_00000001#13,1.0,1.0,10.0,10.0,14.0
15.0,shuming_698_00000001#14,1.0,1.0,10.0,10.0,12.0
15.0,shuming_698_00000001#15,1.0,1.0,10.0,10.0,15.0
15.0,shuming_698_00000001#16,1.0,1.0,10.0,10.0,15.0
15.0,shuming_698_00000001#17,1.0,1.0,10.0,10.0,23.0
15.0,shuming_698_00000001#18,1.0,1.0,10.0,10.0,18.0
15.0,shuming_698_00000001#19,1.0,1.0,10.0,10.0,19.0
15.0,shuming_698_00000001#20,1.0,1.0,10.0,10.0,22.0
15.0,shuming_698_00000001#21,1.0,1.0,10.0,10.0,24.0
15.0,shuming_698_00000001#22,1.0,1.0,10.0,10.0,18.0
15.0,shuming_698_00000001#23,1.0,1.0,10.0,10.0,35.0
15.0,shuming_698_00000001#25,1.0,1.0,10.0,10.0,64.0
15.0,shuming_706_00000375#0,1.0,1.0,8.0,10.0,41.0
15.0,shuming_706_00000375#2,1.0,1.0,10.0,10.0,32.0
15.0,shuming_706_00000375#3,1.0,1.0,10.0,10.0,17.0
15.0,shuming_706_00000375#4,1.0,1.0,10.0,10.0,52.0
15.0,shuming_72_00000270#19,1.0,1.0,10.0,10.0,54.0
15.0,shuming_72_00000270#20,1.0,1.0,10.0,10.0,22.0
15.0,shuming_72_00000270#22,1.0,1.0,10.0,10.0,48.0
15.0,shuming_72_00000270#24,1.0,1.0,10.0,10.0,20.0
15.0,shuming_731_00000492#0,1.0,1.0,10.0,10.0,32.0
15.0,shuming_731_00000492#1,1.0,1.0,10.0,10.0,26.0
15.0,shuming_731_00000492#3,1.0,1.0,10.0,10.0,60.0
15.0,shuming_731_00000492#5,1.0,1.0,10.0,10.0,69.0
15.0,shuming_753_00000172#0,1.0,1.0,10.0,10.0,12.0
15.0,shuming_758_00000371#0,1.0,1.0,10.0,10.0,52.0
15.0,shuming_763_00000009#2,1.0,1.0,10.0,10.0,15.0
15.0,shuming_774_00000273#3,1.0,1.0,10.0,10.0,63.0
15.0,shuming_774_00000273#5,1.0,1.0,10.0,10.0,31.0
15.0,shuming_779_00000254#1,1.0,1.0,10.0,10.0,63.0
15.0,shuming_779_00000254#5,1.0,1.0,10.0,10.0,80.0
15.0,shuming_783_00000248#0,1.0,1.0,10.0,10.0,81.0
15.0,shuming_783_00000248#2,1.0,1.0,10.0,10.0,66.0
15.0,shuming_793_00000117#2,1.0,1.0,10.0,10.0,31.0
15.0,shuming_825_00000172#1,1.0,1.0,10.0,10.0,13.0
15.0,shuming_825_00000172#2,1.0,1.0,6.0,10.0,7.0
15.0,shuming_825_00000172#3,1.0,1.0,10.0,10.0,16.0
15.0,shuming_826_00000213#1,1.0,1.0,10.0,10.0,14.0
15.0,shuming_826_00000213#2,1.0,1.0,10.0,10.0,18.0
15.0,shuming_826_00000213#3,1.0,1.0,9.0,10.0,9.0
15.0,shuming_85_00000273#4,1.0,1.0,10.0,10.0,11.0
15.0,shuming_987_00000275#1,1.0,1.0,10.0,10.0,41.0
15.0,shuming_987_00000275#2,1.0,1.0,10.0,10.0,23.0
15.0,shuming_987_00000275#3,1.0,1.0,10.0,10.0,19.0
15.0,shuming_987_00000275#4,1.0,1.0,10.0,10.0,21.0
15.0,shuming_987_00000275#5,1.0,1.0,10.0,10.0,10.0
20.0,00000045#1,1.0,1.0,10.0,10.0,242.0
20.0,00000045#2,1.0,1.0,10.0,10.0,88.0
20.0,00000045#3,1.0,1.0,10.0,10.0,105.0
20.0,00000045#6,1.0,1.0,10.0,10.0,286.0
20.0,00000045#7,1.0,1.0,10.0,10.0,279.0
20.0,00000057#1,1.0,1.0,10.0,10.0,225.0
20.0,00000057#2,1.0,1.0,10.0,10.0,88.0
20.0,00000057#3,1.0,1.0,10.0,10.0,111.0
20.0,00000057#5,1.0,1.0,10.0,10.0,133.0
20.0,00000063#1,1.0,1.0,10.0,10.0,279.0
20.0,00000063#2,1.0,1.0,10.0,10.0,90.0
20.0,00000063#3,1.0,1.0,10.0,10.0,107.0
20.0,00000063#5,1.0,1.0,10.0,10.0,208.0
20.0,00000095#1,1.0,1.0,10.0,10.0,279.0
20.0,00000095#2,1.0,1.0,10.0,10.0,114.0
20.0,00000095#3,1.0,1.0,10.0,10.0,105.0
20.0,00000106#1,1.0,1.0,10.0,10.0,245.0
20.0,00000106#2,1.0,1.0,10.0,10.0,135.0
20.0,00000106#3,1.0,1.0,10.0,10.0,122.0
20.0,00000106#5,1.0,1.0,10.0,10.0,157.0
20.0,00000123#1,1.0,1.0,10.0,10.0,196.0
20.0,00000123#2,1.0,1.0,10.0,10.0,87.0
20.0,00000123#3,1.0,1.0,10.0,10.0,190.0
20.0,00000123#5,1.0,1.0,10.0,10.0,108.0
20.0,00000171#0,1.0,1.0,10.0,10.0,120.0
20.0,00000180#0,1.0,1.0,10.0,10.0,136.0
20.0,00000234#1,1.0,1.0,10.0,10.0,108.0
20.0,00000257#0,1.0,1.0,10.0,10.0,93.0
20.0,00000271#0,1.0,1.0,10.0,10.0,118.0
20.0,00000271#1,1.0,1.0,10.0,10.0,132.0
20.0,00000273#0,1.0,1.0,10.0,10.0,84.0
20.0,00000273#1,1.0,1.0,10.0,10.0,99.0
20.0,000002_080_00000048#0,1.0,1.0,10.0,10.0,69.0
20.0,000002_083_00000169#0,1.0,1.0,10.0,10.0,14.0
20.0,000002_083_00000169#1,1.0,1.0,10.0,10.0,26.0
20.0,000002_083_00000169#2,1.0,1.0,10.0,10.0,36.0
20.0,00000346#0,1.0,1.0,10.0,10.0,381.0
20.0,00000364#0,1.0,1.0,10.0,10.0,210.0
20.0,00000396#0,1.0,1.0,10.0,10.0,111.0
20.0,00000399#0,1.0,1.0,10.0,10.0,82.0
20.0,000003_081_00000171#10,1.0,1.0,10.0,10.0,76.0
20.0,000003_081_00000171#11,1.0,1.0,10.0,10.0,82.0
20.0,00000426#0,1.0,1.0,10.0,10.0,653.0
20.0,00000506#0,1.0,1.0,10.0,10.0,117.0
20.0,000005_004_00000286#4,1.0,1.0,10.0,10.0,62.0
20.0,000005_006_00000001#1,1.0,1.0,10.0,10.0,68.0
20.0,000005_006_00000001#2,1.0,1.0,10.0,10.0,25.0
20.0,000005_019_00000209#0,1.0,1.0,10.0,10.0,43.0
20.0,000005_019_00000209#1,1.0,1.0,10.0,10.0,31.0
20.0,000005_019_00000209#2,1.0,1.0,10.0,10.0,59.0
20.0,000005_027_00000493#1,1.0,1.0,10.0,10.0,34.0
20.0,000005_027_00000493#2,1.0,1.0,10.0,10.0,38.0
20.0,000005_027_00000493#3,1.0,1.0,10.0,10.0,49.0
20.0,000005_027_00000493#4,1.0,1.0,10.0,10.0,21.0
20.0,000005_027_00000493#5,1.0,1.0,10.0,10.0,25.0
20.0,000005_027_00000493#6,1.0,1.0,10.0,10.0,20.0
20.0,000005_027_00000493#7,1.0,1.0,10.0,10.0,26.0
20.0,000005_027_00000493#8,1.0,1.0,10.0,10.0,74.0
20.0,000005_028_00000001#2,1.0,1.0,10.0,10.0,77.0
20.0,000005_028_00000163#2,1.0,1.0,10.0,10.0,31.0
20.0,00000618#2,1.0,1.0,10.0,10.0,101.0
20.0,000006_010_00000389#4,1.0,1.0,10.0,10.0,58.0
20.0,000006_011_00000307#3,1.0,1.0,10.0,10.0,25.0
20.0,000006_011_00000409#8,1.0,1.0,10.0,10.0,40.0
20.0,000006_011_00000409#10,1.0,1.0,10.0,10.0,54.0
20.0,000006_012_00000001#3,1.0,1.0,10.0,10.0,38.0
20.0,000006_012_00000001#6,1.0,1.0,10.0,10.0,63.0
20.0,000006_012_00000001#11,1.0,1.0,10.0,10.0,69.0
20.0,000006_012_00000001#12,1.0,1.0,10.0,10.0,33.0
20.0,000008_003_00000235#1,1.0,1.0,10.0,10.0,76.0
20.0,000008_003_00000235#2,1.0,1.0,10.0,10.0,59.0
20.0,000008_003_00000235#3,1.0,1.0,10.0,10.0,81.0
20.0,000008_003_00000235#4,1.0,1.0,10.0,10.0,66.0
20.0,000008_003_00000235#5,1.0,1.0,10.0,10.0,68.0
20.0,000008_003_00000235#10,1.0,1.0,10.0,10.0,68.0
20.0,000008_003_00000235#11,1.0,1.0,10.0,10.0,16.0
20.0,000008_003_00000352#1,1.0,1.0,10.0,10.0,66.0
20.0,000008_003_00000352#3,1.0,1.0,10.0,10.0,80.0
20.0,000008_003_00000352#5,1.0,1.0,10.0,10.0,74.0
20.0,000008_003_00000352#7,1.0,1.0,10.0,10.0,75.0
20.0,000008_003_00000352#8,1.0,1.0,10.0,10.0,75.0
20.0,000008_003_00000352#9,1.0,1.0,10.0,10.0,76.0
20.0,000008_003_00000352#10,1.0,1.0,10.0,10.0,64.0
20.0,000008_003_00000352#12,1.0,1.0,10.0,10.0,74.0
20.0,000008_003_00000352#13,1.0,1.0,10.0,10.0,16.0
20.0,000008_003_00000469#0,1.0,1.0,10.0,10.0,85.0
20.0,000008_003_00000469#1,1.0,1.0,10.0,10.0,70.0
20.0,000008_003_00000469#2,1.0,1.0,10.0,10.0,67.0
20.0,000008_003_00000469#3,1.0,1.0,10.0,10.0,78.0
20.0,000008_003_00000469#4,1.0,1.0,10.0,10.0,85.0
20.0,000008_003_00000469#6,1.0,1.0,10.0,10.0,89.0
20.0,000008_003_00000469#9,1.0,1.0,10.0,10.0,31.0
20.0,000008_003_00000469#10,1.0,1.0,10.0,10.0,18.0
20.0,000008_004_00000665#2,1.0,1.0,10.0,10.0,34.0
20.0,000008_004_00000665#4,1.0,1.0,10.0,10.0,39.0
20.0,000008_004_00000665#11,1.0,1.0,10.0,10.0,52.0
20.0,000008_004_00000665#12,1.0,1.0,10.0,10.0,63.0
20.0,000008_004_00000665#13,1.0,1.0,10.0,10.0,37.0
20.0,000008_013_00000195#1,1.0,1.0,10.0,10.0,66.0
20.0,000008_013_00000195#2,1.0,1.0,10.0,10.0,60.0
20.0,000008_042_00000273#1,1.0,1.0,10.0,10.0,40.0
20.0,000008_045_00000001#0,1.0,1.0,10.0,10.0,48.0
20.0,000008_045_00000001#2,1.0,1.0,10.0,10.0,70.0
20.0,000008_045_00000001#3,1.0,1.0,10.0,10.0,14.0
20.0,000008_045_00000157#0,1.0,1.0,10.0,10.0,80.0
20.0,000008_045_00000157#4,1.0,1.0,10.0,10.0,17.0
20.0,000008_048_00000361#3,1.0,1.0,10.0,10.0,42.0
20.0,000008_048_00000361#4,1.0,1.0,9.0,10.0,36.0
20.0,000008_048_00000361#5,1.0,1.0,8.0,10.0,29.0
20.0,000009_008_00000241#3,1.0,1.0,10.0,10.0,78.0
20.0,000009_008_00000241#5,1.0,1.0,10.0,10.0,69.0
20.0,000009_008_00000241#6,1.0,1.0,10.0,10.0,29.0
20.0,000009_008_00000241#7,1.0,1.0,10.0,10.0,76.0
20.0,000009_008_00000241#9,1.0,1.0,10.0,10.0,84.0
20.0,000009_033_00000333#1,1.0,1.0,10.0,10.0,16.0
20.0,000009_033_00000333#2,1.0,1.0,10.0,10.0,38.0
20.0,000009_033_00000333#3,1.0,1.0,10.0,10.0,38.0
20.0,000009_033_00000333#4,1.0,1.0,10.0,10.0,36.0
20.0,000009_033_00000333#6,1.0,1.0,10.0,10.0,51.0
20.0,000012_008_00000163#3,1.0,1.0,10.0,10.0,67.0
20.0,000012_008_00000163#4,1.0,1.0,10.0,10.0,55.0
20.0,000012_008_00000163#5,1.0,1.0,10.0,10.0,48.0
20.0,000012_008_00000163#6,1.0,1.0,10.0,10.0,60.0
20.0,000012_008_00000163#8,1.0,1.0,10.0,10.0,74.0
20.0,000012_008_00000163#10,1.0,1.0,10.0,10.0,17.0
20.0,000012_008_00000163#11,1.0,1.0,10.0,10.0,26.0
20.0,000012_008_00000163#12,1.0,1.0,10.0,10.0,27.0
20.0,000012_008_00000163#13,1.0,1.0,10.0,10.0,15.0
20.0,000012_008_00000163#14,1.0,1.0,10.0,10.0,11.0
20.0,000012_009_00000244#1,1.0,1.0,10.0,10.0,71.0
20.0,000012_009_00000244#3,1.0,1.0,10.0,10.0,68.0
20.0,000012_009_00000244#4,1.0,1.0,10.0,10.0,40.0
20.0,000012_009_00000244#5,1.0,1.0,10.0,10.0,45.0
20.0,000012_009_00000244#6,1.0,1.0,10.0,10.0,21.0
20.0,000012_009_00000244#7,1.0,1.0,10.0,10.0,13.0
20.0,000012_009_00000244#8,1.0,1.0,10.0,10.0,12.0
20.0,000012_009_00000244#9,1.0,1.0,10.0,10.0,14.0
20.0,000012_009_00000244#10,1.0,1.0,10.0,10.0,34.0
20.0,000012_009_00000244#11,1.0,1.0,10.0,10.0,18.0
20.0,000012_009_00000244#12,1.0,1.0,10.0,10.0,18.0
20.0,000012_009_00000244#13,1.0,1.0,10.0,10.0,19.0
20.0,000012_009_00000244#14,1.0,1.0,8.0,10.0,8.0
20.0,000012_009_00000325#3,1.0,1.0,10.0,10.0,82.0
20.0,000012_009_00000325#4,1.0,1.0,10.0,10.0,36.0
20.0,000012_009_00000325#5,1.0,1.0,10.0,10.0,43.0
20.0,000012_009_00000325#6,1.0,1.0,10.0,10.0,28.0
20.0,000012_009_00000325#7,1.0,1.0,10.0,10.0,17.0
20.0,000012_009_00000325#8,1.0,1.0,10.0,10.0,16.0
20.0,000012_009_00000325#9,1.0,1.0,7.0,10.0,8.0
20.0,000012_009_00000325#11,1.0,1.0,10.0,10.0,28.0
20.0,000012_009_00000325#12,1.0,1.0,10.0,10.0,15.0
20.0,000012_009_00000325#14,1.0,1.0,10.0,10.0,22.0
20.0,000012_009_00000325#15,1.0,1.0,3.0,10.0,19.0
20.0,000012_009_00000325#16,1.0,1.0,10.0,10.0,35.0
20.0,000012_014_00000184#0,1.0,1.0,10.0,10.0,33.0
20.0,000012_014_00000184#1,1.0,1.0,10.0,10.0,55.0
20.0,000012_014_00000184#3,1.0,1.0,10.0,10.0,26.0
20.0,000012_019_00000151#1,1.0,1.0,10.0,10.0,59.0
20.0,000012_019_00000151#2,1.0,1.0,10.0,10.0,14.0
20.0,000012_019_00000151#4,1.0,1.0,10.0,10.0,21.0
20.0,000012_019_00000151#5,1.0,1.0,10.0,10.0,14.0
20.0,000012_022_00000090#0,1.0,1.0,10.0,10.0,64.0
20.0,000012_022_00000090#1,1.0,1.0,10.0,10.0,23.0
20.0,000012_025_00000313#1,1.0,1.0,10.0,10.0,11.0
20.0,000012_025_00000313#2,1.0,1.0,10.0,10.0,11.0
20.0,000012_025_00000313#3,1.0,1.0,10.0,10.0,13.0
20.0,000012_025_00000313#4,1.0,1.0,7.0,10.0,7.0
20.0,000012_025_00000313#5,1.0,1.0,10.0,10.0,13.0
20.0,000012_025_00000313#6,1.0,1.0,8.0,10.0,8.0
20.0,000012_028_00000250#0,1.0,1.0,10.0,10.0,64.0
20.0,000012_028_00000250#1,1.0,1.0,10.0,10.0,56.0
20.0,000013_001_00000001#1,1.0,1.0,10.0,10.0,33.0
20.0,000013_001_00000001#2,1.0,1.0,10.0,10.0,34.0
20.0,000013_001_00000001#3,1.0,1.0,10.0,10.0,31.0
20.0,000013_002_00000281#1,1.0,1.0,10.0,10.0,31.0
20.0,000013_002_00000281#2,1.0,1.0,10.0,10.0,36.0
20.0,000013_002_00000281#3,1.0,1.0,10.0,10.0,20.0
20.0,000013_023_00000075#1,1.0,1.0,10.0,10.0,56.0
20.0,000013_023_00000075#2,1.0,1.0,10.0,10.0,68.0
20.0,000013_025_00000285#0,1.0,1.0,10.0,10.0,15.0
20.0,000013_025_00000285#1,1.0,1.0,10.0,10.0,56.0
20.0,000013_025_00000285#2,1.0,1.0,10.0,10.0,20.0
20.0,000013_030_00000063#0,1.0,1.0,10.0,10.0,21.0
20.0,000013_030_00000063#1,1.0,1.0,10.0,10.0,68.0
20.0,000013_039_00000063#0,1.0,1.0,10.0,10.0,41.0
20.0,000013_039_00000063#1,1.0,1.0,10.0,10.0,32.0
20.0,000013_039_00000063#3,1.0,1.0,10.0,10.0,26.0
20.0,000013_039_00000063#5,1.0,1.0,8.0,10.0,8.0
20.0,000013_040_suppl_00000167#0,1.0,1.0,10.0,10.0,79.0
20.0,000013_040_suppl_00000333#1,1.0,1.0,10.0,10.0,50.0
20.0,000013_040_suppl_00000333#3,1.0,1.0,10.0,10.0,80.0
20.0,000013_040_suppl_00000333#4,1.0,1.0,8.0,10.0,8.0
20.0,000013_044_00000001#0,1.0,1.0,10.0,10.0,24.0
20.0,000013_044_00000001#1,1.0,1.0,10.0,10.0,31.0
20.0,000013_044_00000001#2,1.0,1.0,10.0,10.0,72.0
20.0,000013_044_00000001#4,1.0,1.0,1.0,10.0,38.0
20.0,000013_044_00000001#5,0.0,1.0,0.0,10.0,72.0
20.0,000013_044_00000001#7,1.0,1.0,10.0,10.0,62.0
20.0,000013_048_00000001#0,1.0,1.0,4.0,10.0,46.0
20.0,000013_048_00000001#1,0.0,1.0,0.0,10.0,60.0
20.0,000013_048_00000001#3,1.0,1.0,6.0,10.0,49.0
20.0,000013_048_00000001#4,1.0,1.0,10.0,10.0,69.0
20.0,000013_056_00000281#2,1.0,1.0,10.0,10.0,49.0
20.0,000013_056_00000281#3,1.0,1.0,10.0,10.0,16.0
20.0,000013_056_00000281#4,1.0,1.0,10.0,10.0,21.0
20.0,000013_056_00000281#6,1.0,1.0,10.0,10.0,11.0
20.0,000013_056_00000281#7,1.0,1.0,10.0,10.0,12.0
20.0,000013_056_00000281#8,1.0,1.0,10.0,10.0,64.0
20.0,000013_056_00000281#9,1.0,1.0,10.0,10.0,43.0
20.0,000013_056_00000281#10,1.0,1.0,10.0,10.0,32.0
20.0,000014_012_00000217#1,1.0,1.0,10.0,10.0,41.0
20.0,000014_012_00000217#2,1.0,1.0,10.0,10.0,48.0
20.0,000014_050_00000273#3,1.0,1.0,10.0,10.0,47.0
20.0,000014_050_00000273#4,1.0,1.0,10.0,10.0,57.0
20.0,000014_050_00000273#5,1.0,1.0,10.0,10.0,26.0
20.0,000014_051_suppl_00000341#2,1.0,1.0,10.0,10.0,15.0
20.0,000014_052_00000131#2,1.0,1.0,10.0,10.0,22.0
20.0,000014_052_00000131#3,1.0,1.0,9.0,10.0,13.0
20.0,000015_004_00000268#0,1.0,1.0,10.0,10.0,27.0
20.0,000015_004_suppl_00000223#2,1.0,1.0,10.0,10.0,36.0
20.0,000016_043_suppl_00000292#1,1.0,1.0,10.0,10.0,21.0
20.0,000016_043_suppl_00000292#2,1.0,1.0,10.0,10.0,56.0
20.0,000016_043_suppl_00000292#4,1.0,1.0,10.0,10.0,30.0
20.0,000016_043_suppl_00000292#5,1.0,1.0,10.0,10.0,25.0
20.0,000016_043_suppl_00000292#6,1.0,1.0,10.0,10.0,45.0
20.0,000016_043_suppl_00000292#8,1.0,1.0,10.0,10.0,26.0
20.0,000016_043_suppl_00000292#9,1.0,1.0,10.0,10.0,32.0
20.0,000016_043_suppl_00000292#10,1.0,1.0,10.0,10.0,19.0
20.0,000016_043_suppl_00000292#11,1.0,1.0,10.0,10.0,27.0
20.0,000016_043_suppl_00000292#12,1.0,1.0,10.0,10.0,32.0
20.0,000016_043_suppl_00000292#14,1.0,1.0,10.0,10.0,70.0
20.0,000016_043_suppl_00000292#17,1.0,1.0,10.0,10.0,47.0
20.0,000016_043_suppl_00000292#20,1.0,1.0,10.0,10.0,23.0
20.0,000016_044_00000085#0,1.0,1.0,10.0,10.0,83.0
20.0,000016_044_00000085#1,1.0,1.0,10.0,10.0,62.0
20.0,000016_044_00000085#3,1.0,1.0,10.0,10.0,17.0
20.0,000016_044_00000085#4,1.0,1.0,10.0,10.0,65.0
20.0,000016_044_00000085#7,1.0,1.0,10.0,10.0,67.0
20.0,000016_044_00000085#10,1.0,1.0,10.0,10.0,78.0
20.0,000016_044_00000169#1,1.0,1.0,10.0,10.0,37.0
20.0,000016_044_00000169#2,1.0,1.0,10.0,10.0,36.0
20.0,000016_044_00000169#3,1.0,1.0,10.0,10.0,16.0
20.0,000016_044_00000169#5,1.0,1.0,10.0,10.0,15.0
20.0,000016_044_00000169#6,1.0,1.0,10.0,10.0,59.0
20.0,000016_044_00000169#8,1.0,1.0,10.0,10.0,88.0
20.0,000016_044_00000169#16,1.0,1.0,10.0,10.0,73.0
20.0,000016_044_00000169#17,1.0,1.0,10.0,10.0,65.0
20.0,000017_011_00000297#3,1.0,1.0,10.0,10.0,12.0
20.0,000017_011_00000297#5,1.0,1.0,10.0,10.0,68.0
20.0,000017_011_00000297#9,1.0,1.0,10.0,10.0,26.0
20.0,000017_011_00000297#10,1.0,1.0,10.0,10.0,86.0
20.0,000017_011_00000297#11,1.0,1.0,10.0,10.0,59.0
20.0,000017_011_00000297#13,1.0,1.0,10.0,10.0,43.0
20.0,000017_012_00000135#2,1.0,1.0,10.0,10.0,36.0
20.0,000017_020_00000214#0,1.0,1.0,10.0,10.0,21.0
20.0,000017_020_00000214#2,1.0,1.0,10.0,10.0,27.0
20.0,000017_020_suppl_00000356#0,1.0,1.0,10.0,10.0,20.0
20.0,000017_020_suppl_00000356#2,1.0,1.0,10.0,10.0,20.0
20.0,000018_006_00000063#0,1.0,1.0,10.0,10.0,66.0
20.0,000019_030_00000072#1,1.0,1.0,10.0,10.0,23.0
20.0,000019_030_00000072#2,1.0,1.0,10.0,10.0,72.0
20.0,000019_030_00000072#3,1.0,1.0,10.0,10.0,54.0
20.0,000019_030_00000072#4,1.0,1.0,10.0,10.0,21.0
20.0,000019_030_00000072#5,1.0,1.0,10.0,10.0,10.0
20.0,000019_038_00000205#2,1.0,1.0,10.0,10.0,20.0
20.0,000019_038_00000205#3,1.0,1.0,10.0,10.0,25.0
20.0,000019_038_00000205#4,1.0,1.0,10.0,10.0,21.0
20.0,000019_038_00000205#5,1.0,1.0,10.0,10.0,36.0
20.0,000019_038_00000205#6,1.0,1.0,10.0,10.0,84.0
20.0,000019_038_00000205#7,1.0,1.0,9.0,10.0,70.0
20.0,000019_038_00000205#8,1.0,1.0,10.0,10.0,82.0
20.0,000019_041_00000141#2,1.0,1.0,10.0,10.0,24.0
20.0,000019_045_00000145#4,1.0,1.0,10.0,10.0,46.0
20.0,000019_045_00000145#5,1.0,1.0,10.0,10.0,42.0
20.0,000019_045_00000145#7,1.0,1.0,7.0,10.0,67.0
20.0,000020_010_00000089#1,1.0,1.0,10.0,10.0,60.0
20.0,000020_010_00000089#5,1.0,1.0,8.0,10.0,9.0
20.0,000020_010_00000089#6,1.0,1.0,10.0,10.0,20.0
20.0,000020_010_00000089#7,1.0,1.0,5.0,10.0,8.0
20.0,000020_014_00000193#2,1.0,1.0,10.0,10.0,63.0
20.0,000020_014_00000193#3,1.0,1.0,10.0,10.0,76.0
20.0,000020_014_00000193#5,1.0,1.0,10.0,10.0,54.0
20.0,000020_014_00000193#6,1.0,1.0,10.0,10.0,77.0
20.0,000020_018_00000093#0,1.0,1.0,10.0,10.0,16.0
20.0,000020_018_00000093#1,1.0,1.0,10.0,10.0,24.0
20.0,000020_018_00000093#2,1.0,1.0,10.0,10.0,81.0
20.0,000020_018_00000093#3,1.0,1.0,10.0,10.0,42.0
20.0,000021_020_00000131#2,1.0,1.0,10.0,10.0,76.0
20.0,000023_005_00000070#1,1.0,1.0,10.0,10.0,32.0
20.0,000023_005_00000070#2,1.0,1.0,10.0,10.0,87.0
20.0,000023_005_00000070#3,1.0,1.0,10.0,10.0,63.0
20.0,000023_005_00000070#4,1.0,1.0,10.0,10.0,63.0
20.0,000023_005_00000070#5,1.0,1.0,10.0,10.0,18.0
20.0,000023_005_00000070#6,1.0,1.0,10.0,10.0,23.0
20.0,000031#0,1.0,1.0,10.0,10.0,53.0
20.0,000031#1,1.0,1.0,10.0,10.0,15.0
20.0,000031#2,1.0,1.0,8.0,10.0,8.0
20.0,000031#3,1.0,1.0,10.0,10.0,15.0
20.0,000031#6,1.0,1.0,10.0,10.0,24.0
20.0,000031#8,1.0,1.0,10.0,10.0,53.0
20.0,000031#10,1.0,1.0,10.0,10.0,16.0
20.0,000031#11,1.0,1.0,7.0,10.0,21.0
20.0,000066#0,1.0,1.0,10.0,10.0,31.0
20.0,000066#1,1.0,1.0,10.0,10.0,15.0
20.0,000066#2,1.0,1.0,10.0,10.0,61.0
20.0,000066#3,1.0,1.0,10.0,10.0,39.0
20.0,000070#0,1.0,1.0,10.0,10.0,28.0
20.0,000070#1,1.0,1.0,10.0,10.0,18.0
20.0,000070#2,1.0,1.0,9.0,10.0,52.0
20.0,000070#3,1.0,1.0,10.0,10.0,67.0
20.0,000173#1,1.0,1.0,10.0,10.0,27.0
20.0,000303#2,1.0,1.0,10.0,10.0,67.0
20.0,000303#6,1.0,1.0,10.0,10.0,30.0
20.0,000303#7,1.0,1.0,10.0,10.0,16.0
20.0,000328#1,1.0,1.0,10.0,10.0,58.0
20.0,000328#3,1.0,1.0,10.0,10.0,65.0
20.0,000415#1,1.0,1.0,10.0,10.0,14.0
20.0,000415#2,1.0,1.0,8.0,10.0,9.0
20.0,000415#4,1.0,1.0,10.0,10.0,22.0
20.0,000415#5,1.0,1.0,10.0,10.0,24.0
20.0,000415#6,1.0,1.0,10.0,10.0,12.0
20.0,000415#8,1.0,1.0,10.0,10.0,10.0
20.0,000415#10,1.0,1.0,10.0,10.0,13.0
20.0,000415#11,1.0,1.0,10.0,10.0,12.0
20.0,000415#13,1.0,1.0,10.0,10.0,21.0
20.0,000415#14,1.0,1.0,10.0,10.0,13.0
20.0,000415#15,1.0,1.0,10.0,10.0,17.0
20.0,000415#16,1.0,1.0,7.0,10.0,8.0
20.0,000415#17,1.0,1.0,7.0,10.0,10.0
20.0,000415#19,1.0,1.0,10.0,10.0,37.0
20.0,000433#7,1.0,1.0,10.0,10.0,57.0
20.0,000437#0,1.0,1.0,10.0,10.0,67.0
20.0,000437#1,1.0,1.0,10.0,10.0,75.0
20.0,000437#2,1.0,1.0,10.0,10.0,26.0
20.0,000437#5,1.0,1.0,10.0,10.0,48.0
20.0,000484#2,1.0,1.0,10.0,10.0,37.0
20.0,000484#3,1.0,1.0,10.0,10.0,55.0
20.0,000500#0,1.0,1.0,10.0,10.0,14.0
20.0,000500#1,1.0,1.0,9.0,10.0,9.0
20.0,000500#2,1.0,1.0,10.0,10.0,15.0
20.0,000525#0,1.0,1.0,10.0,10.0,14.0
20.0,000525#1,1.0,1.0,10.0,10.0,30.0
20.0,000525#2,1.0,1.0,10.0,10.0,35.0
20.0,000561#0,1.0,1.0,10.0,10.0,70.0
20.0,000561#3,1.0,1.0,10.0,10.0,63.0
20.0,000561#4,1.0,1.0,10.0,10.0,38.0
20.0,000597#2,1.0,1.0,10.0,10.0,62.0
20.0,000597#3,1.0,1.0,8.0,10.0,29.0
20.0,000630#0,1.0,1.0,10.0,10.0,14.0
20.0,000680#5,1.0,1.0,10.0,10.0,69.0
20.0,000707#1,1.0,1.0,10.0,10.0,13.0
20.0,000707#2,1.0,1.0,10.0,10.0,18.0
20.0,000707#3,1.0,1.0,9.0,10.0,9.0
20.0,000707#4,1.0,1.0,10.0,10.0,25.0
20.0,000707#5,1.0,1.0,10.0,10.0,20.0
20.0,000735#1,1.0,1.0,10.0,10.0,11.0
20.0,000738#0,1.0,1.0,10.0,10.0,26.0
20.0,000738#2,1.0,1.0,9.0,10.0,9.0
20.0,000738#3,1.0,1.0,10.0,10.0,36.0
20.0,000756#4,1.0,1.0,10.0,10.0,34.0
20.0,000759#2,1.0,1.0,10.0,10.0,34.0
20.0,000780#0,1.0,1.0,10.0,10.0,22.0
20.0,000780#3,1.0,1.0,10.0,10.0,90.0
20.0,000783#0,1.0,1.0,10.0,10.0,45.0
20.0,000783#1,1.0,1.0,10.0,10.0,42.0
20.0,000783#3,1.0,1.0,10.0,10.0,38.0
20.0,000783#4,1.0,1.0,10.0,10.0,26.0
20.0,000808#1,1.0,1.0,10.0,10.0,21.0
20.0,000820#2,1.0,1.0,10.0,10.0,58.0
20.0,000820#3,1.0,1.0,10.0,10.0,45.0
20.0,000820#4,1.0,1.0,10.0,10.0,25.0
20.0,000820#5,1.0,1.0,10.0,10.0,27.0
20.0,000820#7,1.0,1.0,8.0,10.0,8.0
20.0,000889#5,1.0,1.0,10.0,10.0,84.0
20.0,000889#6,1.0,1.0,10.0,10.0,40.0
20.0,000889#7,1.0,1.0,10.0,10.0,14.0
20.0,000889#8,1.0,1.0,10.0,10.0,15.0
20.0,000889#9,1.0,1.0,10.0,10.0,22.0
20.0,000889#13,1.0,1.0,10.0,10.0,24.0
20.0,000889#14,1.0,1.0,10.0,10.0,69.0
20.0,000943#0,1.0,1.0,10.0,10.0,16.0
20.0,000943#1,1.0,1.0,10.0,10.0,14.0
20.0,000943#2,1.0,1.0,10.0,10.0,64.0
20.0,000943#3,1.0,1.0,7.0,10.0,7.0
20.0,000943#4,1.0,1.0,6.0,10.0,7.0
20.0,000943#6,1.0,1.0,7.0,10.0,18.0
20.0,000943#7,1.0,1.0,9.0,10.0,23.0
20.0,000952#0,1.0,1.0,10.0,10.0,22.0
20.0,001033#1,1.0,1.0,10.0,10.0,15.0
20.0,001033#2,1.0,1.0,10.0,10.0,31.0
20.0,001033#3,1.0,1.0,10.0,10.0,41.0
20.0,001033#9,1.0,1.0,10.0,10.0,25.0
20.0,001033#10,1.0,1.0,10.0,10.0,21.0
20.0,001035#0,1.0,1.0,10.0,10.0,19.0
20.0,001035#1,1.0,1.0,10.0,10.0,53.0
20.0,001035#2,1.0,1.0,10.0,10.0,76.0
20.0,001035#7,1.0,1.0,10.0,10.0,40.0
20.0,001035#9,1.0,1.0,10.0,10.0,22.0
20.0,001035#10,1.0,1.0,10.0,10.0,63.0
20.0,001114#5,1.0,1.0,10.0,10.0,47.0
20.0,001114#6,1.0,1.0,10.0,10.0,40.0
20.0,001114#7,1.0,1.0,10.0,10.0,12.0
20.0,001114#8,1.0,1.0,10.0,10.0,26.0
20.0,001114#10,1.0,1.0,10.0,10.0,17.0
20.0,001123#0,1.0,1.0,10.0,10.0,31.0
20.0,001123#1,1.0,1.0,10.0,10.0,76.0
20.0,001123#2,1.0,1.0,10.0,10.0,77.0
20.0,001123#4,1.0,1.0,10.0,10.0,64.0
20.0,001123#5,1.0,1.0,10.0,10.0,42.0
20.0,001123#6,1.0,1.0,10.0,10.0,79.0
20.0,001123#7,1.0,1.0,10.0,10.0,86.0
20.0,001123#8,1.0,1.0,6.0,10.0,36.0
20.0,001123#9,1.0,1.0,10.0,10.0,56.0
20.0,001123#10,1.0,1.0,10.0,10.0,62.0
20.0,001123#11,1.0,1.0,10.0,10.0,66.0
20.0,001123#12,1.0,1.0,10.0,10.0,79.0
20.0,001123#13,1.0,1.0,10.0,10.0,31.0
20.0,001123#18,1.0,1.0,9.0,10.0,9.0
20.0,001123#19,1.0,1.0,10.0,10.0,10.0
20.0,001123#20,1.0,1.0,10.0,10.0,49.0
20.0,001123#21,1.0,1.0,10.0,10.0,32.0
20.0,001123#22,1.0,1.0,10.0,10.0,33.0
20.0,001135#4,1.0,1.0,10.0,10.0,64.0
20.0,001135#6,1.0,1.0,10.0,10.0,72.0
20.0,001135#7,1.0,1.0,5.0,10.0,14.0
20.0,001157#4,1.0,1.0,10.0,10.0,14.0
20.0,001157#5,1.0,1.0,10.0,10.0,30.0
20.0,001157#8,1.0,1.0,10.0,10.0,77.0
20.0,001157#9,1.0,1.0,10.0,10.0,68.0
20.0,001202#3,1.0,1.0,10.0,10.0,72.0
20.0,001202#4,1.0,1.0,10.0,10.0,78.0
20.0,001202#8,1.0,1.0,10.0,10.0,23.0
20.0,001202#10,1.0,1.0,10.0,10.0,56.0
20.0,001202#11,1.0,1.0,10.0,10.0,57.0
20.0,001202#12,1.0,1.0,10.0,10.0,42.0
20.0,001257#0,1.0,1.0,10.0,10.0,46.0
20.0,001257#3,1.0,1.0,10.0,10.0,69.0
20.0,001257#6,1.0,1.0,10.0,10.0,27.0
20.0,001257#9,1.0,1.0,10.0,10.0,27.0
20.0,001257#10,1.0,1.0,10.0,10.0,46.0
20.0,001257#11,1.0,1.0,10.0,10.0,31.0
20.0,001276#3,1.0,1.0,10.0,10.0,58.0
20.0,001276#7,1.0,1.0,10.0,10.0,30.0
20.0,001276#9,1.0,1.0,10.0,10.0,54.0
20.0,001276#10,1.0,1.0,10.0,10.0,27.0
20.0,001276#11,1.0,1.0,10.0,10.0,31.0
20.0,001276#12,1.0,1.0,10.0,10.0,25.0
20.0,001276#13,1.0,1.0,10.0,10.0,35.0
20.0,001276#14,1.0,1.0,10.0,10.0,50.0
20.0,001276#15,1.0,1.0,10.0,10.0,25.0
20.0,001295#0,1.0,1.0,10.0,10.0,30.0
20.0,001295#1,1.0,1.0,10.0,10.0,52.0
20.0,001295#3,1.0,1.0,10.0,10.0,10.0
20.0,001295#10,1.0,1.0,10.0,10.0,55.0
20.0,001295#11,1.0,1.0,10.0,10.0,24.0
20.0,001295#12,1.0,1.0,10.0,10.0,17.0
20.0,001295#13,1.0,1.0,10.0,10.0,28.0
20.0,001295#14,1.0,1.0,10.0,10.0,36.0
20.0,001295#15,1.0,1.0,10.0,10.0,24.0
20.0,001295#17,1.0,1.0,10.0,10.0,19.0
20.0,001295#18,1.0,1.0,10.0,10.0,15.0
20.0,001295#19,1.0,1.0,10.0,10.0,17.0
20.0,001295#20,1.0,1.0,10.0,10.0,16.0
20.0,001295#21,1.0,1.0,10.0,10.0,22.0
20.0,001295#22,1.0,1.0,10.0,10.0,26.0
20.0,001295#24,1.0,1.0,10.0,10.0,26.0
20.0,001295#26,1.0,1.0,9.0,10.0,9.0
20.0,001409#0,1.0,1.0,10.0,10.0,39.0
20.0,001409#1,1.0,1.0,10.0,10.0,43.0
20.0,001415#0,1.0,1.0,10.0,10.0,42.0
20.0,001415#1,1.0,1.0,10.0,10.0,44.0
20.0,001415#2,1.0,1.0,10.0,10.0,41.0
20.0,001415#3,1.0,1.0,10.0,10.0,53.0
20.0,001443#3,1.0,1.0,10.0,10.0,53.0
20.0,001443#4,1.0,1.0,10.0,10.0,73.0
20.0,001443#6,1.0,1.0,10.0,10.0,66.0
20.0,001443#7,1.0,1.0,10.0,10.0,67.0
20.0,001443#9,1.0,1.0,10.0,10.0,27.0
20.0,001443#10,1.0,1.0,10.0,10.0,46.0
20.0,001461#2,1.0,1.0,10.0,10.0,28.0
20.0,001461#3,1.0,1.0,10.0,10.0,42.0
20.0,001461#4,1.0,1.0,10.0,10.0,64.0
20.0,001461#5,1.0,1.0,10.0,10.0,36.0
20.0,001531#1,1.0,1.0,10.0,10.0,16.0
20.0,001531#2,1.0,1.0,10.0,10.0,11.0
20.0,001531#6,1.0,1.0,10.0,10.0,28.0
20.0,001531#8,1.0,1.0,10.0,10.0,11.0
20.0,001531#10,1.0,1.0,10.0,10.0,43.0
20.0,001558#4,1.0,1.0,10.0,10.0,31.0
20.0,001683#1,1.0,1.0,10.0,10.0,83.0
20.0,001683#6,1.0,1.0,10.0,10.0,36.0
20.0,001683#7,1.0,1.0,10.0,10.0,46.0
20.0,001683#8,1.0,1.0,10.0,10.0,50.0
20.0,001694#1,1.0,1.0,10.0,10.0,28.0
20.0,001694#2,1.0,1.0,10.0,10.0,64.0
20.0,001694#7,1.0,1.0,10.0,10.0,62.0
20.0,001694#8,1.0,1.0,10.0,10.0,36.0
20.0,001694#9,1.0,1.0,10.0,10.0,50.0
20.0,001694#10,1.0,1.0,10.0,10.0,27.0
20.0,001694#11,1.0,1.0,10.0,10.0,28.0
20.0,001694#12,1.0,1.0,10.0,10.0,22.0
20.0,001694#13,1.0,1.0,10.0,10.0,27.0
20.0,001694#14,1.0,1.0,10.0,10.0,31.0
20.0,001707#1,1.0,1.0,10.0,10.0,22.0
20.0,001707#2,1.0,1.0,10.0,10.0,68.0
20.0,001707#7,1.0,1.0,10.0,10.0,62.0
20.0,001707#8,1.0,1.0,10.0,10.0,36.0
20.0,001707#9,1.0,1.0,10.0,10.0,31.0
20.0,001707#10,1.0,1.0,10.0,10.0,34.0
20.0,001707#11,1.0,1.0,10.0,10.0,57.0
20.0,001707#12,1.0,1.0,10.0,10.0,19.0
20.0,001712#1,1.0,1.0,10.0,10.0,72.0
20.0,001712#6,1.0,1.0,10.0,10.0,58.0
20.0,001712#7,1.0,1.0,10.0,10.0,16.0
20.0,001712#8,1.0,1.0,10.0,10.0,36.0
20.0,001712#9,1.0,1.0,10.0,10.0,55.0
20.0,001712#10,1.0,1.0,10.0,10.0,25.0
20.0,001712#11,1.0,1.0,10.0,10.0,23.0
20.0,001712#12,1.0,1.0,10.0,10.0,27.0
20.0,001724#1,1.0,1.0,10.0,10.0,11.0
20.0,001724#3,1.0,1.0,10.0,10.0,56.0
20.0,001724#7,1.0,1.0,10.0,10.0,84.0
20.0,001724#8,1.0,1.0,10.0,10.0,34.0
20.0,001724#9,1.0,1.0,10.0,10.0,30.0
20.0,001724#10,1.0,1.0,10.0,10.0,27.0
20.0,001724#11,1.0,1.0,10.0,10.0,34.0
20.0,001724#12,1.0,1.0,10.0,10.0,38.0
20.0,001737#3,1.0,1.0,10.0,10.0,54.0
20.0,001737#7,1.0,1.0,10.0,10.0,76.0
20.0,001737#8,1.0,1.0,8.0,10.0,8.0
20.0,001737#9,1.0,1.0,10.0,10.0,15.0
20.0,001737#10,1.0,1.0,10.0,10.0,36.0
20.0,001737#11,1.0,1.0,10.0,10.0,30.0
20.0,001737#12,1.0,1.0,10.0,10.0,38.0
20.0,001737#13,1.0,1.0,10.0,10.0,30.0
20.0,001742#0,1.0,1.0,10.0,10.0,41.0
20.0,001763#0,1.0,1.0,10.0,10.0,25.0
20.0,001785#0,1.0,1.0,10.0,10.0,50.0
20.0,001785#1,1.0,1.0,10.0,10.0,51.0
20.0,001785#2,1.0,1.0,10.0,10.0,80.0
20.0,001851#0,1.0,1.0,10.0,10.0,48.0
20.0,001851#8,1.0,1.0,10.0,10.0,25.0
20.0,001851#9,1.0,1.0,10.0,10.0,27.0
20.0,001851#10,1.0,1.0,10.0,10.0,31.0
20.0,001851#11,1.0,1.0,10.0,10.0,25.0
20.0,001851#12,1.0,1.0,10.0,10.0,27.0
20.0,001851#13,1.0,1.0,10.0,10.0,50.0
20.0,001851#14,1.0,1.0,10.0,10.0,27.0
20.0,001862#0,1.0,1.0,10.0,10.0,48.0
20.0,001862#8,1.0,1.0,10.0,10.0,21.0
20.0,001862#9,1.0,1.0,10.0,10.0,27.0
20.0,001862#10,1.0,1.0,10.0,10.0,54.0
20.0,001862#11,1.0,1.0,10.0,10.0,21.0
20.0,001862#12,1.0,1.0,10.0,10.0,20.0
20.0,001862#13,1.0,1.0,10.0,10.0,32.0
20.0,001862#14,1.0,1.0,10.0,10.0,29.0
20.0,001862#15,1.0,1.0,10.0,10.0,37.0
20.0,001873#0,1.0,1.0,10.0,10.0,48.0
20.0,001873#4,1.0,1.0,10.0,10.0,73.0
20.0,001873#8,1.0,1.0,10.0,10.0,26.0
20.0,001873#9,1.0,1.0,10.0,10.0,50.0
20.0,001873#10,1.0,1.0,10.0,10.0,14.0
20.0,001873#11,1.0,1.0,10.0,10.0,27.0
20.0,001873#12,1.0,1.0,10.0,10.0,26.0
20.0,001873#13,1.0,1.0,10.0,10.0,27.0
20.0,001881#0,1.0,1.0,10.0,10.0,48.0
20.0,001881#4,1.0,1.0,10.0,10.0,73.0
20.0,001881#8,1.0,1.0,10.0,10.0,25.0
20.0,001881#9,1.0,1.0,10.0,10.0,54.0
20.0,001881#10,1.0,1.0,10.0,10.0,22.0
20.0,001884#0,1.0,1.0,10.0,10.0,52.0
20.0,001884#4,1.0,1.0,10.0,10.0,73.0
20.0,001884#8,1.0,1.0,10.0,10.0,21.0
20.0,001884#9,1.0,1.0,10.0,10.0,57.0
20.0,001884#10,1.0,1.0,10.0,10.0,25.0
20.0,001884#11,1.0,1.0,10.0,10.0,23.0
20.0,001884#12,1.0,1.0,10.0,10.0,20.0
20.0,001884#13,1.0,1.0,10.0,10.0,17.0
20.0,001884#14,1.0,1.0,10.0,10.0,27.0
20.0,001898#0,1.0,1.0,10.0,10.0,52.0
20.0,001898#4,1.0,1.0,10.0,10.0,74.0
20.0,001898#7,1.0,1.0,10.0,10.0,22.0
20.0,001898#8,1.0,1.0,10.0,10.0,20.0
20.0,001898#9,1.0,1.0,10.0,10.0,21.0
20.0,001898#10,1.0,1.0,10.0,10.0,24.0
20.0,001898#11,1.0,1.0,10.0,10.0,36.0
20.0,001898#12,1.0,1.0,10.0,10.0,55.0
20.0,001898#13,1.0,1.0,10.0,10.0,27.0
20.0,001898#14,1.0,1.0,10.0,10.0,24.0
20.0,001970#1,1.0,1.0,10.0,10.0,73.0
20.0,001970#3,1.0,1.0,10.0,10.0,36.0
20.0,001970#7,1.0,1.0,10.0,10.0,65.0
20.0,001970#8,1.0,1.0,10.0,10.0,26.0
20.0,001970#9,1.0,1.0,10.0,10.0,41.0
20.0,001970#10,1.0,1.0,10.0,10.0,27.0
20.0,002048#2,1.0,1.0,10.0,10.0,68.0
20.0,002048#3,1.0,1.0,10.0,10.0,53.0
20.0,002048#4,1.0,1.0,10.0,10.0,76.0
20.0,002048#7,1.0,1.0,10.0,10.0,37.0
20.0,002048#8,1.0,1.0,10.0,10.0,19.0
20.0,002048#9,1.0,1.0,10.0,10.0,40.0
20.0,002048#10,1.0,1.0,10.0,10.0,41.0
20.0,002097#3,1.0,1.0,10.0,10.0,67.0
20.0,002097#4,1.0,1.0,10.0,10.0,75.0
20.0,002097#7,1.0,1.0,10.0,10.0,22.0
20.0,002097#8,1.0,1.0,10.0,10.0,29.0
20.0,002097#9,1.0,1.0,10.0,10.0,32.0
20.0,002097#10,1.0,1.0,10.0,10.0,32.0
20.0,002102#0,1.0,1.0,10.0,10.0,63.0
20.0,002102#1,1.0,1.0,10.0,10.0,67.0
20.0,002102#2,1.0,1.0,10.0,10.0,64.0
20.0,002102#3,1.0,1.0,10.0,10.0,55.0
20.0,002102#4,1.0,1.0,10.0,10.0,59.0
20.0,002102#5,1.0,1.0,10.0,10.0,40.0
20.0,002102#6,1.0,1.0,10.0,10.0,56.0
20.0,002102#7,1.0,1.0,10.0,10.0,56.0
20.0,002102#8,1.0,1.0,10.0,10.0,50.0
20.0,002156#0,1.0,1.0,10.0,10.0,40.0
20.0,002156#1,1.0,1.0,10.0,10.0,28.0
20.0,002156#2,1.0,1.0,10.0,10.0,38.0
20.0,002156#3,1.0,1.0,10.0,10.0,59.0
20.0,002156#4,1.0,1.0,10.0,10.0,81.0
20.0,002156#7,1.0,1.0,10.0,10.0,46.0
20.0,002156#8,1.0,1.0,10.0,10.0,34.0
20.0,002156#9,1.0,1.0,10.0,10.0,53.0
20.0,002207#0,1.0,1.0,10.0,10.0,11.0
20.0,002207#1,1.0,1.0,10.0,10.0,49.0
20.0,002235#3,1.0,1.0,10.0,10.0,36.0
20.0,002235#5,1.0,1.0,10.0,10.0,55.0
20.0,002235#6,1.0,1.0,5.0,10.0,17.0
20.0,002235#7,1.0,1.0,10.0,10.0,27.0
20.0,002235#10,1.0,1.0,10.0,10.0,10.0
20.0,002265#3,1.0,1.0,10.0,10.0,15.0
20.0,002265#4,1.0,1.0,10.0,10.0,13.0
20.0,002276#0,1.0,1.0,10.0,10.0,41.0
20.0,002276#1,1.0,1.0,10.0,10.0,18.0
20.0,002276#2,1.0,1.0,10.0,10.0,32.0
20.0,002276#3,1.0,1.0,10.0,10.0,53.0
20.0,002276#6,1.0,1.0,10.0,10.0,46.0
20.0,002331#2,1.0,1.0,10.0,10.0,49.0
20.0,002331#3,1.0,1.0,10.0,10.0,37.0
20.0,002331#4,1.0,1.0,10.0,10.0,75.0
20.0,002331#16,1.0,1.0,10.0,10.0,14.0
20.0,002331#18,1.0,1.0,9.0,10.0,21.0
20.0,002334#1,1.0,1.0,10.0,10.0,11.0
20.0,002334#8,1.0,1.0,10.0,10.0,56.0
20.0,002334#9,1.0,1.0,10.0,10.0,18.0
20.0,002338#0,1.0,1.0,10.0,10.0,62.0
20.0,002338#1,1.0,1.0,10.0,10.0,70.0
20.0,002338#4,1.0,1.0,10.0,10.0,73.0
20.0,002338#5,1.0,1.0,10.0,10.0,44.0
20.0,002357#0,1.0,1.0,10.0,10.0,23.0
20.0,002357#1,1.0,1.0,10.0,10.0,35.0
20.0,002357#2,1.0,1.0,10.0,10.0,72.0
20.0,002357#3,1.0,1.0,10.0,10.0,43.0
20.0,002359#0,1.0,1.0,10.0,10.0,29.0
20.0,002359#1,1.0,1.0,10.0,10.0,43.0
20.0,002359#2,1.0,1.0,10.0,10.0,45.0
20.0,002359#3,1.0,1.0,10.0,10.0,27.0
20.0,002378#0,1.0,1.0,10.0,10.0,34.0
20.0,002378#1,1.0,1.0,10.0,10.0,11.0
20.0,002378#3,1.0,1.0,10.0,10.0,66.0
20.0,002378#5,1.0,1.0,10.0,10.0,73.0
20.0,002378#6,1.0,1.0,10.0,10.0,19.0
20.0,002380#2,1.0,1.0,10.0,10.0,77.0
20.0,002380#3,1.0,1.0,10.0,10.0,55.0
20.0,002380#4,1.0,1.0,10.0,10.0,19.0
20.0,002380#5,1.0,1.0,8.0,10.0,8.0
20.0,002380#6,1.0,1.0,10.0,10.0,45.0
20.0,002380#7,1.0,1.0,10.0,10.0,14.0
20.0,002380#8,1.0,1.0,10.0,10.0,15.0
20.0,002380#9,1.0,1.0,10.0,10.0,25.0
20.0,002413#0,1.0,1.0,10.0,10.0,23.0
20.0,002517#1,1.0,1.0,10.0,10.0,48.0
20.0,002517#2,1.0,1.0,10.0,10.0,16.0
20.0,002517#4,1.0,1.0,10.0,10.0,23.0
20.0,002517#5,1.0,1.0,10.0,10.0,76.0
20.0,002584#4,1.0,1.0,9.0,10.0,11.0
20.0,002584#6,1.0,1.0,10.0,10.0,11.0
20.0,002625#6,1.0,1.0,10.0,10.0,17.0
20.0,002625#8,1.0,1.0,10.0,10.0,26.0
20.0,002625#10,1.0,1.0,10.0,10.0,27.0
20.0,002625#13,1.0,1.0,10.0,10.0,22.0
20.0,002625#14,1.0,1.0,10.0,10.0,73.0
20.0,002625#18,1.0,1.0,10.0,10.0,29.0
20.0,002625#19,1.0,1.0,10.0,10.0,13.0
20.0,002625#20,1.0,1.0,10.0,10.0,70.0
20.0,002625#21,1.0,1.0,10.0,10.0,82.0
20.0,002625#22,1.0,1.0,10.0,10.0,36.0
20.0,002625#23,1.0,1.0,10.0,10.0,34.0
20.0,002625#24,1.0,1.0,10.0,10.0,65.0
20.0,002625#25,1.0,1.0,10.0,10.0,11.0
20.0,002625#26,1.0,1.0,10.0,10.0,48.0
20.0,002625#27,1.0,1.0,4.0,10.0,25.0
20.0,002625#28,1.0,1.0,10.0,10.0,37.0
20.0,002625#29,1.0,1.0,10.0,10.0,63.0
20.0,002625#30,1.0,1.0,10.0,10.0,23.0
20.0,002625#31,1.0,1.0,10.0,10.0,34.0
20.0,002625#32,1.0,1.0,10.0,10.0,45.0
20.0,002625#33,1.0,1.0,10.0,10.0,12.0
20.0,002627#5,1.0,1.0,10.0,10.0,20.0
20.0,002627#7,1.0,1.0,10.0,10.0,17.0
20.0,002627#11,1.0,1.0,6.0,10.0,74.0
20.0,002627#12,1.0,1.0,10.0,10.0,32.0
20.0,002627#15,1.0,1.0,10.0,10.0,69.0
20.0,002627#17,1.0,1.0,10.0,10.0,73.0
20.0,002627#18,1.0,1.0,10.0,10.0,74.0
20.0,002627#19,1.0,1.0,10.0,10.0,18.0
20.0,002627#22,1.0,1.0,10.0,10.0,87.0
20.0,002627#23,1.0,1.0,10.0,10.0,71.0
20.0,002627#26,1.0,1.0,10.0,10.0,80.0
20.0,002627#27,1.0,1.0,10.0,10.0,81.0
20.0,002627#28,1.0,1.0,10.0,10.0,48.0
20.0,002627#30,1.0,1.0,10.0,10.0,39.0
20.0,002627#31,1.0,1.0,10.0,10.0,50.0
20.0,002627#32,1.0,1.0,10.0,10.0,55.0
20.0,002671#7,1.0,1.0,10.0,10.0,51.0
20.0,002671#9,1.0,1.0,10.0,10.0,25.0
20.0,002671#11,1.0,1.0,10.0,10.0,39.0
20.0,002671#12,1.0,1.0,10.0,10.0,63.0
20.0,002671#13,1.0,1.0,10.0,10.0,45.0
20.0,002671#14,1.0,1.0,10.0,10.0,30.0
20.0,002671#15,1.0,1.0,10.0,10.0,30.0
20.0,002671#16,1.0,1.0,10.0,10.0,18.0
20.0,002671#17,1.0,1.0,10.0,10.0,45.0
20.0,002671#18,1.0,1.0,10.0,10.0,18.0
20.0,002671#19,1.0,1.0,10.0,10.0,57.0
20.0,002671#20,1.0,1.0,10.0,10.0,46.0
20.0,002671#21,1.0,1.0,10.0,10.0,23.0
20.0,002671#22,1.0,1.0,10.0,10.0,23.0
20.0,002671#23,1.0,1.0,10.0,10.0,46.0
20.0,002671#24,1.0,1.0,10.0,10.0,59.0
20.0,002677#0,1.0,1.0,10.0,10.0,63.0
20.0,002677#1,1.0,1.0,10.0,10.0,40.0
20.0,002677#16,1.0,1.0,10.0,10.0,14.0
20.0,002677#17,1.0,1.0,10.0,10.0,24.0
20.0,002677#18,1.0,1.0,10.0,10.0,76.0
20.0,002707#11,1.0,1.0,10.0,10.0,22.0
20.0,002707#12,1.0,1.0,10.0,10.0,25.0
20.0,002707#13,1.0,1.0,10.0,10.0,62.0
20.0,002750#1,1.0,1.0,10.0,10.0,15.0
20.0,002750#4,1.0,1.0,10.0,10.0,42.0
20.0,002750#12,1.0,1.0,10.0,10.0,13.0
20.0,002750#13,1.0,1.0,10.0,10.0,12.0
20.0,002750#14,1.0,1.0,10.0,10.0,10.0
20.0,002750#16,1.0,1.0,8.0,10.0,8.0
20.0,002750#18,1.0,1.0,10.0,10.0,14.0
20.0,002750#19,1.0,1.0,10.0,10.0,22.0
20.0,002750#20,1.0,1.0,10.0,10.0,28.0
20.0,002750#21,1.0,1.0,10.0,10.0,28.0
20.0,002750#22,1.0,1.0,10.0,10.0,53.0
20.0,002750#23,1.0,1.0,10.0,10.0,25.0
20.0,002750#25,1.0,1.0,10.0,10.0,51.0
20.0,002762#1,1.0,1.0,10.0,10.0,17.0
20.0,002839#1,1.0,1.0,10.0,10.0,21.0
20.0,002839#2,1.0,1.0,10.0,10.0,25.0
20.0,002839#3,1.0,1.0,10.0,10.0,48.0
20.0,002839#4,1.0,1.0,10.0,10.0,31.0
20.0,002842#3,1.0,1.0,10.0,10.0,25.0
20.0,002842#4,1.0,1.0,10.0,10.0,21.0
20.0,002844#1,1.0,1.0,10.0,10.0,42.0
20.0,002844#2,1.0,1.0,10.0,10.0,21.0
20.0,002844#3,1.0,1.0,10.0,10.0,38.0
20.0,002935#0,1.0,1.0,9.0,10.0,17.0
20.0,002935#1,1.0,1.0,9.0,10.0,13.0
20.0,002955#0,1.0,1.0,10.0,10.0,72.0
20.0,002955#1,1.0,1.0,10.0,10.0,47.0
20.0,002955#4,1.0,1.0,10.0,10.0,32.0
20.0,002955#5,1.0,1.0,10.0,10.0,21.0
20.0,002955#6,1.0,1.0,10.0,10.0,37.0
20.0,002955#7,1.0,1.0,10.0,10.0,68.0
20.0,002955#8,1.0,1.0,10.0,10.0,61.0
20.0,002955#9,1.0,1.0,10.0,10.0,11.0
20.0,002955#10,1.0,1.0,10.0,10.0,42.0
20.0,002955#11,1.0,1.0,10.0,10.0,42.0
20.0,002955#12,1.0,1.0,10.0,10.0,57.0
20.0,002955#13,1.0,1.0,10.0,10.0,67.0
20.0,002955#14,1.0,1.0,10.0,10.0,73.0
20.0,002955#16,1.0,1.0,10.0,10.0,49.0
20.0,002955#17,1.0,1.0,10.0,10.0,81.0
20.0,002955#20,1.0,1.0,10.0,10.0,15.0
20.0,002955#23,1.0,1.0,10.0,10.0,29.0
20.0,002955#24,1.0,1.0,7.0,10.0,7.0
20.0,002987#0,1.0,1.0,10.0,10.0,16.0
20.0,002987#1,1.0,1.0,9.0,10.0,9.0
20.0,002987#2,1.0,1.0,10.0,10.0,23.0
20.0,002987#3,1.0,1.0,10.0,10.0,14.0
20.0,002987#4,1.0,1.0,10.0,10.0,34.0
20.0,002987#6,1.0,1.0,10.0,10.0,64.0
20.0,002987#7,1.0,1.0,10.0,10.0,73.0
20.0,002987#8,1.0,1.0,10.0,10.0,28.0
20.0,002987#9,1.0,1.0,10.0,10.0,14.0
20.0,002987#10,1.0,1.0,10.0,10.0,15.0
20.0,002987#11,1.0,1.0,10.0,10.0,15.0
20.0,002987#12,1.0,1.0,8.0,10.0,8.0
20.0,002987#13,1.0,1.0,10.0,10.0,34.0
20.0,002987#14,1.0,1.0,10.0,10.0,20.0
20.0,002987#15,1.0,1.0,10.0,10.0,37.0
20.0,003007#6,1.0,1.0,9.0,10.0,9.0
20.0,003007#8,1.0,1.0,10.0,10.0,41.0
20.0,003007#9,1.0,1.0,10.0,10.0,24.0
20.0,003013#6,1.0,1.0,10.0,10.0,20.0
20.0,003017#4,1.0,1.0,10.0,10.0,12.0
20.0,003026#4,1.0,1.0,9.0,10.0,17.0
20.0,003056#1,1.0,1.0,10.0,10.0,24.0
20.0,003056#2,1.0,1.0,10.0,10.0,15.0
20.0,003056#3,1.0,1.0,10.0,10.0,15.0
20.0,003056#4,1.0,1.0,10.0,10.0,11.0
20.0,003056#7,1.0,1.0,10.0,10.0,38.0
20.0,003056#8,1.0,1.0,9.0,10.0,9.0
20.0,003056#9,1.0,1.0,10.0,10.0,27.0
20.0,003056#10,1.0,1.0,9.0,10.0,18.0
20.0,003056#11,1.0,1.0,10.0,10.0,61.0
20.0,003148#0,1.0,1.0,10.0,10.0,61.0
20.0,003148#2,1.0,1.0,10.0,10.0,63.0
20.0,003148#3,1.0,1.0,10.0,10.0,42.0
20.0,003148#6,1.0,1.0,10.0,10.0,47.0
20.0,003148#7,1.0,1.0,7.0,10.0,8.0
20.0,003148#8,1.0,1.0,7.0,10.0,8.0
20.0,003160#0,1.0,1.0,10.0,10.0,42.0
20.0,003160#1,1.0,1.0,10.0,10.0,28.0
20.0,003160#2,1.0,1.0,10.0,10.0,31.0
20.0,003160#3,1.0,1.0,8.0,10.0,27.0
20.0,003160#4,1.0,1.0,7.0,10.0,31.0
20.0,003160#5,1.0,1.0,10.0,10.0,84.0
20.0,003160#7,1.0,1.0,10.0,10.0,37.0
20.0,003160#8,1.0,1.0,10.0,10.0,69.0
20.0,003160#9,1.0,1.0,10.0,10.0,19.0
20.0,003160#11,1.0,1.0,10.0,10.0,78.0
20.0,003160#13,1.0,1.0,10.0,10.0,37.0
20.0,003160#14,1.0,1.0,10.0,10.0,11.0
20.0,003160#15,1.0,1.0,10.0,10.0,55.0
20.0,003160#17,1.0,1.0,10.0,10.0,43.0
20.0,003160#18,1.0,1.0,10.0,10.0,72.0
20.0,003160#19,1.0,1.0,10.0,10.0,26.0
20.0,003160#20,1.0,1.0,10.0,10.0,18.0
20.0,003160#21,1.0,1.0,10.0,10.0,46.0
20.0,003198#1,1.0,1.0,10.0,10.0,64.0
20.0,003198#4,1.0,1.0,10.0,10.0,42.0
20.0,003257#5,1.0,1.0,10.0,10.0,58.0
20.0,003262#0,1.0,1.0,10.0,10.0,28.0
20.0,003262#1,1.0,1.0,10.0,10.0,31.0
20.0,003262#4,1.0,1.0,10.0,10.0,27.0
20.0,003262#14,1.0,1.0,8.0,10.0,10.0
20.0,003262#16,1.0,1.0,9.0,10.0,10.0
20.0,003262#17,1.0,1.0,10.0,10.0,14.0
20.0,003262#21,1.0,1.0,8.0,10.0,16.0
20.0,003262#23,1.0,1.0,10.0,10.0,22.0
20.0,003262#24,1.0,1.0,10.0,10.0,18.0
20.0,003262#28,1.0,1.0,10.0,10.0,50.0
20.0,003262#29,1.0,1.0,5.0,10.0,7.0
20.0,003262#30,1.0,1.0,10.0,10.0,73.0
20.0,003273#1,1.0,1.0,10.0,10.0,73.0
20.0,003273#3,1.0,1.0,10.0,10.0,68.0
20.0,003273#4,1.0,1.0,10.0,10.0,45.0
20.0,003273#5,1.0,1.0,10.0,10.0,12.0
20.0,003273#6,1.0,1.0,10.0,10.0,87.0
20.0,003273#8,1.0,1.0,10.0,10.0,35.0
20.0,003273#9,1.0,1.0,10.0,10.0,19.0
20.0,003273#10,1.0,1.0,10.0,10.0,42.0
20.0,003273#11,1.0,1.0,10.0,10.0,17.0
20.0,003273#13,1.0,1.0,10.0,10.0,20.0
20.0,003288#0,1.0,1.0,10.0,10.0,74.0
20.0,003288#3,1.0,1.0,10.0,10.0,37.0
20.0,003288#4,1.0,1.0,10.0,10.0,27.0
20.0,003288#5,1.0,1.0,10.0,10.0,20.0
20.0,003288#6,1.0,1.0,10.0,10.0,20.0
20.0,003288#7,1.0,1.0,10.0,10.0,16.0
20.0,003288#8,1.0,1.0,10.0,10.0,14.0
20.0,003288#9,1.0,1.0,10.0,10.0,16.0
20.0,003288#10,1.0,1.0,10.0,10.0,18.0
20.0,003288#11,1.0,1.0,10.0,10.0,14.0
20.0,003288#12,1.0,1.0,10.0,10.0,27.0
20.0,003288#13,1.0,1.0,10.0,10.0,33.0
20.0,003288#14,1.0,1.0,10.0,10.0,13.0
20.0,003288#16,1.0,1.0,10.0,10.0,21.0
20.0,003288#18,1.0,1.0,10.0,10.0,69.0
20.0,003304#0,1.0,1.0,10.0,10.0,42.0
20.0,003304#1,1.0,1.0,10.0,10.0,36.0
20.0,003304#2,1.0,1.0,10.0,10.0,14.0
20.0,003304#3,1.0,1.0,10.0,10.0,48.0
20.0,003304#4,1.0,1.0,10.0,10.0,20.0
20.0,003304#8,1.0,1.0,10.0,10.0,25.0
20.0,003304#9,1.0,1.0,10.0,10.0,41.0
20.0,003304#11,1.0,1.0,10.0,10.0,42.0
20.0,003304#12,1.0,1.0,10.0,10.0,30.0
20.0,003304#13,1.0,1.0,10.0,10.0,13.0
20.0,003317#1,1.0,1.0,10.0,10.0,29.0
20.0,003317#2,1.0,1.0,10.0,10.0,26.0
20.0,003317#3,1.0,1.0,10.0,10.0,29.0
20.0,003317#5,1.0,1.0,10.0,10.0,50.0
20.0,003317#6,1.0,1.0,10.0,10.0,23.0
20.0,003317#7,1.0,1.0,10.0,10.0,27.0
20.0,003317#8,1.0,1.0,10.0,10.0,49.0
20.0,003317#9,1.0,1.0,10.0,10.0,30.0
20.0,003317#12,1.0,1.0,10.0,10.0,12.0
20.0,003317#14,1.0,1.0,10.0,10.0,55.0
20.0,003317#15,1.0,1.0,10.0,10.0,70.0
20.0,003317#16,1.0,1.0,10.0,10.0,43.0
20.0,003348#0,1.0,1.0,10.0,10.0,30.0
20.0,003353#0,1.0,1.0,10.0,10.0,14.0
20.0,003408#1,1.0,1.0,10.0,10.0,22.0
20.0,003411#0,1.0,1.0,10.0,10.0,41.0
20.0,003411#1,1.0,1.0,10.0,10.0,52.0
20.0,003411#2,1.0,1.0,10.0,10.0,57.0
20.0,003411#3,1.0,1.0,10.0,10.0,50.0
20.0,003419#0,1.0,1.0,10.0,10.0,84.0
20.0,003419#5,1.0,1.0,10.0,10.0,22.0
20.0,003419#13,1.0,1.0,8.0,10.0,24.0
20.0,003419#14,1.0,1.0,10.0,10.0,30.0
20.0,003419#17,1.0,1.0,10.0,10.0,30.0
20.0,003419#18,1.0,1.0,10.0,10.0,34.0
20.0,003419#19,1.0,1.0,10.0,10.0,18.0
20.0,003419#21,1.0,1.0,10.0,10.0,36.0
20.0,003425#5,1.0,1.0,10.0,10.0,17.0
20.0,003425#6,1.0,1.0,9.0,10.0,13.0
20.0,003425#7,1.0,1.0,10.0,10.0,11.0
20.0,003425#10,1.0,1.0,10.0,10.0,18.0
20.0,003425#12,1.0,1.0,10.0,10.0,44.0
20.0,003425#13,1.0,1.0,10.0,10.0,46.0
20.0,003460#0,1.0,1.0,10.0,10.0,26.0
20.0,003460#1,1.0,1.0,10.0,10.0,64.0
20.0,003460#3,1.0,1.0,10.0,10.0,80.0
20.0,003460#5,1.0,1.0,10.0,10.0,25.0
20.0,003460#6,1.0,1.0,10.0,10.0,73.0
20.0,003472#0,1.0,1.0,10.0,10.0,31.0
20.0,003472#1,1.0,1.0,10.0,10.0,68.0
20.0,003472#2,1.0,1.0,10.0,10.0,20.0
20.0,003472#3,1.0,1.0,10.0,10.0,71.0
20.0,003475#1,1.0,1.0,10.0,10.0,41.0
20.0,003475#2,1.0,1.0,10.0,10.0,22.0
20.0,003475#3,1.0,1.0,10.0,10.0,51.0
20.0,003475#5,1.0,1.0,10.0,10.0,46.0
20.0,003475#6,1.0,1.0,10.0,10.0,70.0
20.0,003475#10,1.0,1.0,10.0,10.0,21.0
20.0,003475#11,1.0,1.0,10.0,10.0,31.0
20.0,003487#0,1.0,1.0,10.0,10.0,53.0
20.0,003487#2,1.0,1.0,10.0,10.0,62.0
20.0,003489#0,1.0,1.0,10.0,10.0,24.0
20.0,003489#2,1.0,1.0,10.0,10.0,31.0
20.0,003489#3,1.0,1.0,10.0,10.0,55.0
20.0,003489#4,1.0,1.0,10.0,10.0,25.0
20.0,003489#5,1.0,1.0,10.0,10.0,35.0
20.0,003489#9,1.0,1.0,10.0,10.0,26.0
20.0,003489#14,1.0,1.0,10.0,10.0,37.0
20.0,003526#0,1.0,1.0,10.0,10.0,18.0
20.0,003526#3,1.0,1.0,10.0,10.0,13.0
20.0,003532#0,1.0,1.0,10.0,10.0,18.0
20.0,003532#1,1.0,1.0,10.0,10.0,42.0
20.0,003546#0,1.0,1.0,10.0,10.0,27.0
20.0,003546#1,1.0,1.0,10.0,10.0,28.0
20.0,003546#2,1.0,1.0,10.0,10.0,37.0
20.0,003592#0,1.0,1.0,10.0,10.0,23.0
20.0,003592#1,1.0,1.0,10.0,10.0,23.0
20.0,003592#2,1.0,1.0,10.0,10.0,31.0
20.0,003592#3,1.0,1.0,10.0,10.0,20.0
20.0,003595#3,1.0,1.0,10.0,10.0,27.0
20.0,003595#4,1.0,1.0,10.0,10.0,30.0
20.0,003595#5,1.0,1.0,10.0,10.0,21.0
20.0,003595#6,1.0,1.0,10.0,10.0,46.0
20.0,003603#3,1.0,1.0,10.0,10.0,32.0
20.0,003653#3,1.0,1.0,10.0,10.0,15.0
20.0,003653#5,1.0,1.0,10.0,10.0,20.0
20.0,003653#6,1.0,1.0,8.0,10.0,18.0
20.0,003653#7,1.0,1.0,10.0,10.0,14.0
20.0,003653#8,1.0,1.0,10.0,10.0,11.0
20.0,003653#9,1.0,1.0,10.0,10.0,12.0
20.0,003653#11,1.0,1.0,10.0,10.0,36.0
20.0,003653#12,1.0,1.0,10.0,10.0,51.0
20.0,003653#14,1.0,1.0,8.0,10.0,8.0
20.0,003653#16,1.0,1.0,9.0,10.0,9.0
20.0,003653#17,1.0,1.0,10.0,10.0,26.0
20.0,003653#18,1.0,1.0,8.0,10.0,8.0
20.0,003679#4,1.0,1.0,10.0,10.0,50.0
20.0,003679#5,1.0,1.0,10.0,10.0,27.0
20.0,003679#7,1.0,1.0,10.0,10.0,25.0
20.0,003679#8,1.0,1.0,10.0,10.0,32.0
20.0,003703#0,1.0,1.0,10.0,10.0,50.0
20.0,003739#0,1.0,1.0,10.0,10.0,30.0
20.0,003739#1,1.0,1.0,10.0,10.0,35.0
20.0,003739#2,1.0,1.0,10.0,10.0,17.0
20.0,003739#3,1.0,1.0,10.0,10.0,11.0
20.0,003739#5,1.0,1.0,10.0,10.0,16.0
20.0,003739#6,1.0,1.0,9.0,10.0,12.0
20.0,003739#7,1.0,1.0,10.0,10.0,26.0
20.0,003739#8,1.0,1.0,10.0,10.0,16.0
20.0,003757#0,1.0,1.0,10.0,10.0,76.0
20.0,003757#7,1.0,1.0,10.0,10.0,27.0
20.0,003757#8,1.0,1.0,9.0,10.0,10.0
20.0,003757#10,1.0,1.0,10.0,10.0,21.0
20.0,003757#14,1.0,1.0,10.0,10.0,13.0
20.0,003757#15,1.0,1.0,10.0,10.0,15.0
20.0,003757#16,1.0,1.0,8.0,10.0,11.0
20.0,003769#0,1.0,1.0,10.0,10.0,56.0
20.0,003838#0,1.0,1.0,10.0,10.0,72.0
20.0,003863#1,1.0,1.0,10.0,10.0,21.0
20.0,003863#3,1.0,1.0,10.0,10.0,17.0
20.0,003863#5,1.0,1.0,10.0,10.0,33.0
20.0,003863#7,1.0,1.0,10.0,10.0,24.0
20.0,003863#9,1.0,1.0,10.0,10.0,13.0
20.0,003863#10,1.0,1.0,10.0,10.0,12.0
20.0,003863#11,1.0,1.0,10.0,10.0,18.0
20.0,003895#2,1.0,1.0,10.0,10.0,55.0
20.0,003896#0,1.0,1.0,10.0,10.0,43.0
20.0,003896#1,1.0,1.0,10.0,10.0,19.0
20.0,003902#0,1.0,1.0,10.0,10.0,41.0
20.0,003902#1,1.0,1.0,10.0,10.0,15.0
20.0,003902#3,1.0,1.0,10.0,10.0,18.0
20.0,003902#4,1.0,1.0,10.0,10.0,30.0
20.0,003902#5,1.0,1.0,10.0,10.0,18.0
20.0,003902#6,1.0,1.0,10.0,10.0,41.0
20.0,003904#0,1.0,1.0,10.0,10.0,33.0
20.0,003904#1,1.0,1.0,10.0,10.0,19.0
20.0,003941#0,1.0,1.0,10.0,10.0,27.0
20.0,003941#1,1.0,1.0,10.0,10.0,17.0
20.0,003941#3,1.0,1.0,10.0,10.0,12.0
20.0,003941#5,1.0,1.0,10.0,10.0,25.0
20.0,003941#7,1.0,1.0,10.0,10.0,20.0
20.0,003941#8,1.0,1.0,10.0,10.0,26.0
20.0,003941#10,1.0,1.0,10.0,10.0,17.0
20.0,003941#11,1.0,1.0,10.0,10.0,26.0
20.0,003941#12,1.0,1.0,10.0,10.0,17.0
20.0,003941#13,1.0,1.0,10.0,10.0,20.0
20.0,003941#14,1.0,1.0,10.0,10.0,18.0
20.0,003941#15,1.0,1.0,10.0,10.0,22.0
20.0,003941#16,1.0,1.0,10.0,10.0,69.0
20.0,003941#20,1.0,1.0,10.0,10.0,10.0
20.0,003941#21,1.0,1.0,9.0,10.0,25.0
20.0,003941#22,1.0,1.0,10.0,10.0,13.0
20.0,003941#24,1.0,1.0,10.0,10.0,37.0
20.0,003941#25,1.0,1.0,10.0,10.0,18.0
20.0,003941#26,1.0,1.0,10.0,10.0,21.0
20.0,003941#27,1.0,1.0,10.0,10.0,18.0
20.0,003941#29,1.0,1.0,10.0,10.0,17.0
20.0,003941#30,1.0,1.0,10.0,10.0,34.0
20.0,003982#5,1.0,1.0,10.0,10.0,26.0
20.0,003982#6,1.0,1.0,10.0,10.0,15.0
20.0,003982#8,1.0,1.0,10.0,10.0,13.0
20.0,003982#11,1.0,1.0,10.0,10.0,19.0
20.0,003982#14,1.0,1.0,10.0,10.0,29.0
20.0,003982#19,1.0,1.0,9.0,10.0,9.0
20.0,003982#20,1.0,1.0,3.0,10.0,10.0
20.0,003982#23,1.0,1.0,10.0,10.0,25.0
20.0,003982#24,1.0,1.0,10.0,10.0,10.0
20.0,003982#30,1.0,1.0,10.0,10.0,12.0
20.0,003982#32,1.0,1.0,8.0,10.0,14.0
20.0,003982#34,1.0,1.0,10.0,10.0,11.0
20.0,003982#36,1.0,1.0,7.0,10.0,46.0
20.0,003982#41,1.0,1.0,9.0,10.0,10.0
20.0,003982#42,1.0,1.0,10.0,10.0,11.0
20.0,003982#43,1.0,1.0,10.0,10.0,13.0
20.0,003982#47,1.0,1.0,10.0,10.0,57.0
20.0,003982#48,1.0,1.0,10.0,10.0,16.0
20.0,003982#49,1.0,1.0,10.0,10.0,69.0
20.0,003982#50,1.0,1.0,10.0,10.0,34.0
20.0,003982#53,1.0,1.0,7.0,10.0,10.0
20.0,003982#57,1.0,1.0,10.0,10.0,18.0
20.0,003982#58,1.0,1.0,10.0,10.0,18.0
20.0,003982#60,1.0,1.0,10.0,10.0,16.0
20.0,003982#61,1.0,1.0,10.0,10.0,15.0
20.0,003982#62,1.0,1.0,10.0,10.0,17.0
20.0,003987#5,1.0,1.0,10.0,10.0,32.0
20.0,003987#6,1.0,1.0,10.0,10.0,28.0
20.0,003987#10,1.0,1.0,10.0,10.0,66.0
20.0,003987#11,1.0,1.0,10.0,10.0,71.0
20.0,003987#15,1.0,1.0,10.0,10.0,33.0
20.0,003987#16,1.0,1.0,10.0,10.0,42.0
20.0,003987#23,1.0,1.0,7.0,10.0,11.0
20.0,003987#27,1.0,1.0,10.0,10.0,11.0
20.0,003987#35,1.0,1.0,10.0,10.0,26.0
20.0,003987#38,1.0,1.0,10.0,10.0,19.0
20.0,003987#39,1.0,1.0,10.0,10.0,17.0
20.0,003987#40,1.0,1.0,10.0,10.0,16.0
20.0,003987#41,1.0,1.0,10.0,10.0,13.0
20.0,003987#43,1.0,1.0,10.0,10.0,10.0
20.0,003987#46,1.0,1.0,8.0,10.0,8.0
20.0,003987#47,1.0,1.0,10.0,10.0,15.0
20.0,003987#49,1.0,1.0,10.0,10.0,12.0
20.0,003987#50,1.0,1.0,10.0,10.0,15.0
20.0,003987#51,1.0,1.0,10.0,10.0,15.0
20.0,003987#52,1.0,1.0,10.0,10.0,10.0
20.0,003987#53,1.0,1.0,10.0,10.0,19.0
20.0,003987#55,1.0,1.0,10.0,10.0,31.0
20.0,hehe_173_000002_024_00000105#2,1.0,1.0,1.0,10.0,11.0
20.0,hehe_173_000002_024_00000105#4,1.0,1.0,4.0,10.0,11.0
20.0,hehe_173_000002_024_00000105#6,1.0,1.0,11.0,10.0,23.0
20.0,hehe_173_000002_024_00000105#7,1.0,1.0,11.0,10.0,15.0
20.0,hehe_173_000002_024_00000105#9,1.0,1.0,10.0,10.0,31.0
20.0,hehe_173_000002_024_00000105#10,1.0,1.0,10.0,10.0,25.0
20.0,hehe_173_000002_024_00000105#11,1.0,1.0,10.0,10.0,11.0
20.0,hehe_173_000002_024_00000105#13,1.0,1.0,10.0,10.0,31.0
20.0,hehe_173_000002_024_00000105#15,1.0,1.0,10.0,10.0,76.0
20.0,hehe_186_000002_028_00000050#1,1.0,1.0,10.0,10.0,77.0
20.0,hehe_22_00000004#0,1.0,1.0,10.0,10.0,29.0
20.0,hehe_22_00000004#2,1.0,1.0,10.0,10.0,23.0
20.0,hehe_22_00000004#4,1.0,1.0,10.0,10.0,69.0
20.0,hehe_22_00000004#6,1.0,1.0,10.0,10.0,57.0
20.0,hehe_22_00000004#7,1.0,1.0,10.0,10.0,70.0
20.0,hehe_22_00000004#9,1.0,1.0,7.0,10.0,11.0
20.0,hehe_230_000002_043_00000061#1,1.0,1.0,10.0,10.0,69.0
20.0,hehe_230_000002_043_00000061#6,1.0,1.0,10.0,10.0,62.0
20.0,hehe_230_000002_043_00000061#7,1.0,1.0,10.0,10.0,58.0
20.0,hehe_230_000002_043_00000061#10,1.0,1.0,10.0,10.0,31.0
20.0,hehe_230_000002_043_00000061#11,1.0,1.0,10.0,10.0,37.0
20.0,hehe_230_000002_043_00000061#13,1.0,1.0,10.0,10.0,19.0
20.0,hehe_230_000002_043_00000061#14,1.0,1.0,5.0,10.0,12.0
20.0,hehe_232_000002_043_00000181#0,1.0,1.0,8.0,10.0,8.0
20.0,hehe_232_000002_043_00000181#1,1.0,1.0,10.0,10.0,22.0
20.0,hehe_232_000002_043_00000181#2,1.0,1.0,10.0,10.0,57.0
20.0,hehe_232_000002_043_00000181#3,1.0,1.0,10.0,10.0,36.0
20.0,hehe_232_000002_043_00000181#8,1.0,1.0,10.0,10.0,57.0
20.0,hehe_274_000002_060_00000105#1,1.0,1.0,10.0,10.0,67.0
20.0,hehe_274_000002_060_00000105#5,1.0,1.0,10.0,10.0,28.0
20.0,hehe_274_000002_060_00000105#6,1.0,1.0,10.0,10.0,11.0
20.0,hehe_40_00000033#1,1.0,1.0,10.0,10.0,26.0
20.0,hehe_40_00000033#2,1.0,1.0,10.0,10.0,46.0
20.0,hehe_40_00000033#3,0.0,1.0,0.0,10.0,40.0
20.0,hehe_40_00000033#5,1.0,1.0,10.0,10.0,40.0
20.0,hehe_45_00000001#2,1.0,1.0,10.0,10.0,42.0
20.0,hehe_45_00000001#4,1.0,1.0,10.0,10.0,28.0
20.0,hehe_45_00000001#5,1.0,1.0,10.0,10.0,49.0
20.0,hehe_45_00000001#6,1.0,1.0,10.0,10.0,40.0
20.0,hehe_45_00000001#7,1.0,1.0,10.0,10.0,60.0
20.0,hehe_45_00000001#8,1.0,1.0,10.0,10.0,34.0
20.0,hehe_45_00000001#9,1.0,1.0,10.0,10.0,46.0
20.0,hehe_52_00000107#0,1.0,1.0,10.0,10.0,19.0
20.0,hehe_52_00000107#1,1.0,1.0,8.0,10.0,8.0
20.0,hehe_61_00000090#2,1.0,1.0,10.0,10.0,76.0
20.0,hehe_61_00000090#3,1.0,1.0,10.0,10.0,39.0
20.0,hehe_61_00000090#4,1.0,1.0,10.0,10.0,20.0
20.0,hehe_61_00000090#9,1.0,1.0,10.0,10.0,64.0
20.0,hehe_61_00000090#10,1.0,1.0,10.0,10.0,50.0
20.0,hehe_61_00000090#11,1.0,1.0,10.0,10.0,84.0
20.0,hehe_65_00000229#2,1.0,1.0,10.0,10.0,59.0
20.0,hehe_65_00000229#3,1.0,1.0,10.0,10.0,32.0
20.0,hehe_65_00000229#4,1.0,1.0,10.0,10.0,30.0
20.0,hehe_65_00000229#6,1.0,1.0,10.0,10.0,16.0
20.0,hehe_65_00000229#7,1.0,1.0,10.0,10.0,21.0
20.0,hehe_6_00000054#0,1.0,1.0,10.0,10.0,12.0
20.0,hehe_6_00000054#2,1.0,1.0,10.0,10.0,35.0
20.0,hehe_6_00000054#3,1.0,1.0,10.0,10.0,32.0
20.0,hehe_6_00000054#4,1.0,1.0,10.0,10.0,27.0
20.0,hehe_6_00000054#6,1.0,1.0,10.0,10.0,76.0
20.0,hehe_6_00000054#13,1.0,1.0,10.0,10.0,74.0
20.0,hehe_6_00000054#16,1.0,1.0,10.0,10.0,32.0
20.0,hehe_6_00000054#17,1.0,1.0,10.0,10.0,38.0
20.0,hehe_86_00000253#0,1.0,1.0,10.0,10.0,45.0
20.0,hehe_86_00000253#3,1.0,1.0,10.0,10.0,58.0
20.0,hehe_87_00000315#1,1.0,1.0,10.0,10.0,39.0
20.0,hehe_87_00000315#2,1.0,1.0,10.0,10.0,40.0
20.0,hehe_87_00000315#3,1.0,1.0,10.0,10.0,33.0
20.0,hehe_87_00000315#4,1.0,1.0,10.0,10.0,20.0
20.0,hehe_87_00000315#5,1.0,1.0,10.0,10.0,30.0
20.0,hehe_87_00000315#6,1.0,1.0,9.0,10.0,14.0
20.0,shuming_1007_00000230#0,1.0,1.0,10.0,10.0,38.0
20.0,shuming_1007_00000230#3,1.0,1.0,10.0,10.0,43.0
20.0,shuming_1007_00000230#4,1.0,1.0,10.0,10.0,36.0
20.0,shuming_1007_00000230#5,1.0,1.0,10.0,10.0,46.0
20.0,shuming_1007_00000230#7,1.0,1.0,10.0,10.0,63.0
20.0,shuming_1007_00000230#10,1.0,1.0,10.0,10.0,62.0
20.0,shuming_1007_00000230#11,1.0,1.0,10.0,10.0,39.0
20.0,shuming_1007_00000230#12,1.0,1.0,10.0,10.0,34.0
20.0,shuming_1007_00000230#13,1.0,1.0,10.0,10.0,10.0
20.0,shuming_1007_00000230#14,1.0,1.0,6.0,10.0,7.0
20.0,shuming_1007_00000230#15,1.0,1.0,10.0,10.0,79.0
20.0,shuming_1007_00000230#16,1.0,1.0,10.0,10.0,47.0
20.0,shuming_1007_00000230#17,1.0,1.0,10.0,10.0,19.0
20.0,shuming_1007_00000230#18,1.0,1.0,8.0,10.0,13.0
20.0,shuming_1007_00000230#20,1.0,1.0,10.0,10.0,20.0
20.0,shuming_1007_00000230#21,1.0,1.0,10.0,10.0,69.0
20.0,shuming_1007_00000230#22,1.0,1.0,10.0,10.0,27.0
20.0,shuming_1007_00000230#23,1.0,1.0,10.0,10.0,22.0
20.0,shuming_1013_00000065#0,1.0,1.0,10.0,10.0,87.0
20.0,shuming_1013_00000065#1,1.0,1.0,10.0,10.0,41.0
20.0,shuming_1013_00000065#3,1.0,1.0,10.0,10.0,26.0
20.0,shuming_1028_00000411#3,1.0,1.0,10.0,10.0,55.0
20.0,shuming_1028_00000411#4,1.0,1.0,9.0,10.0,10.0
20.0,shuming_1028_00000411#5,1.0,1.0,10.0,10.0,15.0
20.0,shuming_1064_00000087#0,1.0,1.0,10.0,10.0,34.0
20.0,shuming_1064_00000087#1,1.0,1.0,10.0,10.0,55.0
20.0,shuming_1064_00000087#2,1.0,1.0,10.0,10.0,56.0
20.0,shuming_1064_00000087#3,1.0,1.0,10.0,10.0,72.0
20.0,shuming_1064_00000087#4,1.0,1.0,10.0,10.0,69.0
20.0,shuming_1064_00000087#6,1.0,1.0,10.0,10.0,26.0
20.0,shuming_1064_00000087#7,1.0,1.0,10.0,10.0,54.0
20.0,shuming_1064_00000087#8,1.0,1.0,10.0,10.0,86.0
20.0,shuming_1076_00000257#1,1.0,1.0,10.0,10.0,31.0
20.0,shuming_1076_00000257#2,1.0,1.0,10.0,10.0,29.0
20.0,shuming_1076_00000257#3,1.0,1.0,10.0,10.0,20.0
20.0,shuming_1076_00000257#4,1.0,1.0,10.0,10.0,19.0
20.0,shuming_1076_00000257#5,1.0,1.0,10.0,10.0,23.0
20.0,shuming_1079_00000233#3,1.0,1.0,10.0,10.0,18.0
20.0,shuming_1079_00000233#4,1.0,1.0,10.0,10.0,12.0
20.0,shuming_1079_00000233#6,1.0,1.0,10.0,10.0,35.0
20.0,shuming_1080_00000016#0,1.0,1.0,10.0,10.0,72.0
20.0,shuming_1080_00000016#4,1.0,1.0,10.0,10.0,10.0
20.0,shuming_1132_00000385#2,1.0,1.0,10.0,10.0,29.0
20.0,shuming_1132_00000385#3,1.0,1.0,10.0,10.0,32.0
20.0,shuming_1132_00000385#4,1.0,1.0,10.0,10.0,25.0
20.0,shuming_1135_00000213#0,1.0,1.0,10.0,10.0,76.0
20.0,shuming_1148_00000041#0,1.0,1.0,10.0,10.0,74.0
20.0,shuming_1157_00000010#0,1.0,1.0,10.0,10.0,72.0
20.0,shuming_1157_00000010#1,1.0,1.0,10.0,10.0,32.0
20.0,shuming_1157_00000010#2,1.0,1.0,10.0,10.0,18.0
20.0,shuming_1180_00000231#3,1.0,1.0,10.0,10.0,49.0
20.0,shuming_24_00000001#0,1.0,1.0,10.0,10.0,40.0
20.0,shuming_24_00000001#1,1.0,1.0,10.0,10.0,62.0
20.0,shuming_340_00000020#1,1.0,1.0,10.0,10.0,21.0
20.0,shuming_340_00000020#19,1.0,1.0,10.0,10.0,11.0
20.0,shuming_340_00000020#22,1.0,1.0,7.0,10.0,7.0
20.0,shuming_340_00000020#23,1.0,1.0,10.0,10.0,12.0
20.0,shuming_340_00000020#26,1.0,1.0,9.0,10.0,9.0
20.0,shuming_340_00000020#30,1.0,1.0,9.0,10.0,9.0
20.0,shuming_340_00000020#31,1.0,1.0,10.0,10.0,12.0
20.0,shuming_340_00000020#38,1.0,1.0,10.0,10.0,10.0
20.0,shuming_35_00000199#0,1.0,1.0,10.0,10.0,73.0
20.0,shuming_35_00000199#3,1.0,1.0,10.0,10.0,36.0
20.0,shuming_35_00000199#4,1.0,1.0,10.0,10.0,26.0
20.0,shuming_35_00000199#5,1.0,1.0,3.0,10.0,87.0
20.0,shuming_35_00000199#6,1.0,1.0,10.0,10.0,18.0
20.0,shuming_35_00000199#8,1.0,1.0,10.0,10.0,14.0
20.0,shuming_35_00000199#9,1.0,1.0,8.0,10.0,8.0
20.0,shuming_35_00000199#11,1.0,1.0,10.0,10.0,39.0
20.0,shuming_410_00000037#0,1.0,1.0,6.0,10.0,7.0
20.0,shuming_410_00000037#9,1.0,1.0,10.0,10.0,45.0
20.0,shuming_461_00000082#0,1.0,1.0,10.0,10.0,53.0
20.0,shuming_461_00000082#2,1.0,1.0,10.0,10.0,42.0
20.0,shuming_461_00000082#3,1.0,1.0,10.0,10.0,31.0
20.0,shuming_461_00000082#4,1.0,1.0,10.0,10.0,14.0
20.0,shuming_461_00000082#5,1.0,1.0,10.0,10.0,11.0
20.0,shuming_465_00000030#0,1.0,1.0,10.0,10.0,10.0
20.0,shuming_465_00000030#2,1.0,1.0,10.0,10.0,56.0
20.0,shuming_465_00000030#3,1.0,1.0,10.0,10.0,15.0
20.0,shuming_470_00000057#3,1.0,1.0,10.0,10.0,43.0
20.0,shuming_470_00000057#4,1.0,1.0,10.0,10.0,23.0
20.0,shuming_482_00000018#3,1.0,1.0,10.0,10.0,53.0
20.0,shuming_482_00000018#4,1.0,1.0,10.0,10.0,44.0
20.0,shuming_482_00000018#5,1.0,1.0,10.0,10.0,62.0
20.0,shuming_485_00000027#3,1.0,1.0,10.0,10.0,16.0
20.0,shuming_485_00000027#4,1.0,1.0,10.0,10.0,52.0
20.0,shuming_503_00000052#0,1.0,1.0,10.0,10.0,32.0
20.0,shuming_503_00000052#1,1.0,1.0,10.0,10.0,26.0
20.0,shuming_562_00000223#2,1.0,1.0,10.0,10.0,76.0
20.0,shuming_571_00000215#0,1.0,1.0,10.0,10.0,56.0
20.0,shuming_571_00000215#1,1.0,1.0,10.0,10.0,46.0
20.0,shuming_574_00000017#0,1.0,1.0,10.0,10.0,63.0
20.0,shuming_608_00000031#1,1.0,1.0,10.0,10.0,19.0
20.0,shuming_608_00000031#2,1.0,1.0,10.0,10.0,30.0
20.0,shuming_608_00000031#3,1.0,1.0,10.0,10.0,35.0
20.0,shuming_608_00000031#4,1.0,1.0,10.0,10.0,11.0
20.0,shuming_610_00000148#0,1.0,1.0,10.0,10.0,50.0
20.0,shuming_63_00000393#3,1.0,1.0,10.0,10.0,15.0
20.0,shuming_63_00000393#4,1.0,1.0,10.0,10.0,17.0
20.0,shuming_63_00000393#5,1.0,1.0,9.0,10.0,9.0
20.0,shuming_63_00000393#6,1.0,1.0,10.0,10.0,23.0
20.0,shuming_63_00000393#7,1.0,1.0,10.0,10.0,21.0
20.0,shuming_63_00000393#8,1.0,1.0,10.0,10.0,23.0
20.0,shuming_63_00000393#9,1.0,1.0,10.0,10.0,20.0
20.0,shuming_663_00000328#2,1.0,1.0,10.0,10.0,50.0
20.0,shuming_663_00000328#3,1.0,1.0,10.0,10.0,40.0
20.0,shuming_67_00000001#1,1.0,1.0,10.0,10.0,55.0
20.0,shuming_67_00000001#2,1.0,1.0,10.0,10.0,18.0
20.0,shuming_698_00000001#0,1.0,1.0,10.0,10.0,11.0
20.0,shuming_698_00000001#1,1.0,1.0,5.0,10.0,13.0
20.0,shuming_698_00000001#2,1.0,1.0,10.0,10.0,17.0
20.0,shuming_698_00000001#3,1.0,1.0,10.0,10.0,20.0
20.0,shuming_698_00000001#4,1.0,1.0,10.0,10.0,15.0
20.0,shuming_698_00000001#5,1.0,1.0,10.0,10.0,14.0
20.0,shuming_698_00000001#7,1.0,1.0,10.0,10.0,26.0
20.0,shuming_698_00000001#8,1.0,1.0,10.0,10.0,17.0
20.0,shuming_698_00000001#9,1.0,1.0,10.0,10.0,14.0
20.0,shuming_698_00000001#10,1.0,1.0,10.0,10.0,13.0
20.0,shuming_698_00000001#11,1.0,1.0,10.0,10.0,13.0
20.0,shuming_698_00000001#12,1.0,1.0,10.0,10.0,15.0
20.0,shuming_698_00000001#13,1.0,1.0,10.0,10.0,14.0
20.0,shuming_698_00000001#14,1.0,1.0,10.0,10.0,12.0
20.0,shuming_698_00000001#15,1.0,1.0,10.0,10.0,15.0
20.0,shuming_698_00000001#16,1.0,1.0,10.0,10.0,15.0
20.0,shuming_698_00000001#17,1.0,1.0,10.0,10.0,23.0
20.0,shuming_698_00000001#18,1.0,1.0,10.0,10.0,18.0
20.0,shuming_698_00000001#19,1.0,1.0,10.0,10.0,19.0
20.0,shuming_698_00000001#20,1.0,1.0,10.0,10.0,22.0
20.0,shuming_698_00000001#21,1.0,1.0,10.0,10.0,24.0
20.0,shuming_698_00000001#22,1.0,1.0,10.0,10.0,18.0
20.0,shuming_698_00000001#23,1.0,1.0,10.0,10.0,35.0
20.0,shuming_698_00000001#25,1.0,1.0,10.0,10.0,64.0
20.0,shuming_706_00000375#0,1.0,1.0,8.0,10.0,41.0
20.0,shuming_706_00000375#2,1.0,1.0,10.0,10.0,32.0
20.0,shuming_706_00000375#3,1.0,1.0,8.0,10.0,17.0
20.0,shuming_706_00000375#4,1.0,1.0,10.0,10.0,52.0
20.0,shuming_72_00000270#19,1.0,1.0,10.0,10.0,54.0
20.0,shuming_72_00000270#20,1.0,1.0,10.0,10.0,22.0
20.0,shuming_72_00000270#22,1.0,1.0,10.0,10.0,48.0
20.0,shuming_72_00000270#24,1.0,1.0,10.0,10.0,20.0
20.0,shuming_731_00000492#0,1.0,1.0,10.0,10.0,32.0
20.0,shuming_731_00000492#1,1.0,1.0,10.0,10.0,26.0
20.0,shuming_731_00000492#3,1.0,1.0,10.0,10.0,60.0
20.0,shuming_731_00000492#5,1.0,1.0,10.0,10.0,69.0
20.0,shuming_753_00000172#0,1.0,1.0,10.0,10.0,12.0
20.0,shuming_758_00000371#0,1.0,1.0,10.0,10.0,52.0
20.0,shuming_763_00000009#2,1.0,1.0,10.0,10.0,15.0
20.0,shuming_774_00000273#3,1.0,1.0,10.0,10.0,63.0
20.0,shuming_774_00000273#5,1.0,1.0,10.0,10.0,31.0
20.0,shuming_779_00000254#1,1.0,1.0,10.0,10.0,63.0
20.0,shuming_779_00000254#5,1.0,1.0,10.0,10.0,80.0
20.0,shuming_783_00000248#0,1.0,1.0,10.0,10.0,81.0
20.0,shuming_783_00000248#2,1.0,1.0,10.0,10.0,66.0
20.0,shuming_793_00000117#2,1.0,1.0,10.0,10.0,31.0
20.0,shuming_825_00000172#1,1.0,1.0,10.0,10.0,13.0
20.0,shuming_825_00000172#2,1.0,1.0,7.0,10.0,7.0
20.0,shuming_825_00000172#3,1.0,1.0,10.0,10.0,16.0
20.0,shuming_826_00000213#1,1.0,1.0,10.0,10.0,14.0
20.0,shuming_826_00000213#2,1.0,1.0,10.0,10.0,18.0
20.0,shuming_826_00000213#3,1.0,1.0,9.0,10.0,9.0
20.0,shuming_85_00000273#4,1.0,1.0,10.0,10.0,11.0
20.0,shuming_987_00000275#1,1.0,1.0,10.0,10.0,41.0
20.0,shuming_987_00000275#2,1.0,1.0,10.0,10.0,23.0
20.0,shuming_987_00000275#3,1.0,1.0,10.0,10.0,19.0
20.0,shuming_987_00000275#4,1.0,1.0,10.0,10.0,21.0
20.0,shuming_987_00000275#5,1.0,1.0,10.0,10.0,10.0
25.0,00000045#1,1.0,1.0,10.0,10.0,242.0
25.0,00000045#2,1.0,1.0,10.0,10.0,88.0
25.0,00000045#3,1.0,1.0,10.0,10.0,105.0
25.0,00000045#6,1.0,1.0,10.0,10.0,286.0
25.0,00000045#7,1.0,1.0,10.0,10.0,279.0
25.0,00000057#1,1.0,1.0,10.0,10.0,225.0
25.0,00000057#2,1.0,1.0,10.0,10.0,88.0
25.0,00000057#3,1.0,1.0,10.0,10.0,111.0
25.0,00000057#5,1.0,1.0,10.0,10.0,133.0
25.0,00000063#1,1.0,1.0,10.0,10.0,279.0
25.0,00000063#2,1.0,1.0,10.0,10.0,90.0
25.0,00000063#3,1.0,1.0,10.0,10.0,107.0
25.0,00000063#5,1.0,1.0,10.0,10.0,208.0
25.0,00000095#1,1.0,1.0,10.0,10.0,279.0
25.0,00000095#2,1.0,1.0,10.0,10.0,114.0
25.0,00000095#3,1.0,1.0,10.0,10.0,105.0
25.0,00000106#1,1.0,1.0,10.0,10.0,245.0
25.0,00000106#2,1.0,1.0,10.0,10.0,135.0
25.0,00000106#3,1.0,1.0,10.0,10.0,122.0
25.0,00000106#5,1.0,1.0,10.0,10.0,157.0
25.0,00000123#1,1.0,1.0,10.0,10.0,196.0
25.0,00000123#2,1.0,1.0,10.0,10.0,87.0
25.0,00000123#3,1.0,1.0,10.0,10.0,190.0
25.0,00000123#5,1.0,1.0,10.0,10.0,108.0
25.0,00000171#0,1.0,1.0,10.0,10.0,120.0
25.0,00000180#0,1.0,1.0,10.0,10.0,136.0
25.0,00000234#1,1.0,1.0,10.0,10.0,108.0
25.0,00000257#0,1.0,1.0,10.0,10.0,93.0
25.0,00000271#0,1.0,1.0,10.0,10.0,118.0
25.0,00000271#1,1.0,1.0,10.0,10.0,132.0
25.0,00000273#0,1.0,1.0,10.0,10.0,84.0
25.0,00000273#1,1.0,1.0,10.0,10.0,99.0
25.0,000002_080_00000048#0,1.0,1.0,10.0,10.0,69.0
25.0,000002_083_00000169#0,1.0,1.0,10.0,10.0,14.0
25.0,000002_083_00000169#1,1.0,1.0,10.0,10.0,26.0
25.0,000002_083_00000169#2,1.0,1.0,10.0,10.0,36.0
25.0,00000346#0,1.0,1.0,10.0,10.0,381.0
25.0,00000364#0,1.0,1.0,10.0,10.0,210.0
25.0,00000396#0,1.0,1.0,10.0,10.0,111.0
25.0,00000399#0,1.0,1.0,10.0,10.0,82.0
25.0,000003_081_00000171#10,1.0,1.0,10.0,10.0,76.0
25.0,000003_081_00000171#11,1.0,1.0,10.0,10.0,82.0
25.0,00000426#0,1.0,1.0,10.0,10.0,653.0
25.0,00000506#0,1.0,1.0,10.0,10.0,117.0
25.0,000005_004_00000286#4,1.0,1.0,10.0,10.0,62.0
25.0,000005_006_00000001#1,1.0,1.0,10.0,10.0,68.0
25.0,000005_006_00000001#2,1.0,1.0,10.0,10.0,25.0
25.0,000005_019_00000209#0,1.0,1.0,10.0,10.0,43.0
25.0,000005_019_00000209#1,1.0,1.0,10.0,10.0,31.0
25.0,000005_019_00000209#2,1.0,1.0,10.0,10.0,59.0
25.0,000005_027_00000493#1,1.0,1.0,10.0,10.0,34.0
25.0,000005_027_00000493#2,1.0,1.0,10.0,10.0,38.0
25.0,000005_027_00000493#3,1.0,1.0,10.0,10.0,49.0
25.0,000005_027_00000493#4,1.0,1.0,10.0,10.0,21.0
25.0,000005_027_00000493#5,1.0,1.0,10.0,10.0,25.0
25.0,000005_027_00000493#6,1.0,1.0,10.0,10.0,20.0
25.0,000005_027_00000493#7,1.0,1.0,10.0,10.0,26.0
25.0,000005_027_00000493#8,1.0,1.0,10.0,10.0,74.0
25.0,000005_028_00000001#2,1.0,1.0,10.0,10.0,77.0
25.0,000005_028_00000163#2,1.0,1.0,10.0,10.0,31.0
25.0,00000618#2,1.0,1.0,10.0,10.0,101.0
25.0,000006_010_00000389#4,1.0,1.0,10.0,10.0,58.0
25.0,000006_011_00000307#3,1.0,1.0,10.0,10.0,25.0
25.0,000006_011_00000409#8,1.0,1.0,10.0,10.0,40.0
25.0,000006_011_00000409#10,1.0,1.0,10.0,10.0,54.0
25.0,000006_012_00000001#3,1.0,1.0,10.0,10.0,38.0
25.0,000006_012_00000001#6,1.0,1.0,10.0,10.0,63.0
25.0,000006_012_00000001#11,1.0,1.0,10.0,10.0,69.0
25.0,000006_012_00000001#12,1.0,1.0,10.0,10.0,33.0
25.0,000008_003_00000235#1,1.0,1.0,10.0,10.0,76.0
25.0,000008_003_00000235#2,1.0,1.0,10.0,10.0,59.0
25.0,000008_003_00000235#3,1.0,1.0,10.0,10.0,81.0
25.0,000008_003_00000235#4,1.0,1.0,10.0,10.0,66.0
25.0,000008_003_00000235#5,1.0,1.0,10.0,10.0,68.0
25.0,000008_003_00000235#10,1.0,1.0,10.0,10.0,68.0
25.0,000008_003_00000235#11,1.0,1.0,10.0,10.0,16.0
25.0,000008_003_00000352#1,1.0,1.0,10.0,10.0,66.0
25.0,000008_003_00000352#3,1.0,1.0,10.0,10.0,80.0
25.0,000008_003_00000352#5,1.0,1.0,10.0,10.0,74.0
25.0,000008_003_00000352#7,1.0,1.0,10.0,10.0,75.0
25.0,000008_003_00000352#8,1.0,1.0,10.0,10.0,75.0
25.0,000008_003_00000352#9,1.0,1.0,10.0,10.0,76.0
25.0,000008_003_00000352#10,1.0,1.0,10.0,10.0,64.0
25.0,000008_003_00000352#12,1.0,1.0,10.0,10.0,74.0
25.0,000008_003_00000352#13,1.0,1.0,10.0,10.0,16.0
25.0,000008_003_00000469#0,1.0,1.0,10.0,10.0,85.0
25.0,000008_003_00000469#1,1.0,1.0,10.0,10.0,70.0
25.0,000008_003_00000469#2,1.0,1.0,10.0,10.0,67.0
25.0,000008_003_00000469#3,1.0,1.0,10.0,10.0,78.0
25.0,000008_003_00000469#4,1.0,1.0,10.0,10.0,85.0
25.0,000008_003_00000469#6,1.0,1.0,10.0,10.0,89.0
25.0,000008_003_00000469#9,1.0,1.0,10.0,10.0,31.0
25.0,000008_003_00000469#10,1.0,1.0,10.0,10.0,18.0
25.0,000008_004_00000665#2,1.0,1.0,10.0,10.0,34.0
25.0,000008_004_00000665#4,1.0,1.0,10.0,10.0,39.0
25.0,000008_004_00000665#11,1.0,1.0,10.0,10.0,52.0
25.0,000008_004_00000665#12,1.0,1.0,10.0,10.0,63.0
25.0,000008_004_00000665#13,1.0,1.0,10.0,10.0,37.0
25.0,000008_013_00000195#1,1.0,1.0,10.0,10.0,66.0
25.0,000008_013_00000195#2,1.0,1.0,10.0,10.0,60.0
25.0,000008_042_00000273#1,1.0,1.0,10.0,10.0,40.0
25.0,000008_045_00000001#0,1.0,1.0,10.0,10.0,48.0
25.0,000008_045_00000001#2,1.0,1.0,10.0,10.0,70.0
25.0,000008_045_00000001#3,1.0,1.0,10.0,10.0,14.0
25.0,000008_045_00000157#0,1.0,1.0,10.0,10.0,80.0
25.0,000008_045_00000157#4,1.0,1.0,10.0,10.0,17.0
25.0,000008_048_00000361#3,1.0,1.0,10.0,10.0,42.0
25.0,000008_048_00000361#4,1.0,1.0,10.0,10.0,36.0
25.0,000008_048_00000361#5,1.0,1.0,9.0,10.0,29.0
25.0,000009_008_00000241#3,1.0,1.0,10.0,10.0,78.0
25.0,000009_008_00000241#5,1.0,1.0,10.0,10.0,69.0
25.0,000009_008_00000241#6,1.0,1.0,10.0,10.0,29.0
25.0,000009_008_00000241#7,1.0,1.0,10.0,10.0,76.0
25.0,000009_008_00000241#9,1.0,1.0,10.0,10.0,84.0
25.0,000009_033_00000333#1,1.0,1.0,10.0,10.0,16.0
25.0,000009_033_00000333#2,1.0,1.0,10.0,10.0,38.0
25.0,000009_033_00000333#3,1.0,1.0,10.0,10.0,38.0
25.0,000009_033_00000333#4,1.0,1.0,10.0,10.0,36.0
25.0,000009_033_00000333#6,1.0,1.0,10.0,10.0,51.0
25.0,000012_008_00000163#3,1.0,1.0,10.0,10.0,67.0
25.0,000012_008_00000163#4,1.0,1.0,10.0,10.0,55.0
25.0,000012_008_00000163#5,1.0,1.0,10.0,10.0,48.0
25.0,000012_008_00000163#6,1.0,1.0,10.0,10.0,60.0
25.0,000012_008_00000163#8,1.0,1.0,10.0,10.0,74.0
25.0,000012_008_00000163#10,1.0,1.0,10.0,10.0,17.0
25.0,000012_008_00000163#11,1.0,1.0,10.0,10.0,26.0
25.0,000012_008_00000163#12,1.0,1.0,10.0,10.0,27.0
25.0,000012_008_00000163#13,1.0,1.0,10.0,10.0,15.0
25.0,000012_008_00000163#14,1.0,1.0,10.0,10.0,11.0
25.0,000012_009_00000244#1,1.0,1.0,10.0,10.0,71.0
25.0,000012_009_00000244#3,1.0,1.0,10.0,10.0,68.0
25.0,000012_009_00000244#4,1.0,1.0,10.0,10.0,40.0
25.0,000012_009_00000244#5,1.0,1.0,10.0,10.0,45.0
25.0,000012_009_00000244#6,1.0,1.0,10.0,10.0,21.0
25.0,000012_009_00000244#7,1.0,1.0,10.0,10.0,13.0
25.0,000012_009_00000244#8,1.0,1.0,10.0,10.0,12.0
25.0,000012_009_00000244#9,1.0,1.0,10.0,10.0,14.0
25.0,000012_009_00000244#10,1.0,1.0,10.0,10.0,34.0
25.0,000012_009_00000244#11,1.0,1.0,10.0,10.0,18.0
25.0,000012_009_00000244#12,1.0,1.0,10.0,10.0,18.0
25.0,000012_009_00000244#13,1.0,1.0,10.0,10.0,19.0
25.0,000012_009_00000244#14,1.0,1.0,8.0,10.0,8.0
25.0,000012_009_00000325#3,1.0,1.0,10.0,10.0,82.0
25.0,000012_009_00000325#4,1.0,1.0,10.0,10.0,36.0
25.0,000012_009_00000325#5,1.0,1.0,10.0,10.0,43.0
25.0,000012_009_00000325#6,1.0,1.0,10.0,10.0,28.0
25.0,000012_009_00000325#7,1.0,1.0,10.0,10.0,17.0
25.0,000012_009_00000325#8,1.0,1.0,10.0,10.0,16.0
25.0,000012_009_00000325#9,1.0,1.0,7.0,10.0,8.0
25.0,000012_009_00000325#11,1.0,1.0,10.0,10.0,28.0
25.0,000012_009_00000325#12,1.0,1.0,10.0,10.0,15.0
25.0,000012_009_00000325#14,1.0,1.0,10.0,10.0,22.0
25.0,000012_009_00000325#15,1.0,1.0,3.0,10.0,19.0
25.0,000012_009_00000325#16,1.0,1.0,10.0,10.0,35.0
25.0,000012_014_00000184#0,1.0,1.0,10.0,10.0,33.0
25.0,000012_014_00000184#1,1.0,1.0,10.0,10.0,55.0
25.0,000012_014_00000184#3,1.0,1.0,10.0,10.0,26.0
25.0,000012_019_00000151#1,1.0,1.0,10.0,10.0,59.0
25.0,000012_019_00000151#2,1.0,1.0,10.0,10.0,14.0
25.0,000012_019_00000151#4,1.0,1.0,10.0,10.0,21.0
25.0,000012_019_00000151#5,1.0,1.0,10.0,10.0,14.0
25.0,000012_022_00000090#0,1.0,1.0,10.0,10.0,64.0
25.0,000012_022_00000090#1,1.0,1.0,10.0,10.0,23.0
25.0,000012_025_00000313#1,1.0,1.0,10.0,10.0,11.0
25.0,000012_025_00000313#2,1.0,1.0,10.0,10.0,11.0
25.0,000012_025_00000313#3,1.0,1.0,10.0,10.0,13.0
25.0,000012_025_00000313#4,1.0,1.0,7.0,10.0,7.0
25.0,000012_025_00000313#5,1.0,1.0,10.0,10.0,13.0
25.0,000012_025_00000313#6,1.0,1.0,8.0,10.0,8.0
25.0,000012_028_00000250#0,1.0,1.0,10.0,10.0,64.0
25.0,000012_028_00000250#1,1.0,1.0,10.0,10.0,56.0
25.0,000013_001_00000001#1,1.0,1.0,10.0,10.0,33.0
25.0,000013_001_00000001#2,1.0,1.0,10.0,10.0,34.0
25.0,000013_001_00000001#3,1.0,1.0,10.0,10.0,31.0
25.0,000013_002_00000281#1,1.0,1.0,10.0,10.0,31.0
25.0,000013_002_00000281#2,1.0,1.0,10.0,10.0,36.0
25.0,000013_002_00000281#3,1.0,1.0,10.0,10.0,20.0
25.0,000013_023_00000075#1,1.0,1.0,10.0,10.0,56.0
25.0,000013_023_00000075#2,1.0,1.0,10.0,10.0,68.0
25.0,000013_025_00000285#0,1.0,1.0,10.0,10.0,15.0
25.0,000013_025_00000285#1,1.0,1.0,10.0,10.0,56.0
25.0,000013_025_00000285#2,1.0,1.0,10.0,10.0,20.0
25.0,000013_030_00000063#0,1.0,1.0,10.0,10.0,21.0
25.0,000013_030_00000063#1,1.0,1.0,10.0,10.0,68.0
25.0,000013_039_00000063#0,1.0,1.0,10.0,10.0,41.0
25.0,000013_039_00000063#1,1.0,1.0,10.0,10.0,32.0
25.0,000013_039_00000063#3,1.0,1.0,10.0,10.0,26.0
25.0,000013_039_00000063#5,1.0,1.0,8.0,10.0,8.0
25.0,000013_040_suppl_00000167#0,1.0,1.0,10.0,10.0,79.0
25.0,000013_040_suppl_00000333#1,1.0,1.0,10.0,10.0,50.0
25.0,000013_040_suppl_00000333#3,1.0,1.0,10.0,10.0,80.0
25.0,000013_040_suppl_00000333#4,1.0,1.0,8.0,10.0,8.0
25.0,000013_044_00000001#0,1.0,1.0,10.0,10.0,24.0
25.0,000013_044_00000001#1,1.0,1.0,10.0,10.0,31.0
25.0,000013_044_00000001#2,1.0,1.0,6.0,10.0,72.0
25.0,000013_044_00000001#4,0.0,1.0,0.0,10.0,38.0
25.0,000013_044_00000001#5,1.0,1.0,4.0,10.0,72.0
25.0,000013_044_00000001#7,1.0,1.0,10.0,10.0,62.0
25.0,000013_048_00000001#0,1.0,1.0,10.0,10.0,46.0
25.0,000013_048_00000001#1,1.0,1.0,2.0,10.0,60.0
25.0,000013_048_00000001#3,0.0,1.0,0.0,10.0,49.0
25.0,000013_048_00000001#4,1.0,1.0,8.0,10.0,69.0
25.0,000013_056_00000281#2,1.0,1.0,10.0,10.0,49.0
25.0,000013_056_00000281#3,1.0,1.0,10.0,10.0,16.0
25.0,000013_056_00000281#4,1.0,1.0,10.0,10.0,21.0
25.0,000013_056_00000281#6,1.0,1.0,10.0,10.0,11.0
25.0,000013_056_00000281#7,1.0,1.0,10.0,10.0,12.0
25.0,000013_056_00000281#8,1.0,1.0,10.0,10.0,64.0
25.0,000013_056_00000281#9,1.0,1.0,10.0,10.0,43.0
25.0,000013_056_00000281#10,1.0,1.0,10.0,10.0,32.0
25.0,000014_012_00000217#1,1.0,1.0,10.0,10.0,41.0
25.0,000014_012_00000217#2,1.0,1.0,10.0,10.0,48.0
25.0,000014_050_00000273#3,1.0,1.0,10.0,10.0,47.0
25.0,000014_050_00000273#4,1.0,1.0,10.0,10.0,57.0
25.0,000014_050_00000273#5,1.0,1.0,10.0,10.0,26.0
25.0,000014_051_suppl_00000341#2,1.0,1.0,10.0,10.0,15.0
25.0,000014_052_00000131#2,1.0,1.0,10.0,10.0,22.0
25.0,000014_052_00000131#3,1.0,1.0,10.0,10.0,13.0
25.0,000015_004_00000268#0,1.0,1.0,10.0,10.0,27.0
25.0,000015_004_suppl_00000223#2,1.0,1.0,10.0,10.0,36.0
25.0,000016_043_suppl_00000292#1,1.0,1.0,10.0,10.0,21.0
25.0,000016_043_suppl_00000292#2,1.0,1.0,10.0,10.0,56.0
25.0,000016_043_suppl_00000292#4,1.0,1.0,10.0,10.0,30.0
25.0,000016_043_suppl_00000292#5,1.0,1.0,10.0,10.0,25.0
25.0,000016_043_suppl_00000292#6,1.0,1.0,10.0,10.0,45.0
25.0,000016_043_suppl_00000292#8,1.0,1.0,10.0,10.0,26.0
25.0,000016_043_suppl_00000292#9,1.0,1.0,10.0,10.0,32.0
25.0,000016_043_suppl_00000292#10,1.0,1.0,10.0,10.0,19.0
25.0,000016_043_suppl_00000292#11,1.0,1.0,10.0,10.0,27.0
25.0,000016_043_suppl_00000292#12,1.0,1.0,10.0,10.0,32.0
25.0,000016_043_suppl_00000292#14,1.0,1.0,10.0,10.0,70.0
25.0,000016_043_suppl_00000292#17,1.0,1.0,10.0,10.0,47.0
25.0,000016_043_suppl_00000292#20,1.0,1.0,10.0,10.0,23.0
25.0,000016_044_00000085#0,1.0,1.0,10.0,10.0,83.0
25.0,000016_044_00000085#1,1.0,1.0,10.0,10.0,62.0
25.0,000016_044_00000085#3,1.0,1.0,10.0,10.0,17.0
25.0,000016_044_00000085#4,1.0,1.0,10.0,10.0,65.0
25.0,000016_044_00000085#7,1.0,1.0,10.0,10.0,67.0
25.0,000016_044_00000085#10,1.0,1.0,10.0,10.0,78.0
25.0,000016_044_00000169#1,1.0,1.0,10.0,10.0,37.0
25.0,000016_044_00000169#2,1.0,1.0,10.0,10.0,36.0
25.0,000016_044_00000169#3,1.0,1.0,10.0,10.0,16.0
25.0,000016_044_00000169#5,1.0,1.0,10.0,10.0,15.0
25.0,000016_044_00000169#6,1.0,1.0,10.0,10.0,59.0
25.0,000016_044_00000169#8,1.0,1.0,10.0,10.0,88.0
25.0,000016_044_00000169#16,1.0,1.0,10.0,10.0,73.0
25.0,000016_044_00000169#17,1.0,1.0,10.0,10.0,65.0
25.0,000017_011_00000297#3,1.0,1.0,10.0,10.0,12.0
25.0,000017_011_00000297#5,1.0,1.0,10.0,10.0,68.0
25.0,000017_011_00000297#9,1.0,1.0,10.0,10.0,26.0
25.0,000017_011_00000297#10,1.0,1.0,10.0,10.0,86.0
25.0,000017_011_00000297#11,1.0,1.0,10.0,10.0,59.0
25.0,000017_011_00000297#13,1.0,1.0,10.0,10.0,43.0
25.0,000017_012_00000135#2,1.0,1.0,10.0,10.0,36.0
25.0,000017_020_00000214#0,1.0,1.0,10.0,10.0,21.0
25.0,000017_020_00000214#2,1.0,1.0,10.0,10.0,27.0
25.0,000017_020_suppl_00000356#0,1.0,1.0,10.0,10.0,20.0
25.0,000017_020_suppl_00000356#2,1.0,1.0,10.0,10.0,20.0
25.0,000018_006_00000063#0,1.0,1.0,10.0,10.0,66.0
25.0,000019_030_00000072#1,1.0,1.0,10.0,10.0,23.0
25.0,000019_030_00000072#2,1.0,1.0,10.0,10.0,72.0
25.0,000019_030_00000072#3,1.0,1.0,10.0,10.0,54.0
25.0,000019_030_00000072#4,1.0,1.0,10.0,10.0,21.0
25.0,000019_030_00000072#5,1.0,1.0,10.0,10.0,10.0
25.0,000019_038_00000205#2,1.0,1.0,10.0,10.0,20.0
25.0,000019_038_00000205#3,1.0,1.0,10.0,10.0,25.0
25.0,000019_038_00000205#4,1.0,1.0,10.0,10.0,21.0
25.0,000019_038_00000205#5,1.0,1.0,10.0,10.0,36.0
25.0,000019_038_00000205#6,1.0,1.0,10.0,10.0,84.0
25.0,000019_038_00000205#7,1.0,1.0,7.0,10.0,70.0
25.0,000019_038_00000205#8,1.0,1.0,10.0,10.0,82.0
25.0,000019_041_00000141#2,1.0,1.0,10.0,10.0,24.0
25.0,000019_045_00000145#4,1.0,1.0,10.0,10.0,46.0
25.0,000019_045_00000145#5,1.0,1.0,10.0,10.0,42.0
25.0,000019_045_00000145#7,1.0,1.0,4.0,10.0,67.0
25.0,000020_010_00000089#1,1.0,1.0,10.0,10.0,60.0
25.0,000020_010_00000089#5,1.0,1.0,9.0,10.0,9.0
25.0,000020_010_00000089#6,1.0,1.0,10.0,10.0,20.0
25.0,000020_010_00000089#7,1.0,1.0,5.0,10.0,8.0
25.0,000020_014_00000193#2,1.0,1.0,10.0,10.0,63.0
25.0,000020_014_00000193#3,1.0,1.0,10.0,10.0,76.0
25.0,000020_014_00000193#5,1.0,1.0,10.0,10.0,54.0
25.0,000020_014_00000193#6,1.0,1.0,10.0,10.0,77.0
25.0,000020_018_00000093#0,1.0,1.0,10.0,10.0,16.0
25.0,000020_018_00000093#1,1.0,1.0,10.0,10.0,24.0
25.0,000020_018_00000093#2,1.0,1.0,10.0,10.0,81.0
25.0,000020_018_00000093#3,1.0,1.0,10.0,10.0,42.0
25.0,000021_020_00000131#2,1.0,1.0,10.0,10.0,76.0
25.0,000023_005_00000070#1,1.0,1.0,10.0,10.0,32.0
25.0,000023_005_00000070#2,1.0,1.0,10.0,10.0,87.0
25.0,000023_005_00000070#3,1.0,1.0,10.0,10.0,63.0
25.0,000023_005_00000070#4,1.0,1.0,10.0,10.0,63.0
25.0,000023_005_00000070#5,1.0,1.0,10.0,10.0,18.0
25.0,000023_005_00000070#6,1.0,1.0,10.0,10.0,23.0
25.0,000031#0,1.0,1.0,10.0,10.0,53.0
25.0,000031#1,1.0,1.0,10.0,10.0,15.0
25.0,000031#2,1.0,1.0,8.0,10.0,8.0
25.0,000031#3,1.0,1.0,10.0,10.0,15.0
25.0,000031#6,1.0,1.0,10.0,10.0,24.0
25.0,000031#8,1.0,1.0,10.0,10.0,53.0
25.0,000031#10,1.0,1.0,10.0,10.0,16.0
25.0,000031#11,1.0,1.0,10.0,10.0,21.0
25.0,000066#0,1.0,1.0,10.0,10.0,31.0
25.0,000066#1,1.0,1.0,10.0,10.0,15.0
25.0,000066#2,1.0,1.0,10.0,10.0,61.0
25.0,000066#3,1.0,1.0,10.0,10.0,39.0
25.0,000070#0,1.0,1.0,10.0,10.0,28.0
25.0,000070#1,1.0,1.0,10.0,10.0,18.0
25.0,000070#2,1.0,1.0,9.0,10.0,52.0
25.0,000070#3,1.0,1.0,10.0,10.0,67.0
25.0,000173#1,1.0,1.0,10.0,10.0,27.0
25.0,000303#2,1.0,1.0,10.0,10.0,67.0
25.0,000303#6,1.0,1.0,10.0,10.0,30.0
25.0,000303#7,1.0,1.0,10.0,10.0,16.0
25.0,000328#1,1.0,1.0,10.0,10.0,58.0
25.0,000328#3,1.0,1.0,10.0,10.0,65.0
25.0,000415#1,1.0,1.0,10.0,10.0,14.0
25.0,000415#2,1.0,1.0,8.0,10.0,9.0
25.0,000415#4,1.0,1.0,10.0,10.0,22.0
25.0,000415#5,1.0,1.0,10.0,10.0,24.0
25.0,000415#6,1.0,1.0,10.0,10.0,12.0
25.0,000415#8,1.0,1.0,10.0,10.0,10.0
25.0,000415#10,1.0,1.0,10.0,10.0,13.0
25.0,000415#11,1.0,1.0,10.0,10.0,12.0
25.0,000415#13,1.0,1.0,10.0,10.0,21.0
25.0,000415#14,1.0,1.0,10.0,10.0,13.0
25.0,000415#15,1.0,1.0,10.0,10.0,17.0
25.0,000415#16,1.0,1.0,8.0,10.0,8.0
25.0,000415#17,1.0,1.0,8.0,10.0,10.0
25.0,000415#19,1.0,1.0,10.0,10.0,37.0
25.0,000433#7,1.0,1.0,10.0,10.0,57.0
25.0,000437#0,1.0,1.0,10.0,10.0,67.0
25.0,000437#1,1.0,1.0,10.0,10.0,75.0
25.0,000437#2,1.0,1.0,10.0,10.0,26.0
25.0,000437#5,1.0,1.0,10.0,10.0,48.0
25.0,000484#2,1.0,1.0,10.0,10.0,37.0
25.0,000484#3,1.0,1.0,10.0,10.0,55.0
25.0,000500#0,1.0,1.0,10.0,10.0,14.0
25.0,000500#1,1.0,1.0,9.0,10.0,9.0
25.0,000500#2,1.0,1.0,10.0,10.0,15.0
25.0,000525#0,1.0,1.0,10.0,10.0,14.0
25.0,000525#1,1.0,1.0,10.0,10.0,30.0
25.0,000525#2,1.0,1.0,10.0,10.0,35.0
25.0,000561#0,1.0,1.0,10.0,10.0,70.0
25.0,000561#3,1.0,1.0,10.0,10.0,63.0
25.0,000561#4,1.0,1.0,10.0,10.0,38.0
25.0,000597#2,1.0,1.0,10.0,10.0,62.0
25.0,000597#3,1.0,1.0,6.0,10.0,29.0
25.0,000630#0,1.0,1.0,10.0,10.0,14.0
25.0,000680#5,1.0,1.0,10.0,10.0,69.0
25.0,000707#1,1.0,1.0,10.0,10.0,13.0
25.0,000707#2,1.0,1.0,10.0,10.0,18.0
25.0,000707#3,1.0,1.0,8.0,10.0,9.0
25.0,000707#4,1.0,1.0,10.0,10.0,25.0
25.0,000707#5,1.0,1.0,10.0,10.0,20.0
25.0,000735#1,1.0,1.0,10.0,10.0,11.0
25.0,000738#0,1.0,1.0,10.0,10.0,26.0
25.0,000738#2,1.0,1.0,9.0,10.0,9.0
25.0,000738#3,1.0,1.0,10.0,10.0,36.0
25.0,000756#4,1.0,1.0,10.0,10.0,34.0
25.0,000759#2,1.0,1.0,10.0,10.0,34.0
25.0,000780#0,1.0,1.0,10.0,10.0,22.0
25.0,000780#3,1.0,1.0,10.0,10.0,90.0
25.0,000783#0,1.0,1.0,10.0,10.0,45.0
25.0,000783#1,1.0,1.0,10.0,10.0,42.0
25.0,000783#3,1.0,1.0,10.0,10.0,38.0
25.0,000783#4,1.0,1.0,10.0,10.0,26.0
25.0,000808#1,1.0,1.0,10.0,10.0,21.0
25.0,000820#2,1.0,1.0,10.0,10.0,58.0
25.0,000820#3,1.0,1.0,10.0,10.0,45.0
25.0,000820#4,1.0,1.0,10.0,10.0,25.0
25.0,000820#5,1.0,1.0,10.0,10.0,27.0
25.0,000820#7,1.0,1.0,8.0,10.0,8.0
25.0,000889#5,1.0,1.0,10.0,10.0,84.0
25.0,000889#6,1.0,1.0,10.0,10.0,40.0
25.0,000889#7,1.0,1.0,10.0,10.0,14.0
25.0,000889#8,1.0,1.0,10.0,10.0,15.0
25.0,000889#9,1.0,1.0,10.0,10.0,22.0
25.0,000889#13,1.0,1.0,10.0,10.0,24.0
25.0,000889#14,1.0,1.0,10.0,10.0,69.0
25.0,000943#0,1.0,1.0,10.0,10.0,16.0
25.0,000943#1,1.0,1.0,10.0,10.0,14.0
25.0,000943#2,1.0,1.0,10.0,10.0,64.0
25.0,000943#3,1.0,1.0,6.0,10.0,7.0
25.0,000943#4,1.0,1.0,6.0,10.0,7.0
25.0,000943#6,1.0,1.0,6.0,10.0,18.0
25.0,000943#7,1.0,1.0,10.0,10.0,23.0
25.0,000952#0,1.0,1.0,10.0,10.0,22.0
25.0,001033#1,1.0,1.0,10.0,10.0,15.0
25.0,001033#2,1.0,1.0,10.0,10.0,31.0
25.0,001033#3,1.0,1.0,10.0,10.0,41.0
25.0,001033#9,1.0,1.0,10.0,10.0,25.0
25.0,001033#10,1.0,1.0,10.0,10.0,21.0
25.0,001035#0,1.0,1.0,10.0,10.0,19.0
25.0,001035#1,1.0,1.0,10.0,10.0,53.0
25.0,001035#2,1.0,1.0,10.0,10.0,76.0
25.0,001035#7,1.0,1.0,10.0,10.0,40.0
25.0,001035#9,1.0,1.0,10.0,10.0,22.0
25.0,001035#10,1.0,1.0,10.0,10.0,63.0
25.0,001114#5,1.0,1.0,10.0,10.0,47.0
25.0,001114#6,1.0,1.0,10.0,10.0,40.0
25.0,001114#7,1.0,1.0,10.0,10.0,12.0
25.0,001114#8,1.0,1.0,10.0,10.0,26.0
25.0,001114#10,1.0,1.0,10.0,10.0,17.0
25.0,001123#0,1.0,1.0,10.0,10.0,31.0
25.0,001123#1,1.0,1.0,10.0,10.0,76.0
25.0,001123#2,1.0,1.0,10.0,10.0,77.0
25.0,001123#4,1.0,1.0,10.0,10.0,64.0
25.0,001123#5,1.0,1.0,10.0,10.0,42.0
25.0,001123#6,1.0,1.0,10.0,10.0,79.0
25.0,001123#7,1.0,1.0,10.0,10.0,86.0
25.0,001123#8,1.0,1.0,9.0,10.0,36.0
25.0,001123#9,1.0,1.0,10.0,10.0,56.0
25.0,001123#10,1.0,1.0,10.0,10.0,62.0
25.0,001123#11,1.0,1.0,10.0,10.0,66.0
25.0,001123#12,1.0,1.0,10.0,10.0,79.0
25.0,001123#13,1.0,1.0,10.0,10.0,31.0
25.0,001123#18,1.0,1.0,9.0,10.0,9.0
25.0,001123#19,1.0,1.0,9.0,10.0,10.0
25.0,001123#20,1.0,1.0,10.0,10.0,49.0
25.0,001123#21,1.0,1.0,10.0,10.0,32.0
25.0,001123#22,1.0,1.0,10.0,10.0,33.0
25.0,001135#4,1.0,1.0,10.0,10.0,64.0
25.0,001135#6,1.0,1.0,10.0,10.0,72.0
25.0,001135#7,1.0,1.0,5.0,10.0,14.0
25.0,001157#4,1.0,1.0,10.0,10.0,14.0
25.0,001157#5,1.0,1.0,10.0,10.0,30.0
25.0,001157#8,1.0,1.0,10.0,10.0,77.0
25.0,001157#9,1.0,1.0,10.0,10.0,68.0
25.0,001202#3,1.0,1.0,10.0,10.0,72.0
25.0,001202#4,1.0,1.0,10.0,10.0,78.0
25.0,001202#8,1.0,1.0,10.0,10.0,23.0
25.0,001202#10,1.0,1.0,10.0,10.0,56.0
25.0,001202#11,1.0,1.0,10.0,10.0,57.0
25.0,001202#12,1.0,1.0,10.0,10.0,42.0
25.0,001257#0,1.0,1.0,10.0,10.0,46.0
25.0,001257#3,1.0,1.0,10.0,10.0,69.0
25.0,001257#6,1.0,1.0,10.0,10.0,27.0
25.0,001257#9,1.0,1.0,10.0,10.0,27.0
25.0,001257#10,1.0,1.0,10.0,10.0,46.0
25.0,001257#11,1.0,1.0,10.0,10.0,31.0
25.0,001276#3,1.0,1.0,10.0,10.0,58.0
25.0,001276#7,1.0,1.0,10.0,10.0,30.0
25.0,001276#9,1.0,1.0,10.0,10.0,54.0
25.0,001276#10,1.0,1.0,10.0,10.0,27.0
25.0,001276#11,1.0,1.0,10.0,10.0,31.0
25.0,001276#12,1.0,1.0,10.0,10.0,25.0
25.0,001276#13,1.0,1.0,10.0,10.0,35.0
25.0,001276#14,1.0,1.0,10.0,10.0,50.0
25.0,001276#15,1.0,1.0,10.0,10.0,25.0
25.0,001295#0,1.0,1.0,10.0,10.0,30.0
25.0,001295#1,1.0,1.0,10.0,10.0,52.0
25.0,001295#3,1.0,1.0,10.0,10.0,10.0
25.0,001295#10,1.0,1.0,10.0,10.0,55.0
25.0,001295#11,1.0,1.0,10.0,10.0,24.0
25.0,001295#12,1.0,1.0,10.0,10.0,17.0
25.0,001295#13,1.0,1.0,10.0,10.0,28.0
25.0,001295#14,1.0,1.0,10.0,10.0,36.0
25.0,001295#15,1.0,1.0,10.0,10.0,24.0
25.0,001295#17,1.0,1.0,10.0,10.0,19.0
25.0,001295#18,1.0,1.0,10.0,10.0,15.0
25.0,001295#19,1.0,1.0,10.0,10.0,17.0
25.0,001295#20,1.0,1.0,10.0,10.0,16.0
25.0,001295#21,1.0,1.0,10.0,10.0,22.0
25.0,001295#22,1.0,1.0,10.0,10.0,26.0
25.0,001295#24,1.0,1.0,10.0,10.0,26.0
25.0,001295#26,1.0,1.0,9.0,10.0,9.0
25.0,001409#0,1.0,1.0,10.0,10.0,39.0
25.0,001409#1,1.0,1.0,10.0,10.0,43.0
25.0,001415#0,1.0,1.0,10.0,10.0,42.0
25.0,001415#1,1.0,1.0,10.0,10.0,44.0
25.0,001415#2,1.0,1.0,10.0,10.0,41.0
25.0,001415#3,1.0,1.0,10.0,10.0,53.0
25.0,001443#3,1.0,1.0,10.0,10.0,53.0
25.0,001443#4,1.0,1.0,10.0,10.0,73.0
25.0,001443#6,1.0,1.0,10.0,10.0,66.0
25.0,001443#7,1.0,1.0,10.0,10.0,67.0
25.0,001443#9,1.0,1.0,10.0,10.0,27.0
25.0,001443#10,1.0,1.0,10.0,10.0,46.0
25.0,001461#2,1.0,1.0,10.0,10.0,28.0
25.0,001461#3,1.0,1.0,10.0,10.0,42.0
25.0,001461#4,1.0,1.0,10.0,10.0,64.0
25.0,001461#5,1.0,1.0,10.0,10.0,36.0
25.0,001531#1,1.0,1.0,10.0,10.0,16.0
25.0,001531#2,1.0,1.0,10.0,10.0,11.0
25.0,001531#6,1.0,1.0,10.0,10.0,28.0
25.0,001531#8,1.0,1.0,10.0,10.0,11.0
25.0,001531#10,1.0,1.0,10.0,10.0,43.0
25.0,001558#4,1.0,1.0,10.0,10.0,31.0
25.0,001683#1,1.0,1.0,10.0,10.0,83.0
25.0,001683#6,1.0,1.0,10.0,10.0,36.0
25.0,001683#7,1.0,1.0,10.0,10.0,46.0
25.0,001683#8,1.0,1.0,10.0,10.0,50.0
25.0,001694#1,1.0,1.0,10.0,10.0,28.0
25.0,001694#2,1.0,1.0,10.0,10.0,64.0
25.0,001694#7,1.0,1.0,10.0,10.0,62.0
25.0,001694#8,1.0,1.0,10.0,10.0,36.0
25.0,001694#9,1.0,1.0,10.0,10.0,50.0
25.0,001694#10,1.0,1.0,10.0,10.0,27.0
25.0,001694#11,1.0,1.0,10.0,10.0,28.0
25.0,001694#12,1.0,1.0,10.0,10.0,22.0
25.0,001694#13,1.0,1.0,10.0,10.0,27.0
25.0,001694#14,1.0,1.0,10.0,10.0,31.0
25.0,001707#1,1.0,1.0,10.0,10.0,22.0
25.0,001707#2,1.0,1.0,10.0,10.0,68.0
25.0,001707#7,1.0,1.0,10.0,10.0,62.0
25.0,001707#8,1.0,1.0,10.0,10.0,36.0
25.0,001707#9,1.0,1.0,10.0,10.0,31.0
25.0,001707#10,1.0,1.0,10.0,10.0,34.0
25.0,001707#11,1.0,1.0,10.0,10.0,57.0
25.0,001707#12,1.0,1.0,10.0,10.0,19.0
25.0,001712#1,1.0,1.0,10.0,10.0,72.0
25.0,001712#6,1.0,1.0,10.0,10.0,58.0
25.0,001712#7,1.0,1.0,10.0,10.0,16.0
25.0,001712#8,1.0,1.0,10.0,10.0,36.0
25.0,001712#9,1.0,1.0,10.0,10.0,55.0
25.0,001712#10,1.0,1.0,10.0,10.0,25.0
25.0,001712#11,1.0,1.0,10.0,10.0,23.0
25.0,001712#12,1.0,1.0,10.0,10.0,27.0
25.0,001724#1,1.0,1.0,10.0,10.0,11.0
25.0,001724#3,1.0,1.0,10.0,10.0,56.0
25.0,001724#7,1.0,1.0,10.0,10.0,84.0
25.0,001724#8,1.0,1.0,10.0,10.0,34.0
25.0,001724#9,1.0,1.0,10.0,10.0,30.0
25.0,001724#10,1.0,1.0,10.0,10.0,27.0
25.0,001724#11,1.0,1.0,10.0,10.0,34.0
25.0,001724#12,1.0,1.0,10.0,10.0,38.0
25.0,001737#3,1.0,1.0,10.0,10.0,54.0
25.0,001737#7,1.0,1.0,10.0,10.0,76.0
25.0,001737#8,1.0,1.0,8.0,10.0,8.0
25.0,001737#9,1.0,1.0,10.0,10.0,15.0
25.0,001737#10,1.0,1.0,10.0,10.0,36.0
25.0,001737#11,1.0,1.0,10.0,10.0,30.0
25.0,001737#12,1.0,1.0,10.0,10.0,38.0
25.0,001737#13,1.0,1.0,10.0,10.0,30.0
25.0,001742#0,1.0,1.0,10.0,10.0,41.0
25.0,001763#0,1.0,1.0,10.0,10.0,25.0
25.0,001785#0,1.0,1.0,10.0,10.0,50.0
25.0,001785#1,1.0,1.0,10.0,10.0,51.0
25.0,001785#2,1.0,1.0,10.0,10.0,80.0
25.0,001851#0,1.0,1.0,10.0,10.0,48.0
25.0,001851#8,1.0,1.0,10.0,10.0,25.0
25.0,001851#9,1.0,1.0,10.0,10.0,27.0
25.0,001851#10,1.0,1.0,10.0,10.0,31.0
25.0,001851#11,1.0,1.0,10.0,10.0,25.0
25.0,001851#12,1.0,1.0,10.0,10.0,27.0
25.0,001851#13,1.0,1.0,10.0,10.0,50.0
25.0,001851#14,1.0,1.0,10.0,10.0,27.0
25.0,001862#0,1.0,1.0,10.0,10.0,48.0
25.0,001862#8,1.0,1.0,10.0,10.0,21.0
25.0,001862#9,1.0,1.0,10.0,10.0,27.0
25.0,001862#10,1.0,1.0,10.0,10.0,54.0
25.0,001862#11,1.0,1.0,10.0,10.0,21.0
25.0,001862#12,1.0,1.0,10.0,10.0,20.0
25.0,001862#13,1.0,1.0,10.0,10.0,32.0
25.0,001862#14,1.0,1.0,10.0,10.0,29.0
25.0,001862#15,1.0,1.0,10.0,10.0,37.0
25.0,001873#0,1.0,1.0,10.0,10.0,48.0
25.0,001873#4,1.0,1.0,10.0,10.0,73.0
25.0,001873#8,1.0,1.0,10.0,10.0,26.0
25.0,001873#9,1.0,1.0,10.0,10.0,50.0
25.0,001873#10,1.0,1.0,10.0,10.0,14.0
25.0,001873#11,1.0,1.0,10.0,10.0,27.0
25.0,001873#12,1.0,1.0,10.0,10.0,26.0
25.0,001873#13,1.0,1.0,10.0,10.0,27.0
25.0,001881#0,1.0,1.0,10.0,10.0,48.0
25.0,001881#4,1.0,1.0,10.0,10.0,73.0
25.0,001881#8,1.0,1.0,10.0,10.0,25.0
25.0,001881#9,1.0,1.0,10.0,10.0,54.0
25.0,001881#10,1.0,1.0,10.0,10.0,22.0
25.0,001884#0,1.0,1.0,10.0,10.0,52.0
25.0,001884#4,1.0,1.0,10.0,10.0,73.0
25.0,001884#8,1.0,1.0,10.0,10.0,21.0
25.0,001884#9,1.0,1.0,10.0,10.0,57.0
25.0,001884#10,1.0,1.0,10.0,10.0,25.0
25.0,001884#11,1.0,1.0,10.0,10.0,23.0
25.0,001884#12,1.0,1.0,10.0,10.0,20.0
25.0,001884#13,1.0,1.0,10.0,10.0,17.0
25.0,001884#14,1.0,1.0,10.0,10.0,27.0
25.0,001898#0,1.0,1.0,10.0,10.0,52.0
25.0,001898#4,1.0,1.0,10.0,10.0,74.0
25.0,001898#7,1.0,1.0,10.0,10.0,22.0
25.0,001898#8,1.0,1.0,10.0,10.0,20.0
25.0,001898#9,1.0,1.0,10.0,10.0,21.0
25.0,001898#10,1.0,1.0,10.0,10.0,24.0
25.0,001898#11,1.0,1.0,10.0,10.0,36.0
25.0,001898#12,1.0,1.0,10.0,10.0,55.0
25.0,001898#13,1.0,1.0,10.0,10.0,27.0
25.0,001898#14,1.0,1.0,10.0,10.0,24.0
25.0,001970#1,1.0,1.0,10.0,10.0,73.0
25.0,001970#3,1.0,1.0,10.0,10.0,36.0
25.0,001970#7,1.0,1.0,10.0,10.0,65.0
25.0,001970#8,1.0,1.0,10.0,10.0,26.0
25.0,001970#9,1.0,1.0,10.0,10.0,41.0
25.0,001970#10,1.0,1.0,10.0,10.0,27.0
25.0,002048#2,1.0,1.0,10.0,10.0,68.0
25.0,002048#3,1.0,1.0,10.0,10.0,53.0
25.0,002048#4,1.0,1.0,10.0,10.0,76.0
25.0,002048#7,1.0,1.0,10.0,10.0,37.0
25.0,002048#8,1.0,1.0,10.0,10.0,19.0
25.0,002048#9,1.0,1.0,10.0,10.0,40.0
25.0,002048#10,1.0,1.0,10.0,10.0,41.0
25.0,002097#3,1.0,1.0,10.0,10.0,67.0
25.0,002097#4,1.0,1.0,10.0,10.0,75.0
25.0,002097#7,1.0,1.0,10.0,10.0,22.0
25.0,002097#8,1.0,1.0,10.0,10.0,29.0
25.0,002097#9,1.0,1.0,10.0,10.0,32.0
25.0,002097#10,1.0,1.0,10.0,10.0,32.0
25.0,002102#0,1.0,1.0,10.0,10.0,63.0
25.0,002102#1,1.0,1.0,10.0,10.0,67.0
25.0,002102#2,1.0,1.0,10.0,10.0,64.0
25.0,002102#3,1.0,1.0,10.0,10.0,55.0
25.0,002102#4,1.0,1.0,10.0,10.0,59.0
25.0,002102#5,1.0,1.0,10.0,10.0,40.0
25.0,002102#6,1.0,1.0,10.0,10.0,56.0
25.0,002102#7,1.0,1.0,10.0,10.0,56.0
25.0,002102#8,1.0,1.0,10.0,10.0,50.0
25.0,002156#0,1.0,1.0,10.0,10.0,40.0
25.0,002156#1,1.0,1.0,10.0,10.0,28.0
25.0,002156#2,1.0,1.0,10.0,10.0,38.0
25.0,002156#3,1.0,1.0,6.0,10.0,59.0
25.0,002156#4,1.0,1.0,10.0,10.0,81.0
25.0,002156#7,1.0,1.0,10.0,10.0,46.0
25.0,002156#8,1.0,1.0,10.0,10.0,34.0
25.0,002156#9,1.0,1.0,10.0,10.0,53.0
25.0,002207#0,1.0,1.0,10.0,10.0,11.0
25.0,002207#1,1.0,1.0,10.0,10.0,49.0
25.0,002235#3,1.0,1.0,10.0,10.0,36.0
25.0,002235#5,1.0,1.0,10.0,10.0,55.0
25.0,002235#6,1.0,1.0,4.0,10.0,17.0
25.0,002235#7,1.0,1.0,10.0,10.0,27.0
25.0,002235#10,1.0,1.0,10.0,10.0,10.0
25.0,002265#3,1.0,1.0,10.0,10.0,15.0
25.0,002265#4,1.0,1.0,10.0,10.0,13.0
25.0,002276#0,1.0,1.0,10.0,10.0,41.0
25.0,002276#1,1.0,1.0,10.0,10.0,18.0
25.0,002276#2,1.0,1.0,10.0,10.0,32.0
25.0,002276#3,1.0,1.0,10.0,10.0,53.0
25.0,002276#6,1.0,1.0,10.0,10.0,46.0
25.0,002331#2,1.0,1.0,10.0,10.0,49.0
25.0,002331#3,1.0,1.0,10.0,10.0,37.0
25.0,002331#4,1.0,1.0,10.0,10.0,75.0
25.0,002331#16,1.0,1.0,10.0,10.0,14.0
25.0,002331#18,1.0,1.0,8.0,10.0,21.0
25.0,002334#1,1.0,1.0,10.0,10.0,11.0
25.0,002334#8,1.0,1.0,10.0,10.0,56.0
25.0,002334#9,1.0,1.0,10.0,10.0,18.0
25.0,002338#0,1.0,1.0,10.0,10.0,62.0
25.0,002338#1,1.0,1.0,10.0,10.0,70.0
25.0,002338#4,1.0,1.0,10.0,10.0,73.0
25.0,002338#5,1.0,1.0,10.0,10.0,44.0
25.0,002357#0,1.0,1.0,10.0,10.0,23.0
25.0,002357#1,1.0,1.0,10.0,10.0,35.0
25.0,002357#2,1.0,1.0,10.0,10.0,72.0
25.0,002357#3,1.0,1.0,10.0,10.0,43.0
25.0,002359#0,1.0,1.0,10.0,10.0,29.0
25.0,002359#1,1.0,1.0,10.0,10.0,43.0
25.0,002359#2,1.0,1.0,10.0,10.0,45.0
25.0,002359#3,1.0,1.0,10.0,10.0,27.0
25.0,002378#0,1.0,1.0,10.0,10.0,34.0
25.0,002378#1,1.0,1.0,10.0,10.0,11.0
25.0,002378#3,1.0,1.0,10.0,10.0,66.0
25.0,002378#5,1.0,1.0,10.0,10.0,73.0
25.0,002378#6,1.0,1.0,10.0,10.0,19.0
25.0,002380#2,1.0,1.0,10.0,10.0,77.0
25.0,002380#3,1.0,1.0,10.0,10.0,55.0
25.0,002380#4,1.0,1.0,10.0,10.0,19.0
25.0,002380#5,1.0,1.0,8.0,10.0,8.0
25.0,002380#6,1.0,1.0,10.0,10.0,45.0
25.0,002380#7,1.0,1.0,10.0,10.0,14.0
25.0,002380#8,1.0,1.0,10.0,10.0,15.0
25.0,002380#9,1.0,1.0,10.0,10.0,25.0
25.0,002413#0,1.0,1.0,10.0,10.0,23.0
25.0,002517#1,1.0,1.0,10.0,10.0,48.0
25.0,002517#2,1.0,1.0,10.0,10.0,16.0
25.0,002517#4,1.0,1.0,10.0,10.0,23.0
25.0,002517#5,1.0,1.0,10.0,10.0,76.0
25.0,002584#4,1.0,1.0,5.0,10.0,11.0
25.0,002584#6,1.0,1.0,10.0,10.0,11.0
25.0,002625#6,1.0,1.0,10.0,10.0,17.0
25.0,002625#8,1.0,1.0,10.0,10.0,26.0
25.0,002625#10,1.0,1.0,10.0,10.0,27.0
25.0,002625#13,1.0,1.0,10.0,10.0,22.0
25.0,002625#14,1.0,1.0,10.0,10.0,73.0
25.0,002625#18,1.0,1.0,10.0,10.0,29.0
25.0,002625#19,1.0,1.0,10.0,10.0,13.0
25.0,002625#20,1.0,1.0,10.0,10.0,70.0
25.0,002625#21,1.0,1.0,10.0,10.0,82.0
25.0,002625#22,1.0,1.0,10.0,10.0,36.0
25.0,002625#23,1.0,1.0,10.0,10.0,34.0
25.0,002625#24,1.0,1.0,10.0,10.0,65.0
25.0,002625#25,1.0,1.0,10.0,10.0,11.0
25.0,002625#26,1.0,1.0,10.0,10.0,48.0
25.0,002625#27,1.0,1.0,5.0,10.0,25.0
25.0,002625#28,1.0,1.0,10.0,10.0,37.0
25.0,002625#29,1.0,1.0,10.0,10.0,63.0
25.0,002625#30,1.0,1.0,10.0,10.0,23.0
25.0,002625#31,1.0,1.0,10.0,10.0,34.0
25.0,002625#32,1.0,1.0,10.0,10.0,45.0
25.0,002625#33,1.0,1.0,10.0,10.0,12.0
25.0,002627#5,1.0,1.0,10.0,10.0,20.0
25.0,002627#7,1.0,1.0,10.0,10.0,17.0
25.0,002627#11,1.0,1.0,10.0,10.0,74.0
25.0,002627#12,1.0,1.0,10.0,10.0,32.0
25.0,002627#15,1.0,1.0,10.0,10.0,69.0
25.0,002627#17,1.0,1.0,10.0,10.0,73.0
25.0,002627#18,1.0,1.0,10.0,10.0,74.0
25.0,002627#19,1.0,1.0,10.0,10.0,18.0
25.0,002627#22,1.0,1.0,10.0,10.0,87.0
25.0,002627#23,1.0,1.0,10.0,10.0,71.0
25.0,002627#26,1.0,1.0,10.0,10.0,80.0
25.0,002627#27,1.0,1.0,10.0,10.0,81.0
25.0,002627#28,1.0,1.0,10.0,10.0,48.0
25.0,002627#30,1.0,1.0,10.0,10.0,39.0
25.0,002627#31,1.0,1.0,10.0,10.0,50.0
25.0,002627#32,1.0,1.0,10.0,10.0,55.0
25.0,002671#7,1.0,1.0,10.0,10.0,51.0
25.0,002671#9,1.0,1.0,10.0,10.0,25.0
25.0,002671#11,1.0,1.0,10.0,10.0,39.0
25.0,002671#12,1.0,1.0,10.0,10.0,63.0
25.0,002671#13,1.0,1.0,10.0,10.0,45.0
25.0,002671#14,1.0,1.0,10.0,10.0,30.0
25.0,002671#15,1.0,1.0,10.0,10.0,30.0
25.0,002671#16,1.0,1.0,10.0,10.0,18.0
25.0,002671#17,1.0,1.0,10.0,10.0,45.0
25.0,002671#18,1.0,1.0,10.0,10.0,18.0
25.0,002671#19,1.0,1.0,10.0,10.0,57.0
25.0,002671#20,1.0,1.0,10.0,10.0,46.0
25.0,002671#21,1.0,1.0,10.0,10.0,23.0
25.0,002671#22,1.0,1.0,10.0,10.0,23.0
25.0,002671#23,1.0,1.0,10.0,10.0,46.0
25.0,002671#24,1.0,1.0,10.0,10.0,59.0
25.0,002677#0,1.0,1.0,10.0,10.0,63.0
25.0,002677#1,1.0,1.0,10.0,10.0,40.0
25.0,002677#16,1.0,1.0,10.0,10.0,14.0
25.0,002677#17,1.0,1.0,10.0,10.0,24.0
25.0,002677#18,1.0,1.0,10.0,10.0,76.0
25.0,002707#11,1.0,1.0,10.0,10.0,22.0
25.0,002707#12,1.0,1.0,10.0,10.0,25.0
25.0,002707#13,1.0,1.0,10.0,10.0,62.0
25.0,002750#1,1.0,1.0,10.0,10.0,15.0
25.0,002750#4,1.0,1.0,10.0,10.0,42.0
25.0,002750#12,1.0,1.0,9.0,10.0,13.0
25.0,002750#13,1.0,1.0,10.0,10.0,12.0
25.0,002750#14,1.0,1.0,10.0,10.0,10.0
25.0,002750#16,1.0,1.0,8.0,10.0,8.0
25.0,002750#18,1.0,1.0,10.0,10.0,14.0
25.0,002750#19,1.0,1.0,10.0,10.0,22.0
25.0,002750#20,1.0,1.0,10.0,10.0,28.0
25.0,002750#21,1.0,1.0,10.0,10.0,28.0
25.0,002750#22,1.0,1.0,10.0,10.0,53.0
25.0,002750#23,1.0,1.0,10.0,10.0,25.0
25.0,002750#25,1.0,1.0,10.0,10.0,51.0
25.0,002762#1,1.0,1.0,10.0,10.0,17.0
25.0,002839#1,1.0,1.0,10.0,10.0,21.0
25.0,002839#2,1.0,1.0,10.0,10.0,25.0
25.0,002839#3,1.0,1.0,10.0,10.0,48.0
25.0,002839#4,1.0,1.0,10.0,10.0,31.0
25.0,002842#3,1.0,1.0,10.0,10.0,25.0
25.0,002842#4,1.0,1.0,10.0,10.0,21.0
25.0,002844#1,1.0,1.0,10.0,10.0,42.0
25.0,002844#2,1.0,1.0,10.0,10.0,21.0
25.0,002844#3,1.0,1.0,10.0,10.0,38.0
25.0,002935#0,1.0,1.0,10.0,10.0,17.0
25.0,002935#1,1.0,1.0,8.0,10.0,13.0
25.0,002955#0,1.0,1.0,10.0,10.0,72.0
25.0,002955#1,1.0,1.0,10.0,10.0,47.0
25.0,002955#4,1.0,1.0,10.0,10.0,32.0
25.0,002955#5,1.0,1.0,10.0,10.0,21.0
25.0,002955#6,1.0,1.0,10.0,10.0,37.0
25.0,002955#7,1.0,1.0,9.0,10.0,68.0
25.0,002955#8,1.0,1.0,10.0,10.0,61.0
25.0,002955#9,1.0,1.0,10.0,10.0,11.0
25.0,002955#10,1.0,1.0,10.0,10.0,42.0
25.0,002955#11,1.0,1.0,10.0,10.0,42.0
25.0,002955#12,1.0,1.0,10.0,10.0,57.0
25.0,002955#13,1.0,1.0,10.0,10.0,67.0
25.0,002955#14,1.0,1.0,10.0,10.0,73.0
25.0,002955#16,1.0,1.0,10.0,10.0,49.0
25.0,002955#17,1.0,1.0,10.0,10.0,81.0
25.0,002955#20,1.0,1.0,10.0,10.0,15.0
25.0,002955#23,1.0,1.0,10.0,10.0,29.0
25.0,002955#24,1.0,1.0,7.0,10.0,7.0
25.0,002987#0,1.0,1.0,10.0,10.0,16.0
25.0,002987#1,1.0,1.0,9.0,10.0,9.0
25.0,002987#2,1.0,1.0,10.0,10.0,23.0
25.0,002987#3,1.0,1.0,10.0,10.0,14.0
25.0,002987#4,1.0,1.0,10.0,10.0,34.0
25.0,002987#6,1.0,1.0,10.0,10.0,64.0
25.0,002987#7,1.0,1.0,10.0,10.0,73.0
25.0,002987#8,1.0,1.0,10.0,10.0,28.0
25.0,002987#9,1.0,1.0,10.0,10.0,14.0
25.0,002987#10,1.0,1.0,10.0,10.0,15.0
25.0,002987#11,1.0,1.0,10.0,10.0,15.0
25.0,002987#12,1.0,1.0,8.0,10.0,8.0
25.0,002987#13,1.0,1.0,10.0,10.0,34.0
25.0,002987#14,1.0,1.0,10.0,10.0,20.0
25.0,002987#15,1.0,1.0,10.0,10.0,37.0
25.0,003007#6,1.0,1.0,9.0,10.0,9.0
25.0,003007#8,1.0,1.0,10.0,10.0,41.0
25.0,003007#9,1.0,1.0,10.0,10.0,24.0
25.0,003013#6,1.0,1.0,10.0,10.0,20.0
25.0,003017#4,1.0,1.0,10.0,10.0,12.0
25.0,003026#4,1.0,1.0,10.0,10.0,17.0
25.0,003056#1,1.0,1.0,10.0,10.0,24.0
25.0,003056#2,1.0,1.0,10.0,10.0,15.0
25.0,003056#3,1.0,1.0,10.0,10.0,15.0
25.0,003056#4,1.0,1.0,10.0,10.0,11.0
25.0,003056#7,1.0,1.0,10.0,10.0,38.0
25.0,003056#8,1.0,1.0,8.0,10.0,9.0
25.0,003056#9,1.0,1.0,10.0,10.0,27.0
25.0,003056#10,1.0,1.0,10.0,10.0,18.0
25.0,003056#11,1.0,1.0,10.0,10.0,61.0
25.0,003148#0,1.0,1.0,10.0,10.0,61.0
25.0,003148#2,1.0,1.0,10.0,10.0,63.0
25.0,003148#3,1.0,1.0,10.0,10.0,42.0
25.0,003148#6,1.0,1.0,10.0,10.0,47.0
25.0,003148#7,1.0,1.0,7.0,10.0,8.0
25.0,003148#8,1.0,1.0,7.0,10.0,8.0
25.0,003160#0,1.0,1.0,10.0,10.0,42.0
25.0,003160#1,1.0,1.0,10.0,10.0,28.0
25.0,003160#2,1.0,1.0,10.0,10.0,31.0
25.0,003160#3,1.0,1.0,7.0,10.0,27.0
25.0,003160#4,1.0,1.0,10.0,10.0,31.0
25.0,003160#5,1.0,1.0,10.0,10.0,84.0
25.0,003160#7,1.0,1.0,10.0,10.0,37.0
25.0,003160#8,1.0,1.0,10.0,10.0,69.0
25.0,003160#9,1.0,1.0,10.0,10.0,19.0
25.0,003160#11,1.0,1.0,10.0,10.0,78.0
25.0,003160#13,1.0,1.0,10.0,10.0,37.0
25.0,003160#14,1.0,1.0,10.0,10.0,11.0
25.0,003160#15,1.0,1.0,10.0,10.0,55.0
25.0,003160#17,1.0,1.0,10.0,10.0,43.0
25.0,003160#18,1.0,1.0,10.0,10.0,72.0
25.0,003160#19,1.0,1.0,10.0,10.0,26.0
25.0,003160#20,1.0,1.0,10.0,10.0,18.0
25.0,003160#21,1.0,1.0,10.0,10.0,46.0
25.0,003198#1,1.0,1.0,10.0,10.0,64.0
25.0,003198#4,1.0,1.0,10.0,10.0,42.0
25.0,003257#5,1.0,1.0,10.0,10.0,58.0
25.0,003262#0,1.0,1.0,10.0,10.0,28.0
25.0,003262#1,1.0,1.0,10.0,10.0,31.0
25.0,003262#4,1.0,1.0,10.0,10.0,27.0
25.0,003262#14,1.0,1.0,10.0,10.0,10.0
25.0,003262#16,1.0,1.0,9.0,10.0,10.0
25.0,003262#17,1.0,1.0,10.0,10.0,14.0
25.0,003262#21,1.0,1.0,9.0,10.0,16.0
25.0,003262#23,1.0,1.0,10.0,10.0,22.0
25.0,003262#24,1.0,1.0,10.0,10.0,18.0
25.0,003262#28,1.0,1.0,10.0,10.0,50.0
25.0,003262#29,1.0,1.0,5.0,10.0,7.0
25.0,003262#30,1.0,1.0,10.0,10.0,73.0
25.0,003273#1,1.0,1.0,10.0,10.0,73.0
25.0,003273#3,1.0,1.0,10.0,10.0,68.0
25.0,003273#4,1.0,1.0,10.0,10.0,45.0
25.0,003273#5,1.0,1.0,10.0,10.0,12.0
25.0,003273#6,1.0,1.0,10.0,10.0,87.0
25.0,003273#8,1.0,1.0,10.0,10.0,35.0
25.0,003273#9,1.0,1.0,10.0,10.0,19.0
25.0,003273#10,1.0,1.0,10.0,10.0,42.0
25.0,003273#11,1.0,1.0,10.0,10.0,17.0
25.0,003273#13,1.0,1.0,10.0,10.0,20.0
25.0,003288#0,1.0,1.0,10.0,10.0,74.0
25.0,003288#3,1.0,1.0,10.0,10.0,37.0
25.0,003288#4,1.0,1.0,10.0,10.0,27.0
25.0,003288#5,1.0,1.0,10.0,10.0,20.0
25.0,003288#6,1.0,1.0,10.0,10.0,20.0
25.0,003288#7,1.0,1.0,10.0,10.0,16.0
25.0,003288#8,1.0,1.0,10.0,10.0,14.0
25.0,003288#9,1.0,1.0,10.0,10.0,16.0
25.0,003288#10,1.0,1.0,10.0,10.0,18.0
25.0,003288#11,1.0,1.0,10.0,10.0,14.0
25.0,003288#12,1.0,1.0,10.0,10.0,27.0
25.0,003288#13,1.0,1.0,10.0,10.0,33.0
25.0,003288#14,1.0,1.0,10.0,10.0,13.0
25.0,003288#16,1.0,1.0,10.0,10.0,21.0
25.0,003288#18,1.0,1.0,10.0,10.0,69.0
25.0,003304#0,1.0,1.0,10.0,10.0,42.0
25.0,003304#1,1.0,1.0,10.0,10.0,36.0
25.0,003304#2,1.0,1.0,10.0,10.0,14.0
25.0,003304#3,1.0,1.0,10.0,10.0,48.0
25.0,003304#4,1.0,1.0,10.0,10.0,20.0
25.0,003304#8,1.0,1.0,10.0,10.0,25.0
25.0,003304#9,1.0,1.0,10.0,10.0,41.0
25.0,003304#11,1.0,1.0,10.0,10.0,42.0
25.0,003304#12,1.0,1.0,10.0,10.0,30.0
25.0,003304#13,1.0,1.0,10.0,10.0,13.0
25.0,003317#1,1.0,1.0,10.0,10.0,29.0
25.0,003317#2,1.0,1.0,10.0,10.0,26.0
25.0,003317#3,1.0,1.0,10.0,10.0,29.0
25.0,003317#5,1.0,1.0,10.0,10.0,50.0
25.0,003317#6,1.0,1.0,10.0,10.0,23.0
25.0,003317#7,1.0,1.0,10.0,10.0,27.0
25.0,003317#8,1.0,1.0,10.0,10.0,49.0
25.0,003317#9,1.0,1.0,10.0,10.0,30.0
25.0,003317#12,1.0,1.0,10.0,10.0,12.0
25.0,003317#14,1.0,1.0,8.0,10.0,55.0
25.0,003317#15,1.0,1.0,10.0,10.0,70.0
25.0,003317#16,1.0,1.0,10.0,10.0,43.0
25.0,003348#0,1.0,1.0,10.0,10.0,30.0
25.0,003353#0,1.0,1.0,10.0,10.0,14.0
25.0,003408#1,1.0,1.0,10.0,10.0,22.0
25.0,003411#0,1.0,1.0,10.0,10.0,41.0
25.0,003411#1,1.0,1.0,10.0,10.0,52.0
25.0,003411#2,1.0,1.0,10.0,10.0,57.0
25.0,003411#3,1.0,1.0,10.0,10.0,50.0
25.0,003419#0,1.0,1.0,10.0,10.0,84.0
25.0,003419#5,1.0,1.0,10.0,10.0,22.0
25.0,003419#13,1.0,1.0,8.0,10.0,24.0
25.0,003419#14,1.0,1.0,10.0,10.0,30.0
25.0,003419#17,1.0,1.0,9.0,10.0,30.0
25.0,003419#18,1.0,1.0,10.0,10.0,34.0
25.0,003419#19,1.0,1.0,10.0,10.0,18.0
25.0,003419#21,1.0,1.0,10.0,10.0,36.0
25.0,003425#5,1.0,1.0,10.0,10.0,17.0
25.0,003425#6,1.0,1.0,9.0,10.0,13.0
25.0,003425#7,1.0,1.0,10.0,10.0,11.0
25.0,003425#10,1.0,1.0,10.0,10.0,18.0
25.0,003425#12,1.0,1.0,10.0,10.0,44.0
25.0,003425#13,1.0,1.0,10.0,10.0,46.0
25.0,003460#0,1.0,1.0,10.0,10.0,26.0
25.0,003460#1,1.0,1.0,10.0,10.0,64.0
25.0,003460#3,1.0,1.0,10.0,10.0,80.0
25.0,003460#5,1.0,1.0,10.0,10.0,25.0
25.0,003460#6,1.0,1.0,10.0,10.0,73.0
25.0,003472#0,1.0,1.0,10.0,10.0,31.0
25.0,003472#1,1.0,1.0,10.0,10.0,68.0
25.0,003472#2,1.0,1.0,10.0,10.0,20.0
25.0,003472#3,1.0,1.0,10.0,10.0,71.0
25.0,003475#1,1.0,1.0,10.0,10.0,41.0
25.0,003475#2,1.0,1.0,10.0,10.0,22.0
25.0,003475#3,1.0,1.0,10.0,10.0,51.0
25.0,003475#5,1.0,1.0,10.0,10.0,46.0
25.0,003475#6,1.0,1.0,10.0,10.0,70.0
25.0,003475#10,1.0,1.0,10.0,10.0,21.0
25.0,003475#11,1.0,1.0,10.0,10.0,31.0
25.0,003487#0,1.0,1.0,10.0,10.0,53.0
25.0,003487#2,1.0,1.0,10.0,10.0,62.0
25.0,003489#0,1.0,1.0,10.0,10.0,24.0
25.0,003489#2,1.0,1.0,10.0,10.0,31.0
25.0,003489#3,1.0,1.0,10.0,10.0,55.0
25.0,003489#4,1.0,1.0,10.0,10.0,25.0
25.0,003489#5,1.0,1.0,10.0,10.0,35.0
25.0,003489#9,1.0,1.0,10.0,10.0,26.0
25.0,003489#14,1.0,1.0,10.0,10.0,37.0
25.0,003526#0,1.0,1.0,10.0,10.0,18.0
25.0,003526#3,1.0,1.0,10.0,10.0,13.0
25.0,003532#0,1.0,1.0,10.0,10.0,18.0
25.0,003532#1,1.0,1.0,10.0,10.0,42.0
25.0,003546#0,1.0,1.0,10.0,10.0,27.0
25.0,003546#1,1.0,1.0,10.0,10.0,28.0
25.0,003546#2,1.0,1.0,10.0,10.0,37.0
25.0,003592#0,1.0,1.0,10.0,10.0,23.0
25.0,003592#1,1.0,1.0,10.0,10.0,23.0
25.0,003592#2,1.0,1.0,10.0,10.0,31.0
25.0,003592#3,1.0,1.0,10.0,10.0,20.0
25.0,003595#3,1.0,1.0,10.0,10.0,27.0
25.0,003595#4,1.0,1.0,10.0,10.0,30.0
25.0,003595#5,1.0,1.0,10.0,10.0,21.0
25.0,003595#6,1.0,1.0,10.0,10.0,46.0
25.0,003603#3,1.0,1.0,10.0,10.0,32.0
25.0,003653#3,1.0,1.0,10.0,10.0,15.0
25.0,003653#5,1.0,1.0,10.0,10.0,20.0
25.0,003653#6,1.0,1.0,10.0,10.0,18.0
25.0,003653#7,1.0,1.0,10.0,10.0,14.0
25.0,003653#8,1.0,1.0,10.0,10.0,11.0
25.0,003653#9,1.0,1.0,10.0,10.0,12.0
25.0,003653#11,1.0,1.0,10.0,10.0,36.0
25.0,003653#12,1.0,1.0,10.0,10.0,51.0
25.0,003653#14,1.0,1.0,8.0,10.0,8.0
25.0,003653#16,1.0,1.0,9.0,10.0,9.0
25.0,003653#17,1.0,1.0,10.0,10.0,26.0
25.0,003653#18,1.0,1.0,8.0,10.0,8.0
25.0,003679#4,1.0,1.0,10.0,10.0,50.0
25.0,003679#5,1.0,1.0,10.0,10.0,27.0
25.0,003679#7,1.0,1.0,10.0,10.0,25.0
25.0,003679#8,1.0,1.0,10.0,10.0,32.0
25.0,003703#0,1.0,1.0,10.0,10.0,50.0
25.0,003739#0,1.0,1.0,10.0,10.0,30.0
25.0,003739#1,1.0,1.0,10.0,10.0,35.0
25.0,003739#2,1.0,1.0,10.0,10.0,17.0
25.0,003739#3,1.0,1.0,10.0,10.0,11.0
25.0,003739#5,1.0,1.0,10.0,10.0,16.0
25.0,003739#6,1.0,1.0,9.0,10.0,12.0
25.0,003739#7,1.0,1.0,10.0,10.0,26.0
25.0,003739#8,1.0,1.0,10.0,10.0,16.0
25.0,003757#0,1.0,1.0,10.0,10.0,76.0
25.0,003757#7,1.0,1.0,10.0,10.0,27.0
25.0,003757#8,1.0,1.0,8.0,10.0,10.0
25.0,003757#10,1.0,1.0,10.0,10.0,21.0
25.0,003757#14,1.0,1.0,10.0,10.0,13.0
25.0,003757#15,1.0,1.0,10.0,10.0,15.0
25.0,003757#16,1.0,1.0,9.0,10.0,11.0
25.0,003769#0,1.0,1.0,10.0,10.0,56.0
25.0,003838#0,1.0,1.0,10.0,10.0,72.0
25.0,003863#1,1.0,1.0,10.0,10.0,21.0
25.0,003863#3,1.0,1.0,10.0,10.0,17.0
25.0,003863#5,1.0,1.0,10.0,10.0,33.0
25.0,003863#7,1.0,1.0,10.0,10.0,24.0
25.0,003863#9,1.0,1.0,10.0,10.0,13.0
25.0,003863#10,1.0,1.0,10.0,10.0,12.0
25.0,003863#11,1.0,1.0,10.0,10.0,18.0
25.0,003895#2,1.0,1.0,10.0,10.0,55.0
25.0,003896#0,1.0,1.0,10.0,10.0,43.0
25.0,003896#1,1.0,1.0,10.0,10.0,19.0
25.0,003902#0,1.0,1.0,10.0,10.0,41.0
25.0,003902#1,1.0,1.0,10.0,10.0,15.0
25.0,003902#3,1.0,1.0,10.0,10.0,18.0
25.0,003902#4,1.0,1.0,10.0,10.0,30.0
25.0,003902#5,1.0,1.0,10.0,10.0,18.0
25.0,003902#6,1.0,1.0,10.0,10.0,41.0
25.0,003904#0,1.0,1.0,10.0,10.0,33.0
25.0,003904#1,1.0,1.0,10.0,10.0,19.0
25.0,003941#0,1.0,1.0,10.0,10.0,27.0
25.0,003941#1,1.0,1.0,10.0,10.0,17.0
25.0,003941#3,1.0,1.0,10.0,10.0,12.0
25.0,003941#5,1.0,1.0,10.0,10.0,25.0
25.0,003941#7,1.0,1.0,10.0,10.0,20.0
25.0,003941#8,1.0,1.0,10.0,10.0,26.0
25.0,003941#10,1.0,1.0,10.0,10.0,17.0
25.0,003941#11,1.0,1.0,10.0,10.0,26.0
25.0,003941#12,1.0,1.0,10.0,10.0,17.0
25.0,003941#13,1.0,1.0,10.0,10.0,20.0
25.0,003941#14,1.0,1.0,10.0,10.0,18.0
25.0,003941#15,1.0,1.0,10.0,10.0,22.0
25.0,003941#16,1.0,1.0,10.0,10.0,69.0
25.0,003941#20,1.0,1.0,9.0,10.0,10.0
25.0,003941#21,1.0,1.0,10.0,10.0,25.0
25.0,003941#22,1.0,1.0,10.0,10.0,13.0
25.0,003941#24,1.0,1.0,10.0,10.0,37.0
25.0,003941#25,1.0,1.0,10.0,10.0,18.0
25.0,003941#26,1.0,1.0,10.0,10.0,21.0
25.0,003941#27,1.0,1.0,10.0,10.0,18.0
25.0,003941#29,1.0,1.0,10.0,10.0,17.0
25.0,003941#30,1.0,1.0,10.0,10.0,34.0
25.0,003982#5,1.0,1.0,10.0,10.0,26.0
25.0,003982#6,1.0,1.0,10.0,10.0,15.0
25.0,003982#8,1.0,1.0,10.0,10.0,13.0
25.0,003982#11,1.0,1.0,10.0,10.0,19.0
25.0,003982#14,1.0,1.0,10.0,10.0,29.0
25.0,003982#19,1.0,1.0,5.0,10.0,9.0
25.0,003982#20,1.0,1.0,7.0,10.0,10.0
25.0,003982#23,1.0,1.0,10.0,10.0,25.0
25.0,003982#24,1.0,1.0,10.0,10.0,10.0
25.0,003982#30,1.0,1.0,10.0,10.0,12.0
25.0,003982#32,1.0,1.0,10.0,10.0,14.0
25.0,003982#34,1.0,1.0,10.0,10.0,11.0
25.0,003982#36,1.0,1.0,10.0,10.0,46.0
25.0,003982#41,1.0,1.0,9.0,10.0,10.0
25.0,003982#42,1.0,1.0,10.0,10.0,11.0
25.0,003982#43,1.0,1.0,10.0,10.0,13.0
25.0,003982#47,1.0,1.0,10.0,10.0,57.0
25.0,003982#48,1.0,1.0,10.0,10.0,16.0
25.0,003982#49,1.0,1.0,10.0,10.0,69.0
25.0,003982#50,1.0,1.0,10.0,10.0,34.0
25.0,003982#53,1.0,1.0,7.0,10.0,10.0
25.0,003982#57,1.0,1.0,10.0,10.0,18.0
25.0,003982#58,1.0,1.0,10.0,10.0,18.0
25.0,003982#60,1.0,1.0,10.0,10.0,16.0
25.0,003982#61,1.0,1.0,10.0,10.0,15.0
25.0,003982#62,1.0,1.0,10.0,10.0,17.0
25.0,003987#5,1.0,1.0,10.0,10.0,32.0
25.0,003987#6,1.0,1.0,10.0,10.0,28.0
25.0,003987#10,1.0,1.0,10.0,10.0,66.0
25.0,003987#11,1.0,1.0,10.0,10.0,71.0
25.0,003987#15,1.0,1.0,10.0,10.0,33.0
25.0,003987#16,1.0,1.0,10.0,10.0,42.0
25.0,003987#23,1.0,1.0,8.0,10.0,11.0
25.0,003987#27,1.0,1.0,10.0,10.0,11.0
25.0,003987#35,1.0,1.0,10.0,10.0,26.0
25.0,003987#38,1.0,1.0,10.0,10.0,19.0
25.0,003987#39,1.0,1.0,10.0,10.0,17.0
25.0,003987#40,1.0,1.0,10.0,10.0,16.0
25.0,003987#41,1.0,1.0,10.0,10.0,13.0
25.0,003987#43,1.0,1.0,10.0,10.0,10.0
25.0,003987#46,1.0,1.0,8.0,10.0,8.0
25.0,003987#47,1.0,1.0,10.0,10.0,15.0
25.0,003987#49,1.0,1.0,10.0,10.0,12.0
25.0,003987#50,1.0,1.0,10.0,10.0,15.0
25.0,003987#51,1.0,1.0,10.0,10.0,15.0
25.0,003987#52,1.0,1.0,10.0,10.0,10.0
25.0,003987#53,1.0,1.0,10.0,10.0,19.0
25.0,003987#55,1.0,1.0,10.0,10.0,31.0
25.0,hehe_173_000002_024_00000105#2,0.0,1.0,0.0,10.0,11.0
25.0,hehe_173_000002_024_00000105#4,1.0,1.0,7.0,10.0,11.0
25.0,hehe_173_000002_024_00000105#6,1.0,1.0,10.0,10.0,23.0
25.0,hehe_173_000002_024_00000105#7,1.0,1.0,9.0,10.0,15.0
25.0,hehe_173_000002_024_00000105#9,1.0,1.0,10.0,10.0,31.0
25.0,hehe_173_000002_024_00000105#10,1.0,1.0,10.0,10.0,25.0
25.0,hehe_173_000002_024_00000105#11,1.0,1.0,9.0,10.0,11.0
25.0,hehe_173_000002_024_00000105#13,1.0,1.0,10.0,10.0,31.0
25.0,hehe_173_000002_024_00000105#15,1.0,1.0,10.0,10.0,76.0
25.0,hehe_186_000002_028_00000050#1,1.0,1.0,10.0,10.0,77.0
25.0,hehe_22_00000004#0,1.0,1.0,10.0,10.0,29.0
25.0,hehe_22_00000004#2,1.0,1.0,10.0,10.0,23.0
25.0,hehe_22_00000004#4,1.0,1.0,10.0,10.0,69.0
25.0,hehe_22_00000004#6,1.0,1.0,10.0,10.0,57.0
25.0,hehe_22_00000004#7,1.0,1.0,10.0,10.0,70.0
25.0,hehe_22_00000004#9,1.0,1.0,6.0,10.0,11.0
25.0,hehe_230_000002_043_00000061#1,1.0,1.0,10.0,10.0,69.0
25.0,hehe_230_000002_043_00000061#6,1.0,1.0,10.0,10.0,62.0
25.0,hehe_230_000002_043_00000061#7,1.0,1.0,10.0,10.0,58.0
25.0,hehe_230_000002_043_00000061#10,1.0,1.0,10.0,10.0,31.0
25.0,hehe_230_000002_043_00000061#11,1.0,1.0,10.0,10.0,37.0
25.0,hehe_230_000002_043_00000061#13,1.0,1.0,10.0,10.0,19.0
25.0,hehe_230_000002_043_00000061#14,1.0,1.0,8.0,10.0,12.0
25.0,hehe_232_000002_043_00000181#0,1.0,1.0,8.0,10.0,8.0
25.0,hehe_232_000002_043_00000181#1,1.0,1.0,10.0,10.0,22.0
25.0,hehe_232_000002_043_00000181#2,1.0,1.0,10.0,10.0,57.0
25.0,hehe_232_000002_043_00000181#3,1.0,1.0,10.0,10.0,36.0
25.0,hehe_232_000002_043_00000181#8,1.0,1.0,10.0,10.0,57.0
25.0,hehe_274_000002_060_00000105#1,1.0,1.0,10.0,10.0,67.0
25.0,hehe_274_000002_060_00000105#5,1.0,1.0,10.0,10.0,28.0
25.0,hehe_274_000002_060_00000105#6,1.0,1.0,10.0,10.0,11.0
25.0,hehe_40_00000033#1,1.0,1.0,10.0,10.0,26.0
25.0,hehe_40_00000033#2,1.0,1.0,10.0,10.0,46.0
25.0,hehe_40_00000033#3,0.0,1.0,0.0,10.0,40.0
25.0,hehe_40_00000033#5,1.0,1.0,10.0,10.0,40.0
25.0,hehe_45_00000001#2,1.0,1.0,10.0,10.0,42.0
25.0,hehe_45_00000001#4,1.0,1.0,10.0,10.0,28.0
25.0,hehe_45_00000001#5,1.0,1.0,10.0,10.0,49.0
25.0,hehe_45_00000001#6,1.0,1.0,10.0,10.0,40.0
25.0,hehe_45_00000001#7,1.0,1.0,10.0,10.0,60.0
25.0,hehe_45_00000001#8,1.0,1.0,10.0,10.0,34.0
25.0,hehe_45_00000001#9,1.0,1.0,10.0,10.0,46.0
25.0,hehe_52_00000107#0,1.0,1.0,10.0,10.0,19.0
25.0,hehe_52_00000107#1,1.0,1.0,8.0,10.0,8.0
25.0,hehe_61_00000090#2,1.0,1.0,10.0,10.0,76.0
25.0,hehe_61_00000090#3,1.0,1.0,10.0,10.0,39.0
25.0,hehe_61_00000090#4,1.0,1.0,10.0,10.0,20.0
25.0,hehe_61_00000090#9,1.0,1.0,10.0,10.0,64.0
25.0,hehe_61_00000090#10,1.0,1.0,10.0,10.0,50.0
25.0,hehe_61_00000090#11,1.0,1.0,10.0,10.0,84.0
25.0,hehe_65_00000229#2,1.0,1.0,10.0,10.0,59.0
25.0,hehe_65_00000229#3,1.0,1.0,10.0,10.0,32.0
25.0,hehe_65_00000229#4,1.0,1.0,10.0,10.0,30.0
25.0,hehe_65_00000229#6,1.0,1.0,6.0,10.0,16.0
25.0,hehe_65_00000229#7,1.0,1.0,10.0,10.0,21.0
25.0,hehe_6_00000054#0,1.0,1.0,10.0,10.0,12.0
25.0,hehe_6_00000054#2,1.0,1.0,10.0,10.0,35.0
25.0,hehe_6_00000054#3,1.0,1.0,10.0,10.0,32.0
25.0,hehe_6_00000054#4,1.0,1.0,10.0,10.0,27.0
25.0,hehe_6_00000054#6,1.0,1.0,10.0,10.0,76.0
25.0,hehe_6_00000054#13,1.0,1.0,10.0,10.0,74.0
25.0,hehe_6_00000054#16,1.0,1.0,10.0,10.0,32.0
25.0,hehe_6_00000054#17,1.0,1.0,10.0,10.0,38.0
25.0,hehe_86_00000253#0,1.0,1.0,10.0,10.0,45.0
25.0,hehe_86_00000253#3,1.0,1.0,10.0,10.0,58.0
25.0,hehe_87_00000315#1,1.0,1.0,10.0,10.0,39.0
25.0,hehe_87_00000315#2,1.0,1.0,10.0,10.0,40.0
25.0,hehe_87_00000315#3,1.0,1.0,10.0,10.0,33.0
25.0,hehe_87_00000315#4,1.0,1.0,10.0,10.0,20.0
25.0,hehe_87_00000315#5,1.0,1.0,10.0,10.0,30.0
25.0,hehe_87_00000315#6,1.0,1.0,8.0,10.0,14.0
25.0,shuming_1007_00000230#0,1.0,1.0,10.0,10.0,38.0
25.0,shuming_1007_00000230#3,1.0,1.0,10.0,10.0,43.0
25.0,shuming_1007_00000230#4,1.0,1.0,5.0,10.0,36.0
25.0,shuming_1007_00000230#5,1.0,1.0,10.0,10.0,46.0
25.0,shuming_1007_00000230#7,1.0,1.0,10.0,10.0,63.0
25.0,shuming_1007_00000230#10,1.0,1.0,10.0,10.0,62.0
25.0,shuming_1007_00000230#11,1.0,1.0,10.0,10.0,39.0
25.0,shuming_1007_00000230#12,1.0,1.0,11.0,10.0,34.0
25.0,shuming_1007_00000230#13,1.0,1.0,9.0,10.0,10.0
25.0,shuming_1007_00000230#14,1.0,1.0,5.0,10.0,7.0
25.0,shuming_1007_00000230#15,1.0,1.0,10.0,10.0,79.0
25.0,shuming_1007_00000230#16,1.0,1.0,10.0,10.0,47.0
25.0,shuming_1007_00000230#17,1.0,1.0,10.0,10.0,19.0
25.0,shuming_1007_00000230#18,1.0,1.0,8.0,10.0,13.0
25.0,shuming_1007_00000230#20,1.0,1.0,10.0,10.0,20.0
25.0,shuming_1007_00000230#21,1.0,1.0,10.0,10.0,69.0
25.0,shuming_1007_00000230#22,1.0,1.0,10.0,10.0,27.0
25.0,shuming_1007_00000230#23,1.0,1.0,10.0,10.0,22.0
25.0,shuming_1013_00000065#0,1.0,1.0,10.0,10.0,87.0
25.0,shuming_1013_00000065#1,1.0,1.0,10.0,10.0,41.0
25.0,shuming_1013_00000065#3,1.0,1.0,10.0,10.0,26.0
25.0,shuming_1028_00000411#3,1.0,1.0,10.0,10.0,55.0
25.0,shuming_1028_00000411#4,1.0,1.0,10.0,10.0,10.0
25.0,shuming_1028_00000411#5,1.0,1.0,10.0,10.0,15.0
25.0,shuming_1064_00000087#0,1.0,1.0,10.0,10.0,34.0
25.0,shuming_1064_00000087#1,1.0,1.0,10.0,10.0,55.0
25.0,shuming_1064_00000087#2,1.0,1.0,10.0,10.0,56.0
25.0,shuming_1064_00000087#3,1.0,1.0,10.0,10.0,72.0
25.0,shuming_1064_00000087#4,1.0,1.0,10.0,10.0,69.0
25.0,shuming_1064_00000087#6,1.0,1.0,10.0,10.0,26.0
25.0,shuming_1064_00000087#7,1.0,1.0,10.0,10.0,54.0
25.0,shuming_1064_00000087#8,1.0,1.0,10.0,10.0,86.0
25.0,shuming_1076_00000257#1,1.0,1.0,10.0,10.0,31.0
25.0,shuming_1076_00000257#2,1.0,1.0,10.0,10.0,29.0
25.0,shuming_1076_00000257#3,1.0,1.0,10.0,10.0,20.0
25.0,shuming_1076_00000257#4,1.0,1.0,10.0,10.0,19.0
25.0,shuming_1076_00000257#5,1.0,1.0,10.0,10.0,23.0
25.0,shuming_1079_00000233#3,1.0,1.0,10.0,10.0,18.0
25.0,shuming_1079_00000233#4,1.0,1.0,10.0,10.0,12.0
25.0,shuming_1079_00000233#6,1.0,1.0,10.0,10.0,35.0
25.0,shuming_1080_00000016#0,1.0,1.0,10.0,10.0,72.0
25.0,shuming_1080_00000016#4,1.0,1.0,10.0,10.0,10.0
25.0,shuming_1132_00000385#2,1.0,1.0,10.0,10.0,29.0
25.0,shuming_1132_00000385#3,1.0,1.0,6.0,10.0,32.0
25.0,shuming_1132_00000385#4,1.0,1.0,10.0,10.0,25.0
25.0,shuming_1135_00000213#0,1.0,1.0,10.0,10.0,76.0
25.0,shuming_1148_00000041#0,1.0,1.0,10.0,10.0,74.0
25.0,shuming_1157_00000010#0,1.0,1.0,10.0,10.0,72.0
25.0,shuming_1157_00000010#1,1.0,1.0,10.0,10.0,32.0
25.0,shuming_1157_00000010#2,1.0,1.0,10.0,10.0,18.0
25.0,shuming_1180_00000231#3,1.0,1.0,10.0,10.0,49.0
25.0,shuming_24_00000001#0,1.0,1.0,10.0,10.0,40.0
25.0,shuming_24_00000001#1,1.0,1.0,10.0,10.0,62.0
25.0,shuming_340_00000020#1,1.0,1.0,10.0,10.0,21.0
25.0,shuming_340_00000020#19,1.0,1.0,10.0,10.0,11.0
25.0,shuming_340_00000020#22,1.0,1.0,7.0,10.0,7.0
25.0,shuming_340_00000020#23,1.0,1.0,10.0,10.0,12.0
25.0,shuming_340_00000020#26,1.0,1.0,9.0,10.0,9.0
25.0,shuming_340_00000020#30,1.0,1.0,9.0,10.0,9.0
25.0,shuming_340_00000020#31,1.0,1.0,10.0,10.0,12.0
25.0,shuming_340_00000020#38,1.0,1.0,10.0,10.0,10.0
25.0,shuming_35_00000199#0,1.0,1.0,10.0,10.0,73.0
25.0,shuming_35_00000199#3,1.0,1.0,10.0,10.0,36.0
25.0,shuming_35_00000199#4,1.0,1.0,10.0,10.0,26.0
25.0,shuming_35_00000199#5,1.0,1.0,4.0,10.0,87.0
25.0,shuming_35_00000199#6,1.0,1.0,10.0,10.0,18.0
25.0,shuming_35_00000199#8,1.0,1.0,10.0,10.0,14.0
25.0,shuming_35_00000199#9,1.0,1.0,8.0,10.0,8.0
25.0,shuming_35_00000199#11,1.0,1.0,10.0,10.0,39.0
25.0,shuming_410_00000037#0,1.0,1.0,6.0,10.0,7.0
25.0,shuming_410_00000037#9,1.0,1.0,10.0,10.0,45.0
25.0,shuming_461_00000082#0,1.0,1.0,10.0,10.0,53.0
25.0,shuming_461_00000082#2,1.0,1.0,10.0,10.0,42.0
25.0,shuming_461_00000082#3,1.0,1.0,10.0,10.0,31.0
25.0,shuming_461_00000082#4,1.0,1.0,10.0,10.0,14.0
25.0,shuming_461_00000082#5,1.0,1.0,10.0,10.0,11.0
25.0,shuming_465_00000030#0,1.0,1.0,10.0,10.0,10.0
25.0,shuming_465_00000030#2,1.0,1.0,10.0,10.0,56.0
25.0,shuming_465_00000030#3,1.0,1.0,10.0,10.0,15.0
25.0,shuming_470_00000057#3,1.0,1.0,10.0,10.0,43.0
25.0,shuming_470_00000057#4,1.0,1.0,10.0,10.0,23.0
25.0,shuming_482_00000018#3,1.0,1.0,10.0,10.0,53.0
25.0,shuming_482_00000018#4,1.0,1.0,10.0,10.0,44.0
25.0,shuming_482_00000018#5,1.0,1.0,10.0,10.0,62.0
25.0,shuming_485_00000027#3,1.0,1.0,10.0,10.0,16.0
25.0,shuming_485_00000027#4,1.0,1.0,10.0,10.0,52.0
25.0,shuming_503_00000052#0,1.0,1.0,10.0,10.0,32.0
25.0,shuming_503_00000052#1,1.0,1.0,10.0,10.0,26.0
25.0,shuming_562_00000223#2,1.0,1.0,10.0,10.0,76.0
25.0,shuming_571_00000215#0,1.0,1.0,10.0,10.0,56.0
25.0,shuming_571_00000215#1,1.0,1.0,10.0,10.0,46.0
25.0,shuming_574_00000017#0,1.0,1.0,10.0,10.0,63.0
25.0,shuming_608_00000031#1,1.0,1.0,10.0,10.0,19.0
25.0,shuming_608_00000031#2,1.0,1.0,10.0,10.0,30.0
25.0,shuming_608_00000031#3,1.0,1.0,10.0,10.0,35.0
25.0,shuming_608_00000031#4,1.0,1.0,10.0,10.0,11.0
25.0,shuming_610_00000148#0,1.0,1.0,10.0,10.0,50.0
25.0,shuming_63_00000393#3,1.0,1.0,10.0,10.0,15.0
25.0,shuming_63_00000393#4,1.0,1.0,10.0,10.0,17.0
25.0,shuming_63_00000393#5,1.0,1.0,8.0,10.0,9.0
25.0,shuming_63_00000393#6,1.0,1.0,10.0,10.0,23.0
25.0,shuming_63_00000393#7,1.0,1.0,10.0,10.0,21.0
25.0,shuming_63_00000393#8,1.0,1.0,10.0,10.0,23.0
25.0,shuming_63_00000393#9,1.0,1.0,10.0,10.0,20.0
25.0,shuming_663_00000328#2,1.0,1.0,10.0,10.0,50.0
25.0,shuming_663_00000328#3,1.0,1.0,10.0,10.0,40.0
25.0,shuming_67_00000001#1,1.0,1.0,10.0,10.0,55.0
25.0,shuming_67_00000001#2,1.0,1.0,10.0,10.0,18.0
25.0,shuming_698_00000001#0,1.0,1.0,10.0,10.0,11.0
25.0,shuming_698_00000001#1,1.0,1.0,3.0,10.0,13.0
25.0,shuming_698_00000001#2,1.0,1.0,10.0,10.0,17.0
25.0,shuming_698_00000001#3,1.0,1.0,10.0,10.0,20.0
25.0,shuming_698_00000001#4,1.0,1.0,10.0,10.0,15.0
25.0,shuming_698_00000001#5,1.0,1.0,10.0,10.0,14.0
25.0,shuming_698_00000001#7,1.0,1.0,10.0,10.0,26.0
25.0,shuming_698_00000001#8,1.0,1.0,10.0,10.0,17.0
25.0,shuming_698_00000001#9,1.0,1.0,10.0,10.0,14.0
25.0,shuming_698_00000001#10,1.0,1.0,10.0,10.0,13.0
25.0,shuming_698_00000001#11,1.0,1.0,10.0,10.0,13.0
25.0,shuming_698_00000001#12,1.0,1.0,10.0,10.0,15.0
25.0,shuming_698_00000001#13,1.0,1.0,10.0,10.0,14.0
25.0,shuming_698_00000001#14,1.0,1.0,10.0,10.0,12.0
25.0,shuming_698_00000001#15,1.0,1.0,10.0,10.0,15.0
25.0,shuming_698_00000001#16,1.0,1.0,10.0,10.0,15.0
25.0,shuming_698_00000001#17,1.0,1.0,10.0,10.0,23.0
25.0,shuming_698_00000001#18,1.0,1.0,10.0,10.0,18.0
25.0,shuming_698_00000001#19,1.0,1.0,10.0,10.0,19.0
25.0,shuming_698_00000001#20,1.0,1.0,10.0,10.0,22.0
25.0,shuming_698_00000001#21,1.0,1.0,10.0,10.0,24.0
25.0,shuming_698_00000001#22,1.0,1.0,10.0,10.0,18.0
25.0,shuming_698_00000001#23,1.0,1.0,10.0,10.0,35.0
25.0,shuming_698_00000001#25,1.0,1.0,10.0,10.0,64.0
25.0,shuming_706_00000375#0,1.0,1.0,8.0,10.0,41.0
25.0,shuming_706_00000375#2,1.0,1.0,10.0,10.0,32.0
25.0,shuming_706_00000375#3,1.0,1.0,9.0,10.0,17.0
25.0,shuming_706_00000375#4,1.0,1.0,10.0,10.0,52.0
25.0,shuming_72_00000270#19,1.0,1.0,10.0,10.0,54.0
25.0,shuming_72_00000270#20,1.0,1.0,10.0,10.0,22.0
25.0,shuming_72_00000270#22,1.0,1.0,10.0,10.0,48.0
25.0,shuming_72_00000270#24,1.0,1.0,10.0,10.0,20.0
25.0,shuming_731_00000492#0,1.0,1.0,10.0,10.0,32.0
25.0,shuming_731_00000492#1,1.0,1.0,10.0,10.0,26.0
25.0,shuming_731_00000492#3,1.0,1.0,10.0,10.0,60.0
25.0,shuming_731_00000492#5,1.0,1.0,10.0,10.0,69.0
25.0,shuming_753_00000172#0,1.0,1.0,10.0,10.0,12.0
25.0,shuming_758_00000371#0,1.0,1.0,10.0,10.0,52.0
25.0,shuming_763_00000009#2,1.0,1.0,10.0,10.0,15.0
25.0,shuming_774_00000273#3,1.0,1.0,10.0,10.0,63.0
25.0,shuming_774_00000273#5,1.0,1.0,10.0,10.0,31.0
25.0,shuming_779_00000254#1,1.0,1.0,10.0,10.0,63.0
25.0,shuming_779_00000254#5,1.0,1.0,10.0,10.0,80.0
25.0,shuming_783_00000248#0,1.0,1.0,10.0,10.0,81.0
25.0,shuming_783_00000248#2,1.0,1.0,10.0,10.0,66.0
25.0,shuming_793_00000117#2,1.0,1.0,10.0,10.0,31.0
25.0,shuming_825_00000172#1,1.0,1.0,10.0,10.0,13.0
25.0,shuming_825_00000172#2,1.0,1.0,6.0,10.0,7.0
25.0,shuming_825_00000172#3,1.0,1.0,10.0,10.0,16.0
25.0,shuming_826_00000213#1,1.0,1.0,10.0,10.0,14.0
25.0,shuming_826_00000213#2,1.0,1.0,10.0,10.0,18.0
25.0,shuming_826_00000213#3,1.0,1.0,9.0,10.0,9.0
25.0,shuming_85_00000273#4,1.0,1.0,10.0,10.0,11.0
25.0,shuming_987_00000275#1,1.0,1.0,10.0,10.0,41.0
25.0,shuming_987_00000275#2,1.0,1.0,10.0,10.0,23.0
25.0,shuming_987_00000275#3,1.0,1.0,10.0,10.0,19.0
25.0,shuming_987_00000275#4,1.0,1.0,10.0,10.0,21.0
25.0,shuming_987_00000275#5,1.0,1.0,10.0,10.0,10.0
30.0,00000045#1,1.0,1.0,10.0,10.0,242.0
30.0,00000045#2,1.0,1.0,10.0,10.0,88.0
30.0,00000045#3,1.0,1.0,10.0,10.0,105.0
30.0,00000045#6,1.0,1.0,10.0,10.0,286.0
30.0,00000045#7,1.0,1.0,10.0,10.0,279.0
30.0,00000057#1,1.0,1.0,10.0,10.0,225.0
30.0,00000057#2,1.0,1.0,10.0,10.0,88.0
30.0,00000057#3,1.0,1.0,10.0,10.0,111.0
30.0,00000057#5,1.0,1.0,10.0,10.0,133.0
30.0,00000063#1,1.0,1.0,10.0,10.0,279.0
30.0,00000063#2,1.0,1.0,10.0,10.0,90.0
30.0,00000063#3,1.0,1.0,10.0,10.0,107.0
30.0,00000063#5,1.0,1.0,10.0,10.0,208.0
30.0,00000095#1,1.0,1.0,10.0,10.0,279.0
30.0,00000095#2,1.0,1.0,10.0,10.0,114.0
30.0,00000095#3,1.0,1.0,10.0,10.0,105.0
30.0,00000106#1,1.0,1.0,10.0,10.0,245.0
30.0,00000106#2,1.0,1.0,10.0,10.0,135.0
30.0,00000106#3,1.0,1.0,10.0,10.0,122.0
30.0,00000106#5,1.0,1.0,10.0,10.0,157.0
30.0,00000123#1,1.0,1.0,10.0,10.0,196.0
30.0,00000123#2,1.0,1.0,10.0,10.0,87.0
30.0,00000123#3,1.0,1.0,10.0,10.0,190.0
30.0,00000123#5,1.0,1.0,10.0,10.0,108.0
30.0,00000171#0,1.0,1.0,10.0,10.0,120.0
30.0,00000180#0,1.0,1.0,10.0,10.0,136.0
30.0,00000234#1,1.0,1.0,10.0,10.0,108.0
30.0,00000257#0,1.0,1.0,10.0,10.0,93.0
30.0,00000271#0,1.0,1.0,10.0,10.0,118.0
30.0,00000271#1,1.0,1.0,10.0,10.0,132.0
30.0,00000273#0,1.0,1.0,10.0,10.0,84.0
30.0,00000273#1,1.0,1.0,10.0,10.0,99.0
30.0,000002_080_00000048#0,1.0,1.0,10.0,10.0,69.0
30.0,000002_083_00000169#0,1.0,1.0,10.0,10.0,14.0
30.0,000002_083_00000169#1,1.0,1.0,10.0,10.0,26.0
30.0,000002_083_00000169#2,1.0,1.0,10.0,10.0,36.0
30.0,00000346#0,1.0,1.0,10.0,10.0,381.0
30.0,00000364#0,1.0,1.0,10.0,10.0,210.0
30.0,00000396#0,1.0,1.0,10.0,10.0,111.0
30.0,00000399#0,1.0,1.0,10.0,10.0,82.0
30.0,000003_081_00000171#10,1.0,1.0,10.0,10.0,76.0
30.0,000003_081_00000171#11,1.0,1.0,10.0,10.0,82.0
30.0,00000426#0,1.0,1.0,10.0,10.0,653.0
30.0,00000506#0,1.0,1.0,10.0,10.0,117.0
30.0,000005_004_00000286#4,1.0,1.0,10.0,10.0,62.0
30.0,000005_006_00000001#1,1.0,1.0,10.0,10.0,68.0
30.0,000005_006_00000001#2,1.0,1.0,10.0,10.0,25.0
30.0,000005_019_00000209#0,1.0,1.0,10.0,10.0,43.0
30.0,000005_019_00000209#1,1.0,1.0,10.0,10.0,31.0
30.0,000005_019_00000209#2,1.0,1.0,10.0,10.0,59.0
30.0,000005_027_00000493#1,1.0,1.0,10.0,10.0,34.0
30.0,000005_027_00000493#2,1.0,1.0,10.0,10.0,38.0
30.0,000005_027_00000493#3,1.0,1.0,10.0,10.0,49.0
30.0,000005_027_00000493#4,1.0,1.0,10.0,10.0,21.0
30.0,000005_027_00000493#5,1.0,1.0,10.0,10.0,25.0
30.0,000005_027_00000493#6,1.0,1.0,10.0,10.0,20.0
30.0,000005_027_00000493#7,1.0,1.0,10.0,10.0,26.0
30.0,000005_027_00000493#8,1.0,1.0,10.0,10.0,74.0
30.0,000005_028_00000001#2,1.0,1.0,10.0,10.0,77.0
30.0,000005_028_00000163#2,1.0,1.0,10.0,10.0,31.0
30.0,00000618#2,1.0,1.0,10.0,10.0,101.0
30.0,000006_010_00000389#4,1.0,1.0,10.0,10.0,58.0
30.0,000006_011_00000307#3,1.0,1.0,10.0,10.0,25.0
30.0,000006_011_00000409#8,1.0,1.0,10.0,10.0,40.0
30.0,000006_011_00000409#10,1.0,1.0,10.0,10.0,54.0
30.0,000006_012_00000001#3,1.0,1.0,10.0,10.0,38.0
30.0,000006_012_00000001#6,1.0,1.0,10.0,10.0,63.0
30.0,000006_012_00000001#11,1.0,1.0,10.0,10.0,69.0
30.0,000006_012_00000001#12,1.0,1.0,10.0,10.0,33.0
30.0,000008_003_00000235#1,1.0,1.0,10.0,10.0,76.0
30.0,000008_003_00000235#2,1.0,1.0,10.0,10.0,59.0
30.0,000008_003_00000235#3,1.0,1.0,10.0,10.0,81.0
30.0,000008_003_00000235#4,1.0,1.0,10.0,10.0,66.0
30.0,000008_003_00000235#5,1.0,1.0,10.0,10.0,68.0
30.0,000008_003_00000235#10,1.0,1.0,10.0,10.0,68.0
30.0,000008_003_00000235#11,1.0,1.0,10.0,10.0,16.0
30.0,000008_003_00000352#1,1.0,1.0,10.0,10.0,66.0
30.0,000008_003_00000352#3,1.0,1.0,10.0,10.0,80.0
30.0,000008_003_00000352#5,1.0,1.0,10.0,10.0,74.0
30.0,000008_003_00000352#7,1.0,1.0,10.0,10.0,75.0
30.0,000008_003_00000352#8,1.0,1.0,10.0,10.0,75.0
30.0,000008_003_00000352#9,1.0,1.0,10.0,10.0,76.0
30.0,000008_003_00000352#10,1.0,1.0,10.0,10.0,64.0
30.0,000008_003_00000352#12,1.0,1.0,10.0,10.0,74.0
30.0,000008_003_00000352#13,1.0,1.0,10.0,10.0,16.0
30.0,000008_003_00000469#0,1.0,1.0,10.0,10.0,85.0
30.0,000008_003_00000469#1,1.0,1.0,10.0,10.0,70.0
30.0,000008_003_00000469#2,1.0,1.0,10.0,10.0,67.0
30.0,000008_003_00000469#3,1.0,1.0,10.0,10.0,78.0
30.0,000008_003_00000469#4,1.0,1.0,10.0,10.0,85.0
30.0,000008_003_00000469#6,1.0,1.0,10.0,10.0,89.0
30.0,000008_003_00000469#9,1.0,1.0,10.0,10.0,31.0
30.0,000008_003_00000469#10,1.0,1.0,10.0,10.0,18.0
30.0,000008_004_00000665#2,1.0,1.0,10.0,10.0,34.0
30.0,000008_004_00000665#4,1.0,1.0,10.0,10.0,39.0
30.0,000008_004_00000665#11,1.0,1.0,10.0,10.0,52.0
30.0,000008_004_00000665#12,1.0,1.0,10.0,10.0,63.0
30.0,000008_004_00000665#13,1.0,1.0,10.0,10.0,37.0
30.0,000008_013_00000195#1,1.0,1.0,10.0,10.0,66.0
30.0,000008_013_00000195#2,1.0,1.0,10.0,10.0,60.0
30.0,000008_042_00000273#1,1.0,1.0,10.0,10.0,40.0
30.0,000008_045_00000001#0,1.0,1.0,10.0,10.0,48.0
30.0,000008_045_00000001#2,1.0,1.0,10.0,10.0,70.0
30.0,000008_045_00000001#3,1.0,1.0,10.0,10.0,14.0
30.0,000008_045_00000157#0,1.0,1.0,10.0,10.0,80.0
30.0,000008_045_00000157#4,1.0,1.0,10.0,10.0,17.0
30.0,000008_048_00000361#3,1.0,1.0,10.0,10.0,42.0
30.0,000008_048_00000361#4,1.0,1.0,10.0,10.0,36.0
30.0,000008_048_00000361#5,1.0,1.0,8.0,10.0,29.0
30.0,000009_008_00000241#3,1.0,1.0,10.0,10.0,78.0
30.0,000009_008_00000241#5,1.0,1.0,10.0,10.0,69.0
30.0,000009_008_00000241#6,1.0,1.0,10.0,10.0,29.0
30.0,000009_008_00000241#7,1.0,1.0,10.0,10.0,76.0
30.0,000009_008_00000241#9,1.0,1.0,10.0,10.0,84.0
30.0,000009_033_00000333#1,1.0,1.0,10.0,10.0,16.0
30.0,000009_033_00000333#2,1.0,1.0,10.0,10.0,38.0
30.0,000009_033_00000333#3,1.0,1.0,10.0,10.0,38.0
30.0,000009_033_00000333#4,1.0,1.0,10.0,10.0,36.0
30.0,000009_033_00000333#6,1.0,1.0,10.0,10.0,51.0
30.0,000012_008_00000163#3,1.0,1.0,10.0,10.0,67.0
30.0,000012_008_00000163#4,1.0,1.0,10.0,10.0,55.0
30.0,000012_008_00000163#5,1.0,1.0,10.0,10.0,48.0
30.0,000012_008_00000163#6,1.0,1.0,10.0,10.0,60.0
30.0,000012_008_00000163#8,1.0,1.0,10.0,10.0,74.0
30.0,000012_008_00000163#10,1.0,1.0,10.0,10.0,17.0
30.0,000012_008_00000163#11,1.0,1.0,10.0,10.0,26.0
30.0,000012_008_00000163#12,1.0,1.0,10.0,10.0,27.0
30.0,000012_008_00000163#13,1.0,1.0,10.0,10.0,15.0
30.0,000012_008_00000163#14,1.0,1.0,10.0,10.0,11.0
30.0,000012_009_00000244#1,1.0,1.0,10.0,10.0,71.0
30.0,000012_009_00000244#3,1.0,1.0,10.0,10.0,68.0
30.0,000012_009_00000244#4,1.0,1.0,10.0,10.0,40.0
30.0,000012_009_00000244#5,1.0,1.0,10.0,10.0,45.0
30.0,000012_009_00000244#6,1.0,1.0,10.0,10.0,21.0
30.0,000012_009_00000244#7,1.0,1.0,10.0,10.0,13.0
30.0,000012_009_00000244#8,1.0,1.0,10.0,10.0,12.0
30.0,000012_009_00000244#9,1.0,1.0,10.0,10.0,14.0
30.0,000012_009_00000244#10,1.0,1.0,10.0,10.0,34.0
30.0,000012_009_00000244#11,1.0,1.0,10.0,10.0,18.0
30.0,000012_009_00000244#12,1.0,1.0,10.0,10.0,18.0
30.0,000012_009_00000244#13,1.0,1.0,10.0,10.0,19.0
30.0,000012_009_00000244#14,1.0,1.0,8.0,10.0,8.0
30.0,000012_009_00000325#3,1.0,1.0,10.0,10.0,82.0
30.0,000012_009_00000325#4,1.0,1.0,10.0,10.0,36.0
30.0,000012_009_00000325#5,1.0,1.0,10.0,10.0,43.0
30.0,000012_009_00000325#6,1.0,1.0,10.0,10.0,28.0
30.0,000012_009_00000325#7,1.0,1.0,10.0,10.0,17.0
30.0,000012_009_00000325#8,1.0,1.0,10.0,10.0,16.0
30.0,000012_009_00000325#9,1.0,1.0,7.0,10.0,8.0
30.0,000012_009_00000325#11,1.0,1.0,10.0,10.0,28.0
30.0,000012_009_00000325#12,1.0,1.0,10.0,10.0,15.0
30.0,000012_009_00000325#14,1.0,1.0,10.0,10.0,22.0
30.0,000012_009_00000325#15,1.0,1.0,3.0,10.0,19.0
30.0,000012_009_00000325#16,1.0,1.0,10.0,10.0,35.0
30.0,000012_014_00000184#0,1.0,1.0,10.0,10.0,33.0
30.0,000012_014_00000184#1,1.0,1.0,10.0,10.0,55.0
30.0,000012_014_00000184#3,1.0,1.0,10.0,10.0,26.0
30.0,000012_019_00000151#1,1.0,1.0,10.0,10.0,59.0
30.0,000012_019_00000151#2,1.0,1.0,10.0,10.0,14.0
30.0,000012_019_00000151#4,1.0,1.0,10.0,10.0,21.0
30.0,000012_019_00000151#5,1.0,1.0,10.0,10.0,14.0
30.0,000012_022_00000090#0,1.0,1.0,10.0,10.0,64.0
30.0,000012_022_00000090#1,1.0,1.0,10.0,10.0,23.0
30.0,000012_025_00000313#1,1.0,1.0,10.0,10.0,11.0
30.0,000012_025_00000313#2,1.0,1.0,10.0,10.0,11.0
30.0,000012_025_00000313#3,1.0,1.0,10.0,10.0,13.0
30.0,000012_025_00000313#4,1.0,1.0,7.0,10.0,7.0
30.0,000012_025_00000313#5,1.0,1.0,10.0,10.0,13.0
30.0,000012_025_00000313#6,1.0,1.0,8.0,10.0,8.0
30.0,000012_028_00000250#0,1.0,1.0,10.0,10.0,64.0
30.0,000012_028_00000250#1,1.0,1.0,10.0,10.0,56.0
30.0,000013_001_00000001#1,1.0,1.0,10.0,10.0,33.0
30.0,000013_001_00000001#2,1.0,1.0,10.0,10.0,34.0
30.0,000013_001_00000001#3,1.0,1.0,10.0,10.0,31.0
30.0,000013_002_00000281#1,1.0,1.0,10.0,10.0,31.0
30.0,000013_002_00000281#2,1.0,1.0,10.0,10.0,36.0
30.0,000013_002_00000281#3,1.0,1.0,10.0,10.0,20.0
30.0,000013_023_00000075#1,1.0,1.0,10.0,10.0,56.0
30.0,000013_023_00000075#2,1.0,1.0,10.0,10.0,68.0
30.0,000013_025_00000285#0,1.0,1.0,10.0,10.0,15.0
30.0,000013_025_00000285#1,1.0,1.0,10.0,10.0,56.0
30.0,000013_025_00000285#2,1.0,1.0,10.0,10.0,20.0
30.0,000013_030_00000063#0,1.0,1.0,10.0,10.0,21.0
30.0,000013_030_00000063#1,1.0,1.0,10.0,10.0,68.0
30.0,000013_039_00000063#0,1.0,1.0,10.0,10.0,41.0
30.0,000013_039_00000063#1,1.0,1.0,10.0,10.0,32.0
30.0,000013_039_00000063#3,1.0,1.0,10.0,10.0,26.0
30.0,000013_039_00000063#5,1.0,1.0,8.0,10.0,8.0
30.0,000013_040_suppl_00000167#0,1.0,1.0,10.0,10.0,79.0
30.0,000013_040_suppl_00000333#1,1.0,1.0,10.0,10.0,50.0
30.0,000013_040_suppl_00000333#3,1.0,1.0,10.0,10.0,80.0
30.0,000013_040_suppl_00000333#4,1.0,1.0,8.0,10.0,8.0
30.0,000013_044_00000001#0,1.0,1.0,10.0,10.0,24.0
30.0,000013_044_00000001#1,1.0,1.0,10.0,10.0,31.0
30.0,000013_044_00000001#2,0.0,1.0,0.0,10.0,72.0
30.0,000013_044_00000001#4,0.0,1.0,0.0,10.0,38.0
30.0,000013_044_00000001#5,1.0,1.0,10.0,10.0,72.0
30.0,000013_044_00000001#7,1.0,1.0,10.0,10.0,62.0
30.0,000013_048_00000001#0,1.0,1.0,10.0,10.0,46.0
30.0,000013_048_00000001#1,1.0,1.0,9.0,10.0,60.0
30.0,000013_048_00000001#3,0.0,1.0,0.0,10.0,49.0
30.0,000013_048_00000001#4,1.0,1.0,1.0,10.0,69.0
30.0,000013_056_00000281#2,1.0,1.0,10.0,10.0,49.0
30.0,000013_056_00000281#3,1.0,1.0,10.0,10.0,16.0
30.0,000013_056_00000281#4,1.0,1.0,10.0,10.0,21.0
30.0,000013_056_00000281#6,1.0,1.0,10.0,10.0,11.0
30.0,000013_056_00000281#7,1.0,1.0,10.0,10.0,12.0
30.0,000013_056_00000281#8,1.0,1.0,10.0,10.0,64.0
30.0,000013_056_00000281#9,1.0,1.0,10.0,10.0,43.0
30.0,000013_056_00000281#10,1.0,1.0,10.0,10.0,32.0
30.0,000014_012_00000217#1,1.0,1.0,10.0,10.0,41.0
30.0,000014_012_00000217#2,1.0,1.0,10.0,10.0,48.0
30.0,000014_050_00000273#3,1.0,1.0,10.0,10.0,47.0
30.0,000014_050_00000273#4,1.0,1.0,10.0,10.0,57.0
30.0,000014_050_00000273#5,1.0,1.0,10.0,10.0,26.0
30.0,000014_051_suppl_00000341#2,1.0,1.0,10.0,10.0,15.0
30.0,000014_052_00000131#2,1.0,1.0,10.0,10.0,22.0
30.0,000014_052_00000131#3,1.0,1.0,10.0,10.0,13.0
30.0,000015_004_00000268#0,1.0,1.0,10.0,10.0,27.0
30.0,000015_004_suppl_00000223#2,1.0,1.0,10.0,10.0,36.0
30.0,000016_043_suppl_00000292#1,1.0,1.0,10.0,10.0,21.0
30.0,000016_043_suppl_00000292#2,1.0,1.0,10.0,10.0,56.0
30.0,000016_043_suppl_00000292#4,1.0,1.0,10.0,10.0,30.0
30.0,000016_043_suppl_00000292#5,1.0,1.0,10.0,10.0,25.0
30.0,000016_043_suppl_00000292#6,1.0,1.0,10.0,10.0,45.0
30.0,000016_043_suppl_00000292#8,1.0,1.0,10.0,10.0,26.0
30.0,000016_043_suppl_00000292#9,1.0,1.0,10.0,10.0,32.0
30.0,000016_043_suppl_00000292#10,1.0,1.0,10.0,10.0,19.0
30.0,000016_043_suppl_00000292#11,1.0,1.0,10.0,10.0,27.0
30.0,000016_043_suppl_00000292#12,1.0,1.0,10.0,10.0,32.0
30.0,000016_043_suppl_00000292#14,1.0,1.0,10.0,10.0,70.0
30.0,000016_043_suppl_00000292#17,1.0,1.0,10.0,10.0,47.0
30.0,000016_043_suppl_00000292#20,1.0,1.0,10.0,10.0,23.0
30.0,000016_044_00000085#0,1.0,1.0,10.0,10.0,83.0
30.0,000016_044_00000085#1,1.0,1.0,10.0,10.0,62.0
30.0,000016_044_00000085#3,1.0,1.0,10.0,10.0,17.0
30.0,000016_044_00000085#4,1.0,1.0,10.0,10.0,65.0
30.0,000016_044_00000085#7,1.0,1.0,10.0,10.0,67.0
30.0,000016_044_00000085#10,1.0,1.0,10.0,10.0,78.0
30.0,000016_044_00000169#1,1.0,1.0,10.0,10.0,37.0
30.0,000016_044_00000169#2,1.0,1.0,10.0,10.0,36.0
30.0,000016_044_00000169#3,1.0,1.0,10.0,10.0,16.0
30.0,000016_044_00000169#5,1.0,1.0,10.0,10.0,15.0
30.0,000016_044_00000169#6,1.0,1.0,9.0,10.0,59.0
30.0,000016_044_00000169#8,1.0,1.0,10.0,10.0,88.0
30.0,000016_044_00000169#16,1.0,1.0,10.0,10.0,73.0
30.0,000016_044_00000169#17,1.0,1.0,10.0,10.0,65.0
30.0,000017_011_00000297#3,1.0,1.0,10.0,10.0,12.0
30.0,000017_011_00000297#5,1.0,1.0,10.0,10.0,68.0
30.0,000017_011_00000297#9,1.0,1.0,10.0,10.0,26.0
30.0,000017_011_00000297#10,1.0,1.0,10.0,10.0,86.0
30.0,000017_011_00000297#11,1.0,1.0,10.0,10.0,59.0
30.0,000017_011_00000297#13,1.0,1.0,10.0,10.0,43.0
30.0,000017_012_00000135#2,1.0,1.0,10.0,10.0,36.0
30.0,000017_020_00000214#0,1.0,1.0,10.0,10.0,21.0
30.0,000017_020_00000214#2,1.0,1.0,10.0,10.0,27.0
30.0,000017_020_suppl_00000356#0,1.0,1.0,10.0,10.0,20.0
30.0,000017_020_suppl_00000356#2,1.0,1.0,10.0,10.0,20.0
30.0,000018_006_00000063#0,1.0,1.0,10.0,10.0,66.0
30.0,000019_030_00000072#1,1.0,1.0,10.0,10.0,23.0
30.0,000019_030_00000072#2,1.0,1.0,10.0,10.0,72.0
30.0,000019_030_00000072#3,1.0,1.0,10.0,10.0,54.0
30.0,000019_030_00000072#4,1.0,1.0,10.0,10.0,21.0
30.0,000019_030_00000072#5,1.0,1.0,10.0,10.0,10.0
30.0,000019_038_00000205#2,1.0,1.0,10.0,10.0,20.0
30.0,000019_038_00000205#3,1.0,1.0,10.0,10.0,25.0
30.0,000019_038_00000205#4,1.0,1.0,10.0,10.0,21.0
30.0,000019_038_00000205#5,1.0,1.0,10.0,10.0,36.0
30.0,000019_038_00000205#6,1.0,1.0,10.0,10.0,84.0
30.0,000019_038_00000205#7,1.0,1.0,10.0,10.0,70.0
30.0,000019_038_00000205#8,1.0,1.0,10.0,10.0,82.0
30.0,000019_041_00000141#2,1.0,1.0,10.0,10.0,24.0
30.0,000019_045_00000145#4,1.0,1.0,10.0,10.0,46.0
30.0,000019_045_00000145#5,1.0,1.0,10.0,10.0,42.0
30.0,000019_045_00000145#7,1.0,1.0,4.0,10.0,67.0
30.0,000020_010_00000089#1,1.0,1.0,10.0,10.0,60.0
30.0,000020_010_00000089#5,1.0,1.0,8.0,10.0,9.0
30.0,000020_010_00000089#6,1.0,1.0,10.0,10.0,20.0
30.0,000020_010_00000089#7,1.0,1.0,7.0,10.0,8.0
30.0,000020_014_00000193#2,1.0,1.0,10.0,10.0,63.0
30.0,000020_014_00000193#3,1.0,1.0,10.0,10.0,76.0
30.0,000020_014_00000193#5,1.0,1.0,10.0,10.0,54.0
30.0,000020_014_00000193#6,1.0,1.0,10.0,10.0,77.0
30.0,000020_018_00000093#0,1.0,1.0,10.0,10.0,16.0
30.0,000020_018_00000093#1,1.0,1.0,10.0,10.0,24.0
30.0,000020_018_00000093#2,1.0,1.0,10.0,10.0,81.0
30.0,000020_018_00000093#3,1.0,1.0,10.0,10.0,42.0
30.0,000021_020_00000131#2,1.0,1.0,10.0,10.0,76.0
30.0,000023_005_00000070#1,1.0,1.0,10.0,10.0,32.0
30.0,000023_005_00000070#2,1.0,1.0,10.0,10.0,87.0
30.0,000023_005_00000070#3,1.0,1.0,10.0,10.0,63.0
30.0,000023_005_00000070#4,1.0,1.0,10.0,10.0,63.0
30.0,000023_005_00000070#5,1.0,1.0,10.0,10.0,18.0
30.0,000023_005_00000070#6,1.0,1.0,10.0,10.0,23.0
30.0,000031#0,1.0,1.0,10.0,10.0,53.0
30.0,000031#1,1.0,1.0,10.0,10.0,15.0
30.0,000031#2,1.0,1.0,8.0,10.0,8.0
30.0,000031#3,1.0,1.0,10.0,10.0,15.0
30.0,000031#6,1.0,1.0,10.0,10.0,24.0
30.0,000031#8,1.0,1.0,10.0,10.0,53.0
30.0,000031#10,1.0,1.0,10.0,10.0,16.0
30.0,000031#11,1.0,1.0,10.0,10.0,21.0
30.0,000066#0,1.0,1.0,10.0,10.0,31.0
30.0,000066#1,1.0,1.0,10.0,10.0,15.0
30.0,000066#2,1.0,1.0,9.0,10.0,61.0
30.0,000066#3,1.0,1.0,10.0,10.0,39.0
30.0,000070#0,1.0,1.0,10.0,10.0,28.0
30.0,000070#1,1.0,1.0,10.0,10.0,18.0
30.0,000070#2,1.0,1.0,10.0,10.0,52.0
30.0,000070#3,1.0,1.0,10.0,10.0,67.0
30.0,000173#1,1.0,1.0,10.0,10.0,27.0
30.0,000303#2,1.0,1.0,10.0,10.0,67.0
30.0,000303#6,1.0,1.0,10.0,10.0,30.0
30.0,000303#7,1.0,1.0,10.0,10.0,16.0
30.0,000328#1,1.0,1.0,10.0,10.0,58.0
30.0,000328#3,1.0,1.0,10.0,10.0,65.0
30.0,000415#1,1.0,1.0,10.0,10.0,14.0
30.0,000415#2,1.0,1.0,7.0,10.0,9.0
30.0,000415#4,1.0,1.0,10.0,10.0,22.0
30.0,000415#5,1.0,1.0,10.0,10.0,24.0
30.0,000415#6,1.0,1.0,10.0,10.0,12.0
30.0,000415#8,1.0,1.0,10.0,10.0,10.0
30.0,000415#10,1.0,1.0,10.0,10.0,13.0
30.0,000415#11,1.0,1.0,10.0,10.0,12.0
30.0,000415#13,1.0,1.0,10.0,10.0,21.0
30.0,000415#14,1.0,1.0,10.0,10.0,13.0
30.0,000415#15,1.0,1.0,10.0,10.0,17.0
30.0,000415#16,1.0,1.0,6.0,10.0,8.0
30.0,000415#17,1.0,1.0,9.0,10.0,10.0
30.0,000415#19,1.0,1.0,10.0,10.0,37.0
30.0,000433#7,1.0,1.0,10.0,10.0,57.0
30.0,000437#0,1.0,1.0,10.0,10.0,67.0
30.0,000437#1,1.0,1.0,10.0,10.0,75.0
30.0,000437#2,1.0,1.0,10.0,10.0,26.0
30.0,000437#5,1.0,1.0,10.0,10.0,48.0
30.0,000484#2,1.0,1.0,10.0,10.0,37.0
30.0,000484#3,1.0,1.0,10.0,10.0,55.0
30.0,000500#0,1.0,1.0,10.0,10.0,14.0
30.0,000500#1,1.0,1.0,9.0,10.0,9.0
30.0,000500#2,1.0,1.0,10.0,10.0,15.0
30.0,000525#0,1.0,1.0,10.0,10.0,14.0
30.0,000525#1,1.0,1.0,10.0,10.0,30.0
30.0,000525#2,1.0,1.0,10.0,10.0,35.0
30.0,000561#0,1.0,1.0,10.0,10.0,70.0
30.0,000561#3,1.0,1.0,10.0,10.0,63.0
30.0,000561#4,1.0,1.0,10.0,10.0,38.0
30.0,000597#2,1.0,1.0,10.0,10.0,62.0
30.0,000597#3,1.0,1.0,5.0,10.0,29.0
30.0,000630#0,1.0,1.0,10.0,10.0,14.0
30.0,000680#5,1.0,1.0,10.0,10.0,69.0
30.0,000707#1,1.0,1.0,10.0,10.0,13.0
30.0,000707#2,1.0,1.0,10.0,10.0,18.0
30.0,000707#3,1.0,1.0,9.0,10.0,9.0
30.0,000707#4,1.0,1.0,10.0,10.0,25.0
30.0,000707#5,1.0,1.0,10.0,10.0,20.0
30.0,000735#1,1.0,1.0,10.0,10.0,11.0
30.0,000738#0,1.0,1.0,10.0,10.0,26.0
30.0,000738#2,1.0,1.0,9.0,10.0,9.0
30.0,000738#3,1.0,1.0,10.0,10.0,36.0
30.0,000756#4,1.0,1.0,10.0,10.0,34.0
30.0,000759#2,1.0,1.0,10.0,10.0,34.0
30.0,000780#0,1.0,1.0,10.0,10.0,22.0
30.0,000780#3,1.0,1.0,10.0,10.0,90.0
30.0,000783#0,1.0,1.0,10.0,10.0,45.0
30.0,000783#1,1.0,1.0,10.0,10.0,42.0
30.0,000783#3,1.0,1.0,10.0,10.0,38.0
30.0,000783#4,1.0,1.0,10.0,10.0,26.0
30.0,000808#1,1.0,1.0,10.0,10.0,21.0
30.0,000820#2,1.0,1.0,10.0,10.0,58.0
30.0,000820#3,1.0,1.0,10.0,10.0,45.0
30.0,000820#4,1.0,1.0,10.0,10.0,25.0
30.0,000820#5,1.0,1.0,10.0,10.0,27.0
30.0,000820#7,1.0,1.0,8.0,10.0,8.0
30.0,000889#5,1.0,1.0,10.0,10.0,84.0
30.0,000889#6,1.0,1.0,10.0,10.0,40.0
30.0,000889#7,1.0,1.0,10.0,10.0,14.0
30.0,000889#8,1.0,1.0,10.0,10.0,15.0
30.0,000889#9,1.0,1.0,10.0,10.0,22.0
30.0,000889#13,1.0,1.0,10.0,10.0,24.0
30.0,000889#14,1.0,1.0,10.0,10.0,69.0
30.0,000943#0,1.0,1.0,10.0,10.0,16.0
30.0,000943#1,1.0,1.0,10.0,10.0,14.0
30.0,000943#2,1.0,1.0,10.0,10.0,64.0
30.0,000943#3,1.0,1.0,6.0,10.0,7.0
30.0,000943#4,1.0,1.0,6.0,10.0,7.0
30.0,000943#6,1.0,1.0,7.0,10.0,18.0
30.0,000943#7,1.0,1.0,10.0,10.0,23.0
30.0,000952#0,1.0,1.0,10.0,10.0,22.0
30.0,001033#1,1.0,1.0,10.0,10.0,15.0
30.0,001033#2,1.0,1.0,10.0,10.0,31.0
30.0,001033#3,1.0,1.0,10.0,10.0,41.0
30.0,001033#9,1.0,1.0,10.0,10.0,25.0
30.0,001033#10,1.0,1.0,10.0,10.0,21.0
30.0,001035#0,1.0,1.0,10.0,10.0,19.0
30.0,001035#1,1.0,1.0,10.0,10.0,53.0
30.0,001035#2,1.0,1.0,10.0,10.0,76.0
30.0,001035#7,1.0,1.0,10.0,10.0,40.0
30.0,001035#9,1.0,1.0,10.0,10.0,22.0
30.0,001035#10,1.0,1.0,10.0,10.0,63.0
30.0,001114#5,1.0,1.0,10.0,10.0,47.0
30.0,001114#6,1.0,1.0,10.0,10.0,40.0
30.0,001114#7,1.0,1.0,10.0,10.0,12.0
30.0,001114#8,1.0,1.0,10.0,10.0,26.0
30.0,001114#10,1.0,1.0,10.0,10.0,17.0
30.0,001123#0,1.0,1.0,10.0,10.0,31.0
30.0,001123#1,1.0,1.0,10.0,10.0,76.0
30.0,001123#2,1.0,1.0,10.0,10.0,77.0
30.0,001123#4,1.0,1.0,10.0,10.0,64.0
30.0,001123#5,1.0,1.0,10.0,10.0,42.0
30.0,001123#6,1.0,1.0,10.0,10.0,79.0
30.0,001123#7,1.0,1.0,10.0,10.0,86.0
30.0,001123#8,1.0,1.0,3.0,10.0,36.0
30.0,001123#9,1.0,1.0,10.0,10.0,56.0
30.0,001123#10,1.0,1.0,10.0,10.0,62.0
30.0,001123#11,1.0,1.0,10.0,10.0,66.0
30.0,001123#12,1.0,1.0,10.0,10.0,79.0
30.0,001123#13,1.0,1.0,10.0,10.0,31.0
30.0,001123#18,1.0,1.0,9.0,10.0,9.0
30.0,001123#19,1.0,1.0,9.0,10.0,10.0
30.0,001123#20,1.0,1.0,10.0,10.0,49.0
30.0,001123#21,1.0,1.0,10.0,10.0,32.0
30.0,001123#22,1.0,1.0,10.0,10.0,33.0
30.0,001135#4,1.0,1.0,10.0,10.0,64.0
30.0,001135#6,1.0,1.0,10.0,10.0,72.0
30.0,001135#7,1.0,1.0,9.0,10.0,14.0
30.0,001157#4,1.0,1.0,10.0,10.0,14.0
30.0,001157#5,1.0,1.0,10.0,10.0,30.0
30.0,001157#8,1.0,1.0,10.0,10.0,77.0
30.0,001157#9,1.0,1.0,10.0,10.0,68.0
30.0,001202#3,1.0,1.0,10.0,10.0,72.0
30.0,001202#4,1.0,1.0,10.0,10.0,78.0
30.0,001202#8,1.0,1.0,10.0,10.0,23.0
30.0,001202#10,1.0,1.0,10.0,10.0,56.0
30.0,001202#11,1.0,1.0,10.0,10.0,57.0
30.0,001202#12,1.0,1.0,10.0,10.0,42.0
30.0,001257#0,1.0,1.0,10.0,10.0,46.0
30.0,001257#3,1.0,1.0,10.0,10.0,69.0
30.0,001257#6,1.0,1.0,10.0,10.0,27.0
30.0,001257#9,1.0,1.0,10.0,10.0,27.0
30.0,001257#10,1.0,1.0,10.0,10.0,46.0
30.0,001257#11,1.0,1.0,10.0,10.0,31.0
30.0,001276#3,1.0,1.0,10.0,10.0,58.0
30.0,001276#7,1.0,1.0,10.0,10.0,30.0
30.0,001276#9,1.0,1.0,10.0,10.0,54.0
30.0,001276#10,1.0,1.0,10.0,10.0,27.0
30.0,001276#11,1.0,1.0,10.0,10.0,31.0
30.0,001276#12,1.0,1.0,10.0,10.0,25.0
30.0,001276#13,1.0,1.0,10.0,10.0,35.0
30.0,001276#14,1.0,1.0,10.0,10.0,50.0
30.0,001276#15,1.0,1.0,10.0,10.0,25.0
30.0,001295#0,1.0,1.0,10.0,10.0,30.0
30.0,001295#1,1.0,1.0,10.0,10.0,52.0
30.0,001295#3,1.0,1.0,10.0,10.0,10.0
30.0,001295#10,1.0,1.0,10.0,10.0,55.0
30.0,001295#11,1.0,1.0,10.0,10.0,24.0
30.0,001295#12,1.0,1.0,10.0,10.0,17.0
30.0,001295#13,1.0,1.0,10.0,10.0,28.0
30.0,001295#14,1.0,1.0,10.0,10.0,36.0
30.0,001295#15,1.0,1.0,10.0,10.0,24.0
30.0,001295#17,1.0,1.0,10.0,10.0,19.0
30.0,001295#18,1.0,1.0,10.0,10.0,15.0
30.0,001295#19,1.0,1.0,10.0,10.0,17.0
30.0,001295#20,1.0,1.0,10.0,10.0,16.0
30.0,001295#21,1.0,1.0,10.0,10.0,22.0
30.0,001295#22,1.0,1.0,10.0,10.0,26.0
30.0,001295#24,1.0,1.0,10.0,10.0,26.0
30.0,001295#26,1.0,1.0,9.0,10.0,9.0
30.0,001409#0,1.0,1.0,10.0,10.0,39.0
30.0,001409#1,1.0,1.0,10.0,10.0,43.0
30.0,001415#0,1.0,1.0,10.0,10.0,42.0
30.0,001415#1,1.0,1.0,10.0,10.0,44.0
30.0,001415#2,1.0,1.0,10.0,10.0,41.0
30.0,001415#3,1.0,1.0,10.0,10.0,53.0
30.0,001443#3,1.0,1.0,10.0,10.0,53.0
30.0,001443#4,1.0,1.0,10.0,10.0,73.0
30.0,001443#6,1.0,1.0,4.0,10.0,66.0
30.0,001443#7,1.0,1.0,10.0,10.0,67.0
30.0,001443#9,1.0,1.0,10.0,10.0,27.0
30.0,001443#10,1.0,1.0,10.0,10.0,46.0
30.0,001461#2,1.0,1.0,10.0,10.0,28.0
30.0,001461#3,1.0,1.0,10.0,10.0,42.0
30.0,001461#4,1.0,1.0,10.0,10.0,64.0
30.0,001461#5,1.0,1.0,10.0,10.0,36.0
30.0,001531#1,1.0,1.0,10.0,10.0,16.0
30.0,001531#2,1.0,1.0,10.0,10.0,11.0
30.0,001531#6,1.0,1.0,10.0,10.0,28.0
30.0,001531#8,1.0,1.0,10.0,10.0,11.0
30.0,001531#10,1.0,1.0,10.0,10.0,43.0
30.0,001558#4,1.0,1.0,10.0,10.0,31.0
30.0,001683#1,1.0,1.0,10.0,10.0,83.0
30.0,001683#6,1.0,1.0,10.0,10.0,36.0
30.0,001683#7,1.0,1.0,10.0,10.0,46.0
30.0,001683#8,1.0,1.0,10.0,10.0,50.0
30.0,001694#1,1.0,1.0,10.0,10.0,28.0
30.0,001694#2,1.0,1.0,10.0,10.0,64.0
30.0,001694#7,1.0,1.0,10.0,10.0,62.0
30.0,001694#8,1.0,1.0,10.0,10.0,36.0
30.0,001694#9,1.0,1.0,10.0,10.0,50.0
30.0,001694#10,1.0,1.0,10.0,10.0,27.0
30.0,001694#11,1.0,1.0,10.0,10.0,28.0
30.0,001694#12,1.0,1.0,10.0,10.0,22.0
30.0,001694#13,1.0,1.0,10.0,10.0,27.0
30.0,001694#14,1.0,1.0,10.0,10.0,31.0
30.0,001707#1,1.0,1.0,10.0,10.0,22.0
30.0,001707#2,1.0,1.0,10.0,10.0,68.0
30.0,001707#7,1.0,1.0,10.0,10.0,62.0
30.0,001707#8,1.0,1.0,10.0,10.0,36.0
30.0,001707#9,1.0,1.0,10.0,10.0,31.0
30.0,001707#10,1.0,1.0,10.0,10.0,34.0
30.0,001707#11,1.0,1.0,10.0,10.0,57.0
30.0,001707#12,1.0,1.0,10.0,10.0,19.0
30.0,001712#1,1.0,1.0,10.0,10.0,72.0
30.0,001712#6,1.0,1.0,10.0,10.0,58.0
30.0,001712#7,1.0,1.0,10.0,10.0,16.0
30.0,001712#8,1.0,1.0,10.0,10.0,36.0
30.0,001712#9,1.0,1.0,10.0,10.0,55.0
30.0,001712#10,1.0,1.0,10.0,10.0,25.0
30.0,001712#11,1.0,1.0,10.0,10.0,23.0
30.0,001712#12,1.0,1.0,10.0,10.0,27.0
30.0,001724#1,1.0,1.0,10.0,10.0,11.0
30.0,001724#3,1.0,1.0,10.0,10.0,56.0
30.0,001724#7,1.0,1.0,10.0,10.0,84.0
30.0,001724#8,1.0,1.0,10.0,10.0,34.0
30.0,001724#9,1.0,1.0,10.0,10.0,30.0
30.0,001724#10,1.0,1.0,10.0,10.0,27.0
30.0,001724#11,1.0,1.0,10.0,10.0,34.0
30.0,001724#12,1.0,1.0,10.0,10.0,38.0
30.0,001737#3,1.0,1.0,10.0,10.0,54.0
30.0,001737#7,1.0,1.0,10.0,10.0,76.0
30.0,001737#8,1.0,1.0,8.0,10.0,8.0
30.0,001737#9,1.0,1.0,10.0,10.0,15.0
30.0,001737#10,1.0,1.0,10.0,10.0,36.0
30.0,001737#11,1.0,1.0,10.0,10.0,30.0
30.0,001737#12,1.0,1.0,10.0,10.0,38.0
30.0,001737#13,1.0,1.0,10.0,10.0,30.0
30.0,001742#0,1.0,1.0,10.0,10.0,41.0
30.0,001763#0,1.0,1.0,10.0,10.0,25.0
30.0,001785#0,1.0,1.0,10.0,10.0,50.0
30.0,001785#1,1.0,1.0,10.0,10.0,51.0
30.0,001785#2,1.0,1.0,10.0,10.0,80.0
30.0,001851#0,1.0,1.0,10.0,10.0,48.0
30.0,001851#8,1.0,1.0,10.0,10.0,25.0
30.0,001851#9,1.0,1.0,10.0,10.0,27.0
30.0,001851#10,1.0,1.0,10.0,10.0,31.0
30.0,001851#11,1.0,1.0,10.0,10.0,25.0
30.0,001851#12,1.0,1.0,10.0,10.0,27.0
30.0,001851#13,1.0,1.0,10.0,10.0,50.0
30.0,001851#14,1.0,1.0,10.0,10.0,27.0
30.0,001862#0,1.0,1.0,10.0,10.0,48.0
30.0,001862#8,1.0,1.0,10.0,10.0,21.0
30.0,001862#9,1.0,1.0,10.0,10.0,27.0
30.0,001862#10,1.0,1.0,10.0,10.0,54.0
30.0,001862#11,1.0,1.0,10.0,10.0,21.0
30.0,001862#12,1.0,1.0,10.0,10.0,20.0
30.0,001862#13,1.0,1.0,10.0,10.0,32.0
30.0,001862#14,1.0,1.0,10.0,10.0,29.0
30.0,001862#15,1.0,1.0,10.0,10.0,37.0
30.0,001873#0,1.0,1.0,10.0,10.0,48.0
30.0,001873#4,1.0,1.0,10.0,10.0,73.0
30.0,001873#8,1.0,1.0,10.0,10.0,26.0
30.0,001873#9,1.0,1.0,10.0,10.0,50.0
30.0,001873#10,1.0,1.0,10.0,10.0,14.0
30.0,001873#11,1.0,1.0,10.0,10.0,27.0
30.0,001873#12,1.0,1.0,10.0,10.0,26.0
30.0,001873#13,1.0,1.0,10.0,10.0,27.0
30.0,001881#0,1.0,1.0,10.0,10.0,48.0
30.0,001881#4,1.0,1.0,10.0,10.0,73.0
30.0,001881#8,1.0,1.0,10.0,10.0,25.0
30.0,001881#9,1.0,1.0,10.0,10.0,54.0
30.0,001881#10,1.0,1.0,10.0,10.0,22.0
30.0,001884#0,1.0,1.0,10.0,10.0,52.0
30.0,001884#4,1.0,1.0,10.0,10.0,73.0
30.0,001884#8,1.0,1.0,10.0,10.0,21.0
30.0,001884#9,1.0,1.0,10.0,10.0,57.0
30.0,001884#10,1.0,1.0,10.0,10.0,25.0
30.0,001884#11,1.0,1.0,10.0,10.0,23.0
30.0,001884#12,1.0,1.0,10.0,10.0,20.0
30.0,001884#13,1.0,1.0,10.0,10.0,17.0
30.0,001884#14,1.0,1.0,10.0,10.0,27.0
30.0,001898#0,1.0,1.0,10.0,10.0,52.0
30.0,001898#4,1.0,1.0,10.0,10.0,74.0
30.0,001898#7,1.0,1.0,10.0,10.0,22.0
30.0,001898#8,1.0,1.0,10.0,10.0,20.0
30.0,001898#9,1.0,1.0,10.0,10.0,21.0
30.0,001898#10,1.0,1.0,10.0,10.0,24.0
30.0,001898#11,1.0,1.0,10.0,10.0,36.0
30.0,001898#12,1.0,1.0,10.0,10.0,55.0
30.0,001898#13,1.0,1.0,10.0,10.0,27.0
30.0,001898#14,1.0,1.0,10.0,10.0,24.0
30.0,001970#1,1.0,1.0,10.0,10.0,73.0
30.0,001970#3,1.0,1.0,10.0,10.0,36.0
30.0,001970#7,1.0,1.0,10.0,10.0,65.0
30.0,001970#8,1.0,1.0,10.0,10.0,26.0
30.0,001970#9,1.0,1.0,10.0,10.0,41.0
30.0,001970#10,1.0,1.0,10.0,10.0,27.0
30.0,002048#2,1.0,1.0,10.0,10.0,68.0
30.0,002048#3,1.0,1.0,10.0,10.0,53.0
30.0,002048#4,1.0,1.0,10.0,10.0,76.0
30.0,002048#7,1.0,1.0,10.0,10.0,37.0
30.0,002048#8,1.0,1.0,10.0,10.0,19.0
30.0,002048#9,1.0,1.0,10.0,10.0,40.0
30.0,002048#10,1.0,1.0,10.0,10.0,41.0
30.0,002097#3,1.0,1.0,10.0,10.0,67.0
30.0,002097#4,1.0,1.0,10.0,10.0,75.0
30.0,002097#7,1.0,1.0,10.0,10.0,22.0
30.0,002097#8,1.0,1.0,10.0,10.0,29.0
30.0,002097#9,1.0,1.0,10.0,10.0,32.0
30.0,002097#10,1.0,1.0,10.0,10.0,32.0
30.0,002102#0,1.0,1.0,10.0,10.0,63.0
30.0,002102#1,1.0,1.0,10.0,10.0,67.0
30.0,002102#2,1.0,1.0,10.0,10.0,64.0
30.0,002102#3,1.0,1.0,10.0,10.0,55.0
30.0,002102#4,1.0,1.0,10.0,10.0,59.0
30.0,002102#5,1.0,1.0,10.0,10.0,40.0
30.0,002102#6,1.0,1.0,10.0,10.0,56.0
30.0,002102#7,1.0,1.0,10.0,10.0,56.0
30.0,002102#8,1.0,1.0,10.0,10.0,50.0
30.0,002156#0,1.0,1.0,10.0,10.0,40.0
30.0,002156#1,1.0,1.0,10.0,10.0,28.0
30.0,002156#2,1.0,1.0,10.0,10.0,38.0
30.0,002156#3,1.0,1.0,10.0,10.0,59.0
30.0,002156#4,1.0,1.0,10.0,10.0,81.0
30.0,002156#7,1.0,1.0,10.0,10.0,46.0
30.0,002156#8,1.0,1.0,10.0,10.0,34.0
30.0,002156#9,1.0,1.0,10.0,10.0,53.0
30.0,002207#0,1.0,1.0,10.0,10.0,11.0
30.0,002207#1,1.0,1.0,10.0,10.0,49.0
30.0,002235#3,1.0,1.0,10.0,10.0,36.0
30.0,002235#5,1.0,1.0,10.0,10.0,55.0
30.0,002235#6,1.0,1.0,5.0,10.0,17.0
30.0,002235#7,1.0,1.0,10.0,10.0,27.0
30.0,002235#10,1.0,1.0,10.0,10.0,10.0
30.0,002265#3,1.0,1.0,10.0,10.0,15.0
30.0,002265#4,1.0,1.0,10.0,10.0,13.0
30.0,002276#0,1.0,1.0,10.0,10.0,41.0
30.0,002276#1,1.0,1.0,10.0,10.0,18.0
30.0,002276#2,1.0,1.0,10.0,10.0,32.0
30.0,002276#3,1.0,1.0,10.0,10.0,53.0
30.0,002276#6,1.0,1.0,10.0,10.0,46.0
30.0,002331#2,1.0,1.0,10.0,10.0,49.0
30.0,002331#3,1.0,1.0,10.0,10.0,37.0
30.0,002331#4,1.0,1.0,10.0,10.0,75.0
30.0,002331#16,1.0,1.0,10.0,10.0,14.0
30.0,002331#18,1.0,1.0,8.0,10.0,21.0
30.0,002334#1,1.0,1.0,10.0,10.0,11.0
30.0,002334#8,1.0,1.0,10.0,10.0,56.0
30.0,002334#9,1.0,1.0,10.0,10.0,18.0
30.0,002338#0,1.0,1.0,10.0,10.0,62.0
30.0,002338#1,1.0,1.0,10.0,10.0,70.0
30.0,002338#4,1.0,1.0,10.0,10.0,73.0
30.0,002338#5,1.0,1.0,10.0,10.0,44.0
30.0,002357#0,1.0,1.0,10.0,10.0,23.0
30.0,002357#1,1.0,1.0,10.0,10.0,35.0
30.0,002357#2,1.0,1.0,10.0,10.0,72.0
30.0,002357#3,1.0,1.0,10.0,10.0,43.0
30.0,002359#0,1.0,1.0,10.0,10.0,29.0
30.0,002359#1,1.0,1.0,10.0,10.0,43.0
30.0,002359#2,1.0,1.0,10.0,10.0,45.0
30.0,002359#3,1.0,1.0,10.0,10.0,27.0
30.0,002378#0,1.0,1.0,10.0,10.0,34.0
30.0,002378#1,1.0,1.0,10.0,10.0,11.0
30.0,002378#3,1.0,1.0,10.0,10.0,66.0
30.0,002378#5,1.0,1.0,10.0,10.0,73.0
30.0,002378#6,1.0,1.0,10.0,10.0,19.0
30.0,002380#2,1.0,1.0,10.0,10.0,77.0
30.0,002380#3,1.0,1.0,10.0,10.0,55.0
30.0,002380#4,1.0,1.0,10.0,10.0,19.0
30.0,002380#5,1.0,1.0,8.0,10.0,8.0
30.0,002380#6,1.0,1.0,10.0,10.0,45.0
30.0,002380#7,1.0,1.0,10.0,10.0,14.0
30.0,002380#8,1.0,1.0,10.0,10.0,15.0
30.0,002380#9,1.0,1.0,10.0,10.0,25.0
30.0,002413#0,1.0,1.0,10.0,10.0,23.0
30.0,002517#1,1.0,1.0,10.0,10.0,48.0
30.0,002517#2,1.0,1.0,10.0,10.0,16.0
30.0,002517#4,1.0,1.0,10.0,10.0,23.0
30.0,002517#5,1.0,1.0,10.0,10.0,76.0
30.0,002584#4,1.0,1.0,7.0,10.0,11.0
30.0,002584#6,1.0,1.0,10.0,10.0,11.0
30.0,002625#6,1.0,1.0,10.0,10.0,17.0
30.0,002625#8,1.0,1.0,10.0,10.0,26.0
30.0,002625#10,1.0,1.0,10.0,10.0,27.0
30.0,002625#13,1.0,1.0,10.0,10.0,22.0
30.0,002625#14,1.0,1.0,10.0,10.0,73.0
30.0,002625#18,1.0,1.0,10.0,10.0,29.0
30.0,002625#19,1.0,1.0,9.0,10.0,13.0
30.0,002625#20,1.0,1.0,10.0,10.0,70.0
30.0,002625#21,1.0,1.0,10.0,10.0,82.0
30.0,002625#22,1.0,1.0,10.0,10.0,36.0
30.0,002625#23,1.0,1.0,10.0,10.0,34.0
30.0,002625#24,1.0,1.0,10.0,10.0,65.0
30.0,002625#25,1.0,1.0,10.0,10.0,11.0
30.0,002625#26,1.0,1.0,10.0,10.0,48.0
30.0,002625#27,1.0,1.0,3.0,10.0,25.0
30.0,002625#28,1.0,1.0,10.0,10.0,37.0
30.0,002625#29,1.0,1.0,10.0,10.0,63.0
30.0,002625#30,1.0,1.0,10.0,10.0,23.0
30.0,002625#31,1.0,1.0,10.0,10.0,34.0
30.0,002625#32,1.0,1.0,10.0,10.0,45.0
30.0,002625#33,1.0,1.0,10.0,10.0,12.0
30.0,002627#5,1.0,1.0,10.0,10.0,20.0
30.0,002627#7,1.0,1.0,10.0,10.0,17.0
30.0,002627#11,1.0,1.0,9.0,10.0,74.0
30.0,002627#12,1.0,1.0,10.0,10.0,32.0
30.0,002627#15,1.0,1.0,10.0,10.0,69.0
30.0,002627#17,1.0,1.0,10.0,10.0,73.0
30.0,002627#18,1.0,1.0,10.0,10.0,74.0
30.0,002627#19,1.0,1.0,10.0,10.0,18.0
30.0,002627#22,1.0,1.0,10.0,10.0,87.0
30.0,002627#23,1.0,1.0,10.0,10.0,71.0
30.0,002627#26,1.0,1.0,10.0,10.0,80.0
30.0,002627#27,1.0,1.0,10.0,10.0,81.0
30.0,002627#28,1.0,1.0,10.0,10.0,48.0
30.0,002627#30,1.0,1.0,10.0,10.0,39.0
30.0,002627#31,1.0,1.0,10.0,10.0,50.0
30.0,002627#32,1.0,1.0,10.0,10.0,55.0
30.0,002671#7,1.0,1.0,10.0,10.0,51.0
30.0,002671#9,1.0,1.0,10.0,10.0,25.0
30.0,002671#11,1.0,1.0,10.0,10.0,39.0
30.0,002671#12,1.0,1.0,10.0,10.0,63.0
30.0,002671#13,1.0,1.0,10.0,10.0,45.0
30.0,002671#14,1.0,1.0,10.0,10.0,30.0
30.0,002671#15,1.0,1.0,10.0,10.0,30.0
30.0,002671#16,1.0,1.0,10.0,10.0,18.0
30.0,002671#17,1.0,1.0,10.0,10.0,45.0
30.0,002671#18,1.0,1.0,10.0,10.0,18.0
30.0,002671#19,1.0,1.0,10.0,10.0,57.0
30.0,002671#20,1.0,1.0,10.0,10.0,46.0
30.0,002671#21,1.0,1.0,10.0,10.0,23.0
30.0,002671#22,1.0,1.0,10.0,10.0,23.0
30.0,002671#23,1.0,1.0,10.0,10.0,46.0
30.0,002671#24,1.0,1.0,10.0,10.0,59.0
30.0,002677#0,1.0,1.0,10.0,10.0,63.0
30.0,002677#1,1.0,1.0,10.0,10.0,40.0
30.0,002677#16,1.0,1.0,10.0,10.0,14.0
30.0,002677#17,1.0,1.0,10.0,10.0,24.0
30.0,002677#18,1.0,1.0,10.0,10.0,76.0
30.0,002707#11,1.0,1.0,10.0,10.0,22.0
30.0,002707#12,1.0,1.0,10.0,10.0,25.0
30.0,002707#13,1.0,1.0,10.0,10.0,62.0
30.0,002750#1,1.0,1.0,10.0,10.0,15.0
30.0,002750#4,1.0,1.0,10.0,10.0,42.0
30.0,002750#12,1.0,1.0,10.0,10.0,13.0
30.0,002750#13,1.0,1.0,8.0,10.0,12.0
30.0,002750#14,1.0,1.0,10.0,10.0,10.0
30.0,002750#16,1.0,1.0,8.0,10.0,8.0
30.0,002750#18,1.0,1.0,10.0,10.0,14.0
30.0,002750#19,1.0,1.0,10.0,10.0,22.0
30.0,002750#20,1.0,1.0,10.0,10.0,28.0
30.0,002750#21,1.0,1.0,10.0,10.0,28.0
30.0,002750#22,1.0,1.0,10.0,10.0,53.0
30.0,002750#23,1.0,1.0,10.0,10.0,25.0
30.0,002750#25,1.0,1.0,10.0,10.0,51.0
30.0,002762#1,1.0,1.0,10.0,10.0,17.0
30.0,002839#1,1.0,1.0,10.0,10.0,21.0
30.0,002839#2,1.0,1.0,10.0,10.0,25.0
30.0,002839#3,1.0,1.0,10.0,10.0,48.0
30.0,002839#4,1.0,1.0,10.0,10.0,31.0
30.0,002842#3,1.0,1.0,10.0,10.0,25.0
30.0,002842#4,1.0,1.0,10.0,10.0,21.0
30.0,002844#1,1.0,1.0,10.0,10.0,42.0
30.0,002844#2,1.0,1.0,10.0,10.0,21.0
30.0,002844#3,1.0,1.0,10.0,10.0,38.0
30.0,002935#0,1.0,1.0,10.0,10.0,17.0
30.0,002935#1,1.0,1.0,9.0,10.0,13.0
30.0,002955#0,1.0,1.0,10.0,10.0,72.0
30.0,002955#1,1.0,1.0,10.0,10.0,47.0
30.0,002955#4,1.0,1.0,10.0,10.0,32.0
30.0,002955#5,1.0,1.0,10.0,10.0,21.0
30.0,002955#6,1.0,1.0,10.0,10.0,37.0
30.0,002955#7,1.0,1.0,10.0,10.0,68.0
30.0,002955#8,1.0,1.0,9.0,10.0,61.0
30.0,002955#9,1.0,1.0,10.0,10.0,11.0
30.0,002955#10,1.0,1.0,10.0,10.0,42.0
30.0,002955#11,1.0,1.0,10.0,10.0,42.0
30.0,002955#12,1.0,1.0,10.0,10.0,57.0
30.0,002955#13,1.0,1.0,10.0,10.0,67.0
30.0,002955#14,1.0,1.0,10.0,10.0,73.0
30.0,002955#16,1.0,1.0,10.0,10.0,49.0
30.0,002955#17,1.0,1.0,10.0,10.0,81.0
30.0,002955#20,1.0,1.0,10.0,10.0,15.0
30.0,002955#23,1.0,1.0,10.0,10.0,29.0
30.0,002955#24,1.0,1.0,7.0,10.0,7.0
30.0,002987#0,1.0,1.0,10.0,10.0,16.0
30.0,002987#1,1.0,1.0,9.0,10.0,9.0
30.0,002987#2,1.0,1.0,10.0,10.0,23.0
30.0,002987#3,1.0,1.0,10.0,10.0,14.0
30.0,002987#4,1.0,1.0,10.0,10.0,34.0
30.0,002987#6,1.0,1.0,10.0,10.0,64.0
30.0,002987#7,1.0,1.0,10.0,10.0,73.0
30.0,002987#8,1.0,1.0,10.0,10.0,28.0
30.0,002987#9,1.0,1.0,10.0,10.0,14.0
30.0,002987#10,1.0,1.0,10.0,10.0,15.0
30.0,002987#11,1.0,1.0,10.0,10.0,15.0
30.0,002987#12,1.0,1.0,8.0,10.0,8.0
30.0,002987#13,1.0,1.0,10.0,10.0,34.0
30.0,002987#14,1.0,1.0,10.0,10.0,20.0
30.0,002987#15,1.0,1.0,10.0,10.0,37.0
30.0,003007#6,1.0,1.0,9.0,10.0,9.0
30.0,003007#8,1.0,1.0,10.0,10.0,41.0
30.0,003007#9,1.0,1.0,10.0,10.0,24.0
30.0,003013#6,1.0,1.0,10.0,10.0,20.0
30.0,003017#4,1.0,1.0,10.0,10.0,12.0
30.0,003026#4,1.0,1.0,10.0,10.0,17.0
30.0,003056#1,1.0,1.0,10.0,10.0,24.0
30.0,003056#2,1.0,1.0,10.0,10.0,15.0
30.0,003056#3,1.0,1.0,10.0,10.0,15.0
30.0,003056#4,1.0,1.0,10.0,10.0,11.0
30.0,003056#7,1.0,1.0,10.0,10.0,38.0
30.0,003056#8,1.0,1.0,8.0,10.0,9.0
30.0,003056#9,1.0,1.0,10.0,10.0,27.0
30.0,003056#10,1.0,1.0,9.0,10.0,18.0
30.0,003056#11,1.0,1.0,10.0,10.0,61.0
30.0,003148#0,1.0,1.0,10.0,10.0,61.0
30.0,003148#2,1.0,1.0,10.0,10.0,63.0
30.0,003148#3,1.0,1.0,10.0,10.0,42.0
30.0,003148#6,1.0,1.0,10.0,10.0,47.0
30.0,003148#7,1.0,1.0,7.0,10.0,8.0
30.0,003148#8,1.0,1.0,7.0,10.0,8.0
30.0,003160#0,1.0,1.0,10.0,10.0,42.0
30.0,003160#1,1.0,1.0,10.0,10.0,28.0
30.0,003160#2,1.0,1.0,11.0,10.0,31.0
30.0,003160#3,1.0,1.0,6.0,10.0,27.0
30.0,003160#4,1.0,1.0,9.0,10.0,31.0
30.0,003160#5,1.0,1.0,10.0,10.0,84.0
30.0,003160#7,1.0,1.0,10.0,10.0,37.0
30.0,003160#8,1.0,1.0,10.0,10.0,69.0
30.0,003160#9,1.0,1.0,10.0,10.0,19.0
30.0,003160#11,1.0,1.0,10.0,10.0,78.0
30.0,003160#13,1.0,1.0,10.0,10.0,37.0
30.0,003160#14,1.0,1.0,10.0,10.0,11.0
30.0,003160#15,1.0,1.0,10.0,10.0,55.0
30.0,003160#17,1.0,1.0,10.0,10.0,43.0
30.0,003160#18,1.0,1.0,10.0,10.0,72.0
30.0,003160#19,1.0,1.0,10.0,10.0,26.0
30.0,003160#20,1.0,1.0,10.0,10.0,18.0
30.0,003160#21,1.0,1.0,10.0,10.0,46.0
30.0,003198#1,1.0,1.0,10.0,10.0,64.0
30.0,003198#4,1.0,1.0,10.0,10.0,42.0
30.0,003257#5,1.0,1.0,10.0,10.0,58.0
30.0,003262#0,1.0,1.0,10.0,10.0,28.0
30.0,003262#1,1.0,1.0,10.0,10.0,31.0
30.0,003262#4,1.0,1.0,10.0,10.0,27.0
30.0,003262#14,1.0,1.0,10.0,10.0,10.0
30.0,003262#16,1.0,1.0,9.0,10.0,10.0
30.0,003262#17,1.0,1.0,10.0,10.0,14.0
30.0,003262#21,1.0,1.0,9.0,10.0,16.0
30.0,003262#23,1.0,1.0,10.0,10.0,22.0
30.0,003262#24,1.0,1.0,10.0,10.0,18.0
30.0,003262#28,1.0,1.0,10.0,10.0,50.0
30.0,003262#29,1.0,1.0,4.0,10.0,7.0
30.0,003262#30,1.0,1.0,10.0,10.0,73.0
30.0,003273#1,1.0,1.0,10.0,10.0,73.0
30.0,003273#3,1.0,1.0,10.0,10.0,68.0
30.0,003273#4,1.0,1.0,10.0,10.0,45.0
30.0,003273#5,1.0,1.0,10.0,10.0,12.0
30.0,003273#6,1.0,1.0,10.0,10.0,87.0
30.0,003273#8,1.0,1.0,10.0,10.0,35.0
30.0,003273#9,1.0,1.0,10.0,10.0,19.0
30.0,003273#10,1.0,1.0,10.0,10.0,42.0
30.0,003273#11,1.0,1.0,10.0,10.0,17.0
30.0,003273#13,1.0,1.0,10.0,10.0,20.0
30.0,003288#0,1.0,1.0,10.0,10.0,74.0
30.0,003288#3,1.0,1.0,10.0,10.0,37.0
30.0,003288#4,1.0,1.0,10.0,10.0,27.0
30.0,003288#5,1.0,1.0,10.0,10.0,20.0
30.0,003288#6,1.0,1.0,10.0,10.0,20.0
30.0,003288#7,1.0,1.0,10.0,10.0,16.0
30.0,003288#8,1.0,1.0,10.0,10.0,14.0
30.0,003288#9,1.0,1.0,10.0,10.0,16.0
30.0,003288#10,1.0,1.0,10.0,10.0,18.0
30.0,003288#11,1.0,1.0,10.0,10.0,14.0
30.0,003288#12,1.0,1.0,10.0,10.0,27.0
30.0,003288#13,1.0,1.0,10.0,10.0,33.0
30.0,003288#14,1.0,1.0,8.0,10.0,13.0
30.0,003288#16,1.0,1.0,10.0,10.0,21.0
30.0,003288#18,1.0,1.0,10.0,10.0,69.0
30.0,003304#0,1.0,1.0,10.0,10.0,42.0
30.0,003304#1,1.0,1.0,10.0,10.0,36.0
30.0,003304#2,1.0,1.0,10.0,10.0,14.0
30.0,003304#3,1.0,1.0,10.0,10.0,48.0
30.0,003304#4,1.0,1.0,10.0,10.0,20.0
30.0,003304#8,1.0,1.0,10.0,10.0,25.0
30.0,003304#9,1.0,1.0,10.0,10.0,41.0
30.0,003304#11,1.0,1.0,10.0,10.0,42.0
30.0,003304#12,1.0,1.0,10.0,10.0,30.0
30.0,003304#13,1.0,1.0,10.0,10.0,13.0
30.0,003317#1,1.0,1.0,7.0,10.0,29.0
30.0,003317#2,1.0,1.0,10.0,10.0,26.0
30.0,003317#3,1.0,1.0,10.0,10.0,29.0
30.0,003317#5,1.0,1.0,10.0,10.0,50.0
30.0,003317#6,1.0,1.0,10.0,10.0,23.0
30.0,003317#7,1.0,1.0,10.0,10.0,27.0
30.0,003317#8,1.0,1.0,10.0,10.0,49.0
30.0,003317#9,1.0,1.0,10.0,10.0,30.0
30.0,003317#12,1.0,1.0,10.0,10.0,12.0
30.0,003317#14,1.0,1.0,10.0,10.0,55.0
30.0,003317#15,1.0,1.0,10.0,10.0,70.0
30.0,003317#16,1.0,1.0,10.0,10.0,43.0
30.0,003348#0,1.0,1.0,10.0,10.0,30.0
30.0,003353#0,1.0,1.0,10.0,10.0,14.0
30.0,003408#1,1.0,1.0,10.0,10.0,22.0
30.0,003411#0,1.0,1.0,10.0,10.0,41.0
30.0,003411#1,1.0,1.0,10.0,10.0,52.0
30.0,003411#2,1.0,1.0,10.0,10.0,57.0
30.0,003411#3,1.0,1.0,10.0,10.0,50.0
30.0,003419#0,1.0,1.0,10.0,10.0,84.0
30.0,003419#5,1.0,1.0,10.0,10.0,22.0
30.0,003419#13,1.0,1.0,10.0,10.0,24.0
30.0,003419#14,1.0,1.0,10.0,10.0,30.0
30.0,003419#17,1.0,1.0,8.0,10.0,30.0
30.0,003419#18,1.0,1.0,10.0,10.0,34.0
30.0,003419#19,1.0,1.0,10.0,10.0,18.0
30.0,003419#21,1.0,1.0,10.0,10.0,36.0
30.0,003425#5,1.0,1.0,10.0,10.0,17.0
30.0,003425#6,1.0,1.0,10.0,10.0,13.0
30.0,003425#7,1.0,1.0,10.0,10.0,11.0
30.0,003425#10,1.0,1.0,10.0,10.0,18.0
30.0,003425#12,1.0,1.0,10.0,10.0,44.0
30.0,003425#13,1.0,1.0,10.0,10.0,46.0
30.0,003460#0,1.0,1.0,10.0,10.0,26.0
30.0,003460#1,1.0,1.0,10.0,10.0,64.0
30.0,003460#3,1.0,1.0,10.0,10.0,80.0
30.0,003460#5,1.0,1.0,10.0,10.0,25.0
30.0,003460#6,1.0,1.0,10.0,10.0,73.0
30.0,003472#0,1.0,1.0,10.0,10.0,31.0
30.0,003472#1,1.0,1.0,10.0,10.0,68.0
30.0,003472#2,1.0,1.0,10.0,10.0,20.0
30.0,003472#3,1.0,1.0,10.0,10.0,71.0
30.0,003475#1,1.0,1.0,10.0,10.0,41.0
30.0,003475#2,1.0,1.0,10.0,10.0,22.0
30.0,003475#3,1.0,1.0,10.0,10.0,51.0
30.0,003475#5,1.0,1.0,10.0,10.0,46.0
30.0,003475#6,1.0,1.0,10.0,10.0,70.0
30.0,003475#10,1.0,1.0,10.0,10.0,21.0
30.0,003475#11,1.0,1.0,10.0,10.0,31.0
30.0,003487#0,1.0,1.0,10.0,10.0,53.0
30.0,003487#2,1.0,1.0,10.0,10.0,62.0
30.0,003489#0,1.0,1.0,10.0,10.0,24.0
30.0,003489#2,1.0,1.0,10.0,10.0,31.0
30.0,003489#3,1.0,1.0,10.0,10.0,55.0
30.0,003489#4,1.0,1.0,10.0,10.0,25.0
30.0,003489#5,1.0,1.0,10.0,10.0,35.0
30.0,003489#9,1.0,1.0,10.0,10.0,26.0
30.0,003489#14,1.0,1.0,10.0,10.0,37.0
30.0,003526#0,1.0,1.0,10.0,10.0,18.0
30.0,003526#3,1.0,1.0,10.0,10.0,13.0
30.0,003532#0,1.0,1.0,10.0,10.0,18.0
30.0,003532#1,1.0,1.0,10.0,10.0,42.0
30.0,003546#0,1.0,1.0,10.0,10.0,27.0
30.0,003546#1,1.0,1.0,10.0,10.0,28.0
30.0,003546#2,1.0,1.0,10.0,10.0,37.0
30.0,003592#0,1.0,1.0,10.0,10.0,23.0
30.0,003592#1,1.0,1.0,10.0,10.0,23.0
30.0,003592#2,1.0,1.0,10.0,10.0,31.0
30.0,003592#3,1.0,1.0,10.0,10.0,20.0
30.0,003595#3,1.0,1.0,10.0,10.0,27.0
30.0,003595#4,1.0,1.0,10.0,10.0,30.0
30.0,003595#5,1.0,1.0,10.0,10.0,21.0
30.0,003595#6,1.0,1.0,10.0,10.0,46.0
30.0,003603#3,1.0,1.0,10.0,10.0,32.0
30.0,003653#3,1.0,1.0,10.0,10.0,15.0
30.0,003653#5,1.0,1.0,10.0,10.0,20.0
30.0,003653#6,1.0,1.0,10.0,10.0,18.0
30.0,003653#7,1.0,1.0,10.0,10.0,14.0
30.0,003653#8,1.0,1.0,10.0,10.0,11.0
30.0,003653#9,1.0,1.0,10.0,10.0,12.0
30.0,003653#11,1.0,1.0,10.0,10.0,36.0
30.0,003653#12,1.0,1.0,10.0,10.0,51.0
30.0,003653#14,1.0,1.0,8.0,10.0,8.0
30.0,003653#16,1.0,1.0,8.0,10.0,9.0
30.0,003653#17,1.0,1.0,10.0,10.0,26.0
30.0,003653#18,1.0,1.0,8.0,10.0,8.0
30.0,003679#4,1.0,1.0,10.0,10.0,50.0
30.0,003679#5,1.0,1.0,10.0,10.0,27.0
30.0,003679#7,1.0,1.0,10.0,10.0,25.0
30.0,003679#8,1.0,1.0,10.0,10.0,32.0
30.0,003703#0,1.0,1.0,10.0,10.0,50.0
30.0,003739#0,1.0,1.0,10.0,10.0,30.0
30.0,003739#1,1.0,1.0,10.0,10.0,35.0
30.0,003739#2,1.0,1.0,10.0,10.0,17.0
30.0,003739#3,1.0,1.0,10.0,10.0,11.0
30.0,003739#5,1.0,1.0,10.0,10.0,16.0
30.0,003739#6,1.0,1.0,10.0,10.0,12.0
30.0,003739#7,1.0,1.0,10.0,10.0,26.0
30.0,003739#8,1.0,1.0,10.0,10.0,16.0
30.0,003757#0,1.0,1.0,10.0,10.0,76.0
30.0,003757#7,1.0,1.0,10.0,10.0,27.0
30.0,003757#8,1.0,1.0,9.0,10.0,10.0
30.0,003757#10,1.0,1.0,10.0,10.0,21.0
30.0,003757#14,1.0,1.0,10.0,10.0,13.0
30.0,003757#15,1.0,1.0,10.0,10.0,15.0
30.0,003757#16,1.0,1.0,10.0,10.0,11.0
30.0,003769#0,1.0,1.0,10.0,10.0,56.0
30.0,003838#0,1.0,1.0,10.0,10.0,72.0
30.0,003863#1,1.0,1.0,10.0,10.0,21.0
30.0,003863#3,1.0,1.0,10.0,10.0,17.0
30.0,003863#5,1.0,1.0,10.0,10.0,33.0
30.0,003863#7,1.0,1.0,10.0,10.0,24.0
30.0,003863#9,1.0,1.0,10.0,10.0,13.0
30.0,003863#10,1.0,1.0,10.0,10.0,12.0
30.0,003863#11,1.0,1.0,10.0,10.0,18.0
30.0,003895#2,1.0,1.0,10.0,10.0,55.0
30.0,003896#0,1.0,1.0,10.0,10.0,43.0
30.0,003896#1,1.0,1.0,10.0,10.0,19.0
30.0,003902#0,1.0,1.0,10.0,10.0,41.0
30.0,003902#1,1.0,1.0,10.0,10.0,15.0
30.0,003902#3,1.0,1.0,10.0,10.0,18.0
30.0,003902#4,1.0,1.0,10.0,10.0,30.0
30.0,003902#5,1.0,1.0,10.0,10.0,18.0
30.0,003902#6,1.0,1.0,10.0,10.0,41.0
30.0,003904#0,1.0,1.0,10.0,10.0,33.0
30.0,003904#1,1.0,1.0,10.0,10.0,19.0
30.0,003941#0,1.0,1.0,10.0,10.0,27.0
30.0,003941#1,1.0,1.0,10.0,10.0,17.0
30.0,003941#3,1.0,1.0,10.0,10.0,12.0
30.0,003941#5,1.0,1.0,10.0,10.0,25.0
30.0,003941#7,1.0,1.0,10.0,10.0,20.0
30.0,003941#8,1.0,1.0,10.0,10.0,26.0
30.0,003941#10,1.0,1.0,10.0,10.0,17.0
30.0,003941#11,1.0,1.0,10.0,10.0,26.0
30.0,003941#12,1.0,1.0,10.0,10.0,17.0
30.0,003941#13,1.0,1.0,10.0,10.0,20.0
30.0,003941#14,1.0,1.0,10.0,10.0,18.0
30.0,003941#15,1.0,1.0,10.0,10.0,22.0
30.0,003941#16,1.0,1.0,10.0,10.0,69.0
30.0,003941#20,1.0,1.0,10.0,10.0,10.0
30.0,003941#21,1.0,1.0,10.0,10.0,25.0
30.0,003941#22,1.0,1.0,10.0,10.0,13.0
30.0,003941#24,1.0,1.0,10.0,10.0,37.0
30.0,003941#25,1.0,1.0,10.0,10.0,18.0
30.0,003941#26,1.0,1.0,10.0,10.0,21.0
30.0,003941#27,1.0,1.0,10.0,10.0,18.0
30.0,003941#29,1.0,1.0,10.0,10.0,17.0
30.0,003941#30,1.0,1.0,10.0,10.0,34.0
30.0,003982#5,1.0,1.0,10.0,10.0,26.0
30.0,003982#6,1.0,1.0,10.0,10.0,15.0
30.0,003982#8,1.0,1.0,10.0,10.0,13.0
30.0,003982#11,1.0,1.0,10.0,10.0,19.0
30.0,003982#14,1.0,1.0,10.0,10.0,29.0
30.0,003982#19,1.0,1.0,6.0,10.0,9.0
30.0,003982#20,1.0,1.0,6.0,10.0,10.0
30.0,003982#23,1.0,1.0,10.0,10.0,25.0
30.0,003982#24,1.0,1.0,10.0,10.0,10.0
30.0,003982#30,1.0,1.0,10.0,10.0,12.0
30.0,003982#32,1.0,1.0,10.0,10.0,14.0
30.0,003982#34,1.0,1.0,10.0,10.0,11.0
30.0,003982#36,1.0,1.0,10.0,10.0,46.0
30.0,003982#41,1.0,1.0,9.0,10.0,10.0
30.0,003982#42,1.0,1.0,10.0,10.0,11.0
30.0,003982#43,1.0,1.0,10.0,10.0,13.0
30.0,003982#47,1.0,1.0,10.0,10.0,57.0
30.0,003982#48,1.0,1.0,10.0,10.0,16.0
30.0,003982#49,1.0,1.0,10.0,10.0,69.0
30.0,003982#50,1.0,1.0,10.0,10.0,34.0
30.0,003982#53,1.0,1.0,7.0,10.0,10.0
30.0,003982#57,1.0,1.0,10.0,10.0,18.0
30.0,003982#58,1.0,1.0,10.0,10.0,18.0
30.0,003982#60,1.0,1.0,10.0,10.0,16.0
30.0,003982#61,1.0,1.0,10.0,10.0,15.0
30.0,003982#62,1.0,1.0,10.0,10.0,17.0
30.0,003987#5,1.0,1.0,10.0,10.0,32.0
30.0,003987#6,1.0,1.0,10.0,10.0,28.0
30.0,003987#10,1.0,1.0,10.0,10.0,66.0
30.0,003987#11,1.0,1.0,10.0,10.0,71.0
30.0,003987#15,1.0,1.0,10.0,10.0,33.0
30.0,003987#16,1.0,1.0,10.0,10.0,42.0
30.0,003987#23,1.0,1.0,7.0,10.0,11.0
30.0,003987#27,1.0,1.0,10.0,10.0,11.0
30.0,003987#35,1.0,1.0,10.0,10.0,26.0
30.0,003987#38,1.0,1.0,10.0,10.0,19.0
30.0,003987#39,1.0,1.0,10.0,10.0,17.0
30.0,003987#40,1.0,1.0,10.0,10.0,16.0
30.0,003987#41,1.0,1.0,10.0,10.0,13.0
30.0,003987#43,1.0,1.0,10.0,10.0,10.0
30.0,003987#46,1.0,1.0,8.0,10.0,8.0
30.0,003987#47,1.0,1.0,10.0,10.0,15.0
30.0,003987#49,1.0,1.0,10.0,10.0,12.0
30.0,003987#50,1.0,1.0,10.0,10.0,15.0
30.0,003987#51,1.0,1.0,10.0,10.0,15.0
30.0,003987#52,1.0,1.0,10.0,10.0,10.0
30.0,003987#53,1.0,1.0,10.0,10.0,19.0
30.0,003987#55,1.0,1.0,10.0,10.0,31.0
30.0,hehe_173_000002_024_00000105#2,0.0,1.0,0.0,10.0,11.0
30.0,hehe_173_000002_024_00000105#4,1.0,1.0,5.0,10.0,11.0
30.0,hehe_173_000002_024_00000105#6,1.0,1.0,11.0,10.0,23.0
30.0,hehe_173_000002_024_00000105#7,1.0,1.0,10.0,10.0,15.0
30.0,hehe_173_000002_024_00000105#9,1.0,1.0,10.0,10.0,31.0
30.0,hehe_173_000002_024_00000105#10,1.0,1.0,10.0,10.0,25.0
30.0,hehe_173_000002_024_00000105#11,1.0,1.0,9.0,10.0,11.0
30.0,hehe_173_000002_024_00000105#13,1.0,1.0,10.0,10.0,31.0
30.0,hehe_173_000002_024_00000105#15,1.0,1.0,10.0,10.0,76.0
30.0,hehe_186_000002_028_00000050#1,1.0,1.0,10.0,10.0,77.0
30.0,hehe_22_00000004#0,1.0,1.0,10.0,10.0,29.0
30.0,hehe_22_00000004#2,1.0,1.0,10.0,10.0,23.0
30.0,hehe_22_00000004#4,1.0,1.0,10.0,10.0,69.0
30.0,hehe_22_00000004#6,1.0,1.0,10.0,10.0,57.0
30.0,hehe_22_00000004#7,1.0,1.0,10.0,10.0,70.0
30.0,hehe_22_00000004#9,1.0,1.0,7.0,10.0,11.0
30.0,hehe_230_000002_043_00000061#1,1.0,1.0,10.0,10.0,69.0
30.0,hehe_230_000002_043_00000061#6,1.0,1.0,10.0,10.0,62.0
30.0,hehe_230_000002_043_00000061#7,1.0,1.0,10.0,10.0,58.0
30.0,hehe_230_000002_043_00000061#10,1.0,1.0,10.0,10.0,31.0
30.0,hehe_230_000002_043_00000061#11,1.0,1.0,10.0,10.0,37.0
30.0,hehe_230_000002_043_00000061#13,1.0,1.0,10.0,10.0,19.0
30.0,hehe_230_000002_043_00000061#14,1.0,1.0,6.0,10.0,12.0
30.0,hehe_232_000002_043_00000181#0,1.0,1.0,8.0,10.0,8.0
30.0,hehe_232_000002_043_00000181#1,1.0,1.0,10.0,10.0,22.0
30.0,hehe_232_000002_043_00000181#2,1.0,1.0,10.0,10.0,57.0
30.0,hehe_232_000002_043_00000181#3,1.0,1.0,10.0,10.0,36.0
30.0,hehe_232_000002_043_00000181#8,1.0,1.0,10.0,10.0,57.0
30.0,hehe_274_000002_060_00000105#1,1.0,1.0,10.0,10.0,67.0
30.0,hehe_274_000002_060_00000105#5,1.0,1.0,10.0,10.0,28.0
30.0,hehe_274_000002_060_00000105#6,1.0,1.0,10.0,10.0,11.0
30.0,hehe_40_00000033#1,1.0,1.0,10.0,10.0,26.0
30.0,hehe_40_00000033#2,1.0,1.0,10.0,10.0,46.0
30.0,hehe_40_00000033#3,1.0,1.0,1.0,10.0,40.0
30.0,hehe_40_00000033#5,1.0,1.0,10.0,10.0,40.0
30.0,hehe_45_00000001#2,1.0,1.0,10.0,10.0,42.0
30.0,hehe_45_00000001#4,1.0,1.0,10.0,10.0,28.0
30.0,hehe_45_00000001#5,1.0,1.0,10.0,10.0,49.0
30.0,hehe_45_00000001#6,1.0,1.0,10.0,10.0,40.0
30.0,hehe_45_00000001#7,1.0,1.0,10.0,10.0,60.0
30.0,hehe_45_00000001#8,1.0,1.0,10.0,10.0,34.0
30.0,hehe_45_00000001#9,1.0,1.0,10.0,10.0,46.0
30.0,hehe_52_00000107#0,1.0,1.0,10.0,10.0,19.0
30.0,hehe_52_00000107#1,1.0,1.0,8.0,10.0,8.0
30.0,hehe_61_00000090#2,1.0,1.0,10.0,10.0,76.0
30.0,hehe_61_00000090#3,1.0,1.0,10.0,10.0,39.0
30.0,hehe_61_00000090#4,1.0,1.0,10.0,10.0,20.0
30.0,hehe_61_00000090#9,1.0,1.0,10.0,10.0,64.0
30.0,hehe_61_00000090#10,1.0,1.0,10.0,10.0,50.0
30.0,hehe_61_00000090#11,1.0,1.0,10.0,10.0,84.0
30.0,hehe_65_00000229#2,1.0,1.0,10.0,10.0,59.0
30.0,hehe_65_00000229#3,1.0,1.0,10.0,10.0,32.0
30.0,hehe_65_00000229#4,1.0,1.0,10.0,10.0,30.0
30.0,hehe_65_00000229#6,1.0,1.0,10.0,10.0,16.0
30.0,hehe_65_00000229#7,1.0,1.0,10.0,10.0,21.0
30.0,hehe_6_00000054#0,1.0,1.0,10.0,10.0,12.0
30.0,hehe_6_00000054#2,1.0,1.0,10.0,10.0,35.0
30.0,hehe_6_00000054#3,1.0,1.0,10.0,10.0,32.0
30.0,hehe_6_00000054#4,1.0,1.0,10.0,10.0,27.0
30.0,hehe_6_00000054#6,1.0,1.0,10.0,10.0,76.0
30.0,hehe_6_00000054#13,1.0,1.0,9.0,10.0,74.0
30.0,hehe_6_00000054#16,1.0,1.0,10.0,10.0,32.0
30.0,hehe_6_00000054#17,1.0,1.0,10.0,10.0,38.0
30.0,hehe_86_00000253#0,1.0,1.0,10.0,10.0,45.0
30.0,hehe_86_00000253#3,1.0,1.0,10.0,10.0,58.0
30.0,hehe_87_00000315#1,1.0,1.0,10.0,10.0,39.0
30.0,hehe_87_00000315#2,1.0,1.0,10.0,10.0,40.0
30.0,hehe_87_00000315#3,1.0,1.0,10.0,10.0,33.0
30.0,hehe_87_00000315#4,1.0,1.0,10.0,10.0,20.0
30.0,hehe_87_00000315#5,1.0,1.0,10.0,10.0,30.0
30.0,hehe_87_00000315#6,1.0,1.0,9.0,10.0,14.0
30.0,shuming_1007_00000230#0,1.0,1.0,10.0,10.0,38.0
30.0,shuming_1007_00000230#3,1.0,1.0,10.0,10.0,43.0
30.0,shuming_1007_00000230#4,1.0,1.0,3.0,10.0,36.0
30.0,shuming_1007_00000230#5,1.0,1.0,10.0,10.0,46.0
30.0,shuming_1007_00000230#7,1.0,1.0,10.0,10.0,63.0
30.0,shuming_1007_00000230#10,1.0,1.0,10.0,10.0,62.0
30.0,shuming_1007_00000230#11,1.0,1.0,10.0,10.0,39.0
30.0,shuming_1007_00000230#12,1.0,1.0,10.0,10.0,34.0
30.0,shuming_1007_00000230#13,1.0,1.0,10.0,10.0,10.0
30.0,shuming_1007_00000230#14,1.0,1.0,5.0,10.0,7.0
30.0,shuming_1007_00000230#15,1.0,1.0,10.0,10.0,79.0
30.0,shuming_1007_00000230#16,1.0,1.0,10.0,10.0,47.0
30.0,shuming_1007_00000230#17,1.0,1.0,10.0,10.0,19.0
30.0,shuming_1007_00000230#18,1.0,1.0,9.0,10.0,13.0
30.0,shuming_1007_00000230#20,1.0,1.0,10.0,10.0,20.0
30.0,shuming_1007_00000230#21,1.0,1.0,10.0,10.0,69.0
30.0,shuming_1007_00000230#22,1.0,1.0,10.0,10.0,27.0
30.0,shuming_1007_00000230#23,1.0,1.0,10.0,10.0,22.0
30.0,shuming_1013_00000065#0,1.0,1.0,10.0,10.0,87.0
30.0,shuming_1013_00000065#1,1.0,1.0,10.0,10.0,41.0
30.0,shuming_1013_00000065#3,1.0,1.0,10.0,10.0,26.0
30.0,shuming_1028_00000411#3,1.0,1.0,10.0,10.0,55.0
30.0,shuming_1028_00000411#4,1.0,1.0,10.0,10.0,10.0
30.0,shuming_1028_00000411#5,1.0,1.0,10.0,10.0,15.0
30.0,shuming_1064_00000087#0,1.0,1.0,10.0,10.0,34.0
30.0,shuming_1064_00000087#1,1.0,1.0,10.0,10.0,55.0
30.0,shuming_1064_00000087#2,1.0,1.0,10.0,10.0,56.0
30.0,shuming_1064_00000087#3,1.0,1.0,10.0,10.0,72.0
30.0,shuming_1064_00000087#4,1.0,1.0,10.0,10.0,69.0
30.0,shuming_1064_00000087#6,1.0,1.0,10.0,10.0,26.0
30.0,shuming_1064_00000087#7,1.0,1.0,10.0,10.0,54.0
30.0,shuming_1064_00000087#8,1.0,1.0,10.0,10.0,86.0
30.0,shuming_1076_00000257#1,1.0,1.0,10.0,10.0,31.0
30.0,shuming_1076_00000257#2,1.0,1.0,10.0,10.0,29.0
30.0,shuming_1076_00000257#3,1.0,1.0,10.0,10.0,20.0
30.0,shuming_1076_00000257#4,1.0,1.0,10.0,10.0,19.0
30.0,shuming_1076_00000257#5,1.0,1.0,10.0,10.0,23.0
30.0,shuming_1079_00000233#3,1.0,1.0,10.0,10.0,18.0
30.0,shuming_1079_00000233#4,1.0,1.0,10.0,10.0,12.0
30.0,shuming_1079_00000233#6,1.0,1.0,10.0,10.0,35.0
30.0,shuming_1080_00000016#0,1.0,1.0,10.0,10.0,72.0
30.0,shuming_1080_00000016#4,1.0,1.0,10.0,10.0,10.0
30.0,shuming_1132_00000385#2,1.0,1.0,10.0,10.0,29.0
30.0,shuming_1132_00000385#3,1.0,1.0,6.0,10.0,32.0
30.0,shuming_1132_00000385#4,1.0,1.0,10.0,10.0,25.0
30.0,shuming_1135_00000213#0,1.0,1.0,10.0,10.0,76.0
30.0,shuming_1148_00000041#0,1.0,1.0,10.0,10.0,74.0
30.0,shuming_1157_00000010#0,1.0,1.0,10.0,10.0,72.0
30.0,shuming_1157_00000010#1,1.0,1.0,10.0,10.0,32.0
30.0,shuming_1157_00000010#2,1.0,1.0,10.0,10.0,18.0
30.0,shuming_1180_00000231#3,1.0,1.0,10.0,10.0,49.0
30.0,shuming_24_00000001#0,1.0,1.0,10.0,10.0,40.0
30.0,shuming_24_00000001#1,1.0,1.0,10.0,10.0,62.0
30.0,shuming_340_00000020#1,1.0,1.0,10.0,10.0,21.0
30.0,shuming_340_00000020#19,1.0,1.0,10.0,10.0,11.0
30.0,shuming_340_00000020#22,1.0,1.0,7.0,10.0,7.0
30.0,shuming_340_00000020#23,1.0,1.0,10.0,10.0,12.0
30.0,shuming_340_00000020#26,1.0,1.0,9.0,10.0,9.0
30.0,shuming_340_00000020#30,1.0,1.0,9.0,10.0,9.0
30.0,shuming_340_00000020#31,1.0,1.0,10.0,10.0,12.0
30.0,shuming_340_00000020#38,1.0,1.0,10.0,10.0,10.0
30.0,shuming_35_00000199#0,1.0,1.0,10.0,10.0,73.0
30.0,shuming_35_00000199#3,1.0,1.0,10.0,10.0,36.0
30.0,shuming_35_00000199#4,1.0,1.0,10.0,10.0,26.0
30.0,shuming_35_00000199#5,1.0,1.0,3.0,10.0,87.0
30.0,shuming_35_00000199#6,1.0,1.0,10.0,10.0,18.0
30.0,shuming_35_00000199#8,1.0,1.0,10.0,10.0,14.0
30.0,shuming_35_00000199#9,1.0,1.0,8.0,10.0,8.0
30.0,shuming_35_00000199#11,1.0,1.0,10.0,10.0,39.0
30.0,shuming_410_00000037#0,1.0,1.0,6.0,10.0,7.0
30.0,shuming_410_00000037#9,1.0,1.0,10.0,10.0,45.0
30.0,shuming_461_00000082#0,1.0,1.0,10.0,10.0,53.0
30.0,shuming_461_00000082#2,1.0,1.0,10.0,10.0,42.0
30.0,shuming_461_00000082#3,1.0,1.0,10.0,10.0,31.0
30.0,shuming_461_00000082#4,1.0,1.0,10.0,10.0,14.0
30.0,shuming_461_00000082#5,1.0,1.0,10.0,10.0,11.0
30.0,shuming_465_00000030#0,1.0,1.0,10.0,10.0,10.0
30.0,shuming_465_00000030#2,1.0,1.0,10.0,10.0,56.0
30.0,shuming_465_00000030#3,1.0,1.0,10.0,10.0,15.0
30.0,shuming_470_00000057#3,1.0,1.0,10.0,10.0,43.0
30.0,shuming_470_00000057#4,1.0,1.0,10.0,10.0,23.0
30.0,shuming_482_00000018#3,1.0,1.0,10.0,10.0,53.0
30.0,shuming_482_00000018#4,1.0,1.0,10.0,10.0,44.0
30.0,shuming_482_00000018#5,1.0,1.0,10.0,10.0,62.0
30.0,shuming_485_00000027#3,1.0,1.0,10.0,10.0,16.0
30.0,shuming_485_00000027#4,1.0,1.0,10.0,10.0,52.0
30.0,shuming_503_00000052#0,1.0,1.0,10.0,10.0,32.0
30.0,shuming_503_00000052#1,1.0,1.0,10.0,10.0,26.0
30.0,shuming_562_00000223#2,1.0,1.0,10.0,10.0,76.0
30.0,shuming_571_00000215#0,1.0,1.0,10.0,10.0,56.0
30.0,shuming_571_00000215#1,1.0,1.0,10.0,10.0,46.0
30.0,shuming_574_00000017#0,1.0,1.0,10.0,10.0,63.0
30.0,shuming_608_00000031#1,1.0,1.0,10.0,10.0,19.0
30.0,shuming_608_00000031#2,1.0,1.0,10.0,10.0,30.0
30.0,shuming_608_00000031#3,1.0,1.0,10.0,10.0,35.0
30.0,shuming_608_00000031#4,1.0,1.0,10.0,10.0,11.0
30.0,shuming_610_00000148#0,1.0,1.0,10.0,10.0,50.0
30.0,shuming_63_00000393#3,1.0,1.0,10.0,10.0,15.0
30.0,shuming_63_00000393#4,1.0,1.0,10.0,10.0,17.0
30.0,shuming_63_00000393#5,1.0,1.0,9.0,10.0,9.0
30.0,shuming_63_00000393#6,1.0,1.0,10.0,10.0,23.0
30.0,shuming_63_00000393#7,1.0,1.0,10.0,10.0,21.0
30.0,shuming_63_00000393#8,1.0,1.0,10.0,10.0,23.0
30.0,shuming_63_00000393#9,1.0,1.0,10.0,10.0,20.0
30.0,shuming_663_00000328#2,1.0,1.0,10.0,10.0,50.0
30.0,shuming_663_00000328#3,1.0,1.0,10.0,10.0,40.0
30.0,shuming_67_00000001#1,1.0,1.0,10.0,10.0,55.0
30.0,shuming_67_00000001#2,1.0,1.0,10.0,10.0,18.0
30.0,shuming_698_00000001#0,1.0,1.0,10.0,10.0,11.0
30.0,shuming_698_00000001#1,1.0,1.0,5.0,10.0,13.0
30.0,shuming_698_00000001#2,1.0,1.0,10.0,10.0,17.0
30.0,shuming_698_00000001#3,1.0,1.0,10.0,10.0,20.0
30.0,shuming_698_00000001#4,1.0,1.0,10.0,10.0,15.0
30.0,shuming_698_00000001#5,1.0,1.0,10.0,10.0,14.0
30.0,shuming_698_00000001#7,1.0,1.0,10.0,10.0,26.0
30.0,shuming_698_00000001#8,1.0,1.0,10.0,10.0,17.0
30.0,shuming_698_00000001#9,1.0,1.0,10.0,10.0,14.0
30.0,shuming_698_00000001#10,1.0,1.0,10.0,10.0,13.0
30.0,shuming_698_00000001#11,1.0,1.0,10.0,10.0,13.0
30.0,shuming_698_00000001#12,1.0,1.0,10.0,10.0,15.0
30.0,shuming_698_00000001#13,1.0,1.0,10.0,10.0,14.0
30.0,shuming_698_00000001#14,1.0,1.0,10.0,10.0,12.0
30.0,shuming_698_00000001#15,1.0,1.0,10.0,10.0,15.0
30.0,shuming_698_00000001#16,1.0,1.0,10.0,10.0,15.0
30.0,shuming_698_00000001#17,1.0,1.0,10.0,10.0,23.0
30.0,shuming_698_00000001#18,1.0,1.0,10.0,10.0,18.0
30.0,shuming_698_00000001#19,1.0,1.0,10.0,10.0,19.0
30.0,shuming_698_00000001#20,1.0,1.0,10.0,10.0,22.0
30.0,shuming_698_00000001#21,1.0,1.0,10.0,10.0,24.0
30.0,shuming_698_00000001#22,1.0,1.0,10.0,10.0,18.0
30.0,shuming_698_00000001#23,1.0,1.0,10.0,10.0,35.0
30.0,shuming_698_00000001#25,1.0,1.0,10.0,10.0,64.0
30.0,shuming_706_00000375#0,1.0,1.0,8.0,10.0,41.0
30.0,shuming_706_00000375#2,1.0,1.0,10.0,10.0,32.0
30.0,shuming_706_00000375#3,1.0,1.0,8.0,10.0,17.0
30.0,shuming_706_00000375#4,1.0,1.0,10.0,10.0,52.0
30.0,shuming_72_00000270#19,1.0,1.0,10.0,10.0,54.0
30.0,shuming_72_00000270#20,1.0,1.0,10.0,10.0,22.0
30.0,shuming_72_00000270#22,1.0,1.0,10.0,10.0,48.0
30.0,shuming_72_00000270#24,1.0,1.0,10.0,10.0,20.0
30.0,shuming_731_00000492#0,1.0,1.0,10.0,10.0,32.0
30.0,shuming_731_00000492#1,1.0,1.0,10.0,10.0,26.0
30.0,shuming_731_00000492#3,1.0,1.0,10.0,10.0,60.0
30.0,shuming_731_00000492#5,1.0,1.0,10.0,10.0,69.0
30.0,shuming_753_00000172#0,1.0,1.0,10.0,10.0,12.0
30.0,shuming_758_00000371#0,1.0,1.0,10.0,10.0,52.0
30.0,shuming_763_00000009#2,1.0,1.0,10.0,10.0,15.0
30.0,shuming_774_00000273#3,1.0,1.0,10.0,10.0,63.0
30.0,shuming_774_00000273#5,1.0,1.0,10.0,10.0,31.0
30.0,shuming_779_00000254#1,1.0,1.0,10.0,10.0,63.0
30.0,shuming_779_00000254#5,1.0,1.0,10.0,10.0,80.0
30.0,shuming_783_00000248#0,1.0,1.0,10.0,10.0,81.0
30.0,shuming_783_00000248#2,1.0,1.0,10.0,10.0,66.0
30.0,shuming_793_00000117#2,1.0,1.0,10.0,10.0,31.0
30.0,shuming_825_00000172#1,1.0,1.0,10.0,10.0,13.0
30.0,shuming_825_00000172#2,1.0,1.0,7.0,10.0,7.0
30.0,shuming_825_00000172#3,1.0,1.0,10.0,10.0,16.0
30.0,shuming_826_00000213#1,1.0,1.0,10.0,10.0,14.0
30.0,shuming_826_00000213#2,1.0,1.0,10.0,10.0,18.0
30.0,shuming_826_00000213#3,1.0,1.0,9.0,10.0,9.0
30.0,shuming_85_00000273#4,1.0,1.0,10.0,10.0,11.0
30.0,shuming_987_00000275#1,1.0,1.0,10.0,10.0,41.0
30.0,shuming_987_00000275#2,1.0,1.0,10.0,10.0,23.0
30.0,shuming_987_00000275#3,1.0,1.0,10.0,10.0,19.0
30.0,shuming_987_00000275#4,1.0,1.0,10.0,10.0,21.0
30.0,shuming_987_00000275#5,1.0,1.0,10.0,10.0,10.0
