gt_idx,pool,n_HIGH_IOU_HIGH_CLS,n_HIGH_IOU_LOW_CLS,n_LOW_IOU_HIGH_CLS,n_LOW_IOU_LOW_CLS,n_observed_pos,pos_align_raw_median
0,103,10,39,0,54,10,0.43710691642965116
1,30,12,14,0,4,10,0.1498283741717975
2,48,15,13,0,20,10,0.4855096591531956
3,23,13,6,0,4,10,0.6227929617222382
4,11,11,0,0,0,10,0.27486146791796406
5,12,9,3,0,0,10,0.36076015414761486
6,11,11,0,0,0,10,0.5233938292961785
7,40,11,15,0,14,10,0.6397374734337218
8,40,11,16,0,13,10,0.6923876742611803
9,26,13,13,0,0,10,0.532955277752432
10,50,12,16,0,22,10,0.759824891327239
11,8,8,0,0,0,8,0.3152295171341446
12,10,3,3,1,3,10,0.0006117820522908515
13,21,13,8,0,0,10,0.6134757663490027
14,31,13,7,5,6,10,0.3351117428302257
15,8,8,0,0,0,8,0.3236722007280147
16,57,12,18,0,27,10,0.539082917157478
17,26,14,7,3,2,10,0.6321488245455964
18,11,10,1,0,0,10,0.4264583903955042
19,14,14,0,0,0,10,0.192722919942042
20,9,9,0,0,0,9,0.37026092981534936
21,42,12,17,0,13,10,0.4999828257492285
22,31,13,7,3,8,10,0.5344875484762581
23,8,8,0,0,0,8,0.3938078446076394
24,35,19,10,1,5,10,0.17448177208794077
25,132,11,46,0,75,10,0.35767726626805296
26,41,17,12,0,12,10,0.19885209059246278
27,57,12,21,0,24,10,0.5622725233557753
28,26,11,8,3,4,10,0.6372481958632307
29,12,11,1,0,0,10,0.4455776366706571
30,14,13,1,0,0,10,0.32706808592950876
31,9,9,0,0,0,9,0.5536257133483434
32,42,11,19,0,12,10,0.4424074455480689
33,48,12,15,0,21,10,0.7234953493569787
34,28,13,14,0,1,10,0.6118073936396671
35,57,11,20,0,26,10,0.5792424806632752
36,104,23,14,12,55,10,0.2921734390898021
37,115,10,43,0,62,10,0.5388248682768192
38,22,11,10,0,1,10,0.5995722474067544
39,322,10,48,1,263,10,0.7493887737401124
40,55,12,27,0,16,10,0.4721289146167257
41,449,11,54,0,384,10,0.675709517338424
42,182,10,83,0,89,10,0.4573966927297245
43,135,19,17,17,82,10,0.4021015211481216
44,135,15,46,0,74,10,0.3669884766995113
45,49,15,19,0,15,10,0.578320989427485
46,78,12,14,0,52,10,0.7116747287949129
47,38,12,16,0,10,10,0.629109271477347
48,26,14,10,0,2,10,0.5195765798373271
49,62,13,27,0,22,10,0.5372162403882433
50,44,12,13,0,19,10,0.6212854883951369
51,17,11,5,0,1,10,0.6276432209121998
52,270,10,65,0,195,10,0.7309230691127332
53,120,13,31,0,76,10,0.6443120184985787
54,105,10,29,0,66,10,0.24453391332682942
55,124,13,43,0,68,10,0.7214519858520552
56,175,10,34,0,131,10,0.772749697878799
57,52,12,18,0,22,10,0.5802121964774711
58,28,0,5,0,23,10,0.00012174173685088743
59,49,12,28,0,9,10,0.5553867484484847
60,40,12,24,0,4,10,0.5565291946217296
61,322,11,51,0,260,10,0.6522279377278182
62,72,17,5,8,42,10,0.10382694631080769
63,73,10,43,3,17,10,0.6410629326344128
64,108,10,44,0,54,10,0.7517606092776075
65,133,10,46,5,72,10,0.8432891924862417
66,36,11,19,0,6,10,0.6448928917816534
67,37,11,25,0,1,10,0.6491881673827893
68,27,11,14,0,2,10,0.15355119650406784
69,154,10,57,0,87,10,0.4151223672787488
70,31,14,14,2,1,10,0.1990477985851566
71,63,11,29,0,23,10,0.6651586786822411
72,118,10,40,0,68,10,0.7902309900801229
73,30,11,18,0,1,10,0.6445964399397417
74,26,19,0,4,3,10,0.26736424375389467
75,8,7,1,0,0,8,0.019294475259439205
76,119,10,47,0,62,10,0.7692427837027198
77,6,6,0,0,0,6,0.4535013878955664
78,55,10,21,1,23,10,0.8536081819605019
79,73,12,29,0,32,10,0.739335242105255
80,22,14,7,0,1,10,0.6480620886190385
81,8,7,1,0,0,8,0.400509636135716
82,63,10,24,0,29,10,0.835101361893168
83,21,13,8,0,0,10,0.6463067909312032
84,15,12,3,0,0,10,0.3851791722426422
85,12,9,2,0,1,10,0.17347474885820968
86,127,10,47,0,70,10,0.7888154846018225
87,52,13,17,0,22,10,0.6113986284435773
88,103,11,43,0,49,10,0.8441638753435521
89,12,12,0,0,0,10,0.617399961557071
90,21,13,6,0,2,10,0.6285003650931558
91,49,11,20,0,18,10,0.7071355591318456
92,15,13,2,0,0,10,0.6742333387524875
93,8,8,0,0,0,8,0.5175001539861488
94,73,10,29,0,34,10,0.43314755101207914
95,40,17,9,3,11,10,0.023439179829237745
96,9,8,1,0,0,9,0.27211859685928447
97,73,10,28,0,35,10,0.599355994095427
98,37,14,11,2,10,10,0.6047572043338519
99,87,12,35,0,40,10,0.7320016697532576
100,81,10,37,0,34,10,0.612477085923441
101,29,11,14,0,4,10,0.6471867390793051
102,48,11,21,0,16,10,0.6910599475774569
103,29,13,8,0,8,10,0.7478395402426571
104,10,10,0,0,0,10,0.7666644073628525
105,12,12,0,0,0,10,0.5322439501017102
106,70,10,31,0,29,10,0.4198303494062443
107,46,13,23,0,10,10,0.7033342747882977
108,37,11,15,0,11,10,0.4010539387938983
109,27,12,14,0,1,10,0.463466372847764
110,87,10,34,0,43,10,0.6400796415028063
111,73,10,37,0,26,10,0.578375084954133
112,23,11,10,0,2,10,0.6169069384684264
113,467,15,29,0,423,10,0.5252478583186531
114,135,10,60,0,65,10,0.8415373633269658
115,1882,10,62,0,1810,10,0.9073785589798219
116,32,11,20,0,1,10,0.6423002646078053
117,49,13,23,0,13,10,0.37106778396581
118,14,11,3,0,0,10,0.7092959379728385
119,80,10,43,0,27,10,0.5922906004663295
120,63,14,29,0,20,10,0.4485856103560365
121,58,12,23,0,23,10,0.4193050725877524
122,32,11,18,0,3,10,0.46123691915096565
123,133,11,49,0,73,10,0.8224275222737928
124,79,16,25,0,38,10,0.23292484661307278
125,29,12,15,0,2,10,0.5071478564300569
126,12,12,0,0,0,10,0.2472752705362688
127,66,10,22,0,34,10,0.7403508038910454
128,17,10,7,0,0,10,0.7728683241819899
129,19,12,7,0,0,10,0.43427380694508516
130,96,10,41,0,45,10,0.6998022451765928
131,7,0,1,0,6,7,1.4724394664635423e-06
132,2527,10,46,6,2465,10,0.7201096257203392
133,79,11,23,10,35,10,0.7028719885863353
134,87,13,28,2,44,10,0.7213740165374041
135,20,10,9,0,1,10,0.7002724411495918
136,50,11,19,0,20,10,0.7645335306402847
137,548,10,62,0,476,10,0.8602669934511569
138,39,13,21,0,5,10,0.7845310932067431
139,2830,10,53,0,2767,10,0.8551275199443418
140,1057,11,48,0,998,10,0.8107140404191744
141,106,7,41,0,58,10,0.36531777326973286
142,43,15,19,0,9,10,0.16950963772655073
143,30,12,17,0,1,10,0.464734731498631
144,26,14,9,0,3,10,0.6517935459084363
145,54,12,19,0,23,10,0.803061746972789
146,126,10,42,0,74,10,0.3581932586955312
147,38,14,11,3,10,10,0.15645799100442742
148,50,12,23,0,15,10,0.6532626235838341
149,25,11,13,0,1,10,0.6689691917660223
150,54,11,20,0,23,10,0.6809261265772406
151,32,11,20,0,1,10,0.6438692352878601
152,49,13,22,0,14,10,0.742685941245102
153,32,10,18,0,4,10,0.7383146673014076
154,4909,12,65,10,4822,10,0.9216744876526988
155,13,10,3,0,0,10,0.42375164128549636
156,154,11,58,0,85,10,0.5692915308121413
157,58,10,26,0,22,10,0.6283435237750862
158,17,14,3,0,0,10,0.7185460198422182
159,92,10,42,0,40,10,0.5679605495474787
160,1279,11,30,4,1234,10,0.8215498617335268
161,832,12,63,3,754,10,0.872795098686749
162,144,10,31,1,102,10,0.7331800436282156
163,111,10,46,0,55,10,0.8469032066811347
164,124,11,61,0,52,10,0.846277242577245
165,196,10,46,0,140,10,0.8195531297324299
166,40,18,6,9,7,10,0.27133258651061254
167,151,10,37,0,104,10,0.7546702617121295
168,42,12,23,0,7,10,0.7875382665834022
169,125,10,40,0,75,10,0.7906725122077146
170,28,11,15,0,2,10,0.6173513336000518
171,154,10,43,0,101,10,0.8096946119037314
172,20,9,10,0,1,10,0.05596487130625866
173,116,11,49,0,56,10,0.7650668937238121
174,40,12,26,0,2,10,0.7051930080114153
175,59,11,33,0,15,10,0.7408154231684554
176,49,12,27,0,10,10,0.701693795878038
177,3168,11,68,12,3077,10,0.903446059265012
178,125,10,48,0,67,10,0.543482219835715
179,69,10,34,0,25,10,0.7772824476465137
180,25,12,12,0,1,10,0.46505079709059294
181,73,10,33,0,30,10,0.7536307979953604
182,55,11,21,0,23,10,0.820269867549789
183,27,13,9,4,1,10,0.4067491754415898
184,6,6,0,0,0,6,0.3422433047640976
185,28,13,11,0,4,10,0.17310862883682965
186,11,11,0,0,0,10,0.6766449272927819
187,119,10,50,0,59,10,0.6992574288141142
188,62,17,17,3,25,10,0.5706684771467114
189,52,12,17,0,23,10,0.697603761969484
190,36,12,12,0,12,10,0.4512618729298432
191,15,10,5,0,0,10,0.6562487734345285
192,10892,19,48,17,10808,10,0.5355233623747249
193,127,18,48,2,59,10,0.5421178992777752
194,59,12,22,0,25,10,0.5348258018070382
195,84,10,31,0,43,10,0.7634801528161697
196,54,14,27,0,13,10,0.6843440552348363
197,31,11,12,0,8,10,0.6530051462468806
198,27,11,9,0,7,10,0.7122888658068707
199,8,8,0,0,0,8,0.5204099197351768
200,130,10,46,0,74,10,0.6255939292635464
201,60,12,23,0,25,10,0.27322180476174834
202,58,14,24,0,20,10,0.7451006145853383
203,25,14,9,0,2,10,0.4913134513093065
204,120,10,53,0,57,10,0.5979686212950586
205,56,18,24,0,14,10,0.6617576012993134
206,44,14,18,0,12,10,0.4213252342450029
207,25,11,13,0,1,10,0.5365040668270474
208,81,10,46,0,25,10,0.749468105455007
209,105,10,52,0,43,10,0.6578566423809109
210,40,13,18,0,9,10,0.7196984451162839
211,10,10,0,0,0,10,0.30342426310766046
212,22,11,7,0,4,10,0.6821483367674667
213,28,11,11,0,6,10,0.5883200993193126
214,12,11,1,0,0,10,0.5027581125376757
215,45,12,24,0,9,10,0.4207678947023493
216,114,10,43,0,61,10,0.7034824929415805
217,27,13,13,0,1,10,0.5368109663864814
218,1266,12,84,0,1170,10,0.7692253076542495
219,45,12,28,1,4,10,0.36062626015141863
220,987,10,73,0,904,10,0.9020343013515679
221,18,13,4,0,1,10,0.6274025721281697
222,6,6,0,0,0,6,0.36609280232754
223,56,12,26,0,18,10,0.7488126593407689
224,18,10,8,0,0,10,0.6581923423724739
225,21,13,7,0,1,10,0.5714567752909883
226,201,10,57,0,134,10,0.435544663154507
227,88,10,41,0,37,10,0.7602697099135756
228,73,10,27,0,36,10,0.5184996539915679
229,45,12,20,0,13,10,0.4583821385613277
230,182,10,46,0,126,10,0.7161342843840904
231,165,10,68,0,87,10,0.6753882037998522
232,58,11,27,0,20,10,0.7820626224071157
233,7,1,0,4,2,7,0.00032020505172273395
234,127,11,43,0,73,10,0.7592252610617793
235,71,12,33,0,26,10,0.8350150416479207
236,148,10,52,0,86,10,0.7872510217163342
237,292,10,33,0,249,10,0.49887392364914007
238,11,11,0,0,0,10,0.6013450139677021
239,7,7,0,0,0,7,0.7458956229139478
240,654,11,68,3,572,10,0.7078813026822942
241,9,9,0,0,0,9,0.5129766023642679
242,12,9,1,0,2,10,0.17377195421811525
243,5,2,0,1,2,2,0.06517340501329225
244,7,6,1,0,0,7,0.20401228526037674
245,8,8,0,0,0,8,0.2530716765351576
246,16,10,6,0,0,10,0.5846441171366368
247,20,12,6,0,2,10,0.7376892353815936
248,22,11,9,0,2,10,0.7426389890376925
249,2,2,0,0,0,2,0.11228152196494665
250,21,13,6,0,2,10,0.4326239292292601
251,32,14,12,1,5,10,0.7789575487089038
252,26,10,12,0,4,10,0.6915883711988429
253,31,11,14,0,6,10,0.7106912125785723
254,5,5,0,0,0,5,0.47681915261963276
255,7,7,0,0,0,7,0.6572915648567536
256,296,10,42,0,244,10,0.8262966865037572
257,2,0,0,1,1,2,8.512138070064145e-05
258,10,10,0,0,0,10,0.32336359509105966
259,80,12,30,0,38,10,0.5866324388627833
260,34,12,17,0,5,10,0.5539382149131414
261,27,12,10,0,5,10,0.3518567809205727
262,19,12,6,0,1,10,0.3913902141458454
263,77,16,34,0,27,10,0.8168983657599873
264,73,10,39,0,24,10,0.6478952988866522
265,29,12,11,0,6,10,0.7323247858961229
266,84,10,34,0,40,10,0.6939151612170738
267,30,15,8,0,7,10,0.6189471788746921
268,42,12,14,1,15,10,0.4706759031396934
269,21,12,7,0,2,10,0.3345036676524398
270,9,8,1,0,0,9,0.39053185547759767
271,49,13,20,0,16,10,0.5835446765137118
272,34,12,15,0,7,10,0.7327281638634471
273,55,13,38,0,4,10,0.4141970416713082
274,1902,10,47,0,1845,10,0.7866632912426434
275,427,10,67,0,350,10,0.5711536311279812
276,48,12,22,0,14,10,0.6355507023495022
277,41,12,26,0,3,10,0.6919425744246306
278,5,5,0,0,0,5,0.34113852898814856
279,72,10,26,0,36,10,0.7124376189960415
280,6,6,0,0,0,6,0.43516455439089574
281,22,13,9,0,0,10,0.7204590396868217
282,26,10,14,0,2,10,0.7744918865571496
283,407,10,59,0,338,10,0.6187964385025362
284,75,10,27,0,38,10,0.7388063725508668
285,65,10,27,0,28,10,0.6649188700059623
286,544,10,38,11,485,10,0.708892188091147
287,361,12,30,12,307,10,0.7478865450641
288,58,12,20,2,24,10,0.7326128471348787
289,45,14,17,1,13,10,0.6759266945476955
290,53,13,26,0,14,10,0.7190945602499093
291,81,12,30,2,37,10,0.8297333396852132
292,86,10,30,0,46,10,0.8389316325126528
293,50,12,27,0,11,10,0.714931303097259
294,139,10,15,6,108,10,0.7882113506110004
295,56,10,17,0,29,10,0.7592801337497892
296,17,11,6,0,0,10,0.6490768626763906
297,95,10,25,0,60,10,0.6801432576782718
298,11,11,0,0,0,10,0.49682254000033105
299,20,11,7,0,2,10,0.74361557445768
300,32,11,14,0,7,10,0.8313157058560622
301,57,10,20,0,27,10,0.7686119400560159
302,14,11,3,0,0,10,0.6527385086813028
303,13,12,1,0,0,10,0.6543829741995388
304,50,13,16,3,18,10,0.7579987282089345
305,20,11,8,0,1,10,0.6267459439502422
306,32,13,13,3,3,10,0.508865162193851
307,41,12,21,0,8,10,0.5608167245111948
308,38,12,12,0,14,10,0.5554204327144694
309,17,10,5,0,2,10,0.7171481939091993
310,27,10,14,1,2,10,0.6119184999457731
311,15,11,4,0,0,10,0.476185274347769
312,22,13,7,0,2,10,0.6852304159354647
313,12,11,1,0,0,10,0.7564569923001605
314,30,11,10,4,5,10,0.6019057022727803
315,12,10,2,0,0,10,0.45661512366280943
316,32,11,17,0,4,10,0.513643574923462
317,520,10,107,0,403,10,0.740113114130959
318,14,12,2,0,0,10,0.5144431368323578
319,116,10,52,0,54,10,0.7502898542971137
320,57,13,29,0,15,10,0.5861935785841133
321,25,13,11,0,1,10,0.6117198622817335
322,69,12,33,0,24,10,0.670364009376998
323,300,12,102,0,186,10,0.721855904200388
324,11,10,1,0,0,10,0.6452383216248256
325,201,12,56,0,133,10,0.8369199410297745
326,81,10,37,0,34,10,0.659691803972843
327,19,10,8,0,1,10,0.5406827829765302
328,563,10,98,0,455,10,0.8214901329945267
329,75,30,10,8,27,10,0.09006582307277418
330,37,11,25,0,1,10,0.5348313245619325
331,217,10,43,0,164,10,0.8086733037136545
332,87,10,35,0,42,10,0.6952989308041909
333,74,10,24,0,40,10,0.8112493183270464
334,115,11,27,0,77,10,0.8706640712268492
335,621,11,59,2,549,10,0.727963165541454
336,828,10,67,0,751,10,0.7824498268202619
337,300,13,29,0,258,10,0.8524003765940891
338,207,13,40,8,146,10,0.3742037917029506
339,426,10,68,0,348,10,0.8507846938956172
340,48,11,16,3,18,10,0.8099461634662308
341,26,11,13,0,2,10,0.50062018620112
342,1362,10,57,0,1295,10,0.8987315195431032
343,983,10,52,0,921,10,0.8475981419088747
344,414,11,30,3,370,10,0.7922548706714436
345,119,10,38,0,71,10,0.7038904606852661
346,24,13,10,0,1,10,0.736271613335294
347,7,7,0,0,0,7,0.23464698964741582
348,74,10,19,0,45,10,0.7334230755320796
349,90,10,30,0,50,10,0.6847340673194446
350,3,3,0,0,0,3,0.22083079999188074
351,2,1,0,1,0,2,0.004095140100324681
352,5,5,0,0,0,5,0.39142180960393713
353,10,10,0,0,0,10,0.5103571559558184
354,31,11,15,0,5,10,0.7282154295524059
355,16,11,5,0,0,10,0.7300727943112046
356,9,9,0,0,0,9,0.485989575797547
357,140,10,46,0,84,10,0.6582223919926853
358,4,4,0,0,0,4,0.33643000042902493
359,6,6,0,0,0,6,0.4316192844949408
360,1,1,0,0,0,1,0.16441308601422025
361,28,10,14,0,4,10,0.7473921388369147
362,17,10,7,0,0,10,0.8456130446812712
363,30,12,8,0,10,10,0.8565475584746807
364,2,0,0,2,0,2,0.0003155545338029166
365,2,1,0,1,0,2,0.014964312179726111
366,8,8,0,0,0,8,0.5085092771669104
367,18,12,5,0,1,10,0.6751104731228843
368,55,9,13,1,32,10,0.008868410881755408
369,6,6,0,0,0,6,0.31698806058736595
370,99,10,31,0,58,10,0.8155271955899831
371,57,12,21,0,24,10,0.8432147752881323
372,10,10,0,0,0,10,0.7267371067533093
373,8,8,0,0,0,8,0.6859614318021763
374,7,6,0,1,0,6,0.6190584578496503
375,40,13,15,6,6,10,0.5919827444975083
376,20,11,4,0,5,10,0.5684464179589801
377,93,10,32,0,51,10,0.5707040295041963
378,222,10,54,0,158,10,0.9017777221809818
379,41,14,21,0,6,10,0.7659997594483572
380,514,10,66,0,438,10,0.8795141266507102
381,256,10,65,0,181,10,0.8984389698305475
382,31,12,16,0,3,10,0.7522941607278861
383,206,10,71,0,125,10,0.8523357080702822
384,5,5,0,0,0,5,0.4825845165757354
385,495,10,45,0,440,10,0.795091639408725
386,10,10,0,0,0,10,0.49689997797668106
387,28,11,13,0,4,10,0.5172974500408104
388,46,12,28,0,6,10,0.7085004308130661
389,164,10,53,0,101,10,0.6733878644886806
390,205,10,46,0,149,10,0.49053620341737625
391,27,15,10,0,2,10,0.5619162288763155
392,88,11,8,20,49,10,0.24252143197204104
393,1755,10,90,0,1655,10,0.9324924271402856
394,647,10,76,0,561,10,0.8993486393829313
395,19,11,7,0,1,10,0.7137654624886407
396,90,12,33,0,45,10,0.843405433065358
397,51,22,12,0,17,10,0.061689630974092816
398,34,13,6,0,15,10,0.6635249483896639
399,24,12,11,0,1,10,0.6353466745338454
400,72,11,28,0,33,10,0.7705175501252363
401,8,8,0,0,0,8,0.42779492840365785
402,11,10,1,0,0,10,0.4209901408660738
403,94,10,39,0,45,10,0.45278413671052203
404,44,14,17,0,13,10,0.5458107695791398
405,34,12,13,0,9,10,0.5122761766412912
406,7,7,0,0,0,7,0.3317523284602902
407,93,10,33,0,50,10,0.7839574432516716
408,81,12,38,0,31,10,0.6622090262165632
409,36,11,17,0,8,10,0.6919556529043798
410,2694,10,69,0,2615,10,0.7948070524035247
411,1456,11,90,0,1355,10,0.8487436660220752
412,553,13,59,7,474,10,0.8418329397784039
413,144,10,36,2,96,10,0.7709868621895203
414,14,12,2,0,0,10,0.36542906856079116
415,17,11,6,0,0,10,0.47407939118475456
416,46,12,19,0,15,10,0.6790270175954558
417,186,10,65,0,111,10,0.6178430022125998
418,76,13,28,0,35,10,0.4709668716018649
419,79,12,27,0,40,10,0.6580653257083395
420,42,13,11,0,18,10,0.48273713255715467
421,22,11,10,0,1,10,0.7238842302680533
422,525,10,75,0,440,10,0.8195983889754315
423,358,11,42,11,294,10,0.836216676564224
424,228,10,43,2,173,10,0.7715580768154482
425,62,18,30,8,6,10,0.3480991540278371
426,3418,19,48,3,3348,10,0.5042678202001999
427,49,12,23,0,14,10,0.5756110367335043
428,57,26,4,3,24,10,0.1369724709536079
429,40,11,24,0,5,10,0.7946250494243567
430,42,13,14,0,15,10,0.7036501079733923
431,46,13,24,0,9,10,0.7851716920982423
432,298,11,37,0,250,10,0.7457414399391861
433,222,10,64,0,148,10,0.7395513613202507
434,952,10,73,0,869,10,0.875724543073932
435,33,11,20,0,2,10,0.8100955345363059
436,27,11,14,0,2,10,0.7955012117604205
437,20,11,8,0,1,10,0.1580412941488023
438,207,10,47,0,150,10,0.7558193576915895
439,140,32,32,0,76,10,0.4024038665863696
440,93,10,33,0,50,10,0.7985638590646581
441,45,11,27,0,7,10,0.594182279860777
442,165,10,49,0,106,10,0.8191088545671346
443,23,12,9,0,2,10,0.6467032846482184
444,1120,11,22,0,1087,10,0.8455424357439567
445,253,10,37,0,206,10,0.06536924485959947
446,476,10,71,0,395,10,0.804611452204117
447,41,11,15,0,15,10,0.7499376883418631
448,52,13,31,0,8,10,0.7047237373374969
449,748,10,72,7,659,10,0.8650199745819702
450,164,10,53,0,101,10,0.8417050432070481
451,166,10,56,0,100,10,0.7967081401529585
452,1519,10,86,0,1423,10,0.9089522479608918
453,396,13,57,7,319,10,0.621213120592536
454,748,12,69,8,659,10,0.7599979775043058
455,36,12,8,6,10,10,0.179671518606562
456,96,11,43,8,34,10,0.6102293458698241
457,107,10,60,3,34,10,0.8117774309326153
458,176,10,46,0,120,10,0.8106631468565618
459,63,10,33,0,20,10,0.6897546664869392
460,19,12,5,0,2,10,0.7909187275537659
461,22,11,9,0,2,10,0.80357812024059
462,10,10,0,0,0,10,0.528848190000621
463,46,12,21,0,13,10,0.7913212263859303
464,11,10,1,0,0,10,0.14549496336264497
465,10,10,0,0,0,10,0.13035961385778336
466,3035,26,17,0,2992,10,0.19161443592647004
467,516,11,9,9,487,10,0.01067960775895662
468,111,10,28,12,61,10,0.6616535853542093
469,118,14,26,6,72,10,0.6782841865192702
470,24,11,12,0,1,10,0.6242352045467101
471,5111,12,35,13,5051,10,0.7551181430625935
472,123,10,37,0,76,10,0.8559505524411407
473,65,12,22,0,31,10,0.6597084113670566
474,49,13,22,1,13,10,0.7694636332963847
475,80,13,26,0,41,10,0.789753635966959
476,111,12,28,8,63,10,0.7844823940998032
477,126,11,33,21,61,10,0.604843602151468
478,109,10,32,0,67,10,0.7324552682259112
479,55,13,29,0,13,10,0.733326817832884
480,25,12,12,0,1,9,0.614251958311981
481,126,10,47,0,69,0,nan
482,43,10,22,0,11,3,0.11817979444109492
483,25,12,12,0,1,1,0.5461345783285595
484,134,10,47,0,77,10,0.8917884030206158
485,70,11,29,0,30,10,0.7303079615542352
486,44,12,28,1,3,10,0.5569704005628757
487,169,18,7,3,141,10,0.12413881858700115
488,313,12,40,4,257,10,0.8434397535941125
489,20,13,6,0,1,10,0.1406643133496353
490,167,10,39,0,118,10,0.8177397995969303
491,109,21,23,0,65,10,0.370156500229064
492,73,14,23,0,36,10,0.7596705142650084
493,43,11,22,0,10,10,0.7155254647734023
494,136,10,31,0,95,10,0.8510929462533033
495,13,12,1,0,0,10,0.7477051047062167
496,1523,11,21,7,1484,10,0.17157225865477466
497,62,19,8,3,32,10,0.6232837446564474
498,58,13,21,3,21,10,0.7655520763454948
499,45,14,14,5,12,10,0.6663371576670092
500,34,19,7,2,6,10,0.2033995915695453
501,49,17,16,0,16,10,0.4338279885947681
502,10,10,0,0,0,10,0.6381370388400476
503,15,11,4,0,0,10,0.6167807818901272
504,2,2,0,0,0,2,0.217257885990489
505,48,10,14,0,24,10,0.6117309703166858
506,282,11,41,0,230,10,0.7394048334083565
507,197,10,45,0,142,10,0.8590938241656496
508,88,10,26,0,52,10,0.8207382477958035
509,26,12,12,0,2,10,0.6548579097798837
510,19,12,7,0,0,10,0.6648371780808932
511,24,12,12,0,0,10,0.5659367335870356
512,15,13,2,0,0,10,0.6000986919693269
513,8,8,0,0,0,8,0.08965867392258728
514,53,11,20,0,22,10,0.723412056175109
515,39,14,13,0,12,10,0.035918646496997275
516,26,12,2,2,10,10,0.4968297732789353
517,5,5,0,0,0,5,0.08796470432970972
518,43,15,15,0,13,10,0.6823459971082166
519,4,4,0,0,0,4,0.2620722635127096
520,343,26,9,1,307,10,0.19000741981718766
521,48,11,33,0,4,10,0.13811870057823866
522,494,10,53,0,431,10,0.706825710512839
523,226,10,43,0,173,10,0.6273717693015846
524,399,16,51,0,332,10,0.7839795053382895
525,2143,10,40,7,2086,10,0.8961298889355325
526,264,10,37,6,211,10,0.8367328529952868
527,147,11,55,0,81,10,0.7530676214197016
528,652,11,69,3,569,10,0.7974651782163265
529,743,11,64,5,663,10,0.7918977364707181
530,41,15,14,1,11,10,0.22284652728174212
531,44,12,21,0,11,10,0.7422557728911519
532,150,10,46,0,94,10,0.8711233848856895
533,143,10,44,0,89,10,0.8440278606010376
534,122,10,45,0,67,10,0.8965150029801341
535,126,10,45,0,71,10,0.8748319753118596
536,17,11,6,0,0,10,0.7610316036740046
537,441,13,61,3,364,10,0.6251372877269719
538,685,10,79,1,595,10,0.4510941882580337
539,429,10,48,0,371,10,0.7517146424572649
540,532,9,27,1,495,10,0.6175663182759559
541,34,10,13,0,11,10,0.49961147552663876
542,9,8,1,0,0,9,0.5123332159298655
543,369,10,48,0,311,10,0.8218790807263987
544,79,9,24,1,45,10,0.05995161209787648
545,75,10,41,0,24,10,0.6505857050435354
546,32,10,14,0,8,10,0.7577586757707753
547,9,9,0,0,0,9,0.45913420369202035
548,7,7,0,0,0,7,0.339645634060992
549,264,10,34,0,220,10,0.8633937862355132
550,6,6,0,0,0,6,0.5751215540388821
551,6,6,0,0,0,6,0.49729775036868645
552,320,10,44,0,266,10,0.8799360879740127
553,1,1,0,0,0,1,0.2898765243781064
554,14,14,0,0,0,10,0.3089216738021969
555,11,11,0,0,0,10,0.6892528832034008
556,8,8,0,0,0,8,0.5657432533738012
557,5,5,0,0,0,5,0.2524760555275748
558,10,10,0,0,0,10,0.5474688685055528
560,13,11,2,0,0,10,0.6522477219956835
561,15,11,4,0,0,10,0.719977645186231
563,1,0,0,1,0,1,0.0008650344355047982
564,12,12,0,0,0,10,0.7424225391164045
565,61,10,22,0,29,10,0.7791827689740842
566,14,10,3,0,1,10,0.6521557820310149
567,255,10,35,0,210,10,0.7814961063100478
568,83,12,25,0,46,10,0.8038115126025358
569,233,11,27,4,191,10,0.8188150105816321
570,55,12,33,0,10,10,0.7843519016391419
571,53,14,20,0,19,10,0.7875738499557148
572,72,10,28,0,34,10,0.8191537885097835
573,72,11,27,0,34,10,0.7062669347868515
574,11,11,0,0,0,10,0.4176294990240341
575,9,9,0,0,0,9,0.6840007152053593
576,111,10,27,0,74,10,0.813308127914975
577,377,11,38,1,327,10,0.8869438767541468
578,207,10,35,0,162,10,0.9245788853448342
579,197,18,34,0,145,10,0.47160103352254423
580,258,10,30,0,218,10,0.7839750321748125
581,213,10,54,0,149,10,0.8961604999126589
582,224,10,44,0,170,10,0.9166524988225294
583,30,13,15,0,2,10,0.6961498844863728
584,230,10,49,0,171,10,0.6572375021382586
585,114,10,30,0,74,10,0.709090234183767
586,47,12,32,0,3,10,0.34404229587942514
587,219,11,67,0,141,10,0.8822207545826972
588,387,10,68,0,309,10,0.7740983247099325
589,58,10,27,0,21,10,0.7903171819735076
590,21,12,9,0,0,10,0.7065106865752053
591,11,11,0,0,0,10,0.6357229052803386
592,22,11,10,0,1,10,0.7554886644885725
593,5,5,0,0,0,5,0.6609806270231222
594,12,11,1,0,0,10,0.5459320720634061
595,6,6,0,0,0,6,0.31770410751792066
596,76,10,38,2,26,10,0.7999044681619045
597,49,11,26,0,12,10,0.8199275265116505
598,19,1,9,6,3,10,0.003975467999986148
599,16,11,4,0,1,10,0.5491404596475941
600,12,9,1,1,1,10,0.5915394366705862
601,22,11,9,1,1,10,0.6996136549404486
602,9,9,0,0,0,9,0.6751749944021304
603,3,2,0,1,0,3,0.05487313457383683
604,106,10,45,0,51,10,0.5776360624621573
605,134,10,39,0,85,10,0.6804941519459133
606,13,11,2,0,0,10,0.4187528161070626
607,13,10,3,0,0,10,0.20064803139841558
608,620,10,69,0,541,10,0.894062149448386
609,94,10,29,0,55,10,0.755591190784269
610,1044,10,57,0,977,10,0.8972867618650042
611,121,10,32,0,79,10,0.8060807821273783
612,19,13,3,0,3,10,0.6092739115300827
613,34,12,18,0,4,10,0.7763478405820207
614,8,8,0,0,0,8,0.41130269453256607
615,18,11,2,4,1,10,0.5599663046823342
616,27,13,7,3,4,10,0.5538976037998078
617,321,10,52,8,251,10,0.8266050757107668
618,184,12,20,4,148,10,0.662901445404843
619,144,10,25,1,108,10,0.8306501815620995
620,118,13,34,0,71,10,0.7443432132226446
621,488,10,67,0,411,10,0.8889473644507409
622,17,12,4,0,1,10,0.8111432821624656
623,16,10,6,0,0,10,0.7165909589403059
624,9,7,0,2,0,9,0.02453558429648788
625,6,6,0,0,0,6,0.52021746356237
626,13,12,1,0,0,10,0.519586094510456
627,51,11,18,0,22,10,0.7859951467360224
628,127,10,69,2,46,10,0.5192135229322765
629,198,11,55,0,132,10,0.9225243740300755
630,78,11,39,0,28,10,0.8039964629225744
631,272,10,39,0,223,10,0.8492135122322754
632,262,10,42,16,194,10,0.8717272074716678
633,53,10,17,1,25,10,0.7611816984455453
634,42,10,18,0,14,10,0.8006112373030568
635,20,12,6,1,1,10,0.7922547801671526
636,50,12,13,0,25,10,0.6652089091107052
637,93,12,31,3,47,10,0.8649268772432863
638,75,9,21,2,43,10,0.7979128847561529
639,11,10,1,0,0,10,0.5984195551254201
640,12,10,2,0,0,10,0.7257204881110497
641,13,11,2,0,0,10,0.5774237256741594
642,647,10,86,0,551,10,0.9172884137004338
643,348,11,43,12,282,10,0.8495051981160482
644,321,14,45,5,257,10,0.7766668071173846
645,63,12,26,0,25,10,0.6433991702756375
646,45,11,19,2,13,10,0.7122184202500036
647,43,13,23,1,6,10,0.703388335498671
648,87,10,31,1,45,10,0.7637259164199317
649,72,10,27,0,35,10,0.7473826124075915
650,6,6,0,0,0,6,0.30800573558967015
651,22,13,6,0,3,10,0.6162570872962965
652,26,12,11,0,3,10,0.5701388055581814
653,272,10,48,0,214,10,0.8807909345413416
654,46,11,26,0,9,10,0.7685152560495826
655,22,11,7,3,1,10,0.8008836372982016
656,232,10,55,0,167,10,0.8892929662195435
657,64,10,31,0,23,10,0.6704243777192314
658,21,14,6,0,1,10,0.736474560912108
659,24,12,12,0,0,10,0.7702342810532294
660,964,10,62,0,892,10,0.8442788761335215
661,83,10,33,0,40,10,0.8925578529879867
662,33,11,21,0,1,10,0.6692039589157921
663,21,10,10,0,1,10,0.7281653915390902
664,8,8,0,0,0,8,0.46301743709544896
665,27,11,13,2,1,10,0.5835959672988992
666,5,5,0,0,0,5,0.4870830926381802
667,9,9,0,0,0,0,nan
668,5,5,0,0,0,1,0.6347605538598798
669,3,3,0,0,0,0,nan
670,7,7,0,0,0,6,0.6005712152134445
671,4,4,0,0,0,0,nan
672,3,3,0,0,0,0,nan
673,9,9,0,0,0,9,0.4828986942580713
674,11,11,0,0,0,9,0.5121319421275206
675,9,9,0,0,0,3,0.17074658648399257
676,3,3,0,0,0,3,0.6520134945543565
677,6,6,0,0,0,6,0.6162768806644037
678,8,8,0,0,0,8,0.11729209274485879
679,16,12,3,0,1,10,0.5782256081545423
680,14,11,3,0,0,10,0.6569104351002467
681,351,10,48,0,293,10,0.9272039154316025
682,13,11,2,0,0,10,0.6678225104972059
683,11,10,1,0,0,10,0.6935372165829441
684,3,3,0,0,0,3,0.5361663537334352
685,12,12,0,0,0,10,0.5728594047142941
686,8,8,0,0,0,8,0.5693645719240252
687,345,10,87,0,248,10,0.9103236183413772
688,345,10,80,0,255,0,nan
689,37,12,15,0,10,10,0.6799050541441802
690,46,12,14,3,17,10,0.6404308188745419
691,69,13,30,0,26,10,0.7907078589325751
692,52,14,20,0,18,10,0.6258121595050478
693,37,10,18,1,8,10,0.6230815264460068
694,31,14,14,0,3,10,0.3883107271738241
695,25,10,13,0,2,10,0.6296081333440096
696,22,12,9,0,1,10,0.6624758090105234
697,53,13,19,5,16,10,0.6770451852346651
698,19,12,6,0,1,10,0.38368943598370775
699,53,12,20,0,21,10,0.7450618405401489
700,28,11,17,0,0,10,0.3213182374584642
701,288,15,31,0,242,10,0.7168510039117277
702,148,10,36,0,102,10,0.7997309403902495
703,14,9,0,5,0,9,0.2666186553183076
704,17,14,3,0,0,10,0.6862341484463965
705,81,13,35,0,33,10,0.6626357484184828
706,36,12,22,0,2,10,0.6437966918337453
707,96,10,45,0,41,10,0.7632434125605562
708,52,10,24,0,18,10,0.6535856173203051
709,89,10,31,7,41,10,0.861511311821946
710,540,10,55,3,472,10,0.8659183487217403
711,307,10,40,3,254,10,0.7447172209195037
712,189,20,25,2,142,10,0.47468178325337346
713,1528,10,29,7,1482,10,0.9023042793924885
714,1621,12,54,3,1552,10,0.8620637859225486
715,1917,11,51,0,1855,10,0.8976197893257198
716,231,10,48,10,163,10,0.8794154249300965
717,256,10,63,19,164,10,0.8203395998702905
718,207,6,3,8,190,10,0.00888554778033224
719,276,10,31,0,235,10,0.8648197583375524
720,9,9,0,0,0,9,0.3145140872722896
721,10,10,0,0,0,10,0.4714837497943316
722,337,10,38,0,289,10,0.8547773812507524
723,8,8,0,0,0,8,0.4795759657520117
724,19,12,3,3,1,10,0.5578413714861779
725,13,3,0,10,0,3,0.011463116614765758
726,7,5,0,2,0,6,0.28901256061912606
727,38,14,13,0,11,10,0.5759820854479478
728,81,10,23,0,48,10,0.8506466152435349
729,21,11,10,0,0,10,0.30567132413646614
730,21,16,4,1,0,10,0.37963182826637654
731,78,10,35,0,33,10,0.9106309882142627
732,73,10,30,0,33,10,0.8421761651954296
733,9,9,0,0,0,9,0.2202091977780992
734,42,11,19,0,12,10,0.7517528465822512
735,4,4,0,0,0,4,0.22433042296665326
736,6,5,0,0,1,6,0.40169783421300825
738,1,0,0,0,1,0,nan
739,22,13,4,1,4,10,0.4671747904509711
740,25,15,6,3,1,10,0.021595245287441382
741,118,10,35,1,72,10,0.4933148348730221
742,50,11,19,0,20,10,0.8770921407912262
743,17,11,5,0,1,10,0.8063834541491401
744,12,11,1,0,0,10,0.7766345063762782
745,2146,10,51,6,2079,10,0.9488123734732066
746,27,10,16,0,1,10,0.5842300211954179
747,47,13,4,14,16,10,0.05752117557889569
748,104,10,44,0,50,10,0.7383894555683747
749,414,11,57,0,346,10,0.8700542668531928
750,1484,10,61,0,1413,10,0.8739752067482205
751,830,10,81,0,739,10,0.7804417684487538
752,104,20,42,0,42,10,0.6137957198936868
753,111,22,37,0,52,10,0.7528145211723616
754,62,12,23,0,27,10,0.8588117016758057
755,31,10,20,0,1,10,0.7573215040210939
756,8,8,0,0,0,8,0.6178407442870877
757,7,7,0,0,0,7,0.7246687980470108
758,56,11,24,0,21,10,0.8296933532649959
759,12,11,1,0,0,10,0.5805089290619021
760,38,11,14,0,13,10,0.5991992618315082
761,6,6,0,0,0,6,0.24743669722552925
762,32,13,6,7,6,10,0.5251626886174464
763,115,10,27,0,78,10,0.9041062637312884
764,7,7,0,0,0,7,0.2842660315718157
765,13,11,2,0,0,10,0.45894143245877117
767,32,11,19,0,2,10,0.756881970826268
768,472,13,36,2,421,10,0.8290685735183381
769,876,12,47,0,817,10,0.7430156911128989
770,41,11,18,0,12,10,0.6558621695944631
771,37,13,12,0,12,10,0.631626279967921
772,576,10,59,0,507,10,0.7820983702470061
773,70,15,16,3,36,10,0.7565268317378859
774,48,10,20,0,18,10,0.8135341094416539
775,70,14,24,0,32,10,0.75172769513073
776,765,11,65,0,689,10,0.7880651026111538
777,189,10,47,1,131,10,0.8226681582285369
778,15,12,0,0,3,10,0.4852559300584329
779,26,13,7,0,6,10,0.5416662310301694
780,39,10,23,0,6,10,0.6775079049308661
781,22,11,10,0,1,10,0.7695244512703199
782,189,10,48,1,130,10,0.8496469053897044
783,16,12,0,0,4,10,0.5423914801038083
784,21,11,4,0,6,10,0.5997363414967898
785,39,12,22,0,5,10,0.7577029786514773
786,26,11,14,0,1,10,0.822777586484644
787,10,5,0,3,2,8,0.024402789458596544
788,31,11,14,5,1,10,0.7628601342445118
789,48,14,14,3,17,10,0.653132497470177
790,26,11,11,2,2,10,0.6356669701243598
791,4,4,0,0,0,4,0.011342684696845802
792,81,11,35,0,35,10,0.6611687775462993
793,73,17,39,0,17,10,0.8168129213612513
794,71,10,30,1,30,10,0.7424742265862716
795,412,10,72,0,330,10,0.8016085950390983
796,38,20,4,8,6,10,0.06003814157728243
797,28,16,4,5,3,10,0.21392209491340236
798,12,1,0,3,8,6,1.3310475961649857e-05
799,11,11,0,0,0,10,0.14869248358955964
800,949,10,75,0,864,10,0.6934244960485462
801,17,11,5,0,1,10,0.615560213166815
802,28,12,14,0,2,0,nan
803,42,11,18,0,13,1,0.48422753085757125
804,15,11,3,0,1,10,0.590936201185924
805,41,11,26,0,4,10,0.799090392359767
806,21,11,9,0,1,0,nan
807,38,12,22,0,4,10,0.6431754423442815
808,50,11,22,0,17,10,0.65762212305331
809,41,11,26,0,4,0,nan
810,21,11,9,0,1,0,nan
811,4,2,0,2,0,4,0.07635519357340462
812,2,2,0,0,0,2,0.13378772074583484
813,8,8,0,0,0,8,0.6932986102874854
814,504,11,56,0,437,10,0.8293819458666877
815,92,10,28,2,52,10,0.7175163826483019
816,69,12,23,0,34,10,0.7761015041680703
817,89,10,31,0,48,10,0.7984996221921341
818,202,10,50,0,142,10,0.8987519511257209
819,27,16,7,0,4,10,0.053335397144251326
820,25,14,3,0,8,10,0.10746436090326225
821,184,10,91,0,83,10,0.8324205149614111
822,131,10,42,0,79,10,0.7996447112410632
823,105,10,41,2,52,10,0.7766190275421943
824,578,10,78,1,489,10,0.7631466855641403
825,2,2,0,0,0,2,0.1719082686992195
827,3,3,0,0,0,3,0.06605063683226756
828,22,10,6,0,6,10,0.13071284990740384
829,8,6,1,0,1,8,0.3948087226303029
830,21,12,7,0,2,10,0.6811416299214635
831,15,14,1,0,0,10,0.5935545530502732
832,19,11,8,0,0,10,0.6378403390283032
833,4,4,0,0,0,4,0.19494300518900018
834,19,11,7,0,1,10,0.6385845574925331
835,37,11,20,0,6,10,0.649476447521197
836,3,3,0,0,0,3,0.3050069281038151
837,4,4,0,0,0,4,0.42240107469825816
838,2,0,0,1,1,0,nan
839,1,0,0,1,0,0,nan
840,14,12,0,2,0,10,0.4555867870411765
841,14,13,1,0,0,10,0.6229370174017665
842,13,12,1,0,0,10,0.5511246796100655
843,1,1,0,0,0,1,0.26268614809390545
844,1,1,0,0,0,1,0.029327200602150223
845,73,10,27,0,36,10,0.7918609126725025
846,12,11,1,0,0,10,0.49102755478558063
847,97,10,30,0,57,10,0.7999836007564528
848,55,11,31,2,11,10,0.6873377871926831
849,27,13,13,0,1,10,0.5734829734264049
850,45,12,22,0,11,10,0.552406346279579
851,285,10,32,0,243,10,0.8932478369322425
852,1969,16,41,0,1912,10,0.43795565717060003
853,220,11,35,0,174,10,0.8766879706942883
854,21,12,7,0,2,10,0.6293574768239546
855,102,10,45,0,47,10,0.5218223832792555
856,76,10,33,0,33,10,0.8029125710193976
857,125,10,34,0,81,10,0.5385534832148731
858,130,12,42,0,76,10,0.7994735989400983
859,80,11,25,0,44,10,0.6062433429305183
860,27,14,8,2,3,10,0.6822092307178691
861,69,13,25,6,25,10,0.8042630405307536
862,33,11,13,0,9,10,0.6633726444728381
863,178,10,44,0,124,10,0.9049752414699431
864,52,10,20,0,22,10,0.8011716610741126
865,59,11,23,0,25,10,0.6972595662059138
866,82,20,30,7,25,10,0.40471796195982535
867,309,10,40,20,239,10,0.8263306170751066
868,8,8,0,0,0,8,0.18632819469200831
869,15,10,4,0,1,10,0.6027699874668623
870,46,11,22,0,13,10,0.6177235977736414
871,12,10,1,0,1,10,0.7512906896284172
872,17,10,6,0,1,10,0.7512572675399399
873,168,10,41,0,117,10,0.855924341869396
874,32,12,12,0,8,10,0.7295215372904249
875,31,12,12,0,7,10,0.6924528230714836
876,13,12,1,0,0,10,0.6467222716342447
877,51,13,19,0,19,10,0.8102423548623745
878,38,11,17,0,10,10,0.7107706357771135
879,98,10,35,5,48,10,0.8302068708499954
880,7,7,0,0,0,7,0.1612146493747909
881,9,9,0,0,0,9,0.43161250596555384
882,13,12,0,0,1,10,0.2974333944450055
883,6,6,0,0,0,6,0.4275005834291654
884,15,12,2,0,1,10,0.6895391216548227
885,53,12,22,1,18,10,0.7729176564895432
886,205,14,27,15,149,10,0.5517888344872133
887,20,11,7,2,0,10,0.4712801896533942
888,31,11,14,0,6,10,0.6251815475519708
889,20,14,4,0,2,10,0.743241638244375
890,24,13,5,0,6,10,0.6656342439726989
891,4,4,0,0,0,4,0.5975453247792466
892,2,1,0,1,0,2,0.0044439244858612646
893,18,16,0,2,0,10,0.42389077038743317
894,55,14,22,0,19,10,0.600766871762584
895,44,12,21,0,11,10,0.7857620681321
896,750,10,80,0,660,10,0.884312232912019
897,13,12,1,0,0,10,0.6334330365884172
898,20,11,8,0,1,10,0.53381934136995
899,115,13,42,0,60,10,0.7327450256897863
900,31,10,13,0,8,10,0.6659626827690259
901,19,11,7,0,1,10,0.6338996660833746
902,10,10,0,0,0,10,0.31041196943548477
903,22,10,10,0,2,10,0.5655054753798099
904,205,15,110,5,75,10,0.6341221395245911
905,24,10,13,0,1,10,0.6489063854025812
906,392,11,46,3,332,10,0.8900481907073059
907,233,10,67,1,155,10,0.816436665757069
908,171,12,52,0,107,10,0.8587152977871213
909,144,10,54,0,80,10,0.8957404311561057
910,8,8,0,0,0,8,0.6425877627368379
911,41,12,23,0,6,10,0.7760068636081683
912,7,7,0,0,0,7,0.45387074122283455
913,2078,10,59,0,2009,10,0.8539640866888967
914,20,14,1,5,0,10,0.08009310837618984
915,1387,11,52,0,1324,10,0.8984342170257289
916,841,10,87,0,744,10,0.8893664143651973
917,10,10,0,0,0,10,0.555550435917138
918,11,11,0,0,0,10,0.7683937175608198
919,144,10,29,0,105,10,0.7730912735459042
920,139,10,47,0,82,10,0.7705240476219015
921,15,11,4,0,0,10,0.5994369544902882
922,21,12,8,0,1,10,0.7072390643966384
923,37,12,24,0,1,10,0.5796693440265992
924,181,10,27,0,144,10,0.7910930980481956
925,11,9,0,0,2,9,0.46380331358906257
926,15,12,0,0,3,10,0.5874343766586012
927,24,13,9,0,2,10,0.7470793826562553
928,13,13,0,0,0,10,0.6815993116044787
929,161,18,50,0,93,9,0.8312196900794862
930,159,16,44,0,99,10,0.8381588663172306
931,62,11,38,0,13,10,0.7562760536688147
932,30,12,17,0,1,10,0.6730409665550231
933,146,10,60,0,76,10,0.7558807549948308
934,124,10,38,0,76,10,0.7430360397736324
935,26,12,12,0,2,10,0.5673993806797912
936,66,10,28,0,28,10,0.8020160148246549
937,10,8,0,2,0,8,0.48651746168607657
938,77,11,20,8,38,10,0.7402639162446859
939,176,10,29,0,137,10,0.8429696617559577
940,164,10,31,0,123,10,0.7362681359359328
941,168,10,21,1,136,10,0.7957940844481468
942,46,11,21,0,14,10,0.8022390497856478
943,41,11,16,0,14,10,0.7442792727518037
944,77,10,29,0,38,10,0.8423254327444072
945,54,13,20,0,21,10,0.67160985942692
946,327,10,74,0,243,10,0.8913251195228598
947,414,10,57,0,347,10,0.7398397850141603
948,176,11,89,0,76,10,0.7590740179522727
949,50,11,31,0,8,10,0.7173618282836904
950,178,10,48,4,116,10,0.6192787611161656
951,541,12,72,0,457,10,0.9211210676624703
952,602,10,72,2,518,10,0.8270192503103505
953,32,12,11,2,7,10,0.7449546469855433
954,13,12,1,0,0,10,0.7444674893296714
955,50,13,19,0,18,10,0.808191194788325
956,158,10,57,0,91,10,0.7533447624246867
957,162,10,57,0,95,10,0.9361999472979762
958,33,12,12,0,9,10,0.5956338074560998
959,22,11,7,0,4,10,0.45128420047691753
960,10,10,0,0,0,10,0.5402217832861942
961,849,11,80,0,758,10,0.9033429652124603
962,1,1,0,0,0,1,0.04386095339975605
963,10,8,0,0,2,8,0.6136742956404009
964,11,10,0,0,1,10,0.39088160402930383
965,8,8,0,0,0,8,0.30018766490586163
966,16,10,1,0,5,10,0.48565051815970806
967,50,10,20,0,20,10,0.5685248420893926
968,1,1,0,0,0,1,0.1126429775279871
969,1,1,0,0,0,1,0.20715554912740425
970,7,7,0,0,0,7,0.7478506645686482
971,11,11,0,0,0,10,0.5821485912161974
972,2,2,0,0,0,2,0.1792040589085625
973,19,11,7,0,1,10,0.5680618674493821
974,32,11,17,0,4,10,0.8162180274354702
975,3,3,0,0,0,3,0.24879716637538613
976,25,14,6,0,5,10,0.7225331944357583
977,5,5,0,0,0,5,0.15431627409807688
978,206,10,24,10,162,10,0.7532545337809438
979,57,12,17,0,28,10,0.7154722138935157
981,666,10,56,0,600,10,0.7142649103645856
982,372,10,56,0,306,10,0.8819161892798606
983,141,11,29,12,89,10,0.8508851436336134
984,38,12,15,2,9,10,0.68858028412932
985,504,10,56,0,438,10,0.4568002062687618
986,542,14,51,1,476,10,0.6689692442344939
987,620,11,30,2,577,10,0.6689643758384287
988,677,10,62,0,605,10,0.7104415589595683
989,372,11,51,0,310,10,0.8855499964746156
990,141,10,27,12,92,10,0.8563498900752053
991,38,10,17,1,10,10,0.7454897636404635
992,504,10,57,0,437,10,0.8164588517511133
993,215,10,62,0,143,10,0.8232085119535966
994,99,10,37,0,52,10,0.8067376945694804
995,6,6,0,0,0,6,0.8151708348542248
996,60,10,29,0,21,10,0.8727850383689573
997,53,11,30,0,12,10,0.8874846486803654
998,33,13,15,0,5,10,0.6526265506968385
999,12,11,1,0,0,10,0.6835446189433544
1000,46,10,32,0,4,10,0.6299250459965229
1001,68,10,27,0,31,10,0.8219710642879767
1002,519,11,57,0,451,10,0.8872150632881406
1003,52,11,25,0,16,10,0.7264104291660687
1004,4,4,0,0,0,4,0.16890751708260898
1005,4,4,0,0,0,4,0.24926507929130504
1006,6,6,0,0,0,6,0.5452543501883013
1007,6,6,0,0,0,6,0.5112451716733676
1008,28,11,14,0,3,10,0.5650968467722386
1009,34,11,15,0,8,10,0.7177419560220983
1010,143,11,44,0,88,10,0.7182845557490414
1011,78,12,32,0,34,10,0.8631334063613776
1012,6,6,0,0,0,6,0.07598873386381552
1013,12,8,0,4,0,8,0.44953192813031473
1014,38,10,21,0,7,10,0.8449691924730496
1015,19,10,9,0,0,10,0.5979468998303825
1016,41,13,28,0,0,10,0.7292311559468198
1017,29,11,13,0,5,10,0.7029721935377491
1018,13,12,1,0,0,10,0.04028211785676161
1019,42,11,19,0,12,10,0.7657293629613786
1020,14,10,2,0,2,10,0.8656412419779167
1021,31,11,16,0,4,10,0.6268495821639438
1022,24,11,2,6,5,10,0.6617193987743546
1023,14,14,0,0,0,10,0.6010798323586477
1024,31,12,16,0,3,10,0.7483117724536209
1025,16,10,4,2,0,10,0.738287965874332
1026,9,9,0,0,0,9,0.2591969372040327
1027,31,12,9,0,10,10,0.7375990901997684
1028,24,11,10,2,1,10,0.6244155531205471
1029,19,10,9,0,0,10,0.7577551824173168
1030,321,15,47,0,259,10,0.784034685366573
1031,384,11,59,0,314,10,0.7957146502506528
1032,8,5,0,3,0,7,0.4343641138752943
1033,5454,13,63,2,5376,10,0.8403413983773094
1034,56,13,26,0,17,10,0.6559484192150242
1035,70,11,33,0,26,10,0.6812841636700393
1036,1129,10,57,13,1049,10,0.88623923487565
1037,45,17,16,3,9,10,0.6756751820039015
1038,43,12,16,0,15,10,0.6658805980186403
1039,130,10,51,0,69,10,0.9266352923728276
1040,306,10,48,0,248,10,0.85177525696736
1041,300,10,54,0,236,10,0.829842512150885
1042,270,10,63,0,197,10,0.7608703301061115
1043,332,10,55,26,241,10,0.8203503993909838
1044,1138,10,60,0,1068,10,0.7273483265152143
1045,156,10,44,2,100,10,0.7845447948899971
1046,342,10,33,0,299,10,0.7649410556885812
1048,104,11,41,0,52,10,0.884260676249769
1049,317,14,42,0,261,10,0.5346211950766435
1050,576,10,69,0,497,10,0.8475130091186537
1051,50,12,19,1,18,10,0.7777526405851297
1052,3,3,0,0,0,3,0.2023352665479228
1053,5,5,0,0,0,5,0.7062235125880035
1054,151,10,50,0,91,10,0.7428878545182884
1055,44,12,21,0,11,10,0.734561161556454
1056,10,10,0,0,0,10,0.6713211901014731
1057,76,10,41,0,25,10,0.7390935820303088
1058,20,15,5,0,0,10,0.6463257691815707
1059,24,12,9,0,3,10,0.5340638555474193
1060,900,10,52,0,838,10,0.8500323784298904
1061,446,10,34,0,402,10,0.8147710148804408
1062,56,15,22,0,19,10,0.7251621802094701
1063,100,10,48,0,42,10,0.6847612013315296
1064,268,15,51,5,197,10,0.24750611805783362
1065,160,36,44,15,65,10,0.3896945089984769
1066,184,24,68,4,88,10,0.3276865109468588
1067,783,11,94,24,654,10,0.8431321810441674
1068,476,16,56,0,404,10,0.8613960777741783
1069,13,0,1,3,9,10,2.7551303009638093e-05
1070,200,10,55,0,135,10,0.8425886092417623
1071,190,11,53,0,126,10,0.5904929091445301
1072,28,12,9,0,7,10,0.7275744181738399
1073,11,9,1,0,1,10,0.42498022480644554
1074,310,10,41,13,246,10,0.8036647451825654
1075,70,12,22,0,36,10,0.7984620230629045
1076,236,12,46,4,174,10,0.7509354962584399
1077,1164,10,35,1,1118,10,0.8951632535962211
1078,475,10,75,0,390,10,0.8986649919173371
1079,14,13,0,1,0,10,0.5204181209949625
1080,13,12,1,0,0,10,0.6973128746317209
1081,15,12,1,0,2,10,0.5999233775396067
1082,69,10,37,0,22,10,0.8649007164269353
1083,64,10,34,0,20,10,0.7937890126265745
1084,4,4,0,0,0,4,0.2923666084749877
1085,5,5,0,0,0,5,0.5277734073808401
1086,10,10,0,0,0,10,0.6816449652489212
1087,21,11,9,0,1,10,0.6886933676934575
1088,8,8,0,0,0,8,0.33887918545734264
1089,4,0,0,4,0,0,nan
1090,10,10,0,0,0,10,0.29465292688283207
1091,6,1,0,4,1,6,0.006182727349648708
1092,34,12,11,5,6,10,0.7400797103107347
1093,5,5,0,0,0,1,0.4728361963078178
1094,14,13,1,0,0,10,0.6208614694472923
1095,8,8,0,0,0,0,nan
1096,14,13,1,0,0,0,nan
1097,5,5,0,0,0,4,0.482128764293936
1098,10,10,0,0,0,10,0.6392626195855347
1099,7,7,0,0,0,7,0.6602932618816201
1100,2,1,0,1,0,2,0.0594180592207198
1101,2,1,0,1,0,2,0.016408994823665236
1102,2,2,0,0,0,2,0.5101599693710501
1103,21,12,9,0,0,10,0.6389665653556645
1104,144,10,49,0,85,10,0.8872218314811784
1105,27,12,10,0,5,10,0.8163001820580724
1106,15,14,0,0,1,10,0.33518152658294964
1107,17,15,0,0,2,10,0.486576920870181
1108,63,13,28,0,22,10,0.007544164522116807
1109,336,10,54,0,272,10,0.7498053206518445
1110,234,10,67,0,157,0,nan
1111,336,10,53,0,273,0,nan
1112,234,10,68,0,156,10,0.7450615398193423
1113,96,10,26,0,60,10,0.7827043434986706
1114,93,10,35,0,48,10,0.6855190087500267
1115,63,11,21,0,31,10,0.7469863466580946
1116,63,12,25,1,25,10,0.7202146794117581
1117,89,12,22,6,49,10,0.8615003366637332
1118,81,10,36,0,35,10,0.8875048282114253
1119,38,16,8,7,7,10,0.29221455604647084
1120,62,15,26,14,7,10,0.4521241856179569
1121,55,12,21,6,16,10,0.7800675239818702
1122,58,13,18,0,27,10,0.5315371270708564
1123,45,10,23,1,11,10,0.7354860514983752
1124,64,10,24,6,24,10,0.735827805655906
1125,34,12,13,2,7,10,0.7147740661490547
1126,50,13,17,2,18,10,0.7122129719771599
1127,53,14,16,0,23,10,0.6937556814599743
1128,55,12,17,0,26,10,0.5971920731756473
1129,119,13,16,1,89,10,0.6595405739334176
1130,644,10,52,0,582,10,0.8540498047602845
1131,21,12,4,0,5,10,0.4535900130337035
1132,21,13,6,0,2,10,0.7186258025735013
1133,82,10,30,10,32,10,0.8672352216660493
1134,64,13,16,0,35,10,0.6271482145552776
1135,72,10,28,3,31,10,0.6975844394155446
1136,134,10,40,0,84,10,0.8664930161589461
1137,15,10,5,0,0,10,0.6305750674963313
1138,14,10,4,0,0,10,0.5405642440522016
1139,19,12,6,0,1,10,0.731562191657787
1140,30,11,15,0,4,10,0.7200902474056594
1141,17,11,5,0,1,10,0.6783553466112389
1142,104,10,31,0,63,10,0.8897076161286396
1143,137,10,40,0,87,10,0.7713775686202069
1144,15,12,2,0,1,10,0.6017732124192712
1145,15,12,3,0,0,10,0.708903040513865
1146,16,10,6,0,0,10,0.57430552962661
1147,65,12,28,0,25,10,0.7526926173544659
1148,62,12,19,0,31,10,0.29005635237860583
1149,7,6,1,0,0,7,0.1945764319427726
1150,6,6,0,0,0,6,0.3468451009582912
1151,16,13,2,0,1,10,0.62251340734861
1152,24,10,12,0,2,10,0.5376004268921462
1153,41,10,17,0,14,10,0.6473926076731151
1154,31,15,8,0,8,10,0.44497060439593256
1155,17,11,5,0,1,10,0.6314601117521397
1156,33,11,11,0,11,10,0.6477737065978677
1157,212,10,24,0,178,10,0.6099529168097492
1158,43,20,13,0,10,10,0.16217781322318253
1159,65,9,18,1,37,10,0.7052630351247138
1160,4,3,0,0,1,3,0.5256869185961268
1161,6,5,0,0,1,5,0.43971241913326675
1162,27,13,2,1,11,10,0.5154642928520177
1163,9,8,0,0,1,8,0.6291266044989234
1164,62,12,21,0,29,10,0.713957571632597
1165,19,15,0,0,4,10,0.6977318431875601
1167,17,10,6,0,1,10,0.6621048924696793
1168,71,10,30,4,27,10,0.6607652453464645
1169,146,16,7,8,115,10,0.5985152371131011
1170,46,12,26,0,8,10,0.7570623125596805
1171,178,10,29,1,138,10,0.7335768931314477
1172,78,13,27,0,38,10,0.7591835033963608
1173,55,15,11,0,29,10,0.550314068744518
1174,1078,10,38,1,1029,10,0.918055926909691
1175,127,10,31,0,86,10,0.7443915430493473
1176,240,10,27,0,203,10,0.8024912934492563
1177,1354,10,50,4,1290,10,0.8512609391232591
1178,12,10,1,0,1,10,0.5781393301026224
1179,59,11,19,0,29,10,0.7025875665425779
1180,131,10,30,0,91,10,0.8148626068329958
1181,106,10,25,2,69,10,0.7222120940119177
1182,157,10,23,2,122,10,0.8029086494172875
1183,73,20,27,1,25,10,0.1293694287405348
1184,260,10,54,9,187,10,0.8293883468740824
1185,191,10,41,0,140,10,0.7890763183515648
1186,12,12,0,0,0,10,0.6679930626399782
1187,12,10,2,0,0,10,0.6309734252788015
1188,13,11,2,0,0,10,0.4854528859915375
1189,70,11,32,0,27,10,0.8700457769115497
1190,59,12,26,0,21,10,0.6964617059779818
1191,4,4,0,0,0,4,0.1936140598316058
1192,8,8,0,0,0,8,0.5538725996090524
1193,9,9,0,0,0,9,0.5814226243271344
1194,16,12,2,0,2,10,0.5922014036004737
1195,5,5,0,0,0,5,0.5160268074318151
1196,4,4,0,0,0,4,0.2188482461942931
1197,5,5,0,0,0,5,0.4088029427350074
1198,3,3,0,0,0,3,0.003566045347693379
1199,32,12,12,3,5,10,0.731866914566164
1200,74,11,36,0,27,10,0.7537889514390749
1201,278,10,31,10,227,10,0.8491937630076722
1202,3,3,0,0,0,3,0.032590041904988765
1204,17,10,7,0,0,10,0.7780368002842153
1205,16,14,2,0,0,10,0.5926630248428985
1206,14,10,4,0,0,10,0.5740415173631133
1207,26,11,13,0,2,10,0.4452854197531605
1208,84,10,31,0,43,10,0.7874306982596712
1209,31,14,14,0,3,10,0.5294680937333819
1210,188,10,66,0,112,10,0.7117830952846134
1211,252,10,61,0,181,10,0.7938275858045849
1212,8000,12,45,0,7943,10,0.7852402702535745
1213,76,11,40,1,24,10,0.6601800029487699
1214,111,11,53,0,47,10,0.5608971978186268
1215,109,11,52,0,46,10,0.7605733035172852
1216,42,12,15,0,15,10,0.6336349569723942
1217,53,12,19,0,22,10,0.7304772181554439
1218,57,13,17,0,27,10,0.596303473975654
1219,121,12,57,0,52,10,0.6304623368619772
1220,22,13,8,0,1,10,0.11454856227957858
1221,29,11,13,0,5,10,0.5779895395177752
1222,40,11,15,0,14,10,0.5832116009898971
1223,92,13,42,0,37,10,0.5250102282737344
1224,43,11,22,0,10,10,0.7684734099201646
1225,38,11,16,0,11,10,0.7081350367779149
1226,59,11,27,0,21,10,0.8516022710770208
1227,345,10,42,0,293,10,0.8814008824369323
1228,73,11,27,0,35,10,0.9140534241572515
1229,29,11,12,0,6,10,0.540820647866386
1230,14,11,0,3,0,10,0.659598017302843
1231,17,11,0,4,2,10,0.7039157217440127
1232,20,13,5,0,2,10,0.7240016301923886
1233,15,14,0,0,1,10,0.7136062244897874
1234,94,10,40,0,44,10,0.8805526758992356
1235,94,10,39,0,45,0,nan
1236,85,10,28,1,46,10,0.6469769158327292
1237,122,10,25,0,87,10,0.798990657552588
1238,60,11,24,0,25,10,0.8260535541744922
1239,476,10,55,0,411,10,0.8782665383398967
1240,5,5,0,0,0,5,0.5467741463947055
1241,7,7,0,0,0,7,0.5760137579874399
1242,326,10,50,0,266,10,0.8311319184575272
1243,40,11,25,0,4,10,0.4660269885698429
1244,254,10,68,0,176,10,0.8830421998848508
1245,290,20,72,3,195,10,0.6546077589080687
1246,253,21,68,3,161,10,0.8004824907456303
1247,144,10,57,4,73,10,0.6349106944005095
1248,11,10,1,0,0,10,0.4126671143909334
1249,357,10,53,0,294,10,0.8312020661982021
1250,313,10,56,0,247,10,0.8350585313133945
1251,282,10,58,0,214,10,0.7703634853647802
1252,41,12,22,2,5,10,0.43765112199856804
1253,87,11,54,0,22,10,0.8070963075336891
1254,494,10,69,7,408,10,0.7941662220787744
1255,42,12,22,0,8,10,0.6204330195946792
1256,101,10,35,0,56,10,0.8514868306318338
1257,79,12,33,0,34,10,0.8619014247348633
1258,58,11,29,0,18,10,0.7946378252667912
1259,71,10,32,0,29,10,0.8414177597932082
1260,250,10,52,0,188,10,0.8896113931597887
1261,228,10,54,0,164,10,0.8777101864607602
1262,149,11,53,0,85,10,0.7940291560120489
1263,244,10,74,0,160,10,0.8413798490620005
1264,42,14,24,1,3,10,0.1377362803226827
1265,12,10,2,0,0,10,0.2740442885264767
1266,20,11,9,0,0,10,0.49657387332943737
1267,4,4,0,0,0,4,0.5181031237120022
1268,1010,10,52,0,948,10,0.8441934431906022
1269,11,11,0,0,0,10,0.6824059025742788
1270,57,19,3,26,9,10,0.06385385673977792
1271,285,10,65,0,210,10,0.8634959399015001
1272,20,11,9,0,0,10,0.714914840105741
1273,20,13,7,0,0,10,0.6157411607071835
1274,88,10,31,0,47,10,0.8125324606115292
1275,23,12,7,0,4,10,0.6692325511051525
1276,132,10,29,0,93,10,0.8806268130944547
1277,156,10,24,2,120,10,0.7631507452509267
1278,269,10,40,1,218,10,0.8741502933897212
1279,136,10,27,0,99,10,0.8531241719776237
1280,767,11,80,0,676,10,0.849683421244946
1281,535,10,59,0,466,10,0.8832105204215445
1282,250,10,43,0,197,10,0.7211297462238653
1283,91,10,41,0,40,10,0.5781406031431556
1284,58,12,32,0,14,10,0.5095629844105369
1285,186,10,53,0,123,10,0.7755871300281842
1286,76,11,40,3,22,10,0.7113746700589014
1287,170,11,56,0,103,10,0.8991893250649153
1288,76,12,38,1,25,10,0.6646971523782801
1289,630,20,72,0,538,9,0.7651250905742927
1290,654,16,73,0,565,10,0.8085815829443906
1291,350,10,62,0,278,10,0.9192937465042218
1292,228,0,3,45,180,10,0.00015621308836310334
1293,100,12,4,14,70,10,0.011060405078171343
1294,10,10,0,0,0,10,0.6458442823234707
1295,22,11,10,0,1,10,0.7354727651812475
1296,75,9,3,11,52,10,0.008076952312672483
1297,105,13,29,0,63,10,0.4395993532365343
1298,198,12,43,0,143,10,0.7220514672702005
1299,35,11,17,3,4,10,0.7494314252717134
1300,11,11,0,0,0,10,0.5128034125883049
1301,646,10,54,12,570,10,0.8058807633506937
1302,72,12,20,1,39,10,0.7622787597538939
1303,264,11,30,2,221,10,0.7674631681457826
1304,1290,11,27,0,1252,10,0.8778617960183932
1305,524,11,57,0,456,10,0.9055215583597445
1306,240,11,40,18,171,10,0.668378043209774
1307,104,10,34,0,60,10,0.7460128216024265
1308,78,11,28,0,39,10,0.7719078922656748
1309,94,10,35,0,49,0,nan
1310,78,11,28,0,39,0,nan
1311,870,10,85,34,741,10,0.7822751821611436
1312,90,17,23,8,42,10,0.055398680304969514
1313,947,10,100,0,837,10,0.7186121278788756
1314,58,12,25,0,21,10,0.5256202733160897
1315,19,12,6,0,1,10,0.5959114829458929
1316,27,17,1,8,1,10,0.16410945509452446
1317,20,13,1,5,1,10,0.48577990333493937
1318,14,11,2,1,0,10,0.535836921534326
1319,15,12,2,1,0,10,0.19804890219729335
1320,25,12,8,0,5,10,0.34796705477916134
1321,25,10,14,0,1,10,0.590889122971529
1322,20,14,4,2,0,10,0.5901845482270096
1323,15,12,2,1,0,10,0.695688197490234
1324,10,10,0,0,0,10,0.4595100054762336
1325,18,12,6,0,0,10,0.6088952431352007
1326,22,12,4,3,3,10,0.5123858535034032
1327,32,11,17,0,4,10,0.7192464421133529
1328,30,11,18,0,1,10,0.5459229153493843
1329,213,10,38,0,165,10,0.7558152634168661
1330,293,10,41,0,242,10,0.9191528835434657
1331,130,11,42,0,77,10,0.7586086760323847
1332,284,11,64,5,204,10,0.8594042364688732
1333,171,10,43,10,108,10,0.6835914496540079
1334,175,16,47,30,82,10,0.7456135589042641
1335,25,12,2,5,6,10,0.2259716480399959
1336,73,10,19,7,37,10,0.8041436545370881
1337,91,10,24,8,49,10,0.8520403817500757
1338,67,12,24,3,28,10,0.646211373388654
1339,750,10,56,0,684,10,0.9059631256328423
1340,35,12,14,0,9,10,0.6256726150413181
1341,404,10,61,0,333,10,0.6016348536430639
1342,215,11,61,0,143,10,0.8483818000807413
1343,227,11,38,1,177,10,0.8546981458659151
1344,424,14,47,1,362,10,0.8423763613502513
1345,51,13,23,2,13,10,0.10571220272652573
1346,72,10,31,0,31,2,0.7063277884123917
1347,53,14,24,2,13,0,nan
1348,72,10,30,0,32,8,0.7011152662911384
1349,11,10,1,0,0,10,0.6234356578384286
1350,12,11,1,0,0,10,0.7172271516963294
1351,13,11,2,0,0,10,0.6690232552076787
1352,77,11,37,0,29,10,0.8392675267113218
1353,68,10,29,0,29,10,0.7500551079371562
1354,6,6,0,0,0,6,0.12280510447909065
1355,10,10,0,0,0,10,0.5712066453474206
1356,13,12,1,0,0,10,0.7115246299526078
1357,21,12,9,0,0,10,0.6544155444500659
1358,4,4,0,0,0,4,0.6239166406961132
1359,6,6,0,0,0,6,0.12770002434143293
1360,6,6,0,0,0,6,0.5508859462323779
1362,29,12,11,2,4,10,0.8157401740649064
1363,87,11,43,0,33,10,0.7952286467598031
1364,348,10,39,9,290,10,0.864455971382585
1365,2,2,0,0,0,2,0.19865627185773302
1366,3,3,0,0,0,3,0.11938328792442839
1367,455,16,48,0,391,10,0.7900426879962381
1368,6,6,0,0,0,6,0.2297388147616784
1369,6,6,0,0,0,6,0.5171904124030868
1370,30,13,6,0,11,10,0.6427706388909009
1371,15,11,1,0,3,10,0.4985017237767263
1372,62,11,23,1,27,10,0.6429478842944304
1373,23,13,6,1,3,10,0.6839620822770927
1374,63,12,18,0,33,10,0.7009402356761727
1375,75,11,34,3,27,10,0.6347267147024489
1376,414,13,42,29,330,10,0.8380200093274993
1377,25,10,12,0,3,10,0.5492398119072949
1378,93,11,30,3,49,10,0.7110367507277053
1379,166,10,10,10,136,10,0.7487982121006387
1380,48,13,25,0,10,10,0.7892043107564346
1381,214,10,32,1,171,10,0.9020621785732424
1382,84,12,29,0,43,10,0.841698812417437
1383,57,15,16,0,26,10,0.7437544591852496
1384,403,15,47,12,329,10,0.7282131474074561
1385,50,12,28,0,10,10,0.5854516809548116
1386,271,10,45,0,216,10,0.7754555900127933
1387,1,1,0,0,0,1,0.3807263456041567
1388,1,1,0,0,0,1,0.10053249380513773
1389,2,2,0,0,0,2,0.30330576217985383
1390,31,15,8,0,8,10,0.6425278282122026
1391,11,7,3,0,1,10,0.3477390829901763
1392,767,19,44,6,698,10,0.06514688565683964
1393,170,10,48,0,112,10,0.9136775599610163
1394,278,10,75,0,193,10,0.8532486779510672
1395,9,9,0,0,0,8,0.6439878770548306
1396,16,11,4,0,1,0,nan
1397,21,10,11,0,0,5,0.44797059347181056
1398,7,7,0,0,0,1,0.024259662302228112
1399,22,11,10,0,1,10,0.49500987406221336
1400,21,10,11,0,0,5,0.43316924272647367
1401,1390,11,45,0,1334,10,0.930536573624754
1402,44,11,21,0,12,10,0.810973739060086
1403,36,11,17,0,8,10,0.7626647537111584
1404,111,10,56,0,45,10,0.9223333376727594
1405,143,10,64,0,69,10,0.6868257184089054
1406,73,10,37,0,26,10,0.8841524301746335
1407,82,10,41,0,31,10,0.7795320602991482
1408,125,10,65,0,50,10,0.7186512033537901
1409,4853,11,59,0,4783,10,0.919515295516755
1410,50,12,27,0,11,10,0.7906628704627504
1411,54,11,31,2,10,10,0.7085592336846532
1412,56,12,34,0,10,10,0.6475096964371918
1413,9,9,0,0,0,9,0.4991013440067097
1414,36,13,18,2,3,10,0.5636245607726154
1415,2592,10,56,0,2526,10,0.8772953460678617
1416,10,10,0,0,0,10,0.16536430262860244
1417,148,12,56,0,80,10,0.7290104478435924
1418,137,10,58,5,64,10,0.883347215640478
1419,222,11,59,0,152,10,0.8538386245236116
1420,103,16,45,0,42,10,0.7891298709506281
1421,42,11,19,0,12,10,0.5854379352213744
1422,37,12,10,1,14,10,0.5045763030657375
1423,44,12,16,0,16,10,0.6382859610166549
1424,68,12,26,1,29,10,0.5974836589726977
1425,61,11,27,0,23,10,0.7208813465709418
1426,119,10,37,0,72,10,0.6938620665844865
1427,40,11,11,0,18,10,0.6800209608762624
1428,74,11,32,2,29,10,0.7005893101378644
1429,10,9,1,0,0,10,0.6051634336521994
1430,1028,10,47,4,967,10,0.7463403690091519
1431,89,10,51,2,26,10,0.8331037507141494
1432,112,11,55,4,42,10,0.802019366028426
1433,138,11,41,6,80,10,0.5959974243847419
1434,79,10,43,0,26,10,0.8470868468107565
1435,59,13,31,0,15,10,0.7860525562002009
1436,60,11,31,0,18,10,0.7599098368636772
1437,658,10,74,29,545,10,0.8581524212831708
1438,74,10,44,1,19,10,0.7326251295117127
1439,431,12,60,0,359,10,0.7625372502063519
1440,26,10,14,0,2,10,0.687339430288229
1441,5210,11,41,0,5158,10,0.8881050523908238
1442,96,10,50,0,36,10,0.8188989715164321
1443,230,10,41,0,179,10,0.8408719394083488
1444,128,10,40,0,78,10,0.79921153040362
1445,112,12,49,0,51,10,0.6332090561437222
1446,256,10,17,0,229,10,0.8429048677896102
1447,48,13,20,0,15,10,0.8206152177418796
1448,59,10,31,0,18,10,0.7635800385233289
1449,38,10,17,0,11,10,0.8194454481999469
1450,45,12,23,1,9,10,0.7774339754081616
1451,2242,14,42,4,2182,10,0.3550283684427942
1452,68,11,41,0,16,10,0.6144521398237126
1453,63,10,33,1,19,10,0.4861967957389429
1454,32,12,14,0,6,10,0.6203708948596772
1455,18,10,7,0,1,10,0.7308608196618385
1456,3,3,0,0,0,3,0.1413527181303282
1457,2,2,0,0,0,2,0.17194998201822642
1458,2,0,0,2,0,2,3.0452830480084595e-06
1459,31,12,17,0,2,10,0.7613408721194517
1460,287,10,87,0,190,10,0.9135404329955348
1461,30,13,13,0,4,10,0.09212466843911343
1462,8,5,2,0,1,8,0.021006948566273567
1463,7,3,1,1,2,7,0.0007250952838965247
1464,4452,11,57,0,4384,10,0.7218119559159857
1465,42,12,17,2,11,10,0.7102904194055751
1466,58,11,36,0,11,10,0.7326801947211793
1467,38,11,21,0,6,10,0.5296877297995457
1468,25,12,12,0,1,10,0.5382593996101297
1469,84,10,43,0,31,10,0.8423238189637743
1470,124,10,62,0,52,10,0.8958257629423929
1471,1850,12,48,0,1790,10,0.9381127092153674
1472,544,14,55,3,472,10,0.9110769047320989
1473,644,11,68,1,564,10,0.8419614037045116
1474,134,10,50,0,74,10,0.7649413996715022
1475,49,14,20,0,15,10,0.7330394792394803
1476,87,10,37,0,40,10,0.785584193973226
1477,340,10,59,0,271,10,0.7350965975584007
1478,65,11,25,0,29,10,0.8382252136659458
1479,42,17,17,4,4,10,0.6218609090826985
1480,64,11,28,0,25,10,0.8184134682792115
1481,133,11,43,0,79,10,0.8596245982198256
1482,86,10,32,0,44,10,0.7590939945573969
1483,31,13,9,1,8,10,0.6545818785844758
1484,73,11,27,7,28,10,0.7208206930094512
1485,35,11,14,0,10,10,0.7305902692743509
1486,116,10,51,0,55,10,0.5173749798298317
1487,113,10,59,0,44,10,0.695461103570943
1488,38,11,25,0,2,10,0.2668804330142013
1489,177,10,68,0,99,10,0.7905146764547533
1490,40,11,23,0,6,10,0.3729951869429761
1491,833,10,82,0,741,10,0.7705958744357563
1492,47,15,17,1,14,10,0.6127307035201308
1493,81,13,30,1,37,10,0.5835257573020204
1494,114,10,43,4,57,10,0.84311986189977
1495,89,11,43,4,31,10,0.6346616470454549
1496,81,12,25,6,38,10,0.6221241089293471
1497,93,14,26,2,51,10,0.6866171936846958
1498,72,12,27,0,33,10,0.6201137709596088
1499,104,12,37,8,47,10,0.7880728116581137
1500,63,13,23,2,25,10,0.6345424782906478
1501,81,11,33,0,37,10,0.5224780407818579
1502,84,10,34,0,40,10,0.6530190952895334
1503,80,12,26,0,42,10,0.6775903505505343
1504,172,9,29,0,134,10,0.6203766655529672
1505,964,10,47,0,907,10,0.826300405317046
1506,27,12,7,0,8,10,0.6335740586752777
1507,26,13,10,0,3,10,0.7577107202933892
1508,126,10,40,9,67,10,0.7315570043179085
1509,112,10,28,0,74,10,0.6569723353327254
1510,105,10,32,3,60,10,0.7603373923855998
1511,206,10,49,0,147,10,0.8215413803594844
1512,24,12,9,0,3,10,0.6271026951399559
1513,17,12,4,0,1,10,0.6932818006904882
1514,27,14,10,0,3,10,0.7840124995926331
1515,40,14,20,0,6,10,0.5878776123222988
1516,26,13,11,0,2,10,0.5579759323873847
1517,78,10,43,0,25,10,0.7782368733374827
1518,112,13,46,0,53,10,0.553163670751291
1519,31,16,11,0,4,10,0.49053216609427663
1520,486,10,52,0,424,10,0.8258608240590462
1521,177,10,38,4,125,10,0.7377540733959973
1522,615,10,54,0,551,10,0.8197282282790057
1523,752,10,76,2,664,10,0.8871118406265951
1524,144,10,42,0,92,10,0.7921395933384703
1525,85,13,44,0,28,10,0.6019536063261954
1526,153,10,32,0,111,10,0.8967081301691917
1527,40,11,26,0,3,10,0.5709663320560958
1528,78,10,39,0,29,10,0.7469685075124495
1529,2577,10,56,5,2506,10,0.8382147661290361
1530,618,10,36,15,557,10,0.8016260207778365
1531,94,10,52,0,32,10,0.8582747908468774
1532,14,10,3,0,1,10,0.38832067495920464
1533,8,8,0,0,0,8,0.15395141631447834
1534,20,12,7,0,1,10,0.4261530127504979
1535,28,11,11,0,6,10,0.6938408723387837
1536,32,12,6,2,12,10,0.6388715672842668
1537,42,11,20,1,10,10,0.72086676102705
1538,15,11,3,0,1,10,0.4728329638367528
1539,37,13,16,0,8,10,0.4635440048717415
1540,95,10,39,0,46,10,0.8621909350363726
1541,105,10,42,3,50,10,0.7778540921161206
1542,143,11,33,5,94,10,0.6149644873092175
1543,79,10,35,0,34,10,0.7478136156730925
1544,60,13,25,0,22,10,0.7793193125754279
1545,52,12,28,0,12,10,0.7438575272163928
1546,167,10,35,5,117,10,0.8449895135284565
1547,11,10,1,0,0,10,0.6793535286454409
1548,8,8,0,0,0,8,0.4995565393251924
1549,53,13,16,0,24,10,0.7670905905090036
1550,24,9,12,0,3,10,0.7891888019295432
1551,106,12,33,0,61,10,0.7695418337337674
1552,26,11,11,0,4,10,0.738260422803706
1553,88,10,25,0,53,10,0.7604327120638487
1554,100,10,48,3,39,10,0.753226261399977
1555,872,10,62,15,785,10,0.9249603107680988
1556,35,14,14,0,7,10,0.5861608468158823
1557,141,11,45,4,81,10,0.821566431391654
1558,237,11,22,9,195,10,0.6093086490190273
1559,88,10,42,0,36,10,0.8314825027259098
1560,305,10,42,3,250,10,0.8918113845454056
1561,134,10,44,0,80,10,0.8875410363857612
1562,86,13,30,0,43,10,0.7590095059307789
1563,21,11,9,0,1,10,0.6251169680283071
1564,42,11,19,0,12,10,0.774479880748209
1565,1386,10,47,0,1329,10,0.8896024293782939
1566,11,10,0,0,1,10,0.381369034871715
1567,14,10,3,0,1,10,0.6877661990203785
1568,184,10,45,0,129,10,0.8415669147611768
1569,181,10,38,2,131,10,0.8581993255306075
1570,348,10,44,0,294,10,0.8713725499621062
1571,190,10,38,0,142,10,0.7879748888740703
1572,444,11,56,0,377,10,0.7912341527239318
1573,16,11,5,0,0,10,0.6389943806543311
1574,20,13,7,0,0,10,0.7574853986243406
1575,2,2,0,0,0,2,0.7181509346718513
1576,4,4,0,0,0,4,0.39062810861469266
1577,3,3,0,0,0,3,0.3585500690003997
1578,3,3,0,0,0,3,0.1144314026707253
1579,80,10,45,0,25,10,0.8057216214970027
1580,1880,10,35,0,1835,10,0.9245648562331652
1581,29,13,11,0,5,10,0.6054013120796362
1582,29,14,13,0,2,10,0.42008483107440053
1583,27,11,16,0,0,10,0.41769746837187005
1584,246,10,62,0,174,10,0.7651494624308051
1585,59,14,19,2,24,10,0.3883395714904273
1586,64,13,42,0,9,10,0.2369559011481066
1587,143,10,51,0,82,10,0.5412562710514122
1588,92,10,49,0,33,10,0.8529483176246677
1589,57,16,20,11,10,10,0.29476649871514626
1590,32,12,20,0,0,10,0.6898184361388325
1591,3,3,0,0,0,3,0.03479851664178789
1592,27,11,4,1,11,10,0.7657877267679027
1593,24,13,6,0,5,10,0.5985812916276771
1594,21,11,10,0,0,10,0.6469987108398914
1595,38,11,15,0,12,10,0.7494733900965487
1596,104,10,29,0,65,10,0.859290074031489
1597,3,2,0,1,0,2,0.35183809170136693
1598,7,6,0,1,0,7,0.5863308465397804
1599,5,5,0,0,0,5,0.3914908245118318
1600,13,13,0,0,0,10,0.4170724947017192
1601,9,9,0,0,0,9,0.4657501866497417
1602,168,16,9,11,132,10,0.1516164615162469
1603,3,3,0,0,0,3,0.20108566617932244
1604,47,13,29,0,5,10,0.3744186110323447
1605,49,12,28,0,9,10,0.3422937957589918
1606,95,13,52,0,30,10,0.4805004135961355
1607,121,10,58,0,53,10,0.493249117881685
1608,100,12,49,0,39,10,0.4743089808974339
1609,69,10,34,0,25,10,0.24459973982193922
1610,1168,10,81,0,1077,10,0.7258744039725167
1611,1132,11,34,0,1087,10,0.8165794483996325
1612,30,11,11,0,8,10,0.5794445322840176
1613,45,13,21,0,11,10,0.7762432260265713
1614,25,11,7,0,7,10,0.7896273608233708
1615,23,12,11,0,0,10,0.6482957200276798
1616,26,13,11,0,2,10,0.7837549987303768
1617,1768,11,36,0,1721,10,0.9092076150898476
1618,103,14,7,2,80,10,0.7238970216207408
1619,8,8,0,0,0,8,0.5307786982770233
1620,18,12,5,0,1,10,0.8131654485138006
1621,12,10,1,0,1,10,0.6779070977941188
1622,22,12,7,1,2,10,0.6515900149667917
1623,21,12,8,0,1,10,0.5208360070553146
1624,27,12,11,0,4,10,0.6489839166157774
1625,35,11,14,2,8,10,0.6398806943402888
1626,22,10,0,9,3,10,0.008751498839389313
1627,31,12,3,13,3,10,0.03218028819011844
1628,76,10,37,0,29,10,0.8448518615846462
1629,424,13,52,0,359,10,0.8234203929979798
1630,587,10,85,0,492,10,0.8565428211225494
1631,26,21,2,2,1,10,0.05213699581688827
1632,1356,10,50,0,1296,10,0.8884838392466659
1633,11,11,0,0,0,10,0.5871632556111391
1634,100,12,47,0,41,10,0.8021226507876227
1635,49,13,27,0,9,10,0.801385668180454
1636,114,11,50,0,53,10,0.8600327963953772
1637,70,10,42,0,18,10,0.7377899277918603
1638,84,16,36,0,32,10,0.6478104032343905
1639,51,11,25,0,15,10,0.7704015647623559
1640,22,11,10,0,1,10,0.6547135213156672
1641,39,11,25,0,3,10,0.7873626703800866
1642,19,12,6,0,1,10,0.7145157729040827
1643,29,12,7,1,9,10,0.6359825238135893
1644,33,11,16,0,6,10,0.8461793777470703
1645,1344,13,90,0,1241,10,0.8714434350858702
1646,4548,12,74,0,4462,10,0.869211310326371
1647,32,13,17,0,2,10,0.5964326643465406
1648,144,10,52,0,82,10,0.7148777127134172
1649,228,10,81,0,137,10,0.6863516236163464
1650,291,10,36,0,245,10,0.8568628897821193
1651,176,10,65,0,101,10,0.8332233070008963
1652,76,14,28,0,34,10,0.7131046657329048
1653,49,12,24,1,12,10,0.6870865808897578
1654,54,12,20,2,20,10,0.6603496185629661
1655,53,13,20,0,20,10,0.6035338055161679
1656,73,14,27,0,32,10,0.6280220652856047
1657,40,14,15,3,8,10,0.6588430036869484
1658,352,10,53,0,289,10,0.7562754447537918
1659,50,13,21,0,16,10,0.6380180355405918
1660,65,13,27,0,25,10,0.7682142257334734
1661,40,10,19,0,11,10,0.5030986933415866
1662,239,10,42,0,187,10,0.8712887372668224
1663,38,11,22,0,5,10,0.5882479444539166
1664,135,10,54,0,71,10,0.8251456877405117
1665,160,10,59,0,91,10,0.7602813444509307
1666,50,13,23,0,14,10,0.5503879605630706
1667,59,12,24,0,23,10,0.7384119649071552
1668,67,13,21,0,33,10,0.7640054454973964
1669,101,10,37,0,54,10,0.6877049040755385
1670,160,10,48,8,94,10,0.8174376315857037
1671,124,11,54,3,56,10,0.6149273462066005
1672,46,21,6,15,4,10,0.22565947080010243
1673,36,21,8,4,3,10,0.11822519562940219
1674,11,11,0,0,0,10,0.3921549679317856
1675,6,6,0,0,0,6,0.4074538262844488
1676,8,8,0,0,0,8,0.649190812094892
1677,5,5,0,0,0,5,0.42710234194656643
1678,5,5,0,0,0,5,0.4775227357584064
1679,7,7,0,0,0,7,0.494553558004697
1680,5,5,0,0,0,5,0.5224297936129144
1681,7,7,0,0,0,7,0.4819743485650995
1682,6,6,0,0,0,6,0.5443113705247249
1683,15,11,4,0,0,10,0.7770960674662137
1684,45,13,22,0,10,10,0.7704761525250866
1685,122,10,38,0,74,10,0.774664780313086
1686,34,12,17,0,5,10,0.6191829935775235
1687,947,11,70,0,866,10,0.8610184814055128
1688,11,10,1,0,0,10,0.4618131035882319
1689,31,11,16,0,4,10,0.7169111388516782
1690,62,12,27,0,23,10,0.79315100643888
1691,59,10,29,0,20,10,0.7717700610245966
1692,39,12,17,0,10,10,0.8164984716360049
1693,18,10,6,0,2,10,0.5778401575342138
1694,9,8,0,0,1,8,0.6315964135260088
1695,10,6,0,4,0,6,0.5269867073973978
1696,12,10,0,2,0,10,0.6577219694704365
1697,11,9,0,2,0,9,0.7037311114643325
1698,69,13,32,0,24,10,0.8125229124638388
1699,37,11,13,0,13,10,0.7281745093142569
1700,59,12,27,0,20,10,0.7878155115368815
1701,26,12,13,0,1,10,0.7484713109787118
1702,41,12,19,0,10,10,0.7311976705700897
1703,35,12,15,0,8,10,0.5216481649697262
1704,790,10,67,0,713,10,0.9063120698953755
1705,13,11,2,0,0,10,0.6380564471689261
1706,289,10,41,0,238,10,0.8973824841136924
1707,26,13,11,0,2,10,0.7787152386707268
1708,15,11,3,0,1,10,0.7346593071148448
1709,19,11,3,1,4,10,0.7387097622291605
1710,121,10,33,8,70,10,0.7052634612910695
1711,81,16,9,10,46,10,0.04402161593269795
1712,561,10,52,0,499,10,0.8359062754289215
1713,73,10,35,0,28,10,0.8758307918385548
1714,63,13,28,0,22,10,0.7661768599226864
1715,97,10,28,0,59,10,0.750437207071333
1716,48,12,22,0,14,10,0.706233850838451
1717,20,11,6,0,3,10,0.7393040857832442
1718,127,10,28,3,86,10,0.7647665003895516
1719,75,10,25,0,40,10,0.7540647088549643
1720,253,11,46,0,196,10,0.9099437021526391
1721,64,12,38,0,14,10,0.4390802717296797
1722,53,11,37,0,5,10,0.6595616206751642
1723,133,10,47,0,76,10,0.8664245487178112
1724,73,10,39,0,24,10,0.7740502544146872
1725,113,13,25,0,75,10,0.7345648104516598
1726,49,11,25,0,13,10,0.9039623729953494
1727,1535,10,52,0,1473,10,0.9090929829455205
1728,90,10,35,0,45,10,0.6891539043145471
1729,30,10,11,0,9,10,0.6068512008550296
1730,33,11,17,0,5,10,0.6576252142672782
1731,24,11,11,0,2,10,0.6826284562564924
1732,24,10,8,2,4,10,0.7611248234363952
1733,16,12,2,0,2,10,0.6213086998843669
1734,21,11,5,2,3,10,0.6179639253075595
1735,20,14,4,0,2,10,0.6278785169645867
1736,34,12,16,1,5,10,0.6543380049636891
1737,36,12,18,0,6,10,0.6234877791380178
1738,125,10,58,0,57,10,0.6910657004897407
1739,80,10,25,0,45,10,0.7042510537769826
1740,103,11,32,0,60,10,0.793636262234515
1741,712,10,73,0,629,10,0.7052106677205351
1742,108,9,35,0,64,10,0.16913106157792135
1743,223,12,32,0,179,10,0.6697471939885484
1744,302,10,52,0,240,10,0.19361604087747664
1745,938,10,58,0,870,10,0.6391708098057558
1746,199,10,57,0,132,10,0.5191473889072361
1747,113,11,45,0,57,10,0.8062107876513571
1748,18,14,2,0,2,10,0.023451926886974873
1749,24,11,11,0,2,10,0.1720569665616203
1750,737,10,57,0,670,10,0.7673964740343057
1751,21,12,8,0,1,10,0.7154178919189405
1752,872,12,53,10,797,10,0.04239186185945994
1753,1148,11,80,0,1057,10,0.8538492492173422
1754,49,12,22,2,13,10,0.5845285687459475
1755,9,9,0,0,0,9,0.5787927398700128
1756,10,10,0,0,0,10,0.5876914193710676
1757,16,11,4,0,1,10,0.5795614773428333
1758,2,0,1,1,0,2,0.004001480581990202
1759,10,10,0,0,0,10,0.7071353695881121
1760,4,4,0,0,0,4,0.4742884536874144
1761,22,11,10,0,1,10,0.5395493714824791
1762,22,11,9,0,2,10,0.4947266854848633
1763,63,11,27,0,25,10,0.6843556703652847
1764,43,11,14,0,18,10,0.7518610300983901
1765,63,13,18,0,32,10,0.6042086466862792
1766,73,13,24,0,36,10,0.49903185146275
1767,68,12,34,0,22,10,0.26887282633063947
1768,141,13,32,0,96,10,0.7955403152769138
1769,120,10,46,0,64,10,0.8551647482195889
1770,139,10,51,4,74,10,0.8544326935229444
1771,164,10,48,6,100,10,0.7478300781188669
1772,98,10,41,0,47,10,0.8017051294457438
1773,62,13,32,0,17,10,0.7267687041299666
1774,63,11,33,0,19,10,0.7566431781314213
1775,70,11,30,0,29,10,0.7036277818573069
1776,291,10,61,0,220,10,0.7762782685802387
1777,313,10,45,1,257,10,0.8371032119798273
1778,572,10,60,1,501,10,0.9076309581744455
1779,303,11,55,5,232,10,0.8199181340573949
1780,295,10,55,2,228,10,0.840934975469426
1781,156,10,44,0,102,10,0.6903927906614471
1782,40,12,26,0,2,10,0.5599033840420384
1783,38,11,23,0,4,10,0.6626871432455612
1784,119,10,57,0,52,10,0.7641970151544621
1785,538,10,62,0,466,10,0.8842630330479673
1786,20,10,9,0,1,10,0.5749310112589049
1787,143,10,65,0,68,10,0.8735779103855382
1788,83,11,43,0,29,10,0.7242460439162874
1789,178,22,6,2,148,10,0.2011283579577301
1790,2,0,0,0,2,2,6.330520340781936e-08
1791,2,1,0,0,1,2,0.0013673056600517837
1792,4,4,0,0,0,4,0.19461982416573043
1793,5,5,0,0,0,5,0.421561878002071
1794,42,10,24,0,8,10,0.4331174986655382
1795,69,10,36,0,23,10,0.8096323998034604
1796,107,11,47,0,49,10,0.7947720084051709
1797,641,10,73,0,558,10,0.6949242867741426
1798,68,14,8,1,45,10,0.16143934401353502
1799,274,11,43,23,197,10,0.7878495340519536
1800,200,10,49,9,132,10,0.7352455195603322
1801,302,10,43,14,235,10,0.7521653306920032
1802,57,14,28,0,15,10,0.5769934270308046
1803,294,11,31,10,242,10,0.568773552594558
1804,286,12,33,4,237,10,0.6616544088915077
1805,685,11,56,22,596,10,0.786615072620277
1806,528,17,42,16,453,10,0.6833881859418113
1807,214,10,55,14,135,10,0.7775829625808703
1808,741,11,75,5,650,10,0.8170677649671227
1809,140,13,45,0,82,10,0.7809637719530487
1810,1313,10,45,0,1258,10,0.8105935171916945
1811,14,13,1,0,0,10,0.6114573174207241
1812,142,10,57,0,75,10,0.31976288020810617
1813,54,16,21,4,13,10,0.5863962689374513
1814,173,11,35,2,125,10,0.07304375452313339
1815,85,11,37,0,37,10,0.2816945623084063
1816,33,10,18,0,5,10,0.6833712674208299
1817,59,12,23,0,24,10,0.7628854442204612
1818,166,13,41,11,101,10,0.7887511152164529
1819,230,10,38,4,178,10,0.724860169926459
1820,224,10,53,5,156,10,0.7682229238467615
1821,895,10,89,18,778,10,0.7819916096627268
1822,625,10,65,0,550,10,0.8032974662059527
1823,26,12,13,0,1,10,0.7876274839637416
1824,107,10,44,0,53,10,0.8213976026965621
1825,63,13,31,0,19,10,0.6931566648030028
1826,23,11,7,0,5,10,0.6087531761726552
1827,144,12,38,0,94,10,0.8187053871735692
1828,85,13,35,0,37,10,0.7085931878101308
1829,52,15,14,2,21,10,0.41599055462838147
1830,26,11,11,0,4,10,0.4296148672656651
1831,32,13,7,6,6,10,0.42580401829069003
1832,47,12,12,11,12,10,0.5277156175653662
1833,11,11,0,0,0,10,0.5667875245407901
1834,101,11,29,4,57,10,0.5052080002152579
1835,10,5,0,5,0,8,0.17409104629051214
1836,24,14,1,7,2,10,0.4214414018842967
1837,38,11,7,12,8,10,0.5959262455549171
1838,8,8,0,0,0,8,0.30002597876843007
1839,13,8,0,5,0,9,0.17019058670709297
1840,8,6,0,2,0,6,0.22692419596846772
1841,6,6,0,0,0,6,0.3581475933588273
1842,10,10,0,0,0,10,0.5094939104700256
1843,20,9,6,2,3,10,0.39469873995120536
1844,11,7,0,3,1,10,0.06597581481832045
1845,63,16,13,13,21,10,0.5598943364265907
1846,76,10,23,4,39,10,0.7064764234089336
1847,137,10,24,5,98,10,0.8193649782685974
1848,67,14,19,1,33,10,0.6590575044882674
1849,88,10,17,0,61,10,0.7323890228313376
1850,63,12,16,12,23,10,0.5412250679601271
1851,22,14,1,3,4,10,0.33127165276583936
1852,1,0,0,1,0,1,0.000921307529707197
1853,66,11,24,6,25,10,0.6868776978014534
1854,15,9,4,1,1,10,0.41977628520608556
1855,151,10,15,3,123,10,0.7350993665838943
1856,121,10,19,4,88,10,0.7306105925836619
1857,73,11,20,0,42,10,0.6596955112539211
1858,100,11,19,14,56,10,0.690745671123729
1859,12,9,1,1,1,10,0.22731907004110408
1860,85,11,23,5,46,10,0.558711193754246
1861,92,13,23,5,51,10,0.5990339357402923
1862,235,11,27,22,175,10,0.6986010546919366
1863,193,10,16,17,150,10,0.46852939289000806
1864,75,10,26,7,32,10,0.5397121034366755
1865,231,10,37,0,184,10,0.7686600917778458
1866,20,9,2,6,3,10,0.35331367102713435
1867,14,9,3,1,1,10,0.4592305480242871
1868,254,11,26,1,216,10,0.7904889612518651
1869,56,15,19,0,22,10,0.43014856697552195
1870,14,11,3,0,0,10,0.5334583994125865
1871,444,10,30,14,390,10,0.7948568453627106
1872,106,10,21,13,62,10,0.6657942577557039
1873,10,10,0,0,0,10,0.1677883319129615
1874,17,12,2,0,3,10,0.5781740565232834
1875,55,13,16,0,26,10,0.5951502984462724
1876,128,10,33,0,85,10,0.7542984537476659
1877,109,14,21,1,73,10,0.429402662483385
1878,21,11,5,1,4,10,0.6396496551439241
1879,7,7,0,0,0,7,0.5470691442650515
1880,366,10,37,12,307,10,0.753887791876347
1881,43,11,15,0,17,10,0.6599465434803251
1882,160,10,34,1,115,10,0.8111884363280657
1883,754,11,50,0,693,10,0.7673405019375559
1884,312,11,38,0,263,10,0.8865215142314706
1885,452,11,49,0,392,10,0.8834736952538657
1886,117,10,52,0,55,10,0.8289325586195206
1887,227,10,53,10,154,10,0.8115413069239301
1888,56,6,2,22,26,10,0.003592216526170441
1889,611,10,65,0,536,10,0.8522424210915341
1890,880,10,54,0,816,10,0.8466392353784755
1891,400,10,60,0,330,10,0.7579191450534031
1892,756,10,63,0,683,10,0.7339294433669078
1893,243,10,27,0,206,10,0.7481084521196711
1894,26,13,9,2,2,10,0.576640936805406
1895,16,11,4,0,1,10,0.5292686447990433
1896,200,12,34,5,149,10,0.7681218895070625
1897,177,10,48,3,116,10,0.6742670720691795
1898,450,10,49,6,385,10,0.6851411157536486
1899,368,14,42,0,312,10,0.836759274804604
1900,62,12,24,0,26,10,0.3279062544656821
1901,35,12,15,0,8,10,0.5330891636914226
1902,189,11,35,0,143,10,0.7089330124744139
1903,488,28,33,0,427,10,0.2960153342147443
1904,600,10,63,0,527,10,0.9060352517648427
1905,164,10,57,0,97,10,0.7109346748935681
1906,305,10,50,0,245,10,0.8505439507197683
1907,466,10,41,1,414,10,0.8651265501639602
1908,405,10,34,4,357,10,0.7192388555927862
1909,1736,10,59,17,1650,10,0.7625028107121063
1910,19,11,7,0,1,10,0.693876782135401
1911,78,10,31,0,37,10,0.7352793841078245
1912,8,8,0,0,0,8,0.4308481177835405
1913,44,11,24,0,9,10,0.6014426567057574
1914,480,10,63,6,401,10,0.8791846465264772
1915,34,11,20,0,3,10,0.7025834564271696
1916,72,10,35,0,27,10,0.8073415624620461
1917,52,12,25,0,15,10,0.782797419810279
1918,37,14,17,2,4,10,0.6282936300022244
1919,109,10,34,0,65,10,0.761935352663857
1920,96,10,30,1,55,10,0.8290381842711099
1921,576,12,54,0,510,10,0.8671333239884356
1922,1204,10,72,0,1122,10,0.8210722904459966
1923,156,14,57,15,70,10,0.5500999976333432
1924,912,6,15,8,883,10,0.007333277598151968
1925,46,13,26,0,7,10,0.5474927304448253
1926,171,10,32,0,129,10,0.7810561422489846
1927,163,11,46,0,106,10,0.4241173367929774
1928,239,11,79,0,149,10,0.5000571497691644
1929,67,13,32,0,22,10,0.5689877200500955
1930,181,11,50,5,115,10,0.7480804989969826
1931,217,11,51,1,154,10,0.8892674758715906
1932,893,18,42,10,823,10,0.13380383631942566
1933,1783,12,40,13,1718,10,0.6363537157047268
1934,166,10,60,2,94,10,0.7498117113085259
1935,193,28,49,1,115,10,0.47226566968605893
1936,1869,10,26,0,1833,10,0.6295011133573685
1937,29,12,14,0,3,10,0.5807114651674712
1938,12,11,0,0,1,10,0.527315109196234
1939,31,12,17,0,2,10,0.6739804422330193
1940,712,10,73,0,629,10,0.8642173629925676
1941,197,10,58,0,129,10,0.7083855794177311
1942,352,10,63,0,279,10,0.8879167615663559
1943,504,11,48,0,445,10,0.7463581358954208
1944,467,13,36,5,413,10,0.700840161475184
1945,1991,10,70,20,1891,10,0.7889793952248547
1946,235,21,59,0,155,10,0.380672296393953
1947,7,7,0,0,0,7,0.48045914783514665
1948,5,5,0,0,0,5,0.5231385365753639
1949,3,3,0,0,0,3,0.3162296680794163
1950,6,6,0,0,0,6,0.5316241168999694
1951,4,2,0,2,0,2,0.13838024802043702
1952,4,4,0,0,0,4,0.6194565799181286
1953,4,1,0,2,1,1,0.008515359852864899
1954,3,3,0,0,0,3,0.016082235379992735
1955,17,13,4,0,0,10,0.41344540088300186
1956,5,5,0,0,0,5,0.632820517180084
1957,3,3,0,0,0,3,0.5929858018646473
1958,34,11,10,2,11,10,0.7015606067429223
1959,22,11,7,0,4,10,0.7239631128305588
1960,7,7,0,0,0,7,0.510548681385356
1961,15,10,5,0,0,10,0.49865872862602834
1962,28,11,8,1,8,10,0.6255835753742109
1963,11,11,0,0,0,10,0.4819223902250157
1964,10,10,0,0,0,10,0.4155368463353971
1965,9,9,0,0,0,9,0.5835234309528659
1966,15,13,1,0,1,10,0.7134464264465549
1967,11,10,1,0,0,10,0.4117396584052956
1968,23,11,9,0,3,10,0.6103313100404877
1969,4,4,0,0,0,4,0.39388749920573946
1970,5,5,0,0,0,5,0.48669110863412307
1971,192,10,67,0,115,10,0.7788445978238572
1972,12,11,0,0,1,10,0.765177290712781
1973,11,11,0,0,0,10,0.46186075851470776
1974,2,2,0,0,0,2,0.2491104661477556
1975,3,2,0,1,0,3,0.044455033968057674
1976,15,10,5,0,0,10,0.7054982828920803
1977,2,2,0,0,0,2,0.17814377443058285
1978,5,5,0,0,0,5,0.4306794863671573
1979,2,2,0,0,0,2,0.15335400062434967
1980,6,6,0,0,0,6,0.5094356789832684
1981,6,6,0,0,0,6,0.36431694911345885
1982,10,10,0,0,0,10,0.43215715534433713
1983,10,8,1,0,1,10,0.3239368904271709
1984,1555,10,34,0,1511,10,0.9040385235372428
1985,24,12,11,0,1,10,0.676655438063861
1986,75,10,27,0,38,10,0.8405897960681481
1987,35,11,16,0,8,10,0.812425683941309
1988,7,4,0,2,1,5,0.289122968092151
1989,19,14,4,0,1,10,0.7241393592714618
1990,10,7,0,2,1,7,0.5770084799422588
1991,10,9,0,1,0,9,0.5143919228529263
1992,1562,12,53,1,1496,10,0.7758137540441825
1993,16,16,0,0,0,10,0.28525477275843447
1994,198,10,59,0,129,10,0.6809948309412033
1995,46,10,25,2,9,10,0.3227480494198596
1996,2129,11,29,7,2082,10,0.2289857741563581
1997,30,15,9,0,6,10,0.6178210310147793
1998,37,11,18,0,8,10,0.7402449448206758
1999,393,12,45,0,336,10,0.7785837125942251
2000,20,12,5,1,2,10,0.4163961079174523
2001,87,12,31,5,39,10,0.6389030740689796
2002,371,14,44,27,286,10,0.8323023536013012
2003,376,11,16,30,319,10,0.7537618380089195
2004,47,20,19,0,8,10,0.408206030493274
2005,303,10,28,15,250,10,0.8229611180101285
2006,69,14,31,2,22,10,0.6962661541736468
2007,621,10,53,21,537,10,0.8768503435546803
2008,144,10,33,5,96,10,0.7895918561195326
2009,261,10,25,3,223,10,0.6768490939557641
2010,154,10,31,3,110,10,0.6267328299417062
2011,137,11,29,3,94,10,0.6446979661823962
2012,24,13,8,0,3,10,0.48921204900732507
2013,272,10,26,6,230,10,0.7673608749608531
2014,222,10,41,0,171,10,0.7866286609549016
2015,317,11,34,15,257,10,0.7942116958679979
2016,52,12,25,0,15,10,0.6486645329490517
2017,102,10,39,0,53,10,0.8143762737389495
2018,39,12,15,0,12,10,0.7145503400091782
2019,257,10,30,6,211,10,0.7055437865778796
2020,86,10,34,4,38,10,0.7443148686422407
2021,51,16,15,13,7,10,0.5782523821581613
2022,383,12,38,0,333,10,0.6123942694607528
2023,52,15,22,0,15,10,0.18745856381995296
2024,17,12,4,0,1,10,0.10967000741345329
2025,155,10,56,0,89,10,0.7470180265877884
2026,99,10,44,0,45,10,0.7336505657090467
2027,139,10,61,0,68,10,0.7639249904359297
2028,69,10,35,0,24,10,0.8074966549688385
2029,1422,12,60,0,1350,10,0.6710775658252806
2030,31,12,16,0,3,10,0.7551468745575423
2031,729,10,93,0,626,10,0.7669484092284035
2032,38,12,19,0,7,10,0.5353712117652882
2033,21,11,9,0,1,10,0.5875629624521814
2034,67,11,17,5,34,10,0.8238586111366897
2035,21,12,2,0,7,10,0.47980254180022663
2036,64,11,19,5,29,10,0.7419051946229243
2037,58,11,19,1,27,10,0.7113352383723648
2038,54,12,15,5,22,10,0.5781950965314954
2039,63,12,22,0,29,10,0.7345526726805758
2040,119,10,42,5,62,10,0.8344353137607443
2041,67,10,25,0,32,10,0.8275598715163645
2042,6,6,0,0,0,6,0.7614914238004553
2043,2,1,1,0,0,2,0.0326675544819108
2044,101,10,40,0,51,10,0.7266417883617151
2045,88,10,27,1,50,10,0.8229467757182325
2046,17,13,2,2,0,10,0.3308047087721513
2047,6,6,0,0,0,6,0.5098171983875424
2048,17,10,6,0,1,10,0.4951002895618617
2049,33,10,17,0,6,10,0.7430062889526325
2050,26,14,10,0,2,10,0.8163897552807418
2051,38,11,20,0,7,10,0.47690776838129356
2052,17,12,5,0,0,10,0.7110468447407298
2053,473,10,54,0,409,10,0.9175605815250454
2054,22,11,8,0,3,10,0.4209292036455715
2055,12,11,0,0,1,10,0.4902395733556604
2056,10,10,0,0,0,10,0.5007923408524277
2057,6,6,0,0,0,6,0.2342690102222978
2058,7,5,0,2,0,5,0.28588291765863894
2059,5,5,0,0,0,5,0.21522753096738131
2060,5,5,0,0,0,5,0.3729292494966169
2061,7,7,0,0,0,7,0.4533947909716958
2062,10,8,0,2,0,8,0.6213496436376418
2063,12,11,1,0,0,10,0.4664349505220342
2064,39,12,15,0,12,10,0.6022216837774346
2065,296,11,14,1,270,10,0.6401952641507516
2066,2,2,0,0,0,2,0.2720851473396402
2067,14,12,1,0,1,10,0.5596237244544569
2068,7,6,0,1,0,7,0.3244350041128208
2069,9,8,0,0,1,9,0.5335501702915704
2070,11,10,0,0,1,10,0.2767666435633489
2071,21,10,0,3,8,10,0.6727872943736461
2072,14,13,0,1,0,10,0.5219613945239483
2073,21,11,5,4,1,10,0.6293293894809557
2074,9,8,0,1,0,8,0.4271257057173699
2075,3,3,0,0,0,3,0.3100993549453108
2076,3,1,0,1,1,3,0.001494961484588051
2077,7,6,0,1,0,6,0.2554816120880401
2078,2,2,0,0,0,2,0.13352203537215696
2079,2,0,0,2,0,1,0.00027888993158361623
2080,5,5,0,0,0,5,0.5501953269511703
2081,4,4,0,0,0,4,0.12617190384454896
2082,183,11,57,0,115,10,0.7071085806532604
2083,127,10,51,0,66,10,0.6689068191544344
2084,130,10,52,0,68,10,0.6685524242350487
2085,160,10,44,0,106,10,0.6155730270109885
2086,6507,15,33,0,6459,10,0.8390378961184527
2087,99,10,36,1,52,10,0.8023855343991335
2088,87,10,38,1,38,10,0.7430122257083919
2089,70,10,38,0,22,10,0.7620114430303708
2090,26,11,11,0,4,10,0.7338465189470247
2091,18,13,5,0,0,10,0.6681360464482498
2092,18,11,7,0,0,10,0.7338596631681491
2093,32,11,17,0,4,10,0.6803646031396737
2094,1,0,0,1,0,1,0.007992744358187935
2095,25,12,12,0,1,10,0.6615977947202338
2096,18,14,4,0,0,10,0.46394430078862026
2097,30,11,13,0,6,10,0.8120280522524617
2098,29,10,15,0,4,10,0.8656586038771559
2099,160,10,36,0,114,10,0.8359569377417002
2100,396,10,45,0,341,10,0.7757611804190281
2101,1795,10,45,0,1740,10,0.8944666839311666
2102,302,15,26,2,259,10,0.6479398498479542
2103,110,10,50,0,50,10,0.8182018745200289
2104,129,10,31,0,88,10,0.7012709181454914
2105,43,13,18,0,12,10,0.7699295939224969
2106,15,10,5,0,0,10,0.6839815177015038
2107,36,10,14,8,4,10,0.6066281457263336
2108,25,12,6,5,2,10,0.6086744592658279
2109,12,8,4,0,0,10,0.702804902231293
2110,6,6,0,0,0,6,0.5908996536628122
2111,31,13,10,3,5,10,0.4687438696966646
2112,38,12,15,2,9,10,0.8081037043610937
2113,19,13,1,2,3,10,0.7056256298655457
2114,38,13,13,7,5,10,0.6166794907522668
2115,28,11,7,0,10,10,0.6074288614465775
2116,70,12,35,0,23,10,0.5620547844054269
2117,15,11,3,0,1,10,0.4712959797104776
2118,20,9,1,6,4,10,0.5524382595956135
2119,36,11,11,7,7,10,0.6900962975085192
2120,20,12,4,2,2,10,0.3924142652107384
2121,14,12,0,2,0,10,0.34855042264922564
2122,43,13,10,9,11,10,0.5510461414719647
2123,49,12,13,10,14,10,0.574200397569469
2124,45,13,10,2,20,10,0.6895941500366156
2125,82,10,25,7,40,10,0.6664595098966579
2126,31,11,14,0,6,10,0.8325895337130291
2127,26,12,9,0,5,10,0.5874708748547642
2128,17,11,6,0,0,10,0.4713184536145024
2129,42,12,21,0,9,10,0.8035504970777874
2130,15,10,5,0,0,10,0.707510314014627
2131,35,11,10,7,7,10,0.6286148339133566
2132,26,11,11,4,0,10,0.6105566744997826
2133,10,10,0,0,0,10,0.7092825645143598
2134,55,12,30,0,13,10,0.7718419725895573
2135,89,10,23,0,56,10,0.8057184308815135
2136,436,10,54,0,372,10,0.8970594808783909
2137,41,12,13,0,16,10,0.7547858871825239
2138,115,10,30,0,75,10,0.8344267156838403
2139,409,11,50,0,348,10,0.8583376237926839
2140,26,11,9,2,4,10,0.557860571877286
2141,20,10,9,0,1,10,0.563462997923446
2142,13,13,0,0,0,10,0.4804198851515498
2143,21,14,0,5,2,10,0.5315178153352522
2144,15,13,1,0,1,10,0.5114231022709284
2145,78,10,30,0,38,10,0.7868539926493615
2146,3,1,0,2,0,3,5.773175782546056e-06
2147,1947,10,54,0,1883,10,0.880285464128345
2148,52,13,21,0,18,10,0.7636547530406153
2149,42,12,19,0,11,10,0.6849845971673011
2150,40,12,17,0,11,10,0.8072664527562261
2151,52,11,27,0,14,10,0.8376395292694852
2152,22,13,6,1,2,10,0.709753000693925
2153,13,12,1,0,0,10,0.5763610494194589
2154,14,11,0,3,0,10,0.4081393024133555
2155,14,13,1,0,0,10,0.7116977199964145
2156,22,11,8,3,0,10,0.5990193541314849
2157,26,12,14,0,0,10,0.45717853698154953
2158,53,10,27,0,16,10,0.7795495056876212
2159,34,10,19,0,5,10,0.8295099701369647
2160,52,14,18,0,20,10,0.757528831869209
2161,22,10,10,0,2,10,0.7057156624587305
2162,704,10,58,0,636,10,0.8994429085999489
2163,31,12,11,0,8,10,0.7194581051443945
2164,16,13,2,0,1,10,0.5290624378703973
2165,14,13,1,0,0,10,0.583669482213474
2166,14,11,0,3,0,10,0.3869680236263201
2167,14,10,0,4,0,10,0.5095307337616999
2168,8,8,0,0,0,8,0.592289323643715
2169,9,7,0,2,0,7,0.4160223788081784
2170,10,10,0,0,0,10,0.5371402632254167
2171,11,11,0,0,0,10,0.48191044248012993
2172,15,12,2,1,0,10,0.5450294716886496
2173,18,11,5,0,2,10,0.7226049967872908
2174,81,13,40,2,26,10,0.5258579296634993
2175,13,10,0,2,1,10,0.6532376768064563
2176,6,6,0,0,0,6,0.7045473018550699
2177,4,4,0,0,0,4,0.6202404961202855
2178,13,11,2,0,0,10,0.5984836343302639
2179,6,4,0,2,0,4,0.3181379556016089
2180,15,13,2,0,0,10,0.6636989458677763
2181,5,5,0,0,0,5,0.2742028674306627
2182,6,6,0,0,0,6,0.6993531575317349
2183,28,12,12,0,4,10,0.7626649486301276
2184,7,7,0,0,0,7,0.6466858650918814
2185,7,7,0,0,0,7,0.6712449666937278
2186,75,12,17,5,41,10,0.7671633145657698
2187,43,13,14,0,16,10,0.8414936248840541
2188,14,10,1,3,0,10,0.7490292069423883
2189,34,10,12,0,12,10,0.7798280858159232
2190,43,13,15,0,15,10,0.7343606481381032
2191,22,11,10,0,1,10,0.7597102214543194
2192,16,12,2,0,2,10,0.7326702717766498
2193,20,12,5,0,3,10,0.6471133103508431
2194,27,12,14,0,1,10,0.642327514234101
2195,17,11,5,0,1,10,0.6003509213782146
2196,55,14,19,0,22,10,0.764515590269105
2197,11,10,0,0,1,10,0.6271936680755635
2198,13,12,1,0,0,10,0.5075504959885251
2199,49,11,31,0,7,10,0.667511694823876
2200,129,10,72,0,47,10,0.6580548419200063
2201,254,10,39,0,205,10,0.7839829162815193
2202,21,12,8,0,1,10,0.7935326002953151
2203,19,11,3,0,5,10,0.7643501276259449
2204,29,12,6,0,11,10,0.8557020135414768
2205,53,14,25,0,14,10,0.6584436619458074
2206,30,11,18,0,1,10,0.5133523534066218
2207,28,11,12,1,4,10,0.6731693896916668
2208,48,10,19,2,17,10,0.5982225775029253
2209,32,12,19,0,1,10,0.5764862060284421
2210,28,11,12,1,4,10,0.6147986110607024
2211,51,11,22,2,16,10,0.7410562497138447
2212,163,17,6,2,138,10,0.14650613887638075
2213,2,2,0,0,0,2,0.4856240546090326
2214,2,2,0,0,0,2,0.2648865081348377
2215,2,2,0,0,0,2,0.4206578420629645
2216,3,3,0,0,0,3,0.5455625532348172
2217,3,3,0,0,0,3,0.22120862051385634
2218,3,2,0,1,0,2,0.3864764856316724
2219,2,2,0,0,0,2,0.29380863172775373
2220,2,1,0,1,0,1,0.27161016755822154
2221,2,2,0,0,0,2,0.20569537025038354
2222,2,2,0,0,0,2,0.1703110046045046
2223,2,2,0,0,0,2,0.395456436134456
2224,3,3,0,0,0,3,0.4366861127943319
2225,2,2,0,0,0,2,0.35713037309101137
2226,4,4,0,0,0,4,0.38270189602236454
2227,2,1,0,1,0,2,0.21237419721932516
2228,35,11,13,3,8,10,0.4666900234060637
2229,7,0,0,0,7,2,1.0803537675184034e-07
2230,491,10,66,0,415,10,0.7304007297414961
2231,50,14,18,2,16,10,0.5275484288881735
2232,20,14,3,1,2,10,0.25768601669834384
2233,100,10,20,6,64,10,0.7778073786857029
2234,173,10,48,0,115,10,0.8369342368500564
2235,254,10,32,2,210,10,0.7988492175910653
2236,116,10,47,0,59,10,0.7077691211202835
2237,188,10,29,3,146,10,0.8618025116983563
2238,126,15,23,13,75,10,0.8715032028285059
2239,51,14,15,6,16,10,0.4617095953357663
2240,4,4,0,0,0,4,0.022277431190775923
2241,117,10,41,22,44,10,0.6664462692574307
2242,20,12,5,0,3,10,0.6157684855048512
2243,450,11,49,0,390,10,0.6772937288642109
2244,42,15,10,9,8,10,0.5241777685750304
2245,26,12,10,0,4,10,0.5420424473360722
2246,160,10,68,0,82,10,0.8023094353374018
2247,194,10,46,7,131,10,0.8647166546446464
2248,12,10,0,1,1,10,0.7954913823963508
2249,171,10,62,0,99,10,0.6934977268549736
2250,2840,11,48,0,2781,10,0.9167273763770939
2251,156,10,51,0,95,10,0.8683509867243366
2252,160,10,54,2,94,10,0.9034182297054639
2253,85,11,27,7,40,10,0.8036526235320214
2254,70,10,31,4,25,10,0.7668007146885617
2255,35,11,16,0,8,10,0.7155983911010936
2256,50,11,18,0,21,10,0.8186246844805589
2257,32,13,17,0,2,10,0.7126493208831778
2258,38,11,25,0,2,10,0.6308941050048029
2259,16,14,2,0,0,10,0.6670630119515037
2260,48,14,7,19,8,10,0.5869425526931356
2261,14,13,0,1,0,10,0.3330269371929069
2262,32,12,9,7,4,10,0.7155057801193438
2263,2140,10,37,0,2093,10,0.9098697906455915
2264,120,10,33,0,77,10,0.8157844734063505
2265,52,14,24,0,14,10,0.6788787754252037
2266,50,13,21,0,16,10,0.6696683769470215
2267,31,13,11,1,6,10,0.6901075426029528
2268,42,13,18,2,9,10,0.6344783660908432
2269,26,13,7,0,6,10,0.6659635965804436
2270,35,13,14,0,8,10,0.6319144751132246
2271,35,11,21,0,3,10,0.5608665811377795
2272,48,16,19,0,13,10,0.7932921212942996
2273,50,11,21,2,16,10,0.5223256648769667
2274,955,10,81,0,864,10,0.8830862903069232
2275,1995,11,36,1,1947,10,0.9126649971470995
2276,42,12,21,0,9,10,0.5279796391293717
2277,72,13,39,0,20,10,0.6437097333120785
2278,239,10,67,0,162,10,0.8645481996374758
2279,139,10,51,0,78,10,0.8425032368609393
2280,197,11,58,0,128,10,0.8692265198843683
2281,105,10,48,0,47,10,0.7589177062055714
2282,12,11,1,0,0,10,0.7275703424763229
2283,27,11,15,0,1,10,0.773193145097546
2284,721,11,60,10,640,10,0.8189183132502049
2285,95,10,43,1,41,10,0.7082349515704304
2286,60,0,5,2,53,10,2.4097357871086934e-05
2287,68,11,19,6,32,10,0.5127664380327703
2288,17,15,1,1,0,10,0.22395468625645035
2289,5,5,0,0,0,5,0.48178838718264877
2290,57,11,20,0,26,10,0.876207128706287
2291,7,7,0,0,0,7,0.7112865520846354
2292,33,12,14,0,7,10,0.7856123479208386
2293,38,11,19,0,8,10,0.7858278752748872
2294,1212,10,66,11,1125,10,0.927313719352663
2295,73,11,24,0,38,10,0.7468483952623659
2296,4,4,0,0,0,4,0.39094451876247516
2297,6,6,0,0,0,6,0.26166256091575224
2298,8,8,0,0,0,8,0.5768201058209286
2299,11,10,0,0,1,10,0.3366213350715125
2300,17,13,2,2,0,10,0.3931017178898705
2301,11,11,0,0,0,10,0.3805293894114676
2302,10,10,0,0,0,10,0.27899485793446555
2303,48,12,13,2,21,10,0.5676517986559801
2304,22,13,6,1,2,10,0.569518944246022
2305,58,12,13,12,21,10,0.6032093892158976
2306,10,9,0,0,1,9,0.3051548729118703
2307,9,9,0,0,0,9,0.0932877386062852
2308,34,11,9,10,4,10,0.6500488207244786
2309,37,17,6,7,7,10,0.3634585178338916
2310,52,10,14,12,16,10,0.7221845937794963
2311,27,12,9,0,6,10,0.4380564971881198
2312,59,11,16,11,21,10,0.7030652841114076
2313,19,16,0,2,1,10,0.22721421035732775
2314,7,6,0,1,0,7,0.009136568293668624
2315,22,13,5,3,1,10,0.46007235472769437
2316,17,16,0,0,1,10,0.37030576313568586
2317,22,13,2,7,0,10,0.49014309609164786
2318,20,13,0,6,1,10,0.20567987003295968
2319,26,17,1,5,3,8,0.26856546304722384
2320,54,22,4,14,14,10,0.31852693011441036
2321,134,10,16,15,93,10,0.7516543111512081
2322,2,1,0,0,1,2,0.03148360977625881
2323,239,22,23,6,188,8,0.38865959163648955
2324,116,16,57,3,40,10,0.31963732495237723
2325,1240,10,74,0,1156,10,0.6967829344715852
2326,174,10,58,0,106,10,0.8342746503217835
2327,1022,11,54,0,957,10,0.9305883360127983
2328,3210,10,55,0,3145,10,0.9213984687547239
2329,14,10,3,0,1,10,0.6691063469594489
2330,15,0,1,0,14,10,2.887500216666633e-07
2331,15,13,1,0,1,10,0.5827993128217741
2332,101,10,37,0,54,10,0.8708109381129079
2333,102,10,26,0,66,10,0.7404381575799415
2334,37,10,17,0,10,10,0.7393307571614304
2335,52,11,16,0,25,10,0.7438062962178483
2336,75,13,13,5,44,10,0.7808646288330319
2337,67,15,18,3,31,10,0.674977323337909
2338,285,10,39,16,220,10,0.8736714151796754
2339,130,11,33,0,86,10,0.8090876838246557
2340,218,10,25,0,183,10,0.7475805185168076
2341,19,13,6,0,0,10,0.21226281883453946
2342,21,11,9,0,1,10,0.20219335803370048
2343,12,10,0,1,1,10,0.6918402635604077
2344,8,8,0,0,0,8,0.6136046323693362
2345,14,10,4,0,0,10,0.7433296254707966
2346,15,12,3,0,0,10,0.10701225815629156
2347,7,7,0,0,0,7,0.40586373629087125
2348,28,10,16,0,2,10,0.7142069558945991
2349,32,12,17,0,3,10,0.7677532504192215
2350,21,9,8,3,1,10,0.7712992697928002
2351,21,11,7,2,1,10,0.7115191290674119
2352,335,10,45,0,280,10,0.7838903282948113
2353,42,11,15,0,16,10,0.7950539895611128
2354,1219,11,51,3,1154,10,0.8719925344302015
2355,819,10,36,0,773,10,0.1474377675079822
2356,67,12,25,0,30,10,0.8208534586148682
2357,926,11,59,0,856,10,0.9072157049461189
2358,39,12,14,0,13,10,0.732835717539503
2359,139,10,47,0,82,10,0.9022849075793584
2360,42,12,21,0,9,10,0.43515042398400744
2361,31,10,19,0,2,10,0.7257266416783703
2362,11,4,0,7,0,8,0.004842397353413247
2363,12,10,2,0,0,10,0.04939088651537643
2364,68,20,27,9,12,10,0.3415465727788046
2365,256,10,45,1,200,10,0.8441117606786199
2366,22,12,10,0,0,10,0.6910211065954448
2367,323,10,39,1,273,10,0.8824362678723432
2368,1,0,0,1,0,1,0.00229712758506915
2369,2,1,0,1,0,2,0.02752966391216073
2370,2,1,0,1,0,2,0.034543243427501216
2371,2,1,0,1,0,2,0.22568880347841716
2372,2,2,0,0,0,2,0.19245842285870418
2373,1,1,0,0,0,1,0.19268921781000528
2374,2,1,0,1,0,1,0.3438414093212179
2375,2,2,0,0,0,2,0.08795523760492643
2376,2,2,0,0,0,2,0.35564934581099206
2377,3,3,0,0,0,3,0.27241772249511464
2378,2,1,0,1,0,1,0.36371557621378625
2379,3,3,0,0,0,3,0.30184469505091854
2380,2,2,0,0,0,2,0.2742131650727606
2381,2,2,0,0,0,2,0.35317622289688244
2382,50,12,17,0,21,10,0.7842179120978277
2383,14,12,2,0,0,10,0.707606407287602
2384,22,12,2,0,8,10,0.7496175688984545
2385,7,7,0,0,0,7,0.5776613318955524
2386,59,10,17,1,31,10,0.8438605643524619
2387,65,11,22,5,27,10,0.8664936696007424
2388,75,10,22,0,43,10,0.7568831973529759
2389,202,10,54,0,138,10,0.9159227780193413
2390,134,10,33,0,91,10,0.8698154074837918
2391,873,10,62,6,795,10,0.8643324334067789
2392,471,13,33,3,422,10,0.8769578469296258
2393,1909,10,49,0,1850,10,0.9033305275656679
2394,14,12,1,0,1,10,0.7077548238627657
2395,142,10,55,0,77,10,0.8318002975189133
2396,61,13,27,0,21,10,0.8062844735866409
2397,183,10,55,0,118,10,0.844972314441469
2398,87,10,47,0,30,10,0.8211822838730556
2399,113,12,38,0,63,10,0.7521137641452973
2400,80,12,37,0,31,10,0.7571643417134651
2401,33,11,18,0,4,10,0.6136845061480904
2402,50,12,25,0,13,10,0.8309284711684961
2403,27,12,10,0,5,10,0.6740451537320615
2404,42,12,17,0,13,10,0.7236291296556085
2405,45,11,25,0,9,10,0.8183336269491546
2406,815,10,60,1,744,10,0.9083045616113571
2407,8,8,0,0,0,8,0.26866154438903495
2408,136,10,57,0,69,10,0.8421023377116481
2409,56,12,23,0,21,10,0.8196849269774867
2410,165,10,54,0,101,10,0.8741027465763738
2411,72,10,37,0,25,10,0.872684184415084
2412,33,11,18,0,4,10,0.6415402981088552
2413,45,11,27,0,7,10,0.8240680745357725
2414,118,10,43,0,65,10,0.6942435249472967
2415,11,11,0,0,0,10,0.5525945211162835
2416,14,10,2,2,0,10,0.6074105371159655
2417,359,12,38,3,306,10,0.13558675003308895
2418,297,10,55,0,232,10,0.8065971775626706
2419,50,11,25,0,14,10,0.5961991580706091
2420,631,10,62,0,559,10,0.8993008236699442
2421,47,13,25,0,9,10,0.7765485979714389
2422,183,11,55,0,117,10,0.8097847618766265
2423,103,10,51,0,42,10,0.8331375612270672
2424,243,10,36,0,197,10,0.8217875410643942
2425,70,12,41,0,17,10,0.6367277313932445
2426,17,10,7,0,0,10,0.6943843541020944
2427,42,10,15,0,17,10,0.7889253205986531
2428,54,11,22,0,21,10,0.5524177896487246
2429,5,5,0,0,0,5,0.14559814929062478
2430,2,2,0,0,0,2,0.25039959055583405
2431,4,4,0,0,0,4,0.47769045315746306
2432,3,3,0,0,0,3,0.03832957602863825
2433,7,7,0,0,0,7,0.21622187597344839
2434,3,0,0,3,0,1,6.22483389230638e-06
2435,1,1,0,0,0,1,0.2010861088250149
2436,11,11,0,0,0,10,0.5610048668142968
2437,4,4,0,0,0,4,0.30755945178876903
2438,5,5,0,0,0,5,0.2924817590855869
2439,29,11,4,7,7,10,0.635158118612389
2440,18,10,4,1,3,10,0.7109023917001693
2441,4,4,0,0,0,4,0.27263369076184285
2442,9,9,0,0,0,9,0.5510851677560625
2443,17,14,1,1,1,10,0.5393097674515421
2444,11,11,0,0,0,10,0.28212565584974403
2445,5,5,0,0,0,5,0.4298337063321279
2446,5,5,0,0,0,5,0.3077358860694961
2447,9,9,0,0,0,9,0.6262259983777841
2448,7,7,0,0,0,7,0.35524037094409255
2449,21,11,8,0,2,10,0.48059153189922954
2450,4,4,0,0,0,4,0.289463270657658
2451,3,3,0,0,0,3,0.45425879992297996
2452,5,5,0,0,0,5,0.43465649332630063
2453,2,2,0,0,0,2,0.21240150444169675
2454,3,3,0,0,0,3,0.46373592380537043
2455,3,3,0,0,0,3,0.34000108447306115
2456,4,4,0,0,0,4,0.47795798132243794
2457,3,3,0,0,0,3,0.40782192771725373
2458,8,8,0,0,0,8,0.5207540094275207
2459,1,0,0,1,0,1,0.0005505025099621775
2460,5,5,0,0,0,5,0.4150592537388173
2461,4,4,0,0,0,4,0.2344284811376619
2462,123,10,39,0,74,10,0.8262350300614651
2463,168,10,38,7,113,10,0.6772960622028319
2464,87,13,18,4,52,10,0.5429341095200575
2465,217,10,35,34,138,10,0.5100561969159662
2466,34,13,1,16,4,10,0.012601297447388853
2467,23,12,3,5,3,10,0.02848137279314037
2468,42,9,0,9,24,10,0.0035267922711469377
2469,130,11,52,1,66,10,0.5535560329757261
2470,129,12,24,9,84,10,0.5400583798275567
2471,202,10,32,0,160,10,0.8851260573720661
2472,4,3,0,0,1,4,0.10476794749622856
2473,2,2,0,0,0,2,0.12664926055032202
2474,4,4,0,0,0,4,0.402008872356133
2475,2,2,0,0,0,2,0.03841495093202981
2476,1,1,0,0,0,0,nan
2477,3,3,0,0,0,3,0.21499617026610193
2478,1,0,0,1,0,0,nan
2479,36,12,8,8,8,10,0.6929255478278034
2480,22,9,2,10,1,9,0.4167268193875767
2481,11,10,0,1,0,10,0.3494040592634891
2482,22,12,4,4,2,10,0.4856049891702492
2483,22,11,9,0,2,10,0.7086368926775911
2484,181,10,53,8,110,10,0.848503559642276
2485,23,13,5,3,2,10,0.5234558225898769
2486,15,10,1,0,4,10,0.3720422824973847
2487,3,3,0,0,0,3,0.4675839217490185
2488,8,8,0,0,0,8,0.68918618925634
2489,1,1,0,0,0,1,0.3480710802472898
2490,1,1,0,0,0,1,0.05699267145448671
2491,8,8,0,0,0,8,0.715237058226811
2492,11,10,1,0,0,10,0.5283148426648475
2493,1370,10,48,0,1312,10,0.8103517671269123
2494,66,11,35,0,20,10,0.8571422668898854
2495,174,10,40,0,124,10,0.8361500910182137
2496,105,10,34,0,61,10,0.7282617571303727
2497,600,10,63,5,522,10,0.9012785502570675
2498,34,9,10,6,9,10,0.539463723290202
2499,19,11,7,1,0,10,0.7820596539425357
2500,61,12,15,0,34,10,0.7674957819224864
2501,3,3,0,0,0,3,0.19820847108996706
2502,2,2,0,0,0,2,0.36865767161677776
2503,5,5,0,0,0,5,0.1681073984734873
2504,15,10,5,0,0,10,0.767938692739752
2505,312,11,40,6,255,10,0.8583731278102633
2506,17,11,4,1,1,10,0.7824752637676793
2507,20,14,3,3,0,10,0.5455319332881552
2508,11,11,0,0,0,10,0.3699512366868264
2509,13,10,2,1,0,10,0.49502326474906366
2510,11,9,0,1,1,9,0.24475534519164777
2511,66,9,35,0,22,10,0.8065381822439057
2512,15,13,2,0,0,10,0.527578989681
2513,141,10,28,0,103,10,0.8256076571353201
2514,6,5,0,0,1,6,0.3161221992122908
2515,37,11,10,7,9,10,0.43601401622645275
2516,131,10,21,22,78,10,0.7131253232388233
2517,128,10,20,20,78,10,0.806688636829548
2518,15,10,2,2,1,10,0.40899755959221307
2519,106,10,16,23,57,10,0.6987919126172115
2520,23,17,2,1,3,10,0.4586205262332901
2521,206,9,19,23,155,10,0.7906519772275674
2522,48,13,15,1,19,10,0.49215231553173966
2523,89,10,24,3,52,10,0.7528998706940915
2524,49,11,14,5,19,10,0.6677850710784352
2525,47,10,17,4,16,10,0.6429352301205384
2526,7,7,0,0,0,7,0.33920219302603005
2527,102,10,20,10,62,10,0.7459841950293906
2528,73,10,19,5,39,10,0.7591901240692124
2529,115,10,21,13,71,10,0.7451989317002528
2530,21,12,5,2,2,10,0.4135197758504954
2531,27,12,10,0,5,10,0.6896979553132513
2532,15,14,0,1,0,10,0.38896032961102184
2533,86,11,20,11,44,10,0.5625042082216299
2534,26,12,11,0,3,10,0.3639751794101308
2535,11,11,0,0,0,10,0.2153358129981151
2536,120,10,42,0,68,10,0.6945952485606783
2537,697,13,63,5,616,10,0.04239603554474049
2538,302,14,32,0,256,10,0.44903328316470786
2539,22,12,6,0,4,10,0.05979946701482238
2540,15,12,0,0,3,10,0.2850535532654847
2541,35,11,21,0,3,10,0.17406243541156413
2542,81,11,46,0,24,10,0.4284976846256432
2543,6,6,0,0,0,6,0.207618664406128
2544,64,11,40,0,13,10,0.9093364700587891
2545,140,12,45,0,83,10,0.8808213384819146
2546,74,10,40,0,24,10,0.7856497524925563
2547,34,11,23,0,0,10,0.7848781165316429
2548,1723,10,46,0,1667,10,0.9053967440809906
2549,94,13,31,0,50,10,0.7889874978677621
2550,44,12,19,0,13,10,0.6907034662798828
2551,43,13,19,0,11,10,0.7707359926257739
2552,25,12,7,3,3,10,0.633064904064196
2553,32,12,14,1,5,10,0.6296435417453183
2554,25,12,9,2,2,10,0.5903745009764527
2555,27,14,9,1,3,10,0.7182040220743184
2556,21,10,6,0,5,10,0.7029156588508497
2557,34,12,15,0,7,10,0.7040405801970661
2558,45,12,20,0,13,10,0.5681000035321182
2559,31,7,2,19,3,10,0.017553511173130826
2560,32,14,14,0,4,10,0.644535908587446
2561,420,21,29,4,366,10,0.27698294099884
2562,1795,10,57,0,1728,10,0.9262207902212081
2563,243,10,43,10,180,10,0.8886036025193
2564,13,11,2,0,0,10,0.5414130477208043
2565,3,0,0,3,0,3,0.0003760505430692535
2566,12,9,0,3,0,10,0.38544303207579944
2567,8,8,0,0,0,8,0.4374813796734033
2568,17,14,2,0,1,10,0.49484431670667584
2569,52,12,16,4,20,10,0.5676834822630002
2570,76,11,33,0,32,10,0.7875778024509859
2571,40,13,17,0,10,10,0.6623423112670845
2572,35,12,15,1,7,10,0.647923535315541
2573,9,9,0,0,0,9,0.6870384759436331
2574,130,11,35,0,84,10,0.7950860719687439
2575,8,8,0,0,0,8,0.39595676746931335
2576,10,6,0,4,0,8,0.12069951647515409
2577,5,5,0,0,0,5,0.041043767090292
2578,5,5,0,0,0,5,0.4820420081787478
2579,5,5,0,0,0,5,0.2658240271145073
2580,212,11,56,0,145,10,0.6895547236894618
2581,35,13,18,0,4,10,0.6006253410575164
2582,30,11,18,0,1,10,0.7054918076880671
2583,33,12,19,0,2,10,0.6498319329847355
2584,10,5,0,5,0,8,0.011448332003850335
2585,11,4,0,7,0,9,0.002656166310623723
2586,3746,11,54,69,3612,10,0.8301530520202689
2587,2631,10,49,46,2526,10,0.90912784155689
2588,252,11,22,19,200,10,0.8449772313457318
2589,30,13,11,3,3,10,0.44572255065000155
2590,14,13,1,0,0,10,0.4357036346617438
2591,11,7,0,4,0,7,0.15105600289060012
2592,12,12,0,0,0,10,0.5879989430763746
2593,19,14,4,0,1,10,0.6536666145061056
2594,27,10,17,0,0,10,0.5779980862931768
2595,20,12,8,0,0,10,0.7427960450901601
2596,19,12,6,0,1,10,0.6220353551945026
2597,27,13,13,0,1,10,0.6773690181365221
2598,46,12,18,0,16,10,0.7882137695036906
2599,45,12,18,0,15,10,0.7760625421485206
2600,104,10,35,0,59,10,0.7954279184557078
2601,75,10,21,0,44,10,0.8261668104886597
2602,18,13,3,0,2,10,0.5324531998597009
2603,16,12,4,0,0,10,0.7178072846666965
2604,52,14,20,0,18,10,0.8351469514364362
2605,52,11,26,0,15,10,0.72719903272408
2606,87,11,52,0,24,10,0.17553468480923373
2607,149,10,53,0,86,10,0.3598075252395315
2608,260,10,58,0,192,10,0.4195502722145842
2609,2258,13,34,0,2211,10,0.8243660685831337
2610,1251,24,31,0,1196,10,0.2505450615585746
2611,38,12,17,0,9,10,0.6979863838657534
2612,21,14,7,0,0,10,0.7609543860426004
2613,7,7,0,0,0,7,0.6194236528042361
2614,8,8,0,0,0,8,0.48573888894345246
2615,48,10,28,0,10,10,0.6549251329391789
2616,10,10,0,0,0,10,0.645492604324372
2617,6,6,0,0,0,6,0.5922273445443398
2618,16,10,3,1,2,10,0.5157675433195725
2619,17,12,4,0,1,10,0.7145258127087623
2620,18,12,6,0,0,10,0.4413733085971092
2621,26,11,12,0,3,10,0.4501928947444607
2622,10,10,0,0,0,10,0.5543817295691575
2623,10,10,0,0,0,10,0.28027694648787305
2624,8,8,0,0,0,8,0.1355872211437395
2625,29,12,10,0,7,10,0.5153429823590358
2626,15,12,1,2,0,10,0.519465437291204
2627,12,12,0,0,0,10,0.22076912671720536
2628,17,15,0,2,0,10,0.49097555828732187
2629,15,11,0,3,1,10,0.11574366594249463
2630,11,10,0,1,0,10,0.29717166997034444
2631,1768,14,54,2,1698,10,0.6845798074922936
2632,16,10,0,6,0,10,0.03504908481949109
2633,3,2,0,1,0,3,0.008700503208694284
2634,11,8,0,3,0,9,0.08222553274724205
2635,17,14,0,3,0,10,0.08448093644827118
2636,36,16,1,12,7,10,0.046547825009595103
2637,5,5,0,0,0,5,0.014799006288731521
2638,30,13,4,4,9,10,0.23086214898635227
2639,46,14,11,6,15,10,0.1451876312819264
2640,52,15,8,7,22,10,0.16842554214123057
2641,48,16,9,7,16,10,0.17836845542180335
2642,78,6,2,33,37,10,0.013311365304220793
2643,64,17,17,10,20,10,0.5375541438482077
2644,114,16,28,3,67,10,0.5148188488837604
2645,217,11,45,7,154,10,0.7639163160915221
2646,168,16,44,2,106,10,0.5127061178859654
2647,118,11,39,3,65,10,0.5632942046798575
2648,141,10,42,9,80,10,0.6480855421594319
2649,39,12,25,0,2,10,0.7205947331248423
2650,405,10,43,0,352,10,0.7108393881556965
2651,1628,11,39,0,1578,10,0.8344029754802591
2652,8,1,0,7,0,3,0.001015359235298803
2653,20,14,0,6,0,9,0.12240204715603552
2654,28,22,0,4,2,10,0.2270544806599601
2655,104,10,25,13,56,10,0.5386416629535551
2656,65,12,30,0,23,10,0.7433267499284388
2657,6,4,0,0,2,4,0.7588145712853736
2658,26,11,10,0,5,10,0.6577977124118598
2659,503,16,13,2,472,10,0.0722721219396431
2660,61,14,11,0,36,10,0.699627333788901
2661,206,10,35,0,161,10,0.7570588713174016
2662,19,11,1,0,7,10,0.591070721078955
2663,16,11,2,0,3,10,0.6609048193589042
2664,56,12,25,0,19,10,0.8052493568006489
2665,3,3,0,0,0,3,0.1810788072453096
2666,3,3,0,0,0,3,0.162160916081247
2667,3,3,0,0,0,3,0.1777806862272731
2668,51,12,20,8,11,10,0.8164099987299003
2669,3,3,0,0,0,3,0.13350886180897684
2670,3,3,0,0,0,3,0.07105854476542874
2671,10,7,0,3,0,7,0.17212451762565043
2673,11,9,0,2,0,10,0.24704213299688582
2674,19,14,0,5,0,10,0.6667474908844284
2675,10,10,0,0,0,10,0.326850320282975
2676,7,7,0,0,0,7,0.5619461558296637
2677,6,5,0,1,0,6,0.04930945903727347
2678,4,2,0,2,0,4,0.08856298705891318
2679,3,3,0,0,0,3,0.13014136130296453
2680,10,8,0,2,0,8,0.318052751912545
2681,152,10,30,16,96,10,0.7893563989137118
2682,7,7,0,0,0,7,0.6454841882589251
2683,21,15,6,0,0,10,0.2660325885141606
2684,40,14,9,0,17,10,0.5670704587011518
2685,11,10,1,0,0,10,0.694899849638866
2686,3,3,0,0,0,3,0.3638392234939792
2687,52,12,24,0,16,10,0.5856914439798823
2688,42,13,20,1,8,10,0.666437106618326
2689,23,12,9,0,2,10,0.7746233673759908
2690,42,12,15,0,15,10,0.7423996627945251
2691,1777,10,42,0,1725,10,0.8733675994759901
2692,14,12,0,1,1,10,0.7613318245314251
2693,22,13,5,2,2,10,0.7129854754524909
2694,22,11,10,0,1,10,0.7718695404848349
2695,88,10,36,0,42,10,0.8025409281773306
2696,400,10,58,0,332,10,0.8580045711393127
2697,394,10,60,0,324,10,0.8872847144880545
2698,31,12,9,0,10,10,0.6025741776512397
2699,19,11,7,0,1,10,0.6937066942112469
2700,84,10,32,0,42,10,0.8187928812591836
2701,4,4,0,0,0,4,0.42581428469370175
2702,2,2,0,0,0,2,0.4903023212063982
2703,1,1,0,0,0,1,0.05698639301742357
2704,14,13,1,0,0,10,0.5891973912862147
2705,1,1,0,0,0,1,0.16423473426022753
2706,297,10,43,0,244,10,0.8403875315334832
2707,1,0,0,1,0,1,0.0037815912326493004
2708,3,3,0,0,0,3,0.04135061176214973
2709,4,3,0,1,0,4,0.07294457189899742
2710,2,2,0,0,0,2,0.07477958854704378
2711,2,2,0,0,0,2,0.08546441720862771
2712,50,10,21,0,19,10,0.7778751854455279
2713,54,17,26,1,10,10,0.4936759449708271
2714,168,10,34,0,124,10,0.8577597061176594
2715,105,10,36,0,59,10,0.6571093390166503
2716,10,1,0,6,3,10,3.8163454380771324e-05
2717,2,2,0,0,0,2,0.2883587754426649
2718,3,3,0,0,0,3,0.08877467474418205
2719,2,2,0,0,0,2,0.06725925769327631
2720,2,2,0,0,0,2,0.1117698819625393
2721,10,10,0,0,0,10,0.4466318229074808
2722,4,3,0,1,0,3,0.39460804187232545
2723,10,9,0,1,0,10,0.37529625818745016
2724,2,0,0,2,0,0,nan
2725,1,0,0,1,0,1,0.0014223440058776975
2726,10,10,0,0,0,10,0.3389459780074584
2727,6,6,0,0,0,6,0.2387716598655073
2728,8,6,0,2,0,6,0.3387033134559786
2729,12,5,0,7,0,7,0.17161603125723013
2730,15,10,0,5,0,10,0.26542815114411034
2731,4,0,0,4,0,3,0.0011690321687928685
2732,3,3,0,0,0,3,0.19084233326602915
2733,3,2,0,1,0,3,0.05146001726205116
2734,12,12,0,0,0,10,0.6099025888688202
2735,38,12,5,13,8,10,0.6666553546494597
2736,8,8,0,0,0,8,0.320724882740714
2737,11,11,0,0,0,10,0.6347013333404197
2738,20,13,6,1,0,10,0.6922333794809794
2739,6,0,0,5,1,1,5.217831150667605e-10
2740,14,12,0,2,0,10,0.46931015425184264
2741,12,7,0,5,0,7,0.4409612031426185
2742,31,12,9,5,5,10,0.6949907896955598
2744,23,14,5,3,1,10,0.5724745291362618
2745,33,11,8,0,14,10,0.6403899695560742
2746,32,11,12,5,4,10,0.6312027804342148
2747,25,12,2,4,7,10,0.6350970511042229
2748,59,13,7,18,21,10,0.6162579243964657
2749,25,10,9,3,3,10,0.7047255988509007
2750,57,13,13,2,29,10,0.711666220285365
2751,99,10,25,3,61,10,0.788362811278506
2752,68,10,21,1,36,10,0.6014790752019517
2753,36,11,13,0,12,10,0.6083671696547615
2754,46,12,25,0,9,10,0.604078113819692
2755,10,10,0,0,0,10,0.5946284268139049
2756,97,10,21,0,66,10,0.8489672817317023
2757,364,10,45,0,309,10,0.6896867936474629
2758,5,5,0,0,0,5,0.199910953177478
2759,6,0,0,6,0,2,0.00037917124176136655
2760,5,4,0,1,0,5,0.015457541868624972
2761,3,0,0,3,0,0,nan
2762,7,7,0,0,0,0,nan
2763,9,8,0,0,1,9,0.45863864117737935
2764,28,13,5,7,3,10,0.6128617234009266
2765,1,0,0,1,0,1,3.2146839416156837e-06
2766,247,10,58,0,179,10,0.8591439123168604
2767,176,10,45,2,119,10,0.6374044221825687
2768,44,11,26,0,7,10,0.6011984408938211
2769,801,10,45,0,746,10,0.8110556975058456
2770,62,10,24,0,28,10,0.380957028113007
2771,78,10,17,0,51,10,0.7738652332677444
2772,81,11,30,2,38,10,0.7924113673399849
2773,78,10,25,3,40,10,0.7406186695998146
2774,221,10,54,0,157,10,0.8847116103199492
2775,125,10,41,0,74,10,0.740928557003221
2776,674,11,60,8,595,10,0.8805404141499413
2777,337,13,51,3,270,10,0.8333598144787536
2778,8,8,0,0,0,8,0.4188479663613029
2779,25,20,3,2,0,10,0.5464050642056516
2780,7,7,0,0,0,7,0.421066649724144
2781,6,6,0,0,0,6,0.2656815262201583
2782,6,6,0,0,0,6,0.4992130105725847
2783,2,2,0,0,0,2,0.0838148321544823
2784,5,5,0,0,0,5,0.11389337676426546
2785,19,13,2,3,1,10,0.7317599154494736
2786,18,11,1,4,2,10,0.4246077720569142
2787,4,4,0,0,0,4,0.36659240328068987
2788,10,10,0,0,0,10,0.4530890539168626
2789,11,9,0,0,2,10,0.4800041293417737
2790,14,10,2,1,1,10,0.6814171248364622
2791,4,4,0,0,0,4,0.22678239550587492
2792,8,8,0,0,0,8,0.5484039975928283
2793,10,10,0,0,0,10,0.3342491050986276
2794,5,4,0,0,1,5,0.16380381846143277
2795,1,0,0,1,0,0,nan
2796,3,2,0,1,0,3,0.020111586249392407
2797,2,2,0,0,0,2,0.06937907391812564
2798,3,2,0,1,0,3,0.11411441110551773
2799,7,7,0,0,0,7,0.45245153374884794
2800,5,5,0,0,0,5,0.24206896451331092
2801,4,4,0,0,0,4,0.36655282070153783
2802,2,1,0,1,0,2,0.0024168956832245543
2803,4,3,0,1,0,4,0.03452603663853854
2804,3,3,0,0,0,3,0.11908951087819991
2805,15,11,0,4,0,10,0.48135834897144214
2806,6,6,0,0,0,6,0.2906058654158206
2807,3,3,0,0,0,3,0.19206443556231462
2808,8,8,0,0,0,8,0.6681348934991833
2809,6,6,0,0,0,6,0.29174633216475143
2810,9,8,0,1,0,9,0.3786120513578673
2811,4,4,0,0,0,4,0.2317021724788687
2812,2,1,0,0,1,2,0.03472664879397059
2813,3,3,0,0,0,3,0.37254209333107474
2814,10,9,0,1,0,10,0.45840903414105805
2815,10,10,0,0,0,10,0.717201782681192
2816,4,4,0,0,0,4,0.3201481508064169
2817,2,2,0,0,0,2,0.02985317365117874
2818,5,5,0,0,0,5,0.06300550516669895
2819,5,5,0,0,0,5,0.1367895836311098
2820,4,4,0,0,0,4,0.10704190422468635
2821,10,10,0,0,0,10,0.5015226432031233
2822,7,5,0,2,0,5,0.10145289897685264
2823,2,1,0,0,1,1,0.026694875226417128
2824,1317,11,37,19,1250,10,0.830768848422661
2825,762,10,57,22,673,10,0.9101760225909039
2826,69,11,20,22,16,10,0.5208201233025773
2827,10,10,0,0,0,10,0.43987356238133757
2828,4,4,0,0,0,4,0.4784511735828088
2829,3,1,0,2,0,2,0.005525095034622536
2830,4,4,0,0,0,4,0.0634723987610914
2831,3,3,0,0,0,3,0.5930189194620142
2832,7,7,0,0,0,7,0.6025995139753187
2833,7,7,0,0,0,7,0.5573368692209252
2834,7,7,0,0,0,7,0.47996591955113244
2835,10,10,0,0,0,10,0.4738707599113898
2836,84,10,34,0,40,10,0.7226187722611674
2837,671,10,47,0,614,10,0.8015199989177204
2838,194,10,65,0,119,10,0.8040859025625811
2839,986,10,17,1,958,10,0.7236977522211752
2840,1172,10,65,0,1097,10,0.8726487225813755
2841,216,10,66,0,140,10,0.860615650376323
2842,26,11,15,0,0,10,0.5879792485084743
2843,98,10,39,0,49,10,0.7510678356377885
2844,23,0,5,3,15,10,6.168480671321266e-05
2845,240,10,43,0,187,10,0.9186673769315333
2846,148,10,43,0,95,10,0.7789272197157464
2847,13,13,0,0,0,10,0.5401494875829898
2848,3,3,0,0,0,3,0.1038613374646295
2849,6,6,0,0,0,6,0.24514993832454413
2850,5,4,0,1,0,4,0.023998181272521412
2851,6,6,0,0,0,6,0.33223250750670574
2852,8,8,0,0,0,8,0.4527711782135302
2853,9,8,0,1,0,8,0.5274464520151774
2854,16,11,5,0,0,10,0.6284576254078531
2855,3,2,0,1,0,3,0.10867562927340939
2856,3,3,0,0,0,3,0.666899407234012
2857,8,8,0,0,0,8,0.5392642907872136
2858,5,3,0,2,0,4,0.00332890296128727
2859,2,0,0,2,0,2,0.0030846724435701135
2860,1,1,0,0,0,1,0.026733798387725993
2861,2,1,0,1,0,2,0.2005599443829284
2862,3,2,0,1,0,2,0.3598056831756403
2863,9,8,0,1,0,8,0.41125916182534145
2864,3,3,0,0,0,3,0.3637277381989908
2865,7,7,0,0,0,7,0.2083136231596642
2866,3,0,0,3,0,3,2.12978081961319e-06
2867,3,3,0,0,0,3,0.2223445800997834
2868,3,2,0,1,0,2,0.12790298538963907
2869,12,10,0,2,0,10,0.532846380143284
2870,5,5,0,0,0,5,0.38784735002540244
2871,3,3,0,0,0,3,0.32876966260737556
2872,7,7,0,0,0,7,0.6253681897617546
2873,6,6,0,0,0,6,0.3341842560247802
2874,7,7,0,0,0,7,0.5082249948022813
2875,5,4,0,1,0,5,0.34817178825863804
2876,2,2,0,0,0,2,0.024973082553267023
2877,3,3,0,0,0,3,0.2550810076165572
2878,7,7,0,0,0,7,0.39642266689832323
2879,7,6,0,1,0,7,0.5832283725516682
2880,5,5,0,0,0,5,0.3940166251601242
2881,4,4,0,0,0,4,0.0391484011820655
2882,4,3,0,1,0,4,0.04633534385639217
2883,2,2,0,0,0,2,0.05362454985069555
2884,4,4,0,0,0,4,0.15982916656955598
2885,11,11,0,0,0,10,0.4335088636543426
2886,6,4,0,2,0,4,0.14046607275067186
2887,4,2,0,1,1,2,0.035928156504665416
2888,630,10,48,23,549,10,0.7703065763251277
2889,270,10,35,29,196,10,0.8118649811867087
2890,63,11,16,8,28,10,0.7818085777769979
2891,11,11,0,0,0,10,0.2658962606880635
2892,6,5,0,1,0,6,0.451812762103121
2893,3,1,0,2,0,1,0.03403728083670961
2894,4,4,0,0,0,4,0.20956602931443657
2895,6,6,0,0,0,6,0.5738855688806581
2896,5,5,0,0,0,5,0.6708149553310512
2897,5,5,0,0,0,5,0.5701982625189977
2898,4,4,0,0,0,4,0.43641550094165804
2899,8,8,0,0,0,8,0.5554386271235835
2900,3,2,0,0,1,3,0.00852490236635431
2901,4,4,0,0,0,4,0.018759610621688867
2902,2,2,0,0,0,2,0.025495753949023058
2903,90,10,46,0,34,10,0.7370528790543969
2904,78,10,29,4,35,10,0.630653671925635
2905,77,12,30,0,35,10,0.7408744800398163
2906,84,11,34,2,37,10,0.7987758503826279
2907,96,11,36,4,45,10,0.7810813823523968
2908,208,11,67,0,130,10,0.8108368689619658
2909,63,13,16,5,29,10,0.556397496659591
2910,40,12,18,1,9,10,0.6675237364894178
2911,84,10,31,0,43,10,0.7004815542625626
2912,143,10,28,3,102,10,0.80961922946469
2913,371,10,30,0,331,10,0.8082752850565633
2914,126,13,27,0,86,10,0.7200753790739196
2915,18,13,5,0,0,10,0.42841448376484426
2916,14,14,0,0,0,10,0.301305083362203
2917,94,13,27,6,48,10,0.6322039038108764
2918,15,10,4,0,1,10,0.5819574402336866
2919,101,14,27,0,60,10,0.589549564216657
2920,801,10,43,0,748,10,0.8309841622232383
2921,56,15,29,0,12,10,0.048924644782981475
2922,44,14,16,0,14,10,0.11895119381729055
2923,11,11,0,0,0,10,0.524961918970797
2924,26,13,9,0,4,10,0.6498631845202693
2925,11,11,0,0,0,10,0.42748807367520186
2926,125,10,22,4,89,10,0.7817027005628304
2927,16,13,2,1,0,10,0.5075736363801026
2928,7,7,0,0,0,7,0.3384047338530467
2929,15,12,0,2,1,10,0.48355925464207705
2930,8,8,0,0,0,8,0.4552030500043358
2931,27,11,0,13,3,10,0.4147693844242667
2932,58,13,15,7,23,10,0.6044964804217681
2933,13,12,1,0,0,10,0.6206061548200984
2934,17,13,4,0,0,10,0.6954844556044755
2935,11,11,0,0,0,10,0.5124889961288978
2936,5,5,0,0,0,5,0.44274425080578245
2937,3,3,0,0,0,3,0.3133744876726778
2938,24,12,3,7,2,10,0.6541261702792968
2939,212,10,34,15,153,10,0.8385921976073611
2940,19,11,5,0,3,10,0.6831044835809816
2941,27,12,9,0,6,10,0.7128620548872111
2942,41,17,6,6,12,10,0.3352316133664101
2943,155,13,20,0,122,10,0.30535902448976904
2944,17,12,3,0,2,10,0.6696933771089931
2945,18,11,7,0,0,10,0.581590865139042
2946,52,14,14,0,24,10,0.6442550356585313
2947,32,12,5,6,9,10,0.03111874219953103
2948,32,11,11,0,10,10,0.5484651462807054
2949,22,12,7,0,3,10,0.7976418267909042
2950,110,11,34,0,65,10,0.8697530353939908
2951,6,6,0,0,0,6,0.44905545799294033
2952,3,3,0,0,0,3,0.501661134030212
2953,1,1,0,0,0,1,0.033835761469840055
2954,13,12,1,0,0,10,0.6976692241060646
2955,1,1,0,0,0,1,0.5193933891848671
2956,391,10,51,0,330,10,0.8230931941017314
2957,3,2,0,1,0,3,0.05205558075452209
2958,1,1,0,0,0,1,0.22159511216104436
2959,8,5,0,3,0,6,0.06861422641606282
2960,2,2,0,0,0,2,0.058196108709685786
2961,3,3,0,0,0,3,0.12069447391908893
2962,59,11,23,0,25,10,0.6052309358963294
2963,46,13,23,0,10,10,0.8434544735066636
2964,46,12,14,0,20,10,0.8392629074725424
2965,43,14,13,0,16,10,0.7952477425430067
2966,76,10,26,0,40,10,0.8947989894571732
2967,24,13,5,0,6,10,0.5401388204137038
2968,13,9,0,2,2,10,0.7256330409916751
2969,28,13,12,0,3,10,0.7077650438980558
2970,19,10,9,0,0,10,0.7028841316347096
2971,25,11,10,0,4,10,0.7199446699119404
2972,9,6,0,3,0,6,0.5132030817125102
2973,13,11,0,1,1,10,0.5879442318447748
2974,25,12,7,1,5,10,0.7375859747985489
2975,1,1,0,0,0,1,0.06268710300760426
2976,1163,10,30,0,1123,10,0.8840540373693189
2977,13,13,0,0,0,10,0.14833381804348655
2978,11,0,5,0,6,8,0.0013820899285812926
2979,5,5,0,0,0,5,0.47135482063487144
2980,12,11,0,0,1,10,0.6648069646413499
2981,5,5,0,0,0,5,0.23645710991788485
2982,64,12,19,3,30,10,0.8175151209643514
2983,7,7,0,0,0,7,0.3577874954348144
2984,6,6,0,0,0,6,0.26982057354823863
2985,8,8,0,0,0,8,0.5104878618616513
2986,4,3,0,1,0,3,0.16063336398099423
2987,18,11,0,7,0,10,0.5353300352678267
2988,34,13,4,8,9,10,0.6136794965946216
2989,6,6,0,0,0,6,0.24837440966315133
2990,12,12,0,0,0,10,0.5903809083148079
2991,5,4,0,1,0,4,0.029237430444278123
2992,3,3,0,0,0,3,0.14139947007884326
2993,3,2,0,1,0,3,0.11358296892309597
2994,12,9,0,3,0,9,0.6099221904682717
2995,125,11,27,17,70,10,0.7462899395705684
2996,361,10,49,0,302,10,0.782877306777866
2997,98,11,65,0,22,10,0.8182342680179402
2998,68,12,47,0,9,10,0.7955044312001507
2999,34,12,19,0,3,10,0.7722082029147737
3000,27,11,16,0,0,10,0.807071719789531
3001,45,12,20,0,13,10,0.5854816906907522
3002,130,10,52,0,68,10,0.8432283470730786
3003,187,10,40,0,137,10,0.8371094010695435
3004,9,9,0,0,0,9,0.6669819463127602
3005,27,12,14,0,1,10,0.6815860459404373
3006,39,12,25,0,2,10,0.6844544512923401
3007,32,14,10,0,8,10,0.6947473279035238
3008,44,12,15,2,15,10,0.5805967455594636
3009,68,15,52,0,1,10,0.6727372308005958
3010,403,11,59,0,333,10,0.7048975689447986
3011,63,13,23,0,27,10,0.8467238262750935
3012,30,14,5,0,11,10,0.5928159180876571
3013,34,11,17,0,6,10,0.6996088589474614
3014,50,15,20,0,15,10,0.6737170427703836
3015,17,13,3,0,1,10,0.48135468823687366
3016,8,8,0,0,0,8,0.49980563877706596
3017,45,12,25,0,8,10,0.7450922763421274
3018,477,10,59,0,408,10,0.7020244526488517
3019,28,13,10,1,4,10,0.5150735528608773
3020,118,10,43,7,58,10,0.7149500081719319
3021,472,10,49,29,384,10,0.7788399390607226
3022,475,12,25,32,406,10,0.7056575688462352
3023,58,19,26,0,13,10,0.5099143624607873
3024,372,10,32,14,316,10,0.8202938217456364
3025,81,14,31,3,33,10,0.6638786091400193
3026,514,10,50,50,404,10,0.7445238243242096
3027,49,26,1,13,9,10,0.1037865891973713
3028,56,21,17,0,18,10,0.7245429925697655
3029,68,16,26,0,26,10,0.7138447687938791
3030,45,14,19,0,12,10,0.6512084780251265
3031,64,11,34,0,19,10,0.8066607647776038
3032,2812,10,41,0,2761,10,0.8513458835656025
3033,152,10,55,0,87,10,0.8631968770215614
3034,144,10,17,0,117,10,0.8141440261321995
3035,64,10,23,0,31,10,0.784766612802565
3036,660,10,67,0,583,10,0.8539948483102293
3037,560,11,85,0,464,10,0.8882619099890905
3038,17,13,0,2,2,10,0.7474627317278009
3039,29,11,11,0,7,10,0.7621426407069671
3040,19,10,8,0,1,10,0.8117824792459263
3041,22,12,7,1,2,10,0.7891569768644877
3042,11,10,0,1,0,10,0.5479624260525376
3043,54,12,14,8,20,10,0.7463451080554631
3044,26,12,6,4,4,10,0.7556911598271914
3045,19,9,0,3,7,10,0.07177122490540228
3046,35,11,14,0,10,10,0.8217197465286774
3047,194,10,24,4,156,10,0.8729969502246977
3048,32,11,10,0,11,10,0.7877380123666187
3049,215,24,51,14,126,10,0.24685736797770158
3050,4,4,0,0,0,4,0.4660288441586058
3051,7,7,0,0,0,7,0.33410422988087113
3052,21,13,7,0,1,10,0.6435859915111956
3053,279,19,69,8,183,10,0.9222004580102866
3054,151,10,24,0,117,10,0.5422707957525432
3055,107,10,21,0,76,10,0.7342154544390019
3056,80,10,21,0,49,10,0.5326219116755959
3057,37,11,19,0,7,10,0.3000813531227713
3058,53,13,19,0,21,10,0.5714561965166758
3059,64,12,23,0,29,10,0.7388205507737093
3060,60,11,31,0,18,10,0.38897423296115674
3061,83,10,25,0,48,10,0.3947717127602683
3062,49,14,19,0,16,10,0.4186365230420318
3063,54,14,19,0,21,10,0.4385198778810182
3064,12,11,1,0,0,10,0.3875321473873554
3065,132,10,36,0,86,10,0.7709069657334635
3066,98,12,32,0,54,10,0.7479866113938707
3067,91,10,30,0,51,10,0.8295060654940556
3068,51,11,27,0,13,10,0.7456041716578405
3069,11,1,0,6,4,5,0.0008101895780031111
3070,25,18,7,0,0,10,0.2983330371043319
3071,933,10,61,0,862,10,0.8778838078036151
3072,63,10,19,0,34,10,0.8449126182602618
3073,336,10,37,0,289,10,0.8645846835135036
3074,416,12,39,0,365,10,0.8120706658897512
3075,301,11,36,4,250,10,0.8518959348287634
3076,21,11,9,0,1,10,0.6274932423045401
3077,11,11,0,0,0,10,0.6624739073182431
3078,6,6,0,0,0,6,0.555540743644134
3079,10,7,0,3,0,7,0.5908116742831828
3080,16,12,4,0,0,10,0.6766409519523933
3081,72,10,28,0,34,10,0.8619891379577163
3082,335,10,48,0,277,10,0.8447461565664345
3083,291,11,55,0,225,10,0.86598664521907
3084,15,10,5,0,0,10,0.6514600654226315
3085,48,12,20,0,16,10,0.7284360865540315
3086,5,4,0,1,0,5,0.11696887239457013
3087,55,11,12,8,24,10,0.7078654660918113
3088,6,6,0,0,0,6,0.19358805738817597
3089,5,5,0,0,0,5,0.18812817290488465
3090,7,4,0,3,0,4,0.4990421837367579
3091,3,0,0,3,0,2,0.004419149841581144
3092,14,8,0,5,1,9,0.42191924027560673
3093,29,13,7,5,4,10,0.606207720153976
3094,6,4,0,1,1,5,0.14315950286376214
3095,10,10,0,0,0,10,0.5136055524800924
3096,5,2,0,3,0,2,0.14346412962670504
3097,1,1,0,0,0,1,0.10639201190758854
3098,2,1,0,1,0,2,0.172174371347091
3099,10,10,0,0,0,10,0.3525874187372693
3100,145,10,33,2,100,10,0.763444492237257
3101,13,13,0,0,0,10,0.532814563922833
3102,13,10,3,0,0,10,0.613865810533642
3103,43,11,10,3,19,10,0.49970944159915853
3104,9,9,0,0,0,9,0.562655436203675
3105,90,10,22,0,58,10,0.9111799508898966
3106,2,2,0,0,0,2,0.16564510315759895
3107,87,10,45,0,32,10,0.7477238577551517
3108,33,13,6,5,9,10,0.636142519365789
3109,21,11,5,2,3,10,0.544977027814239
3110,42,11,16,0,15,10,0.6891446434366973
3111,54,11,20,3,20,10,0.816621175058493
3112,180,10,20,0,150,10,0.8591028353793486
3113,52,14,14,0,24,10,0.7084989714380381
3114,8,8,0,0,0,8,0.29163186200185937
3115,5,5,0,0,0,5,0.21788222304884505
3116,47,11,9,3,24,10,0.554379560627354
3117,19,14,4,0,1,10,0.4639871525241626
3118,7,7,0,0,0,7,0.5282482082375463
3119,36,13,11,0,12,10,0.6654641659853138
3120,368,10,40,0,318,10,0.8010769671090192
3121,1827,10,48,0,1769,10,0.9390401308072015
3122,503,10,52,0,441,10,0.8176163291020101
3123,115,10,45,0,60,10,0.7996656819826014
3124,128,10,55,0,63,10,0.7724734934436638
3125,124,11,46,0,67,10,0.9088838929622496
3126,19,12,4,2,1,10,0.6777612401816002
3127,16,11,5,0,0,10,0.6805412279392007
3128,87,11,33,1,42,10,0.7203596607751838
3129,2,1,0,1,0,2,0.0687824293215956
3130,2,0,0,2,0,2,0.00026221550513279437
3131,2,2,0,0,0,2,0.3327606352829421
3132,125,10,51,0,64,10,0.8134312085531998
3133,237,10,56,0,171,10,0.8586573986873205
3134,27,11,14,0,2,10,0.413345121588218
3135,24,11,11,0,2,10,0.1707948410798267
3136,45,13,25,0,7,10,0.346007632103032
3137,168,10,32,3,123,10,0.8603889134563385
3138,40,10,15,3,12,10,0.7200391917415779
3139,158,10,37,3,108,10,0.8757765562813635
3140,142,11,40,5,86,10,0.8461596270147269
3141,144,10,36,5,93,10,0.7706884799059603
3142,202,10,47,0,145,10,0.8829226859253183
3143,342,10,37,0,295,10,0.9011158066985703
3144,197,12,49,0,136,10,0.8940371095788164
3145,284,10,54,0,220,10,0.868915893724717
3146,16,13,1,0,2,10,0.5379929353199961
3147,19,12,4,0,3,10,0.7528928319087651
3148,14,13,0,1,0,10,0.6649849629632769
3149,62,14,12,9,27,10,0.7229250019022253
3150,24,10,7,6,1,10,0.7951513404185482
3151,43,12,18,2,11,10,0.7917355946920084
3152,17,2,0,10,5,10,8.448473619753989e-05
3153,36,11,15,1,9,10,0.694925103153873
3154,211,26,57,14,114,10,0.4150493089465005
3155,5,2,0,3,0,3,0.46727563955226764
3156,5,5,0,0,0,5,0.38828172428227764
3157,21,10,10,0,1,10,0.6924810647823045
3158,300,22,73,7,198,10,0.866916035792254
3159,334,22,32,0,280,10,0.3188698483107949
3160,36,11,22,0,3,10,0.6896234581433263
3161,13,10,3,0,0,10,0.5696114571734531
3162,10,10,0,0,0,10,0.6845282484813517
3163,12,9,0,3,0,9,0.6912303054050807
3164,20,11,8,0,1,10,0.7358876559038161
3165,106,10,32,0,64,10,0.878396053079731
3166,3,3,0,0,0,3,0.3774529898233751
3167,2,1,0,1,0,1,0.25495628262237247
3168,2,2,0,0,0,2,0.3235747156226412
3169,2,2,0,0,0,2,0.35634149656986025
3170,2,2,0,0,0,2,0.3407938778280002
3171,2,2,0,0,0,2,0.4685270293761791
3172,3,3,0,0,0,3,0.1679569730954319
3173,3,3,0,0,0,3,0.22772170522504626
3174,2,2,0,0,0,2,0.2929781858244738
3175,2,2,0,0,0,2,0.28595374249765304
3176,3,3,0,0,0,3,0.3558739365596492
3177,1,1,0,0,0,1,0.44133265578827185
3178,3,3,0,0,0,3,0.18199656724543073
3179,3,3,0,0,0,3,0.41394338543271925
3180,11,11,0,0,0,10,0.65195796926582
3181,106,28,39,5,34,10,0.46526143041523876
3182,1874,13,55,0,1806,10,0.8198036110468544
3183,260,10,52,2,196,10,0.7970276481686349
3184,1894,12,58,0,1824,10,0.7736210925588317
3185,161,10,42,0,109,10,0.8436587138884009
3186,635,10,57,0,568,10,0.6855141653836669
3187,944,10,84,6,844,10,0.5875802955060705
3188,756,11,79,0,666,10,0.7947164539201015
3189,602,10,82,0,510,10,0.7922275707812183
3190,42,17,19,0,6,10,0.599164247719991
3191,4785,11,55,0,4719,10,0.8951020511890253
3192,436,13,41,1,381,10,0.7817407299536834
3193,46,13,24,0,9,10,0.6708423826156478
3194,31,10,17,0,4,10,0.7718023914383833
3195,125,10,47,0,68,10,0.8657955038818277
3196,172,10,74,0,88,10,0.8261878126611151
3197,457,13,73,0,371,10,0.8755957201002966
3198,283,10,66,0,207,10,0.8586316833501408
3199,18,14,4,0,0,10,0.31381537169759544
3200,2128,10,45,11,2062,10,0.7023797684040034
3201,1277,23,8,3,1243,10,0.10219913560560331
3202,1390,13,68,8,1301,10,0.900412516700914
3203,333,10,97,0,226,10,0.8837692482471655
3204,368,11,80,0,277,10,0.7879883716976901
3205,331,10,84,0,237,10,0.9043176234645365
3206,262,11,64,0,187,10,0.8811984156709992
3207,358,10,67,0,281,10,0.9109962472426645
3208,568,10,58,0,500,10,0.7771969232945098
3209,47,12,21,0,14,10,0.8161040622908513
3210,46,13,25,0,8,10,0.7808216176614311
3211,67,10,29,0,28,10,0.8890096523373132
3212,17,11,5,0,1,10,0.7264736463602857
3213,42,11,23,0,8,10,0.3638895389665868
3214,27,10,14,0,3,10,0.40043629186299995
3215,27,12,13,0,2,10,0.33991334656903094
3216,11,9,2,0,0,10,0.1102782145052035
3217,19,13,3,2,1,10,0.37593879677645037
3218,24,12,11,0,1,10,0.519619291617117
3219,20,11,9,0,0,10,0.17203563817878467
3220,177,10,41,0,126,10,0.8395296936184217
3221,126,10,38,3,75,10,0.8372511816215162
3222,79,10,24,0,45,10,0.769801425313692
3223,105,10,34,0,61,10,0.7710345587113614
3224,1313,11,39,0,1263,10,0.8933953464583312
3225,71,10,32,0,29,10,0.7975628467634475
3226,120,10,36,0,74,10,0.8960251962876866
3227,54,12,31,0,11,10,0.7540551117589203
3228,1200,10,38,13,1139,10,0.8476944867641847
3229,1520,11,41,6,1462,10,0.8345726945740267
3230,389,16,39,0,334,10,0.5347797148439803
3231,42,17,8,3,14,10,0.5966175046089898
3232,81,11,37,7,26,10,0.7125898738499281
3233,107,11,41,0,55,10,0.7894743425651969
3234,167,10,41,0,116,10,0.8711727165801298
3235,181,12,30,0,139,10,0.9005711396691687
3236,28,14,10,0,4,10,0.6246931853752488
3237,53,13,19,0,21,10,0.7364790405766348
3238,30,10,16,0,4,10,0.6685421215603973
3239,24,16,4,0,4,10,0.5028828848819801
3240,26,11,11,0,4,10,0.7488515636344689
3241,19,12,6,0,1,10,0.7136664736306045
3242,28,11,1,14,2,10,0.569640893441131
3243,19,12,4,0,3,10,0.7167838554745605
3244,8,7,0,1,0,7,0.36543882884205475
3245,15,12,0,2,1,10,0.4526677872370477
3246,61,11,16,9,25,10,0.6093853186939945
3247,24,11,7,5,1,10,0.672493329343345
3248,25,13,5,5,2,10,0.7337398943392824
3249,37,11,3,1,22,10,0.7253815941172846
3250,42,10,18,2,12,10,0.738496824407183
3251,203,10,29,4,160,10,0.8841609811798727
3252,19,14,2,2,1,10,0.6119536114997017
3253,102,10,43,0,49,10,0.8010983328736487
3254,86,10,30,0,46,10,0.8362484394242682
3255,105,10,37,0,58,10,0.7562704227532654
3256,206,12,81,0,113,10,0.7559442578574245
3257,276,10,23,0,243,10,0.858779159489953
3258,1657,10,36,0,1611,10,0.8215301904748176
3259,122,17,34,5,66,10,0.7720627334202668
3260,290,10,32,3,245,10,0.805325785062551
3261,327,10,58,0,259,10,0.7463735140449425
3262,303,10,36,0,257,10,0.6292236371717592
3263,137,13,36,6,82,10,0.6473225693336562
3264,579,12,49,2,516,10,0.8855595562791871
3265,13,11,2,0,0,10,0.7190662174183958
3266,38,14,10,0,14,10,0.7563840506750288
3267,4,4,0,0,0,4,0.15743928057938827
3268,8,8,0,0,0,8,0.4966907843306403
3269,3,3,0,0,0,3,0.14567964556406843
3270,38,12,10,8,8,10,0.6800659622129259
3271,4,3,0,1,0,4,0.23545513859140466
3273,2,2,0,0,0,2,0.05371465712932526
3274,3,1,0,2,0,1,0.028619175651291354
3275,11,9,0,2,0,10,0.295718740765621
3276,15,11,0,4,0,10,0.4294025628799634
3277,3,3,0,0,0,3,0.09635421906020618
3278,10,9,0,1,0,10,0.20130583540652872
3279,4,4,0,0,0,4,0.042351588750906194
3280,2,1,0,1,0,2,0.04111924753489055
3281,1,1,0,0,0,1,0.16958765098554882
3282,8,7,0,1,0,7,0.2689273531100379
3283,100,10,25,5,60,10,0.8193381757880934
3284,8,8,0,0,0,8,0.46973082212710804
3285,10,10,0,0,0,10,0.45520964570423694
3286,29,12,6,6,5,10,0.7166765760693459
3287,7,7,0,0,0,7,0.578729235779393
3288,58,10,18,0,30,10,0.7688457258866955
3289,1,1,0,0,0,1,0.07137306810234266
3290,13,7,2,1,3,8,0.1653992915783388
3291,18,12,3,0,3,10,0.5041081901348264
3292,10,10,0,0,0,10,0.5981648204624255
3293,17,15,1,0,1,10,0.5219414135553743
3294,494,10,21,0,463,10,0.7013520503184325
3295,27,11,15,0,1,10,0.8273767079750511
3296,168,10,55,0,103,10,0.8908588901706331
3297,570,10,65,0,495,10,0.8748868676529563
3298,2,2,0,0,0,2,0.27480427913200334
3299,436,21,14,14,387,10,0.540286256960685
3300,2768,10,48,0,2710,10,0.9178650706525056
3301,204,11,86,0,107,10,0.9061351922501022
3302,185,10,70,0,105,10,0.8778666412775118
3303,270,10,74,0,186,10,0.8603411645462947
3304,472,21,31,18,402,3,0.03912409146250511
3305,750,13,50,29,658,10,0.6439084000616498
3306,30,11,13,0,6,10,0.6881863341662032
3307,31,11,19,0,1,10,0.5991630736997222
3308,14,10,3,0,1,10,0.65901450040899
3309,135,10,61,0,64,10,0.7697865915290146
3310,84,10,32,0,42,10,0.8492128990381247
3311,18,11,6,0,1,10,0.5495571254450486
3312,1380,10,63,0,1307,10,0.896082523866445
3313,212,10,42,0,160,10,0.8395950177230709
3315,2,2,0,0,0,2,0.18104678661401585
3316,3,3,0,0,0,3,0.05784458785920939
3317,4,4,0,0,0,4,0.49867260051775797
3318,3,3,0,0,0,3,0.5322395576670792
3319,2,2,0,0,0,2,0.10183468681146254
3320,4,4,0,0,0,4,0.5142389914146821
3321,3,3,0,0,0,3,0.1515686244632309
3323,4,4,0,0,0,4,0.3476511889163113
3324,6,6,0,0,0,6,0.4261747939336128
3325,20,13,5,0,2,10,0.6353235330486898
3326,5,4,0,1,0,5,0.09757327853084226
3327,4,4,0,0,0,4,0.44522398015245734
3328,3,3,0,0,0,3,0.2520713514930698
3329,4,4,0,0,0,4,0.3850491809347205
3330,2,1,0,1,0,2,0.024938199647224026
3331,5,3,0,2,0,3,0.056067111605463495
3332,3,3,0,0,0,3,0.21930762661452652
3333,2,2,0,0,0,2,0.0847006198837141
3334,1,0,0,1,0,1,0.006810486602187735
3335,4,1,0,3,0,4,0.009630240964812731
3336,4,4,0,0,0,4,0.5596435320603943
3337,2,2,0,0,0,2,0.03821730074700076
3338,4,4,0,0,0,4,0.4749359804095184
3339,3,3,0,0,0,3,0.3356185215408838
3340,3,3,0,0,0,3,0.13316515960924416
3341,5,3,0,2,0,5,0.06095496812460557
3342,4,4,0,0,0,4,0.22940629134183804
3343,2,1,0,1,0,1,0.010454169394197918
3344,2,2,0,0,0,2,0.02722467056505976
3345,5,3,0,2,0,4,0.13855551781513403
3347,3,1,0,2,0,1,0.04619613710819345
3348,6,6,0,0,0,6,0.4777166592629406
3349,5,5,0,0,0,5,0.48150420408808153
3350,4,4,0,0,0,4,0.21967412328172375
3351,4,4,0,0,0,4,0.08525899703561877
3352,6,3,0,3,0,5,0.2747339947162836
3353,6,6,0,0,0,6,0.33310904504852257
3354,4,4,0,0,0,4,0.3472221817665717
3355,6,5,0,1,0,6,0.22242149634928882
3356,5,5,0,0,0,5,0.32349900285740496
3357,5,5,0,0,0,5,0.6198479012464784
3358,6,6,0,0,0,6,0.5566798516993419
3359,189,11,63,0,115,10,0.38551298040669035
3360,32,11,19,0,2,10,0.8718222977961738
3361,55,12,18,0,25,10,0.8204920933236026
3362,82,10,34,0,38,10,0.7717561520058875
3363,453,30,37,4,382,10,0.09525102818931547
3364,220,10,61,8,141,10,0.36443714271283933
3365,600,10,52,11,527,10,0.8483954845179222
3366,2820,11,59,7,2743,10,0.8976252787891916
3367,440,10,49,0,381,10,0.8617712453724959
3368,1424,10,54,0,1360,10,0.8557833605939451
3369,798,10,78,5,705,10,0.8911700236792848
3370,1518,11,74,3,1430,10,0.9056087299908415
3371,76,12,20,0,44,10,0.7035110552758004
3372,265,21,9,13,222,10,0.09269149277150439
3373,89,10,25,2,52,10,0.30900694047305555
3374,39,12,19,0,8,10,0.611306771129253
3375,96,24,30,0,42,10,0.48062658480577014
3376,158,10,37,0,111,10,0.851300326876256
3377,198,10,46,0,142,10,0.7655664482960003
3378,112,10,31,7,64,10,0.7164555081309967
3379,231,10,29,0,192,10,0.8970259675831235
3380,352,10,48,2,292,10,0.3708638073499395
3381,75,10,31,0,34,10,0.8017366325165942
3382,12,9,0,3,0,10,0.4327532596994748
3383,8,7,0,1,0,7,0.2807013806054242
3384,122,10,36,0,76,10,0.8714724501495484
3385,15,10,4,0,1,10,0.6949755351331054
3386,7,7,0,0,0,7,0.4814460023907319
3387,73,13,19,0,41,10,0.7257566535749216
3388,97,15,16,0,66,10,0.6823355492441487
3389,126,12,23,0,91,10,0.8232694880883841
3390,15,11,3,0,1,10,0.6420667148148456
3391,1958,10,58,0,1890,10,0.8830932326721547
3392,40,5,2,1,32,10,0.003163564298065077
3393,12,12,0,0,0,10,0.7745143418545843
3394,5,5,0,0,0,5,0.4526327883269607
3395,26,11,11,0,4,10,0.7100678538636676
3396,17,10,5,0,2,10,0.5556209279217195
3397,2,2,0,0,0,2,0.047180805056092484
3398,9,9,0,0,0,9,0.5922922614586968
3399,2,2,0,0,0,2,0.11582751199130537
3400,13,11,2,0,0,10,0.49726209545141103
3401,9,9,0,0,0,9,0.4262894428374808
3402,5,5,0,0,0,5,0.45051764994872806
3403,7,7,0,0,0,7,0.7551260855371086
3404,6,6,0,0,0,6,0.6295768111202908
3405,11,11,0,0,0,10,0.7841754964628473
3406,9,9,0,0,0,9,0.7207449582273225
3407,63,10,35,0,18,10,0.7290458013717965
3408,13,11,1,0,1,10,0.7354796333013178
3409,34,12,6,0,16,10,0.5647063245595876
3410,32,11,16,0,5,10,0.7402100323889562
3411,10,9,0,1,0,9,0.6949232867333597
3412,10,8,0,2,0,8,0.5583953170383369
3413,5,3,0,2,0,3,0.6499400827088209
3414,8,8,0,0,0,8,0.7406908467705297
3415,15,12,3,0,0,10,0.6611365440430643
3416,10,6,0,1,3,6,0.34889376108244635
3417,12,9,0,0,3,10,0.5067261151938189
3418,20,12,5,2,1,10,0.6466547723746447
3419,17,11,5,0,1,10,0.6584407061761162
3420,20,11,6,0,3,10,0.623226867149844
3421,17,12,2,1,2,10,0.4726111347687993
3422,28,12,7,2,7,10,0.6605551442392055
3423,15,12,1,2,0,10,0.6332873309889844
3424,10,8,0,0,2,8,0.39371662591276224
3425,11,7,0,4,0,8,0.2630466658881433
3426,15,11,3,0,1,10,0.7437943706677345
3427,15,12,0,1,2,10,0.32936905706213593
3428,10,8,0,1,1,9,0.22234801349830868
3429,114,10,46,0,58,10,0.7879149921556972
3430,202,10,45,0,147,10,0.9201703434762757
3431,38,12,18,0,8,10,0.7926246300290449
3432,353,10,52,0,291,10,0.8114793986558838
3433,320,10,66,0,244,10,0.924930318909583
3434,3,3,0,0,0,3,0.14550519579688287
3435,74,13,31,0,30,10,0.4088337963453589
3436,24,14,4,0,6,10,0.10242551251612385
3437,42,11,19,0,12,10,0.4751733632334748
3438,14,12,0,1,1,10,0.5137082687867172
3439,7,7,0,0,0,7,0.553322677295586
3440,4,4,0,0,0,4,0.3029712092960579
3441,25,11,9,0,5,10,0.4105753488910545
3442,36,11,15,0,10,10,0.5868919672193961
3443,18,11,6,0,1,10,0.6624265188623958
3444,38,12,16,0,10,10,0.6854542299794926
3445,411,11,61,0,339,10,0.9163865738773194
3446,15,11,0,2,2,10,0.3268457928612133
3447,25,12,9,1,3,10,0.6480560032438677
3448,11,10,1,0,0,10,0.37053585710500203
3449,14,12,2,0,0,10,0.42940120307062907
3450,23,15,4,4,0,10,0.6434938379540074
3451,19,12,6,0,1,10,0.6387080306607549
3452,21,10,10,0,1,10,0.6579268109717125
3453,12,10,2,0,0,10,0.4958422716870856
3454,14,11,1,0,2,10,0.5643792634139825
3455,7,7,0,0,0,7,0.47640607638053806
3456,16,11,5,0,0,10,0.8023072157884903
3457,80,12,25,0,43,10,0.6608244402917531
3458,31,11,4,1,15,10,0.6144994243856721
3459,37,11,15,0,11,10,0.3015227095516042
3460,15,11,4,0,0,10,0.47233457721088273
3461,4,4,0,0,0,4,0.06172743839230771
3462,37,11,15,0,11,10,0.6207307263313009
3463,71,11,21,0,39,10,0.5997653721458653
3464,2,1,0,1,0,2,0.020539611297990378
3465,10,10,0,0,0,10,0.4310000950776941
3466,2,2,0,0,0,2,0.1817260259281534
3467,7,7,0,0,0,7,0.43199728331845494
3468,8,8,0,0,0,8,0.6760038015433837
3469,264,10,53,0,201,10,0.8103571700295475
3470,12,10,2,0,0,10,0.6360961031753865
3471,1,1,0,0,0,1,0.03591016840406304
3472,2,0,0,2,0,2,0.0008503482266962527
3473,5,5,0,0,0,5,0.059945530824457006
3474,67,16,10,7,34,10,0.7682812899697918
3475,3,2,0,1,0,3,0.008540052106856103
3476,3,2,0,1,0,2,0.015958721465579008
3477,4,3,0,1,0,4,0.3193808154809973
3478,2,2,0,0,0,2,0.41608481660593283
3479,3,3,0,0,0,3,0.3776840664401168
3480,3,0,0,3,0,2,0.00034018161452396205
3481,22,9,5,6,2,10,0.2880852658663323
3482,18,13,3,2,0,10,0.685333041991598
3483,7,7,0,0,0,7,0.23480571089732594
3484,158,10,32,0,116,10,0.7014424929735972
3485,134,10,33,5,86,10,0.5044220878501138
3486,37,12,10,5,10,10,0.762883119635331
3487,4,4,0,0,0,4,0.11746369352020496
3488,1,0,0,1,0,1,3.172611344246931e-06
3489,3,3,0,0,0,3,0.14915464775542514
3490,2,2,0,0,0,2,0.05095304132600446
3491,4,1,0,3,0,2,0.011665064923551668
3492,11,11,0,0,0,10,0.4386199509652356
3493,13,12,1,0,0,10,0.7234593710170376
3494,7,6,1,0,0,7,0.35947630468274855
3495,8,4,0,3,1,6,0.010932593347342489
3496,1,1,0,0,0,1,0.022022466217120684
3497,23,15,7,0,1,10,0.51776445097036
3498,2,1,0,0,1,2,0.019689195303314016
3499,1,0,0,1,0,1,0.00598863545142832
3500,1,0,0,1,0,1,0.004517826272019685
3501,1,1,0,0,0,1,0.0769157732783116
3502,1,1,0,0,0,1,0.014172167997510119
3503,88,10,33,0,45,10,0.502556260040695
3504,442,24,46,13,359,10,0.09237939884239453
3505,365,12,37,0,316,10,0.7403783388670278
3506,1320,13,30,0,1277,10,0.853863490580222
3507,568,10,65,0,493,10,0.8148598741512874
3508,31,10,18,0,3,10,0.7251493551565754
3509,275,10,54,0,211,10,0.6551329495672644
3510,10,10,0,0,0,10,0.5649334666535648
3511,90,14,36,0,40,10,0.5507134286011885
3512,30,17,6,0,7,10,0.36718783697631374
3513,34,12,13,0,9,10,0.7042274784441007
3514,21,11,10,0,0,10,0.4172286248036581
3515,11,10,1,0,0,10,0.5320840486045467
3516,10,9,0,1,0,9,0.4683314457763058
3517,26,14,4,7,1,10,0.7366145237477282
3518,11,10,1,0,0,10,0.5809268669465473
3519,4,4,0,0,0,4,0.38749666952615347
3520,36,12,19,0,5,10,0.8452612390749998
3521,308,10,48,0,250,10,0.8272052769660241
3522,278,11,76,0,191,10,0.882208568049776
3524,1,1,0,0,0,1,0.12666790852714607
3525,1,1,0,0,0,1,0.15030217057345496
3526,8,8,0,0,0,8,0.4127376022199593
3527,2,2,0,0,0,2,0.5002428788888535
3528,2,2,0,0,0,2,0.13444283894919
3529,3,3,0,0,0,3,0.41536180308800463
3530,2,2,0,0,0,2,0.05823760097605268
3531,2,2,0,0,0,2,0.14973382303610186
3532,3,3,0,0,0,3,0.3082196457213117
3533,14,13,0,0,1,10,0.6073486882716143
3534,6,5,1,0,0,6,0.029723889828818933
3535,157,34,32,0,91,10,0.41633612066118264
3536,51,11,26,0,14,10,0.6842097401575173
3537,13,11,1,0,1,10,0.46287330244925234
3538,1929,10,47,0,1872,10,0.8757701609537731
3539,680,10,76,0,594,10,0.9390497546208325
3540,24,11,13,0,0,10,0.5527321702634255
3541,287,10,66,0,211,10,0.6391012097384666
3542,72,11,37,0,24,10,0.49519421509593575
3543,2892,10,57,0,2825,10,0.5651507714275511
3544,1559,10,56,0,1493,10,0.8435610168261929
3545,386,10,51,0,325,10,0.8622231095254242
3546,45,11,24,0,10,10,0.7993214388565922
3547,183,10,56,0,117,10,0.8061034196605874
3548,17,13,3,0,1,10,0.6276959825577146
3549,48,13,32,0,3,10,0.5488805824301142
3550,40,11,23,0,6,10,0.7082845210788242
3551,64,13,22,0,29,10,0.7244252993587303
3552,83,11,22,4,46,10,0.5822274099921814
3553,3393,17,34,3,3339,10,0.7027465164635649
3554,2948,10,35,38,2865,10,0.8535657123801961
3555,298,11,18,15,254,10,0.7974615922379391
3556,37,13,12,2,10,10,0.41860562889828423
3557,16,11,3,2,0,10,0.6090935523648757
3558,13,10,0,2,1,10,0.3931087337191073
3559,11,11,0,0,0,10,0.5792120690752511
3560,17,11,5,0,1,10,0.6270142837843398
3561,27,11,15,0,1,10,0.6762320287713874
3562,23,12,10,0,1,10,0.6805358283307608
3563,22,11,11,0,0,10,0.6037498483935145
3564,32,13,16,0,3,10,0.6080214726951032
3565,1668,10,47,0,1611,10,0.8173531598799942
3566,977,10,42,0,925,10,0.8075057609153862
3567,197,12,40,4,141,10,0.8548733091675045
3568,34,12,14,0,8,10,0.6189864913277416
3569,23,13,7,0,3,10,0.6123734603132058
3570,3,2,0,1,0,2,0.10839935732451389
3571,2,2,0,0,0,2,0.25990768122153207
3572,2,2,0,0,0,2,0.3375004977606566
3573,1,1,0,0,0,1,0.017415687490606836
3574,2,2,0,0,0,2,0.013164620987737366
3575,7,6,0,1,0,7,0.4115493656284976
3576,9,7,0,2,0,8,0.29035509787847047
3577,3,3,0,0,0,3,0.12506091404630615
3578,4,4,0,0,0,4,0.19905955387859392
3579,6,6,0,0,0,6,0.49046808658307184
3580,8,8,0,0,0,8,0.6020728021723066
3581,1,1,0,0,0,1,0.1115328215614708
3582,2,2,0,0,0,2,0.22930631448866176
3583,6,6,0,0,0,6,0.30840864866597206
3584,3,2,0,1,0,2,0.09549893052501071
3585,1,0,0,1,0,1,0.002303917342192963
3586,1,1,0,0,0,1,0.010074599241947334
3587,1,0,0,1,0,1,0.0014655535086715338
3588,2,2,0,0,0,2,0.02170831257560284
3589,7,7,0,0,0,7,0.3406173722578551
3590,1,1,0,0,0,1,0.13700129146139656
3591,3,2,0,1,0,3,0.03917976681019788
3593,2,2,0,0,0,2,0.0240761948125432
3594,2,2,0,0,0,2,0.04517399581317556
3595,5,4,0,1,0,4,0.22991240182448142
3596,2,2,0,0,0,2,0.11478912233935003
3597,2,1,0,1,0,2,0.08799535364927706
3598,3,3,0,0,0,3,0.5282836672995551
3599,2,2,0,0,0,2,0.13795344259898082
3600,9,9,0,0,0,9,0.37948256647528367
3601,2,2,0,0,0,2,0.03742691830315931
3602,1,0,0,1,0,1,0.001385117354287033
3603,2,2,0,0,0,2,0.13892402886348199
3604,5,3,0,2,0,4,0.23356565352312894
3605,5,5,0,0,0,5,0.25990659985054626
3606,2,2,0,0,0,2,0.04929333937410103
3607,2,1,0,1,0,2,0.03441196420367315
3608,3,3,0,0,0,3,0.05200739581758701
3609,1,1,0,0,0,1,0.036236664827140344
3610,3,3,0,0,0,3,0.0697598270044254
3611,5,5,0,0,0,5,0.5932610778730149
3612,4,3,0,1,0,3,0.13546649333655295
3613,1,0,0,0,1,0,nan
3614,716,12,50,24,630,10,0.7837915352197753
3615,30,0,0,1,29,10,2.5166138497114415e-06
3616,721,10,64,0,647,10,0.8788538225283073
3617,168,10,27,0,131,10,0.7877936337054599
3618,1,1,0,0,0,1,0.06309329911383534
3619,2,2,0,0,0,2,0.08602154332100254
3620,2,2,0,0,0,2,0.0709374649473625
3621,2,2,0,0,0,2,0.2575236256545622
3623,2,2,0,0,0,2,0.024823581169590773
3624,2,2,0,0,0,2,0.30949373658384693
3625,3,3,0,0,0,3,0.014612351386771121
3626,1,1,0,0,0,1,0.01223025346109391
3627,2,2,0,0,0,2,0.3589163326470962
3628,4,4,0,0,0,4,0.12678615477389846
3629,6,6,0,0,0,6,0.6366528973278557
3630,3,3,0,0,0,3,0.046775717685845423
3631,1,1,0,0,0,1,0.015491450601513537
3632,1,1,0,0,0,1,0.2302154223083061
3634,2,2,0,0,0,2,0.09056778961768255
3635,1,1,0,0,0,1,0.018789717974763812
3636,3,3,0,0,0,3,0.028392305217211648
3637,2,1,0,1,0,2,0.007300925925792968
3639,3,2,0,1,0,3,0.01390632540055544
3640,2,1,0,1,0,2,0.01205423263265852
3642,2,2,0,0,0,2,0.33498663096382225
3643,2,2,0,0,0,2,0.15697147806760936
3644,2,0,0,2,0,2,0.0021652803026943647
3645,5,5,0,0,0,5,0.24875845485155731
3646,3,3,0,0,0,3,0.12465288387640619
3649,2,2,0,0,0,2,0.10499483157668751
3650,2,1,0,1,0,2,0.021231281510694575
3651,3,0,0,3,0,3,0.00026770086798958857
3653,43,21,13,1,8,10,0.15257561005484915
3654,540,13,44,1,482,10,0.3778483229941915
3655,260,10,64,0,186,10,0.8807560562922181
3656,38,15,19,1,3,10,0.4987914758800841
3657,1833,12,36,7,1778,10,0.8379125479482392
3658,102,10,43,0,49,10,0.7363387891559541
3659,36,14,18,0,4,10,0.4620396142823818
3660,325,10,47,0,268,10,0.8432581706994382
3661,91,13,47,0,31,10,0.5269336116287129
3662,17,0,7,0,10,10,0.00046294838034504596
3663,63,11,34,0,18,10,0.8591596523671463
3664,141,10,45,0,86,10,0.7825399194819955
3665,9360,14,41,11,9294,10,0.5749017766827678
3666,96,11,39,8,38,10,0.575486756909523
3667,201,10,41,9,141,10,0.7715903648855525
3668,232,13,42,3,174,10,0.8629195635305711
3669,48,12,28,0,8,10,0.7695668966770091
3670,52,11,25,0,16,10,0.5869601791726112
3671,32,12,17,0,3,10,0.6515611363986583
3672,25,11,13,0,1,10,0.8042990204345615
3673,26,10,13,0,3,10,0.7674762106403926
3674,24,12,11,0,1,10,0.7454066779770765
3675,7406,11,44,12,7339,10,0.742288605716843
3676,63,10,23,0,30,10,0.6124292614101258
3677,16,11,5,0,0,10,0.5042228642685345
3678,1475,11,56,0,1408,10,0.8461681305145818
3679,1254,11,17,4,1222,10,0.7035901201881181
3680,724,10,54,6,654,10,0.8245583467583184
3681,142,11,28,3,100,10,0.7699933131773333
3682,110,10,35,0,65,10,0.7582489863313133
3683,108,12,54,0,42,10,0.7519257450572541
3684,138,14,37,0,87,10,0.5230742832544233
3685,181,10,47,0,124,10,0.7850812254686679
3686,107,10,38,0,59,10,0.8443401866023988
3687,340,12,32,9,287,10,0.7867817970229152
3688,132,12,39,0,81,10,0.868194140306378
3689,50,10,23,0,17,10,0.592081463610983
3690,1273,12,26,4,1231,10,0.7942377265516862
3691,713,10,63,12,628,10,0.8549457467219248
3692,142,11,28,5,98,10,0.763468716057853
3693,94,10,35,0,49,10,0.6911145344695302
3694,124,10,52,0,62,10,0.6874055062923264
3695,138,10,38,2,88,10,0.430791228934562
3696,184,10,49,0,125,10,0.712402817873881
3697,110,10,41,0,59,10,0.8415857709933423
3698,328,11,32,7,278,10,0.7531313849098684
3699,132,10,39,0,83,10,0.8281998796912
3700,42,11,19,0,12,10,0.552566303497894
3701,92,10,27,0,55,10,0.7022365361618154
3702,6,6,0,0,0,6,0.27986364115487833
3703,21,11,8,1,1,10,0.613441448469181
3704,25,11,9,0,5,10,0.6067650905902189
3705,462,10,57,0,395,10,0.8597916416043081
3706,65,18,13,3,31,10,0.42021800403902176
3707,264,10,48,0,206,10,0.7827820978562601
3708,57,10,24,0,23,10,0.8523943369030733
3709,231,11,49,0,171,10,0.36965044411062103
3710,143,10,48,0,85,10,0.7110120004824876
3711,66,13,33,0,20,10,0.7403001450556819
3712,38,4,10,6,18,10,0.0028040661853952604
3713,59,11,29,0,19,10,0.8509921459735394
3714,150,11,40,0,99,10,0.7079789275363171
3715,27,12,8,0,7,10,0.5951800818961546
3716,26,11,10,0,5,10,0.6100845095232768
3717,3,3,0,0,0,3,0.27150133236900814
3718,3,3,0,0,0,3,0.19978691369793683
3719,4,4,0,0,0,4,0.2288446511813348
3720,1,0,0,1,0,1,0.00011743580910479383
3721,4,3,0,1,0,3,0.16078775248212362
3722,12,10,0,2,0,10,0.5391654151443527
3723,13,10,0,2,1,10,0.4270384429561568
3724,5,5,0,0,0,5,0.5940063807637169
3725,7,7,0,0,0,7,0.3017742863636581
3726,11,10,0,0,1,10,0.5877729655586834
3727,14,12,1,0,1,10,0.7360357168556386
3728,3,3,0,0,0,3,0.19559439599303768
3729,4,4,0,0,0,4,0.4678060261725615
3730,7,7,0,0,0,7,0.4847197423013323
3731,3,2,0,1,0,3,0.2603307986115032
3732,1,0,0,1,0,1,6.075644181519669e-06
3733,1,1,0,0,0,1,0.06408350192340666
3734,2,1,0,1,0,1,0.010378769382283173
3736,6,6,0,0,0,6,0.5821824608097614
3737,2,2,0,0,0,2,0.2263606022757727
3738,3,3,0,0,0,3,0.10787633210554576
3739,1,1,0,0,0,1,0.00911823339579803
3740,2,2,0,0,0,2,0.08919094401574637
3741,4,3,0,1,0,3,0.13562439071367965
3742,10,8,0,2,0,8,0.31308758666421044
3743,5,5,0,0,0,5,0.2979018559289777
3744,3,3,0,0,0,3,0.2822459901575474
3745,5,5,0,0,0,5,0.5964156272063955
3746,6,5,0,0,1,6,0.35264268528641907
3747,6,6,0,0,0,6,0.5317054364021823
3748,4,4,0,0,0,4,0.17693600784859875
3749,1,0,0,1,0,1,0.002808542595732928
3750,2,2,0,0,0,2,0.1986023795298563
3751,4,4,0,0,0,4,0.5525088807933931
3752,7,7,0,0,0,7,0.5971873236261867
3753,6,3,3,0,0,6,0.06993473413603501
3754,26,10,9,1,6,10,0.0204862216892722
3755,301,24,21,0,256,10,0.3677307447731824
3756,640,12,64,0,564,10,0.8061833471734077
3757,955,10,69,0,876,10,0.7833853166876839
3758,506,18,51,12,425,10,0.798037924082331
3759,1072,11,68,5,988,10,0.7558233524218033
3760,1182,10,59,0,1113,10,0.7748121756117962
3761,1089,11,59,0,1019,10,0.5946106375612994
3762,667,11,62,12,582,10,0.6212463163617881
3763,2645,13,36,1,2595,10,0.7171940069167373
3764,95,10,32,0,53,10,0.6650530659163818
3765,25,12,12,0,1,10,0.5578678462413438
3766,1474,13,40,0,1421,10,0.9295503056307687
3767,516,11,75,0,430,10,0.8800248608688719
3768,55,12,39,0,4,10,0.4434630519881713
3769,480,10,85,0,385,10,0.8350035032833546
3770,278,13,24,0,241,10,0.6515811859277083
3771,26,12,11,0,3,10,0.5804373750630689
3772,19,10,8,0,1,10,0.6310421370889953
3773,66,10,25,0,31,10,0.7857205395324518
3774,53,11,20,0,22,10,0.7740015530697606
3775,79,10,27,5,37,10,0.7630393581168691
3776,22,11,5,0,6,10,0.4878017329921178
3777,19,11,3,4,1,10,0.6127039776955574
3778,37,13,21,0,3,10,0.6267804378213677
3779,25,12,12,0,1,10,0.685609907830637
3780,30,14,11,0,5,10,0.6960075536118089
3781,10,7,0,3,0,8,0.3019148479540358
3782,13,12,0,1,0,10,0.6235711062815804
3783,19,11,5,0,3,10,0.7125742629188047
3784,1243,10,34,0,1199,10,0.8004520588160473
3785,7,7,0,0,0,7,0.13991225790807793
3786,31,10,19,0,2,10,0.7866057639310686
3787,156,13,28,0,115,10,0.6184577030391119
3788,43,12,14,0,17,10,0.706673086464433
3789,519,10,55,2,452,10,0.8445568673088734
3790,46,11,22,0,13,10,0.7297098441582357
3791,2662,10,57,0,2595,10,0.8375348614734167
3792,1010,10,60,0,940,10,0.809163402369194
3793,52,12,22,0,18,10,0.6749800169112109
3794,16,6,1,4,5,10,0.001247253405199743
3795,37,15,5,11,6,10,0.5849934085916433
3796,56,12,22,5,17,10,0.7935957143781215
3797,57,26,6,5,20,10,0.42370010529501767
3798,187,10,46,0,131,10,0.7779598277718061
3799,235,11,51,21,152,10,0.8183399904882522
3800,198,11,42,0,145,10,0.5897640895033015
3801,212,10,51,0,151,10,0.7822054286647124
3802,128,12,55,0,61,10,0.4324000722320913
3803,116,14,24,15,63,10,0.49224923337021487
3804,755,12,55,1,687,10,0.5406451691094334
3805,16,12,4,0,0,10,0.6508623193059224
3806,14,12,1,1,0,10,0.7089095408850553
3807,40,15,11,10,4,10,0.7393593553015024
3808,20,11,9,0,0,10,0.8101364028399054
3809,6,6,0,0,0,6,0.48635458229140704
3810,438,10,54,0,374,10,0.6047297253196575
3811,120,10,59,0,51,10,0.8224541385625879
3812,99,10,40,0,49,10,0.8410136734421725
3813,125,10,42,0,73,10,0.8749777688246203
3814,41,14,25,0,2,10,0.542792776558692
3815,73,10,15,0,48,10,0.758108599861452
3816,892,10,95,0,787,10,0.7512609380082547
3817,79,10,31,0,38,10,0.7999610301494313
3818,4590,11,44,0,4535,10,0.8425805099655849
3819,1690,10,46,0,1634,10,0.7218833258743593
3820,7,7,0,0,0,7,0.3014426332249009
3821,13,11,2,0,0,10,0.2914238085596986
3822,23,11,12,0,0,10,0.6216474889601121
3823,328,10,47,0,271,10,0.8724567400002979
3824,702,11,66,0,625,10,0.9041539183580456
3825,27,11,14,0,2,10,0.6364225532120193
3826,13,10,3,0,0,8,0.46999823739708
3827,10,10,0,0,0,10,0.5661388930889708
3828,6,6,0,0,0,6,0.5808579696083391
3829,5,3,0,0,2,3,0.4144227659518213
3830,8,5,0,0,3,5,0.5677385222465915
3831,10,7,0,0,3,7,0.45786292983720317
3832,19,10,7,0,2,10,0.5338935542577735
3833,33,18,12,2,1,10,0.3712256511016075
3834,47,12,22,0,13,10,0.43343842365464996
3835,423,12,35,0,376,10,0.5516710576644022
3836,159,10,33,0,116,10,0.5871333207712577
3837,396,11,37,0,348,10,0.7108438164156765
3838,252,10,90,0,152,10,0.6896007045385146
3839,47,12,30,0,5,10,0.6324714649791648
3840,79,10,39,0,30,10,0.7395773002558438
3841,62,11,31,0,20,10,0.8228280677541822
3842,80,10,27,0,43,10,0.8072777021334567
3843,89,10,38,0,41,10,0.816324387961511
3844,26,11,13,0,2,10,0.7783472719596539
3845,14,12,1,0,1,10,0.18277511758715528
3846,34,12,17,0,5,10,0.6758425167168698
3847,46,12,21,0,13,10,0.7061004435745035
3848,3246,10,35,0,3201,10,0.7661665524700982
3849,288,11,33,0,244,10,0.8121664133962081
3850,252,10,34,0,208,10,0.8152553462853377
3851,506,12,34,0,460,10,0.8525491486364178
3852,38,11,17,0,10,10,0.6332587394558522
3853,89,10,19,0,60,10,0.6057337076877514
3854,513,12,67,0,434,10,0.6485227395539374
3855,335,31,41,0,263,10,0.04187634263348908
3856,238,11,48,0,179,10,0.7003741803220234
3857,123,10,41,9,63,10,0.42952670127873716
3858,426,12,59,0,355,10,0.7844853603879072
3859,49,12,27,0,10,10,0.4179731445223779
3860,12,11,0,0,1,10,0.6620896398196825
3861,103,10,31,0,62,10,0.712741656096916
3862,58,11,34,0,13,10,0.7719569751134545
3863,3,0,0,0,3,3,7.909230026897053e-07
3864,17,12,4,0,1,10,0.44072460434051763
3865,27,11,14,0,2,10,0.8154595193153104
3866,62,14,19,4,25,10,0.7466410842158906
3867,35,11,16,0,8,10,0.6028949391616821
3868,32,11,14,0,7,10,0.6504819219645759
3870,111,10,54,0,47,10,0.7381453664087656
3871,30,12,6,9,3,10,0.4422989238366394
3872,16,11,4,0,1,10,0.584270169679828
3873,18,12,1,3,2,10,0.43081606621153257
3874,25,11,11,2,1,10,0.5137012322676492
3875,16,10,5,1,0,10,0.3742539931851302
3876,12,11,1,0,0,10,0.6373472643338405
3877,12,10,1,0,1,10,0.6919166929138908
3878,8,8,0,0,0,8,0.4238542373098821
3879,11,10,0,0,1,10,0.5998408256731167
3880,10,10,0,0,0,10,0.4548182758258551
3881,22,12,6,4,0,10,0.4427905260117285
3882,399,10,51,0,338,10,0.8564259610640532
3883,45,13,20,0,12,10,0.7339818141690928
3884,295,12,49,0,234,10,0.861694891706754
3885,427,11,49,0,367,10,0.8662914741881631
3886,94,10,34,0,50,10,0.618147473038357
3887,234,10,61,0,163,10,0.8877815084499692
3888,40,11,27,0,2,10,0.6902492588544396
3889,514,12,65,0,437,10,0.8478630421610724
3890,300,10,55,0,235,10,0.7443439622781599
3891,27,11,13,0,3,10,0.773971243376727
3892,13,11,2,0,0,10,0.6940136840885478
3893,7,7,0,0,0,7,0.6601918603173239
3894,17,11,6,0,0,10,0.44115415140798697
3895,8,8,0,0,0,8,0.55922764480142
3896,162,10,39,0,113,10,0.7847503944977532
3897,222,11,57,4,150,10,0.7656255778986161
3898,246,11,59,3,173,10,0.7754426618857038
3899,788,10,61,11,706,10,0.8358891135715342
3900,842,10,68,0,764,10,0.7337195109312787
3901,79,10,30,0,39,10,0.7981576165978941
3902,483,10,78,0,395,10,0.8686430818298742
3903,16,11,5,0,0,10,0.8345137302210623
3904,290,10,65,0,215,10,0.8138194675809609
3905,31,12,16,0,3,10,0.3198822255636756
3906,32,11,16,1,4,10,0.20043431071196494
3907,51,12,30,0,9,10,0.5064233389574406
3908,627,23,49,9,546,10,0.4060441514461943
3909,65,28,14,2,21,10,0.3608800211538582
3910,109,11,24,6,68,10,0.6964037119362414
3911,1951,10,62,0,1879,10,0.6568181290758011
3912,37,12,18,0,7,10,0.8092335325878991
3913,22,12,9,0,1,10,0.5974340903542967
3914,13,12,1,0,0,10,0.2596831948792714
3915,18,9,8,0,1,10,0.28436453104695575
3916,34,11,14,0,9,10,0.7562769125995861
3917,76,11,38,0,27,10,0.8598656680093715
3918,105,10,32,0,63,10,0.7758619655149851
3919,169,10,31,0,128,10,0.9334406445488795
3920,111,10,39,0,62,10,0.882909528244255
3921,8,8,0,0,0,8,0.587010948902231
3922,6,6,0,0,0,6,0.49055820745807854
3923,5,5,0,0,0,5,0.29325498514340115
3924,2,2,0,0,0,2,0.03456001202996095
3925,12,12,0,0,0,10,0.5541483417552361
3926,10,10,0,0,0,10,0.41500662525756676
3927,7,7,0,0,0,7,0.503321314586898
3928,8,8,0,0,0,8,0.48478898197035214
3929,298,10,44,0,244,10,0.7303063225557755
3930,100,10,10,4,76,10,0.6627949704454799
3931,5,5,0,0,0,5,0.21472886456121903
3932,1,0,0,1,0,1,1.1631958711649088e-08
3933,32,12,15,0,5,10,0.5908045505213477
3934,101,10,21,0,70,10,0.8399452001040459
3935,421,10,52,2,357,10,0.7742551282964476
3936,110,9,3,19,79,10,0.013551518971191638
3937,15,13,2,0,0,10,0.5031571168801459
3938,8,8,0,0,0,8,0.4646654014745797
3939,54,11,32,0,11,10,0.7718224113522628
3940,53,12,32,0,9,10,0.8231444364839345
3941,36,10,22,0,4,10,0.7701433345029941
3942,72,10,33,0,29,10,0.775761017274485
3943,3,3,0,0,0,3,0.5100234103586
3944,7,7,0,0,0,7,0.46126724567041144
3945,4,4,0,0,0,4,0.1798951243858049
3946,40,13,19,1,7,10,0.8034889566876444
3947,30,12,17,0,1,10,0.7108304047519952
3948,11,11,0,0,0,10,0.48396032780549453
3949,8,7,0,1,0,7,0.461864681991669
3950,11,11,0,0,0,10,0.6100059131789899
3951,7,7,0,0,0,7,0.460422797925281
3952,1,1,0,0,0,1,0.03054845596839444
3953,101,10,39,0,52,10,0.3716568959287846
3954,49,11,19,0,19,10,0.47747827357499273
3955,13,12,1,0,0,10,0.378417728025373
3956,31,13,12,0,6,10,0.4497827890387491
3957,40,10,16,0,14,10,0.6123393761056102
3958,25,13,11,0,1,10,0.7198396022691269
3959,21,12,8,0,1,10,0.4076659566859552
3960,1253,11,77,0,1165,10,0.8440477675562484
3961,37,12,10,4,11,10,0.6530193842508782
3962,15,11,4,0,0,10,0.6550720487291712
3963,20,12,3,2,3,10,0.7529286933866006
3964,33,12,14,2,5,10,0.607521026611145
3965,29,13,9,0,7,10,0.5776376108672832
3966,15,10,3,0,2,10,0.700315228018751
3967,16,13,2,0,1,10,0.5424045836334945
3968,14,13,1,0,0,10,0.6218850348531417
3969,13,13,0,0,0,10,0.6838054408255254
3970,10,10,0,0,0,10,0.6775730188390567
3971,25,13,3,5,4,10,0.7196519990191095
3972,22,14,3,0,5,10,0.4920436927562106
3973,45,11,22,0,12,10,0.7521861976872846
3974,2028,10,71,0,1947,10,0.9103749186314504
3975,56,11,30,2,13,10,0.7680622435873382
3976,59,13,24,0,22,10,0.6029794576612996
3977,65,14,25,1,25,10,0.5268959856592006
3978,103,11,36,7,49,10,0.41843167236122003
3979,75,10,23,0,42,10,0.37613384101401726
3980,57,13,24,4,16,10,0.7504599024955556
3981,47,15,24,2,6,10,0.4637277566073207
3982,33,13,17,0,3,10,0.45681763430032496
3983,54,13,23,0,18,10,0.6000862842793063
3984,33,12,17,0,4,10,0.6429122686587689
3985,73,11,20,14,28,10,0.6671413723708627
3986,312,12,75,36,189,10,0.7680000193224136
3987,276,10,58,7,201,10,0.8940738653863601
3988,33,3,5,3,22,10,0.0010436450853663624
3989,130,10,40,0,80,10,0.7362812614062639
3990,32,12,12,0,8,10,0.7940054322493547
3991,42,13,17,0,12,10,0.8118544224470343
3992,23,11,11,0,1,10,0.5586928062002541
3993,106,10,36,0,60,10,0.767655796349593
3994,73,11,30,0,32,10,0.798401087223163
3995,490,12,60,0,418,10,0.7130376002392302
3996,61,12,28,0,21,10,0.8171765318051343
3997,47,12,23,1,11,10,0.8191849791066945
3998,1251,11,104,0,1136,10,0.8197644674202096
3999,409,10,53,0,346,10,0.9238787370319095
4000,917,11,81,0,825,10,0.8998691008567868
4001,10,9,1,0,0,10,0.526943848095673
4002,17,10,6,0,1,10,0.5535860820547143
4003,16,14,0,2,0,10,0.05958395420600637
4004,67,23,11,10,23,10,0.22452154388032114
4005,186,11,46,28,101,10,0.43671786146870234
4006,49,10,33,0,6,10,0.7301092210417045
4007,918,11,72,0,835,10,0.8417910957056938
4008,1442,10,64,0,1368,10,0.7707829250080078
4009,588,22,65,4,497,10,0.8162682551026326
4010,958,11,66,3,878,10,0.6800982731861273
4011,3920,21,30,3,3866,10,0.7492999772177862
4012,37,12,18,0,7,10,0.747707162941559
4013,20,11,9,0,0,10,0.7229923968170038
4014,60,9,20,2,29,10,0.7541217590925533
4015,17,12,4,0,1,10,0.6786186709610973
4016,15,13,2,0,0,10,0.5234971348404135
4017,5,5,0,0,0,5,0.5698808644605108
4018,22,11,8,0,3,10,0.6597854324471796
4019,16,11,5,0,0,10,0.6659451661898306
4020,51,11,16,4,20,10,0.5921123589711823
4021,3,2,0,1,0,3,0.23207343379837067
4022,5,5,0,0,0,5,0.14980539145994243
4023,3,3,0,0,0,3,0.19307243520245593
4024,1,1,0,0,0,1,0.1546021825634523
4025,8,8,0,0,0,8,0.38494709397481264
4026,24,12,10,2,0,10,0.6445428327769724
4027,7,7,0,0,0,7,0.5090265705618076
4028,56,10,25,0,21,10,0.5244900599288886
4029,28,15,11,0,2,10,0.36923191687929785
4030,30,12,9,1,8,10,0.5894172736255788
4031,18,12,6,0,0,10,0.2676474243843384
4032,7,6,1,0,0,7,0.29336033564172787
4033,34,11,13,0,10,10,0.5001126445379196
4034,7,7,0,0,0,7,0.5397467657898642
4035,2610,10,59,15,2526,10,0.9495727590543457
4036,3292,11,71,0,3210,10,0.880574068171547
4037,56,11,35,0,10,10,0.6223711522685609
4038,528,10,55,2,461,10,0.8930584873161249
4039,217,10,36,9,162,10,0.8601638361055124
4040,32,13,7,5,7,10,0.017484599984803416
4041,3,3,0,0,0,3,0.1949884274935737
4042,2,2,0,0,0,2,0.10539602726204227
4043,3,2,0,1,0,2,0.27402403794027674
4044,8,8,0,0,0,8,0.6225984119648862
4045,2,2,0,0,0,2,0.37085361893432933
4046,2,2,0,0,0,2,0.19597979418642464
4047,4,4,0,0,0,4,0.24663436341001038
4048,3,3,0,0,0,3,0.08307272460281506
4049,2,2,0,0,0,2,0.1653978027786311
4050,3,3,0,0,0,3,0.4697974293267417
4051,6,6,0,0,0,6,0.4364834007597948
4052,19,12,6,0,1,10,0.7308585172346709
4053,5,5,0,0,0,5,0.2874183792224177
4054,3,3,0,0,0,3,0.6616382311021237
4055,3,3,0,0,0,3,0.5270430159742084
4056,4,4,0,0,0,4,0.18008742830787544
4057,2,2,0,0,0,2,0.08555900983698739
4058,3,3,0,0,0,3,0.0693494805923095
4059,3,3,0,0,0,3,0.1302475857100514
4060,2,2,0,0,0,2,0.015506819303463782
4061,1,0,0,1,0,1,0.002382902498298087
4062,3,2,0,1,0,3,0.057854682784640066
4063,5,5,0,0,0,5,0.38213786055677046
4064,2,2,0,0,0,2,0.024484763577048305
4065,3,3,0,0,0,3,0.4671356420451691
4066,3,3,0,0,0,3,0.5309689725949599
4067,5,5,0,0,0,5,0.08927522359357232
4068,5,5,0,0,0,5,0.04557952094222446
4069,4,4,0,0,0,4,0.32470990158364177
4070,2,1,0,1,0,1,0.019845691151485042
4071,2,1,0,1,0,2,0.020357507306005152
4072,4,2,0,2,0,4,0.14180827564928017
4073,3,3,0,0,0,3,0.21365658430700418
4074,4,3,0,1,0,4,0.03732043478714475
4075,5,5,0,0,0,5,0.5136648254268374
4076,3,3,0,0,0,3,0.5926396645456989
4077,4,4,0,0,0,4,0.18954019237423153
4078,4,4,0,0,0,4,0.04138466196380762
4079,5,5,0,0,0,5,0.5589064472017101
4080,10,10,0,0,0,10,0.4716255962207335
4081,3,3,0,0,0,3,0.284797299026053
4082,5,4,0,1,0,5,0.06921031752308657
4083,5,5,0,0,0,5,0.26730799519968673
4084,6,6,0,0,0,6,0.41155845501221394
4085,5,5,0,0,0,5,0.6298841419222257
4086,276,10,72,0,194,10,0.5520753404738258
4087,2516,10,59,0,2447,10,0.8881480431628266
4088,43,11,25,0,7,10,0.5364337319760872
4089,10,10,0,0,0,10,0.6296195144491938
4090,168,12,45,3,108,10,0.8776233737425473
4091,109,10,36,1,62,10,0.8167666149340234
4092,77,10,23,0,44,10,0.8771847380646087
4093,26,11,9,0,6,10,0.5772214553101849
4094,22,12,9,0,1,10,0.29046078332528036
4095,27,10,16,0,1,10,0.7857308651829765
4096,36,11,20,0,5,10,0.7334550862868494
4097,28,11,12,0,5,10,0.7000630239302674
4098,7455,12,57,11,7375,10,0.7228523959917003
4099,13,11,2,0,0,10,0.7256357156316922
4100,32,11,13,0,8,10,0.8225307597385807
4101,121,10,59,0,52,10,0.8965323393443438
4102,9,8,1,0,0,9,0.55715651092358
4103,36,12,20,0,4,10,0.6100653404000914
4104,29,11,14,0,4,10,0.7666129546328357
4105,16,11,5,0,0,10,0.7583537656528496
4106,17,12,4,0,1,10,0.705394703986338
4107,25,12,11,0,2,10,0.789423578985125
4108,41,12,15,0,14,10,0.816310087001128
4109,33,11,14,0,8,10,0.6416909949231676
4110,113,10,32,0,71,10,0.8922838802208983
4111,84,10,32,0,42,10,0.842551641192573
4112,7,7,0,0,0,7,0.3826537753548575
4113,25,12,9,3,1,10,0.7147503052087518
4114,11,11,0,0,0,10,0.5364630528590242
4115,67,10,23,0,34,10,0.8115913374966657
4116,26,12,13,0,1,10,0.7903767715982841
4117,69,13,36,0,20,10,0.7155629092590816
4118,27,12,13,0,2,10,0.7803680285925001
4119,138,10,55,0,73,0,nan
4120,51,10,27,0,14,3,0.01791509137094402
4121,27,12,13,0,2,0,nan
4122,146,10,55,0,81,10,0.8812939869129037
4123,28,12,14,0,2,10,0.421847013503261
4124,19,15,0,2,2,10,0.312337257262488
4125,7,7,0,0,0,7,0.5495196665508276
4126,331,10,48,0,273,10,0.5605885645874721
4127,75,10,45,0,20,10,0.4117842656429047
4128,56,13,26,0,17,10,0.57300132215678
4129,21,11,9,0,1,10,0.47228918455905067
4130,19,11,7,0,1,10,0.4960945538229091
4131,114,10,51,0,53,10,0.6949622599783951
4132,11,11,0,0,0,10,0.6298000650483018
4133,15,11,3,0,1,10,0.5807571511177398
4134,6,5,0,0,1,6,0.3083184259561978
4135,92,10,33,1,48,10,0.696931198378517
4136,62,12,34,0,16,10,0.8320859407957628
4137,95,10,41,0,44,10,0.7653304524897685
4138,21,10,8,1,2,10,0.6096431609851489
4139,17,12,4,0,1,10,0.61834684362302
4140,25,11,8,0,6,10,0.5661923643536133
4141,15,11,4,0,0,10,0.7594500867019969
4142,8,8,0,0,0,8,0.31244053545072753
4143,25,11,13,0,1,10,0.5153721906852233
4144,1,1,0,0,0,1,0.0886007989823597
4145,79,10,32,0,37,10,0.7289480837717135
4146,153,10,35,0,108,10,0.8652442508747828
4147,275,10,36,6,223,10,0.5431965493134376
4148,11,11,0,0,0,10,0.2969643902864668
4149,16,14,2,0,0,10,0.2930327480940147
4150,30,10,15,0,5,10,0.7599325985222156
4151,208,10,46,0,152,10,0.84931024598886
4152,570,24,31,8,507,10,0.05816575443638082
4153,53,13,15,0,25,10,0.5352113592695118
4154,52,13,16,0,23,10,0.7095773974382096
4155,538,11,38,0,489,10,0.9323050586563765
4156,69,10,28,0,31,10,0.8471227458610902
4157,1068,10,39,0,1019,10,0.8164342362512883
4158,1503,10,39,2,1452,10,0.8805156955220605
4159,15,12,3,0,0,10,0.672494535328768
4160,8,8,0,0,0,8,0.19216415114341218
4161,8,7,1,0,0,8,0.504362397942453
4162,1374,11,35,0,1328,10,0.8232319055072457
4163,1680,12,26,0,1642,10,0.7314441300071746
4164,66,11,31,0,24,10,0.5826093442023275
4165,18,12,5,0,1,10,0.08043358548176899
4166,55,16,27,4,8,10,0.45110896400058687
4167,42,12,28,0,2,10,0.46645239088169166
4168,124,10,55,0,59,10,0.9104026108681552
4169,11,9,0,0,2,9,0.4467965963319108
4170,12,8,0,0,4,9,0.7540955108067705
4171,4,3,0,0,1,3,0.07460524165899
4172,5,2,0,0,3,2,0.021703089794913123
4173,52,13,20,0,19,10,0.7070126305741953
4174,20,12,7,0,1,10,0.5891921687268535
4175,1300,13,54,0,1233,10,0.5723573450358392
4176,1515,12,22,0,1481,10,0.8291594378642481
4177,62,11,33,0,18,10,0.44743563613424286
4178,284,17,50,0,217,10,0.6074083299254838
4179,41,13,25,0,3,10,0.78648724449415
4180,22,11,9,0,2,10,0.8454447764944338
4181,18,12,6,0,0,10,0.811877769625497
4182,15,10,5,0,0,10,0.7735238901775958
4183,8,8,0,0,0,8,0.3724373944075041
4184,30,12,17,0,1,10,0.8010514794524657
4185,12,10,2,0,0,10,0.7055003663773057
4186,6,6,0,0,0,6,0.4481040343918954
4187,342,11,54,0,277,10,0.582697589342011
4188,15,13,2,0,0,10,0.624289003736415
4189,68,10,25,0,33,10,0.8178618612858468
4190,6,5,0,0,1,5,0.18092408205985588
4191,15,13,2,0,0,10,0.7062447455610298
4192,24,13,9,0,2,10,0.7034577893539266
4193,337,10,38,4,285,10,0.3538109734676209
4194,222,14,56,0,152,10,0.5905880645232822
4195,396,25,40,1,330,10,0.3943682079173621
4196,1101,17,75,23,986,10,0.7469667322054769
4197,1368,13,60,31,1264,10,0.7156282682172237
4198,11266,20,45,20,11181,10,0.3028901661492204
4199,152,10,38,0,104,10,0.8047896991357714
4200,139,10,44,0,85,10,0.8464330436734187
4201,197,10,39,0,148,10,0.797130263419013
4202,114,11,42,7,54,10,0.6529931095515085
4203,166,10,41,21,94,10,0.7474779690677695
4204,829,11,58,0,760,10,0.8327896594030358
4205,924,13,66,0,845,10,0.902348853386052
4206,117,10,47,0,60,10,0.7884697825545529
4207,703,10,95,0,598,10,0.8516778330695616
4208,1709,10,42,0,1657,10,0.8591056944910938
4209,197,11,43,3,140,10,0.6891813183537066
4210,15,12,3,0,0,10,0.3555409461093625
4211,8,8,0,0,0,8,0.33291120069530955
4212,114,10,38,0,66,10,0.7870179591447635
4213,187,11,61,0,115,10,0.7580320352421792
4214,191,10,84,0,97,10,0.8974679300291228
4215,29,11,16,0,2,10,0.6371103928804733
4216,24,11,13,0,0,10,0.6774828560635158
4217,4,4,0,0,0,4,0.4725782828925231
4218,163,10,58,0,95,10,0.8621786418667842
4219,30,11,11,5,3,10,0.6392829696826041
4220,5238,11,45,0,5182,10,0.8911143170765217
4221,353,13,30,0,310,10,0.7391815550112748
4222,61,12,31,0,18,10,0.662981353785004
4223,680,10,61,1,608,10,0.8060709200942664
4224,586,11,68,0,507,10,0.9073923477883561
4225,212,13,45,0,154,10,0.7033055449216716
4226,306,13,34,0,259,10,0.8781937496378549
4227,225,10,65,1,149,10,0.7770191510802174
4228,250,10,48,0,192,10,0.6439345594204895
4229,32,11,17,0,4,10,0.6348614076611245
4230,42,15,16,1,10,10,0.542592272017836
4231,166,10,55,0,101,10,0.8912441499608461
4232,43,16,21,0,6,10,0.6263009878884243
4233,75,10,47,0,18,10,0.7429840775756822
4234,82,11,25,0,46,10,0.7060799259437636
4235,11,9,1,0,1,10,0.6313680868389457
4236,24,10,7,2,5,10,0.7904762925485898
4237,2,2,0,0,0,2,0.06699911589712484
4238,15,9,0,5,1,10,0.4080464177500447
4239,20,12,2,4,2,10,0.674128527354485
4240,204,12,31,9,152,10,0.5991140454980028
4241,120,11,13,8,88,10,0.6825542432041551
4242,89,15,18,2,54,10,0.7659838460793218
4243,81,13,20,0,48,10,0.7694224180339106
4244,27,11,6,8,2,10,0.646757457388006
4245,12,12,0,0,0,10,0.731470422133055
4246,15,9,3,3,0,10,0.48990633002457096
4247,30,13,11,2,4,10,0.29423141394603847
4248,15,12,1,0,2,10,0.493573531648596
4249,11,11,0,0,0,10,0.662483129620824
4250,15,12,2,1,0,10,0.7260518612776621
4251,8,8,0,0,0,8,0.4331851520674683
4252,8,8,0,0,0,8,0.5853511798572278
4253,9,8,0,0,1,9,0.40490669894008263
4254,14,11,0,2,1,10,0.47624852700904086
4255,98,10,32,0,56,10,0.7997780807907564
4256,159,10,33,0,116,10,0.9144690572855507
4257,102,10,46,0,46,10,0.7426897717955172
4258,8,8,0,0,0,8,0.6143212604949749
4259,4,4,0,0,0,4,0.652353001640587
4260,6,6,0,0,0,6,0.31645942078790285
4261,2,1,0,1,0,2,0.004244579411942252
4262,22,11,9,0,2,10,0.687653235247186
4263,23,14,7,0,2,10,0.7012198685546605
4264,12,12,0,0,0,10,0.6254347695106512
4265,44,10,20,0,14,10,0.7371024451563837
4266,27,10,16,0,1,10,0.8657287920749477
4267,40,13,23,0,4,10,0.7090606393704384
4268,240,10,60,0,170,10,0.8478819063982741
4269,99,11,24,14,50,10,0.7108467626660708
4270,74,10,25,3,36,10,0.6539168438690666
4271,1300,10,29,0,1261,10,0.9239150681266172
4272,578,10,73,0,495,10,0.8289934695080872
4273,240,10,20,0,210,10,0.8795971427997378
4274,1728,10,43,12,1663,10,0.9120693589629166
4275,265,10,30,0,225,10,0.837224307796919
4276,170,11,27,3,129,10,0.8221922765035774
4277,140,10,40,17,73,10,0.7801091577456587
4278,411,16,41,3,351,10,0.8393191573473887
4279,372,10,38,0,324,10,0.8587315310694783
4280,38,11,19,0,8,10,0.6045824125395838
4281,39,15,17,0,7,10,0.6045364093735472
4282,65,14,25,0,26,10,0.6785538053729693
4283,61,10,32,0,19,10,0.8266853231679612
4284,108,10,26,0,72,10,0.8431854081638059
4285,106,11,34,0,61,10,0.795720214829452
4286,18,11,5,0,2,10,0.6971151551012704
4287,12,10,2,0,0,10,0.5734934679502954
4288,135,10,14,0,111,10,0.7852467559442597
4289,8,8,0,0,0,8,0.20911165363870038
4290,5,5,0,0,0,5,0.684104487931286
4291,23,12,11,0,0,10,0.7235482680141181
4292,10,10,0,0,0,10,0.6949375582094793
4293,12,12,0,0,0,10,0.6682699918295161
4294,27,10,16,0,1,10,0.7915313297206747
4295,23,11,10,0,2,10,0.6485729396171973
4296,25,11,13,0,1,10,0.7520709819426257
4297,8,8,0,0,0,0,nan
4298,17,10,6,0,1,0,nan
4299,8,8,0,0,0,8,0.22587031219082182
4300,25,11,13,0,1,10,0.49861840022204285
4301,177,35,40,2,100,10,0.20258190324133482
4302,910,12,65,7,826,10,0.4878365771654566
4303,1088,10,74,0,1004,10,0.9039082577118147
4304,42,10,18,0,14,10,0.7460399623683951
4305,34,12,18,0,4,10,0.8038974050757293
4306,633,14,80,0,539,10,0.8241932022439159
4307,312,11,29,0,272,10,0.8237050000899555
4308,14,12,1,0,1,10,0.6855118763357387
4309,129,10,41,0,78,10,0.8975258839822822
4310,129,10,40,0,79,0,nan
4311,44,10,24,0,10,10,0.8612184493073862
4312,34,11,15,0,8,10,0.7359501699812456
4313,231,11,74,0,146,10,0.8081503614037868
4314,8,8,0,0,0,8,0.6825753806098853
4315,62,12,25,0,25,10,0.8017425770478442
4316,7,6,1,0,0,7,0.38599949279143825
4317,6,6,0,0,0,6,0.6082855015103729
4318,1,0,0,0,1,0,nan
4319,1,0,0,0,1,0,nan
4320,25,12,8,0,5,10,0.5373775690434321
4321,1134,10,66,0,1058,10,0.8955930331790207
4322,685,10,71,2,602,10,0.8133619664310535
4323,174,10,46,0,118,10,0.8842645627602488
4324,311,14,43,0,254,10,0.6759310117965043
4325,171,11,46,0,114,10,0.8253445238271329
4326,14,9,0,5,0,9,0.4220519936625393
4327,18,13,5,0,0,10,0.5453409822173791
4328,87,11,42,0,34,10,0.8186857382335793
4329,31,10,18,0,3,10,0.6902684231253081
4330,89,10,44,0,35,10,0.7200501714808318
4331,68,14,23,0,31,10,0.8219602382467068
4332,139,10,47,0,82,7,0.7259916885697649
4333,139,10,48,0,81,3,0.7167117387878931
4334,31,11,10,0,10,10,0.8168502368601915
4335,26,11,13,0,2,10,0.8001368329515356
4336,17,10,7,0,0,10,0.6967385378655172
4337,259,10,16,1,232,10,0.8665315599168237
4338,11,10,0,1,0,10,0.4479910427801357
4339,75,15,24,4,32,10,0.5444568149216373
4340,134,10,33,0,91,10,0.7925640124104543
4341,480,10,63,0,407,10,0.9050961520749026
4342,37,12,13,0,12,1,0.190454680823091
4343,50,12,18,0,20,10,0.725309022633986
4344,16,11,5,0,0,10,0.7714970086800572
4345,17,11,5,0,1,0,nan
4346,37,11,20,0,6,10,0.7689012764937988
4347,33,12,15,0,6,10,0.6726895126762102
4348,490,10,58,0,422,10,0.8674424842213981
4349,115,10,19,0,86,10,0.6099835514729885
4350,90,10,31,0,49,10,0.6928484588753081
4351,46,12,16,0,18,10,0.6156984847858804
4352,15,11,2,1,1,10,0.7591712811156314
4353,53,12,18,11,12,10,0.5295297877468583
4354,20,11,8,0,1,10,0.6436204124224264
4355,905,10,58,0,837,10,0.8430117430737707
4356,72,11,28,0,33,10,0.8123769545653647
4357,128,10,63,0,55,10,0.8143860001928278
4358,36,11,20,0,5,10,0.7266488242028876
4359,243,10,86,7,140,10,0.8616901344234282
4360,397,10,40,3,344,10,0.8289131362768478
4361,224,10,57,0,157,10,0.7677005193733311
4362,414,10,56,0,348,10,0.8494242003885081
4363,1074,10,55,3,1006,10,0.8286433779576398
4364,1202,15,63,3,1121,10,0.8247057379301865
4365,108,10,46,0,52,10,0.6924228992071999
4366,217,10,84,0,123,10,0.8762955234937724
4367,360,12,57,0,291,10,0.8882382002843572
4368,40,11,26,0,3,10,0.5637762063805419
4369,210,10,74,0,126,10,0.8878811660488721
4370,239,10,30,0,199,10,0.12954918162981213
4371,594,10,90,0,494,10,0.8603207747547921
4372,114,10,35,0,69,10,0.8351344494381687
4373,1316,10,35,0,1271,10,0.9356082815300711
4374,92,10,30,0,52,10,0.7870197016338748
4375,16,13,2,0,1,10,0.7251347932732304
4376,52,11,21,0,20,10,0.6443491153292211
4377,6,6,0,0,0,6,0.42241239012975385
4378,46,12,14,10,10,10,0.6639991035967234
4379,81,10,41,0,30,10,0.8108642376958032
4380,46,12,22,0,12,10,0.7052424665996645
4381,16,12,4,0,0,10,0.6526477008002266
4382,10,10,0,0,0,10,0.7426202527034398
4383,15,11,1,0,3,10,0.3279248778003834
4384,7,4,0,0,3,4,0.23669859690568557
4385,238,10,43,0,185,10,0.6376344666288372
4386,217,10,43,1,163,10,0.8892060337943244
4387,15,11,1,0,3,10,0.32933101740383325
4388,22,11,4,0,7,10,0.5451655789808398
4389,34,11,17,0,6,10,0.6886918697219347
4390,16,12,4,0,0,10,0.7131439040135714
4391,21,10,7,2,2,10,0.6175873171281081
4392,8,8,0,0,0,8,0.501743400413492
4393,30,12,16,1,1,10,0.798712495017283
4394,11,10,1,0,0,10,0.7331114652066517
4395,20,11,9,0,0,10,0.7262752089249782
4396,264,12,32,0,220,10,0.8429156485473037
4397,723,10,64,5,644,10,0.85878177409563
4398,161,10,45,0,106,10,0.8605203936033001
4399,171,11,38,0,122,10,0.8902818691990275
4400,228,10,39,0,179,10,0.8868884885306024
4401,232,11,44,0,177,10,0.7378705728123557
4402,28,12,14,0,2,10,0.7535371775715733
4403,35,12,17,0,6,10,0.6597069206812554
4404,25,10,8,0,7,10,0.6701032141152499
4405,52,10,31,3,8,10,0.695598398258201
4406,79,16,42,0,21,10,0.58253157423789
4407,1259,10,61,35,1153,10,0.6565377048836187
4408,30,15,6,2,7,10,0.4076807653035689
4409,96,10,40,3,43,10,0.6379637464151311
4410,115,31,26,4,54,10,0.3009588716692153
4411,48,21,22,1,4,10,0.38436727324038245
4412,342,10,55,0,277,10,0.485519872094533
4413,16,12,2,2,0,10,0.43999906259616295
4414,22,11,10,0,1,10,0.6054004323297144
4415,23,13,8,2,0,10,0.17929044868883887
4416,156,11,43,0,102,10,0.8259418360478081
4417,219,11,48,0,160,10,0.8058586509843048
4418,110,10,49,0,51,10,0.7969918717224196
4419,337,10,58,0,269,10,0.3390151936084488
4420,3,3,0,0,0,3,0.4811333701975424
4421,215,11,22,0,182,10,0.8557385832010183
4422,40,12,14,0,14,10,0.7833828970893182
4423,29,11,12,0,6,10,0.6543292065457791
4424,32,13,12,0,7,10,0.8306689751102652
4425,78,10,29,0,39,10,0.9263971941197505
4426,11,10,1,0,0,10,0.5841675158013817
4427,7,7,0,0,0,7,0.327426183511177
4428,17,16,1,0,0,10,0.4350104247736715
4429,67,11,25,0,31,10,0.8441662159050762
4430,141,11,44,0,86,10,0.7330935715543226
4431,306,10,38,0,258,10,0.8725607517831442
4432,18,10,6,0,2,10,0.765915521625069
4433,10,10,0,0,0,10,0.6377811314390716
4434,144,11,33,0,100,10,0.8516435398547528
4435,20,13,2,0,5,10,0.7588246941955757
4436,41,11,19,0,11,10,0.6747421189680558
4437,300,14,30,9,247,10,0.5848561179996596
4438,218,11,17,6,184,10,0.781317826723877
4439,129,10,19,6,94,10,0.7211678110459064
4440,4,4,0,0,0,4,0.5582689771319713
4441,2,2,0,0,0,2,0.1648976359103388
4442,8,8,0,0,0,8,0.43473472754982057
4443,56,10,22,0,24,10,0.7504142315514113
4444,30,11,12,0,7,10,0.6500636928770023
4445,50,12,31,0,7,10,0.8835836334332796
4446,202,10,40,0,152,10,0.756192734739388
4447,792,10,75,0,707,10,0.9298399191056252
4448,197,11,55,0,131,10,0.8281164257333944
4449,6,5,0,1,0,5,0.4332525924295573
4450,11,9,0,2,0,10,0.5130623752019733
4451,71,10,23,0,38,10,0.8281378822471084
4452,77,12,21,3,41,10,0.8472156802547266
4453,100,11,30,6,53,10,0.8983320495260487
4454,12,11,0,0,1,10,0.7537394814587732
4455,2,1,0,0,1,1,0.2644432554413332
4456,19,10,5,0,4,10,0.7812548478567145
4457,38,11,17,0,10,10,0.7156821420579609
4458,64,14,32,1,17,10,0.8279883222878288
4459,893,10,46,30,807,10,0.8453761454083952
4460,4,4,0,0,0,4,0.56313062926054
4461,21,11,4,0,6,10,0.7199428824977168
4462,81,12,22,0,47,10,0.8477319565646648
4463,86,10,24,0,52,10,0.763175609058167
4464,129,10,32,0,87,10,0.8171402780474406
4465,126,11,24,0,91,10,0.6952532784089405
4466,132,10,31,0,91,10,0.7664509722379822
4467,515,10,53,0,452,10,0.9014969825708082
4468,264,10,29,0,225,10,0.8691947672968938
4469,22,11,11,0,0,10,0.717209717996643
4470,11,11,0,0,0,10,0.6374088193726852
4471,7,7,0,0,0,7,0.4312968707131657
4472,10,10,0,0,0,10,0.5168041725522494
4473,6,6,0,0,0,6,0.3644545930308968
4474,25,10,14,0,1,10,0.6833274917099252
4475,42,11,16,0,15,10,0.43414090244198905
4476,51,12,13,0,26,10,0.7099738361363293
4477,20,12,4,0,4,10,0.5756193393795521
4478,9,8,0,1,0,8,0.5284859830183788
4479,26,13,3,8,2,10,0.5158651314620869
4480,9,8,0,0,1,9,0.6229918754503753
4481,285,10,51,0,224,10,0.9116201566358492
4482,2195,10,49,0,2136,10,0.9195009707985295
4483,199,10,48,0,141,10,0.8708287650595383
4484,22,12,6,2,2,10,0.6336903687711585
4485,63,11,28,0,24,10,0.6873831822388172
4486,282,10,52,0,220,10,0.8488346175683563
4487,91,13,35,0,43,10,0.7702391667703461
4488,294,10,25,0,259,10,0.85549591087087
4489,339,10,61,2,266,10,0.8446621876032502
4490,2613,15,60,14,2524,10,0.8783566074153126
4491,974,10,75,1,888,10,0.9119214986246389
4492,421,16,49,0,356,10,0.7679748541303331
4493,250,12,55,0,183,10,0.7593715715725073
4494,35,10,23,0,2,10,0.7146485067999083
4495,98,10,41,0,47,10,0.8218079717540225
4496,134,20,45,2,67,10,0.19738532697247865
4497,457,12,37,20,388,10,0.7849670558578326
4498,452,12,59,0,381,10,0.5643231550379322
4499,61,12,30,0,19,10,0.8026986464301354
4500,57,13,23,0,21,10,0.6560042304018694
4501,102,10,20,3,69,10,0.866652738490328
4502,31,11,12,0,8,10,0.6398886410136456
4503,30,12,10,0,8,10,0.7038769197847581
4504,38,9,12,7,10,10,0.0837478759526103
4505,158,10,28,15,105,10,0.8285016421524763
4506,3,3,0,0,0,3,0.4022973992079617
4507,7,7,0,0,0,7,0.6001440488514018
4508,109,10,29,0,70,10,0.8782518812067162
4509,275,10,31,0,234,10,0.4498010548136815
4510,161,12,25,5,119,10,0.7361380520822044
4511,96,11,29,1,55,10,0.8009267535420999
4512,154,10,33,0,111,10,0.8388612771269858
4513,424,10,27,5,382,10,0.8398383225024506
4514,471,10,47,5,409,10,0.7527358578350947
4515,42,12,19,0,11,10,0.8065048325658855
4516,23,10,11,0,2,10,0.5788333827900192
4517,9,9,0,0,0,9,0.7025494566863396
4518,16,11,1,4,0,10,0.5865126000875083
4519,17,10,0,5,2,10,0.4874475199153068
4520,9,8,0,1,0,8,0.48673320569114964
4521,15,11,3,0,1,10,0.7721638608164543
4522,11,8,0,3,0,9,0.34654213545761103
4523,5,4,0,1,0,4,0.21610906318752898
4524,18,12,6,0,0,10,0.7121585929696796
4525,16,11,5,0,0,10,0.7517055208156397
4526,11,10,1,0,0,10,0.6900069219640137
4527,204,11,35,0,158,10,0.8556802739248787
4528,229,10,50,0,169,10,0.7520977693752839
4529,5,2,1,0,2,3,0.24237356286564016
4530,126,10,22,0,94,10,0.7290248045307363
4531,7,6,0,0,1,6,0.2760429697805492
4532,8,6,0,0,2,8,0.4414274936051376
4533,15,10,5,0,0,10,0.777104630511275
4534,7,7,0,0,0,7,0.6074004728730276
4535,4,4,0,0,0,4,0.12067944338369313
4536,64,11,32,0,21,10,0.7169953451982369
4537,45,11,22,0,12,4,0.6724690629962646
4538,64,11,32,0,21,0,nan
4539,45,11,22,0,12,6,0.7564541691409379
4540,25,11,7,0,7,10,0.5903768468045456
4541,12,12,0,0,0,10,0.5488197434840318
4542,19,13,3,2,1,10,0.635510084944124
4543,16,10,0,6,0,10,0.46010118321533866
4544,8,8,0,0,0,8,0.581591328371386
4545,19,11,8,0,0,10,0.6920715265813884
4546,9,9,0,0,0,9,0.6096411498217094
4547,5,5,0,0,0,5,0.34482772852554394
4548,15,12,3,0,0,10,0.5555235678276168
4549,19,12,7,0,0,10,0.6285630611482973
4550,198,10,31,1,156,10,0.8334191502204842
4551,6,4,0,2,0,4,0.39845678759743614
4552,104,10,37,0,57,10,0.6447779260043471
4553,18,10,7,0,1,10,0.5761674990155663
4554,46,12,30,0,4,10,0.7180289661014283
4555,88,22,30,14,22,10,0.09405914876563098
4556,92,13,43,0,36,10,0.8080983104647089
4557,536,10,71,0,455,10,0.8932714391094925
4558,1914,11,58,0,1845,10,0.7929857380603424
4559,21,14,3,2,2,10,0.02639908891674029
4560,688,10,73,0,605,10,0.9283337401777529
4561,337,10,45,0,282,10,0.8618813407166502
4562,108,10,43,0,55,10,0.8409047345775302
4563,15,12,3,0,0,10,0.7267396813619855
4564,573,10,53,0,510,10,0.8158236087310391
4565,672,10,56,0,606,10,0.878539761210015
4566,13,10,3,0,0,10,0.6101834390617276
4567,13,12,1,0,0,10,0.6986690531226947
4568,14,12,2,0,0,10,0.6288394919636089
4569,80,10,37,0,33,10,0.7972711128810126
4570,68,11,23,0,34,10,0.8176525579179065
4571,4,4,0,0,0,4,0.1837992374258849
4572,11,11,0,0,0,10,0.4514436188430679
4573,8,8,0,0,0,8,0.6256056664084362
4574,19,11,7,0,1,10,0.6842281683198
4575,6,6,0,0,0,6,0.3821072070249275
4576,8,4,0,4,0,4,0.13153405733630025
4577,10,10,0,0,0,10,0.5725322375088638
4578,4,3,0,0,1,4,0.023328398941963785
4579,30,11,10,5,4,10,0.7321351253248936
4580,91,11,45,0,35,10,0.748271992200767
4581,324,10,44,10,260,10,0.8630231100836937
4582,1,1,0,0,0,1,0.3131436136554588
4583,1,1,0,0,0,1,0.4366815064470068
4584,111,10,20,0,81,10,0.770062709737013
4585,112,10,33,0,69,10,0.7285605847866716
4586,191,10,40,0,141,10,0.7850740934768966
4587,13,12,1,0,0,10,0.6251077871522128
4588,11,11,0,0,0,10,0.5341479559475706
4589,67,12,22,0,33,10,0.7036603074053368
4590,31,13,11,0,7,10,0.7163116669060485
4591,116,10,45,0,61,10,0.82868217005982
4592,32,11,15,0,6,10,0.7401090572817941
4593,108,10,34,0,64,10,0.79968575598873
4594,130,10,63,2,55,10,0.6819803706416978
4595,733,10,59,34,630,10,0.9289835673253981
4596,41,10,22,1,8,10,0.7429601623518927
4597,172,10,48,5,109,10,0.7546815067036765
4598,305,16,20,8,261,10,0.7776616506412435
4599,99,11,49,0,39,10,0.7093233251868938
4600,309,10,34,2,263,10,0.8963058008426004
4601,160,11,52,0,97,10,0.8105758683960973
4602,99,10,32,0,57,10,0.8091777108918892
4603,1798,10,49,0,1739,10,0.8540948009113172
4604,507,10,58,0,439,10,0.7510069664114767
4605,1943,10,55,0,1878,10,0.8661912767452009
4606,99,37,9,14,39,10,0.3246513742293373
4607,390,10,38,0,342,10,0.9033465123293469
4608,433,11,52,0,370,10,0.8437070160872258
4609,10,10,0,0,0,10,0.7752345354245751
4610,39,12,21,0,6,10,0.6781727320631767
4611,28,12,16,0,0,10,0.7357431770667242
4612,166,10,47,0,109,10,0.9161441509494213
4613,13,12,1,0,0,10,0.7468463330757331
4614,11,11,0,0,0,10,0.5955960591312168
4615,70,11,25,0,34,10,0.6217424222653404
4616,30,12,10,0,8,10,0.7072888485542856
4617,114,11,45,0,58,10,0.7389783240930722
4618,33,10,17,0,6,10,0.6924889284437008
4619,108,10,35,0,63,10,0.7488269415171398
4620,130,10,73,0,47,10,0.7839264491175435
4621,1045,10,81,17,937,10,0.8329204693428034
4622,40,12,20,1,7,10,0.5142496839514111
4623,168,11,57,5,95,10,0.715532940142268
4624,321,12,32,14,263,10,0.6440509250041409
4625,96,10,44,0,42,10,0.8252464694242688
4626,398,10,47,0,341,10,0.8687971536967867
4627,160,10,59,0,91,10,0.8690224515394764
4628,99,11,43,0,45,10,0.8264704474583104
4629,80,10,31,0,39,10,0.8234491436481193
4630,285,18,21,4,242,10,0.4054307148529601
4631,1069,12,72,4,981,10,0.8895225503941115
4632,27,12,12,0,3,10,0.7116285068082229
4633,76,10,40,0,26,10,0.8052620871470912
4634,62,11,32,0,19,10,0.26917130664236605
4635,14,9,0,2,3,9,0.6634806982111986
4636,17,11,0,3,3,10,0.6557268748445682
4637,4,2,0,0,2,3,0.03119903708320481
4638,6,4,0,0,2,4,0.016025040997352406
4639,63,12,18,0,33,10,0.6985413183295777
4640,3,3,0,0,0,3,0.07476783779455676
4641,46,13,4,2,27,10,0.7987206575559558
4642,36,11,14,2,9,10,0.7072303055865161
4643,22,12,8,0,2,10,0.6337855778279569
4644,59,14,18,0,27,10,0.7662748535047336
4645,156,10,25,0,121,10,0.7679192017347047
4646,7,6,0,1,0,6,0.10867954271473482
4647,7,6,0,1,0,6,0.4737780803900241
4648,30,13,14,0,3,10,0.7088077192787963
4649,32,13,18,0,1,10,0.7980001668415546
4650,5,5,0,0,0,5,0.5230871277204787
4651,72,11,33,0,28,10,0.7514443883569331
4652,117,10,49,0,58,10,0.8219359529178147
4653,15,12,1,0,2,10,0.35115066142558427
4654,87,10,30,0,47,10,0.5712268311534501
4655,15,12,3,0,0,10,0.6119015946087433
4656,666,13,46,5,602,10,0.7346301633821029
4657,201,11,35,0,155,10,0.7593935301096824
4658,4,4,0,0,0,4,0.16531505037715366
4659,1107,12,8,0,1087,10,0.046882099048122544
4660,528,10,55,0,463,10,0.7961374830786052
4661,948,10,72,0,866,10,0.8806117539996264
4662,5133,10,69,0,5054,10,0.834354169337907
4663,43,13,24,0,6,10,0.6401663021334827
4664,246,11,56,0,179,10,0.9170148336322339
4665,545,11,70,0,464,10,0.8870480245306505
4666,285,12,43,13,217,10,0.8893717935056372
4667,3,2,0,1,0,3,0.015964160802576413
4668,72,11,23,4,34,10,0.7289280550043864
4669,69,2,1,5,61,10,0.00021924868077684615
4670,11,11,0,0,0,10,0.6710979312163181
4671,22,12,6,0,4,10,0.7118020236299281
4672,5,0,0,4,1,1,3.722508346211662e-09
4673,74,12,37,0,25,10,0.7803601485690419
4674,162,10,18,0,134,10,0.8386498333178629
4675,42,12,16,0,14,10,0.46895968414565137
4676,87,10,30,0,47,10,0.8327227766436294
4677,88,15,17,17,39,10,0.6391064192120651
4678,57,16,12,9,20,10,0.12785050399154363
4679,118,10,40,0,68,10,0.779451052020431
4680,110,10,37,5,58,10,0.6767963258742173
4681,153,10,46,0,97,10,0.8229652277646928
4682,19,11,8,0,0,10,0.5924498209415292
4683,19,14,4,0,1,10,0.6328830597727366
4684,17,11,5,0,1,10,0.6338925542020559
4685,152,10,51,1,90,10,0.6935813207126962
4686,161,10,60,0,91,10,0.8731009923709308
4687,45,12,21,0,12,10,0.7845231095678795
4688,11,10,1,0,0,10,0.6646887884379612
4689,2265,11,61,0,2193,10,0.9157852934547867
4690,15,9,4,1,1,10,0.042985246635544094
4691,24,11,11,0,2,10,0.7483228036339213
4692,32,11,19,0,2,10,0.6558273434824756
4693,505,10,62,4,429,10,0.8563050731303372
4694,32,10,18,0,4,10,0.6931425702831785
4695,54,11,27,0,16,10,0.7823544168031679
4696,45,13,23,0,9,10,0.7188923779109347
4697,32,11,16,0,5,10,0.7282186414070309
4698,36,13,15,0,8,10,0.8224533545293542
4699,88,11,26,9,42,10,0.18811149927331983
4700,20,18,1,0,1,10,0.05817538892065666
4701,5,5,0,0,0,5,0.3959902000638328
4702,1,0,1,0,0,1,0.0005989656717576413
4703,25,12,7,0,6,10,0.7248663903105927
4704,38,16,11,1,10,10,0.07240044266659909
4705,57,18,16,8,15,10,0.42375839459699427
4706,348,11,25,68,244,10,0.6509922144912905
4707,5,4,0,1,0,4,0.6103420748801661
4708,20,12,3,0,5,10,0.18204373048672307
4709,229,10,93,0,126,10,0.892472171907276
4710,148,10,46,1,91,10,0.8032441860403595
4711,68,11,29,0,28,10,0.6921925087625422
4712,27,11,16,0,0,10,0.55991078538652
4713,21,10,8,0,3,10,0.7468606438426704
4714,105,10,41,0,54,10,0.6684854116558419
4715,98,10,44,0,44,10,0.763217209863275
4716,70,10,33,0,27,10,0.6831306553909784
4717,48,12,21,0,15,3,0.8439856689614356
4718,62,10,31,0,21,0,nan
4719,51,12,24,0,15,7,0.812955200148459
4720,388,10,61,0,317,10,0.8881779448589896
4721,17,11,5,0,1,10,0.7527661731835855
4722,14,13,1,0,0,10,0.7093539375636722
4723,291,10,36,3,242,10,0.9080813398080311
4724,447,10,44,6,387,10,0.8852461208174153
4725,19,13,4,0,2,10,0.6925051123621028
4726,13,10,3,0,0,10,0.7054734110439311
4727,24,14,8,0,2,10,0.8075706633157234
4728,56,13,8,0,35,10,0.5076680892257727
4729,94,14,19,0,61,10,0.7435167697227463
4730,51,11,24,1,15,10,0.7682719568498078
4731,143,10,21,7,105,10,0.6925124384895651
4732,195,9,28,3,155,10,0.789835846459485
4733,301,11,13,10,267,10,0.7365492635983878
4734,494,10,46,8,430,10,0.7120557449377813
4735,14,10,4,0,0,10,0.4912806257807796
4736,35,10,23,0,2,10,0.8283069860828355
4737,21,10,10,0,1,0,nan
4738,37,10,25,0,2,0,nan
4739,19,11,8,0,0,1,0.3968824634529692
4740,27,10,16,0,1,10,0.6948892725002149
4741,49,26,8,8,7,10,0.13277227253911966
4742,93,10,36,0,47,0,nan
4743,105,10,33,0,62,10,0.65638534430957
4744,45,11,27,0,7,10,0.7351487811360089
4745,45,11,27,0,7,0,nan
4746,108,10,45,0,53,10,0.8063875342766449
4747,1245,30,21,0,1194,10,0.6059440064437561
4748,12,12,0,0,0,10,0.6580411053292851
4749,21,11,10,0,0,10,0.7407820588430822
4750,19,11,6,0,2,10,0.7809062490114623
4751,981,10,63,0,908,10,0.8382792401882591
4752,534,10,28,10,486,10,0.8276796439110642
4753,95,10,16,10,59,10,0.5881613303942392
4754,6,6,0,0,0,6,0.2784143504285136
4755,18,10,6,0,2,10,0.5944617708237236
4756,73,10,20,6,37,10,0.7623631737151514
4757,163,10,41,0,112,10,0.8565662954947254
4758,147,12,30,0,105,10,0.7191469092418536
4759,25,13,8,0,4,10,0.6001356586167992
4760,8,8,0,0,0,8,0.6725300493713224
4761,483,10,42,13,418,10,0.7964254366363615
4762,56,13,16,0,27,10,0.7494991625526054
4763,194,10,34,2,148,10,0.8914460442257003
4764,930,10,42,0,878,10,0.8573708411433772
4765,380,10,46,0,324,10,0.9194706550568619
4766,92,10,26,4,52,10,0.7564329316130414
4767,81,11,26,0,44,10,0.6040295691398199
4768,475,10,61,0,404,10,0.8500154080396585
4769,38,11,22,0,5,10,0.8002526271047887
4770,63,13,28,4,18,10,0.5902017675280469
4771,12,10,0,0,2,10,0.6282545863487907
4772,2,2,0,0,0,2,0.01571659674636241
4773,14,8,1,2,3,10,0.6849356123767006
4774,8,5,0,2,1,6,0.5177874200184013
4776,24,11,4,0,9,10,0.6996559976882286
4777,9,5,0,0,4,7,0.00605988634354635
4778,4,1,0,3,0,4,0.0008960573375706646
4779,1,1,0,0,0,1,0.25726099857041645
4781,322,10,38,0,274,10,0.6597341563447063
4782,198,10,64,0,124,0,nan
4783,201,10,63,0,128,10,0.7171649456390436
4784,66,11,35,0,20,10,0.7126191652196303
4785,211,11,50,0,150,10,0.8201108331557544
4786,170,10,43,0,117,10,0.7831560877613477
4787,102,20,22,2,58,10,0.07449817159908285
4788,5,5,0,0,0,5,0.13884903739147061
4789,6,6,0,0,0,6,0.5992988946229569
4790,77,10,40,3,24,10,0.7484370129787612
4791,35,11,14,0,10,10,0.6538768293400248
4792,70,10,37,0,23,10,0.8000910145133382
4793,13,10,0,1,2,10,0.4098988086644356
4794,22,11,8,2,1,10,0.5414214430513464
4795,29,10,8,6,5,10,0.5636415131471649
4796,30,13,5,4,8,10,0.4183164893449248
4797,21,12,3,3,3,10,0.6679296815855946
4798,25,13,3,2,7,10,0.2459845167323231
4799,18,11,5,0,2,10,0.48383709108274664
4800,30,15,7,6,2,10,0.6960263648198728
4801,20,11,5,3,1,10,0.5658781741812648
4802,26,11,8,0,7,10,0.4296134160788963
4803,25,12,4,0,9,10,0.6249637532409984
4804,20,12,1,0,7,10,0.5260581436363105
4805,47,10,12,0,25,10,0.5663905151935044
4806,258,14,28,0,216,10,0.7675892925461882
4807,11,7,0,1,3,10,0.120048190917995
4808,9,9,0,0,0,9,0.27210444789493915
4809,39,11,15,9,4,10,0.6711332843958326
4810,28,11,6,2,9,10,0.6255711990414208
4811,29,12,11,1,5,10,0.6334768186069811
4812,49,10,25,0,14,10,0.7483515244524395
4813,8,8,0,0,0,8,0.24568505436278382
4814,6,6,0,0,0,6,0.29850317994352965
4815,8,7,0,0,1,8,0.3519561231175955
4816,12,11,0,0,1,10,0.5924149336231257
4817,8,8,0,0,0,8,0.40099959468596297
4818,35,13,14,0,8,10,0.41392255454988014
4819,75,10,40,0,25,10,0.7937220861943255
4820,68,10,38,0,20,10,0.7545817116524218
4821,228,11,38,1,178,10,0.8539206305785008
4822,144,10,45,0,89,10,0.8770570030542917
4823,33,11,14,0,8,10,0.42966318974555373
4824,86,10,40,0,36,10,0.7678928477292493
4825,76,11,35,0,30,10,0.7663285769047998
4826,2800,11,46,0,2743,10,0.8200602885133076
4827,1232,17,20,6,1189,10,0.5144320936039702
4828,2891,8,23,13,2847,10,0.006270179802690203
4829,138,10,45,0,83,10,0.6263876476360968
4830,9,5,2,0,2,8,0.011734315006403113
4831,50,11,18,7,14,10,0.7592826853008345
4832,45,12,19,3,11,10,0.45579264259270647
4833,26,13,10,0,3,10,0.5790180119314934
4834,574,10,80,0,484,10,0.8690959614254421
4835,366,10,61,0,295,10,0.8175867375092924
4836,46,22,15,3,6,10,0.24839258643948092
4837,635,10,77,43,505,10,0.4786598124845767
4838,31,24,5,0,2,10,0.41222554694449487
4839,222,10,64,2,146,10,0.7399889184500055
4840,225,10,61,0,154,10,0.8698933746467991
4841,197,10,49,0,138,10,0.858069384623742
4842,223,17,32,0,174,10,0.3322046010421418
4843,37,11,21,0,5,10,0.7836910955886072
4844,22,12,6,0,4,10,0.6325143568535176
4845,41,13,17,0,11,10,0.7895499485608689
4846,59,14,29,0,16,10,0.6798577999332094
4847,2344,10,55,0,2279,10,0.925873276041326
4848,22,14,7,0,1,10,0.7820446952709665
4849,25,11,10,0,4,10,0.6588576653402789
4850,25,11,11,1,2,10,0.840643006743718
4851,38,11,22,0,5,10,0.7261648296923326
4852,57,11,20,0,26,10,0.527138734808758
4853,61,10,22,0,29,10,0.7012612683270996
4854,36,11,15,0,10,10,0.762074008134652
4855,11,8,0,2,1,9,0.6786396882248136
4856,33,13,4,4,12,10,0.6731970478285249
4857,18,11,3,3,1,10,0.7397212556100536
4858,233,11,24,8,190,10,0.553707262728549
4859,366,11,49,0,306,10,0.598071944391386
4860,60,12,32,0,16,4,0.7715226264486705
4861,56,12,28,0,16,6,0.7907009206012514
4862,97,10,46,0,41,10,0.6203342764157054
4863,72,11,32,0,29,10,0.7481460185747194
4864,62,13,25,0,24,10,0.6163723502218559
4865,119,12,52,0,55,10,0.7875960753874203
4866,574,10,61,0,503,10,0.82886170445558
4867,107,10,39,0,58,10,0.8540422741251432
4868,42,10,17,0,15,10,0.5543994163178165
4869,21,10,10,0,1,10,0.7482602844836976
4870,29,11,9,4,5,10,0.6184446706505293
4871,26,11,12,0,3,10,0.7857222543352196
4872,19,12,4,1,2,10,0.706944249935475
4873,1456,10,61,0,1385,10,0.9094121028461246
4874,65,13,15,7,30,10,0.008909320005091564
4875,111,12,50,1,48,10,0.742876687745155
4876,182,10,52,0,120,10,0.594537391646655
4877,628,11,57,0,560,10,0.7683289730152778
4878,89,11,26,0,52,10,0.7981497772162354
4879,546,13,20,0,513,10,0.7346249891413981
4880,8,8,0,0,0,8,0.356435850505573
4881,22,13,5,2,2,10,0.4617765536748706
4882,22,13,3,1,5,10,0.6374910127669624
4883,33,11,11,1,10,10,0.6713251273708551
4884,25,13,8,0,4,10,0.6878202801785358
4885,43,11,14,5,13,10,0.7098693987979079
4886,16,13,1,0,2,10,0.6027929545799897
4887,12,11,0,1,0,10,0.49428477466836573
4888,5,3,0,2,0,4,0.04092867565669395
4889,11,10,0,1,0,10,0.5622149360519733
4890,4,4,0,0,0,4,0.6224000470311111
4891,4,2,0,2,0,4,0.010801385704965142
4892,8,8,0,0,0,8,0.49581618084211876
4893,8,8,0,0,0,8,0.5937987510753161
4894,14,13,1,0,0,10,0.657085663976916
4895,55,12,27,2,14,10,0.7463010241309573
4896,5,5,0,0,0,5,0.38091571619854847
4897,2,2,0,0,0,2,0.2715955170526511
4898,4,4,0,0,0,4,0.4163853322792198
4899,9,9,0,0,0,9,0.5991457658771185
4900,17,14,3,0,0,10,0.588773125311804
4901,604,10,76,21,497,10,0.8676280472947131
4902,86,17,12,8,49,10,0.10561564799933942
4903,38,11,21,0,6,10,0.8302228249403589
4904,171,10,40,0,121,10,0.9295901711162257
4905,23,11,9,0,3,10,0.565053326546999
4906,48,13,17,9,9,10,0.6500704082515648
4907,407,14,50,8,335,10,0.8275051349432196
4908,165,13,17,13,122,10,0.6727064308104147
4909,23,2,0,11,10,10,0.00037238640333017736
4910,537,13,48,0,476,10,0.4663794218876005
4911,1777,12,35,50,1680,10,0.6405758601933385
4912,144,11,28,13,92,10,0.515837331413471
4913,605,18,44,11,532,10,0.7760150013435012
4914,2017,10,42,8,1957,10,0.563184513785583
4915,40,12,23,0,5,0,nan
4916,50,11,18,0,21,2,0.17151942241535245
4917,21,12,8,0,1,10,0.5787340258638607
4918,55,11,28,0,16,10,0.8802688528046347
4919,30,11,18,0,1,0,nan
4920,42,12,23,0,7,10,0.738586398963841
4921,52,13,19,0,20,10,0.6067310882550241
4922,53,11,28,0,14,0,nan
4923,27,12,14,0,1,0,nan
4924,32,11,20,0,1,10,0.704641832570245
4925,219,10,58,0,151,10,0.8346849422205518
4926,370,10,80,0,280,10,0.8915962344871415
4927,315,10,61,0,244,10,0.8177606456946309
4928,244,10,75,8,151,10,0.6925906950541703
4929,218,16,35,9,158,10,0.0405204511826391
4930,405,10,54,0,341,10,0.9203611417969648
4931,3148,13,46,2,3087,10,0.8793066834747001
4932,307,10,45,0,252,10,0.8231801177785569
4933,30,12,17,0,1,10,0.6190681560419744
4934,16,10,6,0,0,10,0.6091411633593364
4935,34,12,21,0,1,10,0.8648379180013022
4936,25,13,9,0,3,10,0.5764232066785067
4937,23,13,9,0,1,10,0.6039498744510456
4938,30,12,10,0,8,10,0.7061937760953712
4939,45,12,16,0,17,10,0.7604543799105121
4940,42,25,5,0,12,10,0.130450547473625
4941,96,12,28,3,53,10,0.47468424921902297
4942,56,11,37,0,8,10,0.5907917431544999
4943,63,11,31,0,21,10,0.7779478824903191
4944,13,13,0,0,0,10,0.64536190328975
4945,12,11,1,0,0,10,0.7493436259033851
4946,14,12,2,0,0,10,0.5842121696133388
4947,10,10,0,0,0,10,0.3803261737023223
4948,9280,14,46,0,9220,10,0.7304547831167669
4949,87,11,43,0,33,10,0.6453266224154339
4950,116,10,52,0,54,10,0.7643126113828811
4951,72,11,37,0,24,10,0.5841687870727379
4952,108,12,51,0,45,10,0.7588324751431592
4953,55,13,34,0,8,10,0.7674820069072965
4954,312,11,59,0,242,10,0.8442000747135696
4955,163,10,63,0,90,10,0.7469191655548904
4956,182,10,61,0,111,10,0.830506792071165
4957,238,10,70,0,158,10,0.8507791988161528
4958,341,15,34,10,282,10,0.6749728708904863
4959,160,10,78,6,66,10,0.7224180198767445
4960,844,10,102,0,732,10,0.8650168005657941
4961,38,10,24,0,4,10,0.5705769995348111
4962,31,11,18,1,1,10,0.5764238150318739
4963,10,10,0,0,0,10,0.43267409977338656
4964,9,9,0,0,0,9,0.6381444193612479
4965,10,10,0,0,0,10,0.47979396888465464
4966,86,12,39,0,35,10,0.7292948325432371
4967,260,10,56,0,194,10,0.7458504893080835
4968,208,10,41,0,157,10,0.7167871894673836
4969,234,10,59,0,165,10,0.893853246542017
4970,56,15,16,1,24,10,0.40968844549477246
4971,269,13,49,14,193,10,0.5970618933834261
4972,22,11,10,0,1,10,0.674330810121664
4973,75,14,32,0,29,10,0.5800755486093474
4974,38,13,14,1,10,10,0.7988265004469022
4975,30,12,12,0,6,10,0.6986329915098103
4976,51,13,24,0,14,10,0.839725024375642
4977,285,10,35,0,240,10,0.7912011249124784
4978,16,13,3,0,0,10,0.6299922118934326
4979,234,10,36,0,188,10,0.8743756401532354
4980,62,12,25,0,25,10,0.8647384037192749
4981,28,10,16,0,2,10,0.6968321291259809
4982,12,10,1,1,0,10,0.6783777157114368
4983,15,12,0,3,0,10,0.6151476800150619
4984,18,13,4,0,1,10,0.7147036712127373
4985,10,7,0,3,0,8,0.5394017916011077
4986,197,10,32,0,155,10,0.8286293329175909
4987,30,9,5,1,15,10,0.5204688918395577
4988,23,11,6,1,5,10,0.545353975105058
4989,27,12,6,0,9,10,0.6419347942628237
4990,118,10,42,0,66,10,0.7884587938692178
4991,240,10,46,0,184,10,0.8586345979528527
4992,19,12,7,0,0,10,0.7971553903276021
4993,1,1,0,0,0,1,0.05103151511627747
4994,2,2,0,0,0,2,0.4736528931141501
4995,55,11,25,0,19,10,0.7846388894253677
4996,18,11,1,0,6,10,0.673227536041739
4997,4,4,0,0,0,4,0.4882238598704808
4998,32,12,19,0,1,10,0.6564573369996707
4999,7,7,0,0,0,7,0.4138901990136656
5000,10,10,0,0,0,10,0.45109041314556914
5001,380,10,38,0,332,10,0.68249315235674
5002,177,10,18,0,149,10,0.725040469140734
5003,361,10,54,0,297,10,0.7871548117010729
5004,207,10,41,0,156,10,0.7779480464116889
5005,32,12,15,0,5,10,0.5742634957663451
5006,266,10,43,4,209,10,0.8491271856598104
5007,150,10,40,0,100,10,0.8386393756812538
5008,609,10,63,0,536,10,0.8855780778556959
5009,370,10,51,0,309,10,0.8424206008699995
5010,2,2,0,0,0,2,0.16210936748516358
5011,2,1,0,1,0,2,0.024062840029817203
5013,32,17,7,0,8,10,0.557115511176646
5014,1112,10,59,0,1043,10,0.8988813225462445
5015,420,12,45,0,363,10,0.43698003790537476
5016,26,13,10,2,1,10,0.6999324095587125
5017,38,12,20,1,5,10,0.523039452730955
5018,417,12,45,0,360,10,0.8379512667004595
5019,19,11,6,0,2,10,0.6174105976439064
5020,377,11,50,0,316,10,0.8908477812493197
5021,81,12,39,0,30,10,0.7237190522968773
5022,36,12,18,0,6,10,0.6538241268438731
5023,20,10,3,1,6,10,0.8180557781140034
5024,20,10,7,2,1,10,0.6256840226208799
5025,33,13,13,0,7,10,0.7449507280380538
5026,18,10,4,2,2,10,0.6936972934630351
5027,173,10,34,0,129,10,0.6943244352597342
5028,243,10,57,0,176,10,0.8168420620731178
5029,62,10,32,0,20,10,0.7835767989893512
5030,110,10,39,0,61,10,0.8797337231567247
5031,183,10,31,1,141,10,0.8372504815040348
5032,160,11,39,5,105,10,0.736341308885454
5033,660,10,64,13,573,10,0.852017607337088
5034,312,10,69,0,233,10,0.8608186099367114
5035,461,13,48,0,400,10,0.8130617780635104
5036,2074,10,49,0,2015,10,0.9360039720156166
5037,34,11,20,0,3,10,0.7103368089327511
5038,83,10,32,0,41,10,0.8318681939113807
5039,52,11,24,0,17,10,0.8268003466239129
5040,52,11,24,0,17,10,0.7239384140459887
5041,100,10,26,0,64,10,0.7413218926551794
5042,19,12,6,0,1,10,0.8130054966797874
5043,29,11,12,2,4,10,0.7727752703596843
5044,11,10,0,0,1,10,0.7445925245109495
5045,18,13,1,1,3,10,0.7276228441615487
5046,7,7,0,0,0,7,0.719669142488526
5047,23,14,4,3,2,10,0.5222885194633444
5048,17,2,0,14,1,3,0.06623352645959074
5049,15,12,1,2,0,10,0.409247829439076
5050,63,13,25,0,25,10,0.6749341662551911
5051,29,12,7,0,10,10,0.3936818477193349
5052,63,10,29,0,24,10,0.8335403791221949
5053,160,10,49,0,101,10,0.8621554842080875
5054,139,10,58,0,71,10,0.8424926374683819
5055,240,10,53,0,177,10,0.9070191727871099
5056,376,10,43,0,323,10,0.6619787465946125
5057,87,11,46,0,30,10,0.3933780857141682
5058,53,13,23,0,17,10,0.7561826143759276
5059,9,8,0,0,1,8,0.2016092081783502
5060,1417,10,37,0,1370,10,0.903436105890209
5061,23,14,8,0,1,10,0.5550837643211455
5062,37,12,22,0,3,10,0.8126758069146991
5063,151,12,56,0,83,10,0.7260554461082795
5064,58,11,32,0,15,10,0.7972401282736314
5065,29,11,12,2,4,10,0.6765997426159513
5066,30,13,7,2,8,10,0.5744511394095035
5067,30,12,11,2,5,10,0.5378646278858845
5068,42,13,13,3,13,10,0.5917212836778618
5069,49,12,22,0,15,10,0.711779400141579
5070,22,11,9,0,2,10,0.6056013706763618
5071,51,12,19,11,9,10,0.7105031414715186
5072,38,9,3,14,12,9,0.07556920667536539
5073,26,11,6,6,3,10,0.3772228066798127
5074,120,10,46,0,64,10,0.7834605888973722
5075,73,12,30,0,31,10,0.6089351703499929
5076,146,10,53,0,83,10,0.7722301832313544
5077,32,12,13,0,7,10,0.7549765075048696
5078,3610,12,43,0,3555,10,0.8543877477371282
5079,26,13,11,0,2,10,0.661418023236185
5080,26,14,10,1,1,10,0.32629559475960546
5081,246,10,61,0,175,10,0.6320814686570626
5082,174,11,63,0,100,10,0.735919795033154
5083,56,15,27,4,10,10,0.7316803267804437
5084,62,15,36,0,11,10,0.5239535287060445
5085,79,13,35,1,30,10,0.6073783087834872
5086,94,10,47,0,37,10,0.7722762163001105
5087,356,10,46,5,295,10,0.900977190393473
5088,557,10,60,7,480,10,0.8688181183241651
5089,52,12,28,0,12,10,0.6795188937282126
5090,194,11,58,0,125,10,0.6577440918436578
5091,88,10,48,0,30,10,0.7658857028356469
5092,78,10,34,0,34,10,0.623307877893132
5093,108,10,42,0,56,10,0.7824176481824279
5094,687,10,65,0,612,10,0.8162325714190083
5095,27,13,12,0,2,10,0.6660846738106696
5096,576,10,64,0,502,10,0.8338803527363416
5097,137,10,44,0,83,10,0.8075825977290649
5098,62,12,27,0,23,10,0.6147447779582484
5099,32,11,14,0,7,10,0.7626004583869113
5100,37,11,14,3,9,10,0.588903586728321
5101,42,12,16,0,14,10,0.7205230128454263
5102,25,11,7,1,6,10,0.718645696731244
5103,232,13,24,0,195,10,0.8183335045427917
5104,413,11,40,0,362,10,0.7649712123118408
5105,18,13,2,0,3,10,0.5205457220823915
5106,29,14,9,0,6,10,0.710231386406132
5107,20,13,5,0,2,10,0.7581583127329269
5108,22,14,4,0,4,10,0.6635939787619354
5109,4,4,0,0,0,4,0.4820354561334437
5110,2,0,0,1,1,2,0.0013940397199849644
5111,286,10,20,2,254,10,0.8628875930343742
5112,38,11,8,0,19,10,0.6594324592617593
5113,23,10,8,0,5,10,0.7061771906748977
5114,36,13,9,0,14,10,0.5585102464426666
5115,53,12,27,0,14,10,0.6334156832585953
5116,45,12,19,0,14,10,0.30989638438828454
5117,1127,11,49,0,1067,10,0.7749354174623362
5118,107,10,49,0,48,10,0.8387469890753476
5119,54,14,24,0,16,10,0.8108454616513312
5120,82,10,31,0,41,10,0.7803639792002437
5121,46,12,20,0,14,10,0.7642465568035409
5122,43,12,19,0,12,10,0.7810672381598209
5123,66,10,29,0,27,10,0.8225397623841642
5124,41,12,25,0,4,10,0.3845128526037489
5125,125,12,52,0,61,10,0.7214850663929857
5126,75,12,18,0,45,10,0.6365385743129249
5127,88,10,32,0,46,10,0.7430472761636178
5128,670,10,60,0,600,10,0.7430851790745124
5129,122,14,32,1,75,10,0.2761347235291024
5130,223,10,36,0,177,10,0.7460498848248834
5131,49,12,27,0,10,10,0.7736553691977895
5132,62,12,31,0,19,10,0.7276341596047949
5133,1122,10,79,6,1027,10,0.9034539964588792
5134,50,13,19,0,18,10,0.8340005785009158
5135,126,10,41,0,75,10,0.8010158985151303
5136,90,10,33,0,47,10,0.7964027644787794
5137,73,10,34,0,29,10,0.8150213759443743
5138,2973,11,61,0,2901,10,0.40316826623944874
5139,228,11,51,0,166,10,0.48161817778250116
5140,145,10,56,0,79,10,0.8026301073980517
5141,203,10,54,0,139,10,0.6011153757353556
5142,136,10,54,0,72,10,0.550593282736572
5143,1237,10,54,0,1173,10,0.8623304575118025
5144,195,10,33,0,152,10,0.8296239997305246
5145,200,10,11,4,175,10,0.7176978359483788
5146,14,10,3,0,1,10,0.5858751405608997
5147,21,12,7,0,2,10,0.6639454126019778
5148,65,10,31,0,24,10,0.827019630954575
5149,74,12,27,0,35,10,0.6771907199103602
5150,188,10,41,0,137,10,0.8043786979482751
5151,168,10,56,0,102,10,0.8058883489052587
5152,260,10,54,0,196,10,0.8878638386973564
5153,225,10,60,0,155,10,0.8518678204738973
5154,15,11,3,0,1,10,0.6335221044217801
5155,38,11,17,0,10,10,0.7855743318297981
5156,20,11,7,0,2,10,0.7921341149414256
5157,42,12,15,0,15,10,0.7482300588768888
5158,12,9,1,0,2,10,0.8273438865340021
5159,490,10,49,0,431,10,0.8816546344882972
5160,26,10,13,0,3,10,0.5510864171141822
5161,8,7,0,0,1,7,0.6221753843405957
5162,12,12,0,0,0,10,0.7391026039934768
5163,7,5,0,2,0,5,0.5429815360072605
5164,8,7,0,1,0,7,0.4125998189941294
5165,5,5,0,0,0,5,0.4103718470674527
5166,7,5,0,2,0,5,0.3147455180407077
5167,8,8,0,0,0,8,0.5557727333100428
5168,11,10,0,1,0,10,0.7010270127212511
5169,8,8,0,0,0,8,0.5494092003915145
5170,9,3,0,4,2,9,8.734867539087237e-05
5171,69,11,30,0,28,10,0.8024030671270699
5172,44,13,17,0,14,10,0.7354564907647549
5173,21,11,8,0,2,10,0.7723652943504742
5174,46,10,22,0,14,10,0.7618477403691206
5175,16,15,1,0,0,10,0.6652403116676388
5176,18,10,7,0,1,10,0.6393533480592841
5177,884,10,41,0,833,10,0.8529034939656337
5178,188,10,32,0,146,10,0.7832442089405247
5179,19,13,5,0,1,10,0.8027030652056464
5180,3,3,0,0,0,3,0.429775988117617
5181,1,1,0,0,0,1,0.0377975827544499
5182,6,5,0,0,1,5,0.1912073281478947
5183,6,6,0,0,0,6,0.6827133325110555
5184,7,6,0,1,0,6,0.27492193562624734
5185,12,9,1,2,0,10,0.7300136370607961
5186,70,10,29,0,31,10,0.866271091782765
5187,70,11,30,0,29,10,0.764462060192679
5188,18,10,8,0,0,10,0.4857782085492526
5189,438,11,50,0,377,10,0.8384922496299011
5190,14,12,2,0,0,10,0.5819735655440728
5191,15,11,3,0,1,10,0.45350904116211804
5192,21,10,6,2,3,10,0.6845839231288936
5193,166,10,39,0,117,10,0.8591305283847266
5194,962,10,15,7,930,10,0.8605210445635898
5195,14,13,1,0,0,10,0.4652835947536964
5196,60,11,32,0,17,10,0.7577531363408798
5197,27,13,10,1,3,10,0.6995037990526974
5198,41,12,26,0,3,10,0.5778264151810283
5199,35,12,13,0,10,10,0.6734559953414829
5200,74,11,30,2,31,10,0.8737237311365056
5201,39,11,24,0,4,10,0.5612993487694804
5202,92,10,30,6,46,10,0.7805349435896433
5203,32,11,18,0,3,10,0.6111079888112803
5204,17,14,2,0,1,10,0.6507685906082656
5205,11,10,0,0,1,10,0.4304253913460194
5206,25,11,8,5,1,10,0.6651806671163344
5207,10,10,0,0,0,10,0.6724683209195857
5208,6,6,0,0,0,6,0.1803581114373759
5209,13,10,0,3,0,10,0.42957289681424216
5210,15,12,2,0,1,10,0.7076277285990881
5211,25,10,13,0,2,10,0.663982650926044
5212,119,10,48,2,59,10,0.8066489849587238
5213,8,8,0,0,0,8,0.4185329521506759
5214,18,11,7,0,0,10,0.5030036873631303
5215,13,12,1,0,0,10,0.5462569375627457
5216,17,12,5,0,0,10,0.6386475807084298
5217,150,10,35,0,105,10,0.7815937114800031
5218,146,10,44,0,92,10,0.8221549722162551
5219,204,10,57,3,134,10,0.8508482226750675
5220,25,10,12,0,3,10,0.7302887980007557
5221,2,2,0,0,0,2,0.22417153473808743
5222,45,13,20,0,12,10,0.6828137396488714
5223,81,12,37,1,31,10,0.8942861293142905
5224,144,10,54,0,80,10,0.8457486223917466
5225,1813,11,49,32,1721,10,0.9086142131989345
5226,11,11,0,0,0,10,0.4886537561516737
5227,38,12,16,0,10,10,0.7941886823041886
5228,165,10,37,0,118,10,0.8328280688402655
5229,294,11,51,0,232,10,0.8399132404885187
5230,1920,11,40,0,1869,10,0.7994784529656556
5231,20,12,8,0,0,10,0.6201242694888017
5232,96,10,43,0,43,10,0.5493828061378496
5233,45,12,26,0,7,10,0.7003153042331637
5234,78,11,48,0,19,10,0.5028985145010498
5235,62,14,25,0,23,10,0.7501473889745036
5236,121,10,52,3,56,10,0.8096996357118922
5237,66,13,35,0,18,10,0.7182805637519503
5238,146,11,43,5,87,10,0.8752861680799663
5239,68,13,35,0,20,10,0.7131203083208713
5240,32,14,11,4,3,10,0.6482726228524778
5241,17,16,1,0,0,10,0.6272007519611206
5242,38,11,15,6,6,10,0.6634844441039793
5243,233,13,25,1,194,10,0.4518008560197258
5244,19,10,2,2,5,10,0.010275204057443144
5245,34,18,3,3,10,10,0.3302632078551601
5246,40,12,19,0,9,10,0.38318762148117347
5247,27,15,10,1,1,10,0.5639247075937383
5248,7,7,0,0,0,7,0.14391168454500358
5249,714,9,58,1,646,10,0.08348551789644285
5250,317,10,47,0,260,10,0.7590975682941037
5251,14,9,3,0,2,10,0.027985485995162113
5252,15,10,4,0,1,10,0.21583766092285783
5253,23,13,5,0,5,10,0.25845680020661804
5254,22,11,10,0,1,10,0.03669342418823328
5255,67,10,33,0,24,10,0.7512477476400429
5256,108,10,55,0,43,10,0.7620396302461001
5257,92,10,49,0,33,10,0.7743281636483899
5258,67,12,30,0,25,10,0.8028272005887389
5259,1076,10,51,0,1015,10,0.9125565508904877
5260,83,14,22,0,47,10,0.41351455417679495
5261,102,10,29,0,63,10,0.8961306992615721
5262,18,10,3,0,5,10,0.6193929517208281
5263,15,12,2,0,1,10,0.6249484118445447
5264,19,12,2,4,1,10,0.6231863425632853
5265,17,11,0,1,5,10,0.7096532030173215
5266,26,12,6,0,8,10,0.8412969997222273
5267,82,20,6,14,42,10,0.396051654097738
5268,54,12,31,0,11,10,0.6573774872932552
5269,20,12,3,4,1,10,0.25120391825709376
5270,27,12,8,1,6,10,0.4472987526467124
5271,27,12,14,0,1,10,0.6921750604397952
5272,34,12,13,1,8,10,0.6403873496690361
5273,38,12,17,0,9,10,0.5015579932848365
5274,64,15,29,0,20,10,0.5040765744556982
5275,210,10,62,0,138,10,0.6568709567542614
5276,221,10,64,0,147,10,0.8603858059518164
5277,164,11,46,0,107,10,0.5835467756924364
5278,163,10,32,7,114,10,0.5219884232216455
5279,572,10,54,0,508,10,0.6506596534577807
5280,6202,14,32,0,6156,10,0.7694442047323586
5281,38,12,18,0,8,10,0.710790997006389
5282,63,13,21,2,27,10,0.6823015059142026
5283,75,14,25,1,35,10,0.7453610598213894
5284,59,15,36,1,7,10,0.7710565477204443
5285,46,14,29,0,3,10,0.4419738894520027
5286,163,10,43,0,110,10,0.8368519178649381
5287,203,25,63,5,110,10,0.39682611673985824
5288,778,11,87,25,655,10,0.8486791576765276
5289,40,10,28,0,2,10,0.6600662491706163
5290,162,10,48,2,102,10,0.6773266376721683
5291,212,10,32,3,167,10,0.7989567087773708
5292,192,10,43,0,139,10,0.8836539046781298
5293,190,10,34,0,146,10,0.884054793572352
5294,121,10,47,0,64,10,0.8472277712484975
5295,721,10,57,0,654,10,0.877360881184419
5296,600,10,62,0,528,10,0.42418637430205774
5297,75,12,32,0,31,10,0.7672415401469239
5298,46,13,24,0,9,10,0.744922086074254
5299,13,12,0,0,1,10,0.5698675939151782
5300,16,12,3,0,1,10,0.7249329410201597
5301,261,10,57,0,194,10,0.9021070609225832
5302,21,10,9,0,2,10,0.4744902434475732
5303,26,12,9,0,5,10,0.8191455877433786
5304,9,9,0,0,0,9,0.6575786897159857
5305,16,11,4,0,1,10,0.6673292966818479
5306,16,10,1,3,2,10,0.5143995714191629
5307,9,8,1,0,0,9,0.6016241924868369
5308,18,10,4,2,2,10,0.6525005786276058
5309,11,9,0,2,0,9,0.6601054489371171
5310,5,5,0,0,0,5,0.3487947526845756
5311,19,12,6,0,1,10,0.6788022417776943
5312,17,14,3,0,0,10,0.6876657309365108
5313,11,10,1,0,0,10,0.7277892059247679
5314,218,10,23,1,184,10,0.8306502903319644
5315,233,10,48,0,175,10,0.7681178206344934
5316,6,2,0,2,2,2,0.400491815774931
5317,7,7,0,0,0,7,0.476236616914971
5318,8,8,0,0,0,8,0.4794386209086059
5319,41,15,7,0,19,10,0.568116966366629
5320,19,13,1,0,5,10,0.806792256552517
5321,34,12,8,2,12,10,0.4907464178118832
5322,20,12,6,1,1,10,0.5722170686685722
5323,118,10,36,3,69,10,0.8022602631735791
5324,188,11,15,6,156,10,0.7156805119608265
5325,55,11,25,0,19,10,0.801650207730366
5326,151,11,31,6,103,10,0.8268181398476057
5327,59,15,15,3,26,10,0.7598687630670893
5328,35,10,23,0,2,10,0.714394571885139
5329,58,10,39,0,9,10,0.8023138231332465
5330,53,12,30,1,10,10,0.5717953656909549
5331,9,9,0,0,0,9,0.6374373374944002
5332,10,10,0,0,0,10,0.477522665743339
5333,8,8,0,0,0,8,0.5629429925582061
5334,8,8,0,0,0,8,0.5685086154471499
5335,9,9,0,0,0,9,0.5963746678064875
5336,21,13,3,4,1,10,0.6871009662703937
5337,12,9,1,2,0,10,0.5058308253827946
5338,6,5,0,1,0,5,0.3480982258389317
5339,7,7,0,0,0,7,0.4586727066277048
5340,12,11,1,0,0,10,0.7934316793919677
5341,15,12,2,0,1,10,0.7224923295320194
5342,8,7,0,1,0,8,0.5376657944078957
5343,8,7,0,1,0,7,0.554550209860849
5344,7,7,0,0,0,7,0.5018806254521108
5345,11,11,0,0,0,10,0.6602575105923487
5346,11,10,0,1,0,10,0.504900122366067
5347,20,13,6,0,1,10,0.5732487140040905
5348,20,11,9,0,0,10,0.5828328441389455
5349,123,10,46,0,67,10,0.1786601048394213
5350,87,10,34,0,43,10,0.12915479071164793
5351,68,6,34,0,28,10,0.0909977903002538
5352,67,10,29,0,28,10,0.16394889200353652
5353,75,12,19,16,28,10,0.20792032680062078
5354,641,13,59,0,569,10,0.41972316823444755
5355,24,10,13,0,1,10,0.11397365770047171
5356,23,10,12,0,1,10,0.4362110370713369
5357,23,11,11,0,1,10,0.7216781992376318
5358,19,11,7,0,1,10,0.3970570472040705
5359,22,12,8,0,2,10,0.5590291951558485
5360,6,6,0,0,0,6,0.36133909947828147
5361,386,13,50,11,312,10,0.79342688972953
5362,146,10,57,0,79,10,0.6645321519447989
5363,59,11,35,0,13,10,0.1371737308327662
5364,128,10,56,0,62,10,0.4211892243762656
5365,12,12,0,0,0,10,0.2311359756982947
5366,93,10,22,0,61,10,0.849242844263353
5367,31,12,13,0,6,10,0.785048960072926
5368,22,12,6,0,4,10,0.5819397894318014
5369,38,11,16,7,4,10,0.08894849326900775
5370,150,10,26,11,103,10,0.748482279231262
5371,2,2,0,0,0,2,0.23053455899102998
5372,10,10,0,0,0,10,0.3829427616882284
5373,23,12,7,0,4,10,0.6646878644254194
5374,21,10,8,0,3,10,0.3206659308126253
5375,294,11,33,0,250,10,0.8151416003413221
5376,15,12,2,0,1,10,0.6351816859465892
5377,18,14,3,0,1,10,0.6253427951462894
5378,1279,11,39,0,1229,10,0.9025426779663177
5379,210,12,27,0,171,10,0.7945674944024601
5380,48,13,20,0,15,10,0.6845471868207604
5381,34,12,14,0,8,10,0.6726387105116496
5382,37,11,17,0,9,10,0.7116675590658139
5383,30,11,11,0,8,10,0.7319173915324164
5384,24,12,11,0,1,10,0.8360743789775111
5385,22,11,9,0,2,10,0.6485937398451831
5386,15,10,1,3,1,10,0.6950907089557968
5387,11,10,0,0,1,10,0.4847432466489321
5388,8,7,0,0,1,7,0.3188283180853455
5389,12,10,0,1,1,10,0.6756937018208248
5390,18,12,2,3,1,10,0.680820878440781
5391,6,6,0,0,0,6,0.4294363037691473
5392,242,10,44,0,188,10,0.8634413756316517
5393,469,10,61,0,398,10,0.8786017704182629
5394,2,1,0,0,1,2,0.24207050212873799
5395,107,10,41,0,56,10,0.7703148096030853
5396,5,5,0,0,0,5,0.22334323887191423
5397,66,12,37,0,17,10,0.7963102405349046
5398,11,10,0,0,1,10,0.6100454521058448
5399,21,14,7,0,0,10,0.6050505415309192
5400,730,10,47,0,673,10,0.821213220837327
5401,65,2,5,4,54,10,0.0005588307219355711
5402,10,10,0,0,0,10,0.18396292422525307
5403,5,4,0,1,0,5,0.0727768259482305
5404,32,12,9,2,9,10,0.5825746063841306
5405,48,12,17,0,19,10,0.7541878630646709
5406,50,14,20,0,16,10,0.6356912418269713
5407,53,22,6,7,18,10,0.3246643055729783
5408,74,24,5,14,31,10,0.12018520233149677
5409,96,9,5,20,62,10,0.015284186036779477
5410,122,10,53,0,59,10,0.4780476708258993
5411,82,10,40,0,32,10,0.6540207320085027
5412,124,10,46,0,68,10,0.6715516575406234
5413,70,15,33,0,22,10,0.23243450236166635
5414,104,10,44,0,50,10,0.3580663274786856
5415,197,10,56,0,131,10,0.5834678476081492
5416,3173,11,44,0,3118,10,0.792285448250609
5417,1198,10,76,0,1112,10,0.8240255710534132
5418,302,10,30,14,248,10,0.8115042013780155
5419,72,14,25,2,31,10,0.5294146337342402
5420,59,12,31,0,16,10,0.6970931859480551
5421,53,13,27,0,13,10,0.5436772502035119
5422,62,11,27,0,24,10,0.758150693273389
5423,55,13,24,3,15,10,0.4423953359053031
5424,31,13,9,1,8,10,0.3263416444656704
5425,363,12,58,0,293,10,0.6842802531699603
5426,217,10,44,0,163,10,0.6371095298412757
5427,52,14,23,1,14,10,0.24436225383379145
5428,646,10,72,0,564,10,0.8255892215169105
5429,21,13,7,0,1,10,0.6164050214827848
5430,113,11,40,0,62,10,0.6370163920186717
5431,67,14,21,0,32,10,0.6449982947981168
5432,94,10,33,0,51,10,0.9097772814490668
5433,41,10,18,0,13,10,0.8624711066249942
5434,657,10,42,0,605,10,0.8614326620156281
5435,15,11,4,0,0,10,0.767699423295997
5436,493,10,57,0,426,10,0.8910852915947467
5437,24,12,11,0,1,10,0.736086279291692
5438,12,10,1,0,1,10,0.5447445130759447
5439,12,10,2,0,0,10,0.464712306007343
5440,14,10,3,0,1,10,0.7175381025107757
5441,11,10,1,0,0,10,0.5476090112293299
5442,11,11,0,0,0,10,0.5969391350771778
5443,10,10,0,0,0,10,0.4537182670676727
5444,63,13,31,0,19,10,0.6946413371251807
5445,130,10,52,0,68,10,0.6706458551853275
5446,190,10,51,0,129,10,0.8237354885923625
5447,143,10,45,0,88,10,0.7948534894017623
5448,95,10,41,0,44,10,0.6954429857159965
5449,2694,11,50,0,2633,10,0.878631570617898
5450,396,10,41,0,345,10,0.8363599909798465
5451,404,13,39,0,352,10,0.7394663066822993
5452,27,11,14,0,2,10,0.7122786810613424
5453,33,12,19,0,2,10,0.6727054410630451
5454,35,11,23,0,1,10,0.7161023394979469
5455,37,10,15,0,12,10,0.7260583010515704
5456,32,11,17,0,4,10,0.5438498337013861
5457,54,10,28,0,16,10,0.5376525425479765
5458,2,2,0,0,0,2,0.024642868305130967
5459,34,11,20,0,3,10,0.6713474935392486
5460,6,0,0,0,6,6,1.6957035133872517e-08
5461,40,14,3,3,20,10,0.022709285575589048
5462,158,10,44,0,104,10,0.8456354193708344
5463,457,11,79,0,367,10,0.8424667364379474
5464,83,12,33,0,38,10,0.48303662030993666
5465,87,10,37,0,40,10,0.7308026291136249
5466,137,10,39,3,85,10,0.7308323324754511
5467,74,11,25,0,38,10,0.6896637604576502
5468,134,13,29,3,89,10,0.7991916910764962
5469,201,10,52,6,133,10,0.7688810937805872
5470,166,10,47,6,103,10,0.7301652831832169
5471,140,10,35,4,91,10,0.7588914003734768
5472,160,11,48,7,94,10,0.7053996518188153
5473,33,20,0,11,2,10,0.35977239311594733
5474,313,17,29,0,267,10,0.4580848269708281
5475,91,10,40,10,31,10,0.6948141246180467
5476,46,18,5,4,19,10,0.024124546703374692
5477,605,11,92,0,502,10,0.8612519891240173
5478,740,10,62,0,668,10,0.8913522492667303
5479,348,13,33,0,302,10,0.6433649990050128
5480,111,10,52,0,49,10,0.6351463645277453
5481,96,10,37,0,49,10,0.5773876128482734
5482,180,11,33,0,136,10,0.8194470623801133
5483,190,10,30,0,150,10,0.8980488290069785
5484,145,10,48,5,82,10,0.8159135574554257
5485,186,13,41,9,123,10,0.821427280406541
5486,35,12,18,0,5,10,0.5261394543777996
5487,175,12,33,6,124,10,0.6922478649502737
5488,169,10,39,0,120,10,0.7072775401122233
5489,424,11,60,15,338,10,0.7676617443086671
5490,327,11,38,14,264,10,0.698592679459993
5491,144,10,45,6,83,10,0.7292722966415164
5492,465,10,57,0,398,10,0.784483119383171
5493,78,12,36,0,30,10,0.7166439053324521
5494,489,11,69,0,409,10,0.7514311923742465
5495,5,5,0,0,0,5,0.3483873095618468
5496,6,0,6,0,0,6,0.002602277526502453
5497,49,13,21,0,15,10,0.7361619429301447
5498,13,9,2,0,2,10,0.06744207623722806
5499,154,10,34,0,110,10,0.6953118801252323
5500,126,10,23,0,93,10,0.8076962576908895
5501,32,12,14,0,6,10,0.8302393664031207
5502,53,12,26,0,15,10,0.7800646505920443
5503,95,10,36,0,49,10,0.7797725354977391
5504,43,13,20,0,10,10,0.8790507401131584
5505,58,10,30,0,18,10,0.7782411746891362
5506,1288,10,62,0,1216,10,0.8930027298922797
5507,204,12,34,0,158,10,0.9170924167916465
5508,206,10,18,0,178,10,0.8625223447335215
5509,14,14,0,0,0,10,0.7383871822825295
5510,15,13,1,0,1,10,0.610357991359376
5511,14,10,2,0,2,10,0.6177508286899347
5512,1636,10,54,0,1572,10,0.8472318228352338
5513,112,19,16,34,43,10,0.5307514070838063
5514,64,11,32,0,21,10,0.8165159301810186
5515,214,10,50,0,154,10,0.5945918811250566
5516,107,10,50,0,47,10,0.675841912314392
5517,180,10,55,0,115,10,0.8526727007162007
5518,113,12,50,0,51,10,0.679765769207574
5519,2805,10,62,0,2733,10,0.8835259926231794
5520,230,11,62,21,136,10,0.6362138785306597
5521,12,11,0,0,1,10,0.19603293025696894
5522,5160,12,60,1,5087,10,0.9012976936002663
5523,222,10,61,5,146,10,0.8595924436669655
5524,125,13,42,5,65,10,0.3902471344349129
5525,11,11,0,0,0,10,0.6792649382085194
5526,45,13,19,0,13,10,0.7497760192028613
5527,79,13,29,1,36,10,0.7863501685199823
5528,23,16,0,5,2,10,0.42218316360277286
5529,37,13,10,0,14,10,0.7925019703127997
5530,49,13,14,0,22,10,0.7813186746078522
5531,393,10,32,1,350,10,0.6686282734058377
5532,73,10,29,0,34,10,0.31260268152708787
5533,115,11,29,0,75,10,0.8413671787756098
5534,184,10,33,3,138,10,0.8100372698938493
5535,171,10,37,5,119,10,0.7400248630476346
5536,11,11,0,0,0,10,0.6037315527995629
5537,12,11,0,0,1,10,0.6380610744710813
5538,17,13,3,0,1,10,0.5930870216804812
5539,45,14,3,0,28,10,0.41131263041110355
5540,56,16,6,1,33,10,0.6702271155647721
5541,40,11,21,1,7,10,0.7340646524928108
5542,99,13,15,11,60,10,0.3760894600961476
5543,115,12,32,7,64,10,0.652234853575999
5544,197,11,22,11,153,10,0.6196130985892918
5545,320,14,35,6,265,10,0.5116879384845404
5546,22,9,1,10,2,10,0.01467888876952305
5547,3,0,0,3,0,3,0.0005816591864030805
5548,3,1,0,2,0,3,0.0005200367893292454
5549,48,27,1,11,9,10,0.17862074073941672
5550,14,10,0,3,1,10,0.06585114104131284
5551,25,18,0,6,1,10,0.05358126466229595
5552,5,0,0,5,0,4,0.0019104708316889814
5553,40,14,3,11,12,10,0.1226061443515089
5554,25,11,1,10,3,10,0.016898682030813607
5555,43,22,1,20,0,10,0.1351935273346243
5556,390,9,46,3,332,10,0.5761921225093553
5557,34,11,6,7,10,10,0.15558528729390436
5558,19,10,5,0,4,10,0.4653972136943033
5559,259,33,3,68,155,10,0.054407332016935664
5560,4527,12,40,4,4471,10,0.7322108300885521
5561,704,11,65,0,628,10,0.8408082260318793
5562,726,12,56,0,658,10,0.740756213959309
5563,52,12,26,0,14,10,0.7374696726936358
5564,47,12,33,0,2,10,0.6202777642968342
5565,55,13,26,0,16,10,0.6138286926731258
5566,37,15,10,0,12,10,0.1412437883497754
5567,1238,11,120,0,1107,10,0.8494280238663194
5568,539,11,48,10,470,10,0.8045022090640201
5569,13,10,3,0,0,10,0.6984998529725237
5570,870,10,101,5,754,10,0.7635977092432586
5571,3,3,0,0,0,3,0.17957319492993254
5572,9,6,1,0,2,8,0.26400229725653523
5573,1409,18,97,30,1264,10,0.8173436741142714
5574,1260,12,130,14,1104,10,0.8379914038506104
5575,633,17,70,15,531,10,0.7216574702183782
5576,257,10,32,8,207,10,0.7019741476407446
5577,88,10,18,1,59,10,0.8412556313226596
5578,124,11,33,7,73,10,0.5073566813097103
5579,102,12,21,0,69,10,0.697095213832522
5580,2594,10,44,0,2540,10,0.8903163150775392
5581,798,10,32,0,756,10,0.6937888279915135
5582,1185,10,116,0,1059,10,0.8964986900210261
5583,1960,11,98,16,1835,10,0.8386027780043761
5584,590,15,40,8,527,10,0.5631014872563074
5585,62,11,23,0,28,10,0.6617307264683052
5586,865,23,14,10,818,10,0.18119040045814738
5587,272,10,45,0,217,10,0.8623687912717231
5588,1879,10,35,0,1834,10,0.8414192247596298
5589,19,13,5,0,1,10,0.5682645147479535
5590,96,10,42,1,43,10,0.7082626833102975
5591,43,12,23,0,8,10,0.5532656657866137
5592,77,11,39,0,27,10,0.741715910560443
5593,57,12,21,1,23,10,0.7566461366810984
5594,115,10,49,1,55,10,0.757188616991902
5595,70,11,42,0,17,10,0.5844154584595604
5596,149,11,53,5,80,10,0.7374101178733672
5597,59,13,37,0,9,10,0.5879170087617227
5598,33,10,19,0,4,10,0.6659389656964944
5599,17,12,2,2,1,10,0.3829267979978394
5600,37,14,15,4,4,10,0.514253128525357
5601,20,12,8,0,0,10,0.4491812659283415
5602,11,10,0,1,0,10,0.06809381240719913
5603,15,12,1,2,0,10,0.33273428781316516
5604,28,12,15,0,1,10,0.7761101047626566
5605,11,10,1,0,0,10,0.7542438028261724
5606,7,6,1,0,0,7,0.3361831112005157
5607,20,12,8,0,0,10,0.5904882134150904
5608,85,12,23,4,46,10,0.8180196842979554
5609,46,12,21,2,11,10,0.6364384995558785
5610,125,10,33,15,67,10,0.5203105717736158
5611,46,27,2,13,4,10,0.3092328858601303
5612,12,12,0,0,0,10,0.5749033385867719
5613,19,11,7,0,1,10,0.44934028559556105
5614,56,13,25,0,18,10,0.8567644382037629
5615,96,10,35,0,51,10,0.8699502166002848
5616,45,14,23,0,8,10,0.7118885368946302
5617,720,10,46,10,654,10,0.8019659670472998
5618,1210,10,33,8,1159,10,0.8002087552864133
5619,238,13,70,0,155,10,0.7811851663482807
5620,346,11,51,11,273,10,0.78251184940811
5621,81,12,21,6,42,10,0.7990350643272262
5622,109,11,28,16,54,10,0.7970679250811585
5623,95,10,21,5,59,10,0.887435145395587
5624,13,12,0,1,0,10,0.5713115427744255
5625,10,10,0,0,0,10,0.5649957464185937
5626,8,4,0,4,0,5,0.03910786756082124
5627,12,8,0,4,0,8,0.2564085027296643
5628,4,4,0,0,0,4,0.25569089005269785
5629,39,19,7,0,13,10,0.37167305173924736
5630,58,12,26,4,16,10,0.7363548843975486
5631,88,11,32,0,45,10,0.7141190440046914
5632,118,10,30,1,77,10,0.8124592396130035
5633,134,10,34,6,84,10,0.8086185267402025
5634,25,10,10,0,5,10,0.5987311885543001
5635,48,12,20,5,11,10,0.7538666968163208
5636,24,14,6,0,4,10,0.6984858053244176
5637,11,10,0,1,0,10,0.610099513145659
5638,42,13,14,0,15,10,0.6838220214834865
5639,106,11,32,0,63,10,0.8192556078748976
5640,159,10,39,0,110,10,0.7350247739813227
5641,129,10,31,0,88,10,0.8415176669986134
5642,118,10,30,0,78,10,0.8515502907749358
5643,26,16,0,10,0,10,0.19702701410340207
5644,501,10,58,0,433,10,0.8867055038010239
5645,363,11,32,0,320,10,0.8403120345250807
5646,2114,11,43,7,2053,10,0.8391591062777071
5647,1083,13,80,1,989,10,0.7860989344034113
5648,15,13,2,0,0,10,0.7385069037037864
5649,408,11,42,13,342,10,0.8290903319600023
5650,258,12,50,1,195,10,0.5547176417319815
5651,3585,10,60,1,3514,10,0.8889129138388754
5652,950,11,77,0,862,10,0.8276834677430318
5653,25,11,13,0,1,10,0.5501680958646002
5654,48,11,24,0,13,10,0.6269789254199082
5655,42,12,19,0,11,10,0.6960424967864138
5656,55,11,26,0,18,10,0.819743463472251
5657,62,14,35,0,13,10,0.6298644176368846
5658,126,10,57,0,59,10,0.7212462922521676
5659,192,10,64,0,118,10,0.7949309210734636
5660,136,10,53,0,73,10,0.8409727206962132
5661,93,10,47,0,36,10,0.8407741147465708
5662,2572,10,59,0,2503,10,0.7977621073549306
5663,321,10,36,0,275,10,0.8783785540346305
5664,416,12,48,0,356,10,0.8040830420239977
5665,30,12,14,0,4,10,0.720015164203748
5666,30,10,19,0,1,10,0.7600515094698657
5667,37,11,21,0,5,10,0.7674557144093291
5668,251,11,35,9,196,10,0.8503662929028148
5669,64,14,21,3,26,10,0.7566194931055317
5670,245,11,43,1,190,10,0.8732615066395444
5671,230,10,46,0,174,10,0.8201167500636346
5672,224,10,37,3,174,10,0.7495761533327341
5673,288,10,47,0,231,10,0.8807196359528351
5674,499,10,61,3,425,10,0.8979955666297914
5675,308,10,37,4,257,10,0.8844778514846798
5676,36,12,15,0,9,10,0.7907817710356757
5677,8,8,0,0,0,8,0.7092616005205522
5678,294,19,21,1,253,10,0.4563070856718985
5679,51,17,13,0,21,10,0.7513196335521631
5680,31,12,12,0,7,10,0.8049754849579424
5681,65,13,30,0,22,10,0.5953080401838835
5682,54,11,28,0,15,10,0.6804759308720765
5683,101,10,40,3,48,10,0.7438585254473224
5684,2162,10,56,0,2096,10,0.873445764634263
5685,527,10,66,0,451,10,0.8802834665354297
5686,578,10,73,0,495,10,0.8334841177452723
5687,15,10,4,0,1,10,0.2217037119346108
5688,1853,10,42,0,1801,10,0.85720453811055
5689,10,10,0,0,0,10,0.5272483478966143
5690,1219,11,58,0,1150,10,0.9156567519578828
5691,78,16,24,10,28,10,0.48537920663765777
5692,27,12,9,3,3,10,0.3950298285276993
5693,78,19,17,8,34,10,0.15958784966870457
5694,57,28,9,5,15,10,0.20624175314431548
5695,59,19,12,10,18,10,0.2741586407579938
5696,79,14,18,12,35,10,0.4127589678363077
5697,102,35,2,19,46,10,0.4596490126370699
5698,89,19,29,13,28,10,0.5841101072832597
5699,18,15,2,0,1,10,0.30522673094261304
5700,9,9,0,0,0,9,0.6411844145955212
5701,316,11,36,1,268,10,0.7374868766793392
5702,69,16,22,0,31,10,0.6463989778805636
5703,31,15,15,1,0,10,0.3146516441625875
5704,318,10,30,0,278,10,0.5857908959401881
5705,168,10,44,0,114,10,0.7175224206240788
5706,154,10,42,0,102,10,0.5699781472149519
5707,245,10,63,0,172,10,0.8027737998625242
5708,1234,10,73,0,1151,10,0.8297901922889885
5709,716,10,64,0,642,10,0.7919056679724801
5710,240,11,58,0,171,10,0.7466471256450594
5711,92,10,43,0,39,10,0.6605530524580379
5712,49,11,25,1,12,10,0.6585908885728831
5713,56,13,21,1,21,10,0.6496970653462756
5714,68,12,36,0,20,10,0.7380941034300847
5715,48,13,24,0,11,10,0.6087164461186402
5716,87,21,15,0,51,10,0.1460421022060096
5717,81,10,28,0,43,10,0.7891944705715058
5718,1,1,0,0,0,1,0.03807821437490101
5719,72,10,24,0,38,10,0.7616654077250619
5720,126,10,38,0,78,10,0.7421569930049661
5721,25,12,9,0,4,10,0.7490487455688668
5722,6,5,1,0,0,6,0.34596849084124215
5723,1463,10,44,0,1409,10,0.8506212989111747
5724,287,11,55,0,221,10,0.7437551459625237
5725,187,10,44,0,133,10,0.6985185910647733
5726,186,10,50,0,126,10,0.8464173800926464
5727,145,10,38,0,97,10,0.6135461488480278
5728,87,21,42,0,24,10,0.5940497643876372
5729,1467,11,51,0,1405,10,0.8592935580592005
5730,5343,13,41,0,5289,10,0.7359124033259996
5731,37,12,18,0,7,10,0.6757905036439633
5732,43,12,15,1,15,10,0.6402225747540309
5733,58,12,22,2,22,10,0.7870727761528324
5734,32,13,16,0,3,10,0.6369341322683506
5735,36,17,13,1,5,10,0.23672547619468381
5736,13,8,0,5,0,10,0.012824696735794575
5737,54,13,26,0,15,10,0.6649763878999517
5738,125,11,53,1,60,10,0.6662710135823924
5739,216,10,28,16,162,10,0.6896799906637447
5740,31,12,13,0,6,10,0.5721317141990269
5741,46,12,16,1,17,10,0.6629242839362981
5742,68,11,32,0,25,10,0.654661043353503
5743,5,5,0,0,0,5,0.1795504966429523
5744,342,11,92,0,239,10,0.8311819278987521
5745,18,11,5,0,2,10,0.737037979820635
5746,31,11,13,0,7,10,0.7514815212155073
5747,29,11,17,0,1,10,0.7547266374370893
5748,30,11,15,0,4,10,0.8534979826268616
5749,11,11,0,0,0,10,0.6683469164505318
5750,48,12,25,0,11,10,0.7382308500773371
5751,638,10,80,10,538,10,0.9162263845545997
5752,62,10,41,0,11,10,0.8008781791528491
5753,376,12,65,0,299,10,0.8619237585744101
5754,356,10,91,0,255,10,0.891609378614843
5755,1189,12,52,0,1125,10,0.8413278554155983
5756,44,12,29,0,3,10,0.6632830261364187
5757,103,11,50,0,42,10,0.7531013999363994
5758,1006,18,8,5,975,10,0.427213309311981
5759,17,9,3,0,5,10,0.3275161890335585
5760,27,12,13,0,2,10,0.8076866854552041
5761,29,16,7,1,5,10,0.6523070925357468
5762,47,11,20,5,11,10,0.8168165376702023
5763,32,12,12,0,8,10,0.8014975821107347
5764,90,10,33,0,47,10,0.8514287276402197
5765,118,10,43,0,65,10,0.8112929044579634
5766,152,10,36,8,98,10,0.8174942005968514
5767,8,7,0,0,1,7,0.5795803812794037
5768,141,11,46,0,84,10,0.8333907519485229
5769,2403,10,58,0,2335,10,0.8231978094394217
5770,62,10,35,0,17,10,0.7576493500962491
5771,48,12,21,0,15,10,0.521311063868523
5772,31,11,15,0,5,10,0.668187815688482
5773,37,13,22,0,2,10,0.55647542734187
5774,562,12,36,0,514,10,0.7945726308984302
5775,404,11,41,0,352,10,0.7039084236792954
5776,11,11,0,0,0,10,0.5848300766732376
5777,15,11,3,0,1,10,0.4813796408651024
5778,561,10,49,10,492,10,0.8717505469472868
5779,63,14,17,8,24,10,0.6306388193557668
5780,29,10,15,0,4,10,0.738630939954337
5781,88,10,33,0,45,10,0.7809679071660607
5782,5,5,0,0,0,5,0.5599443136223242
5783,3,3,0,0,0,3,0.5341664705068455
5784,15,12,3,0,0,10,0.7129871551077556
5785,15,10,5,0,0,10,0.7150209249964306
5786,9,9,0,0,0,9,0.5758110394723267
5787,33,11,15,0,7,10,0.6842312751029395
5788,17,11,6,0,0,10,0.6996451353292246
5789,4,4,0,0,0,4,0.3232812453312728
5790,153,10,31,8,104,10,0.840668461217412
5791,22,12,6,0,4,10,0.5919332560801115
5792,10,10,0,0,0,10,0.5680831190564735
5793,138,10,36,1,91,10,0.8247215309971745
5794,553,11,47,3,492,10,0.814505134401559
5795,3,3,0,0,0,3,0.38240328359996983
5796,5,5,0,0,0,5,0.354284263810495
5797,5,4,0,1,0,4,0.23197961739266781
5798,2,2,0,0,0,2,0.49732981401349097
5799,3,3,0,0,0,3,0.35906971713406355
5800,5,5,0,0,0,5,0.44414104558437645
5801,2,2,0,0,0,2,0.2000961093540362
5802,4,4,0,0,0,4,0.1695419815642079
5803,3,2,0,1,0,2,0.2528005001335107
5804,3,3,0,0,0,3,0.3460787466468979
5805,5,5,0,0,0,5,0.5299700842054801
5806,3,3,0,0,0,3,0.36960537386173287
5807,2,2,0,0,0,2,0.4682180225318364
5808,4,4,0,0,0,4,0.38834594957791546
5809,3,3,0,0,0,3,0.43764889192338974
5810,3,2,0,1,0,3,0.6613755820551193
5811,84,13,20,0,51,10,0.8701436830975566
5812,20,10,10,0,0,10,0.8224306322572419
5813,46,13,18,0,15,10,0.7522600622468203
5814,9,9,0,0,0,9,0.7525137702613107
5815,5,5,0,0,0,5,0.11873669263507967
5816,1344,14,116,0,1214,10,0.8265093220225432
5817,595,14,54,14,513,10,0.7683523188829308
5818,1280,18,80,0,1182,10,0.8241339595067276
5819,3,2,0,1,0,3,0.21878790085536462
5820,13,12,0,0,1,10,0.41450370284025045
5821,2640,15,62,11,2552,10,0.8562046539830668
5822,1791,11,70,7,1703,10,0.859511008010982
5823,948,11,72,8,857,10,0.8225908104772518
5824,468,10,34,0,424,10,0.8491120216732719
5825,115,10,28,0,77,10,0.781929140181284
5826,239,10,44,0,185,10,0.7712568412739512
5827,125,10,32,12,71,10,0.8297828292826667
5828,68,10,23,0,35,10,0.7857043207765226
5829,1806,10,43,4,1749,10,0.874572585563504
5830,10,10,0,0,0,10,0.4819805719443021
5831,38,12,20,0,6,10,0.7652484299694242
5832,336,12,54,0,270,10,0.5681621610164888
5833,366,32,35,11,288,10,0.14146182818648337
5834,26,11,11,0,4,10,0.7466475907820714
5835,14,12,2,0,0,10,0.6084180741086278
5836,27,12,14,0,1,10,0.8052963599075437
5837,7,7,0,0,0,7,0.22926407152188183
5838,4494,10,68,3,4413,10,0.8133714231762158
5839,369,13,67,0,289,10,0.8170295770800189
5840,211,10,43,0,158,10,0.8823539856055049
5841,322,10,39,0,273,10,0.849091799858062
5842,179,10,63,0,106,10,0.6514522653161123
5843,132,10,49,0,73,10,0.9108030202221391
5844,1351,10,90,0,1251,10,0.8906353643743021
5845,1780,10,39,0,1731,10,0.8603348588478702
5846,34,10,20,0,4,10,0.02895083485340144
5847,130,10,46,0,74,10,0.10609248439181522
5848,87,10,38,0,39,10,0.10730246601345325
5849,143,11,54,0,78,10,0.47732822885055143
5850,70,10,39,0,21,10,0.14910481330411599
5851,6,4,0,2,0,6,0.020643991383281324
5852,98,10,35,0,53,10,0.8448328383700634
5853,48,12,21,0,15,10,0.7283521866021074
5854,30,13,12,0,5,10,0.6653591799275291
5855,48,12,22,0,14,10,0.7287534555776821
5856,15,15,0,0,0,10,0.6140057304484974
5857,26,11,11,0,4,10,0.627609281697155
5858,1033,10,34,1,988,10,0.7187414013091817
5859,243,11,36,0,196,10,0.6184419382670889
5860,29,10,15,0,4,10,0.8139301338462912
5861,6,6,0,0,0,6,0.38672046212870226
5862,4,4,0,0,0,4,0.06127391799546329
5863,6,6,0,0,0,6,0.40645760414093424
5864,8,8,0,0,0,8,0.5821949166718461
5865,11,8,0,2,1,9,0.3739782197254635
5866,16,13,1,1,1,10,0.7261350650021462
5867,37,16,13,3,5,10,0.6326596636573444
5868,152,10,35,3,104,10,0.8033674921088347
5869,90,10,28,0,52,10,0.8349292921486442
5870,124,10,37,0,77,10,0.8109265408985251
5871,438,12,54,13,359,10,0.8634934757787989
5872,54,13,28,0,13,10,0.7662649547409741
5873,296,10,47,0,239,10,0.7953582887813295
5874,15,11,3,0,1,10,0.8183700696499154
5875,230,10,33,0,187,10,0.8736666098466321
5876,390,11,43,0,336,10,0.8173165996690261
5877,24,13,9,1,1,10,0.5964400329536401
5878,95,11,39,7,38,10,0.7276494811425869
5879,403,15,32,21,335,10,0.7063857648385998
5880,396,10,20,25,341,10,0.7766208113561885
5881,48,13,20,0,15,10,0.49711116168790004
5882,303,10,34,15,244,10,0.8553913149009369
5883,65,12,30,1,22,10,0.7945489346331767
5884,617,10,49,22,536,10,0.7752564745180646
5885,140,11,33,2,94,10,0.7247315703358571
5886,252,10,19,4,219,10,0.8046602832096873
5887,131,11,32,15,73,10,0.7413502489572628
5888,11,10,0,0,1,10,0.05477914692606724
5889,21,13,7,0,1,10,0.6402757215592827
5890,53,14,27,0,12,10,0.5428134576960117
5891,57,12,31,0,14,10,0.48298161715941185
5892,1131,11,50,0,1070,10,0.5596318173497042
5893,715,15,60,0,640,10,0.6353555325150332
5894,66,11,38,0,17,10,0.5377095481733969
5895,183,10,51,0,122,10,0.6766578411806901
5896,109,10,39,0,60,10,0.6952932449469238
5897,11,11,0,0,0,10,0.29355688086936316
5898,356,10,40,0,306,10,0.917069688317204
5899,604,10,46,0,548,10,0.6809414323675205
5900,22,14,6,0,2,10,0.5058389857693871
5901,286,10,23,0,253,10,0.8731312048323132
5902,12,12,0,0,0,10,0.644776003989868
5903,40,10,22,0,8,10,0.7283981016511424
5904,12,9,0,3,0,10,0.044990634393863235
5905,15,13,0,0,2,10,0.28216521041833154
5906,7,7,0,0,0,7,0.35192849042407043
5907,306,11,31,0,264,10,0.6846704208552239
5908,3,3,0,0,0,3,0.1050791722710779
5909,640,13,65,0,562,10,0.8191288323224313
5910,267,10,20,5,232,10,0.8100028099874255
5911,8,7,0,0,1,8,0.2662189669232975
5912,606,9,57,0,540,10,0.7783689620124243
5914,4,4,0,0,0,4,0.33651952325960355
5915,1246,13,55,14,1164,10,0.8930680018251818
5916,907,10,60,2,835,10,0.8073127530344525
5917,457,10,36,7,404,10,0.8569018637024336
5918,227,10,24,0,193,10,0.8321246794764963
5919,59,11,14,0,34,10,0.6868313301026968
5920,124,10,28,5,81,10,0.7857086966178705
5921,74,10,24,0,40,10,0.7955838615399959
5922,1342,11,35,1,1295,10,0.8236995100352307
5923,1,1,0,0,0,1,0.663196768517729
5924,485,10,53,12,410,10,0.8545048802835622
5925,55,12,22,0,21,10,0.7422522130237779
5926,315,11,40,15,249,10,0.7782701542560597
5927,117,14,30,0,73,10,0.23402361637189228
5928,981,10,58,8,905,10,0.8470505597695017
5929,465,10,42,4,409,10,0.767301053037361
5930,10,10,0,0,0,10,0.5218298662122209
5931,11,8,2,0,1,10,0.5664069670856735
5932,8,8,0,0,0,8,0.6123480617773969
5933,94,10,42,0,42,10,0.8759489628073858
5934,63,10,30,0,23,10,0.7466200216990315
5935,54,10,27,0,17,10,0.8704692822961618
5936,48,14,18,0,16,10,0.7067449115844913
5937,62,12,21,7,22,10,0.6121181412545912
5938,564,10,62,0,492,10,0.8380801233174954
5939,1966,10,53,0,1903,10,0.8392899740485953
5940,15,11,3,0,1,10,0.708309448111345
5941,13,11,2,0,0,10,0.7468174795228457
5942,24,11,6,4,3,10,0.8168839685349187
5943,24,12,10,0,2,10,0.7016721852646826
5944,11,10,0,0,1,10,0.5044368726793894
5945,130,10,40,0,80,10,0.5908200292056586
5946,60,13,31,0,16,10,0.6140435301732314
5947,97,10,38,0,49,10,0.7862462621048576
5948,57,12,25,0,20,10,0.6680341013694782
5949,65,15,31,0,19,10,0.7859518017961706
5950,45,12,21,0,12,10,0.5953872974646874
5951,1234,13,44,0,1177,10,0.8733930531778209
5952,105,10,37,0,58,10,0.8319042233089158
5953,528,10,65,0,453,10,0.8650055181754822
5954,196,10,35,0,151,10,0.7684430036668055
5955,474,12,31,0,431,10,0.7230222885622085
5956,207,10,23,0,174,10,0.768800965057503
5957,45,14,19,0,12,10,0.5764713468945206
5958,26,12,12,0,2,10,0.7023153765799743
5959,34,10,13,0,11,10,0.6802529952418738
5960,26,12,11,0,3,10,0.7449426136009849
5961,13,9,1,2,1,10,0.5982697693278434
5962,8,8,0,0,0,8,0.3118494775942874
5963,7,6,0,0,1,6,0.5620450277218858
5964,8,8,0,0,0,8,0.34538414239234355
5965,636,10,54,0,572,10,0.8542459676637146
5966,7,6,0,0,1,7,0.5363055117864428
5967,23,11,12,0,0,10,0.7082118065584235
5968,40,12,16,0,12,10,0.8072062884947473
5969,34,10,15,0,9,10,0.8160092582058753
5970,21,12,5,0,4,10,0.7930934905805214
5971,43,12,19,0,12,10,0.8085167757822447
5972,22,12,8,0,2,10,0.6057054366969498
5973,10,10,0,0,0,10,0.5316922797529444
5974,8,6,0,2,0,6,0.5057154540089183
5975,5,3,0,2,0,3,0.3027674926704721
5976,8,8,0,0,0,8,0.37706674959496456
5977,10,8,0,2,0,8,0.6125427060341204
5978,10,9,0,1,0,9,0.6870703036781057
5979,504,10,65,0,429,10,0.8793034293578886
5980,193,10,33,0,150,10,0.849816313930109
5981,36,10,19,0,7,10,0.8658689574608974
5982,349,10,52,0,287,10,0.8172141399828706
5983,315,10,77,0,228,10,0.8783359197088624
5984,108,10,38,0,60,10,0.7990860974739169
5985,8,5,0,3,0,5,0.4095265278357261
5986,7,7,0,0,0,7,0.3487648280860772
5987,390,10,58,0,322,10,0.8598885287169502
5988,25,12,9,1,3,10,0.6501676709857076
5989,21,12,7,1,1,10,0.5869472768953936
5990,12,12,0,0,0,10,0.6367527279834801
5991,17,12,3,2,0,10,0.5966421125208012
5992,11,10,1,0,0,10,0.6002690126853163
5993,73,10,38,0,25,10,0.8178274532269381
5994,11,11,0,0,0,10,0.6877111407911831
5995,1447,10,62,16,1359,10,0.8784857102377752
5996,13,13,0,0,0,10,0.40173784898116016
5997,35,10,23,0,2,10,0.679018585037609
5998,26,12,12,0,2,10,0.43855710937909753
5999,40,11,28,0,1,10,0.7079762802808773
6000,25,12,12,0,1,10,0.571775647808427
6001,349,10,40,17,282,10,0.7399122905685921
6002,176,10,52,0,114,10,0.7797156849653972
6003,174,10,51,0,113,10,0.4186026594798594
6004,246,10,79,0,157,10,0.5769693282982531
6005,77,10,35,0,32,10,0.5909249278719401
6006,1802,10,38,2,1752,10,0.7660188844882083
6007,20,17,3,0,0,10,0.687819817313623
6008,170,10,50,0,110,10,0.8068750101994453
6009,60,12,25,0,23,10,0.7877024515850971
6010,192,10,39,0,143,10,0.8286386026834489
6011,99,12,40,0,47,10,0.7898922280334588
6012,43,12,19,0,12,10,0.6357919690859103
6013,59,12,26,0,21,10,0.8561429428462861
6014,32,12,18,0,2,10,0.6857595221500784
6015,27,12,8,1,6,10,0.5045930095060085
6016,354,11,50,0,293,10,0.8669467636702408
6017,9,9,0,0,0,9,0.2672988317057193
6018,5,5,0,0,0,5,0.49452752532380867
6019,11,10,0,1,0,10,0.5631182215867512
6020,4,3,0,1,0,3,0.18832844800672233
6021,4,1,0,3,0,1,0.024001783292496887
6022,8,7,0,1,0,8,0.4313895913360964
6023,2,1,0,1,0,1,0.032598712762809214
6024,65,12,27,17,9,10,0.7609265294980541
6025,5,2,0,3,0,4,0.006521668497081126
6026,48,13,17,4,14,10,0.6340331602533635
6027,46,13,20,2,11,10,0.6471257103938346
6028,9,1,1,2,5,8,3.2843734853947594e-06
6029,27,12,14,0,1,10,0.6222889812650245
6030,32,12,19,0,1,10,0.6483094673200304
6031,40,12,26,0,2,10,0.7106310821649464
6032,21,12,4,2,3,10,0.7187136755059569
6033,23,10,11,1,1,10,0.7724720329254058
6034,32,13,16,0,3,10,0.8198854035358378
6035,222,10,80,0,132,10,0.8732328177284889
6036,34,13,20,0,1,10,0.4542677492109989
6037,69,10,38,0,21,10,0.7230923415978119
6038,118,10,55,0,53,10,0.8604345943980087
6039,104,10,49,0,45,10,0.7791230486962308
6040,62,13,29,0,20,10,0.7997519243931116
6041,1161,10,54,0,1097,10,0.7940243958681144
6042,420,10,55,0,355,10,0.8879431638534439
6043,117,11,38,0,68,10,0.7848154920848287
6044,23,12,9,0,2,10,0.5909911760034614
6045,20,11,7,0,2,10,0.7724676592226933
6046,19,11,2,3,3,10,0.5894859343689116
6047,22,11,5,2,4,10,0.7106872668847639
6048,17,13,2,1,1,10,0.7608856897144156
6049,30,12,13,4,1,10,0.7204036578333506
6050,70,11,27,0,32,10,0.625579742826348
6051,58,13,30,0,15,10,0.6082062059046573
6052,156,11,50,0,95,10,0.7732657725583651
6053,289,13,51,18,207,10,0.6603716059707001
6054,11,11,0,0,0,10,0.02015214086156329
6055,105,10,37,13,45,10,0.7668590067459615
6056,17,10,7,0,0,10,0.3335979525325764
6057,228,10,43,1,174,10,0.8525879524775529
6058,11,11,0,0,0,10,0.5924898613275931
6059,33,15,17,0,1,10,0.646250918228163
6060,188,10,80,0,98,10,0.7464934776417746
6061,124,10,46,0,68,10,0.6907360284948341
6062,843,10,61,3,769,10,0.856258100662806
6063,75,27,6,17,25,10,0.21004267964150738
6064,32,11,15,0,6,10,0.5202681099073814
6065,31,12,11,0,8,10,0.5354787969241126
6066,36,13,7,0,16,10,0.24924552878831654
6067,37,11,19,0,7,10,0.33339439431581464
6068,52,11,22,0,19,10,0.6428504207960566
6069,15,14,0,1,0,10,0.3076069994304592
6070,30,12,12,1,5,10,0.6455880517857893
6071,18,15,3,0,0,10,0.6329916493430026
6072,271,14,41,1,215,10,0.23777904425149293
6073,959,10,80,1,868,10,0.8785366464291917
6074,123,10,32,12,69,10,0.827080144957744
6075,8,8,0,0,0,8,0.5983701578176083
6076,2,0,0,2,0,2,0.00031725905759215323
6077,5,3,0,2,0,3,0.3355386350638016
6078,7,5,0,2,0,7,0.4180308012675193
6079,8,7,0,1,0,8,0.5063508417579234
6080,37,13,11,6,7,10,0.7474742526657847
6081,34,12,13,0,9,10,0.822803887616548
6082,27,13,10,0,4,10,0.643693535513298
6083,17,12,3,0,2,10,0.7487409602817363
6084,7,7,0,0,0,7,0.1956317296172943
6085,78,13,38,1,26,10,0.8580832302705566
6086,6,5,0,1,0,6,0.0875778583457753
6087,6,4,0,2,0,4,0.10185520402096132
6088,2,2,0,0,0,2,0.13525469502801013
6089,4,4,0,0,0,4,0.5661663968968277
6090,5,5,0,0,0,5,0.3299052159646297
6091,21,12,7,0,2,10,0.5593306421393087
6092,16,11,5,0,0,10,0.696547304762595
6093,14,11,2,0,1,10,0.5849183162443898
6094,12,11,1,0,0,10,0.6342419415470841
6095,16,13,3,0,0,10,0.5563660210267469
6096,11,10,1,0,0,10,0.624526605054599
6097,32,10,17,0,5,10,0.7508206028692372
6098,94,10,36,0,48,10,0.7297655817545705
6099,258,10,46,0,202,10,0.8381277525407913
6100,59,12,15,11,21,10,0.13892665176261582
6101,34,13,19,0,2,10,0.09891487641578246
6102,125,10,63,0,52,10,0.832908187119153
6103,97,10,38,0,49,10,0.8368964588252228
6104,93,10,47,0,36,10,0.8760823176486333
6105,69,12,31,0,26,10,0.654346547065446
6106,369,14,41,0,314,10,0.8734923450931353
6107,1707,10,60,0,1637,10,0.9015362025704983
6108,3,3,0,0,0,3,0.06663937073985071
6109,5,5,0,0,0,5,0.3093570462976324
6110,8,8,0,0,0,8,0.4154312453684046
6111,2,0,0,2,0,1,0.0004184583197594386
6112,10,9,0,1,0,9,0.1889019386215262
6113,8,8,0,0,0,8,0.32120740944058424
6114,20,11,3,4,2,10,0.73782705838299
6115,8,7,0,1,0,7,0.36358544688313615
6116,5,5,0,0,0,5,0.6089812872234966
6117,11,11,0,0,0,10,0.730645062074527
6118,8,8,0,0,0,8,0.42924656580199094
6119,17,12,1,0,4,10,0.6469484416387055
6120,8,8,0,0,0,8,0.34555493644076074
6121,5,3,0,2,0,5,0.005352338004460012
6122,7,7,0,0,0,7,0.22785058439164557
6123,15,11,2,2,0,10,0.5002633013820919
6124,8,8,0,0,0,8,0.6830896370389903
6125,5,5,0,0,0,5,0.43872056601651416
6126,4,4,0,0,0,4,0.22762091495959266
6127,7,7,0,0,0,7,0.32443324308429217
6128,7,4,0,3,0,5,0.162428306297345
6129,6,5,0,0,1,6,0.2854297298051487
6130,19,12,4,1,2,10,0.6061185909974325
6131,8,6,0,2,0,8,0.4105606969207446
6132,3,1,0,1,1,2,0.0032837661945827974
6133,1840,10,45,25,1760,10,0.8686293397184749
6134,1188,10,54,34,1090,10,0.8813503346529064
6135,104,10,25,11,58,10,0.8769697395184117
6136,14,12,1,0,1,10,0.49800629697052257
6137,7,7,0,0,0,7,0.6067340279381638
6138,5,2,0,3,0,3,0.13236191038253972
6139,5,5,0,0,0,5,0.25981247816085024
6140,8,8,0,0,0,8,0.774470557111343
6141,13,13,0,0,0,10,0.7219890936223943
6142,7,7,0,0,0,7,0.7831441208194713
6143,11,11,0,0,0,10,0.5838152409753475
6144,15,13,1,1,0,10,0.7542235957692738
6145,280,10,32,0,238,10,0.793465078684888
6146,18,15,0,0,3,10,0.4820018134961511
6147,63,11,25,4,23,10,0.5660242775155921
6148,280,11,37,26,206,10,0.6826948105037514
6149,293,11,20,30,232,10,0.7730695850486264
6150,29,15,9,0,5,10,0.4541856996295752
6151,230,13,27,15,175,10,0.746680829894722
6152,50,12,25,3,10,10,0.8086591765296078
6153,463,10,44,24,385,10,0.7845077503165978
6154,102,10,22,4,66,10,0.7913832303127203
6155,179,10,32,18,119,10,0.6805523372885816
6156,52,20,16,3,13,10,0.4062972145816709
6157,1,1,0,0,0,1,0.3989462004057939
6158,34,12,18,0,4,10,0.8138202766005679
6159,2,2,0,0,0,2,0.5901264579948728
6160,11,11,0,0,0,10,0.7612470854347684
6161,17,10,7,0,0,10,0.7419296579782237
6162,708,10,86,0,612,10,0.8466859254814132
6163,32,12,11,0,9,10,0.6691051388633622
6164,3,3,0,0,0,3,0.08032660710103726
6165,4,4,0,0,0,4,0.2514075158181424
6166,6,6,0,0,0,6,0.292488626546107
6167,721,11,79,0,631,10,0.8580060141745877
6168,46,12,23,2,9,10,0.7433900228174093
6169,41,13,17,2,9,10,0.7677794146305548
6170,22,12,9,0,1,10,0.5660259052944795
6171,31,14,9,7,1,10,0.6101090830378499
6172,5,0,0,5,0,5,0.001043360011072624
6173,1456,11,28,0,1417,10,0.9365760422270222
6174,2079,11,56,0,2012,10,0.8364645291284705
6175,2,2,0,0,0,2,0.15641893554174577
6176,2,2,0,0,0,2,0.33400867150552016
6177,6,6,0,0,0,6,0.342412950837079
6178,5,5,0,0,0,5,0.12986817209368073
6179,12,10,2,0,0,10,0.14139743901622226
6180,63,10,28,0,25,10,0.840052372929103
6181,281,10,37,0,234,10,0.9141060439534567
6182,462,10,52,0,400,10,0.8560036503179955
6183,1694,11,51,0,1632,10,0.9181351579107722
6184,260,10,80,0,170,10,0.765921478989048
6185,77,11,29,3,34,10,0.6254798734749918
6186,98,11,31,0,56,10,0.7187077069225191
6187,1467,10,65,11,1381,10,0.8551258808837032
6188,248,10,43,10,185,10,0.8311187579181816
6189,125,10,62,0,53,10,0.7781731658610321
6190,370,13,56,0,301,10,0.730476228723927
6191,16,12,3,0,1,10,0.6537201403631165
6192,27,11,10,2,4,10,0.6292804885833799
6193,29,11,15,0,3,10,0.6169042117566829
6194,102,10,57,0,35,10,0.74329622239545
6195,114,12,44,0,58,10,0.6938357724239776
6196,72,9,26,0,37,10,0.6633007159101536
6197,320,10,37,0,273,10,0.9073223094574561
6198,15,11,3,0,1,10,0.5361533462755161
6199,12,10,1,0,1,10,0.7163753976105891
6200,7,7,0,0,0,7,0.30138312949862867
6201,43,13,19,0,11,10,0.7970618171481847
6202,5,5,0,0,0,5,0.6930091173619528
6203,1257,10,58,0,1189,10,0.8721034639384913
6204,6,5,0,1,0,6,0.32545202586832
6205,14,14,0,0,0,10,0.3602657084598542
6206,16,12,2,1,1,10,0.2520432606537175
6207,10,10,0,0,0,10,0.3289453832017222
6208,8,8,0,0,0,8,0.4595196627147531
6209,194,10,37,0,147,10,0.8392666233363241
6210,105,16,36,0,53,10,0.7668219799941283
6211,53,16,8,11,18,10,0.019988195607209373
6212,29,23,3,0,3,10,0.06302261837631326
6213,45,11,23,0,11,10,0.6692567484056606
6214,34,11,14,0,9,10,0.7084261094732451
6215,39,15,14,0,10,10,0.6794854287049341
6216,1253,10,27,0,1216,10,0.8834386394224394
6217,15,12,2,0,1,10,0.743479825174862
6218,17,12,4,0,1,10,0.5941737767925308
6219,17,12,4,0,1,10,0.4885372325133469
6220,10,9,1,0,0,10,0.3304714727126169
6221,425,10,61,0,354,10,0.9352310338074947
6222,497,10,56,0,431,10,0.8915184159320056
6223,57,11,24,0,22,10,0.8211998982223779
6224,1359,10,37,0,1312,10,0.9060913366857929
6225,236,10,55,0,171,10,0.8996747551592481
6226,1000,10,34,2,954,10,0.8630443614131664
6227,8,8,0,0,0,8,0.5686039668402014
6228,3,3,0,0,0,3,0.4073361409962186
6229,4,3,0,1,0,3,0.27991164735640894
6230,6,5,0,1,0,5,0.4495932200902866
6231,6,6,0,0,0,6,0.5819509016475418
6232,7,7,0,0,0,7,0.44010287601794773
6233,6,6,0,0,0,6,0.24643974235181274
6234,6,6,0,0,0,6,0.4240227667666658
6235,4,4,0,0,0,4,0.46871880724850123
6236,7,5,0,2,0,5,0.23154745373890043
6237,8,8,0,0,0,8,0.627963829351152
6238,6,6,0,0,0,6,0.5144304495071983
6239,6,5,0,1,0,5,0.42202146536551743
6240,6,6,0,0,0,6,0.5562789485537951
6241,7,7,0,0,0,7,0.6780539371785795
6242,8,7,0,0,1,8,0.6501437849908649
6243,146,10,41,0,95,10,0.8714660313732099
6244,71,11,33,0,27,10,0.8683517846526898
6245,19,12,6,0,1,10,0.7215415056165813
6246,858,11,62,9,776,10,0.6960808562077699
6247,1466,10,52,6,1398,10,0.8974379418067486
6248,308,10,48,7,243,10,0.3770601707358139
6249,474,11,38,10,415,10,0.7236353681241423
6250,88,11,31,6,40,10,0.5341945699492145
6251,194,12,37,8,137,10,0.5310419339028933
6252,3,3,0,0,0,3,0.022693198133225977
6253,74,14,28,3,29,10,0.8294454921876722
6254,26,19,2,3,2,10,0.06987046801951124
6255,96,9,32,2,53,10,0.3791133351846153
6256,163,11,38,0,114,10,0.7971515165673521
6257,202,11,60,3,128,10,0.8789031382971482
6258,37,12,12,0,13,10,0.6429024941507608
6259,62,12,32,2,16,10,0.6173897747904782
6260,42,13,17,5,7,10,0.5405009974551294
6261,29,11,13,0,5,10,0.5567319460529563
6262,340,10,52,0,278,10,0.825741153853464
6263,31,11,18,0,2,10,0.82297282235406
6264,148,10,53,0,85,10,0.7830602980433123
6265,33,11,8,6,8,10,0.5852877151605562
6266,33,11,10,3,9,10,0.5556542239419234
6267,19,11,5,0,3,10,0.7772083033878392
6268,36,11,18,0,7,10,0.7623822816657642
6269,20,10,5,3,2,10,0.6813436211750636
6270,10,7,1,2,0,9,0.27716530850149235
6271,20,13,1,4,2,10,0.6865609775550239
6272,7,6,0,1,0,7,0.19090210447483377
6273,15,12,1,2,0,10,0.5443340015218465
6274,19,10,0,5,4,10,0.5382546259514307
6275,19,14,3,1,1,10,0.6226412335043459
6276,26,11,9,2,4,10,0.6972899448909233
6277,18,12,3,2,1,10,0.6633174442562402
6278,6,5,0,0,1,5,0.21668907254416409
6279,7,4,0,3,0,7,0.020981301388189752
6280,4,4,0,0,0,4,0.5174285410402045
6281,31,11,10,2,8,10,0.660414497984801
6282,24,11,9,0,4,10,0.5438624931152818
6283,7,7,0,0,0,7,0.15459451116472284
6284,96,10,31,2,53,10,0.7956381990195402
6285,17,9,6,2,0,10,0.7310619811810406
6286,193,10,20,12,151,10,0.6970284800364968
6287,7,5,0,2,0,6,0.3109257152268658
6288,8,7,0,1,0,7,0.4569311670679657
6289,14,12,2,0,0,10,0.5868246127579413
6290,6,6,0,0,0,6,0.6749663355433142
6291,6,6,0,0,0,6,0.5509325685500264
6292,3,1,0,1,1,3,0.00023126440736952612
6293,48,11,23,8,6,10,0.6183884193694817
6294,7,7,0,0,0,7,0.04223679170123198
6295,539,10,66,11,452,10,0.8693788394420594
6296,2,0,0,2,0,2,3.2169637368420774e-05
6297,46,15,8,17,6,10,0.02301049689394516
6298,20,14,0,3,3,10,0.04439830254727392
6299,22,9,1,12,0,10,0.010791119312523651
6300,30,6,0,24,0,4,0.009166424714668608
6301,10,10,0,0,0,10,0.04888470101778186
6302,44,12,25,0,7,10,0.6363923677766072
6303,38,15,15,0,8,10,0.8270554324949253
6304,52,11,18,0,23,10,0.7750919233893022
6305,73,10,27,0,36,10,0.6877252743185971
6306,38,12,11,0,15,10,0.6652888070088232
6307,37,11,10,3,13,10,0.6401763671185842
6308,44,11,21,3,9,10,0.7348373590229385
6309,113,10,34,0,69,10,0.7730840081779061
6310,94,11,27,3,53,10,0.7238367614154073
6311,72,10,22,0,40,10,0.792139760685062
6312,74,10,25,0,39,10,0.7856465905790284
6313,55,12,35,0,8,10,0.824282848291322
6314,282,10,40,0,232,10,0.8827331601953445
6315,264,10,51,0,203,10,0.7490687604479841
6316,28,13,13,0,2,10,0.700938000236474
6317,82,10,43,0,29,10,0.7406651206225665
6318,252,10,43,0,199,10,0.7446559400348034
6319,160,10,39,0,111,10,0.7959571153449436
6320,4,4,0,0,0,4,0.31301299578419217
6321,11,11,0,0,0,10,0.6164136886913214
6322,4,4,0,0,0,4,0.18345444791451926
6323,7,7,0,0,0,7,0.46096607167539877
6324,4,4,0,0,0,4,0.358566889936358
6325,17,11,5,0,1,10,0.6291067022911501
6326,5,5,0,0,0,5,0.5534467238381846
6327,4,4,0,0,0,4,0.6285338030108032
6328,44,14,6,3,21,10,0.6517560496159468
6329,30,13,10,0,7,10,0.7912766958683466
6330,10,10,0,0,0,10,0.6391745688043915
6331,29,11,14,0,4,10,0.7394243818760039
6332,13,10,2,0,1,10,0.7050389876623271
6333,8,8,0,0,0,8,0.3613146748141446
6334,12,12,0,0,0,10,0.5431129800396336
6335,18,10,7,0,1,10,0.6369847779408941
6336,14,12,2,0,0,10,0.6420150358247763
6337,29,11,14,0,4,10,0.6325643257514806
6338,10,10,0,0,0,10,0.37592899674245667
6339,53,13,24,4,12,10,0.4011706695086983
6340,10,10,0,0,0,10,0.23657259102711797
6341,31,15,13,3,0,10,0.31949431930827743
6342,444,26,45,25,348,10,0.19940858048604598
6343,10,6,0,3,1,10,0.0024853438173809703
6345,654,28,66,16,544,10,0.8340483973816508
6346,18,11,7,0,0,10,0.6358379468993797
6347,34,11,17,0,6,10,0.735752123742746
6348,13,12,1,0,0,10,0.6197751544197174
6349,35,12,21,0,2,10,0.6790227475616561
6350,10,10,0,0,0,10,0.5462253274519178
6351,63,14,24,0,25,10,0.8038250950278505
6352,16,11,5,0,0,10,0.6855330622400592
6353,23,12,5,0,6,10,0.8480329942839903
6354,170,11,45,2,112,10,0.7677618444980215
6355,35,12,15,0,8,10,0.7378931177716332
6356,108,10,42,0,56,10,0.7156575721133681
6357,52,13,20,0,19,10,0.8441706465114118
6358,33,10,15,0,8,10,0.6579726522787336
6359,45,13,19,0,13,10,0.4837984277965177
6360,60,11,33,0,16,10,0.7935235659091389
6361,111,10,40,0,61,10,0.7930681012725913
6362,30,11,17,0,2,10,0.6499114786752551
6363,48,12,20,1,15,10,0.7518843979088274
6364,31,12,12,0,7,10,0.7396370431789251
6365,50,12,24,0,14,10,0.7464202968678373
6366,64,22,11,8,23,10,0.2183387333572893
6367,23,11,10,0,2,10,0.6285997592690441
6368,81,10,32,0,39,10,0.8708918081421904
6369,7,1,0,6,0,7,0.00020308238721291908
6370,55,12,24,2,17,10,0.6909214682654811
6371,297,10,35,0,252,10,0.8939201617919772
6372,15,13,1,0,1,10,0.6827177881285775
6373,11,10,1,0,0,10,0.4605976265826418
6374,5,4,0,0,1,5,0.29758147035626464
6375,33,12,19,0,2,10,0.5051521994262571
6376,2,2,0,0,0,2,0.6920115082938451
6377,5,5,0,0,0,5,0.015718019207283027
6378,6,6,0,0,0,6,0.12620553805130647
6379,10,6,0,4,0,8,0.1664229453029411
6380,7,7,0,0,0,7,0.1811246238672251
6381,7,7,0,0,0,7,0.1960515634562031
6382,36,11,15,0,10,10,0.6675172283251787
6383,29,11,13,0,5,10,0.6414260081812644
6384,158,12,41,0,105,10,0.7217145094998412
6385,204,10,40,0,154,10,0.7388500833749656
6386,9,9,0,0,0,9,0.0233365142440062
6387,84,10,32,0,42,10,0.9176458973696584
6388,153,11,63,0,79,10,0.9376097608167625
6389,253,10,61,0,182,10,0.7775708898093958
6390,2889,10,74,2,2803,10,0.9182071572437571
6391,416,10,75,0,331,10,0.8806973353890933
6392,1125,11,36,0,1078,10,0.8911714743541735
6393,189,15,36,5,133,10,0.4303627870488442
6394,5,5,0,0,0,5,0.6837706021665508
6395,3,3,0,0,0,3,0.3785737427722553
6396,397,10,50,0,337,10,0.8149024355462922
6397,11,11,0,0,0,10,0.6658553463425588
6398,4,2,0,2,0,2,0.14662026448932503
6399,6,3,0,3,0,6,0.010761139151028071
6400,465,10,55,23,377,10,0.7887727365255798
6401,176,10,30,30,106,10,0.4910204330610415
6402,46,12,13,6,15,10,0.6132142291168285
6403,10,9,1,0,0,10,0.26948609246622407
6404,5,5,0,0,0,5,0.30313181310421394
6405,4,2,0,2,0,2,0.05451865568067748
6406,4,4,0,0,0,4,0.15261041877309192
6407,4,4,0,0,0,4,0.5243353388236028
6408,5,5,0,0,0,5,0.5017069598685361
6409,5,5,0,0,0,5,0.5512343139159457
6410,5,5,0,0,0,5,0.5517570446953833
6411,7,7,0,0,0,7,0.4622057892906637
6412,14,12,2,0,0,10,0.5037186196259049
6413,2,2,0,0,0,2,0.24526198651819373
6414,1,1,0,0,0,1,0.12218788967745525
6415,564,10,68,0,486,10,0.8715099836992398
6416,17,12,4,0,1,10,0.6740821811205844
6417,22,12,9,0,1,10,0.4611715414359107
6418,566,10,70,0,486,10,0.9119431241668724
6419,600,10,54,5,531,10,0.8995656920549207
6420,33,12,15,0,6,10,0.6756997947337895
6421,448,10,58,3,377,10,0.8682396768797485
6422,24,12,11,0,1,10,0.7236574564215118
6423,62,11,37,0,14,10,0.8970212198129542
6424,13,11,1,0,1,10,0.2893658728587476
6425,15,10,5,0,0,10,0.6819733779104612
6426,1057,10,85,0,962,10,0.9213677983577178
6427,383,10,62,0,311,10,0.8797371188197396
6428,25,11,9,0,5,10,0.49923993948433576
6429,49,12,13,4,20,10,0.532912381092106
6430,24,17,2,1,4,10,0.3723878198979739
6431,128,10,23,17,78,10,0.6604516127937572
6432,180,10,34,0,136,10,0.6633208985230665
6433,268,10,23,3,232,10,0.8663280250991974
6434,130,10,34,0,86,10,0.7554950478005527
6435,206,10,24,0,172,10,0.8032983654139912
6436,134,11,20,14,89,10,0.7365771839378932
6437,45,13,10,1,21,10,0.514124986788316
6438,6,3,1,2,0,5,0.019545582133738425
6439,122,10,32,6,74,10,0.8195240703036861
6440,31,11,10,0,10,10,0.6984585503043218
6441,312,10,26,3,273,10,0.8576518717692494
6442,208,10,13,0,185,10,0.7831255902371299
6443,152,11,39,1,101,10,0.8202107869551181
6444,216,10,35,10,161,10,0.7814388581487559
6445,34,11,13,1,9,10,0.5964446098242213
6446,184,9,26,6,143,10,0.6003563444392209
6447,193,12,24,3,154,10,0.717732048239315
6448,448,10,49,20,369,10,0.7491818566516668
6449,379,12,27,14,326,10,0.6844320131887481
6450,142,13,44,11,74,10,0.8240255151464527
6451,426,18,28,0,380,10,0.11409722627978813
6452,42,16,7,7,12,10,0.46228033339935526
6453,28,12,10,2,4,10,0.6532142639479261
6454,414,13,46,0,355,10,0.7489224152240368
6455,46,12,13,0,21,10,0.7054952303363657
6456,237,15,31,0,191,10,0.8087935373986469
6457,114,19,51,1,43,10,0.37345362017136596
6458,58,13,22,0,23,10,0.7749813237481287
6459,581,11,85,0,485,10,0.8132647531238504
6460,149,10,33,0,106,10,0.7893040318378974
6461,128,10,36,2,80,10,0.844984445679162
6462,91,10,24,0,57,10,0.8529391041610124
6463,227,26,24,0,177,10,0.3142581716542854
6464,154,10,32,0,112,10,0.774128161563983
6465,122,10,38,2,72,10,0.8308427551695132
6466,91,10,34,0,47,10,0.7391134288317969
6467,94,10,26,7,51,10,0.7996258743282464
6468,29,12,8,4,5,10,0.6771926960136683
6469,100,10,27,5,58,10,0.8465459205368852
6470,85,10,26,0,49,10,0.7618612448420206
6471,87,11,20,5,51,10,0.585457787236859
6472,112,10,28,0,74,10,0.7808817170568798
6473,190,10,33,5,142,10,0.9179693413853703
6474,100,11,31,0,58,10,0.809669033993982
6475,15,12,3,0,0,10,0.6716689527482813
6476,3,3,0,0,0,3,0.4511237980258271
6477,167,10,41,0,116,10,0.7778507801382146
6478,135,13,32,0,90,10,0.6748756261529629
6479,22,17,4,1,0,10,0.44310944669450986
6480,13,13,0,0,0,10,0.5923777106105399
6481,66,11,31,0,24,10,0.6937060775905552
6482,26,14,4,6,2,10,0.6459664658509937
6483,10,9,0,1,0,9,0.5910953252380894
6484,27,11,11,1,4,10,0.7396243280152693
6485,42,13,8,3,18,10,0.6394129641478103
6486,125,10,22,0,93,10,0.7903838419632347
6487,38,11,14,0,13,10,0.5837186262284746
6488,4,4,0,0,0,4,0.15379271684474377
6489,3,3,0,0,0,3,0.18529055018999144
6490,32,14,5,6,7,10,0.571517082268285
6491,28,11,9,4,4,10,0.630634834167009
6492,67,13,20,4,30,10,0.7883351918406889
6493,67,10,23,0,34,10,0.5278530558934476
6494,8,8,0,0,0,8,0.6087741952466221
6495,3,3,0,0,0,3,0.393919743970977
6496,30,12,8,0,10,10,0.604039586945538
6497,255,12,37,0,206,10,0.8153040845748598
6498,6,6,0,0,0,6,0.5952810671705664
6499,264,10,46,0,208,10,0.7509884486942804
6500,9,9,0,0,0,9,0.5689294429188082
6501,11,9,2,0,0,10,0.388595425071765
6502,8,8,0,0,0,8,0.3073034111809461
6503,5,5,0,0,0,5,0.30754377947492223
6504,5,4,0,1,0,4,0.2546366071427706
6505,8,8,0,0,0,8,0.5985582401228442
6506,10,10,0,0,0,10,0.7441868582449185
6507,55,27,7,2,19,10,0.38129229121822283
6508,512,10,51,0,451,10,0.8680506137463952
6509,4,2,0,1,1,4,0.13396435220082556
6510,3,3,0,0,0,3,0.07893598954795714
6511,17,10,6,0,1,10,0.6587312587425224
6512,8,8,0,0,0,8,0.026568691835147668
6513,7,5,0,2,0,7,0.008883474678771522
6514,3,3,0,0,0,3,0.07436790654181505
6515,2,2,0,0,0,2,0.5188638998909092
6516,3,1,0,2,0,3,0.002907724177707148
6517,2,2,0,0,0,2,0.035862305806110224
6518,10,10,0,0,0,10,0.5150847560967354
6519,4,2,0,2,0,2,0.12273496388978805
6520,11,9,0,2,0,10,0.3804382541565743
6521,3,1,0,2,0,2,0.027405026081094623
6522,2,1,0,1,0,2,0.005766104656952862
6523,8,6,0,2,0,8,0.13451208273778015
6524,5,5,0,0,0,5,0.2567395928481322
6525,10,6,0,4,0,6,0.22575689664425888
6526,4,4,0,0,0,4,0.2014528912288084
6527,9,8,0,1,0,9,0.21823154898384778
6528,4,2,0,2,0,3,0.021985673094464215
6529,3,3,0,0,0,3,0.051174604539069066
6530,4,3,0,1,0,3,0.09260747870706472
6531,14,14,0,0,0,10,0.5731622726550252
6532,36,11,5,17,3,10,0.4885189261730297
6533,12,11,0,1,0,10,0.3104322998251824
6534,9,8,0,1,0,9,0.5989108946105178
6535,24,14,2,6,2,10,0.47765022522117273
6536,4,0,0,4,0,3,0.0003081188208207148
6537,8,6,0,2,0,6,0.14033220528765006
6538,12,12,0,0,0,10,0.32418251792054154
6539,27,11,10,4,2,10,0.5772609841593492
6541,16,14,1,1,0,10,0.6202832071939676
6542,30,11,8,1,10,10,0.5073857297154911
6543,27,11,9,5,2,10,0.6618932453657902
6544,23,13,3,5,2,10,0.6312444366600583
6545,44,12,8,13,11,10,0.493663967217962
6546,15,11,3,0,1,10,0.55609112953552
6547,42,12,17,2,11,10,0.6108728565449505
6548,81,10,22,0,49,10,0.7669338624830786
6549,64,12,20,1,31,10,0.7487946200626202
6550,33,11,13,0,9,10,0.5709908391368579
6551,48,12,15,1,20,10,0.6117757829422206
6552,10,10,0,0,0,10,0.4012583749706897
6553,86,10,16,0,60,10,0.6680191428434199
6554,342,11,35,0,296,10,0.7611074115054167
6555,7,7,0,0,0,7,0.125564526619933
6556,2,0,0,2,0,0,nan
6557,5,5,0,0,0,5,0.0112012660686024
6558,6,1,0,4,1,2,0.04614806460427205
6559,4,4,0,0,0,0,nan
6560,8,8,0,0,0,8,0.28961586232576575
6561,22,13,0,8,1,10,0.6669237360918963
6562,1,0,0,0,1,0,nan
6563,4,4,0,0,0,4,0.33486822559203866
6564,68,11,25,0,32,10,0.8166925523444739
6565,127,12,66,0,49,10,0.669442976390112
6566,111,13,37,4,57,10,0.5995122802445665
6567,172,10,48,6,108,10,0.7781403783741633
6568,261,10,24,0,227,10,0.8256531501076717
6569,349,10,32,0,307,10,0.8482900129892252
6570,335,12,37,28,258,10,0.8652820814579122
6571,452,10,65,0,377,10,0.8519576796544959
6572,17,10,6,0,1,10,0.39157028901133684
6573,7,7,0,0,0,7,0.23906487504777754
6574,55,12,31,0,12,10,0.7276984222126336
6575,8,8,0,0,0,8,0.5536903057095168
6576,8,7,1,0,0,8,0.09540689379138717
6577,17,14,2,1,0,10,0.27849731290332314
6578,17,12,5,0,0,10,0.11623772571953657
6579,13,12,0,1,0,10,0.24251288011362074
6580,10,10,0,0,0,10,0.16654232329641136
6581,90,15,28,3,44,10,0.733904750444013
6582,121,11,37,0,73,10,0.6743058467903018
6583,208,10,23,2,173,10,0.8191779573559193
6584,128,13,17,13,85,10,0.6191999176779357
6585,51,14,10,5,22,10,0.5322928501882331
6586,5,4,0,0,1,5,0.06772394654264652
6587,121,10,35,10,66,10,0.7803887685250551
6588,30,13,10,0,7,10,0.683260008230625
6589,300,10,21,6,263,10,0.7798701884290176
6590,208,10,16,0,182,10,0.7820181223696607
6591,134,12,25,0,97,10,0.6401707469834476
6592,202,10,33,12,147,10,0.6544549317191606
6593,25,12,10,0,3,10,0.6050717938047359
6594,177,10,20,9,138,10,0.6984391570830907
6595,190,11,28,0,151,10,0.5853662672161184
6596,421,10,39,18,354,10,0.7939242403822213
6597,360,12,23,18,307,10,0.7390364693270959
6598,128,12,38,10,68,10,0.7380422621226974
6599,452,12,38,2,400,10,0.698996993408442
6600,78,11,33,0,34,10,0.7446104445189039
6601,20,11,8,0,1,10,0.61547897506325
6602,17,14,0,2,1,10,0.33113060080665113
6603,17,13,2,0,2,10,0.6547880923272973
6604,27,15,5,1,6,10,0.5266068836034967
6605,553,10,51,5,487,10,0.847872416600701
6606,77,10,26,0,41,10,0.829101652895673
6607,111,10,47,0,54,10,0.8882108631304522
6608,113,10,30,4,69,10,0.8456166576437931
6609,6,5,0,1,0,5,0.5055409438814071
6610,59,23,10,8,18,10,0.7471087935432359
6611,1909,11,46,1,1851,10,0.7704267312871658
6612,712,10,76,0,626,10,0.8764361668594751
6613,50,12,20,0,18,10,0.8047847876069483
6614,30,10,17,0,3,10,0.736424143154911
6615,15,12,3,0,0,10,0.5661255204044129
6616,124,10,44,0,70,10,0.7719783289972585
6617,74,10,31,0,33,10,0.8664645338918668
6618,82,12,39,0,31,10,0.7236662903929318
6619,48,13,31,0,4,10,0.7696645521786923
6620,28,11,13,0,4,10,0.6185313642134334
6621,285,10,29,0,246,10,0.93542756139527
6622,265,10,38,0,217,10,0.8802900715827067
6623,32,11,17,2,2,10,0.41028848534329887
6624,8,8,0,0,0,8,0.3076877860029474
6625,37,11,24,0,2,10,0.7061992416602054
6626,72,10,30,0,32,10,0.803948849183167
6627,2,2,0,0,0,2,0.360162377718645
6628,1,0,0,1,0,1,6.691100592086102e-05
6629,5,5,0,0,0,5,0.6224280575057974
6630,7,7,0,0,0,7,0.41382751911045934
6631,4,4,0,0,0,4,0.33252828398163536
6632,7,7,0,0,0,7,0.5279774561640533
6633,3,3,0,0,0,3,0.10427328248532473
6634,4,4,0,0,0,4,0.1273816418279594
6635,19,12,5,1,1,10,0.7048143950144097
6636,16,12,0,3,1,10,0.5589030103756689
6637,4,4,0,0,0,4,0.31720788030371305
6638,6,6,0,0,0,6,0.6033328546268176
6639,10,9,0,0,1,10,0.545476193693701
6640,15,11,1,2,1,10,0.6333013843900576
6641,3,3,0,0,0,3,0.2611933104630486
6642,7,7,0,0,0,7,0.4388831940544443
6643,8,8,0,0,0,8,0.771155448758489
6644,5,5,0,0,0,5,0.497500808356628
6645,1,1,0,0,0,1,0.013674304114835481
6646,2,1,0,1,0,2,0.010671540939672671
6647,4,2,0,2,0,2,0.014192099877234523
6648,3,3,0,0,0,3,0.027742369207236096
6649,6,6,0,0,0,6,0.5271112651336136
6650,4,4,0,0,0,4,0.20185290814864182
6651,4,4,0,0,0,4,0.1974976200383588
6652,2,0,0,2,0,2,0.0011990446616199043
6653,1,1,0,0,0,1,0.1848511602045527
6654,6,6,0,0,0,6,0.18008487003572904
6655,13,10,0,2,1,10,0.6300740624658382
6656,4,3,0,1,0,3,0.34684016351803076
6657,3,3,0,0,0,3,0.31870901681573616
6658,6,6,0,0,0,6,0.6510366015473379
6659,6,6,0,0,0,6,0.3876625318035379
6660,13,11,2,0,0,10,0.6433153439259258
6661,5,5,0,0,0,5,0.3799386431980841
6662,4,2,0,2,0,4,0.010415203994026973
6663,4,4,0,0,0,4,0.11202933102409539
6664,8,7,0,1,0,7,0.6211881531352357
6665,8,8,0,0,0,8,0.622507911765471
6666,3,3,0,0,0,3,0.40306150759088477
6667,4,4,0,0,0,4,0.137075065776651
6668,4,4,0,0,0,4,0.18815301007922722
6669,4,2,0,2,0,2,0.2056180065229065
6670,5,5,0,0,0,5,0.1796153611199403
6671,11,10,0,0,1,10,0.424603756941836
6672,5,3,0,2,0,3,0.41605126802728365
6673,2,1,0,1,0,2,0.021334661161299135
6674,1361,10,28,19,1304,10,0.9090557699487489
6675,754,10,54,20,670,10,0.8670781924475779
6676,76,9,32,8,27,10,0.7538357981535786
6677,7,7,0,0,0,7,0.3495637964393548
6678,5,5,0,0,0,5,0.5855468803891444
6679,3,1,0,2,0,2,0.0028583930943883395
6680,2,2,0,0,0,2,0.1874230754959351
6681,3,3,0,0,0,3,0.5455030709161736
6682,6,6,0,0,0,6,0.5407826610830213
6683,6,6,0,0,0,6,0.6088458525076339
6684,4,4,0,0,0,4,0.5559412839516875
6685,8,8,0,0,0,8,0.6086214081602157
6686,1365,11,45,0,1309,10,0.8746166007571843
6687,2188,10,40,0,2138,10,0.855412779475597
6688,1565,10,48,0,1507,10,0.9251800923100699
6689,195,11,45,0,139,10,0.8772862628832463
6690,52,13,21,1,17,10,0.6965579180985015
6691,43,11,20,0,12,10,0.5986360321345978
6692,64,12,26,0,26,10,0.7995919348308786
6693,64,23,12,12,17,10,0.3750769916979716
6694,248,10,91,0,147,10,0.875030882056494
6695,680,10,84,0,586,10,0.8470661977557391
6696,374,10,78,8,278,10,0.8668055493423268
6697,1884,10,52,0,1822,10,0.9120148837830075
6698,5,5,0,0,0,5,0.7432885065478037
6699,171,10,70,0,91,10,0.704359892537721
6700,59,12,34,0,13,10,0.7301100575481432
6701,42,12,23,0,7,10,0.7196935297090559
6702,56,11,26,0,19,10,0.8218504323436131
6703,43,14,23,0,6,10,0.7866352439049968
6704,187,11,54,0,122,10,0.8053771784246351
6705,290,10,40,0,240,10,0.8411975201931765
6706,60,10,28,0,22,10,0.7549731443988653
6707,44,13,16,0,15,10,0.8223660943635395
6708,197,10,29,0,158,10,0.7470442039719536
6709,1,1,0,0,0,1,0.10556537271037104
6710,1,0,0,1,0,1,0.0033456935125355703
6711,2,1,0,1,0,1,0.029565221721043075
6712,1,0,0,1,0,1,0.0027932313603847964
6713,2,0,0,2,0,2,0.0008067038516448101
6714,2,2,0,0,0,2,0.03438856346637813
6715,1,1,0,0,0,1,0.015090962651392625
6716,2,1,0,1,0,2,0.009634591655072479
6717,1,1,0,0,0,1,0.10879230714848398
6718,1,1,0,0,0,1,0.1418730907935118
6719,1,1,0,0,0,1,0.05224997474496739
6720,1,1,0,0,0,1,0.03330719619306108
6721,1,1,0,0,0,1,0.13242174553562733
6722,1,1,0,0,0,1,0.1242249936389217
6723,2,2,0,0,0,2,0.13246037433212274
6724,1,1,0,0,0,1,0.0598919283762647
6725,30,16,4,1,9,10,0.5510776759997035
6726,7,7,0,0,0,7,0.68252626911707
6727,15,9,2,0,4,10,0.5227355853506181
6728,3,3,0,0,0,3,0.2777113177401701
6729,5,5,0,0,0,5,0.42195899239556095
6730,87,10,36,0,41,10,0.7287828285989257
6731,212,10,30,0,172,10,0.7132099734977067
6732,176,10,32,0,134,10,0.7718306319241968
6733,135,10,42,0,83,10,0.5510505497305015
6734,63,10,36,0,17,10,0.1948597019918853
6735,75,11,35,0,29,10,0.480231361367467
6736,106,10,38,2,56,10,0.5326133137884825
6737,94,10,36,0,48,10,0.5794435810397307
6738,121,10,40,0,71,10,0.6452076354215676
6739,34,15,16,1,2,10,0.4485624880811008
6740,27,16,3,5,3,10,0.22192863222760914
6741,41,17,11,6,7,10,0.24097718385143524
6742,1128,11,80,0,1037,10,0.4931884212305965
6743,469,12,62,0,395,10,0.7986912143490286
6744,40,14,18,0,8,10,0.8445362539213208
6745,81,10,23,0,48,10,0.6243406082854195
6746,117,10,39,2,66,10,0.6641134206636352
6747,125,10,34,3,78,10,0.8221202883066208
6748,118,10,34,0,74,10,0.8447304382734151
6749,400,11,34,10,345,10,0.8541216248501708
6750,177,10,24,0,143,10,0.7880131677393369
6751,3,3,0,0,0,3,0.4395852813694197
6752,6,6,0,0,0,6,0.3061686562464665
6753,5,5,0,0,0,5,0.4901032959346114
6754,2,2,0,0,0,2,0.31352355140975635
6755,3,3,0,0,0,3,0.4259128820727708
6756,3,3,0,0,0,3,0.33210609715171907
6757,16,11,4,0,1,10,0.5016126295034327
6758,5,5,0,0,0,5,0.3378342957153906
6759,4,4,0,0,0,4,0.12494626479873411
6760,2,2,0,0,0,2,0.057697311875901776
6761,6,6,0,0,0,6,0.15168427036696092
6762,3,3,0,0,0,3,0.06446885184332075
6763,4,4,0,0,0,4,0.2470308410445517
6764,1,0,0,1,0,1,5.217268135541296e-06
6765,2,2,0,0,0,2,0.2329186288212995
6766,11,11,0,0,0,10,0.2822155310932838
6767,3,3,0,0,0,3,0.39731781505788333
6768,3,3,0,0,0,3,0.3783004467363396
6769,26,16,2,4,4,10,0.7670180920447331
6770,17,11,5,0,1,10,0.7871025396510413
6771,5,5,0,0,0,5,0.4684899385927923
6772,16,13,2,0,1,10,0.4245339326472511
6773,21,13,2,4,2,10,0.55632653013778
6774,8,8,0,0,0,8,0.27913594220857524
6775,4,4,0,0,0,4,0.36595458672580705
6776,3,3,0,0,0,3,0.2685156930275184
6777,8,8,0,0,0,8,0.6560060912385908
6778,7,7,0,0,0,7,0.42037346573735257
6779,23,13,7,0,3,10,0.28953331781912905
6780,7,7,0,0,0,7,0.2064401199140102
6781,3,3,0,0,0,3,0.24972391536721847
6782,68,10,29,0,29,10,0.8695137254956766
6783,1596,10,47,0,1539,10,0.8876439711368045
6784,424,10,62,0,352,10,0.8945973730358397
6785,44,12,12,7,13,10,0.6432774027213124
6786,38,12,17,5,4,10,0.697151652680239
6787,22,10,9,0,3,10,0.7716244390127223
6788,42,11,16,0,15,10,0.8123120558272712
6789,18,10,4,2,2,10,0.7390107319915781
6790,11,10,0,1,0,10,0.49273922295502026
6791,22,10,5,7,0,10,0.7668667964169166
6792,5,5,0,0,0,5,0.2855547169622447
6793,19,11,4,4,0,10,0.4374800871837355
6794,24,10,5,5,4,10,0.5442592028540953
6795,25,12,8,3,2,10,0.6562282271559812
6796,37,11,11,5,10,10,0.7020946449505083
6797,4,3,0,1,0,3,0.06082258067200006
6798,9,8,0,1,0,8,0.06192051282694895
6799,55,13,25,0,17,10,0.8145960234003053
6800,415,10,38,0,367,10,0.7872295319187328
6801,839,10,55,0,774,10,0.8311838218142165
6802,235,10,27,0,198,10,0.7727687766159649
6803,123,10,38,0,75,10,0.7584928970792137
6804,475,10,42,0,423,10,0.84776862985888
6805,106,10,30,0,66,10,0.7968646722125586
6806,1261,12,93,2,1154,10,0.7374413620764593
6807,214,11,89,0,114,10,0.8986495231178899
6808,558,10,75,0,473,10,0.8476393058731799
6809,331,10,54,0,267,10,0.8567978660769713
6810,264,10,57,6,191,10,0.9067730626835094
6811,8,8,0,0,0,8,0.7685114636955797
6812,17,10,7,0,0,10,0.7825989232505091
6813,15,12,3,0,0,10,0.6750167370413522
6814,108,10,41,0,57,10,0.8539126085965039
6815,14,10,2,0,2,10,0.36487322228284025
6816,18,11,5,0,2,10,0.544183950596339
6817,13,11,1,0,1,10,0.5977308486532986
6818,18,13,4,0,1,10,0.6676360357640394
6819,168,18,4,6,140,10,0.26722314323874996
6820,264,11,65,0,188,10,0.8623647379688566
6821,330,10,55,0,265,10,0.8830220008837437
6822,39,11,22,0,6,10,0.7359123770819704
6823,90,10,35,0,45,10,0.816590891451303
6824,873,11,39,0,823,10,0.8965178905236642
6826,6,6,0,0,0,6,0.3539936649076558
6827,101,10,28,0,63,10,0.8210611633166927
6828,9,9,0,0,0,9,0.64073821607712
6829,46,11,24,0,11,10,0.8353111299231413
6830,55,11,25,0,19,10,0.8053327954297692
6831,1106,10,42,10,1044,10,0.7661760060195145
6832,108,10,24,0,74,10,0.5905656728300421
6833,7,7,0,0,0,7,0.45887673597632744
6834,15,11,4,0,0,10,0.1920622193046067
6835,11,9,2,0,0,10,0.4176600700759917
6836,11,9,2,0,0,10,0.49126864553447547
6837,51,14,17,0,20,10,0.6442747030571025
6838,17,11,4,0,2,10,0.6897235207037556
6839,452,10,53,0,389,10,0.8856811901499075
6840,588,10,58,0,520,10,0.9105989577504598
6841,57,10,27,0,20,10,0.7536646881002775
6842,149,10,33,0,106,10,0.8703740721280315
6843,1488,11,39,0,1438,10,0.8401777459044217
6844,2,1,0,0,1,2,0.2075454453130967
6845,420,10,48,0,362,10,0.7559679428714319
6846,2,0,0,2,0,0,nan
6847,8,8,0,0,0,8,0.353101660424199
6848,4,4,0,0,0,4,0.4155728745147462
6849,6,6,0,0,0,6,0.2825315908885131
6850,4,4,0,0,0,4,0.061885486289112564
6851,6,6,0,0,0,6,0.38299035981770435
6852,8,8,0,0,0,8,0.4767996554293069
6853,6,4,0,2,0,6,0.3290908339737809
6854,7,4,0,3,0,4,0.36258253133327234
6855,7,6,0,1,0,6,0.25736407285766644
6856,6,6,0,0,0,6,0.4705358963060686
6857,8,8,0,0,0,8,0.6500900263179608
6858,15,10,4,0,1,10,0.6122461359070565
6859,495,11,68,0,416,10,0.9295789977474536
6860,934,10,69,0,855,10,0.8790349558018928
6861,30,11,15,0,4,10,0.6065505251346025
6862,373,12,38,0,323,10,0.9150765838563397
6863,16,10,4,0,2,10,0.7834068669211383
6864,5,5,0,0,0,5,0.1980343684304518
6865,53,12,34,0,7,10,0.7953804534748765
6866,10,9,1,0,0,10,0.40287479915070934
6867,28,10,15,0,3,10,0.7419319343443997
6868,18,11,7,0,0,10,0.5582466083526497
6869,12,10,1,0,1,10,0.17686666482479266
6870,12,11,1,0,0,10,0.6929639690593365
6871,13,10,1,2,0,10,0.1093313246052372
6872,767,10,60,28,669,10,0.8442306592856301
6873,82,9,23,10,40,10,0.8064391005131698
6874,6,5,0,0,1,6,0.6611276719000964
6875,6,5,0,1,0,6,0.40733436658455446
6876,3,2,0,1,0,2,0.008691692556884487
6877,4,4,0,0,0,4,0.11358808489716399
6878,3,3,0,0,0,3,0.5990314801822765
6879,8,8,0,0,0,8,0.5413467682703383
6880,7,7,0,0,0,7,0.5920945529791812
6881,4,4,0,0,0,4,0.5265082693676565
6882,10,10,0,0,0,10,0.6044435495984855
6883,56,12,31,0,13,10,0.8012014694348296
6884,15,10,4,0,1,10,0.6821691138865547
6885,926,10,49,0,867,10,0.948663975842635
6886,269,10,56,1,202,10,0.8996236943929006
6887,129,10,52,0,67,10,0.7455787672199682
6888,331,11,43,0,277,10,0.9068693451273182
6889,206,10,46,0,150,10,0.9131860670728834
6890,16,12,4,0,0,10,0.526752174084667
6891,450,17,49,0,384,10,0.3104390634706232
6892,82,10,39,0,33,10,0.6446947541228167
6893,96,10,41,0,45,10,0.7208700232951832
6894,119,11,4,29,75,10,0.015179841854198092
6895,608,11,68,0,529,10,0.8927809138636325
6896,1027,11,77,3,936,10,0.903838643125142
6897,46,12,30,0,4,10,0.7145715105649316
6898,16,10,6,0,0,10,0.6990352412940776
6899,20,11,9,0,0,10,0.5864293097708525
6900,104,10,44,0,50,10,0.7578856570951333
6901,134,10,36,4,84,10,0.8230472358783208
6902,9,9,0,0,0,9,0.573624739538154
6903,28,14,13,0,1,10,0.6289535784374924
6904,22,10,5,1,6,10,0.565754131128566
6905,32,12,9,0,11,10,0.7460781184705534
6906,164,10,48,0,106,10,0.7827224180605541
6907,660,10,74,0,576,10,0.9188859143792327
6908,378,12,43,0,323,10,0.8627057011857229
6909,511,10,58,3,440,10,0.7724417776022036
6910,612,7,53,12,540,10,0.017632581956901608
6911,36,12,16,0,8,10,0.5185431030129195
6912,8675,20,38,15,8602,10,0.40550670231198527
6913,14,10,4,0,0,10,0.660713467314175
6914,5,5,0,0,0,5,0.6083317581393013
6915,60,12,21,0,27,10,0.6614542601302844
6916,91,12,15,0,64,10,0.5965901789569295
6917,124,13,40,0,71,10,0.7467232010572482
6918,1424,11,58,0,1355,10,0.926236031353191
6919,224,10,72,0,142,10,0.7688912909561918
6920,22,11,10,0,1,10,0.760247470569756
6921,95,10,42,0,43,10,0.8181838472050029
6922,124,10,33,0,81,10,0.8236917293840095
6923,12,11,1,0,0,10,0.6588100443273901
6924,22,12,6,0,4,10,0.7291521131264208
6925,12,11,1,0,0,10,0.5298777073260674
6926,13,12,1,0,0,10,0.6827072509907571
6927,5,5,0,0,0,5,0.42105008197094845
6928,5,5,0,0,0,5,0.6411654231785724
6929,12,12,0,0,0,10,0.5968020823103406
6930,18,10,7,0,1,10,0.6622976800657379
6931,18,12,6,0,0,10,0.7153028748633783
6932,52,12,19,0,21,10,0.7988543803471749
6933,32,11,13,0,8,10,0.792334231957831
6934,4,4,0,0,0,4,0.3804885750589523
6935,10,10,0,0,0,10,0.7144693688006019
6936,5,5,0,0,0,5,0.32992292050541727
6937,26,11,9,0,6,10,0.7415187125655726
6938,11,9,2,0,0,10,0.6453207007922213
6939,14,11,1,0,2,10,0.5584887572866797
6940,18,11,3,1,3,10,0.6976964709828828
6941,9,8,0,0,1,9,0.633241815814634
6942,16,11,0,5,0,10,0.5539586789839609
6943,14,12,0,2,0,10,0.6143298886294231
6944,5,3,0,2,0,3,0.40228069175141157
6945,8,6,0,2,0,7,0.4610742114751567
6946,38,14,9,6,9,10,0.6755355490231767
6947,17,11,4,2,0,10,0.5635583878601963
6948,12,9,0,3,0,9,0.6803492729280907
6949,23,10,6,1,6,10,0.6561362492213008
6950,28,11,10,2,5,10,0.7613126205222311
6951,127,10,30,3,84,10,0.8898628021686317
6952,26,11,14,0,1,10,0.742671988184277
6953,150,21,49,18,62,10,0.3865176317522918
6954,4,4,0,0,0,4,0.14828187945174398
6955,5,5,0,0,0,5,0.33791676903362056
6956,17,12,4,0,1,10,0.6869915764238929
6957,212,24,58,14,116,10,0.9046939567104783
6958,243,12,30,0,201,10,0.6907827514585198
6959,24,10,8,0,6,10,0.7344897727281905
6960,15,10,4,0,1,10,0.5171311284055544
6961,57,11,23,0,23,10,0.8607586111087742
6962,68,13,14,5,36,10,0.8035677970639107
6963,27,14,0,6,7,10,0.027131305088568047
6964,37,12,18,0,7,10,0.6746260169939112
6965,1890,10,42,0,1838,10,0.9317252510978938
6966,263,10,44,0,209,10,0.8433174266410576
6967,1026,11,65,0,950,10,0.9139303795757725
6968,54,12,21,0,21,10,0.5270778946238562
6969,29,17,6,1,5,10,0.09962433241068089
6970,27,11,10,0,6,10,0.40031040271038787
6971,12,11,0,1,0,10,0.5733212688819871
6972,3,3,0,0,0,3,0.25570615012683073
6973,6,6,0,0,0,6,0.3476898024875672
6974,4,4,0,0,0,4,0.17185458866061581
6975,18,4,13,0,1,10,0.008602134765411124
6976,21,11,10,0,0,10,0.33260242369208304
6977,17,13,4,0,0,10,0.3783227211627804
6978,26,12,12,0,2,10,0.5551943813242045
6979,10,10,0,0,0,10,0.5059093362626937
6980,26,12,14,0,0,10,0.32454151612172466
6981,19,11,5,1,2,10,0.5114876906995942
6982,17,11,5,0,1,10,0.3994630866687981
6983,10,10,0,0,0,10,0.2499295046506999
6984,11,9,0,1,1,9,0.4569050962581503
6985,12,10,1,1,0,10,0.6310693698362431
6986,12,11,1,0,0,10,0.4642823483966851
6987,14,12,1,0,1,10,0.4848833164533731
6988,9,9,0,0,0,9,0.5955963391997546
6989,21,11,10,0,0,10,0.5720145678226178
6990,10,6,1,0,3,5,0.33181697804020954
6991,6,6,0,0,0,6,0.46279841450280834
6992,5,5,0,0,0,5,0.3713484686871521
6993,9,9,0,0,0,9,0.4667037464414244
6994,30,13,5,0,12,10,0.5452153090033437
6995,34,10,10,0,14,10,0.5897354830851111
6996,2,2,0,0,0,2,0.2884618913337502
6997,5,5,0,0,0,5,0.2526886949643889
6998,7,5,0,0,2,5,0.3193770960776426
6999,4,3,0,0,1,3,0.06196945515282654
7000,5,5,0,0,0,3,0.3177597540094815
7001,14,10,4,0,0,10,0.39301318188133794
7002,36,11,16,0,9,10,0.7626362585055402
7003,5,4,0,0,1,4,0.4312597873754576
7004,322,10,24,0,288,10,0.841239264925663
7005,35,12,4,0,19,10,0.3970784151479223
7006,10,7,0,0,3,7,0.3439411808934115
7007,11,8,0,0,3,8,0.4706648735719964
7008,22,20,0,0,2,10,0.07286790345116764
7009,111,10,37,0,64,10,0.3132486060989582
7010,22,11,10,0,1,10,0.6435394566821142
7011,1388,10,32,0,1346,10,0.6834129327637517
7012,265,10,77,0,178,10,0.47055940389154116
7013,163,16,68,5,74,10,0.4247901880698015
7014,207,10,39,0,158,10,0.5811194054916031
7015,128,10,33,0,85,10,0.5388211495949318
7016,223,25,22,11,165,10,0.3878650675943129
7017,208,10,23,9,166,10,0.4401699357688018
7018,583,14,61,8,500,10,0.326121281358976
7019,116,10,63,0,43,10,0.5031314226559697
7020,62,19,20,3,20,10,0.3897997328030791
7021,64,13,25,0,26,10,0.7697298999869004
7022,37,13,12,0,12,10,0.4728146392924645
7023,14,12,2,0,0,10,0.6016054426727189
7024,605,10,61,0,534,10,0.9377704956037083
7025,230,10,41,0,179,10,0.8310081555816505
7026,304,17,35,0,252,10,0.7391800174656535
7027,1238,10,46,0,1182,10,0.9156697377514678
7028,128,11,45,0,72,10,0.8516377945893812
7029,96,10,45,0,41,10,0.8994691924810442
7030,101,12,39,3,47,10,0.592493573349699
7031,99,10,47,0,42,10,0.7522954138431688
7032,105,10,49,0,46,10,0.768621437237305
7033,62,14,34,0,14,10,0.7461814110261993
7034,147,10,48,0,89,10,0.7672374051274865
7035,37,12,12,0,13,10,0.523829501683519
7036,8,7,1,0,0,8,0.39889553283102663
7037,40,12,23,1,4,10,0.7580506049820044
7038,34,11,13,0,10,10,0.7602990688428957
7039,42,10,18,0,14,10,0.8133563846094628
7040,663,10,66,0,587,10,0.9113329236731754
7041,27,13,13,0,1,10,0.7469466171080439
7042,8,8,0,0,0,8,0.6131096529788358
7043,3993,12,57,0,3924,10,0.852394417518406
7044,858,10,73,0,775,10,0.8404407270291909
7045,37,12,11,0,14,10,0.7268155782435645
7046,13,12,1,0,0,10,0.672283101831493
7047,9,8,1,0,0,9,0.5809918443811903
7048,100,10,19,0,71,10,0.763044887977988
7049,109,10,26,1,72,10,0.7128679052304989
7050,33,11,7,1,14,10,0.697240960780278
7051,141,10,24,12,95,10,0.7242849335634653
7052,113,11,24,3,75,10,0.7325182294296415
7053,93,12,26,2,53,10,0.7609573282613158
7054,4,4,0,0,0,4,0.28772089365412157
7055,4,4,0,0,0,4,0.18440886754106162
7056,11,10,1,0,0,10,0.5448636123612317
7057,32,12,16,0,4,10,0.7192789868566425
7058,240,10,40,9,181,10,0.8875480161188707
7059,133,10,48,0,75,10,0.8980756272287229
7060,183,10,54,0,119,10,0.5346830718383864
7061,111,11,43,0,57,10,0.33146858931330037
7062,56,14,28,0,14,10,0.41185875698062185
7063,31,12,16,0,3,10,0.803698392444459
7064,35,11,17,1,6,10,0.6942416846398075
7065,62,14,29,0,19,10,0.6973941902290721
7066,41,13,22,1,5,10,0.5693701805984834
7067,20,12,8,0,0,10,0.5146463673772119
7068,10,9,1,0,0,10,0.432741013572993
7069,96,10,36,0,50,10,0.7893184999306514
7070,234,10,79,0,145,10,0.9134220891415467
7071,218,10,48,0,160,10,0.8331319439127527
7072,285,10,45,0,230,10,0.8931306944618411
7073,170,10,61,0,99,10,0.855735314430638
7074,166,10,56,2,98,10,0.7779166546383598
7075,165,10,59,2,94,10,0.8326241820935587
7076,1373,13,119,0,1241,10,0.7355088643222826
7077,114,10,52,0,52,10,0.77264183476506
7078,1257,10,37,8,1202,10,0.3902708176223829
7079,2643,11,58,3,2571,10,0.8581597157454419
7080,36,13,9,5,9,10,0.7384109334419835
7081,64,15,15,18,16,10,0.721781804593805
7082,46,11,30,0,5,10,0.8207009882112319
7083,16,14,2,0,0,10,0.734776147860096
7084,94,13,58,0,23,10,0.7719593147605848
7085,54,11,34,0,9,10,0.7284189502955071
7086,29,12,12,0,5,10,0.7522457067315249
7087,27,11,15,0,1,10,0.7398158796606006
7088,43,12,20,0,11,10,0.5836497651971495
7089,102,13,37,0,52,10,0.6766391043858888
7090,180,10,37,0,133,10,0.8150391846161911
7091,8,8,0,0,0,8,0.6365592744942171
7092,27,11,15,0,1,10,0.6260227984338378
7093,35,11,23,0,1,10,0.6725313968066713
7094,31,12,14,0,5,10,0.48863009421239045
7095,42,11,13,1,17,10,0.6072793144021054
7096,59,15,44,0,0,10,0.6346431254759373
7097,249,10,64,0,175,10,0.6460718983440822
7098,69,12,23,7,27,10,0.73895231706397
7099,62,14,24,3,21,10,0.6837480955827399
7100,38,10,20,0,8,10,0.6418887947572325
7101,71,11,29,0,31,10,0.7449275803774299
7102,32,13,14,1,4,10,0.6138129132255048
7103,19,14,2,3,0,10,0.5277975842329518
7104,36,11,12,8,5,10,0.6320625299336999
7105,14,13,0,1,0,10,0.37919069874168143
7106,30,12,13,3,2,10,0.6038438856532314
7107,36,14,8,2,12,10,0.6445625697924409
7108,36,12,7,6,11,10,0.74902969010754
7109,51,10,18,4,19,10,0.7515708637846994
7110,43,11,17,6,9,10,0.6535933634572364
7111,12,12,0,0,0,10,0.417106743556629
7112,10,10,0,0,0,10,0.07486669852098549
7113,13,12,0,0,1,10,0.3085455810333203
7114,59,12,19,13,15,10,0.6507511635920582
7116,1344,10,54,0,1280,10,0.8450787732463814
7117,103,10,35,0,58,10,0.6504132987868785
7118,7064,10,39,7,7008,10,0.7394983644660778
7119,46,22,2,10,12,10,0.03146067935967162
7120,92,10,31,0,51,10,0.6984187055165123
7121,79,10,32,0,37,10,0.7465941769325621
7122,114,10,34,0,70,10,0.7990143934263896
7123,148,10,38,8,92,10,0.7407180134227143
7124,165,11,37,2,115,10,0.7983018571575788
7125,32,10,18,0,4,10,0.6846572301013673
7126,148,10,49,0,89,10,0.8336305532417568
7127,1133,11,60,0,1062,10,0.841505856608723
7128,70,12,37,0,21,10,0.6669534187591386
7129,87,12,33,0,42,10,0.859098377498048
7130,59,12,31,0,16,10,0.7236777183120718
7131,16992,28,14,21,16929,10,0.11731983345233371
7132,795,14,27,4,750,10,0.809092807792499
7133,524,10,45,3,466,10,0.8511702616883369
7134,96,9,30,2,55,10,0.7917015376159033
7135,68,12,29,0,27,10,0.7219000801597826
7136,70,10,36,3,21,10,0.8128480961412049
7137,114,10,41,0,63,10,0.7184902133110891
7138,22,19,2,1,0,10,0.3720348138765827
7139,72,11,33,0,28,10,0.8835302950769197
7140,86,10,32,2,42,10,0.7548594270634532
7141,29,11,15,0,3,10,0.5955171982806414
7142,49,12,33,0,4,10,0.6510295750201502
7143,4302,11,43,7,4241,10,0.8704174767982833
7144,50,11,20,1,18,10,0.7602211347878463
7145,49,13,26,0,10,10,0.7267636377019375
7146,68,11,26,0,31,10,0.6381588233270066
7147,95,9,28,7,51,10,0.7152630648273894
7148,101,13,29,3,56,10,0.719917531653369
7149,15,10,4,0,1,10,0.7414757404725476
7150,35,17,9,0,9,10,0.2776490895326436
7151,216,11,54,0,151,10,0.7799045244439771
7152,26,14,7,0,5,10,0.3777253545757343
7153,3878,10,67,3,3798,10,0.9098120562343858
7154,34,0,14,0,20,9,0.0004389030247375384
7155,77,18,22,5,32,10,0.2981619410981007
7156,120,10,47,0,63,10,0.8724289038436054
7157,1740,12,50,4,1674,10,0.6202525788073343
7158,14,10,3,0,1,10,0.5408706296919761
7159,354,23,28,2,301,10,0.4582003960207172
7160,193,10,67,0,116,10,0.9022306481363769
7161,34,13,17,0,4,10,0.453731052935716
7162,25,11,13,0,1,10,0.5058540977413831
7163,28,11,16,0,1,10,0.7569392712662449
7164,1508,10,62,0,1436,10,0.828380155258015
7165,253,13,44,8,188,10,0.6623043482797251
7166,1570,11,49,21,1489,10,0.9224556827994039
7167,5,5,0,0,0,5,0.4158970180866863
7168,18,10,8,0,0,10,0.5854749898459275
7169,87,11,35,0,41,10,0.8448222507130936
7170,75,13,28,0,34,10,0.6583068020487142
7171,809,10,83,0,716,10,0.8830819496707485
7172,41,13,12,0,16,10,0.7419513257518564
7173,457,10,66,0,381,10,0.8272163634929641
7174,232,10,48,0,174,10,0.8728362172200042
7175,39,15,10,1,13,10,0.42366926794078497
7176,19,9,6,1,3,10,0.7372911490943547
7177,47,18,18,0,11,10,0.49241666837087616
7178,68,10,29,0,29,10,0.8307621421630547
7179,27,12,11,0,4,10,0.4055987663225669
7180,624,10,64,0,550,10,0.8486700551803037
7181,548,10,59,0,479,10,0.8848266372900677
7182,50,15,12,6,17,10,0.5953681142369531
7183,14,10,0,2,2,10,0.08059964731931883
7184,12,10,0,2,0,10,0.3778720619418048
7185,6,5,0,1,0,5,0.20303755806649548
7186,17,12,5,0,0,10,0.46010984102277663
7187,11,11,0,0,0,10,0.5542422660267816
7188,10,10,0,0,0,10,0.6486626580491754
7189,9,4,0,5,0,8,0.006392954308343496
7190,15,5,0,10,0,10,0.0024826391149533555
7191,16,14,0,2,0,10,0.062217391559473756
7192,8,6,0,2,0,8,0.017848792844947142
7193,11,2,0,7,2,6,0.0009724096425347443
7194,13,4,0,8,1,8,0.002352771859318697
7195,8,3,0,3,2,5,0.008305555963738082
7196,7,2,0,5,0,7,0.0018388709233897525
7197,13,12,0,1,0,10,0.02003987217320801
7198,7,1,0,4,2,4,0.00027837186745572793
7199,210,10,45,0,155,10,0.8818364444973094
7200,188,10,51,0,127,10,0.7911782105368601
7201,107,11,38,0,58,10,0.7196514090021562
7202,72,13,31,4,24,10,0.5791070736332069
7203,46,14,16,3,13,10,0.30737777376035275
7204,134,10,48,0,76,10,0.712553073420813
7205,471,10,53,0,408,10,0.8959687917566859
7206,298,20,53,4,221,10,0.5802113204814152
7207,126,10,44,0,72,10,0.4272602990307447
7208,29,11,17,0,1,10,0.6483483134563424
7209,527,12,56,0,459,10,0.4064027366699112
7210,7,7,0,0,0,7,0.32331010105719243
7211,11,11,0,0,0,10,0.4674758486569383
7212,17,14,3,0,0,10,0.419235185395159
7213,26,10,11,2,3,10,0.6858466144456988
7214,16,10,2,2,2,10,0.40919757683792957
7215,19,16,1,2,0,10,0.19576282236349657
7216,663,23,14,7,619,10,0.05754241513788339
7217,262,13,58,0,191,10,0.45896415046949957
7218,90,10,50,0,30,10,0.3263044637380038
7219,152,10,42,0,100,10,0.6286705175693443
7220,62,10,23,0,29,10,0.700665274618073
7221,31,11,18,0,2,10,0.48813754821047034
7222,32,11,14,0,7,10,0.5423759143372293
7223,23,12,10,0,1,10,0.6184080437495045
7224,93,11,31,0,51,10,0.7683996706101017
7225,123,10,47,0,66,10,0.7684285236360777
7226,68,11,31,0,26,10,0.5518281694619667
7227,148,10,46,0,92,10,0.757277688313843
7228,23,12,10,0,1,10,0.42652257837099183
7229,34,12,13,0,9,10,0.7447745032551354
7230,31,13,14,0,4,10,0.7045686081063025
7231,38,12,11,0,15,10,0.7513208670341349
7232,14,10,0,0,4,10,0.545143058978247
7233,12,10,2,0,0,10,0.586505638785021
7234,7,7,0,0,0,7,0.42522074263329496
7235,12,12,0,0,0,10,0.4731033839619425
7236,264,10,43,0,211,10,0.8791975396014151
7237,107,10,10,1,86,10,0.6309632107523331
7238,6,6,0,0,0,6,0.24386999246457491
7239,2,1,0,1,0,2,0.002262078773300121
7240,1,1,0,0,0,1,0.22652624107563415
7241,29,12,12,0,5,10,0.655744374237048
7242,26,12,8,0,6,10,0.712052924283394
7243,94,24,11,2,57,10,0.37288386980688826
7244,52,10,16,6,20,10,0.725007990350964
7245,28,14,13,0,1,10,0.6032771137108099
7246,30,12,18,0,0,10,0.7539216941194868
7247,179,11,47,0,121,10,0.6621261897383419
7248,145,10,45,0,90,10,0.821078791133907
7249,3,3,0,0,0,3,0.5513781838675962
7250,132,10,47,0,75,10,0.8308962205110042
7251,99,12,41,0,46,10,0.819011762144423
7252,6,6,0,0,0,6,0.5835184526761924
7253,46,12,19,0,15,10,0.6825319056377872
7254,17,11,5,0,1,10,0.7075707563950038
7255,21,12,8,0,1,10,0.5092698331838168
7256,192,10,56,0,126,10,0.8124378181033488
7257,27,12,14,0,1,10,0.4716828768337571
7258,284,10,57,1,216,10,0.5959686243539697
7259,115,11,27,5,72,10,0.18873011152847513
7260,113,10,42,2,59,10,0.6513416013784588
7261,59,12,31,0,16,10,0.6449987851035198
7262,36,13,20,2,1,10,0.19243854903844118
7263,25,13,10,0,2,10,0.3386464787032711
7264,387,17,36,0,334,10,0.6246173967763768
7265,532,10,56,0,466,10,0.8635748593745116
7266,24,10,11,0,3,10,0.7145721317337834
7267,16,12,4,0,0,10,0.8386311463826708
7268,12,12,0,0,0,10,0.4900373088723592
7269,16,12,4,0,0,10,0.5844432414591075
7270,7,7,0,0,0,7,0.6977759922913679
7271,12,10,2,0,0,10,0.16705166364343216
7272,94,12,38,0,44,10,0.6760429729112354
7273,64,22,18,0,24,10,0.08829199859170038
7274,43,12,9,0,22,10,0.6558199217845371
7275,19,11,7,0,1,10,0.710215158742034
7276,80,13,35,0,32,10,0.8713412267563493
7277,10,10,0,0,0,10,0.6275419254052574
7278,11,10,1,0,0,10,0.6078074744789179
7279,125,10,34,0,81,10,0.8203319209401629
7280,125,10,53,0,62,10,0.7851241879574361
7281,81,21,3,10,47,10,0.06213449255526636
7282,94,10,25,0,59,10,0.8022581634009632
7283,68,15,15,0,38,10,0.1413661304399328
7284,46,13,19,0,14,10,0.655345012591317
7285,34,13,14,0,7,10,0.7927767536565483
7286,930,10,42,0,878,10,0.8869231612777618
7287,349,10,46,0,293,10,0.8131326596150392
7288,385,10,47,1,327,10,0.7194442643429522
7289,77,10,26,0,41,10,0.844685942352729
7290,81,12,21,0,48,10,0.8214576481150284
7291,148,12,32,2,102,10,0.6329629200125915
7292,15,13,2,0,0,10,0.1301426137599592
7293,11,11,0,0,0,10,0.1108626883599434
7294,8,8,0,0,0,8,0.3613810487986714
7295,42,11,19,0,12,10,0.8229467554773673
7296,27,10,13,0,4,10,0.7479133212259965
7297,38,12,24,0,2,10,0.4051832300715559
7298,61,11,31,0,19,10,0.6267299086363192
7299,38,11,20,0,7,10,0.6527583015873699
7300,74,10,31,0,33,10,0.745229426537495
7301,315,10,52,0,253,10,0.7829774244117068
7302,554,10,64,0,480,10,0.8449262225735577
7303,337,10,50,0,277,10,0.8242715338649829
7304,34,12,8,0,14,10,0.8086919671422412
7305,16,10,4,0,2,10,0.7140306688467033
7306,11,10,1,0,0,10,0.6836437412208132
7307,6,6,0,0,0,6,0.5451068010048983
7308,404,13,59,0,332,10,0.8855169230632434
7309,32,12,18,0,2,10,0.43079518260031757
7310,271,10,45,0,216,10,0.8630727646447008
7311,1064,11,82,0,971,10,0.8667555954849644
7312,580,10,72,0,498,10,0.8569133324327844
7313,106,11,30,0,65,10,0.7396817234686068
7314,1271,10,34,0,1227,10,0.893922116913673
7315,40,12,21,0,7,10,0.7508893657662874
7316,52,11,25,0,16,10,0.8577257885165451
7317,38,11,23,0,4,10,0.8069745614576348
7318,5293,13,40,11,5229,10,0.7704923336051172
7319,111,10,48,0,53,10,0.8512016722924041
7320,1014,10,70,0,934,10,0.8369776389658516
7321,624,10,75,0,539,10,0.9270342830934303
7322,1074,10,68,3,993,10,0.8790992586133703
7323,6,6,0,0,0,6,0.19898800901763852
7324,5,5,0,0,0,5,0.4690906941571235
7325,6,6,0,0,0,6,0.41472136056815934
7326,12,11,1,0,0,10,0.6691000542212397
7327,178,10,25,0,143,10,0.8595465885414324
7328,76,12,26,0,38,10,0.708280697251486
7329,29,13,9,0,7,10,0.1101512371848252
7330,9927,16,27,10,9874,10,0.5403352658449225
7331,308,11,32,0,265,10,0.8041763008710898
7332,171,10,48,0,113,10,0.6904071642888693
7333,154,10,45,0,99,10,0.9040555529415352
7334,221,10,49,0,162,10,0.7228385767261374
7335,265,10,34,0,221,10,0.8535754230725673
7336,2937,11,57,13,2856,10,0.4806697927900253
7337,2095,10,62,10,2013,10,0.814870516863337
7338,846,10,76,7,753,10,0.8837215812195838
7339,219,10,32,2,175,10,0.7746160143062091
7340,420,11,38,0,371,10,0.5587896524410689
7341,166,11,69,0,86,10,0.31971976726535206
7342,200,11,26,0,163,10,0.5324532191234451
7343,96,10,35,0,51,10,0.5794131471343984
7344,41,12,24,0,5,10,0.6132530371859938
7345,36,10,23,0,3,10,0.650237594427659
7346,145,10,32,0,103,10,0.766010969534493
7347,180,10,53,0,117,10,0.8053181410334984
7348,95,11,37,0,47,10,0.5162942583655068
7349,205,10,45,0,150,10,0.7138867598034673
7350,285,10,46,0,229,10,0.8504443423986463
7351,293,11,35,0,247,10,0.8432471151248451
7352,106,11,30,0,65,10,0.8247876131617617
7353,496,10,51,14,421,10,0.8619261152983947
7354,307,10,36,3,258,10,0.8470576616581242
7355,268,12,44,3,209,10,0.8593621117839673
7356,11,10,1,0,0,10,0.5151975687844597
7357,12,9,0,0,3,10,0.41305013131068047
7358,27,12,12,0,3,10,0.6967107452181222
7359,290,10,52,0,228,10,0.8474973476109064
7360,33,11,18,0,4,10,0.7385315200156252
7361,30,11,13,1,5,10,0.7317565865129338
7362,44,12,14,0,18,10,0.7029722037958831
7363,11,10,1,0,0,10,0.4927615700686469
7364,6,5,1,0,0,6,0.6016477816310517
7365,6,6,0,0,0,6,0.2230022678961968
7366,812,10,60,0,742,10,0.8535747362153664
7367,15,12,3,0,0,10,0.5688509050457268
7368,25,11,13,0,1,10,0.6506957745827031
7369,24,11,12,0,1,10,0.48493326311991447
7370,27,12,14,0,1,10,0.6035836193664831
7371,59,11,33,0,15,10,0.8218614420711352
7372,208,10,22,0,176,10,0.5181716780670262
7373,12,12,0,0,0,10,0.6605029348011416
7374,81,10,28,0,43,10,0.7700103211597402
7375,37,12,22,0,3,10,0.7605171515778442
7376,22,0,0,9,13,10,6.029055950691059e-05
7377,230,13,16,5,196,10,0.5282194471032644
7378,59,12,29,0,18,10,0.7738293738143894
7379,55,11,37,0,7,10,0.7828407954575244
7380,33,11,18,0,4,10,0.7108419289335378
7381,48,11,26,1,10,10,0.558830257912567
7382,142,10,48,0,84,10,0.46544175381260333
7383,62,15,19,3,25,10,0.030121937472299812
7384,17,11,4,0,2,10,0.4373655757619096
7385,147,10,46,0,91,10,0.7165647532605323
7386,178,10,72,0,96,10,0.8522618745658934
7387,114,10,39,0,65,10,0.43298581728029767
7388,57,14,21,0,22,10,0.3657397177306135
7389,8,8,0,0,0,8,0.5099816476409366
7390,36,12,19,0,5,10,0.4625826910720452
7391,42,11,18,0,13,10,0.6626726129378814
7392,25,11,14,0,0,10,0.6564853585608478
7393,7,7,0,0,0,7,0.02886488806407175
7394,9,9,0,0,0,9,0.6133273244957057
7395,76,13,18,0,45,10,0.7836545474257397
7396,134,11,33,0,90,10,0.7854205870530673
7397,12,12,0,0,0,10,0.2644834387807647
7398,170,10,47,0,113,10,0.8217640394658909
7399,222,10,54,0,158,10,0.8583846551918314
7400,575,12,74,3,486,10,0.8648208021225077
7401,141,10,50,0,81,10,0.834779024665339
7402,131,10,59,0,62,10,0.7013758940623092
7403,60,19,25,8,8,10,0.38090051705349925
7404,3,3,0,0,0,3,0.40264861558804843
7405,93,10,29,0,54,10,0.7860370190713251
7406,225,10,73,0,142,10,0.6962663914244173
7407,227,10,82,0,135,10,0.9032257423699914
7408,99,10,35,0,54,10,0.7586766701316574
7409,53,12,24,0,17,10,0.6689441577418406
7410,62,12,24,4,22,10,0.7005103543976541
7411,92,11,33,0,48,10,0.5941957804406945
7412,59,11,28,0,20,10,0.6297453274645552
7413,47,10,25,0,12,10,0.6816561493179206
7414,46,12,25,1,8,10,0.5413688162879806
7415,30,12,16,0,2,10,0.572737209928305
7416,38,11,15,0,12,10,0.5836976496044953
7417,26,10,14,0,2,10,0.7854834096101053
7418,68,13,19,5,31,10,0.5883363941791971
7419,7080,11,47,6,7016,10,0.6811452931925237
7420,180,10,52,0,118,10,0.8471924584024163
7421,96,10,36,1,49,10,0.7977873890192164
7422,81,11,36,0,34,10,0.7819521978904435
7423,126,10,45,0,71,10,0.8299809565624121
7424,156,10,47,0,99,10,0.7779912539250585
7425,40,12,20,2,6,10,0.1831512129531655
7426,8,8,0,0,0,8,0.6163120276267444
7427,633,11,54,0,568,10,0.8749977112794683
7428,84,10,41,0,33,10,0.7831526203378893
7429,58,26,13,6,13,10,0.1903142509707011
7430,1200,10,40,0,1150,10,0.7902430293104218
7431,46,13,23,0,10,10,0.6963642331096085
7432,42,10,23,0,9,10,0.8196951399091241
7433,36,11,18,0,7,10,0.679559300947183
7434,2511,19,53,11,2428,10,0.5926840676303542
7435,92,10,39,1,42,10,0.7062351226296657
7436,30,11,17,0,2,10,0.719134723619338
7437,179,12,59,0,108,0,nan
7438,79,7,35,1,36,3,0.003386954603574985
7439,30,11,17,0,2,0,nan
7440,184,12,61,0,111,10,0.8954732171872977
7441,19,13,5,0,1,10,0.7441023379175475
7442,109,10,38,0,61,10,0.8967513965347221
7443,36,10,21,0,5,10,0.7769971435650288
7444,25,12,12,0,1,10,0.8484692747876567
7445,581,11,78,0,492,10,0.8592725255542273
7446,137,18,26,0,93,10,0.1439306190714213
7447,21,12,8,0,1,10,0.20185801499149159
7448,5,5,0,0,0,5,0.6285645748516684
7449,1505,11,52,0,1442,10,0.8798373684246392
7450,23,10,12,0,1,10,0.7512110873131537
7451,197,10,40,0,147,10,0.584564762615564
7452,70,10,29,0,31,10,0.7283685941135241
7453,12,12,0,0,0,10,0.48737718059156965
7454,63,10,27,0,26,10,0.7202669152530776
7455,52,12,20,0,20,10,0.8301791021904501
7456,14,12,2,0,0,10,0.6898519452662316
7457,8,8,0,0,0,8,0.5911249298264427
7458,32,16,10,1,5,10,0.6465321508937927
7459,52,13,17,2,20,10,0.72178846760385
7460,103,13,23,6,61,10,0.7458023986476945
7461,942,10,86,0,846,10,0.7985798438594716
7462,119,26,15,3,75,10,0.2795360244525939
7463,686,10,64,0,612,10,0.9096811231475443
7464,514,10,54,1,449,10,0.8478180795823417
7465,46,12,25,0,9,10,0.7564775023231048
7466,659,11,74,0,574,10,0.6445927964093761
7467,970,11,60,0,899,10,0.840696228143756
7468,144,10,35,0,99,10,0.7520257252726039
7469,616,10,71,3,532,10,0.8355086291304705
7470,349,10,53,3,283,10,0.8138752319009663
7471,212,16,1,25,170,10,0.04621685542017599
7472,1108,11,84,37,976,10,0.8903405084626205
7473,166,10,49,0,107,10,0.6133596472364997
7474,1406,10,57,0,1339,10,0.8960121871558413
7475,743,10,93,0,640,10,0.5464100704973476
7476,3384,10,68,0,3306,10,0.8633854053529977
7477,23,12,10,0,1,10,0.1327543086633998
7478,330,10,60,0,260,10,0.8043633781087716
7479,27,13,13,0,1,10,0.143044125274315
7480,162,16,4,2,140,10,0.1599066768399817
7481,152,10,34,0,108,10,0.9068120902945644
7482,94,11,20,0,63,10,0.8123812696354007
7483,7,7,0,0,0,7,0.6916411119612341
7484,16,11,5,0,0,10,0.8402497831144569
7485,14,8,4,2,0,10,0.6837195053194426
7486,62,11,21,8,22,10,0.7349188498482309
7487,31,13,9,0,9,10,0.6464298385760064
7488,88,5,1,31,51,10,0.0013419915241744368
7489,62,14,13,9,26,10,0.4799232796130852
7490,54,12,20,1,21,10,0.7097709179303388
7491,57,13,23,4,17,10,0.8148616342019933
7492,65,10,24,4,27,10,0.6895097571454666
7493,75,11,24,0,40,10,0.6253525877159585
7494,57,12,19,0,26,10,0.697782147947384
7495,105,10,25,9,61,10,0.5386868980810403
7496,87,11,31,0,45,10,0.7726569083945174
7497,264,10,59,1,194,10,0.45670600589329363
7498,26,12,14,0,0,10,0.3661621435829765
7499,41,12,18,0,11,10,0.5990049580923922
7500,193,10,37,0,146,10,0.8282375359542
7501,126,24,11,6,85,10,0.3519797683326267
7502,288,11,57,22,198,10,0.7788592781344299
7503,545,10,84,0,451,10,0.8891356827352439
7504,1464,10,62,0,1392,10,0.8794441491869092
7505,1655,10,52,3,1590,10,0.8462502886644774
7506,42,12,21,0,9,10,0.8165654236097872
7507,64,10,40,0,14,10,0.6970009062358093
7508,4,4,0,0,0,4,0.5319342039969579
7509,7,7,0,0,0,7,0.27842220939319734
7510,57,12,30,0,15,10,0.6887739943672113
7511,333,12,58,22,241,10,0.8238545989382847
7512,52,11,22,0,19,10,0.7825824639740795
7513,78,10,41,0,27,10,0.8364931298436196
7514,37,10,20,1,6,10,0.8223253218944726
7515,1385,10,49,0,1326,10,0.8744850799311918
7516,114,10,32,0,72,10,0.7638154270372273
7517,42,11,21,0,10,10,0.7442730694438566
7518,63,10,29,0,24,10,0.7418929907010154
7519,38,24,5,5,4,10,0.10752275447522194
7520,112,10,40,1,61,10,0.8458151666424898
7521,84,10,40,1,33,10,0.8407918065817286
7522,27,12,13,1,1,10,0.5912862988518515
7523,237,11,31,0,195,10,0.9103696779438569
7524,348,14,30,3,301,10,0.6139220721469905
7525,216,11,32,7,166,10,0.7533955248240476
7526,42,12,14,2,14,10,0.655197176692442
7527,31,12,14,0,5,10,0.6883917829120105
7528,35,12,15,0,8,10,0.6377307924875097
7529,52,13,20,1,18,10,0.5813486129646716
7530,49,13,24,0,12,10,0.8118750724793393
7531,25,12,13,0,0,10,0.5497760846380282
7532,94,11,25,10,48,10,0.6343656911000457
7533,34,12,8,3,11,10,0.6521015637027263
7534,12,11,1,0,0,10,0.5023282383468666
7535,32,14,16,0,2,10,0.6277812524863378
7536,237,10,32,0,195,10,0.8664168334937311
7537,998,10,34,1,953,10,0.8818869370596074
7538,128,10,25,0,93,10,0.7813561277272352
7539,217,10,29,0,178,10,0.7897285774162313
7540,1276,10,47,0,1219,10,0.8791690832287891
7541,11,9,2,0,0,10,0.5788784477227108
7542,59,10,20,0,29,10,0.6136465178889355
7543,110,11,28,0,71,10,0.7694248008005791
7544,46,24,3,9,10,10,0.0411387392299096
7545,405,11,53,3,338,10,0.8882104979454577
7546,231,10,52,0,169,10,0.7857675226710026
7547,1090,11,63,3,1013,10,0.8630575969049215
7548,1260,11,57,6,1186,10,0.8891497521801224
7549,112,10,34,0,68,10,0.8745149158940899
7550,56,11,26,0,19,10,0.7473526784087675
7551,2205,10,38,0,2157,10,0.8578530323741795
7552,182,10,46,0,126,10,0.7447319603274812
7553,120,0,39,0,81,10,0.00011033229828483955
7554,72,14,35,0,23,10,0.8271221235373789
7555,303,42,10,14,237,10,0.15890017459784245
7556,33,10,22,0,1,10,0.5687121782218909
7557,101,10,34,0,57,10,0.8595994970486884
7558,115,10,39,0,66,10,0.753276195305136
7559,107,11,40,0,56,10,0.761965007209545
7560,190,10,36,5,139,10,0.8068217700985149
7561,79,10,25,0,44,10,0.8260698942966234
7562,32,10,20,0,2,10,0.69885056086859
7563,15,12,3,0,0,10,0.593254043107106
7564,40,12,18,1,9,10,0.6639596795238493
7565,85,11,29,0,45,10,0.5925110071802524
7566,59,13,18,0,28,10,0.7258169210223349
7567,138,10,41,0,87,10,0.8644629567981712
7568,63,10,17,6,30,10,0.6323340216492355
7569,64,10,26,0,28,10,0.7721663192127428
7570,43,10,23,0,10,10,0.8681102906250584
7571,316,11,42,0,263,10,0.8933545407178478
7572,25,10,14,0,1,10,0.706215372898102
7573,13,11,2,0,0,10,0.5528249776436808
7574,21,11,5,0,5,10,0.6875476472124427
7575,15,12,3,0,0,10,0.6614196864155488
7576,17,12,1,4,0,10,0.6515214489581382
7577,23,12,7,3,1,10,0.6066578690897306
7578,16,10,4,0,2,10,0.24930600936429143
7579,12,10,2,0,0,10,0.538348917569531
7580,12,11,0,0,1,10,0.4560444813154006
7581,8,8,0,0,0,8,0.45055814175699405
7582,10,10,0,0,0,10,0.5157556739842519
7583,6,6,0,0,0,6,0.46192966045969375
7584,22,13,3,6,0,10,0.42032912910563297
7585,1198,11,86,0,1101,10,0.9152300794212184
7586,132,15,69,7,41,10,0.8040826052479235
7587,2375,10,47,0,2318,10,0.8332715547976837
7588,87,10,37,0,40,10,0.8372922336466481
7589,42,11,21,1,9,10,0.7443228894791422
7590,130,10,42,0,78,10,0.8502340137222018
7591,146,10,46,0,90,0,nan
7593,14,12,2,0,0,10,0.6866134411846659
7594,16,11,5,0,0,10,0.5385622173661639
7595,9,9,0,0,0,9,0.6455203493706646
7596,226,10,27,0,189,10,0.8593011888203732
7597,108,10,36,0,62,10,0.8222096350042448
7598,52,12,12,0,28,10,0.6907855465851729
7599,279,11,30,8,230,10,0.8814178220910998
7600,46,11,15,0,20,10,0.7973296813509598
7601,34,11,9,1,13,10,0.7743960341763502
7602,29,11,10,3,5,10,0.7334990925310589
7603,73,10,20,5,38,10,0.8820050105911104
7604,59,10,19,0,30,10,0.8002181833836436
7605,10,10,0,0,0,10,0.3614258963326541
7606,420,11,58,0,351,10,0.8189006150353847
7607,32,12,19,0,1,10,0.753408723429828
7608,15,12,3,0,0,10,0.6077090712247339
7609,81,10,18,0,53,10,0.8212361964813268
7610,74,10,28,0,36,10,0.701926045336801
7611,9,9,0,0,0,9,0.4621513982211757
7612,949,10,74,0,865,10,0.7988886564406424
7613,510,10,44,0,456,10,0.8747874168787929
7614,207,10,52,8,137,10,0.8417019999684097
7615,53,11,22,0,20,10,0.7472539722712287
7616,726,10,67,0,649,10,0.9312050301479142
7617,403,10,80,0,313,10,0.8984758897058476
7618,412,10,75,0,327,0,nan
7619,1,0,0,1,0,0,nan
7620,6,2,0,4,0,6,0.00010980679182749715
7621,21,12,2,6,1,10,0.17181085470668112
7622,16,13,3,0,0,10,0.10481446703753738
7623,202,22,24,3,153,10,0.222138627358699
7624,90,10,37,0,43,10,0.7420479288021635
7625,377,12,34,12,319,10,0.18825558188748032
7626,105,10,37,0,58,10,0.5331847936477401
7627,98,10,28,1,59,10,0.7437462611702159
7628,80,10,31,0,39,10,0.7245730340973466
7629,103,11,45,10,37,10,0.7253637950593228
7630,222,10,53,3,156,10,0.8071173159264717
7631,200,11,48,0,141,10,0.8044388678267598
7632,16,11,4,0,1,10,0.6530752685335125
7633,26,11,14,0,1,10,0.5799521541456615
7634,36,11,19,0,6,10,0.7939324347386558
7635,34,11,17,0,6,10,0.7273349583696591
7636,106,10,46,0,50,0,nan
7637,114,10,46,0,58,10,0.7677610027302364
7638,1457,11,70,0,1376,10,0.8822473768419775
7639,17,12,4,0,1,10,0.7769850972757164
7640,33,11,20,0,2,10,0.7187516047722573
7641,46,12,19,0,15,10,0.5219464886305479
7642,56,14,18,0,24,10,0.746658726797947
7643,30,12,6,0,12,10,0.5866642159539623
7644,8,8,0,0,0,8,0.5689675414500588
7645,29,13,1,12,3,10,0.7038073242165576
7646,14,11,0,2,1,10,0.5612291447334425
7647,5,4,0,0,1,5,0.11640429296298085
7648,20,13,3,4,0,10,0.612676246572907
7649,30,14,8,5,3,10,0.7478269863250872
7650,16,11,1,4,0,10,0.5587881373027388
7651,268,13,26,0,229,10,0.8256011908585399
7652,134,10,41,0,83,10,0.7224726330999458
7653,61,12,12,0,37,10,0.7510708631421141
7654,136,20,16,20,80,10,0.644295670313555
7655,11,10,0,0,1,10,0.481623332818264
7656,122,12,39,0,71,10,0.7143342807562401
7657,55,12,20,0,23,10,0.7353889704200038
7658,5,3,0,2,0,3,0.3144299971517219
7659,6,6,0,0,0,6,0.4234530423664041
7660,32,12,9,0,11,10,0.6895553926627516
7661,16,12,4,0,0,10,0.7565236772339516
7662,37,13,19,0,5,10,0.6581337177383559
7663,18,10,8,0,0,10,0.846317312611463
7664,72,10,34,0,28,10,0.6651605689696771
7665,14,11,3,0,0,10,0.573604914194788
7666,228,10,71,28,119,10,0.8079772935251734
7667,26,15,0,6,5,10,0.02852769683577589
7668,68,11,27,8,22,3,0.031014064848923766
7669,98,12,35,10,41,10,0.8173106873083598
7670,71,10,31,0,30,10,0.8000968820272538
7671,144,10,31,0,103,10,0.761568438366079
7672,535,10,62,1,462,10,0.8717820083059968
7673,275,10,41,0,224,10,0.8751632270507848
7674,486,10,55,0,421,10,0.8239042966420232
7675,110,10,32,0,68,10,0.200071097651157
7676,204,11,50,0,143,10,0.8640415374369383
7677,46,14,19,0,13,10,0.7002831230800537
7678,115,10,33,0,72,10,0.7724283794993707
7679,108,10,40,0,58,10,0.7762252541840422
7680,184,10,39,2,133,10,0.8260681963760517
7681,84,12,26,0,46,10,0.05438190336973485
7682,22,17,4,0,1,1,0.13352285028025412
7683,96,10,46,0,40,10,0.6177427354404256
7684,38,11,24,0,3,10,0.7209455501805664
7685,27,20,4,1,2,9,0.23745578465898493
7686,82,9,38,0,35,1,0.004589619162140113
7687,38,11,25,0,2,0,nan
7688,29,11,12,1,5,10,0.6119631735701762
7689,36,11,17,1,7,0,nan
7690,113,10,68,0,35,10,0.7104267646368427
7691,28,14,11,0,3,10,0.7608359026071978
7692,102,10,26,0,66,10,0.8687106640727122
7693,223,10,52,0,161,10,0.7501173786034676
7694,396,10,40,0,346,10,0.8609386062818416
7695,235,10,68,0,157,10,0.8877499128043433
7696,30,12,9,0,9,10,0.7181897754311164
7697,17,11,6,0,0,10,0.5927896092787535
7698,12,11,1,0,0,10,0.6471842973840379
7699,4,4,0,0,0,4,0.21454093946303848
7700,6,5,1,0,0,6,0.16413671449910427
7701,30,13,8,5,4,10,0.787859764497771
7702,34,11,11,6,6,10,0.7901266615144794
7703,22,12,9,0,1,10,0.6931191384096864
7704,456,10,52,0,394,10,0.9008444491758647
7705,204,10,42,0,152,10,0.8650834130297584
7706,88,10,26,3,49,10,0.7907017157718454
7707,254,11,21,5,217,10,0.5018399073367363
7708,14,12,1,0,1,10,0.6733908212154958
7709,15,10,5,0,0,10,0.6954029773397079
7710,10,10,0,0,0,10,0.8072981251223665
7711,9,8,1,0,0,9,0.3191807940852327
7712,12,12,0,0,0,10,0.3532542159418549
7713,24,10,13,0,1,10,0.7382576245191499
7714,163,10,38,0,115,10,0.6746715589282208
7715,254,10,46,0,198,10,0.7754333935088136
7716,1653,10,54,0,1589,10,0.8064005386523665
7717,72,10,38,0,24,10,0.7440433891602083
7718,152,11,24,0,117,10,0.8726178076258497
7719,4,4,0,0,0,4,0.2644471816508728
7720,12,10,2,0,0,10,0.6844760168122661
7721,6,6,0,0,0,6,0.5159978390908562
7723,140,10,60,0,70,10,0.7572275877558657
7724,130,10,40,0,80,10,0.8451278536553409
7725,14,12,2,0,0,10,0.1548629771333178
7726,13,11,2,0,0,10,0.6423854701191148
7727,20,11,6,0,3,10,0.6181104837536866
7728,40,12,15,0,13,10,0.7014270245253342
7729,14,10,0,4,0,10,0.45104270253550827
7730,8,5,0,3,0,6,0.22850076760038351
7731,15,13,0,0,2,10,0.5932348882676256
7733,47,9,14,5,19,10,0.7624192517653641
7734,166,10,70,3,83,10,0.7593661585756967
7735,616,10,55,10,541,10,0.8376747965033109
7736,2,2,0,0,0,2,0.42355695400388205
7737,4,4,0,0,0,4,0.21086633757922424
7738,37,10,17,0,10,10,0.799427568846881
7739,37,15,19,2,1,10,0.7061401514883969
7740,34,12,17,1,4,10,0.8119239106480174
7741,673,10,83,0,580,10,0.8497911551903687
7742,37,21,1,3,12,10,0.014639981581857947
7743,15,13,2,0,0,10,0.5411360141150175
7744,7,7,0,0,0,7,0.47125311448180096
7745,13,10,0,2,1,10,0.5747862462765978
7746,78,10,27,0,41,10,0.8599361445552091
7747,81,12,21,0,48,10,0.8885234564532859
7748,136,10,35,3,88,10,0.899836590678383
7749,14,10,4,0,0,10,0.5221632599820569
7750,1,1,0,0,0,1,0.2880939639191909
7751,9,9,0,0,0,9,0.1824785906114823
7752,27,14,12,0,1,10,0.7035429681295732
7753,41,19,20,0,2,10,0.3761415758149129
7754,820,10,59,41,710,10,0.5875534614189635
7755,25,15,1,4,5,10,0.516932828741727
7756,89,10,29,0,50,10,0.7602242768778459
7757,38,12,20,0,6,10,0.7628862875396022
7758,21,12,6,2,1,10,0.6324770597929836
7759,127,10,51,0,66,10,0.6969464636383674
7760,49,15,29,0,5,10,0.4866352787280497
7761,10,10,0,0,0,10,0.32698740862357
7762,5,5,0,0,0,5,0.19847788279751244
7763,48,12,23,0,13,10,0.6216247771887334
7764,53,12,13,7,21,10,0.6847460719351317
7765,196,10,34,0,152,10,0.8399549418713816
7766,155,10,42,2,101,10,0.7824178514300992
7767,293,10,25,5,253,10,0.7718914723480584
7768,252,11,36,0,205,10,0.8622591511270461
7769,2,2,0,0,0,2,0.16356579652217662
7770,4,4,0,0,0,4,0.45028400123764123
7771,54,13,21,0,20,10,0.7473392842599097
7772,31,13,13,0,5,10,0.6550525325187353
7773,49,11,29,0,9,10,0.843982959530165
7774,208,10,62,0,136,10,0.8171218536196876
7775,255,11,39,0,205,10,0.8389072765175631
7776,5,5,0,0,0,5,0.6825309604958886
7777,4,3,0,1,0,4,0.12400828661262188
7778,196,10,60,0,126,10,0.740501308209845
7779,331,10,43,0,278,10,0.8970922536454503
7780,188,10,78,0,100,10,0.8409955228079513
7781,24,12,9,0,3,10,0.6833974005591419
7782,13,11,2,0,0,10,0.6786033797500989
7783,62,10,26,0,26,10,0.7799889724381182
7784,66,12,29,0,25,10,0.6752068656211169
7785,25,22,2,0,1,10,0.5327763390551428
7786,48,13,19,7,9,10,0.5700775562375582
7787,166,10,48,0,108,10,0.7686545198158581
7788,450,10,64,2,374,10,0.8855369695937184
7789,252,11,56,0,185,10,0.8903558739554956
7790,6,6,0,0,0,6,0.6792578421092036
7791,8,8,0,0,0,8,0.45834380914663786
7792,8,5,0,3,0,5,0.4203165702376435
7793,54,11,21,0,22,10,0.8252657732774074
7794,77,12,20,6,39,10,0.8109970847584929
7795,99,11,28,5,55,10,0.8277588356281478
7796,12,12,0,0,0,10,0.6773544936775611
7797,2,2,0,0,0,2,0.26047418387438454
7798,18,12,3,0,3,10,0.7805363498130018
7799,34,10,20,0,4,10,0.7678522909769407
7800,68,15,34,1,18,10,0.6635004292215892
7801,804,10,61,34,699,10,0.8432325351299939
7802,5,5,0,0,0,5,0.6372639579987769
7803,19,14,4,0,1,10,0.638293529873183
7804,69,11,18,0,40,10,0.7468314946299597
7805,2,2,0,0,0,2,0.5241037943069785
7806,2578,11,36,0,2531,10,0.8696668234143634
7807,48,16,15,3,14,10,0.07965621159386012
7808,175,11,52,0,112,10,0.8309073464033446
7809,91,11,35,0,45,10,0.8051750699524374
7810,79,12,30,4,33,10,0.6532531049831543
7811,43,12,23,0,8,0,nan
7812,43,12,23,0,8,10,0.7950388117072975
7813,130,10,25,0,95,10,0.8683229460303984
7814,68,10,21,0,37,10,0.7425511691105279
7815,8,8,0,0,0,8,0.5953158869716182
7816,13,12,1,0,0,10,0.5385828051870044
7817,8,8,0,0,0,8,0.5741711281502104
7818,52,11,18,11,12,10,0.7116405245065003
7819,22,11,6,0,5,10,0.5448478545145821
7820,192,43,47,6,96,10,0.5243031389688195
7821,702,10,95,45,552,10,0.8741829702370162
7822,38,10,27,0,1,10,0.6180680431172749
7823,480,10,76,0,394,10,0.6467874346003342
7824,11,11,0,0,0,10,0.4125487123945712
7825,350,11,41,3,295,10,0.8074263860372997
7826,30,10,19,0,1,10,0.7588604686510929
7827,46,14,23,0,9,10,0.739180811040796
7828,7,7,0,0,0,7,0.6210997211838633
7829,13,12,1,0,0,10,0.5397454418759262
7830,137,10,20,5,102,10,0.6300764845278488
7831,53,15,16,3,19,10,0.23845575043904488
7832,75,10,24,2,39,10,0.6079551411091821
7833,264,10,20,0,234,10,0.7527369495985388
7834,63,14,5,15,29,10,0.10301575036205943
7835,8,1,0,4,3,5,0.0012273980198338615
7836,63,11,24,0,28,10,0.6742736827778208
7837,42,14,14,0,14,10,0.7038063586349781
7838,400,11,56,3,330,10,0.8795107317764232
7839,187,11,36,0,140,10,0.7129720700579985
7840,90,13,37,0,40,10,0.6766310173306581
7841,9,9,0,0,0,9,0.06424450593733161
7842,15,10,0,5,0,10,0.6675804948734482
7843,38,12,19,0,7,10,0.7767734185924382
7844,21,10,11,0,0,10,0.742613052831226
7845,54,14,28,0,12,10,0.6966571676240683
7846,42,11,19,0,12,10,0.8584233108508763
7847,983,11,61,0,911,10,0.7376688852088011
7848,690,10,56,0,624,10,0.8776195007748799
7849,431,10,54,0,367,10,0.8636975215373948
7850,5,5,0,0,0,5,0.5645704537335273
7851,8,8,0,0,0,8,0.4540207967713744
7852,14,9,5,0,0,10,0.07615262199940982
7853,21,11,7,1,2,10,0.3347087400589287
7854,55,13,24,0,18,10,0.7680926968310888
7855,4,3,0,0,1,3,0.36243758227603057
7856,8,8,0,0,0,8,0.6485492702215642
7857,2,0,0,2,0,0,nan
7858,2,1,0,0,1,1,0.013897003482673555
7859,16,11,4,0,1,10,0.5866930632152253
7860,68,12,23,0,33,10,0.7004474255549074
7861,759,10,59,0,690,10,0.8338051927462731
7862,900,9,37,1,853,10,0.8516871501892043
7863,38,12,21,0,5,10,0.7837635559702669
7864,244,10,31,7,196,10,0.4913951647669105
7865,74,10,27,2,35,10,0.4309622695344874
7866,103,7,0,14,82,10,0.0032094925666642025
7867,93,10,31,0,52,10,0.7795092182490087
7868,76,10,26,0,40,10,0.7673486784736541
7869,70,10,28,0,32,10,0.7690649486727543
7870,105,14,32,6,53,10,0.5786415185512017
7871,46,10,27,0,9,10,0.823654660499033
7872,31,11,19,0,1,10,0.7976927216686092
7873,15,12,3,0,0,10,0.7002126863079692
7874,10,10,0,0,0,10,0.7097002274769295
7875,6,6,0,0,0,6,0.5100676585966355
7876,9,9,0,0,0,9,0.7343763933648444
7877,8,8,0,0,0,8,0.4923922318271635
7878,118,10,40,0,68,10,0.8256635840059905
7879,209,19,20,11,159,10,0.2686170600393649
7880,74,10,33,0,31,10,0.7839021241537837
7881,69,12,28,0,29,10,0.7295550366461309
7882,93,10,41,0,42,10,0.8850115038450528
7883,101,10,36,0,55,10,0.817119289244052
7884,15,12,3,0,0,10,0.620268061407482
7885,17,12,3,0,2,10,0.5082827609028076
7886,153,10,31,1,111,10,0.815368621493904
7887,176,10,37,1,128,10,0.8811956805025176
7888,78,11,34,0,33,10,0.6582236387364949
7889,87,10,40,0,37,10,0.863530993149531
7890,7,7,0,0,0,7,0.4159075894777012
7891,5,5,0,0,0,5,0.3866124623718339
7892,8,8,0,0,0,8,0.5416499792154681
7893,93,10,38,0,45,10,0.7945015581491085
7894,219,12,42,0,165,10,0.8074640126128699
7895,10,10,0,0,0,10,0.5204159150885314
7896,12,10,0,0,2,10,0.43562014573962615
7897,5,5,0,0,0,5,0.30350130707976164
7898,8,8,0,0,0,8,0.317174901177599
7899,3,2,0,1,0,2,0.07515063143200972
7900,1,0,0,0,1,1,7.066373071790612e-21
7901,133,10,39,14,70,10,0.8057142216378382
7902,443,10,79,0,354,10,0.9184463823634904
7903,260,10,65,11,174,10,0.42243538481965803
7904,15,12,0,3,0,10,0.01895839647789982
7905,269,10,54,28,177,10,0.7580551378436109
7906,23,17,2,1,3,10,0.10563206665533867
7907,84,11,39,0,34,10,0.811137751128043
7908,125,10,39,0,76,10,0.8573614472494502
7909,54,13,26,0,15,10,0.7331728043997052
7910,76,10,29,3,34,10,0.7503704423922344
7911,77,12,21,0,44,10,0.8299919463697183
7912,32,12,8,0,12,10,0.6324235554620657
7913,77,11,27,0,39,10,0.6277287218786276
7914,48,12,21,0,15,10,0.6534472691532976
7915,26,11,10,1,4,10,0.5157442880840055
7916,78,12,25,0,41,10,0.8324257618553722
7917,80,12,31,2,35,10,0.7216331203411332
7918,674,14,57,0,603,10,0.7120953099245655
7919,27,12,14,0,1,10,0.47778225550905923
7920,63,12,15,6,30,10,0.8164314327658164
7921,247,12,73,1,161,10,0.8504782611596133
7922,957,10,49,14,884,10,0.866264020753376
7923,4,4,0,0,0,4,0.31296871468904375
7924,6,6,0,0,0,6,0.3977417684847295
7925,56,12,25,0,19,10,0.7144394883001244
7926,61,15,32,0,14,10,0.7279450455512302
7927,52,14,21,0,17,10,0.7095627165027407
7928,453,10,47,0,396,10,0.8921476592223818
7929,136,11,50,0,75,10,0.8628967626871289
7930,19,11,8,0,0,10,0.6677756730326865
7931,25,11,13,0,1,10,0.6923804520217777
7932,28,13,11,0,4,10,0.662768279120868
7933,8,8,0,0,0,8,0.535444053154917
7934,70,11,31,0,28,10,0.808619354937282
7935,118,10,52,0,56,10,0.8280221755073911
7936,82,10,41,0,31,10,0.7134591401540163
7937,643,10,43,7,583,10,0.6718965436893887
7938,188,10,36,0,142,10,0.7865801610462255
7939,151,10,63,0,78,10,0.6813018602228551
7940,78,13,27,0,38,10,0.7701602028129291
7941,93,11,39,0,43,10,0.7522469095194664
7942,84,10,40,2,32,0,nan
7943,87,10,45,2,30,10,0.7466887905264544
7944,287,25,12,7,243,10,0.3704975125185782
7945,77,11,24,7,35,10,0.6390963337298291
7946,20,11,9,0,0,10,0.546355634236583
7947,158,12,7,8,131,10,0.019189176684635212
7948,68,10,27,0,31,0,nan
7949,108,10,29,0,69,10,0.6819131029120108
7950,40,10,24,0,6,10,0.7571347119829042
7951,38,10,23,0,5,0,nan
7952,87,10,42,0,35,10,0.8313603305076787
7953,141,10,47,0,84,10,0.7723270625181062
7954,468,10,68,0,390,10,0.8980508146618302
7955,212,10,52,1,149,10,0.8492181078197751
7956,444,10,68,0,366,10,0.865104258686555
7957,36,12,14,2,8,10,0.710312418327637
7958,3,3,0,0,0,3,0.2352535448371512
7959,5,5,0,0,0,5,0.41530252108248594
7960,112,10,52,0,50,10,0.7546962504348467
7961,40,12,20,0,8,10,0.6781747413459187
7962,7,7,0,0,0,7,0.5827103380260693
7963,55,11,34,0,10,10,0.8014521231506964
7964,14,12,1,0,1,10,0.5736929868705812
7965,20,10,9,0,1,10,0.6082740583285671
7966,679,13,62,0,604,10,0.8255894042313969
7967,324,11,38,0,275,10,0.70717331254209
7968,194,12,68,0,114,10,0.9051593705765728
7969,26,10,15,0,1,10,0.7453188381629534
7970,46,12,22,0,12,10,0.5934448600647197
7971,169,10,58,0,101,10,0.7931694783231228
7972,44,21,9,7,7,10,0.3345532072581562
7973,455,10,62,0,383,10,0.7635276557389712
7974,252,11,73,0,168,10,0.6639965168093238
7975,80,18,23,6,33,10,0.2551739351541771
7976,7,7,0,0,0,7,0.06065202178665257
7977,299,10,82,0,207,10,0.8557048540238466
7978,308,11,46,0,251,10,0.9223539111302002
7979,218,10,54,0,154,10,0.8576670975683961
7980,274,10,44,3,217,10,0.8843307787096515
7981,437,11,48,6,372,10,0.8445537290028202
7982,17,11,6,0,0,10,0.6724909459800472
7983,19,12,4,0,3,10,0.7021340620052182
7984,26,12,10,0,4,10,0.7068413554463888
7985,41,12,5,0,24,10,0.6588845925426018
7986,93,13,22,1,57,10,0.644976851114836
7987,64,12,27,1,24,10,0.7439535911308994
7988,142,11,18,8,105,10,0.6407134464726967
7989,192,10,41,3,138,10,0.8285929449515871
7990,290,11,19,11,249,10,0.7134794187965652
7991,455,10,50,8,387,10,0.7485741756276184
7992,26,10,14,0,2,10,0.521079925348386
7993,35,12,21,0,2,10,0.8274501869338764
7994,7,7,0,0,0,7,0.49040275241972037
7995,5,5,0,0,0,5,0.4933506720768435
7996,7,7,0,0,0,7,0.3978444096496494
7997,3,3,0,0,0,3,0.2940409391960087
7998,27,12,9,2,4,10,0.5253782301099451
7999,32,13,12,0,7,10,0.5272935977257214
8000,8,8,0,0,0,8,0.6557311575800422
8001,4,2,0,0,2,4,0.0026011778294022306
8002,443,10,92,0,341,10,0.928023299564282
8003,25,11,14,0,0,10,0.7545834021750701
8004,31,10,21,0,0,10,0.7969970728477052
8005,22,12,10,0,0,10,0.6914283524784786
8006,11,9,2,0,0,10,0.7619019090611794
8007,7,7,0,0,0,7,0.3715435346431468
8008,14,10,4,0,0,10,0.6418347729776872
8009,161,14,48,5,94,10,0.7589563116922162
8010,85,10,42,0,33,10,0.6021156717089287
8011,34,20,11,0,3,10,0.13963855689195634
8012,528,10,57,0,461,10,0.8806454207333265
8013,166,11,45,0,110,10,0.86212157098284
8014,153,11,47,0,95,0,nan
8015,137,10,44,0,83,10,0.7993765516431122
8016,122,15,33,0,74,10,0.5332654510560084
8017,25,12,9,1,3,10,0.5462521475633377
8018,7,7,0,0,0,7,0.5777214635867335
8019,63,2,9,18,34,10,0.0008043429285130703
8020,13,7,0,1,5,10,0.0035740660743187732
8021,169,11,41,10,107,10,0.7800941068947114
8022,816,11,56,0,749,10,0.9042341551344131
8023,328,13,43,0,272,10,0.8633902900229221
8024,102,10,26,0,66,10,0.7609546584358483
8025,30,13,9,0,8,10,0.7545099272043153
8026,37,10,17,0,10,10,0.7336902949942341
8027,49,13,15,10,11,10,0.1812545596741848
8028,184,10,36,18,120,10,0.7586137266992855
8029,5,5,0,0,0,5,0.48192059892739963
8030,11,11,0,0,0,10,0.6695464463078333
8031,181,11,42,0,128,10,0.7481447387122322
8032,285,10,59,0,216,10,0.8192012248952971
8033,1768,10,55,0,1703,10,0.8386143972954355
8034,69,10,32,0,27,10,0.6518652278919482
8035,107,10,29,0,68,10,0.7687420913102379
8036,50,13,22,0,15,10,0.6683078755614
8037,3,3,0,0,0,3,0.2157694652753863
8038,7,6,0,1,0,7,0.3941102110907461
8039,23,11,8,0,4,10,0.8225523002468391
8040,13,11,2,0,0,10,0.611483904418209
8041,28,11,15,0,2,10,0.6681762993307316
8042,16,13,3,0,0,10,0.6864788486646396
8043,441,10,49,0,382,10,0.6606235320175463
8044,64,25,8,3,28,10,0.06990380273261743
8045,192,10,32,0,150,10,0.6196543786489792
8046,139,10,33,0,96,10,0.8006772564059101
8047,254,10,27,0,217,10,0.7400594835352432
8048,463,11,47,3,402,10,0.8173846795991846
8049,388,15,35,2,336,10,0.7593345396493574
8050,402,11,42,0,349,10,0.8138867484221863
8051,40,20,9,3,8,10,0.2756408644248366
8052,113,10,40,0,63,10,0.8241031558526131
8053,106,10,31,0,65,10,0.7670742385905951
8054,926,10,58,0,858,10,0.7559589629577497
8055,48,12,12,0,24,10,0.6688446165123312
8056,45,11,24,0,10,10,0.6992210412815897
8057,170,10,54,7,99,10,0.8120535508683091
8058,138,10,33,3,92,10,0.7517433167699388
8059,146,11,47,0,88,10,0.7069248483367552
8060,258,10,53,0,195,10,0.8108735189388907
8061,32,12,19,0,1,10,0.6586143997008161
8062,25,12,13,0,0,10,0.4996690530773334
8063,34,12,19,0,3,10,0.7885174658110079
8064,50,11,33,0,6,10,0.6180283909805128
8065,37,11,23,0,3,10,0.4204005308970643
8066,22,11,11,0,0,10,0.16142505804175755
8067,105,10,49,0,46,10,0.5562571855479763
8068,81,10,25,0,46,10,0.8324141944115556
8069,93,10,28,0,55,10,0.8571828351990038
8070,172,13,35,5,119,10,0.2923319167673878
8071,104,15,28,1,60,10,0.25861992798444433
8072,214,11,30,0,173,10,0.8211764770360541
8073,175,10,48,0,117,10,0.7176835049481245
8074,9,9,0,0,0,9,0.6756912445244274
8075,90,10,37,0,43,10,0.838549060575999
8076,247,12,31,0,204,10,0.6143956875906946
8077,316,10,44,0,262,10,0.8230521844574257
8078,23,11,9,0,3,10,0.6233128497833549
8079,24,16,4,0,4,10,0.5587417193904476
8080,5,5,0,0,0,5,0.3401039514393512
8081,272,10,57,0,205,10,0.8203765684150826
8082,274,10,57,0,207,0,nan
8083,557,10,72,0,475,10,0.9047589133352599
8084,566,10,82,0,474,10,0.8623944155286005
8085,606,10,76,0,520,0,nan
8086,34,11,20,0,3,10,0.7593562734579552
8087,37,11,12,0,14,10,0.7219293370834823
8088,20,12,5,0,3,10,0.7388580248603811
8089,28,14,11,0,3,10,0.6582369370411992
8090,45,11,21,0,13,10,0.8191942016892976
8091,35,11,17,0,7,10,0.8341980136226961
8092,1270,10,55,0,1205,10,0.9103187149609007
8093,11,9,1,0,1,10,0.4171373830571069
8094,195,10,24,0,161,10,0.8501190601107416
8095,15,11,3,0,1,10,0.791949998985437
8096,18,13,1,2,2,10,0.7524380015978034
8097,16,12,2,1,1,10,0.5476218800201211
8098,33,12,11,1,9,10,0.5547268955350977
8099,28,13,6,0,9,10,0.3269852851278633
8100,21,11,7,0,3,10,0.5420756561493152
8101,28,12,8,0,8,10,0.5980071153046143
8102,190,10,29,0,151,10,0.6734684245433074
8103,33,10,14,0,9,10,0.016971311135093353
8104,55,9,19,2,25,10,0.6968988812994622
8105,17,11,5,0,1,10,0.6235172003788048
8106,29,12,12,0,5,10,0.5054675432355594
8107,32,14,9,0,9,10,0.4966792154500763
8108,21,10,7,0,4,10,0.4565356915701868
8109,6,6,0,0,0,6,0.47993869528379884
8110,23,13,0,7,3,10,0.4891047825676842
8111,9,8,0,0,1,8,0.5702975576680013
8112,8,8,0,0,0,8,0.12961454067860978
8113,26,11,12,0,3,10,0.4870158049698199
8114,4,2,0,2,0,3,0.04198015017098936
8115,22,11,8,3,0,10,0.5900280737810901
8116,79,10,43,0,26,10,0.7350637464663414
8117,59,11,33,0,15,10,0.7587003663376828
8118,69,10,34,0,25,10,0.5694999139377112
8119,112,10,51,0,51,10,0.8685770123870709
8120,588,10,60,0,518,10,0.8570067953193956
8121,103,10,43,0,50,10,0.7969987683525472
8122,50,12,23,0,15,10,0.5636981370829199
8123,27,11,11,1,4,10,0.6020960112950657
8124,27,11,9,1,6,10,0.6551322123675162
8125,38,11,16,0,11,10,0.7820086422490847
8126,25,12,10,0,3,10,0.7287103396368146
8127,44,12,19,1,12,10,0.6523437364529291
8128,75,12,30,1,32,10,0.7111783112767431
8129,108,11,42,8,47,10,0.8347440803383095
8130,73,12,38,3,20,10,0.6107692899393558
8131,81,12,28,8,33,10,0.6761446554494601
8132,86,17,26,5,38,10,0.7050974119048364
8133,18,13,1,2,2,10,0.29085742155429883
8134,153,11,17,0,125,10,0.7622792506995718
8135,199,10,33,0,156,10,0.7663104214916243
8136,204,11,44,0,149,10,0.7346608883407141
8137,197,10,69,10,108,10,0.8438906169512433
8138,204,10,49,0,145,10,0.8167013434524985
8139,162,10,64,1,87,10,0.595201920717493
8140,149,11,48,0,90,10,0.5665296736156956
8141,93,11,46,0,36,10,0.558350479091646
8142,4334,10,62,0,4262,10,0.8025617516927073
8143,63,13,26,0,24,10,0.6705933375469719
8144,416,13,44,0,359,10,0.5833796007761864
8145,100,10,42,0,48,10,0.7089888710749377
8146,87,10,38,0,39,10,0.762776968043142
8147,100,12,46,0,42,10,0.8495252262496022
8148,308,13,35,17,243,10,0.4396130074860469
8149,504,13,54,6,431,10,0.8120419237411085
8150,153,10,39,0,104,10,0.7968307376739898
8151,962,10,35,0,917,10,0.8548853610100254
8152,34,12,10,2,10,10,0.6358349494837131
8153,55,10,23,1,21,10,0.7271470669588302
8154,38,10,23,0,5,10,0.7002844865665282
8155,72,11,28,3,30,10,0.8168198061186829
8156,32,10,18,0,4,10,0.540367255961349
8157,17,12,2,1,2,10,0.5492744079763555
8158,6,6,0,0,0,6,0.3648366827710584
8159,19,12,3,3,1,10,0.5782110341545394
8160,12,12,0,0,0,10,0.4104692629467933
8161,8,6,0,1,1,6,0.3175307005580818
8162,9,8,1,0,0,9,0.6533193106493463
8163,14,12,2,0,0,10,0.6851480865317707
8164,22,13,7,0,2,10,0.6890334660647155
8165,107,10,34,4,59,10,0.8265680610125543
8166,6,6,0,0,0,6,0.4830000556415007
8167,5,5,0,0,0,5,0.42364892489018147
8168,5,5,0,0,0,5,0.43862327549558516
8169,183,10,49,0,124,10,0.8715889505934031
8170,1306,10,50,12,1234,10,0.7867441121688665
8171,263,10,46,12,195,10,0.8200105324092399
8172,23,12,5,0,6,10,0.6235706437687105
8173,42,12,18,0,12,10,0.6154109825163486
8174,151,10,37,0,104,10,0.8567334801125845
8175,399,12,66,0,321,10,0.7223048577827177
8176,168,18,41,1,108,10,0.43646838646388175
8177,1082,10,84,11,977,10,0.8314730310087155
8178,122,10,29,0,83,10,0.735372771144666
8179,330,11,61,3,255,10,0.7915634826140665
8180,15,11,3,0,1,10,0.7365812943805179
8181,32,11,17,0,4,10,0.7654356537032115
8182,44,10,30,0,4,10,0.8076533400010704
8183,8,8,0,0,0,8,0.5516771652821852
8184,5,5,0,0,0,5,0.2875013773961478
8185,4,4,0,0,0,4,0.1965418545983483
8186,2,2,0,0,0,2,0.14923870724773916
8187,5,5,0,0,0,5,0.4673090078628115
8188,1219,10,40,0,1169,10,0.903673397199303
8189,186,16,32,0,138,10,0.2160883254194902
8190,113,10,39,0,64,10,0.6719740102745422
8191,13,11,2,0,0,10,0.6073894450886166
8192,12,10,2,0,0,10,0.7020288518976449
8193,14,12,2,0,0,10,0.5835644152189244
8194,87,10,41,0,36,10,0.7894679711301533
8195,68,10,30,0,28,10,0.7906632727311411
8196,7,6,1,0,0,7,0.18425021951496412
8197,6,6,0,0,0,6,0.3748803482602346
8198,9,9,0,0,0,9,0.6092055689528779
8199,23,11,9,0,3,10,0.5929289600806784
8200,6,6,0,0,0,6,0.42212333122365653
8201,5,5,0,0,0,5,0.2657399838428937
8202,10,10,0,0,0,10,0.5017232084834613
8203,4,4,0,0,0,4,0.05456328729336639
8204,38,11,13,6,8,10,0.7303324159293972
8205,100,11,44,0,45,10,0.8502869714814847
8206,365,10,38,11,306,10,0.8667702120928198
8207,2,2,0,0,0,2,0.07513335051730691
8208,3,3,0,0,0,3,0.05451251502854837
8209,268,10,73,3,182,10,0.8404618373141827
8210,359,23,44,11,281,10,0.22851880578051836
8211,503,22,38,11,432,10,0.34786048948558573
8212,254,19,33,6,196,10,0.16103150136788735
8213,221,10,46,0,165,10,0.7558658950860824
8214,1023,10,51,7,955,10,0.14986592978182772
8215,257,10,30,0,217,10,0.8420541517059568
8216,168,10,31,0,127,10,0.6397441930579593
8217,130,10,38,0,82,10,0.8969058544000852
8218,166,10,35,20,101,10,0.6349475147323849
8219,396,10,47,3,336,10,0.8065241351881851
8220,343,10,39,0,294,10,0.8466808269086739
8221,8,3,2,3,0,8,0.0028427364969730606
8222,49,12,24,0,13,10,0.6680334682007609
8223,68,11,22,0,35,10,0.6692321146972584
8224,68,10,33,0,25,10,0.7240320333566297
8225,1077,10,72,0,995,10,0.8454411261383512
8226,77,15,7,16,39,10,0.014253812290676097
8227,142,10,54,0,78,10,0.88739581267338
8228,94,10,51,0,33,10,0.7122395474148804
8229,52,14,34,0,4,10,0.7223990170974602
8230,31,11,15,0,5,10,0.6932715256089514
8231,23,10,13,0,0,10,0.7142695226257376
8232,24,12,11,0,1,10,0.7865897801031996
8233,24,11,13,0,0,10,0.7763605524752548
8234,384,10,54,2,318,10,0.9000989437293578
8235,219,10,46,0,163,10,0.8511202530572501
8236,44,13,20,0,11,10,0.3625709512727656
8237,179,10,41,0,128,10,0.8250985063782718
8238,196,10,34,0,152,10,0.8851699758928525
8239,365,10,46,3,306,10,0.9014432996244558
8240,128,10,25,2,91,10,0.8879479565873601
8241,14,11,2,0,1,10,0.6900094675243076
8242,64,12,21,0,31,10,0.7351707775479515
8243,85,10,37,0,38,10,0.9155680194985437
8244,41,11,16,4,10,10,0.6908919021419617
8245,86,11,33,5,37,10,0.8887432753771805
8246,50,12,17,0,21,10,0.7376824659226111
8247,156,10,53,1,92,10,0.7236424859777266
8248,27,11,15,0,1,10,0.6936297151914856
8249,37,13,10,0,14,10,0.7131600219724106
8250,77,11,22,8,36,10,0.8326122937974403
8251,52,11,21,2,18,10,0.7280498338692604
8252,31,11,12,0,8,10,0.6185026965192602
8253,81,11,25,5,40,10,0.8419282408136642
8254,112,12,36,5,59,10,0.8390877903906676
8255,100,14,29,4,53,10,0.7014340006520932
8256,166,11,41,9,105,10,0.8290508361332707
8257,7,4,0,0,3,7,0.0068474537461439685
8258,22,11,8,3,0,10,0.727544330393547
8259,29,12,7,6,4,10,0.7753219701508947
8260,19,14,2,0,3,10,0.5718193855676799
8261,358,10,50,0,298,10,0.8823554632564796
8262,171,10,50,0,111,10,0.8383301633038842
8263,67,7,19,16,25,10,0.6144028780038449
8264,80,11,0,31,38,10,0.013606260589762324
8265,9,9,0,0,0,9,0.43227347410207545
8266,100,13,25,0,62,10,0.8337774352309915
8267,6,6,0,0,0,6,0.6233514702773022
8268,15,13,1,1,0,10,0.6497326899222751
8269,3490,23,53,12,3402,10,0.14972456691740504
8270,90,12,37,0,41,10,0.5999532602184788
8271,138,10,49,2,77,10,0.4552948530522172
8272,89,12,35,2,40,10,0.66410791938597
8273,96,10,58,0,28,10,0.8405297709867671
8274,222,20,21,8,173,10,0.16390442699846441
8275,68,12,25,0,31,10,0.7755178419833004
8276,156,10,41,0,105,10,0.7752519235812074
8277,222,13,43,0,166,10,0.6967302612303958
8278,198,11,40,0,147,10,0.7853597775846856
8279,154,10,31,0,113,10,0.8909498103875075
8280,132,29,8,23,72,10,0.1454715505366517
8281,483,11,48,0,424,10,0.7765110839932702
8282,7,7,0,0,0,7,0.6329754200599489
8283,4,4,0,0,0,4,0.2072234842168028
8284,5,5,0,0,0,5,0.43672318146400907
8285,77,10,30,0,37,10,0.7931012142440773
8286,33,11,13,0,9,10,0.6822093830106706
8287,57,11,33,0,13,10,0.8299575354773918
8288,9,9,0,0,0,9,0.6863723172372943
8289,18,13,4,0,1,0,nan
8290,9,9,0,0,0,0,nan
8291,19,13,5,0,1,10,0.7368150759530266
8292,1397,11,58,0,1328,10,0.8160399677803762
8293,190,18,29,10,133,10,0.02605703547285549
8294,495,10,75,0,410,10,0.8206662922661438
8295,693,10,66,5,612,10,0.8269116157456018
8296,349,10,39,8,292,10,0.8694429153613413
8297,219,10,59,8,142,10,0.5597948022831167
8298,32,11,14,2,5,10,0.6684867483261481
8299,26,12,7,1,6,10,0.6709988119853947
8300,38,11,20,0,7,10,0.7219089802458352
8301,90,13,20,0,57,10,0.7306710547422187
8302,132,10,32,1,89,10,0.7534744755934994
8303,85,12,35,1,37,10,0.7751748922709709
8304,208,10,30,9,159,10,0.7680809803531199
8305,261,10,34,3,214,10,0.6975623072097519
8306,401,11,29,9,352,10,0.6590738199079942
8307,582,11,59,3,509,10,0.8281334634913118
8308,1553,11,73,0,1469,10,0.8234538826643378
8309,1541,10,55,0,1476,10,0.8516189999761715
8310,59,10,32,0,17,10,0.7529131319431288
8311,1242,11,44,0,1187,10,0.8996448144203548
8312,108,13,18,1,76,10,0.6659569169195632
8313,21,13,6,0,2,10,0.5607960249743708
8314,30,12,12,0,6,10,0.7217500558201871
8315,34,11,12,0,11,10,0.6806117359146997
8316,22,11,8,0,3,10,0.7537700015171562
8317,22,12,6,0,4,10,0.7361225762915589
8318,24,11,11,0,2,10,0.6981023491152439
8319,16,12,2,0,2,10,0.7713929218599855
8320,8,7,0,0,1,7,0.43222724148467817
8321,8,7,0,0,1,7,0.35566156006391003
8322,11,8,0,1,2,10,0.3490686817137539
8323,19,11,5,1,2,10,0.5163567100583548
8324,6,6,0,0,0,6,0.42669717180473393
8325,94,10,25,0,59,10,0.7494000498785458
8326,22,12,9,0,1,10,0.5655893998801436
8327,40,12,17,0,11,10,0.6109534712904341
8328,73,13,24,4,32,10,0.712618698949799
8329,63,14,15,2,32,10,0.5239900553283396
8330,256,10,37,21,188,10,0.8178978575664182
8331,130,10,32,0,88,10,0.8282075384838993
8332,180,10,22,0,148,10,0.8675577078050742
8333,21,13,5,1,2,10,0.2431052948124768
8334,26,12,10,0,4,10,0.4501553796532537
8335,34,12,11,0,11,10,0.6185781151787616
8336,19,11,6,0,2,10,0.47246077763957434
8337,31,12,11,0,8,10,0.5510787407423829
8338,25,12,8,0,5,10,0.5054388208582237
8339,557,10,50,0,497,10,0.8487587701821608
8340,8,8,0,0,0,8,0.5893943288846812
8341,14,1,0,0,13,10,6.586845600708495e-06
8342,13,10,1,1,1,10,0.5805026339166925
8343,12,11,1,0,0,10,0.47097061737592816
8344,15,11,2,1,1,10,0.43418073992196254
8345,43,14,16,0,13,10,0.800090057314927
8346,525,10,48,0,467,10,0.8398527802125326
8347,19,13,2,2,2,10,0.6657340023085232
8348,12,10,0,1,1,10,0.6537923487719253
8349,32,13,13,1,5,10,0.5542540852395278
8350,10,5,0,4,1,9,0.07551869296771592
8351,116,12,26,23,55,10,0.753480753068341
8352,12,4,0,8,0,9,0.0009921804187837256
8353,20,13,6,1,0,10,0.2072861548177437
8354,4,4,0,0,0,4,0.1641613985894419
8355,24,5,0,12,7,8,0.010260370787189091
8356,47,15,19,4,9,10,0.48854103461900744
8357,53,21,9,9,14,10,0.333705112519049
8358,125,11,26,24,64,10,0.6075381560505817
8359,30,20,8,0,2,10,0.3422821406975716
8360,43,11,16,8,8,10,0.6731259498150957
8361,21,12,5,3,1,10,0.6239178472126723
8362,5,5,0,0,0,0,nan
8363,8,8,0,0,0,8,0.663132516651934
8364,5,5,0,0,0,0,nan
8365,8,8,0,0,0,0,nan
8366,5,5,0,0,0,5,0.4471240284256182
8367,7,7,0,0,0,7,0.614568329000667
8368,7,7,0,0,0,7,0.5978693129898914
8369,1,0,0,1,0,1,2.829119113388719e-05
8370,1,0,0,1,0,1,0.00036890853384033114
8371,3,3,0,0,0,3,0.2232542599188111
8372,172,10,15,0,147,10,0.7744512878356291
8373,29,11,15,0,3,10,0.7710092779590854
8374,23,13,7,0,3,10,0.7072143315985595
8375,26,11,9,0,6,10,0.6222928507730718
8376,9,6,0,1,2,9,0.0200596970661063
8377,11,11,0,0,0,10,0.685084313567356
8378,107,10,37,0,60,10,0.8278689044321185
8379,27,12,9,0,6,10,0.6831962671176479
8380,13,10,1,0,2,10,0.29711475381081937
8381,6,6,0,0,0,6,0.46903591206258827
8382,136,11,45,0,80,10,0.7154230659980565
8383,313,10,39,0,264,10,0.8548785304799138
8384,459,10,50,0,399,10,0.7378479620720015
8385,160,10,41,0,109,10,0.45328881874622085
8386,332,10,37,0,285,10,0.9050148392451476
8387,28,6,6,4,12,10,0.013065414001862313
8388,240,10,47,0,183,10,0.7575289204649016
8389,59,13,29,0,17,10,0.852076455730518
8390,22,11,4,1,6,10,0.6659510857371278
8391,140,10,29,12,89,10,0.7389464690990794
8392,1956,10,51,10,1885,10,0.8894147680707152
8393,227,10,78,0,139,10,0.7565750384329157
8394,35,11,19,0,5,10,0.6754702807525286
8395,258,10,60,0,188,10,0.9171505037881891
8396,504,10,72,2,420,10,0.8289619565656821
8397,285,10,51,3,221,10,0.9104258673164739
8398,49,12,25,1,11,10,0.695021880502561
8399,82,10,28,2,42,10,0.7048403306620276
8400,28,14,12,0,2,10,0.6743534584435718
8401,82,28,9,17,28,10,0.0800131068213848
8402,32,17,11,2,2,10,0.3217390893384139
8403,64,14,18,0,32,10,0.5675023355917195
8404,136,10,33,6,87,10,0.7931376847751208
8405,80,11,31,0,38,10,0.783784989334068
8406,56,12,26,1,17,10,0.7598630826827641
8407,134,10,34,4,86,10,0.8263606959274006
8408,172,10,53,7,102,10,0.8271911318958096
8409,184,10,41,3,130,10,0.8801662121643312
8410,320,10,67,6,237,10,0.8164061687934632
8411,107,10,43,0,54,10,0.8286085956417135
8412,106,10,44,0,52,10,0.7247907737968138
8413,70,12,28,0,30,10,0.6941337791897291
8414,55,13,23,7,12,10,0.6234250962878085
8415,106,10,29,3,64,10,0.7304693863745488
8416,108,10,40,0,58,10,0.7239460995764897
8417,200,10,53,0,137,10,0.8823997011730622
8418,27,11,15,0,1,10,0.6771340042256158
8419,23,11,11,0,1,10,0.5406936488155809
8420,29,12,14,0,3,10,0.7277714809345702
8421,33,11,18,0,4,10,0.5883367844459209
8422,25,13,11,0,1,10,0.3660706777749898
8423,76,10,34,0,32,10,0.826975758822632
8424,23,13,7,3,0,10,0.6004230911187569
8425,6,1,0,5,0,5,0.0010461562922858558
8426,34,10,16,4,4,10,0.3323233674692885
8427,17,11,5,0,1,10,0.6700522352775353
8428,4,4,0,0,0,4,0.3978574524438508
8429,880,11,56,14,799,10,0.8337927070330905
8430,297,10,40,0,247,10,0.8138280005391865
8431,11,11,0,0,0,10,0.8289390747421774
8432,3,3,0,0,0,3,0.3230249818903769
8433,2,2,0,0,0,2,0.05532622133930898
8434,33,12,17,0,4,10,0.7710498945748518
8435,287,11,56,0,220,10,0.8587399019006096
8436,65,13,36,0,16,10,0.6853669674463552
8437,30,19,4,3,4,10,0.15974419365424541
8438,1726,16,50,8,1652,10,0.24883108730588077
8439,337,10,43,0,284,10,0.8745044310339121
8440,363,10,33,0,320,10,0.7567231489972539
8441,25,11,14,0,0,10,0.7004925544436584
8442,26,12,12,0,2,10,0.6884007778026355
8443,31,12,15,0,4,10,0.6401571459795915
8444,1572,10,53,0,1509,10,0.9264856883543704
8445,312,10,43,0,259,10,0.8790880392815769
8446,80,10,34,0,36,10,0.8171675670601632
8447,105,10,36,0,59,10,0.8524317983203402
8448,11,11,0,0,0,10,0.602249049630011
8449,31,11,19,0,1,10,0.6986092280369585
8450,2577,11,49,0,2517,10,0.8844392133022361
8451,23,15,7,0,1,10,0.6412066756492018
8452,32,14,12,0,6,10,0.16937239144220811
8453,232,11,50,0,171,10,0.8444866038469777
8454,120,12,50,0,58,10,0.8150991832143915
8455,161,10,45,0,106,10,0.6588001516753872
8456,121,13,49,0,59,10,0.7561797442105067
8457,72,10,35,0,27,10,0.807359094345482
8458,41,11,26,0,4,10,0.6483702771789616
8459,57,12,22,0,23,10,0.6240123929934822
8460,62,12,32,0,18,10,0.79334207012267
8461,53,12,37,0,4,10,0.647926840932751
8462,124,10,53,0,61,10,0.8195712301563743
8463,3353,10,56,0,3287,10,0.8224713545521978
8464,21,11,8,0,2,10,0.6223045609066902
8465,32,12,18,0,2,10,0.6635297757847844
8466,37,14,7,2,14,10,0.6868571942308588
8467,58,15,26,2,15,10,0.7614603060107005
8468,67,14,30,0,23,10,0.7046165462947855
8469,57,15,25,0,17,10,0.7531435438683928
8470,53,14,21,0,18,10,0.6832221288387752
8471,10,10,0,0,0,10,0.7303104838850321
8472,5,3,0,0,2,5,0.004541317852205121
8473,73,12,37,0,24,10,0.5026953649362033
8474,62,10,39,0,13,10,0.49855928341427513
8475,163,10,72,0,81,10,0.5349603502175405
8476,1280,10,44,0,1226,10,0.7884637036542337
8477,268,10,33,0,225,10,0.6974491053250298
8478,7,7,0,0,0,7,0.7913997056689833
8479,15,11,3,0,1,10,0.6980420571551549
8480,19,12,2,4,1,10,0.7247394938327908
8481,16,12,0,3,1,10,0.7095633101527313
8482,966,10,57,0,899,10,0.8998994839228335
8483,587,10,60,0,517,10,0.8023197549240346
8484,21,13,5,0,3,10,0.5114715808610649
8485,38,13,10,1,14,10,0.7807487455739954
8486,58,11,17,5,25,10,0.7339938029685407
8487,38,12,15,5,6,10,0.5060189258454251
8488,41,11,14,8,8,10,0.6730663270160975
8489,42,13,8,9,12,10,0.5405006042959335
8490,13,12,0,0,1,10,0.22174165600363563
8491,78,12,14,0,52,10,0.573326634682876
8492,756,10,52,0,694,10,0.8270322347735698
8493,20,11,8,0,1,10,0.75345461259214
8494,321,10,42,0,269,10,0.8400574209404226
8495,31,12,14,0,5,10,0.7373470188119957
8496,28,11,12,0,5,10,0.6338690439050652
8497,36,10,16,0,10,10,0.671117848716725
8498,85,10,25,0,50,10,0.8867127505000962
8499,15,12,2,0,1,10,0.6280498493774671
8500,13,12,1,0,0,10,0.618461539059141
8501,70,14,23,0,33,10,0.6857195544085748
8502,32,11,16,0,5,10,0.7154036188472708
8503,129,11,41,0,77,10,0.785881678271501
8504,40,10,21,0,9,10,0.7812405311766304
8505,114,10,28,0,76,10,0.707630679927113
8506,139,11,64,7,57,10,0.7757256322448373
8507,849,10,63,18,758,10,0.7665532447881429
8508,41,12,24,0,5,10,0.6037367433380127
8509,191,12,54,9,116,10,0.8225916470072621
8510,330,12,24,13,281,10,0.47939029903577723
8511,108,10,41,0,57,10,0.8155892014274873
8512,425,10,49,0,366,10,0.8157216337403699
8513,192,12,46,0,134,10,0.9020086861930113
8514,118,10,41,0,67,10,0.8701266239881615
8515,55,11,40,0,4,10,0.6001450611876011
8516,9366,17,28,0,9321,10,0.5162274194962155
8517,63,13,29,0,21,10,0.7948035876157858
8518,33,11,15,0,7,10,0.746364130025257
8519,39,12,20,0,7,10,0.8538613952164653
8520,30,12,10,0,8,10,0.7419263542817358
8521,32,14,10,3,5,10,0.46531855065908767
8522,280,11,31,0,238,10,0.8913348973258151
8523,968,10,31,0,927,10,0.8130097283244425
8524,6,6,0,0,0,6,0.6902795204673877
8525,11,9,0,2,0,9,0.7134251226987016
8526,12,11,0,1,0,10,0.6632159316299239
8527,13,12,1,0,0,10,0.6744028601368826
8528,7,6,0,0,1,6,0.5764417948711591
8529,114,10,29,0,75,10,0.834238190688831
8530,32,10,12,1,9,10,0.6744627363977662
8531,49,12,18,0,19,10,0.7765956456707646
8532,79,12,17,17,33,10,0.7489397789332859
8533,31,7,10,9,5,10,0.013592597704587839
8534,72,19,17,9,27,10,0.23824098003128152
8535,146,10,36,0,100,10,0.8620603099258234
8536,208,10,32,0,166,10,0.7298868002579599
8537,6,5,0,0,1,5,0.5431058774038101
8538,6,5,0,0,1,5,0.5291199685170345
8539,37,15,6,1,15,10,0.7456193290716161
8540,15,11,2,0,2,10,0.5413052415407794
8541,62,12,24,0,26,10,0.6560837647674025
8542,17,11,3,0,3,10,0.6391630595748513
8543,63,12,22,0,29,10,0.7242844755890383
8544,69,11,35,3,20,10,0.7465462414989108
8545,573,10,58,16,489,10,0.8713319916757447
8546,25,11,11,0,3,10,0.685779516214622
8547,89,11,29,6,43,10,0.6652505365882528
8548,169,16,5,10,138,10,0.6476395038356906
8549,62,13,29,0,20,10,0.7083025220242315
8550,214,10,41,0,163,10,0.8616967372561348
8551,86,12,33,0,41,10,0.8147540856172585
8552,56,13,16,0,27,10,0.6343575968362709
8553,73,10,29,5,29,10,0.7416462901182463
8554,111,10,44,0,57,10,0.44768248356043483
8555,32,10,21,0,1,10,0.6280644926692269
8556,9,7,0,1,1,8,0.38303640445874737
8557,18,13,1,4,0,10,0.6875423604087312
8558,30,14,9,2,5,10,0.14953087811294602
8559,61,12,26,0,23,10,0.04677749409279311
8560,3,3,0,0,0,3,0.5073388505984984
8562,1,1,0,0,0,1,0.024337548090572432
8563,2,2,0,0,0,2,0.14793189866907958
8564,133,10,30,0,93,10,0.8097089677277475
8565,18,11,7,0,0,10,0.8129758558499114
8566,18,13,4,0,1,10,0.6183937881980021
8567,17,10,7,0,0,10,0.5947852654141568
8568,52,12,18,0,22,10,0.8657793524153335
8569,10,10,0,0,0,10,0.6782302767458491
8570,84,10,30,0,44,10,0.7522353260887733
8571,12,10,1,0,1,10,0.6793895504483864
8572,9,8,0,0,1,8,0.24671221777026106
8573,5,5,0,0,0,5,0.25570182475828396
8574,45,13,16,0,16,10,0.05087050046446087
8575,43,16,12,8,7,10,0.1145438078081136
8576,569,10,53,0,506,10,0.8765483096971047
8577,3670,10,42,0,3618,10,0.8169309617192441
8578,22,11,10,0,1,10,0.5900809286239237
8579,29,11,10,0,8,10,0.7403972737783016
8580,50,11,19,1,19,10,0.7076363044749533
8581,31,12,17,0,2,10,0.6389498084199505
8582,36,11,17,0,8,10,0.7515092182138035
8583,132,10,47,0,75,10,0.8148329847035166
8584,80,10,35,0,35,10,0.8213473225477237
8585,124,10,37,0,77,10,0.8005744805922317
8586,61,12,24,0,25,10,0.812196307071452
8587,23,16,0,5,2,10,0.16007723483361058
8588,390,11,45,0,334,10,0.8815593495620263
8589,545,18,55,0,472,10,0.8721840660823752
8590,466,10,54,0,402,10,0.793107663576198
8591,297,16,9,5,267,10,0.22542964257815326
8592,16,12,4,0,0,10,0.30697547379901097
8593,37,10,19,0,8,10,0.366830002763163
8594,3,3,0,0,0,3,0.7744660654144623
8595,3,3,0,0,0,3,0.1262773088166043
8596,6,6,0,0,0,6,0.4890686004972295
8597,69,14,28,0,27,10,0.7560845905208249
8598,34,13,12,0,9,10,0.6791822079439114
8599,54,13,30,0,11,10,0.8945188767312854
8600,15,13,1,0,1,10,0.6808401941956663
8601,57,13,23,0,21,10,0.8230904678935007
8602,18,10,2,4,2,10,0.3293563311614598
8603,21,12,9,0,0,10,0.611734170770609
8604,292,10,43,0,239,10,0.7815901871759534
8605,50,13,17,0,20,10,0.71436939087163
8606,42,13,16,0,13,10,0.748480993645045
8607,69,10,23,0,36,10,0.7087287421679284
8608,37,12,17,0,8,10,0.5735719294064731
8609,19,11,8,0,0,10,0.6501375893996544
8610,38,12,18,0,8,10,0.7224519613789857
8611,278,11,46,0,221,10,0.8957046433657887
8612,1490,10,43,0,1437,10,0.8575124298647714
8613,8,8,0,0,0,8,0.5225484498703699
8614,18,13,3,0,2,10,0.7359914482255494
8615,19,12,3,2,2,10,0.7369344628331507
8616,22,10,11,0,1,10,0.7774126172311416
8617,60,22,25,2,11,10,0.35522150835465294
8618,34,9,13,9,3,6,0.020472673461305345
8619,333,10,42,0,281,10,0.8134965497870992
8620,388,10,39,1,338,10,0.760259709340414
8621,5,4,0,0,1,4,0.3434526834012766
8622,63,14,24,0,25,10,0.7570833812819344
8623,24,13,10,0,1,10,0.7560477525267569
8624,80,10,30,0,40,10,0.8532012507730331
8625,37,13,17,0,7,10,0.5547599026467533
8626,41,13,12,1,15,10,0.635486856935177
8627,28,13,11,0,4,10,0.6697748133187872
8628,15,12,3,0,0,10,0.6573538989051255
8629,20,13,6,0,1,10,0.4536150636259146
8630,14,13,0,1,0,10,0.26310115157592706
8631,17,11,1,3,2,10,0.6441373687130638
8632,22,15,3,2,2,10,0.5388150988198928
8633,1268,11,33,11,1213,10,0.811275515302763
8634,274,10,33,11,220,10,0.8865616257423966
8635,15,10,3,0,2,10,0.7698996232183342
8636,34,11,14,0,9,10,0.7531722772986942
8637,165,10,36,1,118,10,0.8535351914956435
8638,385,10,53,0,322,10,0.8615124113487116
8639,353,12,45,0,296,10,0.7979544314267702
8640,65,13,21,2,29,10,0.78890283394276
8641,17,12,4,0,1,10,0.7099551419156113
8642,1068,12,39,10,1007,10,0.7856441384563062
8643,126,10,28,0,88,10,0.7704619825927151
8644,462,10,53,1,398,10,0.8560082260395174
8645,2166,10,44,0,2112,10,0.8314915168667663
8646,470,10,53,0,407,10,0.7415839575092229
8648,5,5,0,0,0,5,0.36619392168560677
8649,3,3,0,0,0,3,0.2832505305587705
8650,3,3,0,0,0,3,0.2568750304967581
8651,2,2,0,0,0,2,0.5620727585107413
8652,5,5,0,0,0,5,0.36887680055163213
8653,91,10,26,0,55,10,0.8269160015668752
8654,24,14,7,0,3,10,0.6339267838991256
8655,667,10,64,0,593,10,0.8611989859710805
8656,405,12,53,0,340,10,0.8370162540873656
8658,6,6,0,0,0,6,0.3770745745386441
8659,3,3,0,0,0,3,0.3301803420457306
8660,5,5,0,0,0,5,0.32528852740020264
8661,4,4,0,0,0,4,0.5471119281310911
8662,3,3,0,0,0,3,0.4667154332454897
8663,82,11,25,0,46,10,0.8748765618718826
8664,26,12,9,0,5,10,0.5080790835494651
8665,52,12,21,0,19,10,0.8245833703628739
8666,209,10,26,0,173,10,0.8967156035095267
8667,20,13,4,0,3,10,0.7516754650892135
8668,26,15,9,0,2,10,0.7780310023854144
8669,37,12,15,0,10,10,0.7937476225608515
8670,18,12,6,0,0,10,0.4917330870519116
8671,7,7,0,0,0,7,0.4382798058663898
8672,42,12,17,1,12,10,0.6456894201104464
8673,33,11,13,0,9,10,0.728832793661542
8674,12,10,2,0,0,10,0.6815462489219611
8675,12,11,1,0,0,10,0.5579518739517962
8676,227,10,59,6,152,10,0.9010476469759243
8677,11,10,1,0,0,10,0.5188534982952204
8678,22,12,9,0,1,10,0.6998123174096957
8679,19,12,7,0,0,10,0.719084579066163
8680,12,11,1,0,0,10,0.47219202260576687
8681,400,10,54,0,336,10,0.8074350185628818
8682,174,10,37,0,127,10,0.7368299651481397
8683,37,12,19,0,6,10,0.7668641910857055
8684,52,12,23,0,17,10,0.7214681602452664
8685,18,11,7,0,0,10,0.8351785513678658
8686,24,12,10,0,2,10,0.6620527568776855
8687,57,12,25,0,20,10,0.7427887987179991
8688,11,11,0,0,0,10,0.3141758953931467
8689,1519,10,49,0,1460,10,0.8935951358971361
8690,12,10,2,0,0,10,0.6472276342646053
8691,240,10,36,0,194,10,0.846372218080798
8692,20,14,5,0,1,10,0.7256974884583807
8693,20,13,5,0,2,10,0.6185025331265595
8694,18,12,2,2,2,10,0.6888055147907666
8695,1802,10,57,0,1735,10,0.902129606787321
8696,477,11,55,0,411,10,0.8150134554180205
8697,86,10,43,0,33,10,0.7775294349859083
8698,53,12,24,0,17,10,0.7145818079436868
8699,52,13,23,0,16,10,0.7735722791912116
8700,42,11,21,0,10,10,0.8070494026813955
8701,30,11,17,0,2,10,0.7034358283736356
8702,36,12,20,0,4,10,0.6015755536311239
8703,2322,10,48,0,2264,10,0.9285453915327573
8704,467,10,44,0,413,10,0.8839150749316969
8705,12,10,1,0,1,10,0.7116967570851941
8706,31,14,15,0,2,10,0.7624443959459568
8707,19,13,4,0,2,10,0.7059588281204769
8708,22,12,9,0,1,10,0.6536118769305477
8709,1226,10,62,0,1154,10,0.8880291302953806
8710,15,11,4,0,0,10,0.7530496383257116
8711,423,10,59,0,354,10,0.8972627225255599
8712,32,11,17,1,3,10,0.716994289481603
8713,19,11,7,0,1,10,0.6204724437556111
8714,33,13,14,0,6,10,0.7574579269105162
8715,1383,10,49,0,1324,10,0.8629263670176197
8716,17,13,3,0,1,10,0.48041541740875143
8717,42,10,23,0,9,10,0.7748193090380148
8718,74,10,34,0,30,10,0.8026356061326068
8719,94,10,43,0,41,10,0.818156615288067
8720,46,12,22,0,12,10,0.7993317404669961
8721,93,10,44,0,39,10,0.811958738937617
8722,38,13,16,0,9,10,0.6717943638046753
8723,19,10,9,0,0,10,0.6562302719982764
8724,14,11,0,3,0,10,0.7827766892044112
8725,14,13,0,0,1,10,0.505419378485983
8726,18,11,5,2,0,10,0.5723902943195209
8727,25,12,9,3,1,10,0.6135658979349945
8728,22,12,6,1,3,10,0.825614440437995
8729,160,12,30,0,118,10,0.273990760172503
8730,4,4,0,0,0,4,0.4863942822128437
8731,1866,10,49,0,1807,10,0.8959962861493647
8732,31,11,17,0,3,10,0.6586878973120208
8733,85,10,35,0,40,10,0.9033026290067527
8734,48,12,25,0,11,10,0.7870467985271485
8735,50,12,26,0,12,10,0.7732035335667724
8736,80,11,23,0,46,10,0.9068687942137401
8737,15,11,1,2,1,10,0.8273026927012027
8738,26,10,10,3,3,10,0.7240392798637438
8739,14,13,0,0,1,10,0.5439871670251948
8740,11,10,0,0,1,10,0.6671037707252021
8741,42,14,11,8,9,10,0.40521484303264066
8742,12,8,0,4,0,9,0.19484017861264566
8743,15,12,0,2,1,10,0.679616014870854
8744,12,11,1,0,0,10,0.5174417993420034
8745,141,10,39,0,92,10,0.8265424682471951
8746,739,16,64,2,657,10,0.19258479400842624
8747,1597,18,78,0,1501,10,0.4463894094612834
8748,169,10,50,0,109,10,0.8843514425117054
8749,116,10,59,0,47,10,0.739627944768809
8750,59,10,37,0,12,10,0.8452459172475233
8751,41,10,23,0,8,10,0.8029695551661494
8752,17,8,9,0,0,10,0.02157350765726083
8753,57,12,21,0,24,10,0.6524633778208322
8754,555,10,75,0,470,10,0.9111639655133357
8755,440,10,50,0,380,10,0.8721396394287766
8756,20,11,8,0,1,10,0.4572006695355959
8757,113,10,51,0,52,10,0.7791462865066425
8758,73,11,35,0,27,10,0.8409041899759235
8759,84,10,39,0,35,10,0.8138486073984466
8760,28,11,14,0,3,10,0.6921296795720262
8761,31,12,12,0,7,10,0.5907905484579158
8762,149,10,49,5,85,10,0.19709915071022344
8763,135,10,41,1,83,10,0.7381607149426724
8764,82,26,17,1,38,10,0.2527096231553032
8765,69,22,18,5,24,10,0.2991397385859452
8766,121,10,39,0,72,10,0.8001416149558938
8767,696,10,62,0,624,10,0.8527162623538642
8768,926,10,57,0,859,10,0.8762388043139397
8769,79,12,31,0,36,10,0.7751455346320895
8770,147,12,26,13,96,10,0.4865792969887981
8771,298,10,30,0,258,10,0.7832438638386346
8772,175,10,46,6,113,10,0.7876149552519833
8773,280,11,42,9,218,10,0.7305369239608379
8774,48,13,25,2,8,10,0.4424746977863246
8775,276,11,27,10,228,10,0.6135270741796163
8776,258,10,29,0,219,10,0.6694625179205653
8777,630,11,58,21,540,10,0.7446444814075931
8778,504,10,40,15,439,10,0.6327889440510377
8779,206,11,52,8,135,10,0.7780137153834064
8780,665,10,61,0,594,10,0.7899354738409476
8781,132,13,49,0,70,10,0.6566625439779418
8782,11,11,0,0,0,10,0.6558567842550123
8783,25,10,12,0,3,10,0.7451063948212179
8784,59,14,31,0,14,10,0.5112458265120086
8785,693,10,75,6,602,10,0.6601540415310045
8786,24,10,12,0,2,10,0.19537744170921284
8787,40,11,17,0,12,10,0.3746568342300382
8788,156,10,44,0,102,10,0.4238088873504668
8789,87,10,44,0,33,10,0.54617495333548
8790,39,25,0,14,0,10,0.3627467906074443
8791,19,11,0,8,0,10,0.2833682150090291
8792,15,13,2,0,0,10,0.3856878519692363
8793,17,13,3,0,1,10,0.3577590668567284
8794,17,12,4,0,1,10,0.6674618921688933
8795,27,10,11,0,6,10,0.6679233311524096
8796,19,12,6,0,1,10,0.4657805796195187
8797,3077,10,68,0,2999,10,0.9160165090081074
8798,93,10,43,0,40,10,0.7723185886254891
8799,31,10,16,0,5,10,0.7460693061095066
8800,33,12,17,0,4,10,0.7588847215365464
8801,545,14,60,0,471,10,0.40163452223934554
8802,18,18,0,0,0,10,0.5880767234684667
8803,63,12,13,21,17,10,0.6693270080045545
8804,17,15,1,1,0,10,0.5733591206448057
8805,18,13,5,0,0,10,0.6770888495430913
8806,46,11,9,12,14,10,0.6937684188200216
8807,6,0,0,5,1,4,5.581125202919638e-06
8808,24,18,0,5,1,10,0.4622567975775632
8809,30,16,4,6,4,10,0.35800272324080007
8810,48,11,16,5,16,10,0.6253028797226514
8811,5,5,0,0,0,5,0.222877208029213
8812,26,12,9,0,5,10,0.528024382108734
8813,57,15,14,1,27,10,0.7528454575362569
8814,53,13,18,7,15,10,0.6427708405699069
8815,31,13,11,2,5,10,0.618447074212828
8816,87,13,17,13,44,10,0.695784957385218
8817,42,13,12,4,13,10,0.7404500560221798
8818,73,11,27,1,34,10,0.812681078743314
8819,168,10,35,4,119,10,0.8820634205998643
8820,123,11,38,1,73,10,0.7490962733458445
8821,54,14,21,2,17,10,0.8052199071876975
8822,92,10,35,0,47,10,0.6735953753449024
8823,20,12,8,0,0,10,0.7680445235714155
8824,125,11,20,0,94,10,0.6411871061980476
8825,648,11,66,0,571,10,0.8409438372306153
8826,475,12,109,0,354,10,0.8136897143217481
8827,7,7,0,0,0,7,0.5330732526878018
8828,53,11,25,0,17,10,0.8302511964064208
8829,156,10,21,0,125,10,0.6351204638413505
8830,14,10,3,0,1,10,0.6551523911023328
8831,2278,11,59,0,2208,10,0.9171625495238769
8832,195,11,64,0,120,10,0.881538663922721
8833,63,15,15,4,29,10,0.687071831121747
8834,36,11,14,1,10,10,0.5624309456032082
8835,90,10,22,0,58,10,0.6303734827280476
8836,130,10,31,0,89,10,0.7632224474602012
8837,371,10,30,0,331,10,0.9035065950627238
8838,119,10,31,0,78,10,0.7459064524868243
8839,17,15,0,0,2,10,0.5676803419530545
8840,11,11,0,0,0,10,0.3347137121562265
8841,100,11,31,7,51,10,0.7260920173182672
8842,92,10,42,3,37,10,0.752854265847479
8843,230,10,46,5,169,10,0.7056693816544779
8844,164,10,44,0,110,10,0.732588089557773
8845,32,11,20,0,1,10,0.4589759605532301
8846,16,12,4,0,0,10,0.6446413486701352
8847,84,15,29,0,40,10,0.7071829990286452
8848,260,36,12,0,212,10,0.1358927713551551
8849,100,10,54,0,36,10,0.7563708604009886
8850,89,10,47,0,32,10,0.5650473439270918
8851,57,12,32,0,13,10,0.7457134842568008
8852,57,10,32,0,15,10,0.7987971272175809
8853,61,11,32,0,18,10,0.8354197747955963
8854,1926,13,37,0,1876,10,0.9276563080703222
8855,744,10,70,0,664,10,0.7460149854894242
8856,19,13,4,0,2,10,0.5927923770739091
8857,21,11,8,0,2,10,0.6701906877259295
8858,26,13,9,0,4,10,0.679992982022879
8859,25,14,10,0,1,10,0.42863183186457265
8860,25,16,9,0,0,10,0.3371493971255764
8861,18,12,5,0,1,10,0.6253532152018981
8862,78,10,33,0,35,10,0.7589388348057347
8863,6,6,0,0,0,6,0.5118492084699797
8864,96,10,43,0,43,10,0.46765896324725764
8865,67,10,35,0,22,10,0.6075711730860824
8866,73,13,33,0,27,10,0.641033344797842
8867,103,10,50,0,43,10,0.6148468197701202
8868,27,11,15,0,1,10,0.8452181873686027
8869,31,11,18,0,2,10,0.8404136179866826
8870,161,10,60,0,91,10,0.704516343433768
8871,376,10,60,0,306,10,0.7769362817598607
8872,131,10,38,3,80,10,0.5853585059172743
8873,6,6,0,0,0,6,0.3817437455600332
8874,6,6,0,0,0,6,0.4009504545964063
8875,33,10,14,0,9,10,0.6628697086750706
8876,20,11,8,0,1,10,0.7578902904893907
8877,23,11,10,0,2,10,0.7324709224994809
8878,11,11,0,0,0,10,0.66474866612964
8879,43,12,28,0,3,10,0.7489239035303972
8880,72,11,41,0,20,10,0.7659932613005419
8881,17,11,5,0,1,10,0.7683353478560472
8882,20,10,9,0,1,10,0.7623851695607583
8883,276,10,62,0,204,10,0.8229093814444373
8884,515,12,46,11,446,10,0.6692018998132994
8885,729,10,57,13,649,10,0.8417351938842895
8886,17,12,3,0,2,10,0.6196999653468611
8887,3,3,0,0,0,3,0.4843235842639245
8888,16,13,1,0,2,10,0.4569840150977805
8889,588,14,17,19,538,10,0.20226879668367675
8890,579,14,42,9,514,10,0.7505323399952271
8891,144,10,32,0,102,10,0.8532277317138104
8892,297,10,36,0,251,10,0.8902546020608126
8893,188,11,30,0,147,10,0.7228995870239499
8894,3480,10,54,5,3411,10,0.9032933313469511
8895,9,9,0,0,0,9,0.6782295233632881
8896,7,7,0,0,0,7,0.17587635848473288
8897,8,8,0,0,0,8,0.35775551664623584
8898,47,12,19,0,16,10,0.6967295566241406
8899,5,5,0,0,0,5,0.6448393557710463
8900,6,6,0,0,0,6,0.3885164657604464
8901,17,12,2,0,3,10,0.6763569029438986
8902,9,9,0,0,0,9,0.4940533632546677
8903,16,13,3,0,0,10,0.646315892896187
8904,28,12,11,0,5,10,0.5774764793383778
8905,2063,10,37,0,2016,10,0.8168668357593483
8906,55,11,24,0,20,10,0.6849933710366198
8907,20,11,8,0,1,10,0.6025162896279339
8908,9,9,0,0,0,9,0.6002288508464653
8909,20,11,9,0,0,10,0.6844763375203793
8910,100,13,1,39,47,10,0.00884970875301461
8911,19,12,7,0,0,10,0.540150288146231
8912,141,12,40,0,89,10,0.7986798605317406
8913,460,9,48,0,403,10,0.4916655718728856
8914,235,11,58,0,166,10,0.6464155954872013
8915,111,10,60,0,41,10,0.6611450668094723
8916,154,10,52,0,92,10,0.7311384975374435
8917,202,10,70,0,122,10,0.8351421586950425
8918,175,10,64,0,101,10,0.7658435173277742
8919,121,10,50,0,61,10,0.6451514608474862
8920,3032,10,46,1,2975,10,0.8035100419803597
8921,190,11,20,12,147,10,0.6818686929940895
8922,40,11,25,0,4,10,0.7052341481631478
8923,47,12,26,0,9,10,0.6809978393678887
8924,154,10,44,4,96,10,0.8056046024565069
8925,160,10,43,0,107,10,0.9212312606683443
8926,163,13,47,3,100,10,0.8933472217929982
8927,453,10,71,0,372,10,0.8709661968280653
8928,322,10,50,0,262,10,0.9054890079430093
8929,1920,10,40,6,1864,10,0.8846799495946815
8930,994,12,82,2,898,10,0.8133532742142229
8931,14,13,1,0,0,10,0.6633584243722572
8932,166,11,62,0,93,10,0.7857533696850345
8933,13,10,3,0,0,10,0.7227393919512302
8934,7,7,0,0,0,7,0.5065054524105137
8935,63,14,21,0,28,10,0.6761595732341283
8936,37,16,11,0,10,10,0.4520777279178144
8937,166,12,24,8,122,10,0.7241549795435123
8938,244,10,29,0,205,10,0.809031857321911
8939,410,10,30,0,370,10,0.7953405857788808
8940,186,10,38,0,138,10,0.7575671899768197
8941,290,11,23,0,256,10,0.8058451130315119
8942,190,12,19,14,145,10,0.7863122491411632
8943,67,13,24,2,28,10,0.5796220666609975
8944,8,6,1,1,0,7,0.07393173895090827
8945,175,10,39,7,119,10,0.6220712327582607
8946,39,11,20,0,8,10,0.6894251103625872
8947,459,11,44,3,401,10,0.8358770454797502
8948,304,11,20,0,273,10,0.8624159981678162
8949,199,10,38,1,150,10,0.7655164417889244
8950,335,10,28,17,280,10,0.7510801576676236
8951,45,15,20,0,10,10,0.5995701883744194
8952,259,13,19,10,217,10,0.6566084010928405
8953,280,11,27,3,239,10,0.7498387597488494
8954,79,16,2,24,37,10,0.059762975998563894
8955,696,10,42,0,644,10,0.8484883495874624
8956,66,13,15,7,31,10,0.6887053692724976
8957,32,10,18,1,3,10,0.6665842786888853
8958,292,11,26,12,243,10,0.912710981013273
8959,72,16,26,1,29,10,0.777526788022403
8960,302,11,34,3,254,10,0.8999098088736437
8961,272,10,47,0,215,10,0.8489489419730266
8962,240,11,45,0,184,10,0.7950130400531058
8963,343,10,36,0,297,10,0.8215934526294912
8964,585,10,73,1,501,10,0.9197424672805612
8965,349,10,38,0,301,10,0.8477728011552503
8966,48,13,16,0,19,10,0.7763103303234922
8967,517,11,80,0,426,10,0.7838348221945153
8968,184,7,5,27,145,10,0.005343304372078505
8969,42,14,6,3,19,10,0.027023943918247632
8970,353,2,23,0,328,10,0.0007025156052874806
8971,168,11,56,0,101,10,0.5313369840848112
8972,109,12,51,0,46,10,0.660324490002397
8973,169,10,56,0,103,10,0.7973481145519776
8974,114,10,53,0,51,10,0.7672849149466212
8975,122,12,60,0,50,10,0.792372521557631
8976,146,12,47,0,87,10,0.5927029018374195
8977,260,12,32,0,216,10,0.7102071505450271
8978,5109,10,63,0,5036,10,0.8859659305401684
8979,42,12,17,0,13,10,0.6694230839529827
8980,79,10,38,0,31,10,0.8105459691925785
8981,68,12,30,0,26,10,0.8056606824447019
8982,62,13,32,0,17,10,0.7742587652403363
8983,121,11,49,0,61,10,0.3001507867467651
8984,511,11,68,0,432,10,0.7617023645489046
8985,68,13,31,0,24,10,0.09828354024996241
8986,1656,10,64,0,1582,10,0.8755424894922617
8987,105,10,41,0,54,10,0.7398942542136888
8988,91,11,35,0,45,10,0.6332216283274865
8989,55,13,26,0,16,10,0.6387883022826751
8990,75,11,39,0,25,10,0.7832126099432846
8991,56,11,32,3,10,10,0.6975909662255755
8992,2329,12,48,0,2269,10,0.890078752142616
8993,873,10,69,0,794,10,0.8307251455492863
8994,891,12,71,8,800,10,0.349578410039432
8995,37,16,0,4,17,10,0.009661346068292154
8996,105,10,46,7,42,10,0.5112293962861316
8997,20,12,1,3,4,10,0.03561527855726643
8998,11,10,0,1,0,10,0.4410187286437327
8999,11,11,0,0,0,10,0.6528991241599924
9000,10,10,0,0,0,10,0.13117719432907637
9001,5,5,0,0,0,5,0.3110229547297226
9002,36,12,10,6,8,10,0.5248838267024197
9003,14,12,0,0,2,10,0.5852379358882358
9004,38,12,6,9,11,10,0.5994831537626122
9005,10,9,0,1,0,10,0.10658348639453744
9006,8,8,0,0,0,8,0.05945223714635788
9007,28,12,7,7,2,10,0.6561191681369039
9008,24,18,1,2,3,10,0.31986770264298736
9009,30,12,9,7,2,10,0.5823049899236856
9010,22,13,3,0,6,10,0.5090404538040425
9011,40,12,6,9,13,10,0.7175355724542611
9012,14,12,0,2,0,10,0.4623505522335857
9013,9,9,0,0,0,9,0.3763723495572827
9014,20,12,0,8,0,10,0.1915674723660314
9015,43,11,12,5,15,10,0.511452243700051
9016,117,11,21,10,75,10,0.7727117974004772
9017,34,10,8,3,13,10,0.7493787844463121
9018,43,14,18,1,10,10,0.6357311332878299
9019,77,10,19,11,37,10,0.7411977671013219
9020,17,6,1,9,1,8,0.03261932826632669
9021,39,14,9,5,11,10,0.4960672465801119
9022,52,13,15,1,23,10,0.6563069133309002
9023,92,10,24,2,56,10,0.6784843915496296
9024,12,10,2,0,0,10,0.28544077002452983
9025,45,14,14,0,17,10,0.7710149046222798
9026,118,10,30,0,78,10,0.8039149729046446
9027,91,10,26,4,51,10,0.7943260511784237
9028,69,12,26,0,31,10,0.7590894296609518
9029,168,10,30,14,114,10,0.5838475717250131
9030,68,12,28,4,24,10,0.7095418840444865
9031,160,10,36,20,94,10,0.8664386994256296
9032,94,23,7,14,50,10,0.05370391109857738
9033,327,11,37,0,279,10,0.6607169033290697
9034,318,12,16,0,290,10,0.24417962142883098
9035,21,12,6,3,0,10,0.4402603659868173
9036,15,14,0,1,0,10,0.20508986875636898
9037,16,10,0,4,2,10,0.4906638953302218
9038,17,8,0,8,1,8,0.2036938481302717
9039,18,15,0,1,2,7,0.17727417874855955
9040,32,22,5,1,4,10,0.3668412484627128
9041,89,11,20,13,45,10,0.5393436915695586
9042,1,1,0,0,0,1,0.09272806889693402
9043,94,10,39,0,45,10,0.8854443122022191
9044,31,11,19,0,1,10,0.8509170110251083
9045,57,12,20,10,15,10,0.7480410535617606
9046,52,11,26,5,10,10,0.7540027607304667
9047,20,12,6,0,2,10,0.7609120997500094
9048,106,10,38,0,58,10,0.8810181675920455
9049,331,11,43,0,277,10,0.9029476922339026
9050,14,12,2,0,0,10,0.6587643648372172
9051,57,12,28,0,17,10,0.8083695581800292
9052,37,12,18,0,7,10,0.7646131719008923
9053,59,14,29,0,16,10,0.7902571190093914
9054,23,11,9,0,3,10,0.5927776639405963
9055,10,10,0,0,0,10,0.7053246510378012
9056,61,10,22,0,29,10,0.7517264725277214
9057,54,13,20,0,21,10,0.7888504448460321
9058,201,12,64,4,121,10,0.8873958648020719
9059,360,10,62,0,288,10,0.8488123839211046
9060,43,11,23,0,9,10,0.7138989796077826
9061,93,11,42,0,40,10,0.8284810335436065
9062,443,12,43,0,388,10,0.2910128564084857
9063,2,1,0,0,1,2,0.0399347973148075
9064,7,6,1,0,0,7,0.08186234334825658
9065,2,2,0,0,0,2,0.5000090949551418
9066,7,7,0,0,0,7,0.5379860129331496
9067,7,3,1,3,0,4,0.009663486821228097
9068,8,8,0,0,0,8,0.4994786055181959
9069,2,0,0,2,0,2,0.008185872348391816
9070,2,2,0,0,0,2,0.3511364173866665
9071,15,11,2,2,0,10,0.4614770813335627
9072,5,5,0,0,0,5,0.5509265730115083
9073,5,5,0,0,0,5,0.3708763818549815
9074,37,11,9,5,12,10,0.6708413625871874
9075,29,13,9,0,7,10,0.6923722024273652
9076,6,6,0,0,0,6,0.5851408843648548
9077,15,12,2,0,1,10,0.5647566308442519
9078,29,12,14,1,2,10,0.681577102440035
9079,11,8,1,0,2,10,0.6900216368041927
9080,5,5,0,0,0,5,0.4749384986159184
9081,11,11,0,0,0,10,0.3965917334140642
9082,10,10,0,0,0,10,0.605911237391068
9083,8,8,0,0,0,8,0.554996097470063
9084,25,13,9,0,3,10,0.5959905114104522
9085,3,3,0,0,0,3,0.580886136096905
9086,7,7,0,0,0,7,0.46289116580154355
9087,42,13,15,0,14,10,0.45990131025215786
9088,31,12,10,2,7,10,0.5733610909291028
9089,31,11,16,0,4,10,0.7473492390670262
9090,44,12,14,0,18,10,0.6937097505586647
9091,237,10,32,0,195,10,0.8665287717862288
9092,47,12,19,0,16,10,0.6890227759777922
9093,19,11,7,0,1,10,0.7353414107553119
9094,10,10,0,0,0,10,0.3912314515798646
9095,14,7,0,7,0,7,0.3982258975139524
9096,11,10,0,0,1,10,0.6509289944843174
9097,8,8,0,0,0,8,0.4730613847986566
9098,16,12,3,0,1,10,0.4788427608969712
9099,37,13,15,0,9,10,0.5515360713332935
9100,59,12,30,0,17,10,0.5297980651475167
9101,39,12,14,0,13,10,0.5135094115179101
9102,28,12,14,0,2,10,0.7518870549763623
9103,792,10,76,0,706,10,0.8499966294886317
9104,110,11,35,0,64,10,0.8118767886608631
9105,144,10,18,0,116,10,0.8209831794641764
9106,10,10,0,0,0,10,0.640758382721021
9107,10,10,0,0,0,10,0.6158884052200644
9108,11,10,0,0,1,10,0.5854509902661942
9109,495,10,49,0,436,10,0.8947788412749798
9110,68,13,24,0,31,10,0.6560890206109968
9111,15,12,2,0,1,10,0.6425798589232412
9112,1734,10,60,0,1664,10,0.8517586024484589
9113,51,11,26,0,14,10,0.6994883641851097
9114,228,10,33,2,183,10,0.8313030967179025
9115,154,10,44,0,100,10,0.8127366891935082
9116,79,11,33,0,35,10,0.7493148924260971
9117,415,12,73,3,327,10,0.7314912792211827
9118,143,10,33,6,94,10,0.7246588951982922
9119,78,15,30,1,32,10,0.5503289521354937
9120,184,11,40,0,133,10,0.6991993188615374
9121,275,10,36,0,229,10,0.7098924035227239
9122,775,10,64,0,701,10,0.6521961056460961
9123,230,12,33,0,185,10,0.6781768657372444
9124,34,12,13,0,9,10,0.5619619377103553
9125,21,15,5,0,1,10,0.5870657671706127
9126,105,20,21,22,42,10,0.49759366113931636
9127,32,11,16,0,5,10,0.6934189418143175
9128,1312,15,40,0,1257,10,0.31660244168743934
9129,152,21,30,2,99,10,0.062306592674961775
9130,5,5,0,0,0,5,0.4384733815123557
9131,1,1,0,0,0,1,0.17785973068818883
9132,12,11,0,0,1,10,0.7756642272145347
9133,22,11,10,0,1,10,0.7087287712472732
9134,48,14,21,0,13,10,0.5840281474671214
9135,5,5,0,0,0,5,0.35685655856719867
9136,2,2,0,0,0,2,0.16577663706179419
9137,102,11,23,1,67,10,0.8294061777774691
9138,7,7,0,0,0,7,0.7459752483957289
9139,5,5,0,0,0,5,0.389296548455661
9140,2,0,0,2,0,2,0.002823690692755704
9141,2,1,0,1,0,1,0.031114032810433713
9142,4,3,0,0,1,3,0.576270561875613
9143,7,4,0,0,3,4,0.6658297337618129
9144,26,12,13,0,1,10,0.5859705026921285
9145,2,2,0,0,0,2,0.15782874681552456
9146,7,7,0,0,0,7,0.2904141420486484
9147,6,5,0,1,0,6,0.46383584932570543
9148,10,8,0,2,0,8,0.24628685314860385
9149,6,6,0,0,0,6,0.18122823457866719
9150,11,10,0,1,0,10,0.4207641680675499
9151,3,2,0,1,0,2,0.06772715356866962
9152,61,12,30,0,19,10,0.7574060579690123
9153,103,11,53,0,39,10,0.894783606111201
9154,68,16,32,0,20,10,0.7538359787446353
9155,41,11,20,1,9,10,0.8529519678460175
9156,1294,10,74,0,1210,10,0.8979759012190764
9157,191,11,48,0,132,10,0.7949564126602855
9158,183,11,19,0,153,10,0.8430945189347592
9159,14,12,1,0,1,10,0.684136197679901
9160,15,10,4,0,1,10,0.688080715304711
9161,87,11,43,5,28,10,0.8568493239829693
9162,77,12,42,0,23,10,0.7894228669051235
9163,78,12,39,0,27,10,0.774086421827532
9164,1015,10,53,1,951,10,0.7225905168545588
9165,470,12,39,0,419,10,0.8044270680254019
9166,10,10,0,0,0,10,0.39354800270410273
9167,5,5,0,0,0,5,0.1542898173686849
9168,14,14,0,0,0,10,0.3573329713777536
9169,16,11,3,0,2,10,0.7624564434663261
9170,18,11,1,6,0,10,0.5615929696830225
9171,9,6,2,1,0,9,0.1148117212718973
9172,22,11,9,0,2,10,0.7370550252373007
9173,61,14,23,0,24,10,0.7971583911506033
9174,1504,10,33,0,1461,10,0.6733702592643316
9175,22,13,4,1,4,10,0.7456893536388285
9176,24,13,5,2,4,10,0.7640731274943591
9177,17,11,5,0,1,10,0.6076822012730475
9178,2904,10,53,0,2841,10,0.8656163049239413
9179,8,7,0,1,0,8,0.01686686323904448
9180,3,3,0,0,0,3,0.21482401094890563
9181,2,1,0,1,0,1,0.06924307778368306
9182,2,0,0,2,0,2,0.003686775151536854
9183,2,1,0,1,0,1,0.03646840213798293
9184,1,1,0,0,0,1,0.06919576546404509
9186,4,4,0,0,0,4,0.12527929117029002
9187,2,2,0,0,0,2,0.1563631480449314
9188,3,2,0,1,0,3,0.05175798147911015
9189,1,1,0,0,0,1,0.08498224886215477
9190,10,10,0,0,0,10,0.6583720215874043
9191,4,4,0,0,0,4,0.1968214349302781
9192,11,9,0,1,1,10,0.2840626222665319
9193,1,0,0,1,0,1,7.289326893062307e-09
9194,1,1,0,0,0,1,0.021571457194543488
9195,11,10,0,1,0,10,0.38867490623365464
9196,4,4,0,0,0,4,0.25158972437844135
9197,11,11,0,0,0,10,0.2830388550962525
9198,5,3,0,2,0,5,0.1225751326197423
9199,8,7,0,1,0,8,0.40812704161493407
9200,3,3,0,0,0,3,0.020343089948953532
9201,4,3,0,1,0,4,0.3117394095665771
9202,5,4,0,1,0,4,0.09147122221937265
9203,13,9,1,0,3,10,0.5171350983672851
9204,34,10,8,6,10,10,0.6803448717427447
9205,10,10,0,0,0,10,0.34625711805468773
9206,9,9,0,0,0,9,0.6582516024748141
9207,29,12,3,6,8,10,0.5941547473823525
9208,5,1,0,4,0,3,0.0018295647363070616
9209,14,8,0,5,1,9,0.33529513144961937
9210,15,12,1,1,1,10,0.38524106175940664
9211,29,10,11,0,8,10,0.6074559563870074
9212,4,4,0,0,0,4,0.03107930890066562
9213,17,10,6,0,1,10,0.706336483722815
9214,31,10,7,0,14,10,0.6081563559706584
9215,40,10,10,5,15,10,0.6754518521000588
9216,26,12,3,2,9,10,0.6056176453965516
9217,57,13,11,17,16,10,0.599557647742349
9218,25,13,6,2,4,10,0.49132283521475095
9219,50,12,13,1,24,10,0.7374516165979063
9220,108,11,21,8,68,10,0.730805137989432
9221,76,15,14,1,46,10,0.29753445230730396
9222,6,6,0,0,0,6,0.14594186788123928
9223,10,0,0,8,2,3,0.0008080833276150932
9224,4,4,0,0,0,4,0.18666783745779142
9225,4,0,0,4,0,2,0.0009016375727196039
9226,4,4,0,0,0,0,nan
9227,8,8,0,0,0,8,0.48359086619557845
9228,31,11,7,9,4,10,0.6852342790654036
9230,8,8,0,0,0,8,0.48052369360168945
9231,270,10,46,0,214,10,0.9053368451220711
9232,328,10,105,0,213,10,0.8215839916401843
9233,1566,11,51,0,1504,10,0.6041263235991199
9234,48,14,20,0,14,10,0.7459296708395199
9235,263,16,53,2,192,10,0.4294599156971355
9236,133,10,58,0,65,10,0.8694339731190129
9237,254,10,46,0,198,10,0.878737750368028
9238,358,10,35,0,313,10,0.7900088090737388
9239,331,10,36,6,279,10,0.8039182250053897
9240,1382,10,70,14,1288,10,0.8261374730489669
9241,196,10,68,0,118,10,0.31253073830859734
9242,96,10,54,0,32,10,0.2682057101132021
9243,1056,10,66,0,980,10,0.615293481928409
9244,31,13,12,4,2,10,0.2407508895330269
9245,268,14,53,0,201,10,0.7952625219309262
9246,622,10,59,4,549,10,0.8219702405806744
9247,212,11,59,0,142,10,0.5673725265451511
9248,160,12,63,0,85,10,0.7544377842655072
9249,328,11,47,0,270,10,0.8819296855111274
9250,96,10,41,1,44,10,0.8079279049318681
9251,2932,11,57,3,2861,10,0.8564479862842893
9252,190,10,64,0,116,10,0.5261728551959396
9253,160,15,14,26,105,10,0.4328537183109414
9254,906,10,65,12,819,10,0.7537140958125319
9255,192,10,72,3,107,10,0.8362218979798629
9256,1057,11,72,0,974,10,0.8604810716705484
9257,91,10,40,0,41,10,0.8461442042071143
9258,566,11,67,0,488,10,0.9294489040815224
9259,1820,10,65,0,1745,10,0.9229988513941205
9260,4,4,0,0,0,4,0.3501175563190008
9261,78,10,34,0,34,10,0.3441384829564716
9262,181,12,36,0,133,10,0.8178637157306512
9263,217,11,78,0,128,10,0.8906646857028879
9264,293,12,46,8,227,10,0.8648649138226068
9265,14,11,0,0,3,10,0.5702602195561651
9266,265,11,76,0,178,10,0.8269178141325908
9267,4722,11,76,0,4635,10,0.7575234607017685
9268,143,10,54,0,79,10,0.7633126210501431
9269,52,12,26,0,14,10,0.7427133571824456
9270,31,11,15,0,5,10,0.678519811929228
9271,4,4,0,0,0,4,0.11271114798770217
9272,4,1,0,3,0,4,0.00035182751070156196
9273,146,10,53,0,83,10,0.7294530119052132
9274,3,3,0,0,0,3,0.10802124619181462
9275,4,1,0,3,0,4,0.00044153682633029935
9276,657,10,59,22,566,10,0.8335106311020712
9277,162,17,11,7,127,10,0.029712336806320877
9278,4,4,0,0,0,4,0.5868791848021242
9279,861,10,46,10,795,10,0.873622361798571
9280,59,13,17,9,20,10,0.6195038150754468
9281,28,11,14,1,2,10,0.7472780769488008
9282,88,10,34,0,44,10,0.7445070735551816
9283,7,5,0,2,0,5,0.44222435467035787
9284,6,5,0,1,0,5,0.3870310928767334
9285,14,10,4,0,0,10,0.7970503427567405
9286,15,10,5,0,0,10,0.713995770597571
9287,8,8,0,0,0,8,0.48758221795495715
9288,32,11,13,0,8,10,0.6176992716554179
9289,65,10,29,0,26,10,0.7736358344175699
9290,34,11,18,0,5,10,0.7066320574011218
9291,45,12,22,0,11,10,0.7519543866893987
9292,11,11,0,0,0,10,0.44513342246186144
9293,8,8,0,0,0,8,0.1517222745034053
9294,755,11,61,37,646,10,0.8749607367525031
9295,461,35,27,12,387,10,0.27348158462607774
9296,557,20,51,11,475,10,0.8965410019141712
9297,1465,10,45,1,1409,10,0.930474266180264
9298,30,11,13,2,4,10,0.7355225272875278
9299,38,12,20,2,4,10,0.7212929847141101
9300,172,10,62,0,100,10,0.5744946183809163
9301,74,10,42,0,22,10,0.6475062773732805
9302,674,10,51,0,613,10,0.39602175907991644
9303,24,13,11,0,0,10,0.4986804099338319
9304,1936,10,71,0,1855,10,0.8139852743205924
9305,21,14,3,1,3,10,0.4458277141236808
9306,50,10,24,0,16,10,0.6565333304212095
9307,72,11,37,0,24,10,0.6252747815943643
9308,40,12,19,0,9,10,0.6483800219186016
9309,50,10,29,0,11,10,0.631524024300024
9310,64,12,34,0,18,10,0.6935610075488287
9311,34,16,14,2,2,10,0.3870001556372288
9312,40,11,28,0,1,10,0.7401497953842516
9313,25,11,13,0,1,10,0.6724209748540402
9314,25,11,13,0,1,10,0.8002335634037664
9315,50,9,28,0,13,10,0.8230023199875364
9316,27,11,15,0,1,10,0.6841857658592017
9317,315,10,33,0,272,10,0.8554817305018173
9318,16,13,2,1,0,10,0.40242147359878716
9319,65,11,28,5,21,10,0.7475578782474847
9320,311,14,23,27,247,10,0.7929752981188215
9321,323,12,15,27,269,10,0.7810384707735231
9322,34,16,12,0,6,10,0.3780907345254827
9323,254,10,20,18,206,10,0.8179161943483286
9324,63,14,24,3,22,10,0.5553634844686274
9325,497,10,41,23,423,10,0.8899980754534058
9326,114,10,23,5,76,10,0.6727287024459454
9327,210,10,23,3,174,10,0.685963471653622
9328,119,11,27,0,81,10,0.7435294776087865
9329,102,10,22,3,67,10,0.7688792596091673
9330,21,15,5,0,1,10,0.41519264140782186
9331,223,10,27,10,176,10,0.7949817211662039
9332,88,15,21,7,45,10,0.599354271816451
9333,92,10,35,0,47,10,0.19671426944298684
9334,26,11,12,0,3,10,0.6889168465675896
9335,38,10,20,0,8,10,0.7965665385129728
9336,15,11,4,0,0,10,0.6272140998493858
9337,57,12,22,0,23,10,0.7647945978881778
9338,92,12,23,0,57,10,0.7925771159923082
9339,106,10,29,0,67,10,0.8229401461874819
9340,98,12,25,0,61,10,0.857603378553435
9341,271,10,53,0,208,10,0.8729564518741475
9342,160,10,44,8,98,10,0.8884851766855775
9343,95,10,32,6,47,10,0.5657054519639546
9344,38,19,7,2,10,10,0.36180339637886305
9345,180,11,28,12,129,10,0.7046281244955527
9346,262,10,30,0,222,10,0.8142187884150666
9347,438,10,27,0,401,10,0.7331798020050599
9348,206,10,37,0,159,10,0.6271831723035006
9349,298,11,23,0,264,10,0.7606913200556167
9350,204,10,21,19,154,10,0.7004814719829158
9351,80,14,22,7,37,10,0.7454277973961018
9352,7,7,0,0,0,7,0.2224935526607034
9353,209,10,39,8,152,10,0.651579234656942
9354,53,11,26,0,16,10,0.6286194341959358
9355,508,12,57,3,436,10,0.7703270401543494
9356,343,13,27,1,302,10,0.795948735692654
9357,224,11,45,0,168,10,0.7608490891133123
9358,329,12,31,16,270,10,0.6015949057992368
9359,49,20,15,0,14,10,0.5412017298888361
9360,306,13,20,12,261,10,0.49605143205789165
9361,286,11,22,4,249,10,0.681370663666993
9362,733,11,51,14,657,10,0.7280809974202603
9363,589,12,51,16,510,10,0.4761267161862569
9364,226,10,55,6,155,10,0.6736454996934995
9365,784,10,50,0,724,10,0.7980103011306741
9366,71,15,19,8,29,10,0.6586732183669523
9367,42,11,19,1,11,10,0.5977534791338424
9368,82,29,3,15,35,10,0.11222445242887408
9369,104,11,46,0,47,10,0.7830829486980746
9370,396,13,54,0,329,10,0.44184259425073913
9371,8,8,0,0,0,8,0.5854423894742239
9372,3,3,0,0,0,3,0.1942417397701324
9373,45,11,20,0,14,10,0.6976393494439113
9374,76,16,39,0,21,10,0.7177334052018796
9375,10,10,0,0,0,10,0.5914671722650409
9376,7,7,0,0,0,7,0.15694627645020418
9377,156,10,28,0,118,10,0.8014079329993833
9378,14,12,1,0,1,10,0.7517691444081465
9379,9,9,0,0,0,9,0.4699267779283103
9380,2,2,0,0,0,2,0.05461222776184335
9381,5,5,0,0,0,5,0.1384175029671972
9382,11,8,0,0,3,7,0.7487130881910277
9383,17,10,0,0,7,10,0.7246963612734012
9384,2,2,0,0,0,2,0.40656750046200263
9385,64,11,27,0,26,10,0.7989373459467235
9386,108,10,30,0,68,10,0.8060135418608735
9387,146,10,38,0,98,10,0.854308842101427
9388,43,12,24,0,7,10,0.7324869035195859
9389,102,10,31,0,61,10,0.8476818403306037
9390,57,12,28,0,17,10,0.7492057359496588
9391,1232,10,41,0,1181,10,0.9201880973736982
9392,59,13,22,5,19,10,0.8425624134554879
9393,27,12,8,0,7,10,0.7240248330570673
9394,25,10,14,0,1,10,0.7640578482762023
9395,18,13,1,2,2,10,0.6112121962662107
9396,18,11,3,3,1,10,0.5453657484527112
9397,52,12,23,0,17,10,0.5930767147191847
9398,50,12,27,0,11,10,0.42038300208779356
9399,89,10,29,0,50,10,0.7307197990261732
9400,39,13,18,0,8,10,0.7324660115537149
9401,82,10,34,0,38,10,0.6803274718132168
9402,56,12,25,0,19,10,0.8673411272219832
9403,28,12,9,0,7,10,0.6628638204564601
9404,38,10,13,0,15,10,0.6843083982986171
9405,46,12,19,0,15,10,0.6977988200818828
9406,4,2,0,2,0,4,0.0031157307776278854
9407,15,14,0,0,1,10,0.2647345745196644
9408,317,10,35,0,272,10,0.877381455125108
9409,4,4,0,0,0,4,0.3509113772694553
9410,3,3,0,0,0,3,0.34119289517090406
9411,9,7,1,0,1,9,0.43925703063510885
9412,2,2,0,0,0,2,0.08181797217043145
9413,3,0,0,3,0,0,nan
9414,7,7,0,0,0,7,0.3230731220149087
9415,2,0,0,1,1,2,7.46834166192757e-08
9416,60,13,13,8,26,10,0.7755295916797909
9417,30,11,7,8,4,10,0.5527424809905451
9418,14,10,3,1,0,10,0.4973127488837602
9419,36,12,10,5,9,10,0.5392264400274043
9420,38,11,19,0,8,10,0.757942779333419
9421,222,11,49,11,151,10,0.8728022529484759
9422,29,10,13,2,4,10,0.6250963431170145
9423,17,12,2,0,3,10,0.5274055786380825
9424,67,18,4,22,23,10,0.03153230251463193
9425,4,4,0,0,0,4,0.4216693312819162
9426,5,5,0,0,0,5,0.3201363682792455
9427,5,4,1,0,0,5,0.5165577750318799
9428,3,3,0,0,0,3,0.12556211288559743
9429,3,1,0,2,0,1,0.009042069213367693
9430,3,3,0,0,0,3,0.343300079321588
9431,1,0,0,1,0,1,5.476749711039291e-09
9432,54,11,18,10,15,10,0.7583818503262834
9433,30,14,3,10,3,10,0.6053080695366098
9434,12,10,0,2,0,10,0.45373756430442874
9435,34,11,6,4,13,10,0.559462770006005
9436,43,11,17,0,15,10,0.7110754431454216
9437,252,10,54,7,181,10,0.7588031686299075
9438,35,13,14,1,7,10,0.7329663483070524
9439,19,9,6,0,4,10,0.43035378751351505
9440,85,11,38,0,36,10,0.7785204510177116
9441,35,15,7,5,8,10,0.6838467196085696
9442,19,13,5,1,0,10,0.6594988716377507
9443,46,10,16,0,20,10,0.7528766708220507
9444,76,11,20,0,45,10,0.7833903365316679
9445,184,10,23,0,151,10,0.8578515255076282
9446,70,10,20,0,40,10,0.6204981095250648
9447,8,8,0,0,0,8,0.49555968085686575
9448,4,4,0,0,0,4,0.5932342551254919
9449,54,15,12,4,23,10,0.6032744671718189
9450,48,13,19,4,12,10,0.30041127178995797
9451,102,11,25,17,49,10,0.2731787823605273
9452,62,12,25,0,25,10,0.5761753357098163
9453,17,12,4,0,1,10,0.5696411688755052
9454,8,8,0,0,0,8,0.41270379048176703
9455,49,11,19,0,19,10,0.6647641730011948
9456,430,10,48,0,372,10,0.6459509713646456
9457,85,22,35,11,17,10,0.0596186068565307
9458,302,12,35,10,245,10,0.6832559597416069
9459,136,24,42,10,60,10,0.37853629275147815
9460,22,12,9,0,1,10,0.7634262421487596
9461,40,12,25,0,3,10,0.832306437606922
9462,62,13,32,0,17,10,0.2918787692534134
9463,102,10,41,0,51,10,0.8085056749602224
9464,29,11,16,0,2,10,0.787621959368699
9465,960,10,57,0,893,10,0.8342133880959658
9466,30,12,11,0,7,10,0.6318575433548661
9467,14,13,1,0,0,10,0.5396692208901966
9468,38,12,15,0,11,10,0.725178193543637
9469,3,3,0,0,0,3,0.12755874751968532
9470,3,0,0,3,0,0,nan
9471,11,7,0,4,0,10,0.10231646232222416
9472,24,11,2,9,2,10,0.48365644027642063
9473,9,9,0,0,0,9,0.12735509965767458
9474,5,5,0,0,0,5,0.553383891429635
9475,3,0,0,3,0,0,nan
9476,2,2,0,0,0,2,0.08905878832849069
9477,2,1,0,1,0,2,0.07165062311593853
9478,8,8,0,0,0,8,0.24566572624933825
9479,123,10,32,4,77,10,0.7924686804805332
9480,10,10,0,0,0,10,0.6546515586614552
9481,13,11,2,0,0,10,0.6138888707288086
9482,32,12,12,1,7,10,0.758165403595529
9483,8,8,0,0,0,8,0.4423259599296805
9484,72,10,20,0,42,10,0.8107160069343413
9485,3,2,0,1,0,3,0.03189666036266212
9486,26,11,9,0,6,10,0.763053193345175
9487,16,12,4,0,0,10,0.6068693671626664
9488,20,11,8,0,1,10,0.708352728139939
9489,10,10,0,0,0,10,0.3880198801805322
9490,31,10,19,0,2,10,0.6949925381481754
9491,79,11,40,0,28,10,0.599090230667948
9492,182,10,42,0,130,10,0.8828750337508958
9493,110,10,35,0,65,10,0.7406739626013641
9494,12,11,1,0,0,10,0.3127746946043206
9495,638,10,58,0,570,10,0.8911494614766176
9496,1904,13,32,45,1814,10,0.7176571663725224
9497,918,11,52,15,840,10,0.9042908159850562
9498,25,12,10,0,3,10,0.6827782229959705
9499,36,12,17,0,7,10,0.6195716736607311
9500,25,11,12,0,2,10,0.6280704171624395
9501,16,11,4,0,1,10,0.6404968886289905
9502,23,12,9,0,2,10,0.6513836080100155
9503,25,11,12,0,2,10,0.5507604588305883
9504,85,11,32,0,42,10,0.8778439084806383
9505,8,8,0,0,0,8,0.5501504510543153
9506,8,8,0,0,0,8,0.5967165246664824
9507,10,8,0,2,0,8,0.17152733877234105
9508,13,12,1,0,0,10,0.2346951768283128
9509,14,10,0,4,0,10,0.015771589694908467
9510,17,10,0,7,0,10,0.21614140280418898
9511,6,4,1,0,1,6,0.1964593097800471
9512,2528,11,55,43,2419,10,0.622953114184045
9513,2018,10,49,30,1929,10,0.9123645205612406
9514,188,10,39,11,128,10,0.7585143345003817
9515,10,3,0,5,2,9,0.0003940419626546021
9516,7,7,0,0,0,7,0.12984647030043817
9517,7,7,0,0,0,7,0.09568757249075394
9518,12,11,1,0,0,10,0.6411324545987692
9519,3,3,0,0,0,3,0.018166358541339956
9521,61,13,30,0,18,10,0.8052272174634237
9522,10,10,0,0,0,10,0.4060529112848874
9523,8,8,0,0,0,8,0.19129793294220326
9524,3,3,0,0,0,3,0.3435786130697662
9525,1130,11,65,0,1054,10,0.8795487324668857
9526,170,11,35,9,115,10,0.8306337656894933
9527,72,11,38,1,22,10,0.8140852718531137
9528,19,12,2,2,3,10,0.0490533696113804
9529,1180,10,40,0,1130,10,0.8463410849160415
9530,57,18,10,15,14,10,0.7557178175440272
9531,6,5,0,1,0,6,0.025605044559552412
9532,96,10,33,0,53,10,0.8062889050441703
9533,729,10,46,7,666,10,0.7413228219821788
9534,2979,13,32,0,2934,10,0.8036110049250166
9535,73,13,30,0,30,10,0.6877763573504141
9536,9,7,0,0,2,7,0.7087230446961805
9537,30,11,12,2,5,10,0.8433049921359055
9538,571,10,31,0,530,10,0.8325622321140248
9539,59,16,10,1,32,10,0.7318250593789721
9540,222,10,32,0,180,10,0.8067367554830438
9541,18,8,5,0,5,10,0.6979347742246591
9542,20,11,5,0,4,10,0.5899932368563094
9543,67,12,30,0,25,10,0.7922498595912248
9544,7,5,0,1,1,5,0.6085037885593145
9545,32,12,16,0,4,10,0.646927762237159
9546,571,10,29,0,532,10,0.8521742244125476
9547,62,12,13,1,36,10,0.5571534483973798
9548,222,10,31,0,181,10,0.8326183566639414
9549,17,9,0,0,8,9,0.6876462003895801
9550,18,11,2,0,5,10,0.6378668210922313
9551,2092,11,24,26,2031,10,0.76427289529742
9552,1267,11,24,27,1205,10,0.8362983863385374
9553,263,10,31,4,218,10,0.8761310468419758
9554,404,13,33,3,355,10,0.7830525973426798
9555,419,10,38,10,361,10,0.8718340087659457
9556,56,12,17,3,24,10,0.7566026753100341
9557,29,11,11,2,5,10,0.7588407912685238
9558,22,12,3,1,6,10,0.536864696579441
9559,44,11,16,6,11,10,0.47416928620102927
9560,14,14,0,0,0,10,0.31266096995034864
9561,39,10,19,0,10,10,0.765964601997819
9562,177,12,61,13,91,10,0.46519184875354225
9563,235,10,72,0,153,10,0.7048771138102827
9564,96,10,43,0,43,10,0.8692760709184301
9565,24,11,9,0,4,10,0.6901188230753805
9566,59,13,22,5,19,10,0.338342935778988
9567,222,10,37,4,171,10,0.8285497606301344
9568,224,11,38,0,175,10,0.818793648680687
9569,463,11,56,0,396,10,0.7493167512148424
9570,192,10,45,0,137,10,0.8214885791048974
9571,10,10,0,0,0,10,0.713816626275624
9572,38,10,18,0,10,10,0.5651496058062707
9573,23,12,9,0,2,10,0.6451623960951574
9574,116,10,44,0,62,10,0.8426718645612734
9575,4,4,0,0,0,4,0.42070208963258227
9576,3,3,0,0,0,3,0.5738389973442239
9577,1,1,0,0,0,1,0.08973402796695758
9578,12,11,0,0,1,10,0.49254884270943666
9579,3,3,0,0,0,3,0.24690985495472642
9580,431,10,61,0,360,10,0.7959753771033797
9581,2,2,0,0,0,2,0.02306961449060818
9582,4,4,0,0,0,4,0.1301273922089402
9583,3,3,0,0,0,3,0.2921600412129092
9584,3,2,0,1,0,3,0.31875775863797656
9585,2,2,0,0,0,2,0.1824432662418029
9586,59,12,23,0,24,10,0.6053835854705852
9587,10,10,0,0,0,10,0.3305071468927375
9588,6,6,0,0,0,6,0.44813108820286146
9589,9,9,0,0,0,9,0.7344621456469822
9590,10,10,0,0,0,10,0.445908130910937
9591,4,1,0,2,1,1,0.009762760966899887
9592,17,11,4,1,1,10,0.6083919259397217
9593,7,7,0,0,0,7,0.7297926823809137
9594,42,11,14,4,13,10,0.7169369994015665
9595,22,10,9,0,3,10,0.7468620576347786
9596,7,7,0,0,0,7,0.6153316434918258
9597,17,13,4,0,0,10,0.5699431286404866
9598,26,12,7,1,6,10,0.6503511780376743
9599,9,9,0,0,0,9,0.48922087453824337
9600,15,11,3,0,1,10,0.6734841844648818
9601,8,8,0,0,0,8,0.31353128414347886
9602,29,10,12,0,7,10,0.4451260918614779
9603,5,5,0,0,0,5,0.30050566788039723
9604,15,10,5,0,0,10,0.6026499865692089
9605,15,14,1,0,0,10,0.7007815786634799
9606,20,11,8,0,1,10,0.6986781672289136
9607,11,10,0,1,0,10,0.5645406795176378
9608,14,11,1,2,0,10,0.5999277947716926
9609,630,13,44,0,573,10,0.32372790068301244
9610,1832,11,48,0,1773,10,0.8915538057563421
9611,256,15,98,3,140,10,0.578892525617391
9612,745,10,77,0,658,10,0.8857478032672932
9613,53,12,29,0,12,10,0.6181731662302152
9614,30,12,13,1,4,10,0.645430954331693
9615,28,11,15,0,2,10,0.7314798500314403
9616,36,13,13,4,6,10,0.6339199026064309
9617,27,13,8,1,5,10,0.3826622557852445
9618,145,10,50,0,85,10,0.8540059468735478
9619,10,9,0,0,1,10,0.13090695522830548
9620,163,12,66,0,85,10,0.07885039297907744
9621,309,10,39,0,260,10,0.8398490770369703
9622,15,12,2,0,1,10,0.48673892557259657
9623,75,11,26,5,33,10,0.49496697189844113
9624,300,10,34,25,231,10,0.7537461187747949
9625,285,10,21,26,228,10,0.6793554422234271
9626,35,17,12,0,6,10,0.5849321084346594
9627,239,10,28,13,188,10,0.8163921045296496
9628,52,12,23,1,16,10,0.6488376446424462
9629,470,11,42,23,394,10,0.7445183987999899
9630,111,10,34,5,62,10,0.6850263017826839
9631,202,11,23,5,163,10,0.7639481955535259
9632,134,11,29,1,93,10,0.6852663975274005
9633,113,10,30,5,68,10,0.7480993153693931
9634,20,15,5,0,0,10,0.4231883827693403
9635,210,10,31,7,162,10,0.7425285619237982
9636,172,10,47,0,115,10,0.6758912869331677
9637,263,10,27,17,209,10,0.7466829103616601
9638,38,14,15,0,9,10,0.6797559492114619
9639,79,10,30,0,39,10,0.7028449474673356
9640,32,11,17,0,4,10,0.4904082901137269
9641,206,10,32,8,156,10,0.7196866373696713
9642,75,13,29,2,31,10,0.6595342012337779
9643,70,11,24,11,24,10,0.7685844011197386
9644,59,13,27,2,17,10,0.6632594096888691
9645,279,13,42,0,224,10,0.7553781934635742
9646,30,13,8,0,9,10,0.4476739466770424
9647,35,15,17,0,3,10,0.6345313385287066
9648,27,12,13,0,2,10,0.6737162752915493
9649,34,13,15,0,6,10,0.6498524853967068
9650,870,10,29,5,826,10,0.8080785782693898
9651,144,11,81,0,52,10,0.780950141667361
9652,119,13,50,0,56,10,0.6955167618030007
9653,43,12,25,0,6,10,0.8437066738408737
9654,315,15,75,0,225,10,0.6647757283593843
9655,190,10,49,0,131,10,0.827984548276762
9656,8,8,0,0,0,8,0.4789001051997933
9657,10,6,0,4,0,6,0.5946925892468744
9658,32,12,14,0,6,10,0.7021536924634617
9659,177,12,34,0,131,10,0.6718466215331269
9660,246,11,41,0,194,10,0.7899153757243719
9661,143,10,38,1,94,10,0.8953538430818478
9662,109,11,29,0,69,10,0.7416660623827149
9663,114,11,37,0,66,10,0.8239800537475399
9664,49,12,25,0,12,10,0.6744758914596015
9665,184,11,43,0,130,10,0.7392762535726033
9666,1157,12,69,15,1061,10,0.8747663628346384
9667,73,11,18,8,36,10,0.7219635671532181
9668,39,12,19,1,7,10,0.7077946005257725
9669,112,10,41,0,61,10,0.7581498082042868
9670,5,5,0,0,0,5,0.5132282900379186
9671,6,6,0,0,0,6,0.4025136667903524
9672,20,14,6,0,0,10,0.7282366333058313
9673,18,12,6,0,0,10,0.3180169346637539
9674,6,6,0,0,0,6,0.740296294121014
9675,31,13,12,0,6,10,0.8181104884379431
9676,58,14,28,0,16,10,0.7578577648656972
9677,98,12,21,0,65,10,0.7284125149321357
9678,134,10,39,0,85,10,0.7518984509646438
9679,646,10,71,0,565,10,0.8278355917015602
9680,40,10,22,1,7,10,0.7748271524717184
9681,32,12,16,0,4,10,0.660630513253424
9682,19,11,7,0,1,10,0.4909761228915058
9683,32,11,13,0,8,10,0.6727461790208802
9684,23,11,10,0,2,10,0.6288920748455464
9685,126,11,40,0,75,10,0.8412989966129433
9686,25,10,14,0,1,10,0.5518982913256267
9687,4502,14,72,1,4415,10,0.8764797837866094
9688,770,10,65,0,695,10,0.8914506574015117
9689,38,14,13,4,7,10,0.38430866833079735
9690,37,11,16,0,10,10,0.6284586416659577
9691,68,11,27,0,30,10,0.6961811969799894
9692,81,28,10,8,35,10,0.13005840082646936
9693,16,11,5,0,0,10,0.787357834642362
9694,7,7,0,0,0,7,0.7782076297970152
9695,16,11,5,0,0,10,0.7032993359043106
9696,8125,11,57,6,8051,10,0.8335480000043725
9697,68,10,27,0,31,10,0.7033818538518579
9698,51,11,21,0,19,10,0.707980736679436
9699,41,12,17,0,12,10,0.5328114045507579
9700,21,11,9,0,1,10,0.3866661978708923
9701,25,11,13,0,1,10,0.6089417696611987
9702,28,12,13,0,3,10,0.7573082297319174
9703,31,11,14,0,6,10,0.6178506417409443
9704,43,11,19,0,13,10,0.7233502348604915
9705,23,11,12,0,0,10,0.6029452777962866
9706,26,11,13,0,2,10,0.6156269477160639
9707,1226,10,51,0,1165,10,0.8997394824280375
9708,444,10,48,0,386,10,0.8098473979090405
9709,7,7,0,0,0,7,0.6117796623828028
9710,224,23,55,17,129,10,0.2750129961942252
9711,119,11,34,10,64,10,0.08785371010642362
9712,90,10,36,0,44,10,0.7331890037995448
9713,57,17,19,13,8,10,0.2560202410564128
9714,96,25,1,19,51,10,0.03842148929442969
9715,96,10,26,9,51,10,0.45413858246171956
9716,69,24,12,3,30,10,0.5289292977363242
9717,116,12,12,15,77,10,0.22069691014192927
9718,46,17,18,1,10,10,0.2857927432318571
9719,608,12,34,2,560,10,0.4342616554574363
9720,59,12,14,14,19,10,0.36683984343452086
9721,76,24,3,18,31,10,0.16909150812186424
9722,96,20,19,8,49,10,0.45743715531869245
9723,52,13,18,10,11,10,0.46850717917670665
9724,53,12,19,3,19,10,0.3092737920143937
9725,48,11,22,0,15,10,0.7356637236823251
9726,56,11,22,0,23,10,0.3751558039130778
9727,63,13,18,0,32,10,0.6021183688231844
9728,35,11,17,1,6,10,0.7386642312853582
9729,183,13,40,24,106,10,0.7006140373013501
9730,36,11,18,0,7,10,0.6752266389855093
9731,73,11,29,0,33,10,0.7319324626889439
9732,30,10,12,0,8,10,0.7235073974370838
9733,202,10,27,6,159,10,0.78783443804918
9734,73,11,27,0,35,10,0.7834820551722731
9735,57,12,23,2,20,10,0.7348159056769541
9736,113,10,32,2,69,10,0.80643284857316
9737,35,12,14,0,9,10,0.7353614640666483
9738,270,6,50,0,214,10,0.1132285352916943
9739,25,11,9,1,4,10,0.5751771309357305
9740,59,12,18,3,26,10,0.6734992590562178
9741,84,11,21,14,38,10,0.7410667439068779
9742,13,12,0,1,0,10,0.6512787579938896
9743,16,11,4,0,1,10,0.41103045910675323
9744,18,13,5,0,0,10,0.5987721520822918
9745,22,11,8,0,3,10,0.7610112103206901
9746,29,11,10,0,8,10,0.7526906263378202
9747,1236,11,82,0,1143,10,0.8603467493627259
9748,165,10,61,0,94,10,0.7696430852154079
9749,21,11,7,0,3,10,0.6621200353530093
9750,65,13,27,0,25,10,0.8199334758655812
9751,1453,10,38,0,1405,10,0.7952495355846465
9752,163,10,13,0,140,10,0.7533496391081711
9753,546,12,61,0,473,10,0.8754185451048253
9754,59,11,25,0,23,10,0.6811582803445047
9755,50,12,26,0,12,10,0.578547617594334
9756,17,10,6,0,1,10,0.6367678274618251
9757,88,10,24,0,54,10,0.7315836550923107
9758,135,10,43,7,75,10,0.782939482763362
9759,144,13,33,2,96,10,0.7354557051816262
9760,528,10,63,0,455,10,0.8169335289063389
9761,192,10,38,0,144,10,0.8808982280106546
9762,4,1,1,1,1,4,0.00014845647513146368
9763,9,6,0,3,0,7,0.2519779442973182
9764,4,4,0,0,0,4,0.023426780392903385
9765,8,7,0,1,0,7,0.2360629946920354
9766,8,7,0,1,0,8,0.14279915230276155
9767,9,9,0,0,0,9,0.46244310705527253
9768,7,6,0,1,0,7,0.3761575368113482
9769,2,0,0,2,0,2,0.0044994416398700995
9770,3,2,0,1,0,3,0.02269901839760105
9771,3,0,0,3,0,2,0.0014934266960106904
9772,12,10,2,0,0,10,0.5001981518349781
9773,9,9,0,0,0,9,0.2934143095023447
9774,1,0,0,1,0,0,nan
9775,38,13,15,0,10,10,0.7965293922307546
9776,5,5,0,0,0,5,0.46416175779278174
9777,77,10,21,9,37,10,0.7647588588119754
9778,3,3,0,0,0,3,0.16051096214351313
9779,5,4,0,1,0,5,0.0262686407941745
9780,4,4,0,0,0,4,0.23486381134797918
9781,3,3,0,0,0,3,0.12188092042462269
9782,3,3,0,0,0,3,0.18111301342332883
9783,1,0,0,1,0,1,0.0024486870153477775
9784,21,12,3,2,4,10,0.33293293210258035
9785,10,10,0,0,0,10,0.45058309421004883
9786,5,5,0,0,0,5,0.39521584033335294
9787,338,11,48,0,279,10,0.915023479878255
9788,315,11,50,1,253,10,0.9078008230888872
9789,38,11,11,3,13,10,0.7619803804744766
9790,1,1,0,0,0,1,0.16820238031107845
9792,2,1,0,1,0,2,0.09830367984244849
9793,1,1,0,0,0,1,0.034165035436898174
9794,3,3,0,0,0,3,0.05635157533037261
9795,11,8,0,3,0,8,0.3672210218501007
9796,19,12,3,3,1,10,0.6295468923522319
9797,6,6,0,0,0,6,0.4505594555412094
9798,5,5,0,0,0,5,0.0955946375103878
9799,2,2,0,0,0,2,0.26439088262673044
9800,22,13,7,0,2,10,0.5749970912605816
9801,3,3,0,0,0,3,0.02524711310440054
9802,2,0,0,2,0,0,nan
9803,1,0,0,1,0,1,0.004455398026682357
9805,1,1,0,0,0,1,0.029027951379658846
9806,3,3,0,0,0,3,0.3303749173907092
9807,1,1,0,0,0,1,0.06142729280321986
9808,11,11,0,0,0,10,0.6626311921776227
9809,24,13,3,0,8,10,0.6317730180976993
9810,1,1,0,0,0,1,0.2426355318326764
9811,2,2,0,0,0,2,0.10021624424537762
9812,46,15,8,2,21,10,0.808214940431839
9813,3,3,0,0,0,3,0.562411814005105
9814,4,4,0,0,0,4,0.13791799675451621
9816,2,1,0,1,0,2,0.004423202014909108
9817,2,2,0,0,0,1,0.35931087272243034
9818,4,3,0,0,1,3,0.5394730100725642
9820,786,10,58,0,718,10,0.8862042538278118
9821,58,11,22,0,25,10,0.7152103181590523
9822,275,10,35,2,228,10,0.7969437283183116
9823,359,10,36,0,313,10,0.8140259857371894
9824,364,13,39,3,309,10,0.8161928558868546
9825,310,10,49,2,249,10,0.8946764064540709
9826,14,11,1,1,1,10,0.49171378139428784
9827,146,10,45,12,79,10,0.6097611498068257
9828,3705,10,64,0,3631,10,0.9292046555999245
9829,99,10,40,0,49,10,0.9244731661546275
9830,80,10,27,0,43,10,0.7929098653138231
9831,66,14,27,1,24,10,0.6145804350177457
9832,36,13,19,0,4,10,0.6677891359113537
9833,204,10,36,0,158,10,0.9253735643191847
9834,11,10,1,0,0,10,0.40879443754054867
9835,11,11,0,0,0,10,0.40266063921487927
9836,4,4,0,0,0,4,0.22300090654407623
9837,24,12,10,0,2,10,0.7021468190738663
9838,3,3,0,0,0,3,0.48154656530686074
9839,281,10,32,0,239,10,0.49385394038704833
9840,4,4,0,0,0,4,0.09413117009290123
9841,6,6,0,0,0,6,0.38194353600656944
9842,11,8,2,1,0,10,0.16440951369349766
9843,3,3,0,0,0,3,0.2961207418615816
9844,5,5,0,0,0,5,0.2721601986815482
9845,118,11,34,0,73,10,0.8540969549220372
9846,2,2,0,0,0,2,0.08940997294951883
9847,2,2,0,0,0,2,0.14311627600029309
9848,787,10,77,0,700,10,0.8095873707640198
9849,672,11,60,0,601,10,0.8008750122518395
9850,145,10,43,9,83,10,0.8139146810907228
9851,34,12,18,0,4,10,0.7847784635341117
9852,808,28,101,3,676,10,0.8713583799589013
9853,1284,16,103,1,1164,10,0.8432630361985559
9854,103,10,33,0,60,10,0.8590648616265766
9855,2251,10,53,0,2188,10,0.9346037189108135
9856,341,10,46,2,283,10,0.7944708125074547
9857,14,11,1,2,0,10,0.620683979933565
9858,6,6,0,0,0,6,0.3071199332140394
9859,936,10,70,0,856,10,0.6162008677775681
9860,181,10,41,0,130,10,0.8926750282223517
9861,16,11,5,0,0,10,0.6278184031329859
9862,5,5,0,0,0,5,0.20963062944119557
9863,106,11,44,0,51,10,0.8166974523653338
9864,630,11,68,0,551,10,0.9104798484666035
9865,2219,10,72,0,2137,10,0.9362319564251192
9866,10,9,1,0,0,10,0.6211009531982019
9867,2647,11,64,0,2572,10,0.8080057237428349
9868,1117,10,46,13,1048,10,0.8091908529846468
9869,2462,11,42,0,2409,10,0.8638883659437786
9870,3,3,0,0,0,3,0.22570914890896562
9871,19,13,3,0,3,10,0.41089696326754377
9872,5096,13,29,10,5044,10,0.8248670314193356
9873,3476,11,34,6,3425,10,0.7540263457161951
9874,1842,10,67,8,1757,10,0.8576386899534412
9875,908,13,42,0,853,10,0.5371163329419513
9876,233,10,21,0,202,10,0.8188128219236459
9877,364,13,30,0,321,10,0.6991053873680695
9878,4390,10,43,0,4337,10,0.8015181801650959
9879,15,14,1,0,0,10,0.7685208279402835
9880,586,11,25,1,549,10,0.7315502861118162
9881,69,16,22,0,31,10,0.744204794884531
9882,42,11,19,0,12,10,0.7749603862364721
9883,174,10,42,0,122,10,0.8630066113900143
9884,415,23,39,0,353,10,0.6291664355146005
9885,85,10,40,0,35,10,0.8833681228826786
9886,23,12,7,2,2,10,0.30010688298525356
9887,7,7,0,0,0,7,0.34266049348021044
9888,210,10,36,0,164,10,0.9197135692725684
9889,1287,10,39,8,1230,10,0.8172885857148351
9890,673,14,62,3,594,10,0.8047818379681082
9891,4,4,0,0,0,4,0.6866304458691443
9892,62,11,31,0,20,10,0.8716190079179764
9893,412,10,54,6,342,10,0.8665210472542458
9894,518,10,74,0,434,10,0.897624253246941
9895,758,10,54,0,694,10,0.7957434922161137
9896,385,10,55,0,320,10,0.8338242645880488
9897,332,10,45,0,277,10,0.9244607725253999
9898,89,12,37,4,36,10,0.5483593271229906
9899,73,12,32,4,25,10,0.37248772975697775
9900,3139,12,50,10,3067,10,0.6020236040801592
9901,96,11,55,3,27,10,0.16806113949531976
9902,167,21,54,0,92,10,0.20774497688001106
9903,6,6,0,0,0,6,0.20191384239926202
9904,169,10,31,0,128,10,0.8471369776954808
9905,282,10,35,0,237,10,0.7262529436399745
9906,148,15,38,3,92,10,0.8623302324397604
9907,317,10,25,0,282,10,0.8195189693355065
9908,337,10,41,0,286,10,0.7275049136434137
9909,297,11,50,0,236,10,0.6125972884409233
9910,188,10,42,2,134,10,0.791712078993485
9911,735,10,44,0,681,10,0.8555867198790874
9912,183,11,43,0,129,10,0.9245687479367017
9913,300,10,44,0,246,10,0.8870740050727842
9914,2,2,0,0,0,2,0.14868968412781822
9915,53,11,16,0,26,10,0.7457722714533654
9916,67,12,33,0,22,10,0.7633188584123076
9917,93,10,27,4,52,10,0.732092921219293
9918,7,6,0,1,0,6,0.2052918218819798
9919,78,13,25,0,40,10,0.707865635347732
9920,1377,10,37,0,1330,10,0.7946293529830486
9921,180,10,26,0,144,10,0.7771961406964056
9922,69,13,28,0,28,10,0.7359955803724743
9923,43,13,20,0,10,10,0.47243600135927544
9924,151,10,43,0,98,10,0.8322475166533887
9925,35,12,12,2,9,10,0.6387991767957495
9926,1034,10,69,0,955,10,0.838226982254583
9927,924,10,55,0,859,10,0.889418556023685
9928,333,10,47,0,276,10,0.9329141953275243
9929,100,10,41,0,49,10,0.8454839733193178
9930,79,10,35,0,34,10,0.923131207822987
9931,114,12,43,0,59,10,0.8515162023552123
9932,924,10,54,0,860,10,0.8922825090968247
9933,321,10,47,0,264,10,0.8624469546307569
9934,2574,10,64,0,2500,10,0.8998946456626915
9935,405,11,38,3,353,10,0.8435395365407723
9936,168,10,81,0,77,10,0.8569006837827432
9937,180,10,63,0,107,10,0.844864928862441
9938,118,10,42,0,66,10,0.9067445387979935
9939,536,10,46,0,480,10,0.9033903039892293
9940,2,2,0,0,0,2,0.5442034496202892
9941,2,1,0,1,0,1,0.28495132929155204
9942,3,3,0,0,0,3,0.3694511814585883
9943,3,3,0,0,0,3,0.35916314097563373
9944,3,3,0,0,0,3,0.540585099031972
9945,2,2,0,0,0,2,0.5531790430842813
9946,2,2,0,0,0,2,0.28706219359395724
9947,4,2,0,2,0,2,0.2805105250990939
9948,4,4,0,0,0,4,0.31340208508805395
9949,2,2,0,0,0,2,0.26070701763717524
9950,3,3,0,0,0,3,0.43931743140950624
9951,2,2,0,0,0,2,0.387449413688151
9952,5,5,0,0,0,5,0.30453174463528376
9953,4,4,0,0,0,4,0.2655074782809452
9954,4,4,0,0,0,4,0.5551492869960493
9955,5,4,0,0,1,5,0.3919110109266125
9956,81,11,28,0,42,10,0.8022859336061958
9957,16,11,5,0,0,10,0.7159869511383907
9958,38,11,16,0,11,10,0.7509849833226557
9959,11,11,0,0,0,10,0.6353352554007226
9960,3,3,0,0,0,3,0.654172275372402
9961,18,12,6,0,0,10,0.8363233495739073
9962,3,3,0,0,0,3,0.26324556015396544
9963,2,2,0,0,0,2,0.11862258276689357
9964,129,10,60,0,59,10,0.8973842032220575
9965,22,12,6,2,2,10,0.701529936276563
9966,15,10,4,1,0,10,0.4652203369689415
9967,264,10,90,0,164,10,0.8529577580061629
9968,2,2,0,0,0,2,0.010784156574048607
9969,2,2,0,0,0,2,0.022419342383398214
9970,5,5,0,0,0,5,0.09011062130024543
9971,146,10,46,0,90,10,0.604304365388594
9972,21,17,4,0,0,10,0.5931313309657609
9973,74,10,39,0,25,10,0.8930277279484535
9974,36,11,10,5,10,10,0.7517866666325752
9975,40,11,12,5,12,10,0.71557008263411
9976,25,10,8,2,5,10,0.6599588132485243
9977,49,12,21,1,15,10,0.6632936197653606
9978,19,13,2,3,1,10,0.5501075253835972
9979,10,7,0,3,0,8,0.41231249509666834
9980,22,13,4,4,1,10,0.6570227099753785
9981,4,4,0,0,0,4,0.23631941628596104
9982,20,12,4,4,0,10,0.5309849587753852
9983,19,12,0,4,3,10,0.5541968023452641
9984,19,13,3,1,2,10,0.6627749510539269
9985,39,12,14,3,10,10,0.8040720692862569
9986,22,11,6,2,3,10,0.6053332768567803
9987,6,6,0,0,0,6,0.2597411381939688
9988,5,4,0,1,0,4,0.04701562336684595
9989,10,10,0,0,0,10,0.4496809513030432
9990,31,10,11,0,10,10,0.677886119011061
9991,31,14,6,1,10,10,0.5642570662620241
9992,6,6,0,0,0,6,0.31148211856026364
9993,118,10,42,4,62,10,0.7957785879187276
9994,20,11,7,0,2,10,0.6321501705245485
9995,214,10,27,10,167,10,0.8245709065457493
9996,8,8,0,0,0,8,0.34208915246892657
9997,8,7,0,1,0,7,0.3021440392663346
9998,11,10,1,0,0,10,0.7039482768790937
9999,8,8,0,0,0,8,0.6505503818382208
10000,9,9,0,0,0,9,0.5841933295790214
10001,4,3,0,1,0,4,0.1524758113514147
10002,55,12,22,0,21,10,0.7624167833166076
10003,38,13,14,0,11,10,0.6320863430402632
10004,16,11,5,0,0,10,0.6540262602210735
10005,925,10,77,0,838,10,0.9208352114843603
10006,102,10,25,7,60,10,0.8840901282772637
10007,6,5,1,0,0,6,0.6049494731299028
10008,2,0,0,2,0,2,8.245416173252435e-05
10009,3,3,0,0,0,3,0.2226293765599039
10010,4,4,0,0,0,4,0.2844018261146595
10011,11,9,0,2,0,10,0.3657408914984254
10012,29,11,11,4,3,10,0.6749806232559443
10013,42,12,14,0,16,10,0.7341747318059872
10014,2,0,0,1,1,2,1.084615149717207e-06
10015,41,16,19,0,6,10,0.7146982459149087
10016,161,10,67,0,84,10,0.7727185838865899
10017,71,12,36,0,23,10,0.6592533499670787
10018,46,12,28,0,6,10,0.6773236615243833
10019,217,10,30,1,176,10,0.8652521082796849
10020,13,11,2,0,0,10,0.5064931690640591
10021,8,8,0,0,0,8,0.49242533231120506
10022,3,3,0,0,0,3,0.21011946077758828
10023,27,13,13,0,1,10,0.5346385135479466
10024,3,3,0,0,0,3,0.3013990005319939
10025,782,10,87,0,685,10,0.8436137844097098
10026,2,2,0,0,0,2,0.2741816924011624
10027,11,11,0,0,0,10,0.23176311928232388
10028,10,10,0,0,0,10,0.02278694760615994
10029,7,4,0,3,0,4,0.28443059774259216
10030,7,7,0,0,0,7,0.42201496096068375
10031,122,10,36,0,76,10,0.8666889598192085
10032,2266,30,42,1,2193,10,0.34129225314249906
10033,599,10,63,1,525,10,0.7661948625550173
10034,3509,10,48,0,3451,10,0.9051672651935758
10035,252,10,88,0,154,10,0.860269962926963
10036,234,10,62,0,162,10,0.8298715395609795
10037,339,11,86,0,242,10,0.887233752000327
10038,762,10,59,0,693,10,0.8865014200741357
10039,158,10,39,0,109,10,0.8789623868940148
10040,207,10,34,0,163,10,0.8114655086454802
10041,5,5,0,0,0,5,0.5184467195207778
10042,12,10,2,0,0,10,0.7653815253358385
10043,11,11,0,0,0,10,0.6571279883147148
10044,7,7,0,0,0,7,0.5019124141912397
10045,7,6,0,1,0,6,0.631589765715302
10046,15,12,3,0,0,10,0.6521755990762832
10047,411,10,55,0,346,10,0.922054681710854
10048,192,15,17,17,143,10,0.1986269935195843
10049,114,10,41,0,63,10,0.8215551220530682
10050,10,8,0,0,2,9,0.466182206668706
10051,1004,10,35,0,959,10,0.8887001866451982
10052,95,11,23,1,60,10,0.7945934859021465
10053,31,11,8,0,12,10,0.7325552842423964
10054,34,14,12,0,8,10,0.7010888945832383
10055,1410,10,49,0,1351,10,0.9044159055511676
10056,4,4,0,0,0,4,0.228254185946176
10057,48,11,13,0,24,10,0.7641612985863073
10058,77,11,25,0,41,10,0.7666342195837239
10059,538,10,62,0,466,10,0.8149856274380128
10060,37,14,20,0,3,10,0.8272352449971628
10061,30,13,16,0,1,10,0.7652274616773724
10062,55,16,25,0,14,10,0.8524952321974009
10063,5,0,0,0,5,1,8.379747135080669e-14
10064,152,11,43,9,89,10,0.8704444293261037
10065,327,10,29,3,285,10,0.773783222101855
10066,337,10,39,0,288,10,0.8023496951351641
10067,303,11,41,0,251,10,0.6438710016949716
10068,186,10,33,14,129,10,0.5891922103140879
10069,684,13,42,3,626,10,0.7103629876193629
10070,14,11,3,0,0,10,0.7382181066352338
10071,32,13,13,0,6,10,0.5926922261765324
10072,7,7,0,0,0,7,0.25626799648299475
10073,6,6,0,0,0,6,0.4736332576866292
10074,2,2,0,0,0,2,0.11105402691774095
10075,42,11,10,2,19,10,0.7746943788133416
10076,5,5,0,0,0,5,0.17857138017381316
10077,2,2,0,0,0,2,0.22378426780242183
10078,4,4,0,0,0,4,0.08276486040774665
10079,4,0,0,4,0,3,0.000207586060108243
10080,6,5,0,1,0,6,0.39445259976589997
10081,21,18,0,2,1,10,0.5405992017883052
10082,5,3,0,2,0,4,0.020328203819423
10083,5,5,0,0,0,5,0.3507312084357637
10084,3,1,0,2,0,3,0.0001734588520552232
10085,2,1,0,1,0,2,0.019379265410674914
10086,1,0,0,1,0,0,nan
10087,7,7,0,0,0,7,0.14603201302490737
10088,104,11,24,3,66,10,0.7424346434184037
10089,10,10,0,0,0,10,0.5111383350797793
10090,12,12,0,0,0,10,0.5953091408599758
10091,30,10,9,0,11,10,0.5208091498828973
10092,5,5,0,0,0,5,0.562890133509568
10093,64,11,14,0,39,10,0.8434006308595314
10094,2,2,0,0,0,2,0.08675002741274128
10095,1428,10,102,0,1316,10,0.9365925174080948
10096,105,10,48,0,47,10,0.08894077827278074
10097,10,10,0,0,0,10,0.3310387667695519
10098,12,12,0,0,0,10,0.4125398978744703
10099,15,15,0,0,0,10,0.37131259568609043
10100,25,10,11,2,2,10,0.7107673948356656
10101,20,11,7,0,2,10,0.5617998398951862
10102,16,13,3,0,0,10,0.26789169886825637
10103,3073,10,47,0,3016,10,0.8519716147290759
10104,1080,10,66,0,1004,10,0.842506538764694
